4.00600	217.00000
4.01100	202.00000
4.01600	199.00000
4.02100	226.00000
4.02600	182.00000
4.03100	202.00000
4.03600	201.00000
4.04100	190.00000
4.04600	221.00000
4.05100	224.00000
4.05600	199.00000
4.06100	225.00000
4.06600	224.00000
4.07100	228.00000
4.07600	190.00000
4.08100	242.00000
4.08600	213.00000
4.09100	230.00000
4.09600	215.00000
4.10100	232.00000
4.10600	198.00000
4.11100	208.00000
4.11600	226.00000
4.12100	210.00000
4.12600	224.00000
4.13100	221.00000
4.13600	218.00000
4.14100	240.00000
4.14600	242.00000
4.15100	186.00000
4.15600	223.00000
4.16100	249.00000
4.16600	228.00000
4.17100	234.00000
4.17600	184.00000
4.18100	198.00000
4.18600	208.00000
4.19100	203.00000
4.19600	214.00000
4.20100	212.00000
4.20600	205.00000
4.21100	217.00000
4.21600	214.00000
4.22100	185.00000
4.22600	218.00000
4.23100	201.00000
4.23600	220.00000
4.24100	218.00000
4.24600	226.00000
4.25100	214.00000
4.25600	179.00000
4.26100	223.00000
4.26600	200.00000
4.27100	213.00000
4.27600	230.00000
4.28100	236.00000
4.28600	230.00000
4.29100	248.00000
4.29600	233.00000
4.30100	179.00000
4.30600	181.00000
4.31100	225.00000
4.31600	237.00000
4.32100	211.00000
4.32600	230.00000
4.33100	185.00000
4.33600	228.00000
4.34100	210.00000
4.34600	220.00000
4.35100	243.00000
4.35600	226.00000
4.36100	218.00000
4.36600	240.00000
4.37100	214.00000
4.37600	221.00000
4.38100	237.00000
4.38600	217.00000
4.39100	202.00000
4.39600	174.00000
4.40100	182.00000
4.40600	209.00000
4.41100	224.00000
4.41600	211.00000
4.42100	195.00000
4.42600	230.00000
4.43100	216.00000
4.43600	240.00000
4.44100	212.00000
4.44600	224.00000
4.45100	230.00000
4.45600	194.00000
4.46100	217.00000
4.46600	185.00000
4.47100	218.00000
4.47600	221.00000
4.48100	229.00000
4.48600	217.00000
4.49100	219.00000
4.49600	230.00000
4.50100	213.00000
4.50600	212.00000
4.51100	210.00000
4.51600	231.00000
4.52100	239.00000
4.52600	184.00000
4.53100	224.00000
4.53600	241.00000
4.54100	200.00000
4.54600	208.00000
4.55100	252.00000
4.55600	208.00000
4.56100	217.00000
4.56600	237.00000
4.57100	223.00000
4.57600	222.00000
4.58100	220.00000
4.58600	205.00000
4.59100	244.00000
4.59600	211.00000
4.60100	194.00000
4.60600	221.00000
4.61100	237.00000
4.61600	216.00000
4.62100	244.00000
4.62600	212.00000
4.63100	211.00000
4.63600	210.00000
4.64100	241.00000
4.64600	213.00000
4.65100	215.00000
4.65600	185.00000
4.66100	233.00000
4.66600	219.00000
4.67100	229.00000
4.67600	210.00000
4.68100	225.00000
4.68600	228.00000
4.69100	219.00000
4.69600	247.00000
4.70100	248.00000
4.70600	215.00000
4.71100	244.00000
4.71600	244.00000
4.72100	235.00000
4.72600	214.00000
4.73100	205.00000
4.73600	212.00000
4.74100	214.00000
4.74600	202.00000
4.75100	225.00000
4.75600	244.00000
4.76100	229.00000
4.76600	234.00000
4.77100	259.00000
4.77600	232.00000
4.78100	220.00000
4.78600	238.00000
4.79100	227.00000
4.79600	224.00000
4.80100	198.00000
4.80600	238.00000
4.81100	226.00000
4.81600	184.00000
4.82100	203.00000
4.82600	231.00000
4.83100	221.00000
4.83600	236.00000
4.84100	205.00000
4.84600	224.00000
4.85100	213.00000
4.85600	222.00000
4.86100	247.00000
4.86600	244.00000
4.87100	237.00000
4.87600	245.00000
4.88100	223.00000
4.88600	220.00000
4.89100	259.00000
4.89600	214.00000
4.90100	205.00000
4.90600	213.00000
4.91100	234.00000
4.91600	224.00000
4.92100	227.00000
4.92600	204.00000
4.93100	215.00000
4.93600	263.00000
4.94100	233.00000
4.94600	208.00000
4.95100	210.00000
4.95600	208.00000
4.96100	218.00000
4.96600	267.00000
4.97100	216.00000
4.97600	226.00000
4.98100	202.00000
4.98600	226.00000
4.99100	224.00000
4.99600	223.00000
5.00100	233.00000
5.00600	236.00000
5.01100	228.00000
5.01600	213.00000
5.02100	216.00000
5.02600	226.00000
5.03100	209.00000
5.03600	236.00000
5.04100	229.00000
5.04600	210.00000
5.05100	187.00000
5.05600	242.00000
5.06100	246.00000
5.06600	207.00000
5.07100	234.00000
5.07600	247.00000
5.08100	200.00000
5.08600	233.00000
5.09100	263.00000
5.09600	234.00000
5.10100	256.00000
5.10600	223.00000
5.11100	224.00000
5.11600	218.00000
5.12100	240.00000
5.12600	230.00000
5.13100	192.00000
5.13600	213.00000
5.14100	214.00000
5.14600	263.00000
5.15100	216.00000
5.15600	233.00000
5.16100	198.00000
5.16600	215.00000
5.17100	229.00000
5.17600	258.00000
5.18100	219.00000
5.18600	225.00000
5.19100	235.00000
5.19600	235.00000
5.20100	230.00000
5.20600	215.00000
5.21100	242.00000
5.21600	224.00000
5.22100	205.00000
5.22600	242.00000
5.23100	194.00000
5.23600	211.00000
5.24100	245.00000
5.24600	229.00000
5.25100	231.00000
5.25600	210.00000
5.26100	215.00000
5.26600	225.00000
5.27100	252.00000
5.27600	207.00000
5.28100	224.00000
5.28600	238.00000
5.29100	243.00000
5.29600	235.00000
5.30100	251.00000
5.30600	250.00000
5.31100	223.00000
5.31600	266.00000
5.32100	226.00000
5.32600	245.00000
5.33100	239.00000
5.33600	240.00000
5.34100	264.00000
5.34600	193.00000
5.35100	210.00000
5.35600	229.00000
5.36100	222.00000
5.36600	239.00000
5.37100	235.00000
5.37600	270.00000
5.38100	242.00000
5.38600	232.00000
5.39100	251.00000
5.39600	205.00000
5.40100	210.00000
5.40600	259.00000
5.41100	241.00000
5.41600	247.00000
5.42100	231.00000
5.42600	232.00000
5.43100	262.00000
5.43600	259.00000
5.44100	208.00000
5.44600	272.00000
5.45100	209.00000
5.45600	252.00000
5.46100	214.00000
5.46600	259.00000
5.47100	271.00000
5.47600	244.00000
5.48100	217.00000
5.48600	257.00000
5.49100	242.00000
5.49600	257.00000
5.50100	236.00000
5.50600	227.00000
5.51100	216.00000
5.51600	237.00000
5.52100	221.00000
5.52600	223.00000
5.53100	248.00000
5.53600	208.00000
5.54100	241.00000
5.54600	220.00000
5.55100	242.00000
5.55600	236.00000
5.56100	246.00000
5.56600	231.00000
5.57100	237.00000
5.57600	247.00000
5.58100	246.00000
5.58600	264.00000
5.59100	238.00000
5.59600	251.00000
5.60100	235.00000
5.60600	256.00000
5.61100	262.00000
5.61600	215.00000
5.62100	233.00000
5.62600	263.00000
5.63100	264.00000
5.63600	267.00000
5.64100	212.00000
5.64600	276.00000
5.65100	260.00000
5.65600	250.00000
5.66100	223.00000
5.66600	258.00000
5.67100	217.00000
5.67600	208.00000
5.68100	213.00000
5.68600	250.00000
5.69100	233.00000
5.69600	255.00000
5.70100	243.00000
5.70600	247.00000
5.71100	214.00000
5.71600	249.00000
5.72100	245.00000
5.72600	232.00000
5.73100	225.00000
5.73600	242.00000
5.74100	221.00000
5.74600	270.00000
5.75100	254.00000
5.75600	231.00000
5.76100	248.00000
5.76600	250.00000
5.77100	258.00000
5.77600	269.00000
5.78100	242.00000
5.78600	205.00000
5.79100	238.00000
5.79600	235.00000
5.80100	267.00000
5.80600	253.00000
5.81100	279.00000
5.81600	270.00000
5.82100	252.00000
5.82600	254.00000
5.83100	201.00000
5.83600	214.00000
5.84100	253.00000
5.84600	237.00000
5.85100	276.00000
5.85600	246.00000
5.86100	231.00000
5.86600	278.00000
5.87100	231.00000
5.87600	272.00000
5.88100	258.00000
5.88600	253.00000
5.89100	260.00000
5.89600	252.00000
5.90100	272.00000
5.90600	221.00000
5.91100	221.00000
5.91600	228.00000
5.92100	240.00000
5.92600	265.00000
5.93100	233.00000
5.93600	253.00000
5.94100	243.00000
5.94600	251.00000
5.95100	261.00000
5.95600	248.00000
5.96100	279.00000
5.96600	229.00000
5.97100	212.00000
5.97600	232.00000
5.98100	241.00000
5.98600	241.00000
5.99100	246.00000
5.99600	256.00000
6.00100	249.00000
6.00600	240.00000
6.01100	228.00000
6.01600	259.00000
6.02100	258.00000
6.02600	209.00000
6.03100	217.00000
6.03600	258.00000
6.04100	232.00000
6.04600	261.00000
6.05100	253.00000
6.05600	247.00000
6.06100	278.00000
6.06600	243.00000
6.07100	261.00000
6.07600	266.00000
6.08100	238.00000
6.08600	255.00000
6.09100	269.00000
6.09600	234.00000
6.10100	240.00000
6.10600	249.00000
6.11100	231.00000
6.11600	254.00000
6.12100	265.00000
6.12600	255.00000
6.13100	225.00000
6.13600	223.00000
6.14100	253.00000
6.14600	265.00000
6.15100	253.00000
6.15600	268.00000
6.16100	263.00000
6.16600	255.00000
6.17100	258.00000
6.17600	267.00000
6.18100	264.00000
6.18600	265.00000
6.19100	265.00000
6.19600	246.00000
6.20100	272.00000
6.20600	289.00000
6.21100	243.00000
6.21600	270.00000
6.22100	272.00000
6.22600	265.00000
6.23100	239.00000
6.23600	242.00000
6.24100	277.00000
6.24600	237.00000
6.25100	263.00000
6.25600	262.00000
6.26100	251.00000
6.26600	258.00000
6.27100	230.00000
6.27600	229.00000
6.28100	249.00000
6.28600	279.00000
6.29100	256.00000
6.29600	235.00000
6.30100	277.00000
6.30600	257.00000
6.31100	279.00000
6.31600	274.00000
6.32100	257.00000
6.32600	264.00000
6.33100	260.00000
6.33600	289.00000
6.34100	260.00000
6.34600	284.00000
6.35100	248.00000
6.35600	297.00000
6.36100	217.00000
6.36600	273.00000
6.37100	253.00000
6.37600	260.00000
6.38100	301.00000
6.38600	301.00000
6.39100	245.00000
6.39600	227.00000
6.40100	295.00000
6.40600	235.00000
6.41100	295.00000
6.41600	257.00000
6.42100	295.00000
6.42600	293.00000
6.43100	225.00000
6.43600	239.00000
6.44100	278.00000
6.44600	232.00000
6.45100	269.00000
6.45600	231.00000
6.46100	275.00000
6.46600	248.00000
6.47100	284.00000
6.47600	220.00000
6.48100	258.00000
6.48600	292.00000
6.49100	275.00000
6.49600	261.00000
6.50100	242.00000
6.50600	268.00000
6.51100	232.00000
6.51600	290.00000
6.52100	250.00000
6.52600	300.00000
6.53100	285.00000
6.53600	289.00000
6.54100	274.00000
6.54600	273.00000
6.55100	255.00000
6.55600	251.00000
6.56100	312.00000
6.56600	256.00000
6.57100	242.00000
6.57600	291.00000
6.58100	257.00000
6.58600	289.00000
6.59100	290.00000
6.59600	314.00000
6.60100	289.00000
6.60600	287.00000
6.61100	250.00000
6.61600	263.00000
6.62100	260.00000
6.62600	246.00000
6.63100	255.00000
6.63600	305.00000
6.64100	297.00000
6.64600	308.00000
6.65100	250.00000
6.65600	282.00000
6.66100	273.00000
6.66600	275.00000
6.67100	284.00000
6.67600	275.00000
6.68100	253.00000
6.68600	236.00000
6.69100	303.00000
6.69600	292.00000
6.70100	307.00000
6.70600	293.00000
6.71100	288.00000
6.71600	307.00000
6.72100	242.00000
6.72600	279.00000
6.73100	268.00000
6.73600	247.00000
6.74100	289.00000
6.74600	286.00000
6.75100	261.00000
6.75600	259.00000
6.76100	267.00000
6.76600	258.00000
6.77100	279.00000
6.77600	271.00000
6.78100	274.00000
6.78600	278.00000
6.79100	306.00000
6.79600	293.00000
6.80100	294.00000
6.80600	245.00000
6.81100	255.00000
6.81600	260.00000
6.82100	279.00000
6.82600	316.00000
6.83100	283.00000
6.83600	326.00000
6.84100	296.00000
6.84600	304.00000
6.85100	296.00000
6.85600	295.00000
6.86100	325.00000
6.86600	280.00000
6.87100	310.00000
6.87600	308.00000
6.88100	284.00000
6.88600	282.00000
6.89100	295.00000
6.89600	291.00000
6.90100	278.00000
6.90600	303.00000
6.91100	284.00000
6.91600	284.00000
6.92100	313.00000
6.92600	312.00000
6.93100	269.00000
6.93600	309.00000
6.94100	309.00000
6.94600	309.00000
6.95100	315.00000
6.95600	299.00000
6.96100	351.00000
6.96600	302.00000
6.97100	315.00000
6.97600	331.00000
6.98100	352.00000
6.98600	321.00000
6.99100	314.00000
6.99600	308.00000
7.00100	314.00000
7.00600	354.00000
7.01100	369.00000
7.01600	361.00000
7.02100	364.00000
7.02600	351.00000
7.03100	371.00000
7.03600	391.00000
7.04100	443.00000
7.04600	430.00000
7.05100	412.00000
7.05600	433.00000
7.06100	381.00000
7.06600	414.00000
7.07100	450.00000
7.07600	417.00000
7.08100	375.00000
7.08600	445.00000
7.09100	421.00000
7.09600	420.00000
7.10100	451.00000
7.10600	383.00000
7.11100	419.00000
7.11600	363.00000
7.12100	350.00000
7.12600	361.00000
7.13100	354.00000
7.13600	324.00000
7.14100	350.00000
7.14600	381.00000
7.15100	381.00000
7.15600	364.00000
7.16100	395.00000
7.16600	347.00000
7.17100	316.00000
7.17600	352.00000
7.18100	343.00000
7.18600	370.00000
7.19100	356.00000
7.19600	305.00000
7.20100	308.00000
7.20600	358.00000
7.21100	416.00000
7.21600	334.00000
7.22100	358.00000
7.22600	359.00000
7.23100	376.00000
7.23600	396.00000
7.24100	395.00000
7.24600	405.00000
7.25100	439.00000
7.25600	479.00000
7.26100	408.00000
7.26600	414.00000
7.27100	425.00000
7.27600	455.00000
7.28100	443.00000
7.28600	504.00000
7.29100	476.00000
7.29600	584.00000
7.30100	516.00000
7.30600	551.00000
7.31100	584.00000
7.31600	581.00000
7.32100	671.00000
7.32600	753.00000
7.33100	784.00000
7.33600	849.00000
7.34100	764.00000
7.34600	893.00000
7.35100	989.00000
7.35600	1019.00000
7.36100	1014.00000
7.36600	1236.00000
7.37100	1253.00000
7.37600	1280.00000
7.38100	1261.00000
7.38600	1325.00000
7.39100	1434.00000
7.39600	1561.00000
7.40100	1573.00000
7.40600	1459.00000
7.41100	1570.00000
7.41600	1500.00000
7.42100	1438.00000
7.42600	1396.00000
7.43100	1356.00000
7.43600	1269.00000
7.44100	1175.00000
7.44600	1164.00000
7.45100	1031.00000
7.45600	994.00000
7.46100	920.00000
7.46600	833.00000
7.47100	856.00000
7.47600	760.00000
7.48100	687.00000
7.48600	646.00000
7.49100	671.00000
7.49600	677.00000
7.50100	676.00000
7.50600	656.00000
7.51100	577.00000
7.51600	570.00000
7.52100	618.00000
7.52600	507.00000
7.53100	578.00000
7.53600	579.00000
7.54100	549.00000
7.54600	473.00000
7.55100	534.00000
7.55600	587.00000
7.56100	563.00000
7.56600	540.00000
7.57100	498.00000
7.57600	567.00000
7.58100	506.00000
7.58600	542.00000
7.59100	570.00000
7.59600	568.00000
7.60100	543.00000
7.60600	573.00000
7.61100	549.00000
7.61600	553.00000
7.62100	605.00000
7.62600	544.00000
7.63100	564.00000
7.63600	634.00000
7.64100	641.00000
7.64600	601.00000
7.65100	613.00000
7.65600	683.00000
7.66100	596.00000
7.66600	652.00000
7.67100	696.00000
7.67600	695.00000
7.68100	791.00000
7.68600	766.00000
7.69100	680.00000
7.69600	781.00000
7.70100	774.00000
7.70600	830.00000
7.71100	782.00000
7.71600	810.00000
7.72100	928.00000
7.72600	833.00000
7.73100	882.00000
7.73600	990.00000
7.74100	883.00000
7.74600	967.00000
7.75100	831.00000
7.75600	982.00000
7.76100	959.00000
7.76600	896.00000
7.77100	906.00000
7.77600	886.00000
7.78100	790.00000
7.78600	845.00000
7.79100	745.00000
7.79600	816.00000
7.80100	692.00000
7.80600	685.00000
7.81100	740.00000
7.81600	734.00000
7.82100	685.00000
7.82600	729.00000
7.83100	645.00000
7.83600	644.00000
7.84100	659.00000
7.84600	584.00000
7.85100	641.00000
7.85600	493.00000
7.86100	585.00000
7.86600	551.00000
7.87100	506.00000
7.87600	563.00000
7.88100	566.00000
7.88600	538.00000
7.89100	522.00000
7.89600	449.00000
7.90100	448.00000
7.90600	462.00000
7.91100	502.00000
7.91600	456.00000
7.92100	446.00000
7.92600	449.00000
7.93100	501.00000
7.93600	414.00000
7.94100	428.00000
7.94600	441.00000
7.95100	453.00000
7.95600	444.00000
7.96100	439.00000
7.96600	456.00000
7.97100	411.00000
7.97600	456.00000
7.98100	440.00000
7.98600	400.00000
7.99100	451.00000
7.99600	382.00000
8.00100	427.00000
8.00600	428.00000
8.01100	438.00000
8.01600	384.00000
8.02100	433.00000
8.02600	384.00000
8.03100	401.00000
8.03600	388.00000
8.04100	423.00000
8.04600	417.00000
8.05100	398.00000
8.05600	421.00000
8.06100	440.00000
8.06600	378.00000
8.07100	471.00000
8.07600	429.00000
8.08100	408.00000
8.08600	401.00000
8.09100	399.00000
8.09600	389.00000
8.10100	401.00000
8.10600	468.00000
8.11100	413.00000
8.11600	376.00000
8.12100	409.00000
8.12600	392.00000
8.13100	410.00000
8.13600	424.00000
8.14100	390.00000
8.14600	436.00000
8.15100	399.00000
8.15600	420.00000
8.16100	404.00000
8.16600	405.00000
8.17100	393.00000
8.17600	403.00000
8.18100	467.00000
8.18600	466.00000
8.19100	403.00000
8.19600	416.00000
8.20100	416.00000
8.20600	385.00000
8.21100	416.00000
8.21600	484.00000
8.22100	349.00000
8.22600	416.00000
8.23100	386.00000
8.23600	401.00000
8.24100	412.00000
8.24600	437.00000
8.25100	368.00000
8.25600	395.00000
8.26100	459.00000
8.26600	390.00000
8.27100	427.00000
8.27600	407.00000
8.28100	418.00000
8.28600	418.00000
8.29100	425.00000
8.29600	425.00000
8.30100	442.00000
8.30600	385.00000
8.31100	397.00000
8.31600	432.00000
8.32100	430.00000
8.32600	450.00000
8.33100	484.00000
8.33600	446.00000
8.34100	426.00000
8.34600	431.00000
8.35100	403.00000
8.35600	485.00000
8.36100	380.00000
8.36600	462.00000
8.37100	440.00000
8.37600	394.00000
8.38100	402.00000
8.38600	425.00000
8.39100	413.00000
8.39600	424.00000
8.40100	416.00000
8.40600	448.00000
8.41100	486.00000
8.41600	474.00000
8.42100	458.00000
8.42600	425.00000
8.43100	472.00000
8.43600	388.00000
8.44100	453.00000
8.44600	437.00000
8.45100	479.00000
8.45600	446.00000
8.46100	437.00000
8.46600	415.00000
8.47100	477.00000
8.47600	438.00000
8.48100	431.00000
8.48600	505.00000
8.49100	472.00000
8.49600	437.00000
8.50100	493.00000
8.50600	458.00000
8.51100	434.00000
8.51600	463.00000
8.52100	418.00000
8.52600	459.00000
8.53100	456.00000
8.53600	498.00000
8.54100	463.00000
8.54600	472.00000
8.55100	508.00000
8.55600	539.00000
8.56100	509.00000
8.56600	492.00000
8.57100	544.00000
8.57600	502.00000
8.58100	515.00000
8.58600	487.00000
8.59100	524.00000
8.59600	535.00000
8.60100	600.00000
8.60600	533.00000
8.61100	619.00000
8.61600	546.00000
8.62100	495.00000
8.62600	497.00000
8.63100	563.00000
8.63600	613.00000
8.64100	599.00000
8.64600	631.00000
8.65100	540.00000
8.65600	606.00000
8.66100	555.00000
8.66600	608.00000
8.67100	668.00000
8.67600	672.00000
8.68100	554.00000
8.68600	678.00000
8.69100	719.00000
8.69600	607.00000
8.70100	684.00000
8.70600	694.00000
8.71100	761.00000
8.71600	746.00000
8.72100	765.00000
8.72600	757.00000
8.73100	731.00000
8.73600	739.00000
8.74100	740.00000
8.74600	747.00000
8.75100	730.00000
8.75600	771.00000
8.76100	812.00000
8.76600	837.00000
8.77100	699.00000
8.77600	680.00000
8.78100	647.00000
8.78600	738.00000
8.79100	797.00000
8.79600	683.00000
8.80100	627.00000
8.80600	608.00000
8.81100	635.00000
8.81600	633.00000
8.82100	641.00000
8.82600	644.00000
8.83100	581.00000
8.83600	616.00000
8.84100	630.00000
8.84600	656.00000
8.85100	553.00000
8.85600	522.00000
8.86100	596.00000
8.86600	576.00000
8.87100	547.00000
8.87600	559.00000
8.88100	547.00000
8.88600	564.00000
8.89100	519.00000
8.89600	545.00000
8.90100	561.00000
8.90600	477.00000
8.91100	571.00000
8.91600	537.00000
8.92100	560.00000
8.92600	565.00000
8.93100	551.00000
8.93600	468.00000
8.94100	575.00000
8.94600	555.00000
8.95100	516.00000
8.95600	535.00000
8.96100	487.00000
8.96600	473.00000
8.97100	520.00000
8.97600	482.00000
8.98100	533.00000
8.98600	507.00000
8.99100	499.00000
8.99600	492.00000
9.00100	500.00000
9.00600	548.00000
9.01100	517.00000
9.01600	471.00000
9.02100	495.00000
9.02600	523.00000
9.03100	558.00000
9.03600	524.00000
9.04100	465.00000
9.04600	517.00000
9.05100	510.00000
9.05600	479.00000
9.06100	521.00000
9.06600	501.00000
9.07100	546.00000
9.07600	567.00000
9.08100	553.00000
9.08600	530.00000
9.09100	506.00000
9.09600	473.00000
9.10100	498.00000
9.10600	479.00000
9.11100	554.00000
9.11600	541.00000
9.12100	494.00000
9.12600	493.00000
9.13100	513.00000
9.13600	547.00000
9.14100	457.00000
9.14600	479.00000
9.15100	552.00000
9.15600	517.00000
9.16100	500.00000
9.16600	519.00000
9.17100	514.00000
9.17600	506.00000
9.18100	459.00000
9.18600	511.00000
9.19100	563.00000
9.19600	453.00000
9.20100	498.00000
9.20600	520.00000
9.21100	526.00000
9.21600	540.00000
9.22100	519.00000
9.22600	525.00000
9.23100	464.00000
9.23600	500.00000
9.24100	546.00000
9.24600	486.00000
9.25100	554.00000
9.25600	525.00000
9.26100	496.00000
9.26600	544.00000
9.27100	574.00000
9.27600	517.00000
9.28100	492.00000
9.28600	498.00000
9.29100	510.00000
9.29600	508.00000
9.30100	466.00000
9.30600	564.00000
9.31100	561.00000
9.31600	537.00000
9.32100	593.00000
9.32600	590.00000
9.33100	531.00000
9.33600	561.00000
9.34100	567.00000
9.34600	510.00000
9.35100	568.00000
9.35600	499.00000
9.36100	545.00000
9.36600	558.00000
9.37100	558.00000
9.37600	482.00000
9.38100	542.00000
9.38600	467.00000
9.39100	510.00000
9.39600	480.00000
9.40100	576.00000
9.40600	569.00000
9.41100	525.00000
9.41600	526.00000
9.42100	542.00000
9.42600	535.00000
9.43100	563.00000
9.43600	565.00000
9.44100	561.00000
9.44600	523.00000
9.45100	550.00000
9.45600	535.00000
9.46100	512.00000
9.46600	531.00000
9.47100	514.00000
9.47600	589.00000
9.48100	550.00000
9.48600	479.00000
9.49100	478.00000
9.49600	519.00000
9.50100	528.00000
9.50600	560.00000
9.51100	533.00000
9.51600	591.00000
9.52100	554.00000
9.52600	560.00000
9.53100	534.00000
9.53600	561.00000
9.54100	559.00000
9.54600	563.00000
9.55100	572.00000
9.55600	553.00000
9.56100	573.00000
9.56600	584.00000
9.57100	561.00000
9.57600	529.00000
9.58100	586.00000
9.58600	608.00000
9.59100	593.00000
9.59600	577.00000
9.60100	530.00000
9.60600	568.00000
9.61100	598.00000
9.61600	568.00000
9.62100	567.00000
9.62600	596.00000
9.63100	559.00000
9.63600	586.00000
9.64100	605.00000
9.64600	563.00000
9.65100	617.00000
9.65600	606.00000
9.66100	590.00000
9.66600	630.00000
9.67100	600.00000
9.67600	593.00000
9.68100	543.00000
9.68600	563.00000
9.69100	532.00000
9.69600	617.00000
9.70100	596.00000
9.70600	569.00000
9.71100	607.00000
9.71600	569.00000
9.72100	535.00000
9.72600	591.00000
9.73100	605.00000
9.73600	582.00000
9.74100	620.00000
9.74600	568.00000
9.75100	594.00000
9.75600	604.00000
9.76100	567.00000
9.76600	593.00000
9.77100	591.00000
9.77600	604.00000
9.78100	569.00000
9.78600	610.00000
9.79100	567.00000
9.79600	639.00000
9.80100	567.00000
9.80600	573.00000
9.81100	596.00000
9.81600	611.00000
9.82100	552.00000
9.82600	526.00000
9.83100	609.00000
9.83600	501.00000
9.84100	604.00000
9.84600	572.00000
9.85100	576.00000
9.85600	670.00000
9.86100	578.00000
9.86600	628.00000
9.87100	621.00000
9.87600	613.00000
9.88100	633.00000
9.88600	590.00000
9.89100	588.00000
9.89600	601.00000
9.90100	603.00000
9.90600	614.00000
9.91100	638.00000
9.91600	587.00000
9.92100	652.00000
9.92600	626.00000
9.93100	644.00000
9.93600	586.00000
9.94100	605.00000
9.94600	556.00000
9.95100	657.00000
9.95600	616.00000
9.96100	611.00000
9.96600	611.00000
9.97100	573.00000
9.97600	613.00000
9.98100	623.00000
9.98600	603.00000
9.99100	568.00000
9.99600	567.00000
10.00100	531.00000
10.00600	582.00000
10.01100	591.00000
10.01600	621.00000
10.02100	581.00000
10.02600	658.00000
10.03100	670.00000
10.03600	641.00000
10.04100	596.00000
10.04600	618.00000
10.05100	577.00000
10.05600	647.00000
10.06100	671.00000
10.06600	633.00000
10.07100	677.00000
10.07600	570.00000
10.08100	679.00000
10.08600	640.00000
10.09100	663.00000
10.09600	629.00000
10.10100	632.00000
10.10600	704.00000
10.11100	688.00000
10.11600	673.00000
10.12100	668.00000
10.12600	706.00000
10.13100	674.00000
10.13600	684.00000
10.14100	747.00000
10.14600	717.00000
10.15100	722.00000
10.15600	716.00000
10.16100	693.00000
10.16600	738.00000
10.17100	702.00000
10.17600	674.00000
10.18100	696.00000
10.18600	714.00000
10.19100	751.00000
10.19600	746.00000
10.20100	743.00000
10.20600	775.00000
10.21100	805.00000
10.21600	749.00000
10.22100	813.00000
10.22600	906.00000
10.23100	856.00000
10.23600	754.00000
10.24100	762.00000
10.24600	879.00000
10.25100	913.00000
10.25600	777.00000
10.26100	790.00000
10.26600	792.00000
10.27100	923.00000
10.27600	785.00000
10.28100	766.00000
10.28600	799.00000
10.29100	751.00000
10.29600	770.00000
10.30100	762.00000
10.30600	738.00000
10.31100	714.00000
10.31600	834.00000
10.32100	721.00000
10.32600	682.00000
10.33100	674.00000
10.33600	722.00000
10.34100	709.00000
10.34600	675.00000
10.35100	709.00000
10.35600	699.00000
10.36100	738.00000
10.36600	711.00000
10.37100	669.00000
10.37600	616.00000
10.38100	670.00000
10.38600	726.00000
10.39100	656.00000
10.39600	595.00000
10.40100	632.00000
10.40600	680.00000
10.41100	620.00000
10.41600	635.00000
10.42100	663.00000
10.42600	704.00000
10.43100	594.00000
10.43600	669.00000
10.44100	613.00000
10.44600	612.00000
10.45100	644.00000
10.45600	603.00000
10.46100	671.00000
10.46600	742.00000
10.47100	593.00000
10.47600	633.00000
10.48100	674.00000
10.48600	683.00000
10.49100	612.00000
10.49600	624.00000
10.50100	688.00000
10.50600	711.00000
10.51100	675.00000
10.51600	693.00000
10.52100	665.00000
10.52600	674.00000
10.53100	652.00000
10.53600	694.00000
10.54100	679.00000
10.54600	691.00000
10.55100	620.00000
10.55600	650.00000
10.56100	681.00000
10.56600	621.00000
10.57100	585.00000
10.57600	655.00000
10.58100	625.00000
10.58600	630.00000
10.59100	629.00000
10.59600	646.00000
10.60100	667.00000
10.60600	649.00000
10.61100	607.00000
10.61600	686.00000
10.62100	622.00000
10.62600	666.00000
10.63100	642.00000
10.63600	631.00000
10.64100	650.00000
10.64600	676.00000
10.65100	604.00000
10.65600	666.00000
10.66100	711.00000
10.66600	674.00000
10.67100	691.00000
10.67600	704.00000
10.68100	612.00000
10.68600	770.00000
10.69100	641.00000
10.69600	757.00000
10.70100	682.00000
10.70600	761.00000
10.71100	828.00000
10.71600	845.00000
10.72100	761.00000
10.72600	782.00000
10.73100	819.00000
10.73600	906.00000
10.74100	872.00000
10.74600	783.00000
10.75100	761.00000
10.75600	729.00000
10.76100	776.00000
10.76600	813.00000
10.77100	712.00000
10.77600	754.00000
10.78100	714.00000
10.78600	696.00000
10.79100	643.00000
10.79600	682.00000
10.80100	652.00000
10.80600	656.00000
10.81100	614.00000
10.81600	640.00000
10.82100	658.00000
10.82600	590.00000
10.83100	643.00000
10.83600	640.00000
10.84100	576.00000
10.84600	564.00000
10.85100	644.00000
10.85600	598.00000
10.86100	623.00000
10.86600	600.00000
10.87100	648.00000
10.87600	632.00000
10.88100	634.00000
10.88600	586.00000
10.89100	609.00000
10.89600	615.00000
10.90100	584.00000
10.90600	601.00000
10.91100	592.00000
10.91600	633.00000
10.92100	635.00000
10.92600	609.00000
10.93100	615.00000
10.93600	613.00000
10.94100	588.00000
10.94600	597.00000
10.95100	649.00000
10.95600	618.00000
10.96100	593.00000
10.96600	560.00000
10.97100	639.00000
10.97600	606.00000
10.98100	679.00000
10.98600	643.00000
10.99100	616.00000
10.99600	636.00000
11.00100	678.00000
11.00600	660.00000
11.01100	643.00000
11.01600	593.00000
11.02100	616.00000
11.02600	616.00000
11.03100	581.00000
11.03600	621.00000
11.04100	639.00000
11.04600	645.00000
11.05100	689.00000
11.05600	669.00000
11.06100	661.00000
11.06600	683.00000
11.07100	639.00000
11.07600	613.00000
11.08100	615.00000
11.08600	647.00000
11.09100	582.00000
11.09600	585.00000
11.10100	613.00000
11.10600	638.00000
11.11100	647.00000
11.11600	645.00000
11.12100	608.00000
11.12600	670.00000
11.13100	648.00000
11.13600	620.00000
11.14100	632.00000
11.14600	530.00000
11.15100	640.00000
11.15600	639.00000
11.16100	619.00000
11.16600	598.00000
11.17100	687.00000
11.17600	701.00000
11.18100	612.00000
11.18600	597.00000
11.19100	654.00000
11.19600	609.00000
11.20100	650.00000
11.20600	654.00000
11.21100	623.00000
11.21600	653.00000
11.22100	680.00000
11.22600	660.00000
11.23100	688.00000
11.23600	608.00000
11.24100	614.00000
11.24600	713.00000
11.25100	621.00000
11.25600	608.00000
11.26100	640.00000
11.26600	736.00000
11.27100	595.00000
11.27600	631.00000
11.28100	651.00000
11.28600	642.00000
11.29100	662.00000
11.29600	718.00000
11.30100	644.00000
11.30600	767.00000
11.31100	685.00000
11.31600	696.00000
11.32100	727.00000
11.32600	789.00000
11.33100	716.00000
11.33600	822.00000
11.34100	824.00000
11.34600	704.00000
11.35100	706.00000
11.35600	776.00000
11.36100	878.00000
11.36600	785.00000
11.37100	783.00000
11.37600	788.00000
11.38100	982.00000
11.38600	827.00000
11.39100	910.00000
11.39600	937.00000
11.40100	961.00000
11.40600	1012.00000
11.41100	1167.00000
11.41600	1126.00000
11.42100	1140.00000
11.42600	1179.00000
11.43100	1301.00000
11.43600	1318.00000
11.44100	1473.00000
11.44600	1447.00000
11.45100	1637.00000
11.45600	1579.00000
11.46100	1675.00000
11.46600	1711.00000
11.47100	1698.00000
11.47600	1864.00000
11.48100	1897.00000
11.48600	1888.00000
11.49100	1906.00000
11.49600	1743.00000
11.50100	1785.00000
11.50600	1681.00000
11.51100	1580.00000
11.51600	1735.00000
11.52100	1518.00000
11.52600	1550.00000
11.53100	1354.00000
11.53600	1332.00000
11.54100	1293.00000
11.54600	1307.00000
11.55100	1264.00000
11.55600	1131.00000
11.56100	1153.00000
11.56600	989.00000
11.57100	1037.00000
11.57600	1008.00000
11.58100	957.00000
11.58600	912.00000
11.59100	995.00000
11.59600	924.00000
11.60100	995.00000
11.60600	967.00000
11.61100	946.00000
11.61600	866.00000
11.62100	850.00000
11.62600	913.00000
11.63100	889.00000
11.63600	862.00000
11.64100	839.00000
11.64600	799.00000
11.65100	841.00000
11.65600	948.00000
11.66100	874.00000
11.66600	813.00000
11.67100	814.00000
11.67600	845.00000
11.68100	818.00000
11.68600	810.00000
11.69100	808.00000
11.69600	873.00000
11.70100	736.00000
11.70600	803.00000
11.71100	781.00000
11.71600	811.00000
11.72100	774.00000
11.72600	835.00000
11.73100	872.00000
11.73600	726.00000
11.74100	736.00000
11.74600	807.00000
11.75100	813.00000
11.75600	812.00000
11.76100	772.00000
11.76600	820.00000
11.77100	798.00000
11.77600	795.00000
11.78100	794.00000
11.78600	795.00000
11.79100	784.00000
11.79600	903.00000
11.80100	832.00000
11.80600	852.00000
11.81100	771.00000
11.81600	865.00000
11.82100	825.00000
11.82600	878.00000
11.83100	796.00000
11.83600	882.00000
11.84100	918.00000
11.84600	931.00000
11.85100	913.00000
11.85600	972.00000
11.86100	957.00000
11.86600	943.00000
11.87100	984.00000
11.87600	931.00000
11.88100	1044.00000
11.88600	1014.00000
11.89100	979.00000
11.89600	1056.00000
11.90100	1078.00000
11.90600	1124.00000
11.91100	1097.00000
11.91600	1144.00000
11.92100	1192.00000
11.92600	1245.00000
11.93100	1377.00000
11.93600	1300.00000
11.94100	1365.00000
11.94600	1382.00000
11.95100	1478.00000
11.95600	1573.00000
11.96100	1466.00000
11.96600	1737.00000
11.97100	1706.00000
11.97600	1702.00000
11.98100	1816.00000
11.98600	1893.00000
11.99100	1946.00000
11.99600	1911.00000
12.00100	2077.00000
12.00600	2256.00000
12.01100	2290.00000
12.01600	2115.00000
12.02100	2210.00000
12.02600	2248.00000
12.03100	2298.00000
12.03600	2155.00000
12.04100	2242.00000
12.04600	2266.00000
12.05100	2108.00000
12.05600	2021.00000
12.06100	2034.00000
12.06600	1845.00000
12.07100	1816.00000
12.07600	1683.00000
12.08100	1604.00000
12.08600	1465.00000
12.09100	1388.00000
12.09600	1327.00000
12.10100	1321.00000
12.10600	1189.00000
12.11100	1113.00000
12.11600	1053.00000
12.12100	1021.00000
12.12600	953.00000
12.13100	1004.00000
12.13600	939.00000
12.14100	1057.00000
12.14600	1029.00000
12.15100	892.00000
12.15600	959.00000
12.16100	839.00000
12.16600	879.00000
12.17100	824.00000
12.17600	822.00000
12.18100	775.00000
12.18600	804.00000
12.19100	803.00000
12.19600	848.00000
12.20100	722.00000
12.20600	737.00000
12.21100	694.00000
12.21600	742.00000
12.22100	780.00000
12.22600	739.00000
12.23100	708.00000
12.23600	652.00000
12.24100	694.00000
12.24600	652.00000
12.25100	700.00000
12.25600	662.00000
12.26100	670.00000
12.26600	759.00000
12.27100	701.00000
12.27600	685.00000
12.28100	635.00000
12.28600	686.00000
12.29100	663.00000
12.29600	667.00000
12.30100	721.00000
12.30600	658.00000
12.31100	666.00000
12.31600	651.00000
12.32100	714.00000
12.32600	630.00000
12.33100	641.00000
12.33600	645.00000
12.34100	696.00000
12.34600	708.00000
12.35100	673.00000
12.35600	662.00000
12.36100	612.00000
12.36600	624.00000
12.37100	648.00000
12.37600	654.00000
12.38100	626.00000
12.38600	657.00000
12.39100	633.00000
12.39600	621.00000
12.40100	640.00000
12.40600	651.00000
12.41100	646.00000
12.41600	621.00000
12.42100	621.00000
12.42600	651.00000
12.43100	653.00000
12.43600	640.00000
12.44100	636.00000
12.44600	618.00000
12.45100	606.00000
12.45600	581.00000
12.46100	607.00000
12.46600	596.00000
12.47100	624.00000
12.47600	610.00000
12.48100	636.00000
12.48600	595.00000
12.49100	578.00000
12.49600	643.00000
12.50100	650.00000
12.50600	581.00000
12.51100	602.00000
12.51600	609.00000
12.52100	609.00000
12.52600	612.00000
12.53100	597.00000
12.53600	623.00000
12.54100	567.00000
12.54600	654.00000
12.55100	608.00000
12.55600	637.00000
12.56100	603.00000
12.56600	632.00000
12.57100	598.00000
12.57600	654.00000
12.58100	635.00000
12.58600	573.00000
12.59100	604.00000
12.59600	624.00000
12.60100	652.00000
12.60600	583.00000
12.61100	620.00000
12.61600	580.00000
12.62100	605.00000
12.62600	556.00000
12.63100	631.00000
12.63600	578.00000
12.64100	603.00000
12.64600	586.00000
12.65100	617.00000
12.65600	638.00000
12.66100	635.00000
12.66600	582.00000
12.67100	609.00000
12.67600	652.00000
12.68100	563.00000
12.68600	596.00000
12.69100	607.00000
12.69600	592.00000
12.70100	656.00000
12.70600	622.00000
12.71100	602.00000
12.71600	569.00000
12.72100	638.00000
12.72600	599.00000
12.73100	585.00000
12.73600	608.00000
12.74100	640.00000
12.74600	634.00000
12.75100	614.00000
12.75600	626.00000
12.76100	604.00000
12.76600	649.00000
12.77100	621.00000
12.77600	576.00000
12.78100	638.00000
12.78600	641.00000
12.79100	608.00000
12.79600	675.00000
12.80100	624.00000
12.80600	695.00000
12.81100	667.00000
12.81600	620.00000
12.82100	597.00000
12.82600	642.00000
12.83100	670.00000
12.83600	675.00000
12.84100	630.00000
12.84600	630.00000
12.85100	604.00000
12.85600	679.00000
12.86100	643.00000
12.86600	610.00000
12.87100	669.00000
12.87600	690.00000
12.88100	645.00000
12.88600	673.00000
12.89100	662.00000
12.89600	678.00000
12.90100	716.00000
12.90600	650.00000
12.91100	690.00000
12.91600	683.00000
12.92100	674.00000
12.92600	738.00000
12.93100	679.00000
12.93600	704.00000
12.94100	688.00000
12.94600	691.00000
12.95100	642.00000
12.95600	742.00000
12.96100	754.00000
12.96600	692.00000
12.97100	695.00000
12.97600	723.00000
12.98100	678.00000
12.98600	662.00000
12.99100	663.00000
12.99600	699.00000
13.00100	685.00000
13.00600	653.00000
13.01100	696.00000
13.01600	672.00000
13.02100	642.00000
13.02600	666.00000
13.03100	664.00000
13.03600	668.00000
13.04100	640.00000
13.04600	649.00000
13.05100	663.00000
13.05600	678.00000
13.06100	627.00000
13.06600	676.00000
13.07100	662.00000
13.07600	668.00000
13.08100	668.00000
13.08600	657.00000
13.09100	640.00000
13.09600	669.00000
13.10100	661.00000
13.10600	635.00000
13.11100	727.00000
13.11600	684.00000
13.12100	680.00000
13.12600	641.00000
13.13100	673.00000
13.13600	672.00000
13.14100	649.00000
13.14600	664.00000
13.15100	702.00000
13.15600	685.00000
13.16100	687.00000
13.16600	690.00000
13.17100	704.00000
13.17600	677.00000
13.18100	694.00000
13.18600	722.00000
13.19100	699.00000
13.19600	737.00000
13.20100	693.00000
13.20600	759.00000
13.21100	797.00000
13.21600	743.00000
13.22100	848.00000
13.22600	762.00000
13.23100	817.00000
13.23600	833.00000
13.24100	862.00000
13.24600	835.00000
13.25100	871.00000
13.25600	966.00000
13.26100	997.00000
13.26600	954.00000
13.27100	1000.00000
13.27600	1006.00000
13.28100	1071.00000
13.28600	1127.00000
13.29100	1171.00000
13.29600	1243.00000
13.30100	1250.00000
13.30600	1446.00000
13.31100	1349.00000
13.31600	1333.00000
13.32100	1420.00000
13.32600	1353.00000
13.33100	1380.00000
13.33600	1349.00000
13.34100	1512.00000
13.34600	1342.00000
13.35100	1562.00000
13.35600	1497.00000
13.36100	1446.00000
13.36600	1449.00000
13.37100	1399.00000
13.37600	1325.00000
13.38100	1334.00000
13.38600	1257.00000
13.39100	1205.00000
13.39600	1241.00000
13.40100	1179.00000
13.40600	1120.00000
13.41100	1084.00000
13.41600	1022.00000
13.42100	975.00000
13.42600	1016.00000
13.43100	932.00000
13.43600	1015.00000
13.44100	949.00000
13.44600	961.00000
13.45100	956.00000
13.45600	815.00000
13.46100	916.00000
13.46600	870.00000
13.47100	790.00000
13.47600	860.00000
13.48100	848.00000
13.48600	806.00000
13.49100	827.00000
13.49600	792.00000
13.50100	696.00000
13.50600	792.00000
13.51100	855.00000
13.51600	689.00000
13.52100	716.00000
13.52600	660.00000
13.53100	791.00000
13.53600	754.00000
13.54100	777.00000
13.54600	783.00000
13.55100	746.00000
13.55600	662.00000
13.56100	711.00000
13.56600	617.00000
13.57100	750.00000
13.57600	748.00000
13.58100	668.00000
13.58600	673.00000
13.59100	618.00000
13.59600	721.00000
13.60100	727.00000
13.60600	716.00000
13.61100	719.00000
13.61600	603.00000
13.62100	662.00000
13.62600	726.00000
13.63100	693.00000
13.63600	733.00000
13.64100	701.00000
13.64600	759.00000
13.65100	742.00000
13.65600	750.00000
13.66100	703.00000
13.66600	637.00000
13.67100	738.00000
13.67600	724.00000
13.68100	638.00000
13.68600	622.00000
13.69100	683.00000
13.69600	758.00000
13.70100	726.00000
13.70600	735.00000
13.71100	720.00000
13.71600	668.00000
13.72100	662.00000
13.72600	623.00000
13.73100	730.00000
13.73600	585.00000
13.74100	700.00000
13.74600	779.00000
13.75100	724.00000
13.75600	597.00000
13.76100	603.00000
13.76600	740.00000
13.77100	710.00000
13.77600	769.00000
13.78100	757.00000
13.78600	752.00000
13.79100	693.00000
13.79600	674.00000
13.80100	774.00000
13.80600	803.00000
13.81100	756.00000
13.81600	717.00000
13.82100	727.00000
13.82600	746.00000
13.83100	739.00000
13.83600	689.00000
13.84100	742.00000
13.84600	734.00000
13.85100	765.00000
13.85600	768.00000
13.86100	771.00000
13.86600	772.00000
13.87100	809.00000
13.87600	793.00000
13.88100	792.00000
13.88600	787.00000
13.89100	782.00000
13.89600	826.00000
13.90100	827.00000
13.90600	865.00000
13.91100	832.00000
13.91600	822.00000
13.92100	863.00000
13.92600	877.00000
13.93100	865.00000
13.93600	901.00000
13.94100	886.00000
13.94600	942.00000
13.95100	999.00000
13.95600	962.00000
13.96100	949.00000
13.96600	971.00000
13.97100	1013.00000
13.97600	1107.00000
13.98100	1081.00000
13.98600	1136.00000
13.99100	1127.00000
13.99600	1202.00000
14.00100	1224.00000
14.00600	1219.00000
14.01100	1263.00000
14.01600	1307.00000
14.02100	1298.00000
14.02600	1386.00000
14.03100	1421.00000
14.03600	1469.00000
14.04100	1582.00000
14.04600	1602.00000
14.05100	1631.00000
14.05600	1708.00000
14.06100	1734.00000
14.06600	1899.00000
14.07100	1945.00000
14.07600	1966.00000
14.08100	2096.00000
14.08600	2196.00000
14.09100	2176.00000
14.09600	2306.00000
14.10100	2344.00000
14.10600	2434.00000
14.11100	2470.00000
14.11600	2529.00000
14.12100	2407.00000
14.12600	2647.00000
14.13100	2649.00000
14.13600	2661.00000
14.14100	2741.00000
14.14600	2662.00000
14.15100	2578.00000
14.15600	2614.00000
14.16100	2649.00000
14.16600	2490.00000
14.17100	2544.00000
14.17600	2539.00000
14.18100	2338.00000
14.18600	2216.00000
14.19100	2224.00000
14.19600	2089.00000
14.20100	2044.00000
14.20600	1934.00000
14.21100	1863.00000
14.21600	1807.00000
14.22100	1693.00000
14.22600	1638.00000
14.23100	1559.00000
14.23600	1407.00000
14.24100	1462.00000
14.24600	1395.00000
14.25100	1284.00000
14.25600	1232.00000
14.26100	1218.00000
14.26600	1080.00000
14.27100	1127.00000
14.27600	1066.00000
14.28100	1032.00000
14.28600	950.00000
14.29100	1000.00000
14.29600	960.00000
14.30100	898.00000
14.30600	846.00000
14.31100	868.00000
14.31600	836.00000
14.32100	777.00000
14.32600	791.00000
14.33100	834.00000
14.33600	714.00000
14.34100	739.00000
14.34600	737.00000
14.35100	727.00000
14.35600	736.00000
14.36100	683.00000
14.36600	705.00000
14.37100	726.00000
14.37600	674.00000
14.38100	636.00000
14.38600	720.00000
14.39100	632.00000
14.39600	627.00000
14.40100	595.00000
14.40600	636.00000
14.41100	524.00000
14.41600	615.00000
14.42100	631.00000
14.42600	611.00000
14.43100	579.00000
14.43600	615.00000
14.44100	636.00000
14.44600	561.00000
14.45100	540.00000
14.45600	553.00000
14.46100	532.00000
14.46600	564.00000
14.47100	525.00000
14.47600	610.00000
14.48100	541.00000
14.48600	561.00000
14.49100	609.00000
14.49600	614.00000
14.50100	572.00000
14.50600	574.00000
14.51100	519.00000
14.51600	549.00000
14.52100	502.00000
14.52600	494.00000
14.53100	539.00000
14.53600	535.00000
14.54100	518.00000
14.54600	529.00000
14.55100	503.00000
14.55600	581.00000
14.56100	519.00000
14.56600	505.00000
14.57100	482.00000
14.57600	526.00000
14.58100	519.00000
14.58600	487.00000
14.59100	485.00000
14.59600	494.00000
14.60100	479.00000
14.60600	523.00000
14.61100	562.00000
14.61600	535.00000
14.62100	457.00000
14.62600	487.00000
14.63100	493.00000
14.63600	460.00000
14.64100	517.00000
14.64600	491.00000
14.65100	505.00000
14.65600	487.00000
14.66100	517.00000
14.66600	498.00000
14.67100	490.00000
14.67600	482.00000
14.68100	532.00000
14.68600	539.00000
14.69100	532.00000
14.69600	501.00000
14.70100	558.00000
14.70600	489.00000
14.71100	473.00000
14.71600	563.00000
14.72100	496.00000
14.72600	506.00000
14.73100	570.00000
14.73600	513.00000
14.74100	556.00000
14.74600	518.00000
14.75100	521.00000
14.75600	550.00000
14.76100	583.00000
14.76600	563.00000
14.77100	527.00000
14.77600	554.00000
14.78100	533.00000
14.78600	543.00000
14.79100	539.00000
14.79600	606.00000
14.80100	609.00000
14.80600	569.00000
14.81100	562.00000
14.81600	632.00000
14.82100	566.00000
14.82600	613.00000
14.83100	625.00000
14.83600	621.00000
14.84100	662.00000
14.84600	679.00000
14.85100	651.00000
14.85600	599.00000
14.86100	667.00000
14.86600	592.00000
14.87100	620.00000
14.87600	618.00000
14.88100	684.00000
14.88600	684.00000
14.89100	736.00000
14.89600	679.00000
14.90100	680.00000
14.90600	600.00000
14.91100	639.00000
14.91600	706.00000
14.92100	677.00000
14.92600	701.00000
14.93100	760.00000
14.93600	709.00000
14.94100	701.00000
14.94600	643.00000
14.95100	675.00000
14.95600	757.00000
14.96100	751.00000
14.96600	761.00000
14.97100	778.00000
14.97600	745.00000
14.98100	670.00000
14.98600	764.00000
14.99100	699.00000
14.99600	672.00000
15.00100	729.00000
15.00600	710.00000
15.01100	733.00000
15.01600	752.00000
15.02100	696.00000
15.02600	740.00000
15.03100	712.00000
15.03600	686.00000
15.04100	724.00000
15.04600	672.00000
15.05100	699.00000
15.05600	618.00000
15.06100	630.00000
15.06600	671.00000
15.07100	674.00000
15.07600	680.00000
15.08100	642.00000
15.08600	641.00000
15.09100	680.00000
15.09600	630.00000
15.10100	617.00000
15.10600	649.00000
15.11100	625.00000
15.11600	614.00000
15.12100	559.00000
15.12600	607.00000
15.13100	646.00000
15.13600	632.00000
15.14100	621.00000
15.14600	599.00000
15.15100	606.00000
15.15600	607.00000
15.16100	629.00000
15.16600	642.00000
15.17100	633.00000
15.17600	662.00000
15.18100	639.00000
15.18600	618.00000
15.19100	660.00000
15.19600	609.00000
15.20100	643.00000
15.20600	655.00000
15.21100	673.00000
15.21600	585.00000
15.22100	605.00000
15.22600	681.00000
15.23100	647.00000
15.23600	676.00000
15.24100	683.00000
15.24600	667.00000
15.25100	661.00000
15.25600	697.00000
15.26100	638.00000
15.26600	681.00000
15.27100	710.00000
15.27600	695.00000
15.28100	675.00000
15.28600	701.00000
15.29100	636.00000
15.29600	669.00000
15.30100	623.00000
15.30600	669.00000
15.31100	636.00000
15.31600	674.00000
15.32100	622.00000
15.32600	615.00000
15.33100	604.00000
15.33600	596.00000
15.34100	591.00000
15.34600	650.00000
15.35100	615.00000
15.35600	599.00000
15.36100	603.00000
15.36600	585.00000
15.37100	551.00000
15.37600	560.00000
15.38100	537.00000
15.38600	553.00000
15.39100	567.00000
15.39600	542.00000
15.40100	585.00000
15.40600	577.00000
15.41100	501.00000
15.41600	492.00000
15.42100	556.00000
15.42600	531.00000
15.43100	516.00000
15.43600	493.00000
15.44100	495.00000
15.44600	508.00000
15.45100	497.00000
15.45600	487.00000
15.46100	501.00000
15.46600	513.00000
15.47100	541.00000
15.47600	474.00000
15.48100	502.00000
15.48600	522.00000
15.49100	473.00000
15.49600	453.00000
15.50100	460.00000
15.50600	494.00000
15.51100	478.00000
15.51600	460.00000
15.52100	491.00000
15.52600	467.00000
15.53100	479.00000
15.53600	473.00000
15.54100	455.00000
15.54600	440.00000
15.55100	446.00000
15.55600	432.00000
15.56100	476.00000
15.56600	481.00000
15.57100	453.00000
15.57600	467.00000
15.58100	480.00000
15.58600	442.00000
15.59100	451.00000
15.59600	452.00000
15.60100	474.00000
15.60600	429.00000
15.61100	470.00000
15.61600	455.00000
15.62100	495.00000
15.62600	487.00000
15.63100	449.00000
15.63600	500.00000
15.64100	467.00000
15.64600	424.00000
15.65100	476.00000
15.65600	449.00000
15.66100	470.00000
15.66600	470.00000
15.67100	464.00000
15.67600	437.00000
15.68100	459.00000
15.68600	460.00000
15.69100	442.00000
15.69600	452.00000
15.70100	474.00000
15.70600	443.00000
15.71100	430.00000
15.71600	423.00000
15.72100	455.00000
15.72600	454.00000
15.73100	499.00000
15.73600	492.00000
15.74100	450.00000
15.74600	471.00000
15.75100	478.00000
15.75600	480.00000
15.76100	509.00000
15.76600	474.00000
15.77100	446.00000
15.77600	469.00000
15.78100	447.00000
15.78600	506.00000
15.79100	515.00000
15.79600	489.00000
15.80100	494.00000
15.80600	476.00000
15.81100	459.00000
15.81600	482.00000
15.82100	498.00000
15.82600	501.00000
15.83100	506.00000
15.83600	423.00000
15.84100	459.00000
15.84600	468.00000
15.85100	478.00000
15.85600	464.00000
15.86100	455.00000
15.86600	480.00000
15.87100	418.00000
15.87600	396.00000
15.88100	423.00000
15.88600	399.00000
15.89100	420.00000
15.89600	416.00000
15.90100	420.00000
15.90600	429.00000
15.91100	446.00000
15.91600	419.00000
15.92100	422.00000
15.92600	372.00000
15.93100	410.00000
15.93600	386.00000
15.94100	443.00000
15.94600	379.00000
15.95100	430.00000
15.95600	398.00000
15.96100	375.00000
15.96600	391.00000
15.97100	401.00000
15.97600	385.00000
15.98100	400.00000
15.98600	392.00000
15.99100	365.00000
15.99600	359.00000
16.00100	393.00000
16.00600	416.00000
16.01100	351.00000
16.01600	414.00000
16.02100	386.00000
16.02600	378.00000
16.03100	391.00000
16.03600	398.00000
16.04100	378.00000
16.04600	385.00000
16.05100	417.00000
16.05600	370.00000
16.06100	368.00000
16.06600	364.00000
16.07100	365.00000
16.07600	369.00000
16.08100	384.00000
16.08600	359.00000
16.09100	406.00000
16.09600	385.00000
16.10100	374.00000
16.10600	383.00000
16.11100	341.00000
16.11600	379.00000
16.12100	409.00000
16.12600	384.00000
16.13100	394.00000
16.13600	380.00000
16.14100	406.00000
16.14600	363.00000
16.15100	368.00000
16.15600	351.00000
16.16100	406.00000
16.16600	346.00000
16.17100	396.00000
16.17600	354.00000
16.18100	363.00000
16.18600	336.00000
16.19100	353.00000
16.19600	327.00000
16.20100	357.00000
16.20600	349.00000
16.21100	369.00000
16.21600	373.00000
16.22100	365.00000
16.22600	384.00000
16.23100	358.00000
16.23600	398.00000
16.24100	387.00000
16.24600	379.00000
16.25100	324.00000
16.25600	370.00000
16.26100	330.00000
16.26600	337.00000
16.27100	337.00000
16.27600	356.00000
16.28100	374.00000
16.28600	376.00000
16.29100	337.00000
16.29600	353.00000
16.30100	349.00000
16.30600	355.00000
16.31100	383.00000
16.31600	365.00000
16.32100	357.00000
16.32600	376.00000
16.33100	350.00000
16.33600	344.00000
16.34100	345.00000
16.34600	337.00000
16.35100	347.00000
16.35600	364.00000
16.36100	345.00000
16.36600	342.00000
16.37100	348.00000
16.37600	398.00000
16.38100	392.00000
16.38600	341.00000
16.39100	396.00000
16.39600	345.00000
16.40100	350.00000
16.40600	342.00000
16.41100	334.00000
16.41600	340.00000
16.42100	349.00000
16.42600	370.00000
16.43100	369.00000
16.43600	334.00000
16.44100	381.00000
16.44600	375.00000
16.45100	352.00000
16.45600	359.00000
16.46100	338.00000
16.46600	337.00000
16.47100	353.00000
16.47600	353.00000
16.48100	326.00000
16.48600	405.00000
16.49100	365.00000
16.49600	326.00000
16.50100	358.00000
16.50600	332.00000
16.51100	379.00000
16.51600	361.00000
16.52100	366.00000
16.52600	376.00000
16.53100	388.00000
16.53600	347.00000
16.54100	369.00000
16.54600	346.00000
16.55100	349.00000
16.55600	335.00000
16.56100	385.00000
16.56600	333.00000
16.57100	340.00000
16.57600	366.00000
16.58100	341.00000
16.58600	352.00000
16.59100	406.00000
16.59600	411.00000
16.60100	376.00000
16.60600	359.00000
16.61100	373.00000
16.61600	364.00000
16.62100	390.00000
16.62600	377.00000
16.63100	391.00000
16.63600	365.00000
16.64100	348.00000
16.64600	393.00000
16.65100	388.00000
16.65600	355.00000
16.66100	364.00000
16.66600	406.00000
16.67100	408.00000
16.67600	384.00000
16.68100	380.00000
16.68600	385.00000
16.69100	379.00000
16.69600	369.00000
16.70100	404.00000
16.70600	379.00000
16.71100	372.00000
16.71600	375.00000
16.72100	388.00000
16.72600	377.00000
16.73100	375.00000
16.73600	365.00000
16.74100	383.00000
16.74600	362.00000
16.75100	363.00000
16.75600	394.00000
16.76100	379.00000
16.76600	382.00000
16.77100	402.00000
16.77600	384.00000
16.78100	402.00000
16.78600	363.00000
16.79100	361.00000
16.79600	370.00000
16.80100	383.00000
16.80600	384.00000
16.81100	351.00000
16.81600	389.00000
16.82100	404.00000
16.82600	345.00000
16.83100	352.00000
16.83600	368.00000
16.84100	346.00000
16.84600	359.00000
16.85100	350.00000
16.85600	390.00000
16.86100	374.00000
16.86600	358.00000
16.87100	354.00000
16.87600	331.00000
16.88100	343.00000
16.88600	362.00000
16.89100	322.00000
16.89600	334.00000
16.90100	340.00000
16.90600	342.00000
16.91100	341.00000
16.91600	333.00000
16.92100	363.00000
16.92600	377.00000
16.93100	342.00000
16.93600	345.00000
16.94100	345.00000
16.94600	314.00000
16.95100	310.00000
16.95600	346.00000
16.96100	339.00000
16.96600	335.00000
16.97100	323.00000
16.97600	354.00000
16.98100	348.00000
16.98600	304.00000
16.99100	342.00000
16.99600	345.00000
17.00100	352.00000
17.00600	307.00000
17.01100	323.00000
17.01600	338.00000
17.02100	301.00000
17.02600	305.00000
17.03100	316.00000
17.03600	338.00000
17.04100	328.00000
17.04600	345.00000
17.05100	333.00000
17.05600	323.00000
17.06100	309.00000
17.06600	335.00000
17.07100	372.00000
17.07600	332.00000
17.08100	336.00000
17.08600	334.00000
17.09100	322.00000
17.09600	330.00000
17.10100	348.00000
17.10600	336.00000
17.11100	330.00000
17.11600	323.00000
17.12100	337.00000
17.12600	339.00000
17.13100	312.00000
17.13600	329.00000
17.14100	350.00000
17.14600	340.00000
17.15100	352.00000
17.15600	310.00000
17.16100	332.00000
17.16600	333.00000
17.17100	344.00000
17.17600	335.00000
17.18100	351.00000
17.18600	338.00000
17.19100	340.00000
17.19600	331.00000
17.20100	363.00000
17.20600	320.00000
17.21100	380.00000
17.21600	364.00000
17.22100	370.00000
17.22600	354.00000
17.23100	360.00000
17.23600	335.00000
17.24100	363.00000
17.24600	364.00000
17.25100	369.00000
17.25600	380.00000
17.26100	328.00000
17.26600	365.00000
17.27100	320.00000
17.27600	369.00000
17.28100	348.00000
17.28600	359.00000
17.29100	383.00000
17.29600	327.00000
17.30100	360.00000
17.30600	366.00000
17.31100	373.00000
17.31600	357.00000
17.32100	347.00000
17.32600	361.00000
17.33100	348.00000
17.33600	371.00000
17.34100	369.00000
17.34600	341.00000
17.35100	343.00000
17.35600	353.00000
17.36100	345.00000
17.36600	347.00000
17.37100	343.00000
17.37600	336.00000
17.38100	339.00000
17.38600	345.00000
17.39100	378.00000
17.39600	381.00000
17.40100	356.00000
17.40600	387.00000
17.41100	368.00000
17.41600	350.00000
17.42100	345.00000
17.42600	325.00000
17.43100	331.00000
17.43600	392.00000
17.44100	371.00000
17.44600	337.00000
17.45100	380.00000
17.45600	385.00000
17.46100	343.00000
17.46600	364.00000
17.47100	361.00000
17.47600	395.00000
17.48100	365.00000
17.48600	342.00000
17.49100	371.00000
17.49600	373.00000
17.50100	359.00000
17.50600	363.00000
17.51100	372.00000
17.51600	341.00000
17.52100	375.00000
17.52600	390.00000
17.53100	392.00000
17.53600	437.00000
17.54100	403.00000
17.54600	377.00000
17.55100	362.00000
17.55600	394.00000
17.56100	390.00000
17.56600	359.00000
17.57100	400.00000
17.57600	398.00000
17.58100	422.00000
17.58600	375.00000
17.59100	399.00000
17.59600	392.00000
17.60100	382.00000
17.60600	400.00000
17.61100	390.00000
17.61600	389.00000
17.62100	379.00000
17.62600	385.00000
17.63100	390.00000
17.63600	415.00000
17.64100	394.00000
17.64600	400.00000
17.65100	366.00000
17.65600	406.00000
17.66100	421.00000
17.66600	358.00000
17.67100	412.00000
17.67600	365.00000
17.68100	378.00000
17.68600	348.00000
17.69100	378.00000
17.69600	362.00000
17.70100	350.00000
17.70600	351.00000
17.71100	333.00000
17.71600	385.00000
17.72100	347.00000
17.72600	349.00000
17.73100	323.00000
17.73600	361.00000
17.74100	361.00000
17.74600	330.00000
17.75100	345.00000
17.75600	338.00000
17.76100	330.00000
17.76600	344.00000
17.77100	351.00000
17.77600	325.00000
17.78100	339.00000
17.78600	370.00000
17.79100	313.00000
17.79600	343.00000
17.80100	363.00000
17.80600	335.00000
17.81100	328.00000
17.81600	303.00000
17.82100	350.00000
17.82600	343.00000
17.83100	306.00000
17.83600	359.00000
17.84100	316.00000
17.84600	338.00000
17.85100	343.00000
17.85600	340.00000
17.86100	361.00000
17.86600	354.00000
17.87100	338.00000
17.87600	344.00000
17.88100	330.00000
17.88600	334.00000
17.89100	311.00000
17.89600	356.00000
17.90100	328.00000
17.90600	335.00000
17.91100	347.00000
17.91600	339.00000
17.92100	317.00000
17.92600	341.00000
17.93100	360.00000
17.93600	311.00000
17.94100	350.00000
17.94600	326.00000
17.95100	315.00000
17.95600	316.00000
17.96100	318.00000
17.96600	341.00000
17.97100	306.00000
17.97600	295.00000
17.98100	313.00000
17.98600	342.00000
17.99100	332.00000
17.99600	350.00000
18.00100	333.00000
18.00600	343.00000
18.01100	355.00000
18.01600	343.00000
18.02100	327.00000
18.02600	300.00000
18.03100	338.00000
18.03600	321.00000
18.04100	333.00000
18.04600	312.00000
18.05100	349.00000
18.05600	373.00000
18.06100	335.00000
18.06600	333.00000
18.07100	327.00000
18.07600	299.00000
18.08100	316.00000
18.08600	333.00000
18.09100	299.00000
18.09600	357.00000
18.10100	347.00000
18.10600	327.00000
18.11100	341.00000
18.11600	333.00000
18.12100	337.00000
18.12600	339.00000
18.13100	325.00000
18.13600	320.00000
18.14100	346.00000
18.14600	345.00000
18.15100	335.00000
18.15600	363.00000
18.16100	325.00000
18.16600	359.00000
18.17100	349.00000
18.17600	348.00000
18.18100	360.00000
18.18600	361.00000
18.19100	365.00000
18.19600	314.00000
18.20100	343.00000
18.20600	339.00000
18.21100	336.00000
18.21600	317.00000
18.22100	371.00000
18.22600	373.00000
18.23100	380.00000
18.23600	358.00000
18.24100	353.00000
18.24600	330.00000
18.25100	377.00000
18.25600	340.00000
18.26100	343.00000
18.26600	371.00000
18.27100	335.00000
18.27600	339.00000
18.28100	331.00000
18.28600	364.00000
18.29100	334.00000
18.29600	335.00000
18.30100	368.00000
18.30600	368.00000
18.31100	333.00000
18.31600	326.00000
18.32100	363.00000
18.32600	381.00000
18.33100	361.00000
18.33600	351.00000
18.34100	375.00000
18.34600	304.00000
18.35100	392.00000
18.35600	383.00000
18.36100	342.00000
18.36600	360.00000
18.37100	347.00000
18.37600	352.00000
18.38100	312.00000
18.38600	349.00000
18.39100	358.00000
18.39600	359.00000
18.40100	344.00000
18.40600	328.00000
18.41100	353.00000
18.41600	370.00000
18.42100	330.00000
18.42600	332.00000
18.43100	353.00000
18.43600	372.00000
18.44100	365.00000
18.44600	340.00000
18.45100	354.00000
18.45600	346.00000
18.46100	345.00000
18.46600	347.00000
18.47100	364.00000
18.47600	353.00000
18.48100	352.00000
18.48600	310.00000
18.49100	383.00000
18.49600	348.00000
18.50100	370.00000
18.50600	338.00000
18.51100	386.00000
18.51600	367.00000
18.52100	360.00000
18.52600	367.00000
18.53100	384.00000
18.53600	331.00000
18.54100	396.00000
18.54600	377.00000
18.55100	383.00000
18.55600	394.00000
18.56100	388.00000
18.56600	399.00000
18.57100	376.00000
18.57600	389.00000
18.58100	390.00000
18.58600	386.00000
18.59100	381.00000
18.59600	368.00000
18.60100	403.00000
18.60600	388.00000
18.61100	379.00000
18.61600	375.00000
18.62100	386.00000
18.62600	377.00000
18.63100	339.00000
18.63600	368.00000
18.64100	367.00000
18.64600	314.00000
18.65100	362.00000
18.65600	362.00000
18.66100	350.00000
18.66600	371.00000
18.67100	389.00000
18.67600	347.00000
18.68100	368.00000
18.68600	369.00000
18.69100	368.00000
18.69600	316.00000
18.70100	376.00000
18.70600	370.00000
18.71100	360.00000
18.71600	353.00000
18.72100	319.00000
18.72600	344.00000
18.73100	371.00000
18.73600	328.00000
18.74100	343.00000
18.74600	316.00000
18.75100	352.00000
18.75600	360.00000
18.76100	339.00000
18.76600	360.00000
18.77100	373.00000
18.77600	349.00000
18.78100	361.00000
18.78600	342.00000
18.79100	354.00000
18.79600	351.00000
18.80100	327.00000
18.80600	362.00000
18.81100	355.00000
18.81600	297.00000
18.82100	353.00000
18.82600	365.00000
18.83100	374.00000
18.83600	333.00000
18.84100	350.00000
18.84600	354.00000
18.85100	339.00000
18.85600	324.00000
18.86100	306.00000
18.86600	323.00000
18.87100	334.00000
18.87600	354.00000
18.88100	344.00000
18.88600	368.00000
18.89100	377.00000
18.89600	319.00000
18.90100	347.00000
18.90600	346.00000
18.91100	299.00000
18.91600	342.00000
18.92100	338.00000
18.92600	359.00000
18.93100	362.00000
18.93600	295.00000
18.94100	305.00000
18.94600	340.00000
18.95100	310.00000
18.95600	341.00000
18.96100	361.00000
18.96600	357.00000
18.97100	348.00000
18.97600	381.00000
18.98100	375.00000
18.98600	357.00000
18.99100	356.00000
18.99600	375.00000
19.00100	351.00000
19.00600	362.00000
19.01100	390.00000
19.01600	372.00000
19.02100	361.00000
19.02600	324.00000
19.03100	306.00000
19.03600	348.00000
19.04100	366.00000
19.04600	357.00000
19.05100	357.00000
19.05600	341.00000
19.06100	375.00000
19.06600	376.00000
19.07100	366.00000
19.07600	341.00000
19.08100	344.00000
19.08600	372.00000
19.09100	371.00000
19.09600	332.00000
19.10100	355.00000
19.10600	349.00000
19.11100	311.00000
19.11600	346.00000
19.12100	312.00000
19.12600	358.00000
19.13100	422.00000
19.13600	346.00000
19.14100	347.00000
19.14600	342.00000
19.15100	344.00000
19.15600	347.00000
19.16100	337.00000
19.16600	350.00000
19.17100	353.00000
19.17600	355.00000
19.18100	378.00000
19.18600	350.00000
19.19100	357.00000
19.19600	360.00000
19.20100	349.00000
19.20600	358.00000
19.21100	368.00000
19.21600	358.00000
19.22100	351.00000
19.22600	321.00000
19.23100	352.00000
19.23600	326.00000
19.24100	363.00000
19.24600	342.00000
19.25100	360.00000
19.25600	315.00000
19.26100	336.00000
19.26600	297.00000
19.27100	335.00000
19.27600	325.00000
19.28100	347.00000
19.28600	330.00000
19.29100	327.00000
19.29600	338.00000
19.30100	317.00000
19.30600	308.00000
19.31100	302.00000
19.31600	347.00000
19.32100	356.00000
19.32600	337.00000
19.33100	317.00000
19.33600	319.00000
19.34100	297.00000
19.34600	317.00000
19.35100	329.00000
19.35600	328.00000
19.36100	351.00000
19.36600	343.00000
19.37100	349.00000
19.37600	291.00000
19.38100	302.00000
19.38600	317.00000
19.39100	295.00000
19.39600	312.00000
19.40100	316.00000
19.40600	332.00000
19.41100	324.00000
19.41600	325.00000
19.42100	337.00000
19.42600	336.00000
19.43100	322.00000
19.43600	348.00000
19.44100	345.00000
19.44600	290.00000
19.45100	340.00000
19.45600	310.00000
19.46100	351.00000
19.46600	308.00000
19.47100	292.00000
19.47600	319.00000
19.48100	350.00000
19.48600	314.00000
19.49100	297.00000
19.49600	334.00000
19.50100	313.00000
19.50600	286.00000
19.51100	342.00000
19.51600	338.00000
19.52100	299.00000
19.52600	310.00000
19.53100	337.00000
19.53600	302.00000
19.54100	315.00000
19.54600	307.00000
19.55100	333.00000
19.55600	321.00000
19.56100	318.00000
19.56600	310.00000
19.57100	314.00000
19.57600	308.00000
19.58100	307.00000
19.58600	314.00000
19.59100	344.00000
19.59600	301.00000
19.60100	327.00000
19.60600	315.00000
19.61100	306.00000
19.61600	331.00000
19.62100	313.00000
19.62600	302.00000
19.63100	351.00000
19.63600	311.00000
19.64100	316.00000
19.64600	282.00000
19.65100	299.00000
19.65600	304.00000
19.66100	327.00000
19.66600	309.00000
19.67100	312.00000
19.67600	319.00000
19.68100	305.00000
19.68600	313.00000
19.69100	278.00000
19.69600	319.00000
19.70100	324.00000
19.70600	283.00000
19.71100	320.00000
19.71600	343.00000
19.72100	304.00000
19.72600	328.00000
19.73100	315.00000
19.73600	314.00000
19.74100	291.00000
19.74600	306.00000
19.75100	324.00000
19.75600	345.00000
19.76100	313.00000
19.76600	289.00000
19.77100	329.00000
19.77600	317.00000
19.78100	300.00000
19.78600	318.00000
19.79100	322.00000
19.79600	311.00000
19.80100	326.00000
19.80600	313.00000
19.81100	324.00000
19.81600	322.00000
19.82100	300.00000
19.82600	328.00000
19.83100	305.00000
19.83600	330.00000
19.84100	298.00000
19.84600	318.00000
19.85100	341.00000
19.85600	312.00000
19.86100	318.00000
19.86600	323.00000
19.87100	335.00000
19.87600	318.00000
19.88100	305.00000
19.88600	304.00000
19.89100	321.00000
19.89600	319.00000
19.90100	298.00000
19.90600	282.00000
19.91100	340.00000
19.91600	345.00000
19.92100	308.00000
19.92600	306.00000
19.93100	311.00000
19.93600	302.00000
19.94100	348.00000
19.94600	307.00000
19.95100	307.00000
19.95600	300.00000
19.96100	307.00000
19.96600	335.00000
19.97100	312.00000
19.97600	309.00000
19.98100	307.00000
19.98600	300.00000
19.99100	294.00000
19.99600	310.00000
20.00100	331.00000
20.00600	323.00000
20.01100	310.00000
20.01600	323.00000
20.02100	312.00000
20.02600	324.00000
20.03100	293.00000
20.03600	303.00000
20.04100	339.00000
20.04600	325.00000
20.05100	354.00000
20.05600	310.00000
20.06100	330.00000
20.06600	290.00000
20.07100	346.00000
20.07600	300.00000
20.08100	300.00000
20.08600	309.00000
20.09100	302.00000
20.09600	310.00000
20.10100	338.00000
20.10600	305.00000
20.11100	315.00000
20.11600	320.00000
20.12100	291.00000
20.12600	307.00000
20.13100	312.00000
20.13600	341.00000
20.14100	347.00000
20.14600	345.00000
20.15100	318.00000
20.15600	330.00000
20.16100	308.00000
20.16600	303.00000
20.17100	327.00000
20.17600	318.00000
20.18100	309.00000
20.18600	327.00000
20.19100	300.00000
20.19600	347.00000
20.20100	312.00000
20.20600	323.00000
20.21100	326.00000
20.21600	288.00000
20.22100	305.00000
20.22600	311.00000
20.23100	295.00000
20.23600	315.00000
20.24100	343.00000
20.24600	323.00000
20.25100	313.00000
20.25600	301.00000
20.26100	297.00000
20.26600	325.00000
20.27100	350.00000
20.27600	332.00000
20.28100	318.00000
20.28600	339.00000
20.29100	328.00000
20.29600	361.00000
20.30100	327.00000
20.30600	332.00000
20.31100	300.00000
20.31600	362.00000
20.32100	331.00000
20.32600	335.00000
20.33100	306.00000
20.33600	345.00000
20.34100	319.00000
20.34600	333.00000
20.35100	321.00000
20.35600	310.00000
20.36100	327.00000
20.36600	337.00000
20.37100	338.00000
20.37600	324.00000
20.38100	337.00000
20.38600	348.00000
20.39100	347.00000
20.39600	322.00000
20.40100	318.00000
20.40600	358.00000
20.41100	306.00000
20.41600	322.00000
20.42100	352.00000
20.42600	325.00000
20.43100	328.00000
20.43600	327.00000
20.44100	347.00000
20.44600	343.00000
20.45100	342.00000
20.45600	338.00000
20.46100	356.00000
20.46600	327.00000
20.47100	350.00000
20.47600	314.00000
20.48100	315.00000
20.48600	327.00000
20.49100	310.00000
20.49600	319.00000
20.50100	323.00000
20.50600	362.00000
20.51100	342.00000
20.51600	331.00000
20.52100	349.00000
20.52600	313.00000
20.53100	339.00000
20.53600	306.00000
20.54100	339.00000
20.54600	305.00000
20.55100	317.00000
20.55600	332.00000
20.56100	326.00000
20.56600	311.00000
20.57100	324.00000
20.57600	299.00000
20.58100	327.00000
20.58600	336.00000
20.59100	331.00000
20.59600	320.00000
20.60100	320.00000
20.60600	316.00000
20.61100	316.00000
20.61600	340.00000
20.62100	360.00000
20.62600	323.00000
20.63100	311.00000
20.63600	289.00000
20.64100	294.00000
20.64600	316.00000
20.65100	338.00000
20.65600	299.00000
20.66100	316.00000
20.66600	355.00000
20.67100	295.00000
20.67600	330.00000
20.68100	309.00000
20.68600	317.00000
20.69100	327.00000
20.69600	317.00000
20.70100	318.00000
20.70600	314.00000
20.71100	317.00000
20.71600	329.00000
20.72100	318.00000
20.72600	351.00000
20.73100	317.00000
20.73600	323.00000
20.74100	318.00000
20.74600	325.00000
20.75100	333.00000
20.75600	312.00000
20.76100	313.00000
20.76600	303.00000
20.77100	305.00000
20.77600	285.00000
20.78100	288.00000
20.78600	296.00000
20.79100	321.00000
20.79600	334.00000
20.80100	318.00000
20.80600	346.00000
20.81100	319.00000
20.81600	349.00000
20.82100	319.00000
20.82600	314.00000
20.83100	345.00000
20.83600	334.00000
20.84100	302.00000
20.84600	313.00000
20.85100	323.00000
20.85600	328.00000
20.86100	343.00000
20.86600	316.00000
20.87100	334.00000
20.87600	328.00000
20.88100	316.00000
20.88600	329.00000
20.89100	319.00000
20.89600	324.00000
20.90100	338.00000
20.90600	358.00000
20.91100	366.00000
20.91600	356.00000
20.92100	333.00000
20.92600	374.00000
20.93100	362.00000
20.93600	347.00000
20.94100	397.00000
20.94600	351.00000
20.95100	356.00000
20.95600	403.00000
20.96100	371.00000
20.96600	344.00000
20.97100	368.00000
20.97600	431.00000
20.98100	417.00000
20.98600	396.00000
20.99100	409.00000
20.99600	374.00000
21.00100	453.00000
21.00600	452.00000
21.01100	494.00000
21.01600	490.00000
21.02100	482.00000
21.02600	513.00000
21.03100	520.00000
21.03600	514.00000
21.04100	576.00000
21.04600	621.00000
21.05100	592.00000
21.05600	642.00000
21.06100	635.00000
21.06600	630.00000
21.07100	604.00000
21.07600	584.00000
21.08100	620.00000
21.08600	682.00000
21.09100	598.00000
21.09600	587.00000
21.10100	583.00000
21.10600	574.00000
21.11100	565.00000
21.11600	529.00000
21.12100	501.00000
21.12600	524.00000
21.13100	498.00000
21.13600	500.00000
21.14100	505.00000
21.14600	459.00000
21.15100	476.00000
21.15600	435.00000
21.16100	430.00000
21.16600	451.00000
21.17100	437.00000
21.17600	400.00000
21.18100	426.00000
21.18600	404.00000
21.19100	410.00000
21.19600	395.00000
21.20100	357.00000
21.20600	388.00000
21.21100	367.00000
21.21600	381.00000
21.22100	365.00000
21.22600	386.00000
21.23100	326.00000
21.23600	349.00000
21.24100	367.00000
21.24600	358.00000
21.25100	357.00000
21.25600	352.00000
21.26100	364.00000
21.26600	375.00000
21.27100	370.00000
21.27600	375.00000
21.28100	351.00000
21.28600	356.00000
21.29100	333.00000
21.29600	377.00000
21.30100	324.00000
21.30600	370.00000
21.31100	335.00000
21.31600	354.00000
21.32100	340.00000
21.32600	327.00000
21.33100	317.00000
21.33600	318.00000
21.34100	337.00000
21.34600	361.00000
21.35100	369.00000
21.35600	308.00000
21.36100	364.00000
21.36600	340.00000
21.37100	339.00000
21.37600	304.00000
21.38100	353.00000
21.38600	343.00000
21.39100	325.00000
21.39600	370.00000
21.40100	347.00000
21.40600	298.00000
21.41100	310.00000
21.41600	365.00000
21.42100	315.00000
21.42600	348.00000
21.43100	389.00000
21.43600	316.00000
21.44100	338.00000
21.44600	361.00000
21.45100	367.00000
21.45600	324.00000
21.46100	321.00000
21.46600	353.00000
21.47100	360.00000
21.47600	322.00000
21.48100	359.00000
21.48600	371.00000
21.49100	334.00000
21.49600	328.00000
21.50100	361.00000
21.50600	371.00000
21.51100	361.00000
21.51600	337.00000
21.52100	357.00000
21.52600	376.00000
21.53100	367.00000
21.53600	347.00000
21.54100	369.00000
21.54600	320.00000
21.55100	351.00000
21.55600	378.00000
21.56100	371.00000
21.56600	404.00000
21.57100	383.00000
21.57600	370.00000
21.58100	386.00000
21.58600	410.00000
21.59100	391.00000
21.59600	337.00000
21.60100	372.00000
21.60600	386.00000
21.61100	400.00000
21.61600	358.00000
21.62100	388.00000
21.62600	384.00000
21.63100	372.00000
21.63600	391.00000
21.64100	359.00000
21.64600	394.00000
21.65100	382.00000
21.65600	392.00000
21.66100	325.00000
21.66600	384.00000
21.67100	390.00000
21.67600	385.00000
21.68100	373.00000
21.68600	373.00000
21.69100	377.00000
21.69600	365.00000
21.70100	347.00000
21.70600	401.00000
21.71100	332.00000
21.71600	371.00000
21.72100	375.00000
21.72600	391.00000
21.73100	328.00000
21.73600	368.00000
21.74100	366.00000
21.74600	363.00000
21.75100	338.00000
21.75600	389.00000
21.76100	341.00000
21.76600	347.00000
21.77100	343.00000
21.77600	355.00000
21.78100	345.00000
21.78600	373.00000
21.79100	339.00000
21.79600	382.00000
21.80100	330.00000
21.80600	370.00000
21.81100	374.00000
21.81600	355.00000
21.82100	329.00000
21.82600	350.00000
21.83100	319.00000
21.83600	320.00000
21.84100	376.00000
21.84600	317.00000
21.85100	364.00000
21.85600	337.00000
21.86100	353.00000
21.86600	385.00000
21.87100	350.00000
21.87600	355.00000
21.88100	323.00000
21.88600	335.00000
21.89100	355.00000
21.89600	366.00000
21.90100	339.00000
21.90600	354.00000
21.91100	340.00000
21.91600	367.00000
21.92100	328.00000
21.92600	346.00000
21.93100	378.00000
21.93600	302.00000
21.94100	350.00000
21.94600	332.00000
21.95100	327.00000
21.95600	344.00000
21.96100	363.00000
21.96600	305.00000
21.97100	346.00000
21.97600	380.00000
21.98100	326.00000
21.98600	363.00000
21.99100	346.00000
21.99600	352.00000
22.00100	359.00000
22.00600	345.00000
22.01100	344.00000
22.01600	318.00000
22.02100	328.00000
22.02600	342.00000
22.03100	343.00000
22.03600	322.00000
22.04100	335.00000
22.04600	320.00000
22.05100	328.00000
22.05600	368.00000
22.06100	348.00000
22.06600	350.00000
22.07100	364.00000
22.07600	324.00000
22.08100	337.00000
22.08600	323.00000
22.09100	360.00000
22.09600	339.00000
22.10100	337.00000
22.10600	379.00000
22.11100	311.00000
22.11600	364.00000
22.12100	319.00000
22.12600	376.00000
22.13100	346.00000
22.13600	333.00000
22.14100	341.00000
22.14600	351.00000
22.15100	323.00000
22.15600	390.00000
22.16100	343.00000
22.16600	330.00000
22.17100	353.00000
22.17600	356.00000
22.18100	370.00000
22.18600	376.00000
22.19100	356.00000
22.19600	350.00000
22.20100	358.00000
22.20600	341.00000
22.21100	378.00000
22.21600	317.00000
22.22100	364.00000
22.22600	340.00000
22.23100	373.00000
22.23600	335.00000
22.24100	349.00000
22.24600	352.00000
22.25100	357.00000
22.25600	350.00000
22.26100	333.00000
22.26600	362.00000
22.27100	359.00000
22.27600	348.00000
22.28100	357.00000
22.28600	380.00000
22.29100	357.00000
22.29600	339.00000
22.30100	343.00000
22.30600	353.00000
22.31100	347.00000
22.31600	395.00000
22.32100	350.00000
22.32600	344.00000
22.33100	326.00000
22.33600	376.00000
22.34100	383.00000
22.34600	339.00000
22.35100	355.00000
22.35600	329.00000
22.36100	360.00000
22.36600	387.00000
22.37100	336.00000
22.37600	361.00000
22.38100	332.00000
22.38600	359.00000
22.39100	337.00000
22.39600	329.00000
22.40100	328.00000
22.40600	354.00000
22.41100	331.00000
22.41600	361.00000
22.42100	385.00000
22.42600	361.00000
22.43100	334.00000
22.43600	333.00000
22.44100	373.00000
22.44600	302.00000
22.45100	330.00000
22.45600	313.00000
22.46100	330.00000
22.46600	349.00000
22.47100	339.00000
22.47600	345.00000
22.48100	333.00000
22.48600	310.00000
22.49100	369.00000
22.49600	356.00000
22.50100	333.00000
22.50600	346.00000
22.51100	346.00000
22.51600	325.00000
22.52100	324.00000
22.52600	331.00000
22.53100	326.00000
22.53600	340.00000
22.54100	319.00000
22.54600	354.00000
22.55100	320.00000
22.55600	327.00000
22.56100	372.00000
22.56600	308.00000
22.57100	369.00000
22.57600	328.00000
22.58100	359.00000
22.58600	342.00000
22.59100	316.00000
22.59600	355.00000
22.60100	338.00000
22.60600	312.00000
22.61100	342.00000
22.61600	336.00000
22.62100	325.00000
22.62600	356.00000
22.63100	336.00000
22.63600	346.00000
22.64100	375.00000
22.64600	337.00000
22.65100	367.00000
22.65600	325.00000
22.66100	337.00000
22.66600	370.00000
22.67100	377.00000
22.67600	335.00000
22.68100	361.00000
22.68600	375.00000
22.69100	336.00000
22.69600	364.00000
22.70100	344.00000
22.70600	359.00000
22.71100	350.00000
22.71600	348.00000
22.72100	342.00000
22.72600	337.00000
22.73100	341.00000
22.73600	344.00000
22.74100	311.00000
22.74600	321.00000
22.75100	311.00000
22.75600	358.00000
22.76100	346.00000
22.76600	327.00000
22.77100	315.00000
22.77600	312.00000
22.78100	340.00000
22.78600	339.00000
22.79100	339.00000
22.79600	309.00000
22.80100	381.00000
22.80600	336.00000
22.81100	344.00000
22.81600	320.00000
22.82100	367.00000
22.82600	344.00000
22.83100	331.00000
22.83600	325.00000
22.84100	348.00000
22.84600	329.00000
22.85100	317.00000
22.85600	347.00000
22.86100	345.00000
22.86600	367.00000
22.87100	365.00000
22.87600	334.00000
22.88100	358.00000
22.88600	308.00000
22.89100	317.00000
22.89600	370.00000
22.90100	318.00000
22.90600	367.00000
22.91100	302.00000
22.91600	306.00000
22.92100	306.00000
22.92600	347.00000
22.93100	310.00000
22.93600	331.00000
22.94100	360.00000
22.94600	344.00000
22.95100	351.00000
22.95600	341.00000
22.96100	357.00000
22.96600	339.00000
22.97100	348.00000
22.97600	315.00000
22.98100	340.00000
22.98600	321.00000
22.99100	335.00000
22.99600	355.00000
23.00100	360.00000
23.00600	358.00000
23.01100	316.00000
23.01600	375.00000
23.02100	353.00000
23.02600	358.00000
23.03100	343.00000
23.03600	327.00000
23.04100	346.00000
23.04600	394.00000
23.05100	338.00000
23.05600	371.00000
23.06100	340.00000
23.06600	373.00000
23.07100	395.00000
23.07600	338.00000
23.08100	399.00000
23.08600	357.00000
23.09100	348.00000
23.09600	340.00000
23.10100	376.00000
23.10600	381.00000
23.11100	408.00000
23.11600	397.00000
23.12100	367.00000
23.12600	351.00000
23.13100	380.00000
23.13600	366.00000
23.14100	419.00000
23.14600	362.00000
23.15100	418.00000
23.15600	415.00000
23.16100	434.00000
23.16600	352.00000
23.17100	437.00000
23.17600	375.00000
23.18100	386.00000
23.18600	438.00000
23.19100	388.00000
23.19600	420.00000
23.20100	368.00000
23.20600	436.00000
23.21100	370.00000
23.21600	344.00000
23.22100	390.00000
23.22600	373.00000
23.23100	382.00000
23.23600	440.00000
23.24100	412.00000
23.24600	421.00000
23.25100	425.00000
23.25600	447.00000
23.26100	434.00000
23.26600	446.00000
23.27100	446.00000
23.27600	391.00000
23.28100	433.00000
23.28600	376.00000
23.29100	417.00000
23.29600	395.00000
23.30100	385.00000
23.30600	401.00000
23.31100	420.00000
23.31600	390.00000
23.32100	404.00000
23.32600	368.00000
23.33100	397.00000
23.33600	439.00000
23.34100	412.00000
23.34600	396.00000
23.35100	363.00000
23.35600	387.00000
23.36100	414.00000
23.36600	387.00000
23.37100	418.00000
23.37600	417.00000
23.38100	373.00000
23.38600	396.00000
23.39100	395.00000
23.39600	400.00000
23.40100	385.00000
23.40600	402.00000
23.41100	413.00000
23.41600	411.00000
23.42100	408.00000
23.42600	441.00000
23.43100	427.00000
23.43600	413.00000
23.44100	408.00000
23.44600	396.00000
23.45100	416.00000
23.45600	425.00000
23.46100	426.00000
23.46600	433.00000
23.47100	431.00000
23.47600	381.00000
23.48100	421.00000
23.48600	432.00000
23.49100	403.00000
23.49600	446.00000
23.50100	433.00000
23.50600	439.00000
23.51100	408.00000
23.51600	376.00000
23.52100	424.00000
23.52600	447.00000
23.53100	428.00000
23.53600	428.00000
23.54100	355.00000
23.54600	392.00000
23.55100	455.00000
23.55600	417.00000
23.56100	380.00000
23.56600	470.00000
23.57100	434.00000
23.57600	438.00000
23.58100	364.00000
23.58600	395.00000
23.59100	405.00000
23.59600	451.00000
23.60100	414.00000
23.60600	398.00000
23.61100	388.00000
23.61600	354.00000
23.62100	411.00000
23.62600	433.00000
23.63100	410.00000
23.63600	405.00000
23.64100	382.00000
23.64600	363.00000
23.65100	379.00000
23.65600	390.00000
23.66100	389.00000
23.66600	365.00000
23.67100	357.00000
23.67600	399.00000
23.68100	380.00000
23.68600	388.00000
23.69100	413.00000
23.69600	351.00000
23.70100	386.00000
23.70600	357.00000
23.71100	363.00000
23.71600	403.00000
23.72100	416.00000
23.72600	346.00000
23.73100	373.00000
23.73600	380.00000
23.74100	374.00000
23.74600	334.00000
23.75100	372.00000
23.75600	371.00000
23.76100	356.00000
23.76600	381.00000
23.77100	405.00000
23.77600	333.00000
23.78100	397.00000
23.78600	387.00000
23.79100	376.00000
23.79600	376.00000
23.80100	368.00000
23.80600	342.00000
23.81100	348.00000
23.81600	345.00000
23.82100	342.00000
23.82600	339.00000
23.83100	358.00000
23.83600	350.00000
23.84100	367.00000
23.84600	377.00000
23.85100	344.00000
23.85600	394.00000
23.86100	339.00000
23.86600	359.00000
23.87100	343.00000
23.87600	340.00000
23.88100	341.00000
23.88600	347.00000
23.89100	363.00000
23.89600	353.00000
23.90100	323.00000
23.90600	351.00000
23.91100	396.00000
23.91600	364.00000
23.92100	401.00000
23.92600	329.00000
23.93100	360.00000
23.93600	378.00000
23.94100	360.00000
23.94600	391.00000
23.95100	323.00000
23.95600	348.00000
23.96100	368.00000
23.96600	343.00000
23.97100	346.00000
23.97600	356.00000
23.98100	385.00000
23.98600	349.00000
23.99100	354.00000
23.99600	356.00000
24.00100	357.00000
24.00600	349.00000
24.01100	348.00000
24.01600	401.00000
24.02100	352.00000
24.02600	360.00000
24.03100	375.00000
24.03600	372.00000
24.04100	369.00000
24.04600	374.00000
24.05100	341.00000
24.05600	372.00000
24.06100	355.00000
24.06600	344.00000
24.07100	415.00000
24.07600	385.00000
24.08100	406.00000
24.08600	354.00000
24.09100	383.00000
24.09600	374.00000
24.10100	379.00000
24.10600	402.00000
24.11100	373.00000
24.11600	358.00000
24.12100	396.00000
24.12600	387.00000
24.13100	376.00000
24.13600	391.00000
24.14100	423.00000
24.14600	425.00000
24.15100	369.00000
24.15600	434.00000
24.16100	429.00000
24.16600	429.00000
24.17100	407.00000
24.17600	403.00000
24.18100	414.00000
24.18600	406.00000
24.19100	369.00000
24.19600	408.00000
24.20100	367.00000
24.20600	446.00000
24.21100	428.00000
24.21600	409.00000
24.22100	418.00000
24.22600	455.00000
24.23100	408.00000
24.23600	424.00000
24.24100	438.00000
24.24600	430.00000
24.25100	458.00000
24.25600	475.00000
24.26100	396.00000
24.26600	430.00000
24.27100	366.00000
24.27600	407.00000
24.28100	431.00000
24.28600	386.00000
24.29100	413.00000
24.29600	354.00000
24.30100	444.00000
24.30600	435.00000
24.31100	442.00000
24.31600	439.00000
24.32100	396.00000
24.32600	389.00000
24.33100	391.00000
24.33600	364.00000
24.34100	404.00000
24.34600	339.00000
24.35100	329.00000
24.35600	368.00000
24.36100	398.00000
24.36600	409.00000
24.37100	437.00000
24.37600	379.00000
24.38100	403.00000
24.38600	406.00000
24.39100	359.00000
24.39600	424.00000
24.40100	314.00000
24.40600	319.00000
24.41100	393.00000
24.41600	351.00000
24.42100	425.00000
24.42600	397.00000
24.43100	370.00000
24.43600	398.00000
24.44100	399.00000
24.44600	335.00000
24.45100	385.00000
24.45600	395.00000
24.46100	328.00000
24.46600	380.00000
24.47100	368.00000
24.47600	384.00000
24.48100	308.00000
24.48600	420.00000
24.49100	399.00000
24.49600	334.00000
24.50100	390.00000
24.50600	393.00000
24.51100	367.00000
24.51600	390.00000
24.52100	361.00000
24.52600	414.00000
24.53100	406.00000
24.53600	373.00000
24.54100	388.00000
24.54600	393.00000
24.55100	376.00000
24.55600	408.00000
24.56100	375.00000
24.56600	394.00000
24.57100	383.00000
24.57600	413.00000
24.58100	391.00000
24.58600	362.00000
24.59100	406.00000
24.59600	364.00000
24.60100	357.00000
24.60600	401.00000
24.61100	424.00000
24.61600	309.00000
24.62100	401.00000
24.62600	425.00000
24.63100	377.00000
24.63600	368.00000
24.64100	359.00000
24.64600	407.00000
24.65100	364.00000
24.65600	398.00000
24.66100	312.00000
24.66600	380.00000
24.67100	366.00000
24.67600	383.00000
24.68100	396.00000
24.68600	384.00000
24.69100	377.00000
24.69600	341.00000
24.70100	319.00000
24.70600	411.00000
24.71100	358.00000
24.71600	373.00000
24.72100	392.00000
24.72600	364.00000
24.73100	356.00000
24.73600	366.00000
24.74100	377.00000
24.74600	370.00000
24.75100	361.00000
24.75600	398.00000
24.76100	358.00000
24.76600	372.00000
24.77100	367.00000
24.77600	365.00000
24.78100	357.00000
24.78600	338.00000
24.79100	335.00000
24.79600	342.00000
24.80100	393.00000
24.80600	384.00000
24.81100	368.00000
24.81600	384.00000
24.82100	387.00000
24.82600	377.00000
24.83100	368.00000
24.83600	401.00000
24.84100	397.00000
24.84600	355.00000
24.85100	389.00000
24.85600	414.00000
24.86100	398.00000
24.86600	391.00000
24.87100	363.00000
24.87600	367.00000
24.88100	343.00000
24.88600	364.00000
24.89100	426.00000
24.89600	360.00000
24.90100	369.00000
24.90600	361.00000
24.91100	361.00000
24.91600	358.00000
24.92100	396.00000
24.92600	375.00000
24.93100	399.00000
24.93600	389.00000
24.94100	406.00000
24.94600	364.00000
24.95100	391.00000
24.95600	376.00000
24.96100	397.00000
24.96600	377.00000
24.97100	394.00000
24.97600	381.00000
24.98100	370.00000
24.98600	380.00000
24.99100	393.00000
24.99600	353.00000
25.00100	370.00000
25.00600	394.00000
25.01100	374.00000
25.01600	398.00000
25.02100	342.00000
25.02600	386.00000
25.03100	396.00000
25.03600	398.00000
25.04100	383.00000
25.04600	391.00000
25.05100	390.00000
25.05600	346.00000
25.06100	397.00000
25.06600	358.00000
25.07100	343.00000
25.07600	351.00000
25.08100	357.00000
25.08600	354.00000
25.09100	331.00000
25.09600	344.00000
25.10100	355.00000
25.10600	336.00000
25.11100	324.00000
25.11600	348.00000
25.12100	334.00000
25.12600	350.00000
25.13100	341.00000
25.13600	336.00000
25.14100	346.00000
25.14600	331.00000
25.15100	332.00000
25.15600	318.00000
25.16100	348.00000
25.16600	329.00000
25.17100	349.00000
25.17600	369.00000
25.18100	332.00000
25.18600	327.00000
25.19100	332.00000
25.19600	323.00000
25.20100	358.00000
25.20600	364.00000
25.21100	341.00000
25.21600	350.00000
25.22100	370.00000
25.22600	352.00000
25.23100	332.00000
25.23600	308.00000
25.24100	349.00000
25.24600	323.00000
25.25100	325.00000
25.25600	329.00000
25.26100	313.00000
25.26600	340.00000
25.27100	331.00000
25.27600	343.00000
25.28100	350.00000
25.28600	349.00000
25.29100	349.00000
25.29600	301.00000
25.30100	307.00000
25.30600	315.00000
25.31100	326.00000
25.31600	357.00000
25.32100	323.00000
25.32600	304.00000
25.33100	314.00000
25.33600	343.00000
25.34100	369.00000
25.34600	334.00000
25.35100	300.00000
25.35600	305.00000
25.36100	371.00000
25.36600	349.00000
25.37100	325.00000
25.37600	322.00000
25.38100	316.00000
25.38600	304.00000
25.39100	330.00000
25.39600	362.00000
25.40100	340.00000
25.40600	366.00000
25.41100	345.00000
25.41600	328.00000
25.42100	325.00000
25.42600	318.00000
25.43100	355.00000
25.43600	317.00000
25.44100	298.00000
25.44600	331.00000
25.45100	356.00000
25.45600	369.00000
25.46100	356.00000
25.46600	366.00000
25.47100	333.00000
25.47600	291.00000
25.48100	284.00000
25.48600	337.00000
25.49100	305.00000
25.49600	317.00000
25.50100	319.00000
25.50600	355.00000
25.51100	342.00000
25.51600	331.00000
25.52100	366.00000
25.52600	322.00000
25.53100	362.00000
25.53600	317.00000
25.54100	331.00000
25.54600	322.00000
25.55100	335.00000
25.55600	296.00000
25.56100	296.00000
25.56600	332.00000
25.57100	335.00000
25.57600	288.00000
25.58100	326.00000
25.58600	322.00000
25.59100	320.00000
25.59600	339.00000
25.60100	310.00000
25.60600	371.00000
25.61100	302.00000
25.61600	319.00000
25.62100	314.00000
25.62600	302.00000
25.63100	311.00000
25.63600	309.00000
25.64100	318.00000
25.64600	369.00000
25.65100	316.00000
25.65600	371.00000
25.66100	339.00000
25.66600	327.00000
25.67100	366.00000
25.67600	336.00000
25.68100	349.00000
25.68600	359.00000
25.69100	314.00000
25.69600	369.00000
25.70100	352.00000
25.70600	303.00000
25.71100	346.00000
25.71600	327.00000
25.72100	350.00000
25.72600	324.00000
25.73100	357.00000
25.73600	347.00000
25.74100	351.00000
25.74600	366.00000
25.75100	348.00000
25.75600	388.00000
25.76100	380.00000
25.76600	334.00000
25.77100	345.00000
25.77600	392.00000
25.78100	348.00000
25.78600	360.00000
25.79100	398.00000
25.79600	343.00000
25.80100	365.00000
25.80600	375.00000
25.81100	348.00000
25.81600	362.00000
25.82100	357.00000
25.82600	351.00000
25.83100	385.00000
25.83600	387.00000
25.84100	399.00000
25.84600	355.00000
25.85100	336.00000
25.85600	365.00000
25.86100	387.00000
25.86600	350.00000
25.87100	338.00000
25.87600	419.00000
25.88100	345.00000
25.88600	407.00000
25.89100	359.00000
25.89600	388.00000
25.90100	376.00000
25.90600	379.00000
25.91100	418.00000
25.91600	358.00000
25.92100	432.00000
25.92600	372.00000
25.93100	377.00000
25.93600	382.00000
25.94100	356.00000
25.94600	397.00000
25.95100	355.00000
25.95600	399.00000
25.96100	429.00000
25.96600	436.00000
25.97100	387.00000
25.97600	403.00000
25.98100	438.00000
25.98600	401.00000
25.99100	368.00000
25.99600	415.00000
26.00100	369.00000
26.00600	422.00000
26.01100	354.00000
26.01600	385.00000
26.02100	382.00000
26.02600	366.00000
26.03100	379.00000
26.03600	411.00000
26.04100	437.00000
26.04600	378.00000
26.05100	385.00000
26.05600	386.00000
26.06100	373.00000
26.06600	422.00000
26.07100	398.00000
26.07600	397.00000
26.08100	432.00000
26.08600	367.00000
26.09100	426.00000
26.09600	389.00000
26.10100	388.00000
26.10600	433.00000
26.11100	409.00000
26.11600	372.00000
26.12100	410.00000
26.12600	405.00000
26.13100	384.00000
26.13600	370.00000
26.14100	385.00000
26.14600	379.00000
26.15100	401.00000
26.15600	425.00000
26.16100	408.00000
26.16600	360.00000
26.17100	368.00000
26.17600	406.00000
26.18100	340.00000
26.18600	372.00000
26.19100	346.00000
26.19600	388.00000
26.20100	381.00000
26.20600	405.00000
26.21100	366.00000
26.21600	362.00000
26.22100	368.00000
26.22600	349.00000
26.23100	355.00000
26.23600	351.00000
26.24100	386.00000
26.24600	357.00000
26.25100	371.00000
26.25600	371.00000
26.26100	326.00000
26.26600	378.00000
26.27100	368.00000
26.27600	373.00000
26.28100	353.00000
26.28600	341.00000
26.29100	335.00000
26.29600	369.00000
26.30100	355.00000
26.30600	342.00000
26.31100	331.00000
26.31600	341.00000
26.32100	371.00000
26.32600	326.00000
26.33100	305.00000
26.33600	366.00000
26.34100	360.00000
26.34600	393.00000
26.35100	371.00000
26.35600	364.00000
26.36100	365.00000
26.36600	372.00000
26.37100	353.00000
26.37600	325.00000
26.38100	314.00000
26.38600	389.00000
26.39100	338.00000
26.39600	325.00000
26.40100	393.00000
26.40600	318.00000
26.41100	381.00000
26.41600	313.00000
26.42100	341.00000
26.42600	331.00000
26.43100	332.00000
26.43600	379.00000
26.44100	349.00000
26.44600	391.00000
26.45100	358.00000
26.45600	311.00000
26.46100	395.00000
26.46600	343.00000
26.47100	340.00000
26.47600	333.00000
26.48100	331.00000
26.48600	377.00000
26.49100	321.00000
26.49600	342.00000
26.50100	341.00000
26.50600	341.00000
26.51100	326.00000
26.51600	375.00000
26.52100	325.00000
26.52600	350.00000
26.53100	324.00000
26.53600	381.00000
26.54100	312.00000
26.54600	312.00000
26.55100	363.00000
26.55600	308.00000
26.56100	357.00000
26.56600	366.00000
26.57100	363.00000
26.57600	324.00000
26.58100	388.00000
26.58600	350.00000
26.59100	315.00000
26.59600	349.00000
26.60100	330.00000
26.60600	334.00000
26.61100	337.00000
26.61600	290.00000
26.62100	343.00000
26.62600	325.00000
26.63100	319.00000
26.63600	307.00000
26.64100	298.00000
26.64600	285.00000
26.65100	348.00000
26.65600	330.00000
26.66100	299.00000
26.66600	330.00000
26.67100	332.00000
26.67600	334.00000
26.68100	316.00000
26.68600	313.00000
26.69100	295.00000
26.69600	315.00000
26.70100	334.00000
26.70600	289.00000
26.71100	340.00000
26.71600	317.00000
26.72100	273.00000
26.72600	345.00000
26.73100	380.00000
26.73600	322.00000
26.74100	327.00000
26.74600	332.00000
26.75100	285.00000
26.75600	322.00000
26.76100	318.00000
26.76600	319.00000
26.77100	341.00000
26.77600	327.00000
26.78100	377.00000
26.78600	343.00000
26.79100	303.00000
26.79600	363.00000
26.80100	295.00000
26.80600	328.00000
26.81100	297.00000
26.81600	291.00000
26.82100	306.00000
26.82600	324.00000
26.83100	313.00000
26.83600	297.00000
26.84100	347.00000
26.84600	313.00000
26.85100	299.00000
26.85600	383.00000
26.86100	352.00000
26.86600	309.00000
26.87100	290.00000
26.87600	368.00000
26.88100	337.00000
26.88600	301.00000
26.89100	333.00000
26.89600	354.00000
26.90100	317.00000
26.90600	354.00000
26.91100	316.00000
26.91600	313.00000
26.92100	385.00000
26.92600	366.00000
26.93100	393.00000
26.93600	333.00000
26.94100	385.00000
26.94600	334.00000
26.95100	364.00000
26.95600	302.00000
26.96100	364.00000
26.96600	333.00000
26.97100	351.00000
26.97600	363.00000
26.98100	375.00000
26.98600	363.00000
26.99100	342.00000
26.99600	334.00000
27.00100	365.00000
27.00600	385.00000
27.01100	357.00000
27.01600	355.00000
27.02100	365.00000
27.02600	367.00000
27.03100	356.00000
27.03600	378.00000
27.04100	360.00000
27.04600	381.00000
27.05100	355.00000
27.05600	329.00000
27.06100	362.00000
27.06600	397.00000
27.07100	393.00000
27.07600	357.00000
27.08100	372.00000
27.08600	387.00000
27.09100	374.00000
27.09600	356.00000
27.10100	371.00000
27.10600	342.00000
27.11100	325.00000
27.11600	391.00000
27.12100	327.00000
27.12600	373.00000
27.13100	345.00000
27.13600	334.00000
27.14100	357.00000
27.14600	392.00000
27.15100	357.00000
27.15600	352.00000
27.16100	346.00000
27.16600	327.00000
27.17100	388.00000
27.17600	338.00000
27.18100	344.00000
27.18600	351.00000
27.19100	343.00000
27.19600	307.00000
27.20100	324.00000
27.20600	363.00000
27.21100	334.00000
27.21600	353.00000
27.22100	364.00000
27.22600	348.00000
27.23100	332.00000
27.23600	367.00000
27.24100	350.00000
27.24600	353.00000
27.25100	341.00000
27.25600	333.00000
27.26100	350.00000
27.26600	336.00000
27.27100	336.00000
27.27600	316.00000
27.28100	333.00000
27.28600	344.00000
27.29100	336.00000
27.29600	351.00000
27.30100	345.00000
27.30600	300.00000
27.31100	322.00000
27.31600	344.00000
27.32100	337.00000
27.32600	320.00000
27.33100	366.00000
27.33600	365.00000
27.34100	305.00000
27.34600	351.00000
27.35100	340.00000
27.35600	352.00000
27.36100	312.00000
27.36600	360.00000
27.37100	304.00000
27.37600	306.00000
27.38100	333.00000
27.38600	322.00000
27.39100	324.00000
27.39600	343.00000
27.40100	317.00000
27.40600	344.00000
27.41100	309.00000
27.41600	338.00000
27.42100	356.00000
27.42600	349.00000
27.43100	306.00000
27.43600	305.00000
27.44100	300.00000
27.44600	326.00000
27.45100	327.00000
27.45600	294.00000
27.46100	342.00000
27.46600	348.00000
27.47100	313.00000
27.47600	322.00000
27.48100	347.00000
27.48600	316.00000
27.49100	311.00000
27.49600	307.00000
27.50100	324.00000
27.50600	330.00000
27.51100	359.00000
27.51600	332.00000
27.52100	304.00000
27.52600	330.00000
27.53100	343.00000
27.53600	299.00000
27.54100	321.00000
27.54600	348.00000
27.55100	291.00000
27.55600	351.00000
27.56100	348.00000
27.56600	322.00000
27.57100	310.00000
27.57600	310.00000
27.58100	302.00000
27.58600	308.00000
27.59100	316.00000
27.59600	325.00000
27.60100	337.00000
27.60600	296.00000
27.61100	341.00000
27.61600	320.00000
27.62100	310.00000
27.62600	313.00000
27.63100	326.00000
27.63600	343.00000
27.64100	285.00000
27.64600	304.00000
27.65100	311.00000
27.65600	303.00000
27.66100	322.00000
27.66600	352.00000
27.67100	334.00000
27.67600	283.00000
27.68100	330.00000
27.68600	294.00000
27.69100	299.00000
27.69600	311.00000
27.70100	320.00000
27.70600	318.00000
27.71100	296.00000
27.71600	347.00000
27.72100	340.00000
27.72600	319.00000
27.73100	341.00000
27.73600	286.00000
27.74100	302.00000
27.74600	302.00000
27.75100	336.00000
27.75600	335.00000
27.76100	288.00000
27.76600	309.00000
27.77100	313.00000
27.77600	328.00000
27.78100	294.00000
27.78600	333.00000
27.79100	348.00000
27.79600	303.00000
27.80100	326.00000
27.80600	342.00000
27.81100	317.00000
27.81600	326.00000
27.82100	320.00000
27.82600	322.00000
27.83100	268.00000
27.83600	300.00000
27.84100	304.00000
27.84600	315.00000
27.85100	349.00000
27.85600	350.00000
27.86100	295.00000
27.86600	334.00000
27.87100	291.00000
27.87600	289.00000
27.88100	326.00000
27.88600	327.00000
27.89100	287.00000
27.89600	340.00000
27.90100	312.00000
27.90600	339.00000
27.91100	282.00000
27.91600	316.00000
27.92100	311.00000
27.92600	311.00000
27.93100	316.00000
27.93600	316.00000
27.94100	338.00000
27.94600	325.00000
27.95100	301.00000
27.95600	314.00000
27.96100	312.00000
27.96600	295.00000
27.97100	325.00000
27.97600	351.00000
27.98100	303.00000
27.98600	344.00000
27.99100	298.00000
27.99600	342.00000
28.00100	346.00000
28.00600	337.00000
28.01100	299.00000
28.01600	288.00000
28.02100	346.00000
28.02600	362.00000
28.03100	307.00000
28.03600	343.00000
28.04100	313.00000
28.04600	328.00000
28.05100	305.00000
28.05600	267.00000
28.06100	317.00000
28.06600	329.00000
28.07100	350.00000
28.07600	282.00000
28.08100	342.00000
28.08600	351.00000
28.09100	310.00000
28.09600	334.00000
28.10100	323.00000
28.10600	285.00000
28.11100	293.00000
28.11600	347.00000
28.12100	306.00000
28.12600	337.00000
28.13100	349.00000
28.13600	330.00000
28.14100	322.00000
28.14600	339.00000
28.15100	308.00000
28.15600	324.00000
28.16100	315.00000
28.16600	329.00000
28.17100	330.00000
28.17600	332.00000
28.18100	336.00000
28.18600	321.00000
28.19100	307.00000
28.19600	319.00000
28.20100	316.00000
28.20600	369.00000
28.21100	294.00000
28.21600	318.00000
28.22100	353.00000
28.22600	327.00000
28.23100	300.00000
28.23600	296.00000
28.24100	328.00000
28.24600	349.00000
28.25100	322.00000
28.25600	345.00000
28.26100	345.00000
28.26600	315.00000
28.27100	327.00000
28.27600	320.00000
28.28100	339.00000
28.28600	317.00000
28.29100	349.00000
28.29600	346.00000
28.30100	324.00000
28.30600	325.00000
28.31100	372.00000
28.31600	351.00000
28.32100	302.00000
28.32600	334.00000
28.33100	324.00000
28.33600	288.00000
28.34100	326.00000
28.34600	302.00000
28.35100	351.00000
28.35600	343.00000
28.36100	366.00000
28.36600	320.00000
28.37100	361.00000
28.37600	294.00000
28.38100	349.00000
28.38600	338.00000
28.39100	318.00000
28.39600	302.00000
28.40100	289.00000
28.40600	376.00000
28.41100	343.00000
28.41600	332.00000
28.42100	379.00000
28.42600	312.00000
28.43100	335.00000
28.43600	344.00000
28.44100	328.00000
28.44600	381.00000
28.45100	311.00000
28.45600	336.00000
28.46100	362.00000
28.46600	366.00000
28.47100	337.00000
28.47600	318.00000
28.48100	367.00000
28.48600	346.00000
28.49100	378.00000
28.49600	296.00000
28.50100	326.00000
28.50600	317.00000
28.51100	333.00000
28.51600	358.00000
28.52100	306.00000
28.52600	332.00000
28.53100	325.00000
28.53600	366.00000
28.54100	348.00000
28.54600	351.00000
28.55100	363.00000
28.55600	348.00000
28.56100	348.00000
28.56600	314.00000
28.57100	322.00000
28.57600	326.00000
28.58100	348.00000
28.58600	340.00000
28.59100	357.00000
28.59600	365.00000
28.60100	362.00000
28.60600	346.00000
28.61100	329.00000
28.61600	331.00000
28.62100	317.00000
28.62600	374.00000
28.63100	370.00000
28.63600	341.00000
28.64100	330.00000
28.64600	345.00000
28.65100	286.00000
28.65600	345.00000
28.66100	347.00000
28.66600	329.00000
28.67100	338.00000
28.67600	329.00000
28.68100	293.00000
28.68600	303.00000
28.69100	300.00000
28.69600	300.00000
28.70100	292.00000
28.70600	296.00000
28.71100	347.00000
28.71600	286.00000
28.72100	314.00000
28.72600	310.00000
28.73100	304.00000
28.73600	314.00000
28.74100	273.00000
28.74600	345.00000
28.75100	268.00000
28.75600	334.00000
28.76100	296.00000
28.76600	329.00000
28.77100	355.00000
28.77600	273.00000
28.78100	327.00000
28.78600	308.00000
28.79100	339.00000
28.79600	263.00000
28.80100	284.00000
28.80600	294.00000
28.81100	305.00000
28.81600	336.00000
28.82100	318.00000
28.82600	286.00000
28.83100	339.00000
28.83600	301.00000
28.84100	279.00000
28.84600	305.00000
28.85100	282.00000
28.85600	307.00000
28.86100	347.00000
28.86600	331.00000
28.87100	283.00000
28.87600	298.00000
28.88100	325.00000
28.88600	300.00000
28.89100	270.00000
28.89600	334.00000
28.90100	323.00000
28.90600	326.00000
28.91100	289.00000
28.91600	296.00000
28.92100	318.00000
28.92600	332.00000
28.93100	269.00000
28.93600	320.00000
28.94100	315.00000
28.94600	316.00000
28.95100	320.00000
28.95600	288.00000
28.96100	332.00000
28.96600	332.00000
28.97100	276.00000
28.97600	335.00000
28.98100	327.00000
28.98600	321.00000
28.99100	271.00000
28.99600	324.00000
29.00100	321.00000
29.00600	278.00000
29.01100	290.00000
29.01600	313.00000
29.02100	305.00000
29.02600	263.00000
29.03100	338.00000
29.03600	335.00000
29.04100	333.00000
29.04600	280.00000
29.05100	296.00000
29.05600	316.00000
29.06100	313.00000
29.06600	296.00000
29.07100	348.00000
29.07600	326.00000
29.08100	312.00000
29.08600	313.00000
29.09100	359.00000
29.09600	306.00000
29.10100	275.00000
29.10600	315.00000
29.11100	288.00000
29.11600	263.00000
29.12100	291.00000
29.12600	313.00000
29.13100	288.00000
29.13600	320.00000
29.14100	327.00000
29.14600	342.00000
29.15100	336.00000
29.15600	291.00000
29.16100	303.00000
29.16600	275.00000
29.17100	267.00000
29.17600	303.00000
29.18100	329.00000
29.18600	275.00000
29.19100	269.00000
29.19600	353.00000
29.20100	265.00000
29.20600	333.00000
29.21100	311.00000
29.21600	303.00000
29.22100	294.00000
29.22600	277.00000
29.23100	344.00000
29.23600	258.00000
29.24100	282.00000
29.24600	346.00000
29.25100	288.00000
29.25600	295.00000
29.26100	301.00000
29.26600	298.00000
29.27100	305.00000
29.27600	268.00000
29.28100	327.00000
29.28600	253.00000
29.29100	340.00000
29.29600	268.00000
29.30100	336.00000
29.30600	279.00000
29.31100	317.00000
29.31600	342.00000
29.32100	345.00000
29.32600	315.00000
29.33100	298.00000
29.33600	294.00000
29.34100	280.00000
29.34600	302.00000
29.35100	279.00000
29.35600	321.00000
29.36100	309.00000
29.36600	285.00000
29.37100	293.00000
29.37600	260.00000
29.38100	279.00000
29.38600	314.00000
29.39100	305.00000
29.39600	314.00000
29.40100	279.00000
29.40600	337.00000
29.41100	326.00000
29.41600	309.00000
29.42100	281.00000
29.42600	286.00000
29.43100	302.00000
29.43600	268.00000
29.44100	309.00000
29.44600	309.00000
29.45100	280.00000
29.45600	322.00000
29.46100	262.00000
29.46600	323.00000
29.47100	285.00000
29.47600	334.00000
29.48100	280.00000
29.48600	311.00000
29.49100	342.00000
29.49600	348.00000
29.50100	255.00000
29.50600	272.00000
29.51100	292.00000
29.51600	333.00000
29.52100	303.00000
29.52600	305.00000
29.53100	322.00000
29.53600	274.00000
29.54100	315.00000
29.54600	316.00000
29.55100	316.00000
29.55600	284.00000
29.56100	255.00000
29.56600	322.00000
29.57100	282.00000
29.57600	312.00000
29.58100	302.00000
29.58600	277.00000
29.59100	279.00000
29.59600	312.00000
29.60100	271.00000
29.60600	293.00000
29.61100	318.00000
29.61600	300.00000
29.62100	294.00000
29.62600	290.00000
29.63100	297.00000
29.63600	302.00000
29.64100	303.00000
29.64600	289.00000
29.65100	285.00000
29.65600	268.00000
29.66100	290.00000
29.66600	273.00000
29.67100	308.00000
29.67600	288.00000
29.68100	322.00000
29.68600	303.00000
29.69100	264.00000
29.69600	294.00000
29.70100	291.00000
29.70600	263.00000
29.71100	303.00000
29.71600	265.00000
29.72100	295.00000
29.72600	290.00000
29.73100	268.00000
29.73600	272.00000
29.74100	321.00000
29.74600	323.00000
29.75100	304.00000
29.75600	273.00000
29.76100	280.00000
29.76600	271.00000
29.77100	315.00000
29.77600	319.00000
29.78100	289.00000
29.78600	292.00000
29.79100	315.00000
29.79600	298.00000
29.80100	293.00000
29.80600	292.00000
29.81100	295.00000
29.81600	296.00000
29.82100	291.00000
29.82600	286.00000
29.83100	275.00000
29.83600	280.00000
29.84100	313.00000
29.84600	312.00000
29.85100	280.00000
29.85600	299.00000
29.86100	278.00000
29.86600	286.00000
29.87100	278.00000
29.87600	279.00000
29.88100	270.00000
29.88600	315.00000
29.89100	302.00000
29.89600	278.00000
29.90100	288.00000
29.90600	268.00000
29.91100	289.00000
29.91600	292.00000
29.92100	306.00000
29.92600	275.00000
29.93100	298.00000
29.93600	300.00000
29.94100	285.00000
29.94600	293.00000
29.95100	281.00000
29.95600	294.00000
29.96100	309.00000
29.96600	292.00000
29.97100	284.00000
29.97600	267.00000
29.98100	262.00000
29.98600	298.00000
29.99100	301.00000
29.99600	314.00000
30.00100	313.00000
30.00600	259.00000
30.01100	293.00000
30.01600	282.00000
30.02100	306.00000
30.02600	297.00000
30.03100	283.00000
30.03600	307.00000
30.04100	269.00000
30.04600	282.00000
30.05100	294.00000
30.05600	263.00000
30.06100	295.00000
30.06600	270.00000
30.07100	299.00000
30.07600	298.00000
30.08100	305.00000
30.08600	278.00000
30.09100	297.00000
30.09600	314.00000
30.10100	297.00000
30.10600	302.00000
30.11100	299.00000
30.11600	288.00000
30.12100	284.00000
30.12600	291.00000
30.13100	289.00000
30.13600	296.00000
30.14100	274.00000
30.14600	312.00000
30.15100	302.00000
30.15600	315.00000
30.16100	299.00000
30.16600	295.00000
30.17100	314.00000
30.17600	283.00000
30.18100	292.00000
30.18600	291.00000
30.19100	271.00000
30.19600	310.00000
30.20100	293.00000
30.20600	305.00000
30.21100	307.00000
30.21600	286.00000
30.22100	298.00000
30.22600	324.00000
30.23100	288.00000
30.23600	296.00000
30.24100	308.00000
30.24600	292.00000
30.25100	315.00000
30.25600	304.00000
30.26100	296.00000
30.26600	316.00000
30.27100	263.00000
30.27600	295.00000
30.28100	293.00000
30.28600	254.00000
30.29100	282.00000
30.29600	312.00000
30.30100	306.00000
30.30600	290.00000
30.31100	307.00000
30.31600	304.00000
30.32100	304.00000
30.32600	342.00000
30.33100	306.00000
30.33600	271.00000
30.34100	284.00000
30.34600	301.00000
30.35100	294.00000
30.35600	293.00000
30.36100	287.00000
30.36600	320.00000
30.37100	256.00000
30.37600	317.00000
30.38100	318.00000
30.38600	291.00000
30.39100	311.00000
30.39600	278.00000
30.40100	287.00000
30.40600	291.00000
30.41100	274.00000
30.41600	256.00000
30.42100	308.00000
30.42600	295.00000
30.43100	275.00000
30.43600	325.00000
30.44100	291.00000
30.44600	291.00000
30.45100	355.00000
30.45600	300.00000
30.46100	299.00000
30.46600	270.00000
30.47100	267.00000
30.47600	255.00000
30.48100	290.00000
30.48600	318.00000
30.49100	320.00000
30.49600	306.00000
30.50100	308.00000
30.50600	257.00000
30.51100	288.00000
30.51600	285.00000
30.52100	272.00000
30.52600	285.00000
30.53100	275.00000
30.53600	289.00000
30.54100	287.00000
30.54600	266.00000
30.55100	286.00000
30.55600	269.00000
30.56100	315.00000
30.56600	273.00000
30.57100	288.00000
30.57600	321.00000
30.58100	301.00000
30.58600	340.00000
30.59100	312.00000
30.59600	289.00000
30.60100	287.00000
30.60600	264.00000
30.61100	306.00000
30.61600	303.00000
30.62100	295.00000
30.62600	314.00000
30.63100	339.00000
30.63600	283.00000
30.64100	308.00000
30.64600	304.00000
30.65100	327.00000
30.65600	256.00000
30.66100	316.00000
30.66600	260.00000
30.67100	273.00000
30.67600	275.00000
30.68100	282.00000
30.68600	315.00000
30.69100	333.00000
30.69600	298.00000
30.70100	327.00000
30.70600	306.00000
30.71100	310.00000
30.71600	303.00000
30.72100	286.00000
30.72600	343.00000
30.73100	317.00000
30.73600	300.00000
30.74100	302.00000
30.74600	312.00000
30.75100	324.00000
30.75600	293.00000
30.76100	307.00000
30.76600	322.00000
30.77100	282.00000
30.77600	311.00000
30.78100	284.00000
30.78600	325.00000
30.79100	290.00000
30.79600	332.00000
30.80100	255.00000
30.80600	319.00000
30.81100	311.00000
30.81600	298.00000
30.82100	269.00000
30.82600	314.00000
30.83100	305.00000
30.83600	282.00000
30.84100	303.00000
30.84600	300.00000
30.85100	309.00000
30.85600	323.00000
30.86100	331.00000
30.86600	351.00000
30.87100	295.00000
30.87600	306.00000
30.88100	313.00000
30.88600	336.00000
30.89100	351.00000
30.89600	336.00000
30.90100	334.00000
30.90600	332.00000
30.91100	322.00000
30.91600	363.00000
30.92100	329.00000
30.92600	338.00000
30.93100	332.00000
30.93600	363.00000
30.94100	351.00000
30.94600	340.00000
30.95100	347.00000
30.95600	335.00000
30.96100	302.00000
30.96600	335.00000
30.97100	363.00000
30.97600	311.00000
30.98100	331.00000
30.98600	341.00000
30.99100	377.00000
30.99600	361.00000
31.00100	370.00000
31.00600	302.00000
31.01100	355.00000
31.01600	360.00000
31.02100	358.00000
31.02600	388.00000
31.03100	353.00000
31.03600	377.00000
31.04100	360.00000
31.04600	397.00000
31.05100	351.00000
31.05600	278.00000
31.06100	363.00000
31.06600	386.00000
31.07100	283.00000
31.07600	348.00000
31.08100	386.00000
31.08600	362.00000
31.09100	369.00000
31.09600	306.00000
31.10100	391.00000
31.10600	360.00000
31.11100	345.00000
31.11600	289.00000
31.12100	399.00000
31.12600	365.00000
31.13100	328.00000
31.13600	381.00000
31.14100	351.00000
31.14600	306.00000
31.15100	326.00000
31.15600	303.00000
31.16100	347.00000
31.16600	346.00000
31.17100	328.00000
31.17600	347.00000
31.18100	339.00000
31.18600	310.00000
31.19100	332.00000
31.19600	320.00000
31.20100	343.00000
31.20600	319.00000
31.21100	341.00000
31.21600	347.00000
31.22100	326.00000
31.22600	354.00000
31.23100	323.00000
31.23600	324.00000
31.24100	281.00000
31.24600	304.00000
31.25100	323.00000
31.25600	320.00000
31.26100	315.00000
31.26600	333.00000
31.27100	353.00000
31.27600	339.00000
31.28100	317.00000
31.28600	336.00000
31.29100	337.00000
31.29600	321.00000
31.30100	296.00000
31.30600	288.00000
31.31100	302.00000
31.31600	315.00000
31.32100	312.00000
31.32600	332.00000
31.33100	310.00000
31.33600	315.00000
31.34100	292.00000
31.34600	318.00000
31.35100	295.00000
31.35600	328.00000
31.36100	302.00000
31.36600	279.00000
31.37100	262.00000
31.37600	316.00000
31.38100	324.00000
31.38600	271.00000
31.39100	294.00000
31.39600	317.00000
31.40100	300.00000
31.40600	258.00000
31.41100	290.00000
31.41600	324.00000
31.42100	315.00000
31.42600	271.00000
31.43100	267.00000
31.43600	307.00000
31.44100	305.00000
31.44600	259.00000
31.45100	299.00000
31.45600	300.00000
31.46100	320.00000
31.46600	298.00000
31.47100	315.00000
31.47600	275.00000
31.48100	303.00000
31.48600	281.00000
31.49100	310.00000
31.49600	281.00000
31.50100	269.00000
31.50600	290.00000
31.51100	264.00000
31.51600	274.00000
31.52100	261.00000
31.52600	284.00000
31.53100	320.00000
31.53600	307.00000
31.54100	268.00000
31.54600	285.00000
31.55100	275.00000
31.55600	293.00000
31.56100	325.00000
31.56600	291.00000
31.57100	288.00000
31.57600	300.00000
31.58100	309.00000
31.58600	293.00000
31.59100	295.00000
31.59600	298.00000
31.60100	278.00000
31.60600	284.00000
31.61100	287.00000
31.61600	275.00000
31.62100	298.00000
31.62600	292.00000
31.63100	317.00000
31.63600	306.00000
31.64100	276.00000
31.64600	315.00000
31.65100	283.00000
31.65600	304.00000
31.66100	279.00000
31.66600	294.00000
31.67100	277.00000
31.67600	314.00000
31.68100	303.00000
31.68600	273.00000
31.69100	279.00000
31.69600	269.00000
31.70100	318.00000
31.70600	299.00000
31.71100	305.00000
31.71600	288.00000
31.72100	296.00000
31.72600	304.00000
31.73100	316.00000
31.73600	282.00000
31.74100	286.00000
31.74600	277.00000
31.75100	315.00000
31.75600	294.00000
31.76100	295.00000
31.76600	304.00000
31.77100	315.00000
31.77600	314.00000
31.78100	306.00000
31.78600	285.00000
31.79100	284.00000
31.79600	290.00000
31.80100	354.00000
31.80600	306.00000
31.81100	289.00000
31.81600	298.00000
31.82100	341.00000
31.82600	324.00000
31.83100	284.00000
31.83600	278.00000
31.84100	348.00000
31.84600	310.00000
31.85100	309.00000
31.85600	303.00000
31.86100	313.00000
31.86600	281.00000
31.87100	286.00000
31.87600	306.00000
31.88100	274.00000
31.88600	316.00000
31.89100	298.00000
31.89600	335.00000
31.90100	315.00000
31.90600	304.00000
31.91100	314.00000
31.91600	308.00000
31.92100	300.00000
31.92600	301.00000
31.93100	292.00000
31.93600	312.00000
31.94100	335.00000
31.94600	291.00000
31.95100	323.00000
31.95600	311.00000
31.96100	308.00000
31.96600	296.00000
31.97100	303.00000
31.97600	333.00000
31.98100	295.00000
31.98600	303.00000
31.99100	313.00000
31.99600	306.00000
32.00100	299.00000
32.00600	311.00000
32.01100	301.00000
32.01600	282.00000
32.02100	305.00000
32.02600	328.00000
32.03100	324.00000
32.03600	321.00000
32.04100	304.00000
32.04600	343.00000
32.05100	309.00000
32.05600	322.00000
32.06100	306.00000
32.06600	306.00000
32.07100	334.00000
32.07600	300.00000
32.08100	323.00000
32.08600	295.00000
32.09100	315.00000
32.09600	303.00000
32.10100	312.00000
32.10600	337.00000
32.11100	312.00000
32.11600	316.00000
32.12100	296.00000
32.12600	322.00000
32.13100	313.00000
32.13600	303.00000
32.14100	323.00000
32.14600	291.00000
32.15100	307.00000
32.15600	303.00000
32.16100	288.00000
32.16600	272.00000
32.17100	329.00000
32.17600	309.00000
32.18100	307.00000
32.18600	297.00000
32.19100	293.00000
32.19600	317.00000
32.20100	326.00000
32.20600	326.00000
32.21100	278.00000
32.21600	351.00000
32.22100	282.00000
32.22600	287.00000
32.23100	331.00000
32.23600	290.00000
32.24100	321.00000
32.24600	294.00000
32.25100	299.00000
32.25600	265.00000
32.26100	302.00000
32.26600	298.00000
32.27100	301.00000
32.27600	289.00000
32.28100	309.00000
32.28600	288.00000
32.29100	288.00000
32.29600	287.00000
32.30100	319.00000
32.30600	300.00000
32.31100	272.00000
32.31600	290.00000
32.32100	276.00000
32.32600	319.00000
32.33100	268.00000
32.33600	314.00000
32.34100	280.00000
32.34600	274.00000
32.35100	294.00000
32.35600	293.00000
32.36100	292.00000
32.36600	290.00000
32.37100	293.00000
32.37600	303.00000
32.38100	319.00000
32.38600	285.00000
32.39100	282.00000
32.39600	321.00000
32.40100	296.00000
32.40600	265.00000
32.41100	295.00000
32.41600	312.00000
32.42100	286.00000
32.42600	309.00000
32.43100	286.00000
32.43600	259.00000
32.44100	268.00000
32.44600	291.00000
32.45100	289.00000
32.45600	291.00000
32.46100	291.00000
32.46600	298.00000
32.47100	301.00000
32.47600	290.00000
32.48100	261.00000
32.48600	282.00000
32.49100	284.00000
32.49600	260.00000
32.50100	295.00000
32.50600	309.00000
32.51100	281.00000
32.51600	288.00000
32.52100	302.00000
32.52600	277.00000
32.53100	291.00000
32.53600	301.00000
32.54100	296.00000
32.54600	287.00000
32.55100	294.00000
32.55600	296.00000
32.56100	277.00000
32.56600	323.00000
32.57100	309.00000
32.57600	298.00000
32.58100	286.00000
32.58600	307.00000
32.59100	306.00000
32.59600	299.00000
32.60100	274.00000
32.60600	311.00000
32.61100	278.00000
32.61600	277.00000
32.62100	280.00000
32.62600	289.00000
32.63100	319.00000
32.63600	284.00000
32.64100	270.00000
32.64600	300.00000
32.65100	275.00000
32.65600	305.00000
32.66100	289.00000
32.66600	270.00000
32.67100	299.00000
32.67600	299.00000
32.68100	284.00000
32.68600	320.00000
32.69100	297.00000
32.69600	281.00000
32.70100	276.00000
32.70600	310.00000
32.71100	313.00000
32.71600	270.00000
32.72100	286.00000
32.72600	256.00000
32.73100	266.00000
32.73600	296.00000
32.74100	294.00000
32.74600	270.00000
32.75100	291.00000
32.75600	319.00000
32.76100	292.00000
32.76600	288.00000
32.77100	255.00000
32.77600	284.00000
32.78100	292.00000
32.78600	316.00000
32.79100	294.00000
32.79600	287.00000
32.80100	303.00000
32.80600	297.00000
32.81100	307.00000
32.81600	267.00000
32.82100	301.00000
32.82600	276.00000
32.83100	293.00000
32.83600	249.00000
32.84100	281.00000
32.84600	274.00000
32.85100	285.00000
32.85600	299.00000
32.86100	267.00000
32.86600	283.00000
32.87100	300.00000
32.87600	271.00000
32.88100	305.00000
32.88600	280.00000
32.89100	277.00000
32.89600	271.00000
32.90100	264.00000
32.90600	289.00000
32.91100	289.00000
32.91600	259.00000
32.92100	258.00000
32.92600	297.00000
32.93100	281.00000
32.93600	277.00000
32.94100	293.00000
32.94600	273.00000
32.95100	263.00000
32.95600	267.00000
32.96100	272.00000
32.96600	259.00000
32.97100	295.00000
32.97600	280.00000
32.98100	279.00000
32.98600	271.00000
32.99100	279.00000
32.99600	297.00000
33.00100	292.00000
33.00600	294.00000
33.01100	303.00000
33.01600	276.00000
33.02100	302.00000
33.02600	297.00000
33.03100	279.00000
33.03600	287.00000
33.04100	289.00000
33.04600	262.00000
33.05100	274.00000
33.05600	277.00000
33.06100	288.00000
33.06600	302.00000
33.07100	269.00000
33.07600	304.00000
33.08100	290.00000
33.08600	273.00000
33.09100	301.00000
33.09600	292.00000
33.10100	301.00000
33.10600	268.00000
33.11100	272.00000
33.11600	273.00000
33.12100	302.00000
33.12600	315.00000
33.13100	300.00000
33.13600	262.00000
33.14100	297.00000
33.14600	272.00000
33.15100	308.00000
33.15600	292.00000
33.16100	308.00000
33.16600	308.00000
33.17100	292.00000
33.17600	271.00000
33.18100	260.00000
33.18600	279.00000
33.19100	308.00000
33.19600	302.00000
33.20100	281.00000
33.20600	278.00000
33.21100	308.00000
33.21600	267.00000
33.22100	264.00000
33.22600	257.00000
33.23100	295.00000
33.23600	291.00000
33.24100	311.00000
33.24600	271.00000
33.25100	271.00000
33.25600	302.00000
33.26100	280.00000
33.26600	313.00000
33.27100	288.00000
33.27600	266.00000
33.28100	281.00000
33.28600	259.00000
33.29100	272.00000
33.29600	314.00000
33.30100	285.00000
33.30600	292.00000
33.31100	267.00000
33.31600	281.00000
33.32100	285.00000
33.32600	265.00000
33.33100	289.00000
33.33600	289.00000
33.34100	279.00000
33.34600	266.00000
33.35100	284.00000
33.35600	275.00000
33.36100	303.00000
33.36600	259.00000
33.37100	255.00000
33.37600	269.00000
33.38100	299.00000
33.38600	298.00000
33.39100	276.00000
33.39600	273.00000
33.40100	306.00000
33.40600	290.00000
33.41100	272.00000
33.41600	284.00000
33.42100	273.00000
33.42600	308.00000
33.43100	271.00000
33.43600	297.00000
33.44100	282.00000
33.44600	295.00000
33.45100	301.00000
33.45600	294.00000
33.46100	281.00000
33.46600	288.00000
33.47100	253.00000
33.47600	306.00000
33.48100	268.00000
33.48600	264.00000
33.49100	276.00000
33.49600	273.00000
33.50100	309.00000
33.50600	274.00000
33.51100	302.00000
33.51600	298.00000
33.52100	305.00000
33.52600	273.00000
33.53100	286.00000
33.53600	300.00000
33.54100	314.00000
33.54600	292.00000
33.55100	282.00000
33.55600	312.00000
33.56100	299.00000
33.56600	287.00000
33.57100	319.00000
33.57600	282.00000
33.58100	305.00000
33.58600	291.00000
33.59100	302.00000
33.59600	297.00000
33.60100	298.00000
33.60600	275.00000
33.61100	265.00000
33.61600	321.00000
33.62100	278.00000
33.62600	313.00000
33.63100	270.00000
33.63600	292.00000
33.64100	301.00000
33.64600	314.00000
33.65100	301.00000
33.65600	318.00000
33.66100	277.00000
33.66600	298.00000
33.67100	300.00000
33.67600	301.00000
33.68100	317.00000
33.68600	311.00000
33.69100	304.00000
33.69600	288.00000
33.70100	317.00000
33.70600	327.00000
33.71100	290.00000
33.71600	306.00000
33.72100	275.00000
33.72600	296.00000
33.73100	296.00000
33.73600	317.00000
33.74100	269.00000
33.74600	297.00000
33.75100	283.00000
33.75600	304.00000
33.76100	305.00000
33.76600	307.00000
33.77100	318.00000
33.77600	280.00000
33.78100	280.00000
33.78600	264.00000
33.79100	291.00000
33.79600	276.00000
33.80100	298.00000
33.80600	313.00000
33.81100	313.00000
33.81600	281.00000
33.82100	251.00000
33.82600	306.00000
33.83100	263.00000
33.83600	271.00000
33.84100	297.00000
33.84600	284.00000
33.85100	285.00000
33.85600	288.00000
33.86100	282.00000
33.86600	275.00000
33.87100	277.00000
33.87600	297.00000
33.88100	300.00000
33.88600	296.00000
33.89100	254.00000
33.89600	282.00000
33.90100	279.00000
33.90600	311.00000
33.91100	290.00000
33.91600	257.00000
33.92100	276.00000
33.92600	256.00000
33.93100	273.00000
33.93600	270.00000
33.94100	275.00000
33.94600	291.00000
33.95100	266.00000
33.95600	262.00000
33.96100	294.00000
33.96600	283.00000
33.97100	259.00000
33.97600	294.00000
33.98100	251.00000
33.98600	306.00000
33.99100	276.00000
33.99600	285.00000
34.00100	252.00000
34.00600	289.00000
34.01100	280.00000
34.01600	276.00000
34.02100	282.00000
34.02600	276.00000
34.03100	291.00000
34.03600	279.00000
34.04100	311.00000
34.04600	292.00000
34.05100	265.00000
34.05600	282.00000
34.06100	281.00000
34.06600	285.00000
34.07100	289.00000
34.07600	278.00000
34.08100	253.00000
34.08600	281.00000
34.09100	269.00000
34.09600	261.00000
34.10100	274.00000
34.10600	253.00000
34.11100	284.00000
34.11600	293.00000
34.12100	276.00000
34.12600	278.00000
34.13100	273.00000
34.13600	250.00000
34.14100	281.00000
34.14600	286.00000
34.15100	245.00000
34.15600	276.00000
34.16100	263.00000
34.16600	254.00000
34.17100	271.00000
34.17600	289.00000
34.18100	257.00000
34.18600	286.00000
34.19100	295.00000
34.19600	256.00000
34.20100	283.00000
34.20600	279.00000
34.21100	259.00000
34.21600	257.00000
34.22100	278.00000
34.22600	263.00000
34.23100	253.00000
34.23600	262.00000
34.24100	274.00000
34.24600	294.00000
34.25100	280.00000
34.25600	257.00000
34.26100	264.00000
34.26600	279.00000
34.27100	276.00000
34.27600	268.00000
34.28100	274.00000
34.28600	297.00000
34.29100	275.00000
34.29600	245.00000
34.30100	276.00000
34.30600	290.00000
34.31100	262.00000
34.31600	236.00000
34.32100	252.00000
34.32600	255.00000
34.33100	278.00000
34.33600	270.00000
34.34100	259.00000
34.34600	254.00000
34.35100	292.00000
34.35600	260.00000
34.36100	271.00000
34.36600	250.00000
34.37100	252.00000
34.37600	285.00000
34.38100	269.00000
34.38600	250.00000
34.39100	260.00000
34.39600	275.00000
34.40100	270.00000
34.40600	277.00000
34.41100	294.00000
34.41600	262.00000
34.42100	274.00000
34.42600	274.00000
34.43100	247.00000
34.43600	257.00000
34.44100	279.00000
34.44600	287.00000
34.45100	297.00000
34.45600	287.00000
34.46100	283.00000
34.46600	256.00000
34.47100	265.00000
34.47600	276.00000
34.48100	302.00000
34.48600	262.00000
34.49100	283.00000
34.49600	266.00000
34.50100	279.00000
34.50600	274.00000
34.51100	274.00000
34.51600	269.00000
34.52100	241.00000
34.52600	278.00000
34.53100	268.00000
34.53600	275.00000
34.54100	268.00000
34.54600	296.00000
34.55100	280.00000
34.55600	256.00000
34.56100	281.00000
34.56600	277.00000
34.57100	281.00000
34.57600	300.00000
34.58100	276.00000
34.58600	278.00000
34.59100	264.00000
34.59600	277.00000
34.60100	275.00000
34.60600	277.00000
34.61100	269.00000
34.61600	283.00000
34.62100	269.00000
34.62600	261.00000
34.63100	295.00000
34.63600	264.00000
34.64100	270.00000
34.64600	266.00000
34.65100	291.00000
34.65600	292.00000
34.66100	271.00000
34.66600	271.00000
34.67100	282.00000
34.67600	259.00000
34.68100	276.00000
34.68600	296.00000
34.69100	290.00000
34.69600	285.00000
34.70100	282.00000
34.70600	288.00000
34.71100	273.00000
34.71600	287.00000
34.72100	282.00000
34.72600	291.00000
34.73100	247.00000
34.73600	293.00000
34.74100	282.00000
34.74600	285.00000
34.75100	300.00000
34.75600	278.00000
34.76100	294.00000
34.76600	297.00000
34.77100	266.00000
34.77600	244.00000
34.78100	274.00000
34.78600	300.00000
34.79100	271.00000
34.79600	300.00000
34.80100	295.00000
34.80600	281.00000
34.81100	285.00000
34.81600	274.00000
34.82100	276.00000
34.82600	282.00000
34.83100	266.00000
34.83600	303.00000
34.84100	279.00000
34.84600	276.00000
34.85100	290.00000
34.85600	296.00000
34.86100	281.00000
34.86600	283.00000
34.87100	281.00000
34.87600	282.00000
34.88100	281.00000
34.88600	267.00000
34.89100	290.00000
34.89600	269.00000
34.90100	263.00000
34.90600	305.00000
34.91100	297.00000
34.91600	300.00000
34.92100	281.00000
34.92600	267.00000
34.93100	283.00000
34.93600	289.00000
34.94100	282.00000
34.94600	273.00000
34.95100	286.00000
34.95600	271.00000
34.96100	291.00000
34.96600	300.00000
34.97100	244.00000
34.97600	278.00000
34.98100	273.00000
34.98600	280.00000
34.99100	267.00000
34.99600	251.00000
35.00100	281.00000
35.00600	266.00000
35.01100	271.00000
35.01600	269.00000
35.02100	266.00000
35.02600	257.00000
35.03100	261.00000
35.03600	262.00000
35.04100	262.00000
35.04600	264.00000
35.05100	280.00000
35.05600	240.00000
35.06100	271.00000
35.06600	254.00000
35.07100	288.00000
35.07600	275.00000
35.08100	275.00000
35.08600	266.00000
35.09100	263.00000
35.09600	268.00000
35.10100	299.00000
35.10600	274.00000
35.11100	297.00000
35.11600	241.00000
35.12100	240.00000
35.12600	269.00000
35.13100	272.00000
35.13600	266.00000
35.14100	276.00000
35.14600	300.00000
35.15100	252.00000
35.15600	246.00000
35.16100	273.00000
35.16600	259.00000
35.17100	255.00000
35.17600	254.00000
35.18100	249.00000
35.18600	253.00000
35.19100	297.00000
35.19600	277.00000
35.20100	273.00000
35.20600	268.00000
35.21100	286.00000
35.21600	271.00000
35.22100	301.00000
35.22600	273.00000
35.23100	234.00000
35.23600	264.00000
35.24100	251.00000
35.24600	294.00000
35.25100	253.00000
35.25600	296.00000
35.26100	293.00000
35.26600	284.00000
35.27100	249.00000
35.27600	248.00000
35.28100	259.00000
35.28600	255.00000
35.29100	291.00000
35.29600	258.00000
35.30100	265.00000
35.30600	265.00000
35.31100	247.00000
35.31600	282.00000
35.32100	274.00000
35.32600	288.00000
35.33100	273.00000
35.33600	279.00000
35.34100	257.00000
35.34600	282.00000
35.35100	283.00000
35.35600	266.00000
35.36100	267.00000
35.36600	261.00000
35.37100	268.00000
35.37600	276.00000
35.38100	263.00000
35.38600	255.00000
35.39100	295.00000
35.39600	272.00000
35.40100	298.00000
35.40600	271.00000
35.41100	268.00000
35.41600	281.00000
35.42100	268.00000
35.42600	270.00000
35.43100	267.00000
35.43600	289.00000
35.44100	265.00000
35.44600	248.00000
35.45100	274.00000
35.45600	233.00000
35.46100	258.00000
35.46600	297.00000
35.47100	278.00000
35.47600	274.00000
35.48100	243.00000
35.48600	277.00000
35.49100	278.00000
35.49600	241.00000
35.50100	260.00000
35.50600	272.00000
35.51100	271.00000
35.51600	260.00000
35.52100	242.00000
35.52600	274.00000
35.53100	290.00000
35.53600	256.00000
35.54100	243.00000
35.54600	260.00000
35.55100	254.00000
35.55600	233.00000
35.56100	243.00000
35.56600	250.00000
35.57100	256.00000
35.57600	251.00000
35.58100	287.00000
35.58600	272.00000
35.59100	276.00000
35.59600	238.00000
35.60100	268.00000
35.60600	266.00000
35.61100	243.00000
35.61600	241.00000
35.62100	240.00000
35.62600	226.00000
35.63100	284.00000
35.63600	289.00000
35.64100	263.00000
35.64600	284.00000
35.65100	262.00000
35.65600	285.00000
35.66100	240.00000
35.66600	262.00000
35.67100	256.00000
35.67600	244.00000
35.68100	243.00000
35.68600	258.00000
35.69100	270.00000
35.69600	259.00000
35.70100	284.00000
35.70600	280.00000
35.71100	245.00000
35.71600	232.00000
35.72100	259.00000
35.72600	285.00000
35.73100	245.00000
35.73600	233.00000
35.74100	242.00000
35.74600	284.00000
35.75100	248.00000
35.75600	250.00000
35.76100	284.00000
35.76600	269.00000
35.77100	243.00000
35.77600	249.00000
35.78100	242.00000
35.78600	270.00000
35.79100	238.00000
35.79600	239.00000
35.80100	247.00000
35.80600	226.00000
35.81100	247.00000
35.81600	203.00000
35.82100	224.00000
35.82600	248.00000
35.83100	256.00000
35.83600	251.00000
35.84100	260.00000
35.84600	251.00000
35.85100	235.00000
35.85600	276.00000
35.86100	235.00000
35.86600	225.00000
35.87100	228.00000
35.87600	253.00000
35.88100	260.00000
35.88600	243.00000
35.89100	227.00000
35.89600	262.00000
35.90100	230.00000
35.90600	281.00000
35.91100	261.00000
35.91600	230.00000
35.92100	258.00000
35.92600	232.00000
35.93100	220.00000
35.93600	258.00000
35.94100	233.00000
35.94600	260.00000
35.95100	241.00000
35.95600	221.00000
35.96100	226.00000
35.96600	279.00000
35.97100	235.00000
35.97600	233.00000
35.98100	264.00000
35.98600	236.00000
35.99100	253.00000
35.99600	247.00000
36.00100	227.00000
36.00600	248.00000
36.01100	256.00000
36.01600	271.00000
36.02100	279.00000
36.02600	230.00000
36.03100	255.00000
36.03600	270.00000
36.04100	243.00000
36.04600	244.00000
36.05100	220.00000
36.05600	256.00000
36.06100	241.00000
36.06600	238.00000
36.07100	231.00000
36.07600	252.00000
36.08100	238.00000
36.08600	267.00000
36.09100	250.00000
36.09600	230.00000
36.10100	260.00000
36.10600	243.00000
36.11100	235.00000
36.11600	254.00000
36.12100	239.00000
36.12600	259.00000
36.13100	233.00000
36.13600	247.00000
36.14100	236.00000
36.14600	251.00000
36.15100	253.00000
36.15600	245.00000
36.16100	253.00000
36.16600	258.00000
36.17100	262.00000
36.17600	244.00000
36.18100	249.00000
36.18600	270.00000
36.19100	260.00000
36.19600	263.00000
36.20100	234.00000
36.20600	238.00000
36.21100	268.00000
36.21600	241.00000
36.22100	261.00000
36.22600	260.00000
36.23100	234.00000
36.23600	255.00000
36.24100	246.00000
36.24600	245.00000
36.25100	253.00000
36.25600	272.00000
36.26100	261.00000
36.26600	241.00000
36.27100	230.00000
36.27600	264.00000
36.28100	284.00000
36.28600	254.00000
36.29100	232.00000
36.29600	239.00000
36.30100	277.00000
36.30600	235.00000
36.31100	254.00000
36.31600	284.00000
36.32100	254.00000
36.32600	248.00000
36.33100	259.00000
36.33600	270.00000
36.34100	249.00000
36.34600	242.00000
36.35100	249.00000
36.35600	239.00000
36.36100	260.00000
36.36600	271.00000
36.37100	226.00000
36.37600	257.00000
36.38100	267.00000
36.38600	285.00000
36.39100	243.00000
36.39600	251.00000
36.40100	279.00000
36.40600	264.00000
36.41100	254.00000
36.41600	255.00000
36.42100	236.00000
36.42600	274.00000
36.43100	240.00000
36.43600	264.00000
36.44100	252.00000
36.44600	275.00000
36.45100	290.00000
36.45600	229.00000
36.46100	282.00000
36.46600	233.00000
36.47100	272.00000
36.47600	251.00000
36.48100	237.00000
36.48600	282.00000
36.49100	262.00000
36.49600	287.00000
36.50100	261.00000
36.50600	258.00000
36.51100	259.00000
36.51600	269.00000
36.52100	256.00000
36.52600	239.00000
36.53100	271.00000
36.53600	262.00000
36.54100	250.00000
36.54600	259.00000
36.55100	247.00000
36.55600	272.00000
36.56100	242.00000
36.56600	270.00000
36.57100	266.00000
36.57600	273.00000
36.58100	261.00000
36.58600	273.00000
36.59100	268.00000
36.59600	266.00000
36.60100	281.00000
36.60600	254.00000
36.61100	272.00000
36.61600	247.00000
36.62100	260.00000
36.62600	228.00000
36.63100	245.00000
36.63600	259.00000
36.64100	273.00000
36.64600	237.00000
36.65100	263.00000
36.65600	261.00000
36.66100	254.00000
36.66600	246.00000
36.67100	267.00000
36.67600	238.00000
36.68100	258.00000
36.68600	263.00000
36.69100	257.00000
36.69600	270.00000
36.70100	265.00000
36.70600	271.00000
36.71100	243.00000
36.71600	279.00000
36.72100	247.00000
36.72600	267.00000
36.73100	278.00000
36.73600	233.00000
36.74100	264.00000
36.74600	242.00000
36.75100	221.00000
36.75600	243.00000
36.76100	257.00000
36.76600	248.00000
36.77100	253.00000
36.77600	255.00000
36.78100	253.00000
36.78600	271.00000
36.79100	222.00000
36.79600	251.00000
36.80100	243.00000
36.80600	264.00000
36.81100	259.00000
36.81600	238.00000
36.82100	282.00000
36.82600	235.00000
36.83100	272.00000
36.83600	255.00000
36.84100	268.00000
36.84600	242.00000
36.85100	241.00000
36.85600	250.00000
36.86100	252.00000
36.86600	246.00000
36.87100	258.00000
36.87600	225.00000
36.88100	229.00000
36.88600	245.00000
36.89100	253.00000
36.89600	246.00000
36.90100	269.00000
36.90600	269.00000
36.91100	250.00000
36.91600	229.00000
36.92100	229.00000
36.92600	250.00000
36.93100	225.00000
36.93600	247.00000
36.94100	219.00000
36.94600	237.00000
36.95100	223.00000
36.95600	217.00000
36.96100	245.00000
36.96600	239.00000
36.97100	254.00000
36.97600	236.00000
36.98100	219.00000
36.98600	245.00000
36.99100	251.00000
36.99600	237.00000
37.00100	238.00000
37.00600	232.00000
37.01100	240.00000
37.01600	226.00000
37.02100	246.00000
37.02600	241.00000
37.03100	219.00000
37.03600	240.00000
37.04100	250.00000
37.04600	255.00000
37.05100	254.00000
37.05600	243.00000
37.06100	217.00000
37.06600	258.00000
37.07100	269.00000
37.07600	254.00000
37.08100	253.00000
37.08600	263.00000
37.09100	236.00000
37.09600	218.00000
37.10100	268.00000
37.10600	262.00000
37.11100	250.00000
37.11600	263.00000
37.12100	269.00000
37.12600	247.00000
37.13100	254.00000
37.13600	238.00000
37.14100	271.00000
37.14600	251.00000
37.15100	256.00000
37.15600	246.00000
37.16100	221.00000
37.16600	242.00000
37.17100	239.00000
37.17600	228.00000
37.18100	231.00000
37.18600	249.00000
37.19100	240.00000
37.19600	261.00000
37.20100	265.00000
37.20600	250.00000
37.21100	253.00000
37.21600	245.00000
37.22100	265.00000
37.22600	252.00000
37.23100	244.00000
37.23600	254.00000
37.24100	243.00000
37.24600	231.00000
37.25100	252.00000
37.25600	267.00000
37.26100	273.00000
37.26600	246.00000
37.27100	235.00000
37.27600	265.00000
37.28100	258.00000
37.28600	264.00000
37.29100	236.00000
37.29600	240.00000
37.30100	244.00000
37.30600	227.00000
37.31100	241.00000
37.31600	268.00000
37.32100	242.00000
37.32600	246.00000
37.33100	247.00000
37.33600	264.00000
37.34100	217.00000
37.34600	241.00000
37.35100	258.00000
37.35600	230.00000
37.36100	252.00000
37.36600	249.00000
37.37100	237.00000
37.37600	236.00000
37.38100	245.00000
37.38600	239.00000
37.39100	239.00000
37.39600	285.00000
37.40100	238.00000
37.40600	268.00000
37.41100	250.00000
37.41600	236.00000
37.42100	232.00000
37.42600	243.00000
37.43100	264.00000
37.43600	256.00000
37.44100	252.00000
37.44600	259.00000
37.45100	261.00000
37.45600	232.00000
37.46100	228.00000
37.46600	266.00000
37.47100	217.00000
37.47600	264.00000
37.48100	260.00000
37.48600	224.00000
37.49100	224.00000
37.49600	246.00000
37.50100	273.00000
37.50600	263.00000
37.51100	270.00000
37.51600	255.00000
37.52100	261.00000
37.52600	249.00000
37.53100	256.00000
37.53600	307.00000
37.54100	250.00000
37.54600	271.00000
37.55100	277.00000
37.55600	228.00000
37.56100	223.00000
37.56600	241.00000
37.57100	234.00000
37.57600	220.00000
37.58100	248.00000
37.58600	258.00000
37.59100	203.00000
37.59600	256.00000
37.60100	258.00000
37.60600	257.00000
37.61100	256.00000
37.61600	254.00000
37.62100	272.00000
37.62600	252.00000
37.63100	273.00000
37.63600	263.00000
37.64100	284.00000
37.64600	263.00000
37.65100	214.00000
37.65600	203.00000
37.66100	286.00000
37.66600	242.00000
37.67100	207.00000
37.67600	269.00000
37.68100	257.00000
37.68600	277.00000
37.69100	252.00000
37.69600	287.00000
37.70100	298.00000
37.70600	272.00000
37.71100	204.00000
37.71600	255.00000
37.72100	232.00000
37.72600	272.00000
37.73100	291.00000
37.73600	231.00000
37.74100	215.00000
37.74600	245.00000
37.75100	251.00000
37.75600	261.00000
37.76100	311.00000
37.76600	266.00000
37.77100	259.00000
37.77600	254.00000
37.78100	278.00000
37.78600	255.00000
37.79100	247.00000
37.79600	243.00000
37.80100	244.00000
37.80600	277.00000
37.81100	299.00000
37.81600	278.00000
37.82100	244.00000
37.82600	200.00000
37.83100	281.00000
37.83600	275.00000
37.84100	289.00000
37.84600	253.00000
37.85100	268.00000
37.85600	232.00000
37.86100	244.00000
37.86600	251.00000
37.87100	283.00000
37.87600	292.00000
37.88100	206.00000
37.88600	305.00000
37.89100	250.00000
37.89600	241.00000
37.90100	247.00000
37.90600	266.00000
37.91100	263.00000
37.91600	223.00000
37.92100	268.00000
37.92600	253.00000
37.93100	250.00000
37.93600	253.00000
37.94100	211.00000
37.94600	235.00000
37.95100	239.00000
37.95600	205.00000
37.96100	254.00000
37.96600	241.00000
37.97100	244.00000
37.97600	208.00000
37.98100	277.00000
37.98600	223.00000
37.99100	239.00000
37.99600	233.00000
38.00100	196.00000
38.00600	256.00000
38.01100	258.00000
38.01600	206.00000
38.02100	289.00000
38.02600	259.00000
38.03100	233.00000
38.03600	265.00000
38.04100	254.00000
38.04600	247.00000
38.05100	245.00000
38.05600	281.00000
38.06100	247.00000
38.06600	230.00000
38.07100	205.00000
38.07600	251.00000
38.08100	242.00000
38.08600	202.00000
38.09100	222.00000
38.09600	244.00000
38.10100	254.00000
38.10600	231.00000
38.11100	282.00000
38.11600	286.00000
38.12100	242.00000
38.12600	239.00000
38.13100	242.00000
38.13600	229.00000
38.14100	213.00000
38.14600	260.00000
38.15100	221.00000
38.15600	238.00000
38.16100	230.00000
38.16600	262.00000
38.17100	273.00000
38.17600	241.00000
38.18100	256.00000
38.18600	204.00000
38.19100	241.00000
38.19600	238.00000
38.20100	247.00000
38.20600	257.00000
38.21100	241.00000
38.21600	236.00000
38.22100	244.00000
38.22600	238.00000
38.23100	236.00000
38.23600	215.00000
38.24100	233.00000
38.24600	233.00000
38.25100	282.00000
38.25600	232.00000
38.26100	253.00000
38.26600	238.00000
38.27100	252.00000
38.27600	284.00000
38.28100	277.00000
38.28600	223.00000
38.29100	281.00000
38.29600	272.00000
38.30100	230.00000
38.30600	189.00000
38.31100	269.00000
38.31600	278.00000
38.32100	260.00000
38.32600	237.00000
38.33100	256.00000
38.33600	201.00000
38.34100	245.00000
38.34600	280.00000
38.35100	262.00000
38.35600	213.00000
38.36100	254.00000
38.36600	208.00000
38.37100	262.00000
38.37600	269.00000
38.38100	235.00000
38.38600	227.00000
38.39100	223.00000
38.39600	232.00000
38.40100	261.00000
38.40600	216.00000
38.41100	239.00000
38.41600	257.00000
38.42100	261.00000
38.42600	217.00000
38.43100	260.00000
38.43600	232.00000
38.44100	242.00000
38.44600	232.00000
38.45100	199.00000
38.45600	236.00000
38.46100	232.00000
38.46600	226.00000
38.47100	275.00000
38.47600	223.00000
38.48100	212.00000
38.48600	235.00000
38.49100	249.00000
38.49600	221.00000
38.50100	256.00000
38.50600	238.00000
38.51100	255.00000
38.51600	241.00000
38.52100	261.00000
38.52600	234.00000
38.53100	199.00000
38.53600	211.00000
38.54100	211.00000
38.54600	186.00000
38.55100	267.00000
38.55600	238.00000
38.56100	259.00000
38.56600	205.00000
38.57100	205.00000
38.57600	188.00000
38.58100	211.00000
38.58600	212.00000
38.59100	218.00000
38.59600	232.00000
38.60100	235.00000
38.60600	223.00000
38.61100	237.00000
38.61600	243.00000
38.62100	243.00000
38.62600	248.00000
38.63100	219.00000
38.63600	266.00000
38.64100	196.00000
38.64600	181.00000
38.65100	277.00000
38.65600	233.00000
38.66100	271.00000
38.66600	195.00000
38.67100	193.00000
38.67600	237.00000
38.68100	238.00000
38.68600	195.00000
38.69100	192.00000
38.69600	200.00000
38.70100	243.00000
38.70600	199.00000
38.71100	240.00000
38.71600	248.00000
38.72100	207.00000
38.72600	238.00000
38.73100	225.00000
38.73600	233.00000
38.74100	242.00000
38.74600	224.00000
38.75100	183.00000
38.75600	266.00000
38.76100	201.00000
38.76600	215.00000
38.77100	236.00000
38.77600	227.00000
38.78100	206.00000
38.78600	168.00000
38.79100	263.00000
38.79600	216.00000
38.80100	206.00000
38.80600	204.00000
38.81100	224.00000
38.81600	245.00000
38.82100	215.00000
38.82600	192.00000
38.83100	223.00000
38.83600	231.00000
38.84100	214.00000
38.84600	215.00000
38.85100	232.00000
38.85600	244.00000
38.86100	234.00000
38.86600	205.00000
38.87100	261.00000
38.87600	200.00000
38.88100	191.00000
38.88600	242.00000
38.89100	233.00000
38.89600	206.00000
38.90100	203.00000
38.90600	233.00000
38.91100	191.00000
38.91600	215.00000
38.92100	215.00000
38.92600	230.00000
38.93100	205.00000
38.93600	211.00000
38.94100	232.00000
38.94600	181.00000
38.95100	226.00000
38.95600	208.00000
38.96100	226.00000
38.96600	210.00000
38.97100	191.00000
38.97600	196.00000
38.98100	230.00000
38.98600	262.00000
38.99100	264.00000
38.99600	245.00000
39.00100	242.00000
39.00600	199.00000
39.01100	183.00000
39.01600	204.00000
39.02100	234.00000
39.02600	223.00000
39.03100	202.00000
39.03600	235.00000
39.04100	213.00000
39.04600	195.00000
39.05100	241.00000
39.05600	210.00000
39.06100	233.00000
39.06600	183.00000
39.07100	188.00000
39.07600	204.00000
39.08100	185.00000
39.08600	245.00000
39.09100	201.00000
39.09600	227.00000
39.10100	209.00000
39.10600	202.00000
39.11100	215.00000
39.11600	185.00000
39.12100	261.00000
39.12600	199.00000
39.13100	191.00000
39.13600	231.00000
39.14100	238.00000
39.14600	235.00000
39.15100	202.00000
39.15600	237.00000
39.16100	197.00000
39.16600	217.00000
39.17100	223.00000
39.17600	213.00000
39.18100	213.00000
39.18600	211.00000
39.19100	194.00000
39.19600	216.00000
39.20100	232.00000
39.20600	204.00000
39.21100	202.00000
39.21600	230.00000
39.22100	228.00000
39.22600	233.00000
39.23100	190.00000
39.23600	206.00000
39.24100	237.00000
39.24600	210.00000
39.25100	184.00000
39.25600	206.00000
39.26100	174.00000
39.26600	192.00000
39.27100	212.00000
39.27600	241.00000
39.28100	207.00000
39.28600	234.00000
39.29100	228.00000
39.29600	240.00000
39.30100	240.00000
39.30600	250.00000
39.31100	237.00000
39.31600	224.00000
39.32100	224.00000
39.32600	237.00000
39.33100	218.00000
39.33600	241.00000
39.34100	264.00000
39.34600	226.00000
39.35100	225.00000
39.35600	202.00000
39.36100	241.00000
39.36600	277.00000
39.37100	220.00000
39.37600	245.00000
39.38100	215.00000
39.38600	249.00000
39.39100	181.00000
39.39600	198.00000
39.40100	243.00000
39.40600	221.00000
39.41100	247.00000
39.41600	248.00000
39.42100	219.00000
39.42600	215.00000
39.43100	196.00000
39.43600	240.00000
39.44100	232.00000
39.44600	228.00000
39.45100	235.00000
39.45600	232.00000
39.46100	268.00000
39.46600	231.00000
39.47100	262.00000
39.47600	248.00000
39.48100	259.00000
39.48600	187.00000
39.49100	194.00000
39.49600	232.00000
39.50100	233.00000
39.50600	256.00000
39.51100	220.00000
39.51600	247.00000
39.52100	200.00000
39.52600	236.00000
39.53100	251.00000
39.53600	231.00000
39.54100	239.00000
39.54600	195.00000
39.55100	238.00000
39.55600	189.00000
39.56100	207.00000
39.56600	231.00000
39.57100	260.00000
39.57600	253.00000
39.58100	233.00000
39.58600	217.00000
39.59100	191.00000
39.59600	214.00000
39.60100	178.00000
39.60600	220.00000
39.61100	228.00000
39.61600	211.00000
39.62100	200.00000
39.62600	249.00000
39.63100	254.00000
39.63600	174.00000
39.64100	190.00000
39.64600	186.00000
39.65100	250.00000
39.65600	219.00000
39.66100	182.00000
39.66600	247.00000
39.67100	217.00000
39.67600	220.00000
39.68100	253.00000
39.68600	232.00000
39.69100	214.00000
39.69600	239.00000
39.70100	200.00000
39.70600	232.00000
39.71100	229.00000
39.71600	255.00000
39.72100	217.00000
39.72600	180.00000
39.73100	246.00000
39.73600	212.00000
39.74100	256.00000
39.74600	231.00000
39.75100	191.00000
39.75600	226.00000
39.76100	222.00000
39.76600	239.00000
39.77100	216.00000
39.77600	226.00000
39.78100	209.00000
39.78600	184.00000
39.79100	212.00000
39.79600	197.00000
39.80100	211.00000
39.80600	220.00000
39.81100	243.00000
39.81600	203.00000
39.82100	202.00000
39.82600	202.00000
39.83100	196.00000
39.83600	226.00000
39.84100	206.00000
39.84600	191.00000
39.85100	200.00000
39.85600	242.00000
39.86100	203.00000
39.86600	215.00000
39.87100	208.00000
39.87600	211.00000
39.88100	263.00000
39.88600	239.00000
39.89100	198.00000
39.89600	215.00000
39.90100	210.00000
39.90600	263.00000
39.91100	241.00000
39.91600	228.00000
39.92100	257.00000
39.92600	211.00000
39.93100	226.00000
39.93600	264.00000
39.94100	226.00000
39.94600	227.00000
39.95100	221.00000
39.95600	218.00000
39.96100	211.00000
39.96600	214.00000
39.97100	189.00000
39.97600	244.00000
39.98100	212.00000
39.98600	214.00000
39.99100	204.00000
39.99600	251.00000
40.00100	209.00000
40.00600	230.00000
