4.01000	1309.00000
4.02000	1341.00000
4.03000	1326.00000
4.04000	1336.00000
4.05000	1366.00000
4.06000	1279.00000
4.07000	1307.00000
4.08000	1344.00000
4.09000	1292.00000
4.10000	1304.00000
4.11000	1318.00000
4.12000	1345.00000
4.13000	1304.00000
4.14000	1295.00000
4.15000	1244.00000
4.16000	1288.00000
4.17000	1300.00000
4.18000	1342.00000
4.19000	1281.00000
4.20000	1276.00000
4.21000	1294.00000
4.22000	1296.00000
4.23000	1295.00000
4.24000	1364.00000
4.25000	1276.00000
4.26000	1243.00000
4.27000	1316.00000
4.28000	1265.00000
4.29000	1257.00000
4.30000	1291.00000
4.31000	1250.00000
4.32000	1271.00000
4.33000	1261.00000
4.34000	1267.00000
4.35000	1291.00000
4.36000	1258.00000
4.37000	1319.00000
4.38000	1266.00000
4.39000	1191.00000
4.40000	1289.00000
4.41000	1260.00000
4.42000	1245.00000
4.43000	1259.00000
4.44000	1219.00000
4.45000	1253.00000
4.46000	1324.00000
4.47000	1281.00000
4.48000	1328.00000
4.49000	1288.00000
4.50000	1286.00000
4.51000	1254.00000
4.52000	1254.00000
4.53000	1251.00000
4.54000	1278.00000
4.55000	1221.00000
4.56000	1224.00000
4.57000	1251.00000
4.58000	1275.00000
4.59000	1215.00000
4.60000	1254.00000
4.61000	1277.00000
4.62000	1230.00000
4.63000	1286.00000
4.64000	1249.00000
4.65000	1275.00000
4.66000	1235.00000
4.67000	1259.00000
4.68000	1257.00000
4.69000	1232.00000
4.70000	1260.00000
4.71000	1229.00000
4.72000	1252.00000
4.73000	1306.00000
4.74000	1275.00000
4.75000	1192.00000
4.76000	1228.00000
4.77000	1173.00000
4.78000	1247.00000
4.79000	1235.00000
4.80000	1244.00000
4.81000	1176.00000
4.82000	1219.00000
4.83000	1182.00000
4.84000	1258.00000
4.85000	1260.00000
4.86000	1177.00000
4.87000	1210.00000
4.88000	1203.00000
4.89000	1250.00000
4.90000	1223.00000
4.91000	1248.00000
4.92000	1180.00000
4.93000	1175.00000
4.94000	1200.00000
4.95000	1153.00000
4.96000	1180.00000
4.97000	1217.00000
4.98000	1214.00000
4.99000	1261.00000
5.00000	1212.00000
5.01000	1217.00000
5.02000	1267.00000
5.03000	1210.00000
5.04000	1245.00000
5.05000	1217.00000
5.06000	1254.00000
5.07000	1188.00000
5.08000	1197.00000
5.09000	1229.00000
5.10000	1184.00000
5.11000	1187.00000
5.12000	1214.00000
5.13000	1223.00000
5.14000	1220.00000
5.15000	1224.00000
5.16000	1245.00000
5.17000	1227.00000
5.18000	1258.00000
5.19000	1207.00000
5.20000	1236.00000
5.21000	1112.00000
5.22000	1212.00000
5.23000	1155.00000
5.24000	1229.00000
5.25000	1155.00000
5.26000	1165.00000
5.27000	1196.00000
5.28000	1201.00000
5.29000	1209.00000
5.30000	1194.00000
5.31000	1201.00000
5.32000	1159.00000
5.33000	1134.00000
5.34000	1239.00000
5.35000	1170.00000
5.36000	1241.00000
5.37000	1171.00000
5.38000	1177.00000
5.39000	1201.00000
5.40000	1231.00000
5.41000	1254.00000
5.42000	1212.00000
5.43000	1233.00000
5.44000	1198.00000
5.45000	1205.00000
5.46000	1157.00000
5.47000	1185.00000
5.48000	1136.00000
5.49000	1183.00000
5.50000	1207.00000
5.51000	1165.00000
5.52000	1181.00000
5.53000	1186.00000
5.54000	1172.00000
5.55000	1201.00000
5.56000	1173.00000
5.57000	1183.00000
5.58000	1206.00000
5.59000	1219.00000
5.60000	1164.00000
5.61000	1137.00000
5.62000	1164.00000
5.63000	1190.00000
5.64000	1154.00000
5.65000	1233.00000
5.66000	1194.00000
5.67000	1161.00000
5.68000	1210.00000
5.69000	1157.00000
5.70000	1221.00000
5.71000	1212.00000
5.72000	1198.00000
5.73000	1176.00000
5.74000	1174.00000
5.75000	1214.00000
5.76000	1221.00000
5.77000	1133.00000
5.78000	1123.00000
5.79000	1149.00000
5.80000	1207.00000
5.81000	1147.00000
5.82000	1150.00000
5.83000	1216.00000
5.84000	1153.00000
5.85000	1155.00000
5.86000	1209.00000
5.87000	1133.00000
5.88000	1170.00000
5.89000	1165.00000
5.90000	1116.00000
5.91000	1113.00000
5.92000	1186.00000
5.93000	1192.00000
5.94000	1175.00000
5.95000	1198.00000
5.96000	1137.00000
5.97000	1172.00000
5.98000	1157.00000
5.99000	1135.00000
6.00000	1172.00000
6.01000	1166.00000
6.02000	1194.00000
6.03000	1157.00000
6.04000	1177.00000
6.05000	1140.00000
6.06000	1175.00000
6.07000	1167.00000
6.08000	1159.00000
6.09000	1164.00000
6.10000	1165.00000
6.11000	1165.00000
6.12000	1139.00000
6.13000	1181.00000
6.14000	1131.00000
6.15000	1127.00000
6.16000	1207.00000
6.17000	1192.00000
6.18000	1190.00000
6.19000	1234.00000
6.20000	1188.00000
6.21000	1211.00000
6.22000	1218.00000
6.23000	1203.00000
6.24000	1166.00000
6.25000	1208.00000
6.26000	1184.00000
6.27000	1166.00000
6.28000	1155.00000
6.29000	1151.00000
6.30000	1157.00000
6.31000	1185.00000
6.32000	1144.00000
6.33000	1223.00000
6.34000	1149.00000
6.35000	1154.00000
6.36000	1170.00000
6.37000	1208.00000
6.38000	1180.00000
6.39000	1148.00000
6.40000	1199.00000
6.41000	1182.00000
6.42000	1098.00000
6.43000	1135.00000
6.44000	1186.00000
6.45000	1206.00000
6.46000	1164.00000
6.47000	1129.00000
6.48000	1143.00000
6.49000	1139.00000
6.50000	1135.00000
6.51000	1126.00000
6.52000	1178.00000
6.53000	1188.00000
6.54000	1179.00000
6.55000	1134.00000
6.56000	1190.00000
6.57000	1128.00000
6.58000	1144.00000
6.59000	1150.00000
6.60000	1088.00000
6.61000	1149.00000
6.62000	1150.00000
6.63000	1126.00000
6.64000	1152.00000
6.65000	1116.00000
6.66000	1156.00000
6.67000	1134.00000
6.68000	1154.00000
6.69000	1128.00000
6.70000	1152.00000
6.71000	1165.00000
6.72000	1163.00000
6.73000	1186.00000
6.74000	1169.00000
6.75000	1187.00000
6.76000	1124.00000
6.77000	1158.00000
6.78000	1129.00000
6.79000	1155.00000
6.80000	1116.00000
6.81000	1125.00000
6.82000	1146.00000
6.83000	1150.00000
6.84000	1137.00000
6.85000	1208.00000
6.86000	1159.00000
6.87000	1222.00000
6.88000	1165.00000
6.89000	1166.00000
6.90000	1119.00000
6.91000	1185.00000
6.92000	1219.00000
6.93000	1183.00000
6.94000	1141.00000
6.95000	1118.00000
6.96000	1140.00000
6.97000	1127.00000
6.98000	1177.00000
6.99000	1175.00000
7.00000	1203.00000
7.01000	1143.00000
7.02000	1101.00000
7.03000	1118.00000
7.04000	1200.00000
7.05000	1115.00000
7.06000	1181.00000
7.07000	1151.00000
7.08000	1156.00000
7.09000	1130.00000
7.10000	1166.00000
7.11000	1140.00000
7.12000	1144.00000
7.13000	1093.00000
7.14000	1109.00000
7.15000	1159.00000
7.16000	1141.00000
7.17000	1142.00000
7.18000	1181.00000
7.19000	1156.00000
7.20000	1123.00000
7.21000	1142.00000
7.22000	1137.00000
7.23000	1141.00000
7.24000	1121.00000
7.25000	1163.00000
7.25999	1113.00000
7.27000	1150.00000
7.27999	1169.00000
7.29000	1148.00000
7.29999	1168.00000
7.31000	1102.00000
7.31999	1078.00000
7.33000	1178.00000
7.33999	1133.00000
7.35000	1073.00000
7.35999	1119.00000
7.37000	1121.00000
7.37999	1151.00000
7.39000	1118.00000
7.39999	1135.00000
7.41000	1136.00000
7.41999	1103.00000
7.43000	1116.00000
7.43999	1083.00000
7.45000	1146.00000
7.45999	1133.00000
7.47000	1131.00000
7.47999	1141.00000
7.49000	1151.00000
7.49999	1129.00000
7.50999	1174.00000
7.51999	1127.00000
7.52999	1117.00000
7.53999	1150.00000
7.54999	1161.00000
7.55999	1155.00000
7.56999	1117.00000
7.57999	1146.00000
7.58999	1093.00000
7.59999	1110.00000
7.60999	1109.00000
7.61999	1140.00000
7.62999	1116.00000
7.63999	1143.00000
7.64999	1121.00000
7.65999	1152.00000
7.66999	1129.00000
7.67999	1155.00000
7.68999	1112.00000
7.69999	1101.00000
7.70999	1125.00000
7.71999	1100.00000
7.72999	1130.00000
7.73999	1137.00000
7.74999	1096.00000
7.75999	1154.00000
7.76999	1184.00000
7.77999	1113.00000
7.78999	1142.00000
7.79999	1182.00000
7.80999	1086.00000
7.81999	1118.00000
7.82999	1120.00000
7.83999	1127.00000
7.84999	1088.00000
7.85999	1071.00000
7.86999	1090.00000
7.87999	1132.00000
7.88999	1194.00000
7.89999	1167.00000
7.90999	1120.00000
7.91999	1061.00000
7.92999	1114.00000
7.93999	1140.00000
7.94999	1118.00000
7.95999	1066.00000
7.96999	1173.00000
7.97999	1107.00000
7.98999	1077.00000
7.99999	1077.00000
8.00999	1121.00000
8.01999	1159.00000
8.02999	1113.00000
8.03999	1114.00000
8.04999	1129.00000
8.05999	1162.00000
8.06999	1148.00000
8.07999	1120.00000
8.08999	1113.00000
8.09999	1052.00000
8.10999	1121.00000
8.11999	1084.00000
8.12999	1133.00000
8.13999	1159.00000
8.14999	1079.00000
8.15999	1092.00000
8.16999	1134.00000
8.17999	1104.00000
8.18999	1109.00000
8.19999	1099.00000
8.20999	1182.00000
8.21999	1101.00000
8.22999	1116.00000
8.23999	1131.00000
8.24999	1071.00000
8.25999	1115.00000
8.26999	1062.00000
8.27999	1100.00000
8.28999	1104.00000
8.29999	1089.00000
8.30999	1096.00000
8.31999	1071.00000
8.32999	1123.00000
8.33999	1145.00000
8.34999	1094.00000
8.35999	1137.00000
8.36999	1138.00000
8.37999	1178.00000
8.38999	1086.00000
8.39999	1079.00000
8.40999	1119.00000
8.41999	1106.00000
8.42999	1127.00000
8.43999	1080.00000
8.44999	1168.00000
8.45999	1132.00000
8.46999	1120.00000
8.47999	1147.00000
8.48999	1158.00000
8.49999	1129.00000
8.50999	1116.00000
8.51999	1062.00000
8.52999	1100.00000
8.53999	1118.00000
8.54999	1154.00000
8.55999	1121.00000
8.56999	1119.00000
8.57999	1137.00000
8.58999	1085.00000
8.59999	1125.00000
8.60999	1123.00000
8.61999	1133.00000
8.62999	1122.00000
8.63999	1099.00000
8.64999	1101.00000
8.65999	1188.00000
8.66999	1106.00000
8.67999	1066.00000
8.68999	1125.00000
8.69999	1084.00000
8.70999	1053.00000
8.71999	1095.00000
8.72999	1115.00000
8.73999	1131.00000
8.74999	1118.00000
8.75999	1064.00000
8.76999	1098.00000
8.77999	1098.00000
8.78999	1047.00000
8.79999	1081.00000
8.80999	1118.00000
8.81999	1111.00000
8.82999	1089.00000
8.83999	1114.00000
8.84999	1137.00000
8.85999	1089.00000
8.86999	1119.00000
8.87999	1124.00000
8.88999	1093.00000
8.89999	1129.00000
8.90999	1098.00000
8.91999	1109.00000
8.92999	1149.00000
8.93999	1073.00000
8.94999	1133.00000
8.95999	1128.00000
8.96999	1077.00000
8.97999	1078.00000
8.98999	1121.00000
8.99999	1074.00000
9.00999	1137.00000
9.01999	1081.00000
9.02999	1115.00000
9.03999	1075.00000
9.04999	1041.00000
9.05999	1102.00000
9.06999	1105.00000
9.07999	1122.00000
9.08999	1112.00000
9.09999	1091.00000
9.10999	1148.00000
9.11999	1133.00000
9.12999	1093.00000
9.13999	1105.00000
9.14999	1139.00000
9.15999	1109.00000
9.16999	1020.00000
9.17999	1102.00000
9.18999	1091.00000
9.19999	1110.00000
9.20999	1086.00000
9.21999	1130.00000
9.22999	1105.00000
9.23999	1073.00000
9.24999	1064.00000
9.25999	1087.00000
9.26999	1059.00000
9.27999	1067.00000
9.28999	1086.00000
9.29999	1105.00000
9.30999	1122.00000
9.31999	1025.00000
9.32999	1146.00000
9.33999	1110.00000
9.34999	1092.00000
9.35999	1070.00000
9.36999	1148.00000
9.37999	1097.00000
9.38999	1120.00000
9.39999	1142.00000
9.40999	1104.00000
9.41999	1067.00000
9.42999	1141.00000
9.43999	1105.00000
9.44999	1103.00000
9.45999	1113.00000
9.46999	1130.00000
9.47999	1072.00000
9.48999	1095.00000
9.49999	999.00000
9.50999	1070.00000
9.51999	1098.00000
9.52999	1093.00000
9.53999	1066.00000
9.54999	1042.00000
9.55999	1069.00000
9.56999	1081.00000
9.57999	1107.00000
9.58999	1096.00000
9.59999	1022.00000
9.60999	1047.00000
9.61999	1063.00000
9.62999	1115.00000
9.63999	1111.00000
9.64999	1098.00000
9.65999	1097.00000
9.66999	1046.00000
9.67999	1069.00000
9.68999	1125.00000
9.69999	1102.00000
9.70999	1076.00000
9.71999	1102.00000
9.72999	1111.00000
9.73999	1112.00000
9.74999	1091.00000
9.75999	1065.00000
9.76999	1080.00000
9.77999	1092.00000
9.78999	1048.00000
9.79999	1056.00000
9.80999	1026.00000
9.81999	1073.00000
9.82999	1073.00000
9.83999	1034.00000
9.84999	1081.00000
9.85999	1097.00000
9.86999	1124.00000
9.87999	1081.00000
9.88999	1086.00000
9.89999	1089.00000
9.90999	1079.00000
9.91999	1093.00000
9.92999	1082.00000
9.93999	1071.00000
9.94999	1021.00000
9.95999	1069.00000
9.96999	1091.00000
9.97999	1115.00000
9.98999	1067.00000
9.99999	1080.00000
10.00999	1079.00000
10.01999	1067.00000
10.02999	1090.00000
10.03999	1041.00000
10.04999	1060.00000
10.05999	1110.00000
10.06999	1107.00000
10.07999	1116.00000
10.08999	1124.00000
10.09999	1050.00000
10.10999	1050.00000
10.11999	1106.00000
10.12999	1090.00000
10.13999	1090.00000
10.14999	1075.00000
10.15999	1049.00000
10.16999	1064.00000
10.17999	1074.00000
10.18999	1057.00000
10.19999	1087.00000
10.20999	979.00000
10.21999	1059.00000
10.22999	1083.00000
10.23999	1076.00000
10.24999	1103.00000
10.25999	1044.00000
10.26999	1033.00000
10.27999	1036.00000
10.28999	1048.00000
10.29999	1063.00000
10.30999	1053.00000
10.31999	1082.00000
10.32999	1093.00000
10.33999	1075.00000
10.34999	1056.00000
10.35999	1074.00000
10.36999	1074.00000
10.37999	1126.00000
10.38999	1076.00000
10.39999	1119.00000
10.40999	1127.00000
10.41999	1072.00000
10.42999	1013.00000
10.43999	1039.00000
10.44999	1092.00000
10.45999	1063.00000
10.46999	1038.00000
10.47999	1054.00000
10.48999	1099.00000
10.49999	1043.00000
10.50999	1069.00000
10.51999	1007.00000
10.52999	1103.00000
10.53999	1073.00000
10.54999	1066.00000
10.55999	1071.00000
10.56999	1072.00000
10.57999	1072.00000
10.58999	1060.00000
10.59999	1091.00000
10.60999	1077.00000
10.61999	1088.00000
10.62999	1106.00000
10.63999	1035.00000
10.64999	1069.00000
10.65999	1088.00000
10.66999	1005.00000
10.67999	1099.00000
10.68999	1111.00000
10.69999	1003.00000
10.70999	1035.00000
10.71999	1073.00000
10.72999	1048.00000
10.73999	1060.00000
10.74999	1032.00000
10.75999	1004.00000
10.76999	1095.00000
10.77999	1101.00000
10.78999	1053.00000
10.79999	1074.00000
10.80999	1132.00000
10.81999	1061.00000
10.82999	1067.00000
10.83999	1057.00000
10.84999	1019.00000
10.85999	1084.00000
10.86999	1024.00000
10.87999	1032.00000
10.88999	1130.00000
10.89999	1077.00000
10.90999	1060.00000
10.91999	1028.00000
10.92999	1085.00000
10.93999	1063.00000
10.94999	1090.00000
10.95999	1016.00000
10.96999	1035.00000
10.97999	1052.00000
10.98999	1074.00000
10.99999	1013.00000
11.00999	1052.00000
11.01999	1031.00000
11.02999	1038.00000
11.03999	1039.00000
11.04999	1142.00000
11.05999	1021.00000
11.06999	1015.00000
11.07999	1089.00000
11.08999	1038.00000
11.09999	1038.00000
11.10999	1021.00000
11.11999	1001.00000
11.12999	1141.00000
11.13999	1073.00000
11.14999	1052.00000
11.15999	1071.00000
11.16999	1088.00000
11.17999	1081.00000
11.18999	1037.00000
11.19999	1030.00000
11.20999	1074.00000
11.21999	1050.00000
11.22999	1082.00000
11.23999	1085.00000
11.24999	1076.00000
11.25999	1039.00000
11.26999	1084.00000
11.27999	1104.00000
11.28999	1010.00000
11.29999	981.00000
11.30999	1022.00000
11.31999	1062.00000
11.32999	1037.00000
11.33999	1046.00000
11.34999	942.00000
11.35999	1041.00000
11.36999	1042.00000
11.37999	1086.00000
11.38999	1087.00000
11.39999	1019.00000
11.40999	1008.00000
11.41999	1032.00000
11.42999	1032.00000
11.43999	1037.00000
11.44999	1056.00000
11.45999	989.00000
11.46999	1044.00000
11.47999	1054.00000
11.48999	1065.00000
11.49999	1009.00000
11.50999	997.00000
11.51999	1024.00000
11.52999	1032.00000
11.53999	1054.00000
11.54999	1068.00000
11.55999	998.00000
11.56999	1084.00000
11.57999	1059.00000
11.58999	1067.00000
11.59999	1049.00000
11.60999	1042.00000
11.61999	1035.00000
11.62999	1034.00000
11.63999	1040.00000
11.64999	1079.00000
11.65999	1003.00000
11.66999	1074.00000
11.67999	1048.00000
11.68999	1015.00000
11.69999	1015.00000
11.70999	986.00000
11.71999	1052.00000
11.72999	1049.00000
11.73999	1033.00000
11.74999	1014.00000
11.75999	986.00000
11.76999	1045.00000
11.77999	1048.00000
11.78999	1010.00000
11.79999	1024.00000
11.80999	962.00000
11.81999	1003.00000
11.82999	1033.00000
11.83999	1013.00000
11.84999	1034.00000
11.85999	1074.00000
11.86999	1017.00000
11.87999	1016.00000
11.88999	1035.00000
11.89999	1008.00000
11.90999	1034.00000
11.91999	994.00000
11.92999	1022.00000
11.93999	1050.00000
11.94999	1027.00000
11.95999	1001.00000
11.96999	1063.00000
11.97999	1036.00000
11.98999	1029.00000
11.99999	981.00000
12.00999	1014.00000
12.01999	968.00000
12.02999	990.00000
12.03999	1045.00000
12.04999	1059.00000
12.05999	1032.00000
12.06999	1012.00000
12.07999	999.00000
12.08999	1046.00000
12.09999	1052.00000
12.10999	1032.00000
12.11999	999.00000
12.12999	1041.00000
12.13999	1048.00000
12.14999	1020.00000
12.15999	1045.00000
12.16999	1025.00000
12.17999	1022.00000
12.18999	1056.00000
12.19999	988.00000
12.20999	1060.00000
12.21999	1015.00000
12.22999	1049.00000
12.23999	1031.00000
12.24999	998.00000
12.25999	1006.00000
12.26999	932.00000
12.27999	981.00000
12.28999	1049.00000
12.29999	1042.00000
12.30999	991.00000
12.31999	988.00000
12.32999	1031.00000
12.33999	1054.00000
12.34999	988.00000
12.35999	1001.00000
12.36999	1041.00000
12.37999	1030.00000
12.38999	1042.00000
12.39999	1058.00000
12.40999	1078.00000
12.41999	1071.00000
12.42999	980.00000
12.43999	1014.00000
12.44999	990.00000
12.45999	1080.00000
12.46999	1085.00000
12.47999	1063.00000
12.48999	1091.00000
12.49999	1025.00000
12.50999	1044.00000
12.51999	1084.00000
12.52999	1083.00000
12.53999	1056.00000
12.54999	1111.00000
12.55999	1048.00000
12.56999	1040.00000
12.57999	1083.00000
12.58999	1087.00000
12.59999	1107.00000
12.60999	1105.00000
12.61999	1091.00000
12.62999	1101.00000
12.63999	1047.00000
12.64999	1041.00000
12.65999	1067.00000
12.66999	1024.00000
12.67999	1055.00000
12.68999	1032.00000
12.69999	1007.00000
12.70999	1023.00000
12.71999	1024.00000
12.72999	1045.00000
12.73999	1007.00000
12.74999	1084.00000
12.75999	1001.00000
12.76999	996.00000
12.77999	1066.00000
12.78999	1030.00000
12.79999	1032.00000
12.80999	1016.00000
12.81999	1000.00000
12.82999	1029.00000
12.83999	1025.00000
12.84999	1037.00000
12.85999	971.00000
12.86999	990.00000
12.87999	996.00000
12.88999	978.00000
12.89999	1003.00000
12.90999	932.00000
12.91999	930.00000
12.92999	975.00000
12.93999	1022.00000
12.94999	996.00000
12.95999	1013.00000
12.96999	1026.00000
12.97999	1020.00000
12.98999	1020.00000
12.99999	970.00000
13.00999	985.00000
13.01999	1013.00000
13.02999	937.00000
13.03999	1036.00000
13.04999	1007.00000
13.05999	1034.00000
13.06999	1008.00000
13.07999	1015.00000
13.08999	988.00000
13.09999	988.00000
13.10999	948.00000
13.11999	1050.00000
13.12999	958.00000
13.13999	1075.00000
13.14999	1023.00000
13.15999	1012.00000
13.16999	1027.00000
13.17999	1002.00000
13.18999	982.00000
13.19999	931.00000
13.20999	1006.00000
13.21999	942.00000
13.22999	1005.00000
13.23999	1008.00000
13.24999	987.00000
13.25999	980.00000
13.26999	960.00000
13.27999	983.00000
13.28999	982.00000
13.29999	1025.00000
13.30999	990.00000
13.31999	977.00000
13.32999	1020.00000
13.33999	987.00000
13.34999	962.00000
13.35999	980.00000
13.36999	1012.00000
13.37999	1056.00000
13.38999	985.00000
13.39999	985.00000
13.40999	954.00000
13.41999	914.00000
13.42999	991.00000
13.43999	977.00000
13.44999	930.00000
13.45999	958.00000
13.46999	966.00000
13.47999	979.00000
13.48999	973.00000
13.49999	941.00000
13.50999	993.00000
13.51999	1012.00000
13.52999	1037.00000
13.53999	981.00000
13.54999	1014.00000
13.55999	991.00000
13.56999	1060.00000
13.57999	937.00000
13.58999	957.00000
13.59999	934.00000
13.60999	943.00000
13.61999	952.00000
13.62999	1045.00000
13.63999	996.00000
13.64999	1005.00000
13.65999	953.00000
13.66999	925.00000
13.67999	1018.00000
13.68999	954.00000
13.69999	998.00000
13.70999	1022.00000
13.71999	999.00000
13.72999	1064.00000
13.73999	942.00000
13.74999	982.00000
13.75999	1001.00000
13.76999	1004.00000
13.77999	1033.00000
13.78999	983.00000
13.79999	952.00000
13.80999	978.00000
13.81999	922.00000
13.82999	960.00000
13.83999	1015.00000
13.84999	967.00000
13.85999	1003.00000
13.86999	1022.00000
13.87999	1001.00000
13.88999	1082.00000
13.89999	1015.00000
13.90999	992.00000
13.91999	1002.00000
13.92999	990.00000
13.93999	985.00000
13.94999	972.00000
13.95999	962.00000
13.96999	1044.00000
13.97999	1031.00000
13.98999	959.00000
13.99999	971.00000
14.00999	989.00000
14.01999	1039.00000
14.02999	993.00000
14.03999	970.00000
14.04999	1013.00000
14.05999	997.00000
14.06999	1015.00000
14.07999	1036.00000
14.08999	991.00000
14.09999	1000.00000
14.10999	971.00000
14.11999	969.00000
14.12999	1001.00000
14.13999	994.00000
14.14999	1009.00000
14.15999	1008.00000
14.16999	1010.00000
14.17999	1013.00000
14.18999	1013.00000
14.19999	1014.00000
14.20999	993.00000
14.21999	954.00000
14.22999	1021.00000
14.23999	1028.00000
14.24999	1034.00000
14.25999	958.00000
14.26999	1012.00000
14.27999	1017.00000
14.28999	968.00000
14.29999	1034.00000
14.30999	979.00000
14.31999	1014.00000
14.32999	1086.00000
14.33999	1064.00000
14.34999	1077.00000
14.35999	1079.00000
14.36999	1084.00000
14.37999	1095.00000
14.38999	1063.00000
14.39999	1061.00000
14.40999	1098.00000
14.41999	1098.00000
14.42999	1138.00000
14.43999	1188.00000
14.44999	1149.00000
14.45999	1187.00000
14.46999	1261.00000
14.47999	1289.00000
14.48999	1287.00000
14.49999	1340.00000
14.50999	1390.00000
14.51999	1450.00000
14.52999	1502.00000
14.53999	1621.00000
14.54999	1743.00000
14.55999	1699.00000
14.56999	1879.00000
14.57999	1951.00000
14.58999	2038.00000
14.59999	2215.00000
14.60999	2369.00000
14.61999	2624.00000
14.62999	2785.00000
14.63999	2780.00000
14.64999	2878.00000
14.65999	2849.00000
14.66999	2704.00000
14.67999	2473.00000
14.68999	2210.00000
14.69999	2022.00000
14.70999	1757.00000
14.71999	1588.00000
14.72999	1471.00000
14.73999	1348.00000
14.74999	1240.00000
14.75999	1171.00000
14.76999	1198.00000
14.77999	1178.00000
14.78999	1200.00000
14.79999	1174.00000
14.80999	1194.00000
14.81999	1193.00000
14.82999	1205.00000
14.83999	1221.00000
14.84999	1280.00000
14.85999	1349.00000
14.86999	1379.00000
14.87999	1447.00000
14.88999	1527.00000
14.89999	1555.00000
14.90999	1572.00000
14.91999	1638.00000
14.92999	1584.00000
14.93999	1579.00000
14.94999	1519.00000
14.95999	1481.00000
14.96999	1370.00000
14.97999	1256.00000
14.98999	1142.00000
14.99999	1163.00000
15.00999	1077.00000
15.01999	1063.00000
15.02999	1041.00000
15.03999	985.00000
15.04999	963.00000
15.05999	1017.00000
15.06999	987.00000
15.07999	955.00000
15.08999	994.00000
15.09999	973.00000
15.10999	913.00000
15.11999	1039.00000
15.12999	1011.00000
15.13999	986.00000
15.14999	1003.00000
15.15999	961.00000
15.16999	1052.00000
15.17999	1021.00000
15.18999	960.00000
15.19999	1020.00000
15.20999	1032.00000
15.21999	987.00000
15.22999	1001.00000
15.23999	1005.00000
15.24999	1015.00000
15.25999	994.00000
15.26999	995.00000
15.27999	946.00000
15.28999	1025.00000
15.29999	1066.00000
15.30999	951.00000
15.31999	967.00000
15.32999	997.00000
15.33999	1008.00000
15.34999	904.00000
15.35999	1008.00000
15.36999	1026.00000
15.37999	1034.00000
15.38999	974.00000
15.39999	972.00000
15.40999	993.00000
15.41999	966.00000
15.42999	941.00000
15.43999	942.00000
15.44999	986.00000
15.45999	970.00000
15.46999	948.00000
15.47999	981.00000
15.48999	956.00000
15.49999	971.00000
15.50999	995.00000
15.51999	969.00000
15.52999	988.00000
15.53999	991.00000
15.54999	994.00000
15.55999	946.00000
15.56999	947.00000
15.57999	1008.00000
15.58999	1017.00000
15.59999	941.00000
15.60999	947.00000
15.61999	950.00000
15.62999	1006.00000
15.63999	1003.00000
15.64999	920.00000
15.65999	997.00000
15.66999	943.00000
15.67999	951.00000
15.68999	969.00000
15.69999	1000.00000
15.70999	966.00000
15.71999	955.00000
15.72999	966.00000
15.73999	959.00000
15.74999	955.00000
15.75999	1022.00000
15.76999	966.00000
15.77999	1043.00000
15.78999	989.00000
15.79999	986.00000
15.80999	1022.00000
15.81999	960.00000
15.82999	958.00000
15.83999	973.00000
15.84999	972.00000
15.85999	985.00000
15.86999	981.00000
15.87999	956.00000
15.88999	1005.00000
15.89999	900.00000
15.90999	929.00000
15.91999	933.00000
15.92999	1012.00000
15.93999	997.00000
15.94999	989.00000
15.95999	949.00000
15.96999	938.00000
15.97999	988.00000
15.98999	991.00000
15.99999	952.00000
16.00999	963.00000
16.01999	1007.00000
16.02999	893.00000
16.03999	963.00000
16.04999	962.00000
16.05999	951.00000
16.06999	898.00000
16.07999	974.00000
16.08999	943.00000
16.09999	925.00000
16.10999	975.00000
16.11999	1031.00000
16.12999	999.00000
16.13999	978.00000
16.14999	997.00000
16.15999	985.00000
16.16999	1024.00000
16.17999	991.00000
16.18999	981.00000
16.19999	989.00000
16.20999	968.00000
16.21999	987.00000
16.22999	920.00000
16.23999	905.00000
16.24999	950.00000
16.25999	982.00000
16.26999	973.00000
16.27999	982.00000
16.28999	1019.00000
16.29999	953.00000
16.30999	1036.00000
16.31999	983.00000
16.32999	989.00000
16.33999	994.00000
16.34999	953.00000
16.35999	1036.00000
16.37000	955.00000
16.38000	996.00000
16.39000	1007.00000
16.40000	992.00000
16.41000	954.00000
16.42000	1004.00000
16.43000	981.00000
16.44000	984.00000
16.45000	992.00000
16.46000	936.00000
16.47000	946.00000
16.48000	1018.00000
16.49000	972.00000
16.50000	986.00000
16.51000	988.00000
16.52000	952.00000
16.53000	947.00000
16.54000	990.00000
16.55000	981.00000
16.56000	991.00000
16.57000	1036.00000
16.58000	1023.00000
16.59000	962.00000
16.60000	978.00000
16.61000	950.00000
16.62000	963.00000
16.63000	1020.00000
16.64000	950.00000
16.65000	952.00000
16.66000	990.00000
16.67000	980.00000
16.68000	963.00000
16.69000	945.00000
16.70000	962.00000
16.71000	932.00000
16.72000	954.00000
16.73000	973.00000
16.74000	988.00000
16.75000	968.00000
16.76000	1001.00000
16.77000	1023.00000
16.78000	1013.00000
16.79000	969.00000
16.80000	984.00000
16.81001	971.00000
16.82001	996.00000
16.83001	973.00000
16.84001	971.00000
16.85001	998.00000
16.86001	962.00000
16.87001	949.00000
16.88001	1001.00000
16.89001	1047.00000
16.90001	975.00000
16.91001	1003.00000
16.92001	985.00000
16.93001	991.00000
16.94001	988.00000
16.95001	1004.00000
16.96001	1050.00000
16.97001	1010.00000
16.98001	917.00000
16.99001	987.00000
17.00001	1005.00000
17.01001	1004.00000
17.02001	977.00000
17.03001	1003.00000
17.04001	975.00000
17.05001	995.00000
17.06001	959.00000
17.07001	968.00000
17.08001	1011.00000
17.09001	959.00000
17.10001	1005.00000
17.11001	978.00000
17.12001	939.00000
17.13001	972.00000
17.14001	919.00000
17.15001	1023.00000
17.16001	1040.00000
17.17001	994.00000
17.18001	1054.00000
17.19001	955.00000
17.20001	994.00000
17.21001	951.00000
17.22001	1032.00000
17.23001	999.00000
17.24002	998.00000
17.25002	1008.00000
17.26002	1024.00000
17.27002	1049.00000
17.28002	1032.00000
17.29002	1000.00000
17.30002	1001.00000
17.31002	978.00000
17.32002	1000.00000
17.33002	1000.00000
17.34002	996.00000
17.35002	986.00000
17.36002	1027.00000
17.37002	1033.00000
17.38002	1011.00000
17.39002	966.00000
17.40002	1014.00000
17.41002	1007.00000
17.42002	992.00000
17.43002	1011.00000
17.44002	991.00000
17.45002	1057.00000
17.46002	1021.00000
17.47002	986.00000
17.48002	1043.00000
17.49002	1001.00000
17.50002	1036.00000
17.51002	1027.00000
17.52002	1061.00000
17.53002	1032.00000
17.54002	1035.00000
17.55002	1091.00000
17.56002	1069.00000
17.57002	1071.00000
17.58002	1112.00000
17.59002	1133.00000
17.60002	1125.00000
17.61002	1116.00000
17.62002	1142.00000
17.63002	1219.00000
17.64002	1238.00000
17.65002	1292.00000
17.66002	1303.00000
17.67002	1383.00000
17.68003	1394.00000
17.69003	1510.00000
17.70003	1609.00000
17.71003	1678.00000
17.72003	1858.00000
17.73003	1901.00000
17.74003	2070.00000
17.75003	2254.00000
17.76003	2526.00000
17.77003	2744.00000
17.78003	2981.00000
17.79003	3398.00000
17.80003	3753.00000
17.81003	4068.00000
17.82003	4776.00000
17.83003	5423.00000
17.84003	5852.00000
17.85003	6492.00000
17.86003	7334.00000
17.87003	7564.00000
17.88003	7697.00000
17.89003	7416.00000
17.90003	7002.00000
17.91003	6112.00000
17.92003	5312.00000
17.93003	4636.00000
17.94003	3954.00000
17.95003	3421.00000
17.96003	3177.00000
17.97003	2985.00000
17.98003	2889.00000
17.99003	2925.00000
18.00003	3158.00000
18.01003	3334.00000
18.02003	3758.00000
18.03003	4038.00000
18.04003	4543.00000
18.05003	5126.00000
18.06003	5836.00000
18.07003	6533.00000
18.08003	6952.00000
18.09003	7006.00000
18.10003	7426.00000
18.11003	6868.00000
18.12004	6400.00000
18.13004	5697.00000
18.14004	4823.00000
18.15004	3960.00000
18.16004	3113.00000
18.17004	2614.00000
18.18004	2169.00000
18.19004	1818.00000
18.20004	1581.00000
18.21004	1365.00000
18.22004	1322.00000
18.23004	1229.00000
18.24004	1105.00000
18.25004	1077.00000
18.26004	1106.00000
18.27004	1092.00000
18.28004	1088.00000
18.29004	1115.00000
18.30004	1094.00000
18.31004	1021.00000
18.32004	1033.00000
18.33004	1061.00000
18.34004	1101.00000
18.35004	1026.00000
18.36004	1063.00000
18.37004	1051.00000
18.38004	1070.00000
18.39004	1037.00000
18.40004	1057.00000
18.41004	1006.00000
18.42004	1046.00000
18.43004	1050.00000
18.44004	1015.00000
18.45004	1047.00000
18.46004	1027.00000
18.47004	1031.00000
18.48004	1027.00000
18.49004	1066.00000
18.50004	1035.00000
18.51004	1010.00000
18.52004	1081.00000
18.53004	1066.00000
18.54004	1005.00000
18.55005	1012.00000
18.56005	1001.00000
18.57005	1067.00000
18.58005	1052.00000
18.59005	1058.00000
18.60005	936.00000
18.61005	961.00000
18.62005	1063.00000
18.63005	1046.00000
18.64005	1047.00000
18.65005	1062.00000
18.66005	1029.00000
18.67005	1008.00000
18.68005	1036.00000
18.69005	1012.00000
18.70005	1041.00000
18.71005	1053.00000
18.72005	1036.00000
18.73005	1055.00000
18.74005	1043.00000
18.75005	1017.00000
18.76005	1068.00000
18.77005	1012.00000
18.78005	1096.00000
18.79005	1051.00000
18.80005	980.00000
18.81005	998.00000
18.82005	1050.00000
18.83005	1024.00000
18.84005	1012.00000
18.85005	1004.00000
18.86005	1041.00000
18.87005	1017.00000
18.88005	1074.00000
18.89005	1000.00000
18.90005	1045.00000
18.91005	1025.00000
18.92005	987.00000
18.93005	1052.00000
18.94005	1053.00000
18.95005	1039.00000
18.96005	1071.00000
18.97005	1070.00000
18.98005	1065.00000
18.99006	1030.00000
19.00006	1005.00000
19.01006	1080.00000
19.02006	1072.00000
19.03006	989.00000
19.04006	1020.00000
19.05006	1042.00000
19.06006	1082.00000
19.07006	1061.00000
19.08006	1033.00000
19.09006	1032.00000
19.10006	1025.00000
19.11006	1010.00000
19.12006	1077.00000
19.13006	1023.00000
19.14006	1025.00000
19.15006	992.00000
19.16006	1034.00000
19.17006	1023.00000
19.18006	1033.00000
19.19006	1035.00000
19.20006	1041.00000
19.21006	1008.00000
19.22006	1057.00000
19.23006	1065.00000
19.24006	1055.00000
19.25006	1049.00000
19.26006	1057.00000
19.27006	1049.00000
19.28006	1028.00000
19.29006	1062.00000
19.30006	1058.00000
19.31006	1087.00000
19.32006	1011.00000
19.33006	1049.00000
19.34006	1069.00000
19.35006	1070.00000
19.36006	1047.00000
19.37006	1027.00000
19.38006	1073.00000
19.39006	1107.00000
19.40006	1066.00000
19.41006	1009.00000
19.42006	1072.00000
19.43007	1066.00000
19.44007	1056.00000
19.45007	1086.00000
19.46007	1088.00000
19.47007	1021.00000
19.48007	1087.00000
19.49007	1038.00000
19.50007	1054.00000
19.51007	1029.00000
19.52007	1020.00000
19.53007	1063.00000
19.54007	1048.00000
19.55007	1017.00000
19.56007	1082.00000
19.57007	1091.00000
19.58007	1016.00000
19.59007	1129.00000
19.60007	1063.00000
19.61007	1029.00000
19.62007	1044.00000
19.63007	1147.00000
19.64007	1024.00000
19.65007	1034.00000
19.66007	1082.00000
19.67007	1026.00000
19.68007	1082.00000
19.69007	1022.00000
19.70007	1044.00000
19.71007	981.00000
19.72007	998.00000
19.73007	1059.00000
19.74007	1031.00000
19.75007	1067.00000
19.76007	972.00000
19.77007	1061.00000
19.78007	1067.00000
19.79007	1079.00000
19.80007	1043.00000
19.81007	1023.00000
19.82007	1070.00000
19.83007	1101.00000
19.84007	1056.00000
19.85007	1056.00000
19.86007	1101.00000
19.87008	1147.00000
19.88008	1103.00000
19.89008	1113.00000
19.90008	1047.00000
19.91008	1084.00000
19.92008	1041.00000
19.93008	1078.00000
19.94008	1039.00000
19.95008	1089.00000
19.96008	1080.00000
19.97008	1067.00000
19.98008	1069.00000
19.99008	1086.00000
20.00008	1149.00000
20.01008	1115.00000
20.02008	1228.00000
20.03008	1117.00000
20.04008	1071.00000
20.05008	1091.00000
20.06008	1094.00000
20.07008	1164.00000
20.08008	1210.00000
20.09008	1121.00000
20.10008	1165.00000
20.11008	1132.00000
20.12008	1160.00000
20.13008	1193.00000
20.14008	1203.00000
20.15008	1264.00000
20.16008	1217.00000
20.17008	1341.00000
20.18008	1361.00000
20.19008	1488.00000
20.20008	1485.00000
20.21008	1566.00000
20.22008	1670.00000
20.23008	1782.00000
20.24008	2038.00000
20.25008	2130.00000
20.26008	2304.00000
20.27008	2463.00000
20.28008	2814.00000
20.29008	2995.00000
20.30009	3482.00000
20.31009	3927.00000
20.32009	4506.00000
20.33009	5285.00000
20.34009	6050.00000
20.35009	7145.00000
20.36009	8648.00000
20.37009	10233.00000
20.38009	12015.00000
20.39009	13694.00000
20.40009	16205.00000
20.41009	18662.00000
20.42009	20926.00000
20.43009	22754.00000
20.44009	23174.00000
20.45009	22771.00000
20.46009	21274.00000
20.47009	18971.00000
20.48009	16305.00000
20.49009	13172.00000
20.50009	10373.00000
20.51009	7824.00000
20.52009	5862.00000
20.53009	4635.00000
20.54009	3523.00000
20.55009	2742.00000
20.56009	2258.00000
20.57009	1864.00000
20.58009	1702.00000
20.59009	1522.00000
20.60009	1416.00000
20.61009	1351.00000
20.62009	1364.00000
20.63009	1306.00000
20.64009	1273.00000
20.65009	1177.00000
20.66009	1217.00000
20.67009	1136.00000
20.68009	1185.00000
20.69009	1109.00000
20.70009	1193.00000
20.71009	1171.00000
20.72009	1144.00000
20.73009	1175.00000
20.74010	1124.00000
20.75010	1094.00000
20.76010	1080.00000
20.77010	1162.00000
20.78010	1167.00000
20.79010	1102.00000
20.80010	1103.00000
20.81010	1154.00000
20.82010	1090.00000
20.83010	1133.00000
20.84010	1121.00000
20.85010	1131.00000
20.86010	1108.00000
20.87010	1120.00000
20.88010	1118.00000
20.89010	1079.00000
20.90010	1066.00000
20.91010	1150.00000
20.92010	1134.00000
20.93010	1139.00000
20.94010	1180.00000
20.95010	1124.00000
20.96010	1089.00000
20.97010	1151.00000
20.98010	1089.00000
20.99010	1080.00000
21.00010	1075.00000
21.01010	1086.00000
21.02010	998.00000
21.03010	1091.00000
21.04010	1042.00000
21.05010	1051.00000
21.06010	1101.00000
21.07010	1089.00000
21.08010	1060.00000
21.09010	1101.00000
21.10010	1091.00000
21.11010	1027.00000
21.12010	1085.00000
21.13010	1081.00000
21.14010	1105.00000
21.15010	1047.00000
21.16010	1044.00000
21.17010	1081.00000
21.18011	1119.00000
21.19011	1056.00000
21.20011	1130.00000
21.21011	1083.00000
21.22011	1041.00000
21.23011	1005.00000
21.24011	1023.00000
21.25011	1023.00000
21.26011	1042.00000
21.27011	1092.00000
21.28011	1124.00000
21.29011	1077.00000
21.30011	1076.00000
21.31011	1028.00000
21.32011	1045.00000
21.33011	1037.00000
21.34011	1070.00000
21.35011	1058.00000
21.36011	1020.00000
21.37011	1045.00000
21.38011	1117.00000
21.39011	1067.00000
21.40011	1091.00000
21.41011	1047.00000
21.42011	1024.00000
21.43011	1056.00000
21.44011	1075.00000
21.45011	1112.00000
21.46011	1133.00000
21.47011	1107.00000
21.48011	1053.00000
21.49011	1069.00000
21.50011	1036.00000
21.51011	1046.00000
21.52011	1015.00000
21.53011	1033.00000
21.54011	987.00000
21.55011	1018.00000
21.56011	1092.00000
21.57011	1116.00000
21.58011	1042.00000
21.59011	1061.00000
21.60011	1057.00000
21.61012	1044.00000
21.62012	1006.00000
21.63012	977.00000
21.64012	998.00000
21.65012	1040.00000
21.66012	1056.00000
21.67012	1025.00000
21.68012	1038.00000
21.69012	1040.00000
21.70012	1064.00000
21.71012	1044.00000
21.72012	1066.00000
21.73012	1102.00000
21.74012	1095.00000
21.75012	977.00000
21.76012	1028.00000
21.77012	1083.00000
21.78012	1085.00000
21.79012	1045.00000
21.80012	1057.00000
21.81012	1062.00000
21.82012	1072.00000
21.83012	1106.00000
21.84012	1044.00000
21.85012	1060.00000
21.86012	1056.00000
21.87012	1053.00000
21.88012	1034.00000
21.89012	1065.00000
21.90012	1076.00000
21.91012	1059.00000
21.92012	1083.00000
21.93012	1053.00000
21.94012	1119.00000
21.95012	1154.00000
21.96012	1134.00000
21.97012	1156.00000
21.98012	1172.00000
21.99012	1216.00000
22.00012	1245.00000
22.01012	1221.00000
22.02012	1321.00000
22.03012	1355.00000
22.04012	1473.00000
22.05013	1431.00000
22.06013	1609.00000
22.07013	1663.00000
22.08013	1796.00000
22.09013	1870.00000
22.10013	1872.00000
22.11013	1858.00000
22.12013	1860.00000
22.13013	2015.00000
22.14013	1830.00000
22.15013	1817.00000
22.16013	1614.00000
22.17013	1554.00000
22.18013	1446.00000
22.19013	1391.00000
22.20013	1187.00000
22.21013	1216.00000
22.22013	1115.00000
22.23013	1083.00000
22.24013	1123.00000
22.25013	1043.00000
22.26013	1063.00000
22.27013	1062.00000
22.28013	1009.00000
22.29013	941.00000
22.30013	1009.00000
22.31013	992.00000
22.32013	1059.00000
22.33013	1034.00000
22.34013	1075.00000
22.35013	1081.00000
22.36013	986.00000
22.37013	1006.00000
22.38013	1009.00000
22.39013	1022.00000
22.40013	1042.00000
22.41013	972.00000
22.42013	946.00000
22.43013	963.00000
22.44013	994.00000
22.45013	1036.00000
22.46013	1034.00000
22.47013	977.00000
22.48013	995.00000
22.49014	1038.00000
22.50014	1019.00000
22.51014	1013.00000
22.52014	1028.00000
22.53014	1051.00000
22.54014	1051.00000
22.55014	1010.00000
22.56014	915.00000
22.57014	996.00000
22.58014	1015.00000
22.59014	972.00000
22.60014	1022.00000
22.61014	963.00000
22.62014	990.00000
22.63014	1025.00000
22.64014	1048.00000
22.65014	979.00000
22.66014	1042.00000
22.67014	971.00000
22.68014	1006.00000
22.69014	1022.00000
22.70014	1043.00000
22.71014	1017.00000
22.72014	971.00000
22.73014	1018.00000
22.74014	973.00000
22.75014	934.00000
22.76014	997.00000
22.77014	1072.00000
22.78014	1030.00000
22.79014	967.00000
22.80014	968.00000
22.81014	1010.00000
22.82014	990.00000
22.83014	1032.00000
22.84014	1007.00000
22.85014	1005.00000
22.86014	987.00000
22.87014	966.00000
22.88014	994.00000
22.89014	1011.00000
22.90014	947.00000
22.91014	985.00000
22.92015	1015.00000
22.93015	1014.00000
22.94015	987.00000
22.95015	996.00000
22.96015	1007.00000
22.97015	954.00000
22.98015	1029.00000
22.99015	996.00000
23.00015	943.00000
23.01015	940.00000
23.02015	965.00000
23.03015	980.00000
23.04015	985.00000
23.05015	1058.00000
23.06015	1045.00000
23.07015	949.00000
23.08015	977.00000
23.09015	939.00000
23.10015	982.00000
23.11015	956.00000
23.12015	936.00000
23.13015	929.00000
23.14015	1022.00000
23.15015	982.00000
23.16015	938.00000
23.17015	1008.00000
23.18015	1000.00000
23.19015	952.00000
23.20015	989.00000
23.21015	930.00000
23.22015	925.00000
23.23015	957.00000
23.24015	958.00000
23.25015	995.00000
23.26015	924.00000
23.27015	963.00000
23.28015	976.00000
23.29015	969.00000
23.30015	942.00000
23.31015	947.00000
23.32015	969.00000
23.33015	1023.00000
23.34015	950.00000
23.35015	954.00000
23.36016	980.00000
23.37016	962.00000
23.38016	989.00000
23.39016	913.00000
23.40016	969.00000
23.41016	939.00000
23.42016	973.00000
23.43016	971.00000
23.44016	926.00000
23.45016	954.00000
23.46016	917.00000
23.47016	974.00000
23.48016	932.00000
23.49016	934.00000
23.50016	926.00000
23.51016	948.00000
23.52016	948.00000
23.53016	934.00000
23.54016	944.00000
23.55016	950.00000
23.56016	964.00000
23.57016	943.00000
23.58016	999.00000
23.59016	965.00000
23.60016	905.00000
23.61016	959.00000
23.62016	945.00000
23.63016	959.00000
23.64016	994.00000
23.65016	947.00000
23.66016	942.00000
23.67016	863.00000
23.68016	915.00000
23.69016	948.00000
23.70016	933.00000
23.71016	954.00000
23.72016	936.00000
23.73016	943.00000
23.74016	939.00000
23.75016	950.00000
23.76016	959.00000
23.77016	943.00000
23.78016	965.00000
23.79016	899.00000
23.80017	939.00000
23.81017	951.00000
23.82017	942.00000
23.83017	924.00000
23.84017	855.00000
23.85017	957.00000
23.86017	924.00000
23.87017	918.00000
23.88017	928.00000
23.89017	962.00000
23.90017	994.00000
23.91017	990.00000
23.92017	979.00000
23.93017	999.00000
23.94017	995.00000
23.95017	1005.00000
23.96017	1060.00000
23.97017	1069.00000
23.98017	1053.00000
23.99017	1103.00000
24.00017	1188.00000
24.01017	1174.00000
24.02017	1262.00000
24.03017	1322.00000
24.04017	1347.00000
24.05017	1412.00000
24.06017	1431.00000
24.07017	1468.00000
24.08017	1537.00000
24.09017	1494.00000
24.10017	1438.00000
24.11017	1385.00000
24.12017	1302.00000
24.13017	1342.00000
24.14017	1232.00000
24.15017	1189.00000
24.16017	1124.00000
24.17017	1047.00000
24.18017	998.00000
24.19017	990.00000
24.20017	981.00000
24.21017	985.00000
24.22017	945.00000
24.23018	990.00000
24.24018	926.00000
24.25018	928.00000
24.26018	909.00000
24.27018	957.00000
24.28018	893.00000
24.29018	864.00000
24.30018	860.00000
24.31018	830.00000
24.32018	892.00000
24.33018	862.00000
24.34018	906.00000
24.35018	875.00000
24.36018	915.00000
24.37018	920.00000
24.38018	915.00000
24.39018	856.00000
24.40018	921.00000
24.41018	898.00000
24.42018	915.00000
24.43018	882.00000
24.44018	913.00000
24.45018	916.00000
24.46018	844.00000
24.47018	856.00000
24.48018	849.00000
24.49018	919.00000
24.50018	878.00000
24.51018	874.00000
24.52018	899.00000
24.53018	942.00000
24.54018	902.00000
24.55018	876.00000
24.56018	848.00000
24.57018	888.00000
24.58018	919.00000
24.59018	872.00000
24.60018	843.00000
24.61018	898.00000
24.62018	951.00000
24.63018	925.00000
24.64018	888.00000
24.65018	884.00000
24.66018	897.00000
24.67019	897.00000
24.68019	882.00000
24.69019	895.00000
24.70019	873.00000
24.71019	863.00000
24.72019	898.00000
24.73019	912.00000
24.74019	878.00000
24.75019	807.00000
24.76019	873.00000
24.77019	894.00000
24.78019	863.00000
24.79019	868.00000
24.80019	901.00000
24.81019	893.00000
24.82019	884.00000
24.83019	915.00000
24.84019	901.00000
24.85019	918.00000
24.86019	937.00000
24.87019	918.00000
24.88019	911.00000
24.89019	903.00000
24.90019	895.00000
24.91019	882.00000
24.92019	903.00000
24.93019	906.00000
24.94019	947.00000
24.95019	970.00000
24.96019	955.00000
24.97019	961.00000
24.98019	982.00000
24.99019	999.00000
25.00019	974.00000
25.01019	1021.00000
25.02019	1007.00000
25.03019	1099.00000
25.04019	1153.00000
25.05019	1101.00000
25.06019	1263.00000
25.07019	1276.00000
25.08019	1300.00000
25.09019	1436.00000
25.10019	1587.00000
25.11020	1659.00000
25.12020	1896.00000
25.13020	2100.00000
25.14020	2439.00000
25.15020	2712.00000
25.16020	3170.00000
25.17020	3718.00000
25.18020	4226.00000
25.19020	4905.00000
25.20020	5741.00000
25.21020	6532.00000
25.22020	7468.00000
25.23020	8063.00000
25.24020	8419.00000
25.25020	8881.00000
25.26020	8954.00000
25.27020	8708.00000
25.28020	8396.00000
25.29020	7873.00000
25.30020	7568.00000
25.31020	7257.00000
25.32020	6989.00000
25.33020	7326.00000
25.34020	7727.00000
25.35020	8445.00000
25.36020	9378.00000
25.37020	10289.00000
25.38020	11551.00000
25.39020	12250.00000
25.40020	12998.00000
25.41020	13187.00000
25.42020	12931.00000
25.43020	12477.00000
25.44020	11186.00000
25.45020	9946.00000
25.46020	8399.00000
25.47020	6765.00000
25.48020	5275.00000
25.49020	4207.00000
25.50020	3282.00000
25.51020	2505.00000
25.52020	1981.00000
25.53020	1702.00000
25.54021	1474.00000
25.55021	1267.00000
25.56021	1116.00000
25.57021	1119.00000
25.58021	1093.00000
25.59021	1015.00000
25.60021	964.00000
25.61021	979.00000
25.62021	925.00000
25.63021	980.00000
25.64021	911.00000
25.65021	932.00000
25.66021	885.00000
25.67021	915.00000
25.68021	928.00000
25.69021	908.00000
25.70021	905.00000
25.71021	968.00000
25.72021	931.00000
25.73021	951.00000
25.74021	957.00000
25.75021	954.00000
25.76021	966.00000
25.77021	998.00000
25.78021	1034.00000
25.79021	1039.00000
25.80021	1126.00000
25.81021	1140.00000
25.82021	1173.00000
25.83021	1202.00000
25.84021	1197.00000
25.85021	1240.00000
25.86021	1190.00000
25.87021	1216.00000
25.88021	1172.00000
25.89021	1051.00000
25.90021	958.00000
25.91021	900.00000
25.92021	935.00000
25.93021	924.00000
25.94021	871.00000
25.95021	831.00000
25.96021	831.00000
25.97021	858.00000
25.98022	792.00000
25.99022	811.00000
26.00022	793.00000
26.01022	756.00000
26.02022	787.00000
26.03022	817.00000
26.04022	808.00000
26.05022	798.00000
26.06022	768.00000
26.07022	801.00000
26.08022	793.00000
26.09022	787.00000
26.10022	749.00000
26.11022	728.00000
26.12022	820.00000
26.13022	763.00000
26.14022	826.00000
26.15022	761.00000
26.16022	823.00000
26.17022	813.00000
26.18022	814.00000
26.19022	811.00000
26.20022	845.00000
26.21022	786.00000
26.22022	787.00000
26.23022	768.00000
26.24022	814.00000
26.25022	857.00000
26.26022	853.00000
26.27022	869.00000
26.28022	825.00000
26.29022	821.00000
26.30022	920.00000
26.31022	902.00000
26.32022	932.00000
26.33022	964.00000
26.34022	1046.00000
26.35022	1111.00000
26.36022	1172.00000
26.37022	1154.00000
26.38022	1275.00000
26.39022	1392.00000
26.40022	1440.00000
26.41022	1587.00000
26.42023	1710.00000
26.43023	1878.00000
26.44023	1911.00000
26.45023	2135.00000
26.46023	2258.00000
26.47023	2334.00000
26.48023	2290.00000
26.49023	2292.00000
26.50023	2141.00000
26.51023	2014.00000
26.52023	1753.00000
26.53023	1660.00000
26.54023	1476.00000
26.55023	1346.00000
26.56023	1178.00000
26.57023	1083.00000
26.58023	962.00000
26.59023	921.00000
26.60023	925.00000
26.61023	857.00000
26.62023	828.00000
26.63023	841.00000
26.64023	866.00000
26.65023	835.00000
26.66023	762.00000
26.67023	736.00000
26.68023	759.00000
26.69023	753.00000
26.70023	736.00000
26.71023	768.00000
26.72023	765.00000
26.73023	730.00000
26.74023	765.00000
26.75023	722.00000
26.76023	800.00000
26.77023	744.00000
26.78023	718.00000
26.79023	757.00000
26.80023	761.00000
26.81023	725.00000
26.82023	738.00000
26.83023	749.00000
26.84023	694.00000
26.85023	712.00000
26.86024	708.00000
26.87024	776.00000
26.88024	757.00000
26.89024	718.00000
26.90024	718.00000
26.91024	717.00000
26.92024	733.00000
26.93024	735.00000
26.94024	745.00000
26.95024	705.00000
26.96024	683.00000
26.97024	760.00000
26.98024	714.00000
26.99024	739.00000
27.00024	738.00000
27.01024	703.00000
27.02024	680.00000
27.03024	734.00000
27.04024	710.00000
27.05024	718.00000
27.06024	706.00000
27.07024	701.00000
27.08024	724.00000
27.09024	751.00000
27.10024	685.00000
27.11024	701.00000
27.12024	742.00000
27.13024	732.00000
27.14024	696.00000
27.15024	705.00000
27.16024	697.00000
27.17024	708.00000
27.18024	702.00000
27.19024	727.00000
27.20024	677.00000
27.21024	640.00000
27.22024	712.00000
27.23024	753.00000
27.24024	685.00000
27.25024	681.00000
27.26024	694.00000
27.27024	704.00000
27.28024	663.00000
27.29025	705.00000
27.30025	686.00000
27.31025	709.00000
27.32025	739.00000
27.33025	777.00000
27.34025	699.00000
27.35025	709.00000
27.36025	661.00000
27.37025	684.00000
27.38025	737.00000
27.39025	727.00000
27.40025	676.00000
27.41025	678.00000
27.42025	727.00000
27.43025	719.00000
27.44025	732.00000
27.45025	682.00000
27.46025	697.00000
27.47025	671.00000
27.48025	692.00000
27.49025	678.00000
27.50025	714.00000
27.51025	693.00000
27.52025	706.00000
27.53025	742.00000
27.54025	669.00000
27.55025	720.00000
27.56025	733.00000
27.57025	650.00000
27.58025	649.00000
27.59025	700.00000
27.60025	762.00000
27.61025	746.00000
27.62025	699.00000
27.63025	686.00000
27.64025	701.00000
27.65025	696.00000
27.66025	689.00000
27.67025	722.00000
27.68025	760.00000
27.69025	712.00000
27.70025	754.00000
27.71025	757.00000
27.72025	766.00000
27.73026	804.00000
27.74026	865.00000
27.75026	949.00000
27.76026	973.00000
27.77026	1065.00000
27.78026	1120.00000
27.79026	1126.00000
27.80026	1296.00000
27.81026	1411.00000
27.82026	1500.00000
27.83026	1594.00000
27.84026	1547.00000
27.85026	1654.00000
27.86026	1564.00000
27.87026	1576.00000
27.88026	1440.00000
27.89026	1340.00000
27.90026	1213.00000
27.91026	1080.00000
27.92026	1016.00000
27.93026	909.00000
27.94026	841.00000
27.95026	811.00000
27.96026	720.00000
27.97026	778.00000
27.98026	732.00000
27.99026	723.00000
28.00026	717.00000
28.01026	735.00000
28.02026	666.00000
28.03026	671.00000
28.04026	667.00000
28.05026	683.00000
28.06026	704.00000
28.07026	653.00000
28.08026	665.00000
28.09026	685.00000
28.10026	635.00000
28.11026	648.00000
28.12026	699.00000
28.13026	660.00000
28.14026	720.00000
28.15026	676.00000
28.16026	653.00000
28.17027	674.00000
28.18027	736.00000
28.19027	707.00000
28.20027	731.00000
28.21027	745.00000
28.22027	727.00000
28.23027	747.00000
28.24027	758.00000
28.25027	749.00000
28.26027	782.00000
28.27027	824.00000
28.28027	886.00000
28.29027	983.00000
28.30027	985.00000
28.31027	1114.00000
28.32027	1146.00000
28.33027	1329.00000
28.34027	1517.00000
28.35027	1698.00000
28.36027	1925.00000
28.37027	2183.00000
28.38027	2546.00000
28.39027	3017.00000
28.40027	3500.00000
28.41027	3876.00000
28.42027	4463.00000
28.43027	4911.00000
28.44027	5171.00000
28.45027	5419.00000
28.46027	5511.00000
28.47027	5314.00000
28.48027	5010.00000
28.49027	4731.00000
28.50027	4133.00000
28.51027	3478.00000
28.52027	2989.00000
28.53027	2400.00000
28.54027	2101.00000
28.55027	1706.00000
28.56027	1456.00000
28.57027	1170.00000
28.58027	1042.00000
28.59027	947.00000
28.60028	858.00000
28.61028	794.00000
28.62028	743.00000
28.63028	776.00000
28.64028	719.00000
28.65028	734.00000
28.66028	721.00000
28.67028	736.00000
28.68028	657.00000
28.69028	674.00000
28.70028	604.00000
28.71028	644.00000
28.72028	618.00000
28.73028	650.00000
28.74028	678.00000
28.75028	672.00000
28.76028	676.00000
28.77028	645.00000
28.78028	619.00000
28.79028	642.00000
28.80028	675.00000
28.81028	635.00000
28.82028	652.00000
28.83028	650.00000
28.84028	690.00000
28.85028	656.00000
28.86028	620.00000
28.87028	636.00000
28.88028	612.00000
28.89028	666.00000
28.90028	659.00000
28.91028	634.00000
28.92028	649.00000
28.93028	626.00000
28.94028	618.00000
28.95028	645.00000
28.96028	618.00000
28.97028	641.00000
28.98028	659.00000
28.99028	654.00000
29.00028	623.00000
29.01028	638.00000
29.02028	653.00000
29.03028	646.00000
29.04029	623.00000
29.05029	626.00000
29.06029	642.00000
29.07029	616.00000
29.08029	667.00000
29.09029	632.00000
29.10029	632.00000
29.11029	607.00000
29.12029	615.00000
29.13029	637.00000
29.14029	614.00000
29.15029	615.00000
29.16029	616.00000
29.17029	611.00000
29.18029	615.00000
29.19029	603.00000
29.20029	623.00000
29.21029	584.00000
29.22029	641.00000
29.23029	632.00000
29.24029	639.00000
29.25029	617.00000
29.26029	604.00000
29.27029	614.00000
29.28029	586.00000
29.29029	632.00000
29.30029	602.00000
29.31029	634.00000
29.32029	568.00000
29.33029	605.00000
29.34029	552.00000
29.35029	635.00000
29.36029	615.00000
29.37029	656.00000
29.38029	647.00000
29.39029	634.00000
29.40029	635.00000
29.41029	654.00000
29.42029	636.00000
29.43029	651.00000
29.44029	664.00000
29.45029	679.00000
29.46029	640.00000
29.47029	723.00000
29.48030	731.00000
29.49030	722.00000
29.50030	786.00000
29.51030	801.00000
29.52030	836.00000
29.53030	909.00000
29.54030	916.00000
29.55030	933.00000
29.56030	948.00000
29.57030	946.00000
29.58030	937.00000
29.59030	926.00000
29.60030	860.00000
29.61030	808.00000
29.62030	787.00000
29.63030	737.00000
29.64030	742.00000
29.65030	629.00000
29.66030	667.00000
29.67030	645.00000
29.68030	608.00000
29.69030	617.00000
29.70030	594.00000
29.71030	624.00000
29.72030	602.00000
29.73030	612.00000
29.74030	607.00000
29.75030	586.00000
29.76030	640.00000
29.77030	619.00000
29.78030	625.00000
29.79030	602.00000
29.80030	589.00000
29.81030	597.00000
29.82030	573.00000
29.83030	590.00000
29.84030	573.00000
29.85030	542.00000
29.86030	537.00000
29.87030	601.00000
29.88030	590.00000
29.89030	560.00000
29.90030	601.00000
29.91031	615.00000
29.92031	541.00000
29.93031	574.00000
29.94031	613.00000
29.95031	630.00000
29.96031	607.00000
29.97031	575.00000
29.98031	636.00000
29.99031	578.00000
30.00031	631.00000
30.01031	590.00000
30.02031	689.00000
30.03031	646.00000
30.04031	659.00000
30.05031	675.00000
30.06031	679.00000
30.07031	682.00000
30.08031	740.00000
30.09031	745.00000
30.10031	695.00000
30.11031	718.00000
30.12031	751.00000
30.13031	715.00000
30.14031	704.00000
30.15031	738.00000
30.16031	671.00000
30.17031	666.00000
30.18031	661.00000
30.19031	673.00000
30.20031	591.00000
30.21031	626.00000
30.22031	546.00000
30.23031	570.00000
30.24031	606.00000
30.25031	568.00000
30.26031	581.00000
30.27031	580.00000
30.28031	577.00000
30.29031	617.00000
30.30031	594.00000
30.31031	584.00000
30.32031	566.00000
30.33031	552.00000
30.34031	563.00000
30.35032	554.00000
30.36032	569.00000
30.37032	560.00000
30.38032	587.00000
30.39032	578.00000
30.40032	557.00000
30.41032	586.00000
30.42032	563.00000
30.43032	580.00000
30.44032	541.00000
30.45032	578.00000
30.46032	541.00000
30.47032	572.00000
30.48032	562.00000
30.49032	550.00000
30.50032	536.00000
30.51032	545.00000
30.52032	580.00000
30.53032	531.00000
30.54032	566.00000
30.55032	548.00000
30.56032	580.00000
30.57032	573.00000
30.58032	547.00000
30.59032	544.00000
30.60032	527.00000
30.61032	557.00000
30.62032	570.00000
30.63032	588.00000
30.64032	548.00000
30.65032	581.00000
30.66032	532.00000
30.67032	584.00000
30.68032	554.00000
30.69032	581.00000
30.70032	519.00000
30.71032	570.00000
30.72032	546.00000
30.73032	544.00000
30.74032	561.00000
30.75032	549.00000
30.76032	558.00000
30.77032	547.00000
30.78032	556.00000
30.79033	544.00000
30.80033	563.00000
30.81033	598.00000
30.82033	574.00000
30.83033	607.00000
30.84033	543.00000
30.85033	552.00000
30.86033	575.00000
30.87033	500.00000
30.88033	551.00000
30.89033	568.00000
30.90033	571.00000
30.91033	557.00000
30.92033	550.00000
30.93033	597.00000
30.94033	575.00000
30.95033	560.00000
30.96033	580.00000
30.97033	566.00000
30.98033	577.00000
30.99033	535.00000
31.00033	592.00000
31.01033	544.00000
31.02033	602.00000
31.03033	571.00000
31.04033	555.00000
31.05033	553.00000
31.06033	572.00000
31.07033	570.00000
31.08033	602.00000
31.09033	599.00000
31.10033	586.00000
31.11033	583.00000
31.12033	613.00000
31.13033	641.00000
31.14033	648.00000
31.15033	678.00000
31.16033	676.00000
31.17033	739.00000
31.18033	716.00000
31.19033	799.00000
31.20033	857.00000
31.21033	968.00000
31.22034	1103.00000
31.23034	1174.00000
31.24034	1329.00000
31.25034	1549.00000
31.26034	1724.00000
31.27034	2014.00000
31.28034	2328.00000
31.29034	2613.00000
31.30034	2970.00000
31.31034	3324.00000
31.32034	3612.00000
31.33034	3896.00000
31.34034	4181.00000
31.35034	4139.00000
31.36034	4101.00000
31.37034	4047.00000
31.38034	3590.00000
31.39034	3082.00000
31.40034	2839.00000
31.41034	2494.00000
31.42034	2038.00000
31.43034	1712.00000
31.44034	1447.00000
31.45034	1279.00000
31.46034	1111.00000
31.47034	982.00000
31.48034	824.00000
31.49034	742.00000
31.50034	747.00000
31.51034	722.00000
31.52034	651.00000
31.53034	658.00000
31.54034	631.00000
31.55034	605.00000
31.56034	645.00000
31.57034	602.00000
31.58034	579.00000
31.59034	539.00000
31.60034	601.00000
31.61034	606.00000
31.62034	605.00000
31.63034	553.00000
31.64034	613.00000
31.65034	571.00000
31.66035	581.00000
31.67035	621.00000
31.68035	637.00000
31.69035	670.00000
31.70035	600.00000
31.71035	675.00000
31.72035	699.00000
31.73035	749.00000
31.74035	737.00000
31.75035	805.00000
31.76035	824.00000
31.77035	876.00000
31.78035	993.00000
31.79035	1073.00000
31.80035	1239.00000
31.81035	1338.00000
31.82035	1513.00000
31.83035	1582.00000
31.84035	1749.00000
31.85035	1902.00000
31.86035	2027.00000
31.87035	2013.00000
31.88035	2095.00000
31.89035	2066.00000
31.90035	1879.00000
31.91035	1758.00000
31.92035	1530.00000
31.93035	1439.00000
31.94035	1193.00000
31.95035	1081.00000
31.96035	891.00000
31.97035	872.00000
31.98035	776.00000
31.99035	773.00000
32.00035	645.00000
32.01035	660.00000
32.02035	622.00000
32.03035	572.00000
32.04035	584.00000
32.05035	579.00000
32.06035	567.00000
32.07035	595.00000
32.08035	573.00000
32.09035	575.00000
32.10035	548.00000
32.11036	518.00000
32.12035	524.00000
32.13036	531.00000
32.14035	538.00000
32.15036	509.00000
32.16035	532.00000
32.17036	543.00000
32.18036	541.00000
32.19036	518.00000
32.20036	532.00000
32.21036	486.00000
32.22036	509.00000
32.23036	497.00000
32.24036	522.00000
32.25036	530.00000
32.26036	538.00000
32.27036	498.00000
32.28036	517.00000
32.29036	525.00000
32.30036	516.00000
32.31036	536.00000
32.32036	526.00000
32.33036	526.00000
32.34036	544.00000
32.35036	524.00000
32.36036	499.00000
32.37036	514.00000
32.38036	528.00000
32.39036	520.00000
32.40036	539.00000
32.41036	516.00000
32.42036	527.00000
32.43036	538.00000
32.44036	518.00000
32.45036	532.00000
32.46036	530.00000
32.47036	533.00000
32.48036	510.00000
32.49036	485.00000
32.50036	547.00000
32.51036	508.00000
32.52036	530.00000
32.53036	521.00000
32.54036	516.00000
32.55037	540.00000
32.56036	552.00000
32.57037	560.00000
32.58036	587.00000
32.59037	568.00000
32.60036	593.00000
32.61037	595.00000
32.62037	642.00000
32.63037	675.00000
32.64037	675.00000
32.65037	692.00000
32.66037	783.00000
32.67037	805.00000
32.68037	873.00000
32.69037	929.00000
32.70037	1037.00000
32.71037	1146.00000
32.72037	1242.00000
32.73037	1404.00000
32.74037	1493.00000
32.75037	1676.00000
32.76037	1757.00000
32.77037	1905.00000
32.78037	2004.00000
32.79037	1997.00000
32.80037	1962.00000
32.81037	1938.00000
32.82037	1883.00000
32.83037	1771.00000
32.84037	1609.00000
32.85037	1490.00000
32.86037	1314.00000
32.87037	1157.00000
32.88037	1100.00000
32.89037	1035.00000
32.90037	825.00000
32.91037	732.00000
32.92037	756.00000
32.93037	665.00000
32.94037	588.00000
32.95037	635.00000
32.96037	621.00000
32.97038	577.00000
32.98037	532.00000
32.99038	600.00000
33.00037	603.00000
33.01038	582.00000
33.02037	527.00000
33.03038	537.00000
33.04037	551.00000
33.05038	561.00000
33.06038	605.00000
33.07038	620.00000
33.08038	613.00000
33.09038	654.00000
33.10038	713.00000
33.11038	726.00000
33.12038	761.00000
33.13038	819.00000
33.14038	852.00000
33.15038	874.00000
33.16038	863.00000
33.17038	890.00000
33.18038	911.00000
33.19038	957.00000
33.20038	868.00000
33.21038	887.00000
33.22038	858.00000
33.23038	726.00000
33.24038	725.00000
33.25038	693.00000
33.26038	662.00000
33.27038	611.00000
33.28038	561.00000
33.29038	538.00000
33.30038	511.00000
33.31038	477.00000
33.32038	529.00000
33.33038	516.00000
33.34038	497.00000
33.35038	539.00000
33.36038	527.00000
33.37038	540.00000
33.38038	506.00000
33.39038	524.00000
33.40038	477.00000
33.41039	484.00000
33.42038	533.00000
33.43039	500.00000
33.44038	516.00000
33.45039	464.00000
33.46038	529.00000
33.47039	495.00000
33.48038	474.00000
33.49039	499.00000
33.50039	509.00000
33.51039	517.00000
33.52039	541.00000
33.53039	517.00000
33.54039	537.00000
33.55039	507.00000
33.56039	565.00000
33.57039	576.00000
33.58039	547.00000
33.59039	567.00000
33.60039	602.00000
33.61039	639.00000
33.62039	708.00000
33.63039	719.00000
33.64039	715.00000
33.65039	760.00000
33.66039	803.00000
33.67039	765.00000
33.68039	734.00000
33.69039	784.00000
33.70039	745.00000
33.71039	732.00000
33.72039	782.00000
33.73039	740.00000
33.74039	667.00000
33.75039	618.00000
33.76039	622.00000
33.77039	599.00000
33.78039	602.00000
33.79039	545.00000
33.80039	533.00000
33.81039	524.00000
33.82039	507.00000
33.83039	507.00000
33.84039	496.00000
33.85040	494.00000
33.86039	527.00000
33.87040	498.00000
33.88039	455.00000
33.89040	480.00000
33.90039	522.00000
33.91040	491.00000
33.92039	505.00000
33.93040	498.00000
33.94040	522.00000
33.95040	477.00000
33.96040	471.00000
33.97040	493.00000
33.98040	509.00000
33.99040	491.00000
34.00040	527.00000
34.01040	534.00000
34.02040	505.00000
34.03040	521.00000
34.04040	508.00000
34.05040	489.00000
34.06040	508.00000
34.07040	546.00000
34.08040	503.00000
34.09040	546.00000
34.10040	569.00000
34.11040	516.00000
34.12040	574.00000
34.13040	565.00000
34.14040	558.00000
34.15040	540.00000
34.16040	579.00000
34.17040	608.00000
34.18040	579.00000
34.19040	611.00000
34.20040	657.00000
34.21040	702.00000
34.22040	700.00000
34.23040	751.00000
34.24040	824.00000
34.25040	880.00000
34.26040	994.00000
34.27040	1090.00000
34.28040	1238.00000
34.29041	1341.00000
34.30040	1612.00000
34.31041	1811.00000
34.32040	2055.00000
34.33041	2343.00000
34.34040	2811.00000
34.35041	3182.00000
34.36040	3585.00000
34.37041	3882.00000
34.38041	4320.00000
34.39041	4620.00000
34.40041	4767.00000
34.41041	4808.00000
34.42041	4768.00000
34.43041	4650.00000
34.44041	4484.00000
34.45041	4191.00000
34.46041	3892.00000
34.47041	3518.00000
34.48041	3179.00000
34.49041	2717.00000
34.50041	2366.00000
34.51041	1972.00000
34.52041	1651.00000
34.53041	1392.00000
34.54041	1239.00000
34.55041	1015.00000
34.56041	945.00000
34.57041	829.00000
34.58041	737.00000
34.59041	666.00000
34.60041	610.00000
34.61041	568.00000
34.62041	591.00000
34.63041	578.00000
34.64041	551.00000
34.65041	519.00000
34.66041	543.00000
34.67041	539.00000
34.68041	526.00000
34.69041	522.00000
34.70041	473.00000
34.71041	525.00000
34.72041	468.00000
34.73042	502.00000
34.74041	483.00000
34.75042	470.00000
34.76041	451.00000
34.77042	469.00000
34.78041	491.00000
34.79042	465.00000
34.80042	481.00000
34.81042	477.00000
34.82042	464.00000
34.83042	474.00000
34.84042	476.00000
34.85042	487.00000
34.86042	452.00000
34.87042	463.00000
34.88042	477.00000
34.89042	504.00000
34.90042	468.00000
34.91042	436.00000
34.92042	472.00000
34.93042	457.00000
34.94042	515.00000
34.95042	450.00000
34.96042	448.00000
34.97042	457.00000
34.98042	474.00000
34.99042	447.00000
35.00042	448.00000
35.01042	455.00000
35.02042	445.00000
35.03042	442.00000
35.04042	443.00000
35.05042	439.00000
35.06042	487.00000
35.07042	450.00000
35.08042	454.00000
35.09042	481.00000
35.10042	484.00000
35.11042	470.00000
35.12042	406.00000
35.13042	461.00000
35.14042	475.00000
35.15042	467.00000
35.16042	444.00000
35.17043	468.00000
35.18042	477.00000
35.19043	442.00000
35.20042	458.00000
35.21043	435.00000
35.22042	478.00000
35.23043	451.00000
35.24043	451.00000
35.25043	409.00000
35.26043	427.00000
35.27043	453.00000
35.28043	463.00000
35.29043	444.00000
35.30043	452.00000
35.31043	468.00000
35.32043	482.00000
35.33043	438.00000
35.34043	457.00000
35.35043	434.00000
35.36043	435.00000
35.37043	450.00000
35.38043	475.00000
35.39043	432.00000
35.40043	463.00000
35.41043	434.00000
35.42043	436.00000
35.43043	439.00000
35.44043	463.00000
35.45043	429.00000
35.46043	442.00000
35.47043	420.00000
35.48043	417.00000
35.49043	438.00000
35.50043	459.00000
35.51043	421.00000
35.52043	449.00000
35.53043	480.00000
35.54043	484.00000
35.55043	472.00000
35.56043	425.00000
35.57043	444.00000
35.58043	478.00000
35.59044	490.00000
35.60043	476.00000
35.61044	488.00000
35.62043	526.00000
35.63044	544.00000
35.64043	592.00000
35.65044	587.00000
35.66043	622.00000
35.67044	626.00000
35.68044	643.00000
35.69044	657.00000
35.70044	664.00000
35.71044	724.00000
35.72044	722.00000
35.73044	747.00000
35.74044	703.00000
35.75044	721.00000
35.76044	687.00000
35.77044	655.00000
35.78044	603.00000
35.79044	594.00000
35.80044	584.00000
35.81044	540.00000
35.82044	488.00000
35.83044	480.00000
35.84044	491.00000
35.85044	453.00000
35.86044	494.00000
35.87044	455.00000
35.88044	435.00000
35.89044	467.00000
35.90044	454.00000
35.91044	428.00000
35.92044	459.00000
35.93044	435.00000
35.94044	405.00000
35.95044	442.00000
35.96044	436.00000
35.97044	438.00000
35.98044	460.00000
35.99044	421.00000
36.00044	459.00000
36.01044	427.00000
36.02044	422.00000
36.03045	475.00000
36.04044	413.00000
36.05045	464.00000
36.06044	431.00000
36.07045	488.00000
36.08044	449.00000
36.09045	479.00000
36.10044	490.00000
36.11045	498.00000
36.12045	507.00000
36.13045	539.00000
36.14045	563.00000
36.15045	596.00000
36.16045	627.00000
36.17045	652.00000
36.18045	714.00000
36.19045	729.00000
36.20045	748.00000
36.21045	715.00000
36.22045	749.00000
36.23045	702.00000
36.24045	714.00000
36.25045	724.00000
36.26045	686.00000
36.27045	634.00000
36.28045	584.00000
36.29045	562.00000
36.30045	532.00000
36.31045	504.00000
36.32045	486.00000
36.33045	472.00000
36.34045	457.00000
36.35045	478.00000
36.36045	438.00000
36.37045	461.00000
36.38045	443.00000
36.39045	452.00000
36.40045	423.00000
36.41045	420.00000
36.42045	411.00000
36.43045	416.00000
36.44045	405.00000
36.45045	401.00000
36.46045	463.00000
36.47046	433.00000
36.48045	416.00000
36.49046	430.00000
36.50045	427.00000
36.51046	406.00000
36.52045	415.00000
36.53046	412.00000
36.54045	396.00000
36.55046	440.00000
36.56046	434.00000
36.57046	441.00000
36.58046	422.00000
36.59046	427.00000
36.60046	430.00000
36.61046	393.00000
36.62046	462.00000
36.63046	429.00000
36.64046	409.00000
36.65046	426.00000
36.66046	441.00000
36.67046	443.00000
36.68046	409.00000
36.69046	446.00000
36.70046	455.00000
36.71046	438.00000
36.72046	466.00000
36.73046	460.00000
36.74046	493.00000
36.75046	550.00000
36.76046	541.00000
36.77046	569.00000
36.78046	541.00000
36.79046	544.00000
36.80046	607.00000
36.81046	625.00000
36.82046	624.00000
36.83046	614.00000
36.84046	614.00000
36.85046	627.00000
36.86046	571.00000
36.87046	561.00000
36.88046	555.00000
36.89046	528.00000
36.90046	513.00000
36.91047	522.00000
36.92046	493.00000
36.93047	446.00000
36.94046	423.00000
36.95047	436.00000
36.96046	437.00000
36.97047	448.00000
36.98046	429.00000
36.99047	395.00000
37.00047	422.00000
37.01047	412.00000
37.02047	396.00000
37.03047	383.00000
37.04047	401.00000
37.05047	419.00000
37.06047	439.00000
37.07047	415.00000
37.08047	410.00000
37.09047	389.00000
37.10047	381.00000
37.11047	388.00000
37.12047	390.00000
37.13047	411.00000
37.14047	392.00000
37.15047	395.00000
37.16047	399.00000
37.17047	406.00000
37.18047	402.00000
37.19047	398.00000
37.20047	412.00000
37.21047	425.00000
37.22047	406.00000
37.23047	399.00000
37.24047	393.00000
37.25047	436.00000
37.26047	403.00000
37.27047	369.00000
37.28047	377.00000
37.29047	375.00000
37.30047	415.00000
37.31047	401.00000
37.32047	371.00000
37.33047	391.00000
37.34047	393.00000
37.35048	419.00000
37.36047	403.00000
37.37048	427.00000
37.38047	455.00000
37.39048	405.00000
37.40047	395.00000
37.41048	407.00000
37.42048	399.00000
37.43048	390.00000
37.44048	425.00000
37.45048	431.00000
37.46048	404.00000
37.47048	395.00000
37.48048	372.00000
37.49048	393.00000
37.50048	377.00000
37.51048	380.00000
37.52048	456.00000
37.53048	443.00000
37.54048	381.00000
37.55048	374.00000
37.56048	407.00000
37.57048	393.00000
37.58048	383.00000
37.59048	341.00000
37.60048	386.00000
37.61048	384.00000
37.62048	404.00000
37.63048	402.00000
37.64048	379.00000
37.65048	409.00000
37.66048	399.00000
37.67048	387.00000
37.68048	391.00000
37.69048	392.00000
37.70048	386.00000
37.71048	366.00000
37.72048	414.00000
37.73048	398.00000
37.74048	369.00000
37.75048	398.00000
37.76048	374.00000
37.77048	387.00000
37.78048	398.00000
37.79049	417.00000
37.80048	405.00000
37.81049	392.00000
37.82048	415.00000
37.83049	406.00000
37.84048	393.00000
37.85049	422.00000
37.86049	401.00000
37.87049	379.00000
37.88049	384.00000
37.89049	399.00000
37.90049	366.00000
37.91049	384.00000
37.92049	385.00000
37.93049	370.00000
37.94049	416.00000
37.95049	399.00000
37.96049	407.00000
37.97049	427.00000
37.98049	419.00000
37.99049	382.00000
38.00049	361.00000
38.01049	381.00000
38.02049	379.00000
38.03049	377.00000
38.04049	409.00000
38.05049	412.00000
38.06049	377.00000
38.07049	384.00000
38.08049	392.00000
38.09049	383.00000
38.10049	373.00000
38.11049	378.00000
38.12049	371.00000
38.13049	366.00000
38.14049	407.00000
38.15049	418.00000
38.16049	399.00000
38.17049	388.00000
38.18049	403.00000
38.19049	376.00000
38.20049	381.00000
38.21049	416.00000
38.22049	398.00000
38.23050	391.00000
38.24049	342.00000
38.25050	373.00000
38.26049	374.00000
38.27050	390.00000
38.28049	410.00000
38.29050	417.00000
38.30050	429.00000
38.31050	336.00000
38.32050	368.00000
38.33050	397.00000
38.34050	425.00000
38.35050	394.00000
38.36050	377.00000
38.37050	402.00000
38.38050	454.00000
38.39050	398.00000
38.40050	390.00000
38.41050	444.00000
38.42050	406.00000
38.43050	441.00000
38.44050	422.00000
38.45050	415.00000
38.46050	469.00000
38.47050	476.00000
38.48050	463.00000
38.49050	462.00000
38.50050	410.00000
38.51050	439.00000
38.52050	407.00000
38.53050	441.00000
38.54050	417.00000
38.55050	422.00000
38.56050	381.00000
38.57050	417.00000
38.58050	393.00000
38.59050	374.00000
38.60050	401.00000
38.61050	405.00000
38.62050	397.00000
38.63050	406.00000
38.64050	397.00000
38.65051	375.00000
38.66050	420.00000
38.67051	379.00000
38.68050	403.00000
38.69051	419.00000
38.70050	404.00000
38.71051	361.00000
38.72050	380.00000
38.73051	358.00000
38.74051	395.00000
38.75051	382.00000
38.76051	379.00000
38.77051	378.00000
38.78051	399.00000
38.79051	403.00000
38.80051	384.00000
38.81051	369.00000
38.82051	400.00000
38.83051	388.00000
38.84051	378.00000
38.85051	390.00000
38.86051	388.00000
38.87051	397.00000
38.88051	368.00000
38.89051	385.00000
38.90051	369.00000
38.91051	399.00000
38.92051	376.00000
38.93051	404.00000
38.94051	395.00000
38.95051	391.00000
38.96051	395.00000
38.97051	402.00000
38.98051	371.00000
38.99051	410.00000
39.00051	423.00000
39.01051	362.00000
39.02051	379.00000
39.03051	379.00000
39.04051	382.00000
39.05051	381.00000
39.06051	372.00000
39.07051	415.00000
39.08051	329.00000
39.09052	411.00000
39.10051	411.00000
39.11052	403.00000
39.12051	388.00000
39.13052	374.00000
39.14051	396.00000
39.15052	383.00000
39.16051	373.00000
39.17052	382.00000
39.18052	386.00000
39.19052	359.00000
39.20052	417.00000
39.21052	390.00000
39.22052	380.00000
39.23052	392.00000
39.24052	432.00000
39.25052	421.00000
39.26052	392.00000
39.27052	383.00000
39.28052	401.00000
39.29052	406.00000
39.30052	374.00000
39.31052	391.00000
39.32052	400.00000
39.33052	402.00000
39.34052	393.00000
39.35052	379.00000
39.36052	386.00000
39.37052	406.00000
39.38052	395.00000
39.39052	389.00000
39.40052	381.00000
39.41052	327.00000
39.42052	356.00000
39.43052	364.00000
39.44052	421.00000
39.45052	374.00000
39.46052	362.00000
39.47052	405.00000
39.48052	371.00000
39.49052	378.00000
39.50052	381.00000
39.51052	357.00000
39.52052	387.00000
39.53053	404.00000
39.54052	379.00000
39.55053	383.00000
39.56052	374.00000
39.57053	374.00000
39.58052	406.00000
39.59053	366.00000
39.60052	358.00000
39.61053	384.00000
39.62053	386.00000
39.63053	380.00000
39.64053	377.00000
39.65053	359.00000
39.66053	388.00000
39.67053	360.00000
39.68053	386.00000
39.69053	337.00000
39.70053	374.00000
39.71053	369.00000
39.72053	391.00000
39.73053	387.00000
39.74053	392.00000
39.75053	403.00000
39.76053	421.00000
39.77053	373.00000
39.78053	366.00000
39.79053	345.00000
39.80053	423.00000
39.81053	409.00000
39.82053	400.00000
39.83053	398.00000
39.84053	389.00000
39.85053	379.00000
39.86053	395.00000
39.87053	421.00000
39.88053	384.00000
39.89053	390.00000
39.90053	405.00000
39.91053	412.00000
39.92053	402.00000
39.93053	414.00000
39.94053	445.00000
39.95053	411.00000
39.96053	442.00000
39.97054	437.00000
39.98053	467.00000
39.99054	467.00000
40.00053	503.00000
40.01054	556.00000
40.02053	547.00000
40.03054	634.00000
40.04053	694.00000
40.05054	736.00000
40.06054	895.00000
40.07054	896.00000
40.08054	1001.00000
40.09054	1182.00000
40.10054	1235.00000
40.11054	1243.00000
40.12054	1248.00000
40.13054	1313.00000
40.14054	1287.00000
40.15054	1255.00000
40.16054	1271.00000
40.17054	1230.00000
40.18054	1095.00000
40.19054	966.00000
40.20054	920.00000
40.21054	822.00000
40.22054	733.00000
40.23054	668.00000
40.24054	624.00000
40.25054	570.00000
40.26054	494.00000
40.27054	465.00000
40.28054	453.00000
40.29054	448.00000
40.30054	424.00000
40.31054	412.00000
40.32054	419.00000
40.33054	451.00000
40.34054	418.00000
40.35054	397.00000
40.36054	386.00000
40.37054	432.00000
40.38054	418.00000
40.39054	409.00000
40.40054	389.00000
40.41055	408.00000
40.42054	410.00000
40.43055	411.00000
40.44054	409.00000
40.45055	394.00000
40.46054	412.00000
40.47055	458.00000
40.48055	455.00000
40.49055	439.00000
40.50055	460.00000
40.51055	479.00000
40.52055	503.00000
40.53055	537.00000
40.54055	484.00000
40.55055	570.00000
40.56055	605.00000
40.57055	662.00000
40.58055	686.00000
40.59055	780.00000
40.60055	830.00000
40.61055	858.00000
40.62055	923.00000
40.63055	985.00000
40.64055	998.00000
40.65055	1077.00000
40.66055	1038.00000
40.67055	1037.00000
40.68055	985.00000
40.69055	956.00000
40.70055	897.00000
40.71055	849.00000
40.72055	812.00000
40.73055	787.00000
40.74055	713.00000
40.75055	678.00000
40.76055	615.00000
40.77055	576.00000
40.78055	529.00000
40.79055	488.00000
40.80055	492.00000
40.81055	442.00000
40.82055	430.00000
40.83055	452.00000
40.84055	446.00000
40.85056	437.00000
40.86055	408.00000
40.87056	407.00000
40.88055	414.00000
40.89056	403.00000
40.90055	418.00000
40.91056	441.00000
40.92056	422.00000
40.93056	443.00000
40.94056	413.00000
40.95056	418.00000
40.96056	472.00000
40.97056	503.00000
40.98056	522.00000
40.99056	527.00000
41.00056	579.00000
41.01056	634.00000
41.02056	707.00000
41.03056	833.00000
41.04056	873.00000
41.05056	954.00000
41.06056	1063.00000
41.07056	1176.00000
41.08056	1201.00000
41.09056	1335.00000
41.10056	1386.00000
41.11056	1431.00000
41.12056	1536.00000
41.13056	1561.00000
41.14056	1564.00000
41.15056	1576.00000
41.16056	1531.00000
41.17056	1508.00000
41.18056	1411.00000
41.19056	1336.00000
41.20056	1206.00000
41.21056	1124.00000
41.22056	1027.00000
41.23056	901.00000
41.24056	811.00000
41.25056	710.00000
41.26056	690.00000
41.27057	640.00000
41.28056	563.00000
41.29057	517.00000
41.30056	485.00000
41.31057	475.00000
41.32056	495.00000
41.33057	451.00000
41.34056	472.00000
41.35057	474.00000
41.36057	447.00000
41.37057	446.00000
41.38057	501.00000
41.39057	480.00000
41.40057	508.00000
41.41057	496.00000
41.42057	560.00000
41.43057	607.00000
41.44057	628.00000
41.45057	689.00000
41.46057	763.00000
41.47057	791.00000
41.48057	891.00000
41.49057	976.00000
41.50057	1083.00000
41.51057	1175.00000
41.52057	1371.00000
41.53057	1458.00000
41.54057	1562.00000
41.55057	1681.00000
41.56057	1687.00000
41.57057	1687.00000
41.58057	1746.00000
41.59057	1632.00000
41.60057	1582.00000
41.61057	1556.00000
41.62057	1397.00000
41.63057	1329.00000
41.64057	1245.00000
41.65057	1085.00000
41.66057	938.00000
41.67057	817.00000
41.68057	714.00000
41.69057	638.00000
41.70057	593.00000
41.71058	542.00000
41.72057	482.00000
41.73058	479.00000
41.74057	456.00000
41.75058	405.00000
41.76057	423.00000
41.77058	417.00000
41.78057	387.00000
41.79058	387.00000
41.80058	390.00000
41.81058	408.00000
41.82058	410.00000
41.83058	369.00000
41.84058	371.00000
41.85058	368.00000
41.86058	367.00000
41.87058	390.00000
41.88058	413.00000
41.89058	375.00000
41.90058	378.00000
41.91058	358.00000
41.92058	393.00000
41.93058	385.00000
41.94058	385.00000
41.95058	345.00000
41.96058	366.00000
41.97058	369.00000
41.98058	368.00000
41.99058	375.00000
42.00058	336.00000
42.01058	316.00000
42.02058	386.00000
42.03058	375.00000
42.04058	365.00000
42.05058	367.00000
42.06058	346.00000
42.07058	342.00000
42.08058	390.00000
42.09058	367.00000
42.10058	333.00000
42.11058	351.00000
42.12058	379.00000
42.13058	330.00000
42.14058	388.00000
42.15059	365.00000
42.16058	352.00000
42.17059	381.00000
42.18058	374.00000
42.19059	347.00000
42.20058	369.00000
42.21059	375.00000
42.22058	354.00000
42.23059	338.00000
42.24059	348.00000
42.25059	376.00000
42.26059	380.00000
42.27059	345.00000
42.28059	369.00000
42.29059	349.00000
42.30059	348.00000
42.31059	319.00000
42.32059	369.00000
42.33059	337.00000
42.34059	348.00000
42.35059	384.00000
42.36059	348.00000
42.37059	358.00000
42.38059	364.00000
42.39059	354.00000
42.40059	362.00000
42.41059	359.00000
42.42059	371.00000
42.43059	334.00000
42.44059	340.00000
42.45059	370.00000
42.46059	352.00000
42.47059	322.00000
42.48059	371.00000
42.49059	368.00000
42.50059	338.00000
42.51059	368.00000
42.52059	377.00000
42.53059	396.00000
42.54059	372.00000
42.55059	346.00000
42.56059	353.00000
42.57059	371.00000
42.58059	359.00000
42.59060	350.00000
42.60059	379.00000
42.61060	350.00000
42.62059	349.00000
42.63060	355.00000
42.64059	366.00000
42.65060	347.00000
42.66059	359.00000
42.67060	368.00000
42.68060	371.00000
42.69060	374.00000
42.70060	394.00000
42.71060	351.00000
42.72060	383.00000
42.73060	373.00000
42.74060	379.00000
42.75060	422.00000
42.76060	411.00000
42.77060	379.00000
42.78060	427.00000
42.79060	444.00000
42.80060	406.00000
42.81060	414.00000
42.82060	430.00000
42.83060	400.00000
42.84060	415.00000
42.85060	424.00000
42.86060	415.00000
42.87060	438.00000
42.88060	409.00000
42.89060	375.00000
42.90060	423.00000
42.91060	383.00000
42.92060	397.00000
42.93060	388.00000
42.94060	369.00000
42.95060	377.00000
42.96060	353.00000
42.97060	386.00000
42.98060	377.00000
42.99060	350.00000
43.00060	337.00000
43.01060	358.00000
43.02060	364.00000
43.03061	354.00000
43.04060	399.00000
43.05061	353.00000
43.06060	328.00000
43.07061	355.00000
43.08060	397.00000
43.09061	392.00000
43.10061	360.00000
43.11061	386.00000
43.12061	396.00000
43.13061	410.00000
43.14061	377.00000
43.15061	407.00000
43.16061	364.00000
43.17061	412.00000
43.18061	398.00000
43.19061	459.00000
43.20061	458.00000
43.21061	433.00000
43.22061	450.00000
43.23061	534.00000
43.24061	537.00000
43.25061	518.00000
43.26061	522.00000
43.27061	568.00000
43.28061	539.00000
43.29061	564.00000
43.30061	528.00000
43.31061	514.00000
43.32061	542.00000
43.33061	496.00000
43.34061	494.00000
43.35061	480.00000
43.36061	464.00000
43.37061	447.00000
43.38061	460.00000
43.39061	410.00000
43.40061	426.00000
43.41061	401.00000
43.42061	424.00000
43.43061	420.00000
43.44061	411.00000
43.45061	396.00000
43.46061	411.00000
43.47062	424.00000
43.48061	450.00000
43.49062	443.00000
43.50061	498.00000
43.51062	480.00000
43.52061	515.00000
43.53062	577.00000
43.54062	591.00000
43.55062	588.00000
43.56062	682.00000
43.57062	747.00000
43.58062	754.00000
43.59062	809.00000
43.60062	902.00000
43.61062	969.00000
43.62062	874.00000
43.63062	910.00000
43.64062	936.00000
43.65062	961.00000
43.66062	970.00000
43.67062	943.00000
43.68062	899.00000
43.69062	857.00000
43.70062	763.00000
43.71062	805.00000
43.72062	696.00000
43.73062	678.00000
43.74062	583.00000
43.75062	606.00000
43.76062	552.00000
43.77062	550.00000
43.78062	514.00000
43.79062	476.00000
43.80062	502.00000
43.81062	484.00000
43.82062	448.00000
43.83062	511.00000
43.84062	493.00000
43.85062	572.00000
43.86062	593.00000
43.87062	596.00000
43.88062	650.00000
43.89062	684.00000
43.90062	727.00000
43.91063	756.00000
43.92062	833.00000
43.93063	796.00000
43.94062	904.00000
43.95063	922.00000
43.96062	867.00000
43.97063	876.00000
43.98063	847.00000
43.99063	838.00000
44.00063	762.00000
44.01063	732.00000
44.02063	690.00000
44.03063	600.00000
44.04063	531.00000
44.05063	523.00000
44.06063	517.00000
44.07063	506.00000
44.08063	462.00000
44.09063	455.00000
44.10063	439.00000
44.11063	398.00000
44.12063	421.00000
44.13063	415.00000
44.14063	413.00000
44.15063	423.00000
44.16063	389.00000
44.17063	402.00000
44.18063	399.00000
44.19063	406.00000
44.20063	399.00000
44.21063	379.00000
44.22063	426.00000
44.23063	414.00000
44.24063	427.00000
44.25063	427.00000
44.26063	454.00000
44.27063	487.00000
44.28063	505.00000
44.29063	479.00000
44.30063	542.00000
44.31063	573.00000
44.32063	625.00000
44.33064	622.00000
44.34063	715.00000
44.35064	750.00000
44.36063	780.00000
44.37064	854.00000
44.38063	891.00000
44.39064	965.00000
44.40063	957.00000
44.41064	951.00000
44.42064	976.00000
44.43064	911.00000
44.44064	852.00000
44.45064	918.00000
44.46064	847.00000
44.47064	826.00000
44.48064	807.00000
44.49064	788.00000
44.50064	769.00000
44.51064	759.00000
44.52064	778.00000
44.53064	824.00000
44.54064	844.00000
44.55064	914.00000
44.56064	950.00000
44.57064	1009.00000
44.58064	1145.00000
44.59064	1208.00000
44.60064	1270.00000
44.61064	1335.00000
44.62064	1455.00000
44.63064	1498.00000
44.64064	1425.00000
44.65064	1426.00000
44.66064	1377.00000
44.67064	1325.00000
44.68064	1243.00000
44.69064	1153.00000
44.70064	1145.00000
44.71064	1020.00000
44.72064	893.00000
44.73064	803.00000
44.74064	773.00000
44.75064	656.00000
44.76064	623.00000
44.77065	580.00000
44.78064	520.00000
44.79065	502.00000
44.80064	511.00000
44.81065	453.00000
44.82064	460.00000
44.83065	483.00000
44.84064	460.00000
44.85065	455.00000
44.86065	448.00000
44.87065	487.00000
44.88065	460.00000
44.89065	436.00000
44.90065	443.00000
44.91065	516.00000
44.92065	507.00000
44.93065	521.00000
44.94065	528.00000
44.95065	613.00000
44.96065	678.00000
44.97065	665.00000
44.98065	743.00000
44.99065	769.00000
45.00065	792.00000
45.01065	804.00000
45.02065	779.00000
45.03065	741.00000
45.04065	793.00000
45.05065	736.00000
45.06065	681.00000
45.07065	661.00000
45.08065	667.00000
45.09065	582.00000
45.10065	570.00000
45.11065	565.00000
45.12065	577.00000
45.13065	493.00000
45.14065	501.00000
45.15065	494.00000
45.16065	466.00000
45.17065	427.00000
45.18065	428.00000
45.19065	438.00000
45.20065	437.00000
45.21066	428.00000
45.22065	439.00000
45.23066	387.00000
45.24065	368.00000
45.25066	408.00000
45.26065	403.00000
45.27066	377.00000
45.28065	388.00000
45.29066	406.00000
45.30066	392.00000
45.31066	398.00000
45.32066	400.00000
45.33066	447.00000
45.34066	415.00000
45.35066	446.00000
45.36066	502.00000
45.37066	515.00000
45.38066	503.00000
45.39066	516.00000
45.40066	558.00000
45.41066	555.00000
45.42066	580.00000
45.43066	579.00000
45.44066	565.00000
45.45066	586.00000
45.46066	556.00000
45.47066	611.00000
45.48066	581.00000
45.49066	641.00000
45.50066	661.00000
45.51066	676.00000
45.52066	719.00000
45.53066	818.00000
45.54066	904.00000
45.55066	1038.00000
45.56066	1172.00000
45.57066	1342.00000
45.58066	1514.00000
45.59066	1674.00000
45.60066	1805.00000
45.61066	1998.00000
45.62066	2066.00000
45.63066	2188.00000
45.64066	2209.00000
45.65067	2145.00000
45.66066	2049.00000
45.67067	1963.00000
45.68066	1855.00000
45.69067	1674.00000
45.70066	1572.00000
45.71067	1415.00000
45.72066	1304.00000
45.73067	1170.00000
45.74067	1041.00000
45.75067	947.00000
45.76067	877.00000
45.77067	802.00000
45.78067	811.00000
45.79067	802.00000
45.80067	803.00000
45.81067	804.00000
45.82067	865.00000
45.83067	860.00000
45.84067	948.00000
45.85067	902.00000
45.86067	974.00000
45.87067	1025.00000
45.88067	996.00000
45.89067	988.00000
45.90067	998.00000
45.91067	905.00000
45.92067	858.00000
45.93067	845.00000
45.94067	790.00000
45.95067	759.00000
45.96067	725.00000
45.97067	614.00000
45.98067	586.00000
45.99067	554.00000
46.00067	492.00000
46.01067	499.00000
46.02067	469.00000
46.03067	487.00000
46.04067	451.00000
46.05067	446.00000
46.06067	453.00000
46.07067	405.00000
46.08067	398.00000
46.09068	388.00000
46.10067	427.00000
46.11068	416.00000
46.12067	412.00000
46.13068	427.00000
46.14067	428.00000
46.15068	471.00000
46.16068	437.00000
46.17068	453.00000
46.18068	508.00000
46.19068	502.00000
46.20068	529.00000
46.21068	528.00000
46.22068	538.00000
46.23068	612.00000
46.24068	627.00000
46.25068	675.00000
46.26068	735.00000
46.27068	708.00000
46.28068	754.00000
46.29068	789.00000
46.30068	783.00000
46.31068	778.00000
46.32068	836.00000
46.33068	844.00000
46.34068	835.00000
46.35068	797.00000
46.36068	793.00000
46.37068	773.00000
46.38068	752.00000
46.39068	689.00000
46.40068	663.00000
46.41068	598.00000
46.42068	588.00000
46.43068	580.00000
46.44068	569.00000
46.45068	501.00000
46.46068	512.00000
46.47068	466.00000
46.48068	419.00000
46.49068	444.00000
46.50068	471.00000
46.51068	421.00000
46.52068	414.00000
46.53069	414.00000
46.54068	390.00000
46.55069	437.00000
46.56068	451.00000
46.57069	498.00000
46.58068	478.00000
46.59069	518.00000
46.60069	512.00000
46.61069	582.00000
46.62069	606.00000
46.63069	615.00000
46.64069	673.00000
46.65069	631.00000
46.66069	691.00000
46.67069	688.00000
46.68069	699.00000
46.69069	693.00000
46.70069	680.00000
46.71069	652.00000
46.72069	613.00000
46.73069	609.00000
46.74069	543.00000
46.75069	547.00000
46.76069	502.00000
46.77069	482.00000
46.78069	468.00000
46.79069	445.00000
46.80069	392.00000
46.81069	389.00000
46.82069	375.00000
46.83069	369.00000
46.84069	387.00000
46.85069	373.00000
46.86069	389.00000
46.87069	378.00000
46.88069	357.00000
46.89069	336.00000
46.90069	332.00000
46.91069	345.00000
46.92069	337.00000
46.93069	345.00000
46.94069	349.00000
46.95070	343.00000
46.96069	350.00000
46.97070	353.00000
46.98069	341.00000
46.99070	387.00000
47.00069	376.00000
47.01070	387.00000
47.02069	388.00000
47.03070	445.00000
47.04070	441.00000
47.05070	413.00000
47.06070	447.00000
47.07070	475.00000
47.08070	542.00000
47.09070	490.00000
47.10070	526.00000
47.11070	493.00000
47.12070	519.00000
47.13070	527.00000
47.14070	483.00000
47.15070	468.00000
47.16070	481.00000
47.17070	485.00000
47.18070	444.00000
47.19070	453.00000
47.20070	419.00000
47.21070	402.00000
47.22070	401.00000
47.23070	392.00000
47.24070	403.00000
47.25070	340.00000
47.26070	354.00000
47.27070	368.00000
47.28070	325.00000
47.29070	350.00000
47.30070	361.00000
47.31070	373.00000
47.32070	379.00000
47.33070	398.00000
47.34070	399.00000
47.35070	367.00000
47.36070	389.00000
47.37070	379.00000
47.38070	405.00000
47.39071	368.00000
47.40070	397.00000
47.41071	368.00000
47.42070	393.00000
47.43071	399.00000
47.44070	409.00000
47.45071	410.00000
47.46070	367.00000
47.47071	378.00000
47.48071	397.00000
47.49071	353.00000
47.50071	362.00000
47.51071	326.00000
47.52071	373.00000
47.53071	328.00000
47.54071	332.00000
47.55071	319.00000
47.56071	320.00000
47.57071	324.00000
47.58071	330.00000
47.59071	313.00000
47.60071	331.00000
47.61071	351.00000
47.62071	351.00000
47.63071	343.00000
47.64071	331.00000
47.65071	311.00000
47.66071	325.00000
47.67071	348.00000
47.68071	328.00000
47.69071	336.00000
47.70071	347.00000
47.71071	330.00000
47.72071	341.00000
47.73071	320.00000
47.74071	294.00000
47.75071	359.00000
47.76071	315.00000
47.77071	346.00000
47.78071	335.00000
47.79071	335.00000
47.80071	331.00000
47.81071	330.00000
47.82071	326.00000
47.83072	347.00000
47.84071	343.00000
47.85072	344.00000
47.86071	340.00000
47.87072	296.00000
47.88071	303.00000
47.89072	292.00000
47.90071	283.00000
47.91072	315.00000
47.92072	328.00000
47.93072	321.00000
47.94072	304.00000
47.95072	312.00000
47.96072	324.00000
47.97072	327.00000
47.98072	310.00000
47.99072	307.00000
48.00072	319.00000
48.01072	317.00000
48.02072	308.00000
48.03072	302.00000
48.04072	319.00000
48.05072	314.00000
48.06072	312.00000
48.07072	305.00000
48.08072	298.00000
48.09072	285.00000
48.10072	304.00000
48.11072	306.00000
48.12072	324.00000
48.13072	299.00000
48.14072	297.00000
48.15072	313.00000
48.16072	337.00000
48.17072	291.00000
48.18072	292.00000
48.19072	357.00000
48.20072	322.00000
48.21072	293.00000
48.22072	301.00000
48.23072	322.00000
48.24072	327.00000
48.25072	313.00000
48.26072	313.00000
48.27073	288.00000
48.28072	284.00000
48.29073	306.00000
48.30072	341.00000
48.31073	301.00000
48.32072	317.00000
48.33073	311.00000
48.34072	317.00000
48.35073	300.00000
48.36073	292.00000
48.37073	294.00000
48.38073	319.00000
48.39073	317.00000
48.40073	288.00000
48.41073	288.00000
48.42073	297.00000
48.43073	274.00000
48.44073	316.00000
48.45073	332.00000
48.46073	319.00000
48.47073	322.00000
48.48073	278.00000
48.49073	294.00000
48.50073	305.00000
48.51073	302.00000
48.52073	295.00000
48.53073	270.00000
48.54073	319.00000
48.55073	317.00000
48.56073	316.00000
48.57073	299.00000
48.58073	308.00000
48.59073	323.00000
48.60073	340.00000
48.61073	307.00000
48.62073	326.00000
48.63073	315.00000
48.64073	335.00000
48.65073	311.00000
48.66073	344.00000
48.67073	340.00000
48.68073	325.00000
48.69073	308.00000
48.70073	361.00000
48.71074	309.00000
48.72073	314.00000
48.73074	306.00000
48.74073	314.00000
48.75074	368.00000
48.76073	331.00000
48.77074	353.00000
48.78074	338.00000
48.79074	355.00000
48.80074	360.00000
48.81074	400.00000
48.82074	383.00000
48.83074	430.00000
48.84074	475.00000
48.85074	478.00000
48.86074	514.00000
48.87074	548.00000
48.88074	602.00000
48.89074	661.00000
48.90074	750.00000
48.91074	836.00000
48.92074	888.00000
48.93074	941.00000
48.94074	974.00000
48.95074	1145.00000
48.96074	1183.00000
48.97074	1189.00000
48.98074	1301.00000
48.99074	1245.00000
49.00074	1230.00000
49.01074	1176.00000
49.02074	1088.00000
49.03074	1015.00000
49.04074	958.00000
49.05074	884.00000
49.06074	792.00000
49.07074	700.00000
49.08074	625.00000
49.09074	577.00000
49.10074	529.00000
49.11074	461.00000
49.12074	498.00000
49.13074	436.00000
49.14074	423.00000
49.15075	425.00000
49.16074	392.00000
49.17075	423.00000
49.18074	391.00000
49.19075	357.00000
49.20074	409.00000
49.21075	371.00000
49.22075	399.00000
49.23075	421.00000
49.24075	381.00000
49.25075	430.00000
49.26075	442.00000
49.27075	454.00000
49.28075	511.00000
49.29075	536.00000
49.30075	502.00000
49.31075	537.00000
49.32075	528.00000
49.33075	539.00000
49.34075	542.00000
49.35075	545.00000
49.36075	529.00000
49.37075	526.00000
49.38075	500.00000
49.39075	477.00000
49.40075	460.00000
49.41075	473.00000
49.42075	420.00000
49.43075	440.00000
49.44075	449.00000
49.45075	459.00000
49.46075	487.00000
49.47075	443.00000
49.48075	458.00000
49.49075	484.00000
49.50075	485.00000
49.51075	557.00000
49.52075	606.00000
49.53075	631.00000
49.54075	715.00000
49.55075	732.00000
49.56075	796.00000
49.57076	869.00000
49.58075	933.00000
49.59076	989.00000
49.60075	994.00000
49.61076	1016.00000
49.62075	987.00000
49.63076	963.00000
49.64075	957.00000
49.65076	899.00000
49.66076	889.00000
49.67076	813.00000
49.68076	710.00000
49.69076	685.00000
49.70076	652.00000
49.71076	575.00000
49.72076	516.00000
49.73076	513.00000
49.74076	490.00000
49.75076	436.00000
49.76076	442.00000
49.77076	436.00000
49.78076	404.00000
49.79076	463.00000
49.80076	459.00000
49.81076	470.00000
49.82076	476.00000
49.83076	548.00000
49.84076	541.00000
49.85076	610.00000
49.86076	688.00000
49.87076	722.00000
49.88076	764.00000
49.89076	785.00000
49.90076	832.00000
49.91076	880.00000
49.92076	921.00000
49.93076	937.00000
49.94076	942.00000
49.95076	914.00000
49.96076	942.00000
49.97076	916.00000
49.98076	876.00000
49.99076	866.00000
50.00076	786.00000
50.01077	792.00000
50.02076	693.00000
50.03077	632.00000
50.04076	616.00000
50.05077	542.00000
50.06076	516.00000
50.07077	525.00000
50.08076	446.00000
50.09077	416.00000
50.10077	400.00000
50.11077	362.00000
50.12077	380.00000
50.13077	396.00000
50.14077	374.00000
50.15077	338.00000
50.16077	375.00000
50.17077	316.00000
50.18077	326.00000
50.19077	315.00000
50.20077	310.00000
50.21077	308.00000
50.22077	294.00000
50.23077	310.00000
50.24077	294.00000
50.25077	302.00000
50.26077	289.00000
50.27077	315.00000
50.28077	350.00000
50.29077	312.00000
50.30077	294.00000
50.31077	306.00000
50.32077	288.00000
50.33077	311.00000
50.34077	306.00000
50.35077	294.00000
50.36077	330.00000
50.37077	308.00000
50.38077	276.00000
50.39077	291.00000
50.40077	289.00000
50.41077	327.00000
50.42077	311.00000
50.43077	318.00000
50.44077	307.00000
50.45078	334.00000
50.46077	330.00000
50.47078	300.00000
50.48077	301.00000
50.49078	336.00000
50.50077	328.00000
50.51078	315.00000
50.52077	312.00000
50.53078	361.00000
50.54078	363.00000
50.55078	367.00000
50.56078	384.00000
50.57078	375.00000
50.58078	440.00000
50.59078	450.00000
50.60078	505.00000
50.61078	513.00000
50.62078	561.00000
50.63078	640.00000
50.64078	698.00000
50.65078	768.00000
50.66078	851.00000
50.67078	846.00000
50.68078	971.00000
50.69078	1018.00000
50.70078	1060.00000
50.71078	1147.00000
50.72078	1177.00000
50.73078	1239.00000
50.74078	1199.00000
50.75078	1220.00000
50.76078	1211.00000
50.77078	1153.00000
50.78078	1116.00000
50.79078	1067.00000
50.80078	989.00000
50.81078	934.00000
50.82078	856.00000
50.83078	799.00000
50.84078	729.00000
50.85078	655.00000
50.86078	582.00000
50.87078	549.00000
50.88078	509.00000
50.89079	511.00000
50.90078	474.00000
50.91079	404.00000
50.92078	392.00000
50.93079	378.00000
50.94078	366.00000
50.95079	385.00000
50.96078	400.00000
50.97079	376.00000
50.98079	379.00000
50.99079	332.00000
51.00079	340.00000
51.01079	338.00000
51.02079	318.00000
51.03079	316.00000
51.04079	349.00000
51.05079	324.00000
51.06079	344.00000
51.07079	341.00000
51.08079	367.00000
51.09079	321.00000
51.10079	365.00000
51.11079	337.00000
51.12079	307.00000
51.13079	358.00000
51.14079	346.00000
51.15079	354.00000
51.16079	349.00000
51.17079	353.00000
51.18079	358.00000
51.19079	372.00000
51.20079	327.00000
51.21079	346.00000
51.22079	337.00000
51.23079	325.00000
51.24079	315.00000
51.25079	309.00000
51.26079	351.00000
51.27079	316.00000
51.28079	325.00000
51.29079	329.00000
51.30079	306.00000
51.31079	311.00000
51.32079	313.00000
51.33080	336.00000
51.34079	364.00000
51.35080	389.00000
51.36079	381.00000
51.37080	355.00000
51.38079	430.00000
51.39080	429.00000
51.40079	437.00000
51.41080	469.00000
51.42080	469.00000
51.43080	491.00000
51.44080	505.00000
51.45080	534.00000
51.46080	500.00000
51.47080	485.00000
51.48080	458.00000
51.49080	448.00000
51.50080	441.00000
51.51080	409.00000
51.52080	399.00000
51.53080	413.00000
51.54080	369.00000
51.55080	389.00000
51.56080	330.00000
51.57080	321.00000
51.58080	333.00000
51.59080	325.00000
51.60080	305.00000
51.61080	282.00000
51.62080	291.00000
51.63080	295.00000
51.64080	319.00000
51.65080	289.00000
51.66080	277.00000
51.67080	256.00000
51.68080	268.00000
51.69080	271.00000
51.70080	285.00000
51.71080	265.00000
51.72080	264.00000
51.73080	288.00000
51.74080	294.00000
51.75080	271.00000
51.76080	281.00000
51.77081	274.00000
51.78080	287.00000
51.79081	254.00000
51.80080	293.00000
51.81081	308.00000
51.82080	304.00000
51.83081	285.00000
51.84081	296.00000
51.85081	286.00000
51.86081	300.00000
51.87081	307.00000
51.88081	273.00000
51.89081	298.00000
51.90081	266.00000
51.91081	249.00000
51.92081	280.00000
51.93081	301.00000
51.94081	286.00000
51.95081	270.00000
51.96081	299.00000
51.97081	289.00000
51.98081	270.00000
51.99081	249.00000
52.00081	263.00000
52.01081	295.00000
52.02081	276.00000
52.03081	296.00000
52.04081	288.00000
52.05081	265.00000
52.06081	295.00000
52.07081	255.00000
52.08081	304.00000
52.09081	285.00000
52.10081	299.00000
52.11081	297.00000
52.12081	292.00000
52.13081	279.00000
52.14081	277.00000
52.15081	287.00000
52.16081	292.00000
52.17081	290.00000
52.18081	316.00000
52.19081	305.00000
52.20081	311.00000
52.21082	307.00000
52.22081	287.00000
52.23082	299.00000
52.24081	313.00000
52.25082	311.00000
52.26081	278.00000
52.27082	301.00000
52.28082	285.00000
52.29082	252.00000
52.30082	279.00000
52.31082	305.00000
52.32082	277.00000
52.33082	280.00000
52.34082	255.00000
52.35082	281.00000
52.36082	297.00000
52.37082	279.00000
52.38082	286.00000
52.39082	263.00000
52.40082	275.00000
52.41082	296.00000
52.42082	284.00000
52.43082	267.00000
52.44082	299.00000
52.45082	288.00000
52.46082	281.00000
52.47082	296.00000
52.48082	266.00000
52.49082	255.00000
52.50082	271.00000
52.51082	283.00000
52.52082	265.00000
52.53082	271.00000
52.54082	297.00000
52.55082	262.00000
52.56082	277.00000
52.57082	280.00000
52.58082	286.00000
52.59082	287.00000
52.60082	268.00000
52.61082	270.00000
52.62082	271.00000
52.63083	251.00000
52.64082	276.00000
52.65083	293.00000
52.66082	264.00000
52.67083	274.00000
52.68082	263.00000
52.69083	256.00000
52.70082	224.00000
52.71083	256.00000
52.72083	263.00000
52.73083	262.00000
52.74083	292.00000
52.75083	278.00000
52.76083	243.00000
52.77083	255.00000
52.78083	263.00000
52.79083	275.00000
52.80083	249.00000
52.81083	251.00000
52.82083	288.00000
52.83083	267.00000
52.84083	258.00000
52.85083	280.00000
52.86083	262.00000
52.87083	256.00000
52.88083	254.00000
52.89083	280.00000
52.90083	244.00000
52.91083	249.00000
52.92083	262.00000
52.93083	268.00000
52.94083	259.00000
52.95083	249.00000
52.96083	245.00000
52.97083	272.00000
52.98083	275.00000
52.99083	245.00000
53.00083	240.00000
53.01083	241.00000
53.02083	237.00000
53.03083	245.00000
53.04083	276.00000
53.05083	266.00000
53.06083	279.00000
53.07084	272.00000
53.08083	271.00000
53.09084	237.00000
53.10083	263.00000
53.11084	262.00000
53.12083	249.00000
53.13084	265.00000
53.14083	264.00000
53.15084	273.00000
53.16084	254.00000
53.17084	259.00000
53.18084	238.00000
53.19084	242.00000
53.20084	255.00000
53.21084	232.00000
53.22084	280.00000
53.23084	279.00000
53.24084	246.00000
53.25084	261.00000
53.26084	257.00000
53.27084	273.00000
53.28084	284.00000
53.29084	277.00000
53.30084	234.00000
53.31084	273.00000
53.32084	235.00000
53.33084	256.00000
53.34084	278.00000
53.35084	262.00000
53.36084	255.00000
53.37084	253.00000
53.38084	248.00000
53.39084	256.00000
53.40084	254.00000
53.41084	264.00000
53.42084	265.00000
53.43084	266.00000
53.44084	243.00000
53.45084	276.00000
53.46084	247.00000
53.47084	237.00000
53.48084	261.00000
53.49084	235.00000
53.50084	267.00000
53.51085	235.00000
53.52084	292.00000
53.53085	252.00000
53.54084	272.00000
53.55085	268.00000
53.56084	233.00000
53.57085	264.00000
53.58084	283.00000
53.59085	263.00000
53.60085	274.00000
53.61085	261.00000
53.62085	248.00000
53.63085	268.00000
53.64085	266.00000
53.65085	274.00000
53.66085	262.00000
53.67085	256.00000
53.68085	266.00000
53.69085	254.00000
53.70085	272.00000
53.71085	248.00000
53.72085	262.00000
53.73085	259.00000
53.74085	249.00000
53.75085	276.00000
53.76085	301.00000
53.77085	275.00000
53.78085	273.00000
53.79085	274.00000
53.80085	308.00000
53.81085	297.00000
53.82085	298.00000
53.83085	342.00000
53.84085	336.00000
53.85085	330.00000
53.86085	384.00000
53.87085	376.00000
53.88085	390.00000
53.89085	405.00000
53.90085	392.00000
53.91085	428.00000
53.92085	397.00000
53.93085	398.00000
53.94085	384.00000
53.95086	346.00000
53.96085	375.00000
53.97086	363.00000
53.98085	364.00000
53.99086	321.00000
54.00085	332.00000
54.01086	313.00000
54.02085	314.00000
54.03086	317.00000
54.04086	307.00000
54.05086	305.00000
54.06086	280.00000
54.07086	283.00000
54.08086	316.00000
54.09086	288.00000
54.10086	261.00000
54.11086	252.00000
54.12086	284.00000
54.13086	256.00000
54.14086	289.00000
54.15086	298.00000
54.16086	274.00000
54.17086	295.00000
54.18086	299.00000
54.19086	286.00000
54.20086	297.00000
54.21086	301.00000
54.22086	293.00000
54.23086	307.00000
54.24086	299.00000
54.25086	321.00000
54.26086	306.00000
54.27086	328.00000
54.28086	319.00000
54.29086	310.00000
54.30086	270.00000
54.31086	277.00000
54.32086	288.00000
54.33086	294.00000
54.34086	298.00000
54.35086	298.00000
54.36086	259.00000
54.37086	286.00000
54.38086	274.00000
54.39087	271.00000
54.40086	286.00000
54.41087	256.00000
54.42086	288.00000
54.43087	264.00000
54.44086	251.00000
54.45087	276.00000
54.46087	312.00000
54.47087	247.00000
54.48087	270.00000
54.49087	277.00000
54.50087	285.00000
54.51087	265.00000
54.52087	280.00000
54.53087	265.00000
54.54087	284.00000
54.55087	267.00000
54.56087	272.00000
54.57087	267.00000
54.58087	264.00000
54.59087	295.00000
54.60087	288.00000
54.61087	287.00000
54.62087	256.00000
54.63087	234.00000
54.64087	238.00000
54.65087	270.00000
54.66087	237.00000
54.67087	258.00000
54.68087	241.00000
54.69087	235.00000
54.70087	244.00000
54.71087	252.00000
54.72087	246.00000
54.73087	270.00000
54.74087	242.00000
54.75087	257.00000
54.76087	242.00000
54.77087	237.00000
54.78087	275.00000
54.79087	248.00000
54.80087	260.00000
54.81087	264.00000
54.82087	288.00000
54.83088	274.00000
54.84087	272.00000
54.85088	261.00000
54.86087	256.00000
54.87088	286.00000
54.88087	245.00000
54.89088	274.00000
54.90088	274.00000
54.91088	290.00000
54.92088	272.00000
54.93088	288.00000
54.94088	275.00000
54.95088	319.00000
54.96088	304.00000
54.97088	296.00000
54.98088	319.00000
54.99088	339.00000
55.00088	326.00000
55.01088	359.00000
55.02088	340.00000
55.03088	365.00000
55.04088	335.00000
55.05088	387.00000
55.06088	366.00000
55.07088	357.00000
55.08088	353.00000
55.09088	340.00000
55.10088	381.00000
55.11088	332.00000
55.12088	342.00000
55.13088	331.00000
55.14088	316.00000
55.15088	307.00000
55.16088	343.00000
55.17088	290.00000
55.18088	278.00000
55.19088	271.00000
55.20088	287.00000
55.21088	311.00000
55.22088	295.00000
55.23088	237.00000
55.24088	249.00000
55.25089	264.00000
55.26088	273.00000
55.27089	266.00000
55.28088	249.00000
55.29089	235.00000
55.30088	258.00000
55.31089	235.00000
55.32088	276.00000
55.33089	254.00000
55.34089	269.00000
55.35089	262.00000
55.36089	259.00000
55.37089	252.00000
55.38089	252.00000
55.39089	261.00000
55.40089	246.00000
55.41089	261.00000
55.42089	256.00000
55.43089	260.00000
55.44089	259.00000
55.45089	279.00000
55.46089	288.00000
55.47089	295.00000
55.48089	302.00000
55.49089	293.00000
55.50089	305.00000
55.51089	315.00000
55.52089	328.00000
55.53089	328.00000
55.54089	367.00000
55.55089	328.00000
55.56089	352.00000
55.57089	329.00000
55.58089	362.00000
55.59089	343.00000
55.60089	368.00000
55.61089	359.00000
55.62089	350.00000
55.63089	375.00000
55.64089	331.00000
55.65089	347.00000
55.66089	320.00000
55.67089	287.00000
55.68089	333.00000
55.69090	276.00000
55.70089	286.00000
55.71090	268.00000
55.72089	296.00000
55.73090	306.00000
55.74089	251.00000
55.75090	268.00000
55.76089	237.00000
55.77090	254.00000
55.78090	233.00000
55.79090	230.00000
55.80090	244.00000
55.81090	246.00000
55.82090	259.00000
55.83090	254.00000
55.84090	257.00000
55.85090	254.00000
55.86090	255.00000
55.87090	272.00000
55.88090	239.00000
55.89090	262.00000
55.90090	239.00000
55.91090	251.00000
55.92090	235.00000
55.93090	246.00000
55.94090	260.00000
55.95090	270.00000
55.96090	222.00000
55.97090	259.00000
55.98090	247.00000
55.99090	241.00000
56.00090	258.00000
56.01090	268.00000
56.02090	252.00000
56.03090	270.00000
56.04090	280.00000
56.05090	259.00000
56.06090	246.00000
56.07090	258.00000
56.08090	268.00000
56.09090	231.00000
56.10090	251.00000
56.11090	251.00000
56.12090	269.00000
56.13091	239.00000
56.14090	260.00000
56.15091	265.00000
56.16090	255.00000
56.17091	283.00000
56.18090	287.00000
56.19091	258.00000
56.20090	249.00000
56.21091	298.00000
56.22091	279.00000
56.23091	310.00000
56.24091	275.00000
56.25091	303.00000
56.26091	281.00000
56.27091	269.00000
56.28091	286.00000
56.29091	294.00000
56.30091	278.00000
56.31091	293.00000
56.32091	294.00000
56.33091	306.00000
56.34091	300.00000
56.35091	272.00000
56.36091	258.00000
56.37091	295.00000
56.38091	284.00000
56.39091	262.00000
56.40091	256.00000
56.41091	280.00000
56.42091	297.00000
56.43091	274.00000
56.44091	273.00000
56.45091	288.00000
56.46091	256.00000
56.47091	272.00000
56.48091	247.00000
56.49091	243.00000
56.50091	287.00000
56.51091	286.00000
56.52091	280.00000
56.53091	303.00000
56.54091	281.00000
56.55091	319.00000
56.56091	305.00000
56.57092	290.00000
56.58091	307.00000
56.59092	292.00000
56.60091	288.00000
56.61092	325.00000
56.62091	306.00000
56.63092	341.00000
56.64091	348.00000
56.65092	394.00000
56.66092	377.00000
56.67092	379.00000
56.68092	436.00000
56.69092	384.00000
56.70092	423.00000
56.71092	425.00000
56.72092	440.00000
56.73092	420.00000
56.74092	444.00000
56.75092	500.00000
56.76092	508.00000
56.77092	557.00000
56.78092	537.00000
56.79092	583.00000
56.80092	585.00000
56.81092	666.00000
56.82092	608.00000
56.83092	671.00000
56.84092	641.00000
56.85092	704.00000
56.86092	713.00000
56.87092	676.00000
56.88092	686.00000
56.89092	676.00000
56.90092	638.00000
56.91092	647.00000
56.92092	581.00000
56.93092	547.00000
56.94092	578.00000
56.95092	529.00000
56.96092	489.00000
56.97092	437.00000
56.98092	443.00000
56.99092	408.00000
57.00092	375.00000
57.01093	375.00000
57.02092	327.00000
57.03093	331.00000
57.04092	298.00000
57.05093	303.00000
57.06092	319.00000
57.07093	294.00000
57.08092	268.00000
57.09093	251.00000
57.10093	285.00000
57.11093	271.00000
57.12093	274.00000
57.13093	261.00000
57.14093	264.00000
57.15093	260.00000
57.16093	246.00000
57.17093	250.00000
57.18093	270.00000
57.19093	261.00000
57.20093	237.00000
57.21093	242.00000
57.22093	288.00000
57.23093	244.00000
57.24093	251.00000
57.25093	258.00000
57.26093	265.00000
57.27093	257.00000
57.28093	232.00000
57.29093	260.00000
57.30093	269.00000
57.31093	249.00000
57.32093	243.00000
57.33093	297.00000
57.34093	239.00000
57.35093	242.00000
57.36093	249.00000
57.37093	254.00000
57.38093	258.00000
57.39093	258.00000
57.40093	264.00000
57.41093	295.00000
57.42093	281.00000
57.43093	302.00000
57.44093	269.00000
57.45094	257.00000
57.46093	270.00000
57.47094	250.00000
57.48093	254.00000
57.49094	270.00000
57.50093	278.00000
57.51094	281.00000
57.52094	238.00000
57.53094	225.00000
57.54094	230.00000
57.55094	265.00000
57.56094	272.00000
57.57094	247.00000
57.58094	263.00000
57.59094	249.00000
57.60094	272.00000
57.61094	242.00000
57.62094	246.00000
57.63094	238.00000
57.64094	226.00000
57.65094	263.00000
57.66094	272.00000
57.67094	247.00000
57.68094	241.00000
57.69094	265.00000
57.70094	256.00000
57.71094	262.00000
57.72094	240.00000
57.73094	246.00000
57.74094	233.00000
57.75094	245.00000
57.76094	231.00000
57.77094	254.00000
57.78094	268.00000
57.79094	272.00000
57.80094	238.00000
57.81094	254.00000
57.82094	250.00000
57.83094	246.00000
57.84094	225.00000
57.85094	234.00000
57.86094	263.00000
57.87094	224.00000
57.88094	251.00000
57.89095	252.00000
57.90094	246.00000
57.91095	238.00000
57.92094	242.00000
57.93095	263.00000
57.94094	268.00000
57.95095	258.00000
57.96095	260.00000
57.97095	273.00000
57.98095	277.00000
57.99095	254.00000
58.00095	259.00000
58.01095	253.00000
58.02095	238.00000
58.03095	234.00000
58.04095	257.00000
58.05095	244.00000
58.06095	273.00000
58.07095	230.00000
58.08095	238.00000
58.09095	240.00000
58.10095	250.00000
58.11095	242.00000
58.12095	258.00000
58.13095	250.00000
58.14095	229.00000
58.15095	235.00000
58.16095	264.00000
58.17095	255.00000
58.18095	227.00000
58.19095	265.00000
58.20095	258.00000
58.21095	245.00000
58.22095	257.00000
58.23095	241.00000
58.24095	238.00000
58.25095	240.00000
58.26095	264.00000
58.27095	267.00000
58.28095	278.00000
58.29095	265.00000
58.30095	293.00000
58.31096	266.00000
58.32095	258.00000
58.33096	269.00000
58.34095	299.00000
58.35096	319.00000
58.36095	294.00000
58.37096	311.00000
58.38095	340.00000
58.39096	353.00000
58.40096	369.00000
58.41096	394.00000
58.42096	390.00000
58.43096	430.00000
58.44096	456.00000
58.45096	438.00000
58.46096	443.00000
58.47096	498.00000
58.48096	448.00000
58.49096	455.00000
58.50096	476.00000
58.51096	446.00000
58.52096	475.00000
58.53096	466.00000
58.54096	469.00000
58.55096	432.00000
58.56096	399.00000
58.57096	416.00000
58.58096	402.00000
58.59096	372.00000
58.60096	358.00000
58.61096	365.00000
58.62096	345.00000
58.63096	334.00000
58.64096	290.00000
58.65096	306.00000
58.66096	300.00000
58.67096	262.00000
58.68096	300.00000
58.69096	284.00000
58.70096	290.00000
58.71096	269.00000
58.72096	250.00000
58.73096	248.00000
58.74096	265.00000
58.75097	260.00000
58.76096	276.00000
58.77097	281.00000
58.78096	265.00000
58.79097	263.00000
58.80096	255.00000
58.81097	262.00000
58.82096	248.00000
58.83097	268.00000
58.84097	255.00000
58.85097	249.00000
58.86097	251.00000
58.87097	281.00000
58.88097	273.00000
58.89097	265.00000
58.90097	276.00000
58.91097	252.00000
58.92097	270.00000
58.93097	276.00000
58.94097	264.00000
58.95097	253.00000
58.96097	270.00000
58.97097	257.00000
58.98097	256.00000
58.99097	240.00000
59.00097	255.00000
59.01097	290.00000
59.02097	264.00000
59.03097	268.00000
59.04097	286.00000
59.05097	297.00000
59.06097	281.00000
59.07097	313.00000
59.08097	308.00000
59.09097	308.00000
59.10097	301.00000
59.11097	270.00000
59.12097	300.00000
59.13097	334.00000
59.14097	323.00000
59.15097	349.00000
59.16097	329.00000
59.17097	328.00000
59.18097	316.00000
59.19098	301.00000
59.20097	297.00000
59.21098	291.00000
59.22097	309.00000
59.23098	266.00000
59.24097	257.00000
59.25098	244.00000
59.26097	293.00000
59.27098	292.00000
59.28098	272.00000
59.29098	270.00000
59.30098	277.00000
59.31098	270.00000
59.32098	256.00000
59.33098	263.00000
59.34098	273.00000
59.35098	287.00000
59.36098	254.00000
59.37098	262.00000
59.38098	226.00000
59.39098	282.00000
59.40098	250.00000
59.41098	283.00000
59.42098	279.00000
59.43098	291.00000
59.44098	273.00000
59.45098	277.00000
59.46098	280.00000
59.47098	289.00000
59.48098	305.00000
59.49098	329.00000
59.50098	303.00000
59.51098	310.00000
59.52098	373.00000
59.53098	322.00000
59.54098	390.00000
59.55098	381.00000
59.56098	395.00000
59.57098	388.00000
59.58098	404.00000
59.59098	380.00000
59.60098	368.00000
59.61098	397.00000
59.62098	346.00000
59.63099	358.00000
59.64098	382.00000
59.65099	354.00000
59.66098	319.00000
59.67099	332.00000
59.68098	337.00000
59.69099	328.00000
59.70098	303.00000
59.71099	316.00000
59.72099	323.00000
59.73099	296.00000
59.74099	305.00000
59.75099	333.00000
59.76099	311.00000
59.77099	304.00000
59.78099	339.00000
59.79099	322.00000
59.80099	363.00000
59.81099	394.00000
59.82099	389.00000
59.83099	411.00000
59.84099	419.00000
59.85099	453.00000
59.86099	482.00000
59.87099	525.00000
59.88099	528.00000
59.89099	520.00000
59.90099	565.00000
59.91099	516.00000
59.92099	541.00000
59.93099	580.00000
59.94099	537.00000
59.95099	484.00000
59.96099	513.00000
59.97099	507.00000
59.98099	443.00000
59.99099	467.00000
60.00099	439.00000
60.01099	412.00000
60.02099	364.00000
60.03099	368.00000
60.04099	359.00000
60.05099	324.00000
60.06099	346.00000
60.07100	339.00000
60.08099	292.00000
60.09100	300.00000
60.10099	291.00000
60.11100	274.00000
60.12099	272.00000
60.13100	263.00000
60.14100	292.00000
60.15100	311.00000
60.16100	291.00000
60.17100	300.00000
60.18100	272.00000
60.19100	254.00000
60.20100	264.00000
60.21100	283.00000
60.22100	272.00000
60.23100	273.00000
60.24100	247.00000
60.25100	262.00000
60.26100	251.00000
60.27100	253.00000
60.28100	269.00000
60.29100	257.00000
60.30100	251.00000
60.31100	254.00000
60.32100	280.00000
60.33100	246.00000
60.34100	242.00000
60.35100	229.00000
60.36100	227.00000
60.37100	247.00000
60.38100	247.00000
60.39100	251.00000
60.40100	269.00000
60.41100	238.00000
60.42100	255.00000
60.43100	225.00000
60.44100	225.00000
60.45100	231.00000
60.46100	215.00000
60.47100	245.00000
60.48100	226.00000
60.49100	222.00000
60.50100	237.00000
60.51101	248.00000
60.52100	260.00000
60.53101	254.00000
60.54100	261.00000
60.55101	239.00000
60.56100	252.00000
60.57101	245.00000
60.58101	250.00000
60.59101	244.00000
60.60101	252.00000
60.61101	264.00000
60.62101	275.00000
60.63101	235.00000
60.64101	239.00000
60.65101	233.00000
60.66101	252.00000
60.67101	253.00000
60.68101	250.00000
60.69101	253.00000
60.70101	246.00000
60.71101	251.00000
60.72101	228.00000
60.73101	252.00000
60.74101	264.00000
60.75101	249.00000
60.76101	258.00000
60.77101	241.00000
60.78101	240.00000
60.79101	264.00000
60.80101	256.00000
60.81101	223.00000
60.82101	264.00000
60.83101	217.00000
60.84101	217.00000
60.85101	239.00000
60.86101	246.00000
60.87101	232.00000
60.88101	234.00000
60.89101	244.00000
60.90101	234.00000
60.91101	240.00000
60.92101	267.00000
60.93102	230.00000
60.94101	205.00000
60.95102	240.00000
60.96101	241.00000
60.97102	246.00000
60.98101	237.00000
60.99102	235.00000
61.00101	205.00000
61.01102	233.00000
61.02102	248.00000
61.03102	240.00000
61.04102	253.00000
61.05102	269.00000
61.06102	234.00000
61.07102	210.00000
61.08102	250.00000
61.09102	238.00000
61.10102	239.00000
61.11102	229.00000
61.12102	233.00000
61.13102	242.00000
61.14102	229.00000
61.15102	227.00000
61.16102	231.00000
61.17102	222.00000
61.18102	249.00000
61.19102	264.00000
61.20102	227.00000
61.21102	248.00000
61.22102	243.00000
61.23102	260.00000
61.24102	238.00000
61.25102	245.00000
61.26102	247.00000
61.27102	222.00000
61.28102	242.00000
61.29102	242.00000
61.30102	275.00000
61.31102	237.00000
61.32102	231.00000
61.33102	256.00000
61.34102	270.00000
61.35102	261.00000
61.36102	247.00000
61.37103	298.00000
61.38102	284.00000
61.39103	277.00000
61.40102	265.00000
61.41103	260.00000
61.42102	282.00000
61.43103	322.00000
61.44102	290.00000
61.45103	285.00000
61.46103	295.00000
61.47103	292.00000
61.48103	306.00000
61.49103	289.00000
61.50103	334.00000
61.51103	325.00000
61.52103	347.00000
61.53103	312.00000
61.54103	349.00000
61.55103	326.00000
61.56103	344.00000
61.57103	336.00000
61.58103	382.00000
61.59103	328.00000
61.60103	352.00000
61.61103	319.00000
61.62103	350.00000
61.63103	344.00000
61.64103	337.00000
61.65103	312.00000
61.66103	344.00000
61.67103	340.00000
61.68103	300.00000
61.69103	316.00000
61.70103	315.00000
61.71103	294.00000
61.72103	298.00000
61.73103	320.00000
61.74103	318.00000
61.75103	297.00000
61.76103	297.00000
61.77103	299.00000
61.78103	298.00000
61.79103	311.00000
61.80103	319.00000
61.81104	323.00000
61.82103	322.00000
61.83104	337.00000
61.84103	374.00000
61.85104	359.00000
61.86103	318.00000
61.87104	378.00000
61.88103	357.00000
61.89104	338.00000
61.90104	354.00000
61.91104	365.00000
61.92104	404.00000
61.93104	324.00000
61.94104	341.00000
61.95104	363.00000
61.96104	321.00000
61.97104	286.00000
61.98104	321.00000
61.99104	299.00000
62.00104	293.00000
62.01104	269.00000
62.02104	286.00000
62.03104	284.00000
62.04104	249.00000
62.05104	254.00000
62.06104	258.00000
62.07104	253.00000
62.08104	225.00000
62.09104	253.00000
62.10104	265.00000
62.11104	226.00000
62.12104	243.00000
62.13104	258.00000
62.14104	239.00000
62.15104	261.00000
62.16104	251.00000
62.17104	233.00000
62.18104	245.00000
62.19104	278.00000
62.20104	263.00000
62.21104	275.00000
62.22104	261.00000
62.23104	262.00000
62.24104	272.00000
62.25105	270.00000
62.26104	291.00000
62.27105	277.00000
62.28104	310.00000
62.29105	303.00000
62.30104	365.00000
62.31105	355.00000
62.32104	344.00000
62.33105	369.00000
62.34105	325.00000
62.35105	369.00000
62.36105	368.00000
62.37105	337.00000
62.38105	365.00000
62.39105	377.00000
62.40105	337.00000
62.41105	321.00000
62.42105	326.00000
62.43105	339.00000
62.44105	323.00000
62.45105	298.00000
62.46105	286.00000
62.47105	290.00000
62.48105	281.00000
62.49105	276.00000
62.50105	270.00000
62.51105	266.00000
62.52105	243.00000
62.53105	264.00000
62.54105	264.00000
62.55105	287.00000
62.56105	253.00000
62.57105	273.00000
62.58105	259.00000
62.59105	276.00000
62.60105	280.00000
62.61105	268.00000
62.62105	259.00000
62.63105	251.00000
62.64105	267.00000
62.65105	274.00000
62.66105	260.00000
62.67105	263.00000
62.68105	263.00000
62.69106	294.00000
62.70105	308.00000
62.71106	299.00000
62.72105	286.00000
62.73106	302.00000
62.74105	288.00000
62.75106	293.00000
62.76105	302.00000
62.77106	272.00000
62.78106	326.00000
62.79106	274.00000
62.80106	309.00000
62.81106	274.00000
62.82106	276.00000
62.83106	271.00000
62.84106	264.00000
62.85106	263.00000
62.86106	289.00000
62.87106	265.00000
62.88106	289.00000
62.89106	256.00000
62.90106	282.00000
62.91106	256.00000
62.92106	255.00000
62.93106	262.00000
62.94106	253.00000
62.95106	270.00000
62.96106	270.00000
62.97106	280.00000
62.98106	257.00000
62.99106	247.00000
63.00106	246.00000
63.01106	280.00000
63.02106	301.00000
63.03106	264.00000
63.04106	249.00000
63.05106	267.00000
63.06106	248.00000
63.07106	248.00000
63.08106	251.00000
63.09106	226.00000
63.10106	246.00000
63.11106	222.00000
63.12106	213.00000
63.13107	246.00000
63.14106	262.00000
63.15107	286.00000
63.16106	235.00000
63.17107	247.00000
63.18106	273.00000
63.19107	249.00000
63.20107	223.00000
63.21107	244.00000
63.22107	229.00000
63.23107	266.00000
63.24107	251.00000
63.25107	290.00000
63.26107	239.00000
63.27107	233.00000
63.28107	248.00000
63.29107	264.00000
63.30107	236.00000
63.31107	228.00000
63.32107	227.00000
63.33107	242.00000
63.34107	255.00000
63.35107	230.00000
63.36107	266.00000
63.37107	254.00000
63.38107	272.00000
63.39107	266.00000
63.40107	274.00000
63.41107	274.00000
63.42107	251.00000
63.43107	270.00000
63.44107	261.00000
63.45107	280.00000
63.46107	268.00000
63.47107	267.00000
63.48107	262.00000
63.49107	291.00000
63.50107	290.00000
63.51107	275.00000
63.52107	270.00000
63.53107	305.00000
63.54107	289.00000
63.55107	302.00000
63.56107	290.00000
63.57108	307.00000
63.58107	298.00000
63.59108	285.00000
63.60107	282.00000
63.61108	331.00000
63.62107	308.00000
63.63108	316.00000
63.64108	300.00000
63.65108	290.00000
63.66108	305.00000
63.67108	297.00000
63.68108	286.00000
63.69108	282.00000
63.70108	287.00000
63.71108	265.00000
63.72108	264.00000
63.73108	276.00000
63.74108	278.00000
63.75108	283.00000
63.76108	264.00000
63.77108	261.00000
63.78108	274.00000
63.79108	240.00000
63.80108	247.00000
63.81108	216.00000
63.82108	232.00000
63.83108	258.00000
63.84108	247.00000
63.85108	246.00000
63.86108	239.00000
63.87108	222.00000
63.88108	269.00000
63.89108	251.00000
63.90108	251.00000
63.91108	226.00000
63.92108	232.00000
63.93108	247.00000
63.94108	234.00000
63.95108	252.00000
63.96108	245.00000
63.97108	238.00000
63.98108	257.00000
63.99109	249.00000
64.00108	238.00000
64.01109	224.00000
64.02108	242.00000
64.03108	244.00000
64.04108	229.00000
64.05109	242.00000
64.06108	244.00000
64.07108	272.00000
64.08109	255.00000
64.09109	240.00000
64.10108	245.00000
64.11108	246.00000
64.12109	246.00000
64.13109	282.00000
64.14108	264.00000
64.15108	283.00000
64.16109	288.00000
64.17109	279.00000
64.18108	259.00000
64.19109	291.00000
64.20109	290.00000
64.21109	298.00000
64.22108	320.00000
64.23109	328.00000
64.24109	330.00000
64.25109	328.00000
64.26109	345.00000
64.27109	355.00000
64.28109	372.00000
64.29109	333.00000
64.30109	364.00000
64.31109	365.00000
64.32109	337.00000
64.33109	334.00000
64.34109	346.00000
64.35109	329.00000
64.36109	320.00000
64.37109	352.00000
64.38109	321.00000
64.39109	305.00000
64.40109	295.00000
64.41109	281.00000
64.42109	302.00000
64.43109	304.00000
64.44109	290.00000
64.45110	301.00000
64.46109	315.00000
64.47109	298.00000
64.48109	297.00000
64.49110	298.00000
64.50109	256.00000
64.51109	273.00000
64.52110	274.00000
64.53110	316.00000
64.54109	304.00000
64.55109	307.00000
64.56110	261.00000
64.57110	257.00000
64.58109	281.00000
64.59109	287.00000
64.60110	251.00000
64.61110	260.00000
64.62109	278.00000
64.63110	282.00000
64.64110	244.00000
64.65110	284.00000
64.66109	277.00000
64.67110	239.00000
64.68110	240.00000
64.69110	270.00000
64.70110	253.00000
64.71110	274.00000
64.72110	252.00000
64.73110	267.00000
64.74110	249.00000
64.75110	253.00000
64.76110	256.00000
64.77110	272.00000
64.78110	283.00000
64.79110	262.00000
64.80110	252.00000
64.81110	272.00000
64.82110	242.00000
64.83110	276.00000
64.84110	238.00000
64.85110	240.00000
64.86110	222.00000
64.87110	237.00000
64.88110	244.00000
64.89111	248.00000
64.90110	251.00000
64.91110	260.00000
64.92110	239.00000
64.93111	259.00000
64.94110	249.00000
64.95110	246.00000
64.96111	231.00000
64.97111	204.00000
64.98110	226.00000
64.99110	263.00000
65.00111	267.00000
65.01111	251.00000
65.02110	240.00000
65.03111	265.00000
65.04111	270.00000
65.05111	292.00000
65.06110	278.00000
65.07111	275.00000
65.08111	289.00000
65.09111	279.00000
65.10110	290.00000
65.11111	299.00000
65.12111	327.00000
65.13111	339.00000
65.14111	351.00000
65.15111	285.00000
65.16111	280.00000
65.17111	300.00000
65.18111	307.00000
65.19111	288.00000
65.20111	308.00000
65.21111	303.00000
65.22111	287.00000
65.23111	285.00000
65.24111	258.00000
65.25111	294.00000
65.26111	279.00000
65.27111	280.00000
65.28111	250.00000
65.29111	288.00000
65.30111	274.00000
65.31111	241.00000
65.32111	287.00000
65.33112	295.00000
65.34111	266.00000
65.35111	240.00000
65.36111	276.00000
65.37112	271.00000
65.38111	293.00000
65.39111	288.00000
65.40112	287.00000
65.41112	302.00000
65.42111	283.00000
65.43111	311.00000
65.44112	295.00000
65.45112	278.00000
65.46111	277.00000
65.47112	264.00000
65.48112	261.00000
65.49112	246.00000
65.50111	229.00000
65.51112	255.00000
65.52112	241.00000
65.53112	253.00000
65.54111	262.00000
65.55112	256.00000
65.56112	253.00000
65.57112	232.00000
65.58112	226.00000
65.59112	245.00000
65.60112	249.00000
65.61112	261.00000
65.62112	237.00000
65.63112	235.00000
65.64112	231.00000
65.65112	224.00000
65.66112	235.00000
65.67112	247.00000
65.68112	245.00000
65.69112	240.00000
65.70112	257.00000
65.71112	227.00000
65.72112	221.00000
65.73112	247.00000
65.74112	235.00000
65.75112	234.00000
65.76112	243.00000
65.77113	254.00000
65.78112	273.00000
65.79112	277.00000
65.80112	244.00000
65.81113	254.00000
65.82112	242.00000
65.83112	274.00000
65.84113	257.00000
65.85113	279.00000
65.86112	259.00000
65.87112	299.00000
65.88113	280.00000
65.89113	220.00000
65.90112	227.00000
65.91113	268.00000
65.92113	252.00000
65.93113	262.00000
65.94112	252.00000
65.95113	243.00000
65.96113	238.00000
65.97113	226.00000
65.98112	258.00000
65.99113	265.00000
66.00113	236.00000
66.01113	242.00000
66.02113	246.00000
66.03113	245.00000
66.04113	236.00000
66.05113	239.00000
66.06113	269.00000
66.07113	222.00000
66.08113	252.00000
66.09113	270.00000
66.10113	252.00000
66.11113	232.00000
66.12113	219.00000
66.13113	256.00000
66.14113	252.00000
66.15113	241.00000
66.16113	249.00000
66.17113	248.00000
66.18113	249.00000
66.19113	257.00000
66.20113	258.00000
66.21114	261.00000
66.22113	279.00000
66.23113	265.00000
66.24113	251.00000
66.25114	287.00000
66.26113	289.00000
66.27113	297.00000
66.28114	311.00000
66.29114	313.00000
66.30113	295.00000
66.31113	323.00000
66.32114	332.00000
66.33114	334.00000
66.34113	328.00000
66.35114	349.00000
66.36114	366.00000
66.37114	364.00000
66.38113	388.00000
66.39114	385.00000
66.40114	394.00000
66.41114	397.00000
66.42113	379.00000
66.43114	373.00000
66.44114	374.00000
66.45114	391.00000
66.46114	348.00000
66.47114	353.00000
66.48114	361.00000
66.49114	333.00000
66.50114	309.00000
66.51114	327.00000
66.52114	300.00000
66.53114	297.00000
66.54114	308.00000
66.55114	311.00000
66.56114	308.00000
66.57114	280.00000
66.58114	288.00000
66.59114	287.00000
66.60114	264.00000
66.61115	287.00000
66.62114	301.00000
66.63114	300.00000
66.64114	294.00000
66.65115	280.00000
66.66114	273.00000
66.67114	281.00000
66.68114	278.00000
66.69115	257.00000
66.70114	269.00000
66.71114	263.00000
66.72115	292.00000
66.73115	236.00000
66.74114	236.00000
66.75114	252.00000
66.76115	245.00000
66.77115	269.00000
66.78114	247.00000
66.79115	239.00000
66.80115	259.00000
66.81115	227.00000
66.82114	226.00000
66.83115	228.00000
66.84115	229.00000
66.85115	229.00000
66.86115	243.00000
66.87115	221.00000
66.88115	237.00000
66.89115	221.00000
66.90115	255.00000
66.91115	233.00000
66.92115	244.00000
66.93115	211.00000
66.94115	215.00000
66.95115	226.00000
66.96115	243.00000
66.97115	237.00000
66.98115	258.00000
66.99115	229.00000
67.00115	254.00000
67.01115	246.00000
67.02115	251.00000
67.03115	263.00000
67.04115	250.00000
67.05116	257.00000
67.06115	257.00000
67.07115	259.00000
67.08115	258.00000
67.09116	209.00000
67.10115	222.00000
67.11115	239.00000
67.12115	241.00000
67.13116	257.00000
67.14115	260.00000
67.15115	253.00000
67.16116	255.00000
67.17116	280.00000
67.18115	281.00000
67.19115	278.00000
67.20116	253.00000
67.21116	247.00000
67.22115	255.00000
67.23116	237.00000
67.24116	273.00000
67.25116	293.00000
67.26115	254.00000
67.27116	269.00000
67.28116	252.00000
67.29116	249.00000
67.30116	243.00000
67.31116	228.00000
67.32116	265.00000
67.33116	250.00000
67.34116	246.00000
67.35116	255.00000
67.36116	237.00000
67.37116	271.00000
67.38116	261.00000
67.39116	276.00000
67.40116	245.00000
67.41116	276.00000
67.42116	236.00000
67.43116	259.00000
67.44116	262.00000
67.45116	279.00000
67.46116	293.00000
67.47116	271.00000
67.48116	290.00000
67.49117	311.00000
67.50116	293.00000
67.51116	293.00000
67.52116	310.00000
67.53117	338.00000
67.54116	328.00000
67.55116	328.00000
67.56116	321.00000
67.57117	363.00000
67.58116	406.00000
67.59116	388.00000
67.60117	370.00000
67.61117	405.00000
67.62116	374.00000
67.63116	364.00000
67.64117	379.00000
67.65117	380.00000
67.66116	357.00000
67.67117	352.00000
67.68117	346.00000
67.69117	329.00000
67.70116	342.00000
67.71117	317.00000
67.72117	311.00000
67.73117	301.00000
67.74117	290.00000
67.75117	284.00000
67.76117	271.00000
67.77117	309.00000
67.78117	292.00000
67.79117	269.00000
67.80117	245.00000
67.81117	278.00000
67.82117	280.00000
67.83117	264.00000
67.84117	266.00000
67.85117	252.00000
67.86117	266.00000
67.87117	285.00000
67.88117	303.00000
67.89117	283.00000
67.90117	277.00000
67.91117	280.00000
67.92117	320.00000
67.93118	342.00000
67.94117	329.00000
67.95117	299.00000
67.96117	358.00000
67.97118	327.00000
67.98117	324.00000
67.99117	315.00000
68.00117	391.00000
68.01118	356.00000
68.02117	354.00000
68.03117	370.00000
68.04118	349.00000
68.05118	371.00000
68.06117	351.00000
68.07117	377.00000
68.08118	400.00000
68.09118	370.00000
68.10117	381.00000
68.11118	390.00000
68.12118	390.00000
68.13118	348.00000
68.14117	364.00000
68.15118	395.00000
68.16118	375.00000
68.17118	356.00000
68.18118	358.00000
68.19118	322.00000
68.20118	347.00000
68.21118	323.00000
68.22118	344.00000
68.23118	318.00000
68.24118	303.00000
68.25118	259.00000
68.26118	285.00000
68.27118	270.00000
68.28118	291.00000
68.29118	268.00000
68.30118	238.00000
68.31118	247.00000
68.32118	245.00000
68.33118	246.00000
68.34118	226.00000
68.35118	232.00000
68.36118	247.00000
68.37119	244.00000
68.38118	250.00000
68.39118	272.00000
68.40118	251.00000
68.41119	252.00000
68.42118	227.00000
68.43118	250.00000
68.44118	225.00000
68.45119	243.00000
68.46118	243.00000
68.47118	230.00000
68.48119	241.00000
68.49119	234.00000
68.50118	271.00000
68.51118	258.00000
68.52119	255.00000
68.53119	240.00000
68.54118	254.00000
68.55119	259.00000
68.56119	255.00000
68.57119	275.00000
68.58118	262.00000
68.59119	254.00000
68.60119	275.00000
68.61119	262.00000
68.62119	306.00000
68.63119	285.00000
68.64119	288.00000
68.65119	307.00000
68.66119	303.00000
68.67119	292.00000
68.68119	295.00000
68.69119	312.00000
68.70119	307.00000
68.71119	288.00000
68.72119	331.00000
68.73119	308.00000
68.74119	337.00000
68.75119	329.00000
68.76119	327.00000
68.77119	335.00000
68.78119	319.00000
68.79119	316.00000
68.80119	318.00000
68.81120	300.00000
68.82119	333.00000
68.83119	269.00000
68.84119	268.00000
68.85120	310.00000
68.86119	250.00000
68.87119	266.00000
68.88120	267.00000
68.89120	293.00000
68.90119	272.00000
68.91119	254.00000
68.92120	266.00000
68.93120	239.00000
68.94119	279.00000
68.95119	229.00000
68.96120	244.00000
68.97120	260.00000
68.98119	280.00000
68.99120	249.00000
69.00120	249.00000
69.01120	252.00000
69.02119	224.00000
69.03120	205.00000
69.04120	245.00000
69.05120	229.00000
69.06120	221.00000
69.07120	244.00000
69.08120	238.00000
69.09120	235.00000
69.10120	240.00000
69.11120	252.00000
69.12120	238.00000
69.13120	220.00000
69.14120	240.00000
69.15120	232.00000
69.16120	234.00000
69.17120	234.00000
69.18120	262.00000
69.19120	264.00000
69.20120	255.00000
69.21120	262.00000
69.22120	263.00000
69.23120	282.00000
69.24120	269.00000
69.25121	263.00000
69.26120	272.00000
69.27120	264.00000
69.28120	249.00000
69.29121	270.00000
69.30120	279.00000
69.31120	275.00000
69.32121	265.00000
69.33121	283.00000
69.34120	290.00000
69.35120	267.00000
69.36121	307.00000
69.37121	269.00000
69.38120	280.00000
69.39120	257.00000
69.40121	273.00000
69.41121	248.00000
69.42120	264.00000
69.43121	272.00000
69.44121	277.00000
69.45121	286.00000
69.46120	252.00000
69.47121	242.00000
69.48121	256.00000
69.49121	249.00000
69.50121	262.00000
69.51121	287.00000
69.52121	292.00000
69.53121	310.00000
69.54121	317.00000
69.55121	329.00000
69.56121	344.00000
69.57121	351.00000
69.58121	385.00000
69.59121	429.00000
69.60121	410.00000
69.61121	425.00000
69.62121	450.00000
69.63121	449.00000
69.64121	452.00000
69.65121	472.00000
69.66121	484.00000
69.67121	486.00000
69.68121	485.00000
69.69122	460.00000
69.70121	452.00000
69.71121	412.00000
69.72121	419.00000
69.73122	402.00000
69.74121	381.00000
69.75121	336.00000
69.76122	306.00000
69.77122	334.00000
69.78121	306.00000
69.79121	297.00000
69.80122	296.00000
69.81122	309.00000
69.82121	290.00000
69.83121	300.00000
69.84122	253.00000
69.85122	270.00000
69.86121	261.00000
69.87122	274.00000
69.88122	288.00000
69.89122	249.00000
69.90121	249.00000
69.91122	247.00000
69.92122	265.00000
69.93122	255.00000
69.94122	230.00000
69.95122	238.00000
69.96122	273.00000
69.97122	258.00000
69.98122	242.00000
69.99122	250.00000
70.00122	263.00000
70.01122	248.00000
70.02122	249.00000
70.03122	272.00000
70.04122	280.00000
70.05122	240.00000
70.06122	254.00000
70.07122	251.00000
70.08122	296.00000
70.09122	265.00000
70.10122	269.00000
70.11122	275.00000
70.12122	289.00000
70.13123	291.00000
70.14122	284.00000
70.15122	311.00000
70.16122	277.00000
70.17123	300.00000
70.18122	293.00000
70.19122	290.00000
70.20123	303.00000
70.21123	305.00000
70.22122	319.00000
70.23122	314.00000
70.24123	287.00000
70.25123	285.00000
70.26122	293.00000
70.27122	305.00000
70.28123	300.00000
70.29123	313.00000
70.30122	302.00000
70.31123	304.00000
70.32123	287.00000
70.33123	305.00000
70.34122	280.00000
70.35123	311.00000
70.36123	305.00000
70.37123	293.00000
70.38123	265.00000
70.39123	254.00000
70.40123	275.00000
70.41123	264.00000
70.42123	247.00000
70.43123	258.00000
70.44123	253.00000
70.45123	235.00000
70.46123	263.00000
70.47123	252.00000
70.48123	275.00000
70.49123	275.00000
70.50123	268.00000
70.51123	243.00000
70.52123	258.00000
70.53123	231.00000
70.54123	261.00000
70.55123	238.00000
70.56123	221.00000
70.57124	239.00000
70.58123	245.00000
70.59123	228.00000
70.60123	235.00000
70.61124	241.00000
70.62123	242.00000
70.63123	241.00000
70.64124	205.00000
70.65124	252.00000
70.66123	204.00000
70.67123	244.00000
70.68124	247.00000
70.69124	243.00000
70.70123	240.00000
70.71124	220.00000
70.72124	246.00000
70.73124	257.00000
70.74123	237.00000
70.75124	225.00000
70.76124	263.00000
70.77124	247.00000
70.78123	250.00000
70.79124	230.00000
70.80124	255.00000
70.81124	261.00000
70.82124	263.00000
70.83124	259.00000
70.84124	244.00000
70.85124	243.00000
70.86124	273.00000
70.87124	244.00000
70.88124	231.00000
70.89124	259.00000
70.90124	231.00000
70.91124	229.00000
70.92124	271.00000
70.93124	245.00000
70.94124	253.00000
70.95124	241.00000
70.96124	266.00000
70.97124	213.00000
70.98124	241.00000
70.99124	245.00000
71.00124	224.00000
71.01125	226.00000
71.02124	286.00000
71.03124	248.00000
71.04124	216.00000
71.05125	228.00000
71.06124	242.00000
71.07124	216.00000
71.08125	228.00000
71.09125	243.00000
71.10124	239.00000
71.11124	223.00000
71.12125	222.00000
71.13125	245.00000
71.14124	260.00000
71.15125	262.00000
71.16125	259.00000
71.17125	242.00000
71.18124	242.00000
71.19125	247.00000
71.20125	247.00000
71.21125	248.00000
71.22124	250.00000
71.23125	282.00000
71.24125	296.00000
71.25125	256.00000
71.26125	302.00000
71.27125	293.00000
71.28125	305.00000
71.29125	274.00000
71.30125	320.00000
71.31125	291.00000
71.32125	299.00000
71.33125	306.00000
71.34125	316.00000
71.35125	306.00000
71.36125	315.00000
71.37125	293.00000
71.38125	294.00000
71.39125	295.00000
71.40125	306.00000
71.41125	303.00000
71.42125	297.00000
71.43125	288.00000
71.44125	263.00000
71.45126	279.00000
71.46125	270.00000
71.47125	271.00000
71.48125	266.00000
71.49126	267.00000
71.50125	239.00000
71.51125	265.00000
71.52126	240.00000
71.53126	268.00000
71.54125	261.00000
71.55125	240.00000
71.56126	249.00000
71.57126	245.00000
71.58125	248.00000
71.59126	242.00000
71.60126	260.00000
71.61126	226.00000
71.62125	232.00000
71.63126	249.00000
71.64126	230.00000
71.65126	238.00000
71.66125	241.00000
71.67126	254.00000
71.68126	234.00000
71.69126	262.00000
71.70126	229.00000
71.71126	231.00000
71.72126	230.00000
71.73126	236.00000
71.74126	245.00000
71.75126	250.00000
71.76126	242.00000
71.77126	255.00000
71.78126	278.00000
71.79126	262.00000
71.80126	270.00000
71.81126	270.00000
71.82126	255.00000
71.83126	250.00000
71.84126	228.00000
71.85126	229.00000
71.86126	253.00000
71.87126	248.00000
71.88126	258.00000
71.89127	245.00000
71.90126	257.00000
71.91126	240.00000
71.92126	243.00000
71.93127	250.00000
71.94126	252.00000
71.95126	256.00000
71.96127	226.00000
71.97127	243.00000
71.98126	256.00000
71.99126	252.00000
72.00127	250.00000
72.01127	308.00000
72.02126	272.00000
72.03127	240.00000
72.04127	263.00000
72.05127	265.00000
72.06126	285.00000
72.07127	289.00000
72.08127	278.00000
72.09127	264.00000
72.10126	297.00000
72.11127	312.00000
72.12127	278.00000
72.13127	307.00000
72.14127	311.00000
72.15127	323.00000
72.16127	334.00000
72.17127	311.00000
72.18127	345.00000
72.19127	338.00000
72.20127	312.00000
72.21127	329.00000
72.22127	321.00000
72.23127	342.00000
72.24127	322.00000
72.25127	346.00000
72.26127	348.00000
72.27127	358.00000
72.28127	374.00000
72.29128	366.00000
72.30127	362.00000
72.31127	367.00000
72.32127	382.00000
72.33128	381.00000
72.34127	395.00000
72.35127	401.00000
72.36127	389.00000
72.37128	477.00000
72.38127	435.00000
72.39127	416.00000
72.40128	418.00000
72.41128	445.00000
72.42127	447.00000
72.43127	457.00000
72.44128	467.00000
72.45128	459.00000
72.46127	477.00000
72.47128	462.00000
72.48128	411.00000
72.49128	418.00000
72.50127	448.00000
72.51128	440.00000
72.52128	456.00000
72.53128	473.00000
72.54128	438.00000
72.55128	446.00000
72.56128	408.00000
72.57128	391.00000
72.58128	434.00000
72.59128	412.00000
72.60128	387.00000
72.61128	385.00000
72.62128	373.00000
72.63128	394.00000
72.64128	361.00000
72.65128	333.00000
72.66128	345.00000
72.67128	312.00000
72.68128	313.00000
72.69128	332.00000
72.70128	352.00000
72.71128	326.00000
72.72128	290.00000
72.73129	277.00000
72.74128	298.00000
72.75128	257.00000
72.76128	263.00000
72.77129	264.00000
72.78128	258.00000
72.79128	293.00000
72.80128	274.00000
72.81129	286.00000
72.82128	286.00000
72.83128	270.00000
72.84129	241.00000
72.85129	288.00000
72.86128	278.00000
72.87128	251.00000
72.88129	276.00000
72.89129	271.00000
72.90128	237.00000
72.91129	281.00000
72.92129	268.00000
72.93129	270.00000
72.94128	272.00000
72.95129	264.00000
72.96129	244.00000
72.97129	276.00000
72.98129	256.00000
72.99129	252.00000
73.00129	286.00000
73.01129	278.00000
73.02129	256.00000
73.03129	284.00000
73.04129	256.00000
73.05129	263.00000
73.06129	261.00000
73.07129	267.00000
73.08129	264.00000
73.09129	221.00000
73.10129	258.00000
73.11129	221.00000
73.12129	239.00000
73.13129	247.00000
73.14129	222.00000
73.15129	230.00000
73.16129	230.00000
73.17130	220.00000
73.18129	248.00000
73.19129	210.00000
73.20129	212.00000
73.21130	220.00000
73.22129	251.00000
73.23129	235.00000
73.24129	243.00000
73.25130	228.00000
73.26129	220.00000
73.27129	245.00000
73.28130	234.00000
73.29130	220.00000
73.30129	212.00000
73.31129	218.00000
73.32130	219.00000
73.33130	232.00000
73.34129	233.00000
73.35130	228.00000
73.36130	242.00000
73.37130	215.00000
73.38129	199.00000
73.39130	224.00000
73.40130	221.00000
73.41130	223.00000
73.42130	237.00000
73.43130	232.00000
73.44130	233.00000
73.45130	225.00000
73.46130	196.00000
73.47130	196.00000
73.48130	208.00000
73.49130	260.00000
73.50130	216.00000
73.51130	246.00000
73.52130	226.00000
73.53130	244.00000
73.54130	220.00000
73.55130	250.00000
73.56130	222.00000
73.57130	225.00000
73.58130	200.00000
73.59130	214.00000
73.60130	219.00000
73.61131	226.00000
73.62130	217.00000
73.63130	230.00000
73.64130	196.00000
73.65131	220.00000
73.66130	222.00000
73.67130	222.00000
73.68130	217.00000
73.69131	212.00000
73.70130	232.00000
73.71130	219.00000
73.72131	220.00000
73.73131	207.00000
73.74130	217.00000
73.75130	266.00000
73.76131	223.00000
73.77131	227.00000
73.78130	235.00000
73.79131	242.00000
73.80131	212.00000
73.81131	246.00000
73.82130	220.00000
73.83131	237.00000
73.84131	232.00000
73.85131	222.00000
73.86131	224.00000
73.87131	217.00000
73.88131	244.00000
73.89131	245.00000
73.90131	244.00000
73.91131	209.00000
73.92131	250.00000
73.93131	221.00000
73.94131	241.00000
73.95131	242.00000
73.96131	243.00000
73.97131	230.00000
73.98131	257.00000
73.99131	242.00000
74.00131	266.00000
74.01131	248.00000
74.02131	232.00000
74.03131	252.00000
74.04131	233.00000
74.05132	225.00000
74.06131	232.00000
74.07131	253.00000
74.08131	239.00000
74.09132	234.00000
74.10131	241.00000
74.11131	231.00000
74.12132	233.00000
74.13132	235.00000
74.14131	253.00000
74.15131	270.00000
74.16132	245.00000
74.17132	235.00000
74.18131	224.00000
74.19131	215.00000
74.20132	202.00000
74.21132	215.00000
74.22131	246.00000
74.23132	234.00000
74.24132	217.00000
74.25132	233.00000
74.26131	244.00000
74.27132	200.00000
74.28132	209.00000
74.29132	232.00000
74.30132	208.00000
74.31132	208.00000
74.32132	225.00000
74.33132	227.00000
74.34132	206.00000
74.35132	229.00000
74.36132	216.00000
74.37132	211.00000
74.38132	231.00000
74.39132	234.00000
74.40132	235.00000
74.41132	205.00000
74.42132	210.00000
74.43132	206.00000
74.44132	212.00000
74.45132	199.00000
74.46132	229.00000
74.47132	219.00000
74.48132	223.00000
74.49133	237.00000
74.50132	246.00000
74.51132	217.00000
74.52132	208.00000
74.53133	215.00000
74.54132	237.00000
74.55132	197.00000
74.56133	188.00000
74.57133	220.00000
74.58132	226.00000
74.59132	236.00000
74.60133	197.00000
74.61133	213.00000
74.62132	215.00000
74.63132	236.00000
74.64133	229.00000
74.65133	242.00000
74.66132	242.00000
74.67133	236.00000
74.68133	218.00000
74.69133	238.00000
74.70132	234.00000
74.71133	235.00000
74.72133	218.00000
74.73133	210.00000
74.74133	218.00000
74.75133	258.00000
74.76133	226.00000
74.77133	250.00000
74.78133	226.00000
74.79133	232.00000
74.80133	257.00000
74.81133	254.00000
74.82133	254.00000
74.83133	252.00000
74.84133	250.00000
74.85133	263.00000
74.86133	267.00000
74.87133	263.00000
74.88133	295.00000
74.89133	262.00000
74.90133	248.00000
74.91133	238.00000
74.92133	245.00000
74.93134	274.00000
74.94133	234.00000
74.95133	266.00000
74.96133	267.00000
74.97134	252.00000
74.98133	250.00000
74.99133	241.00000
75.00134	246.00000
75.01134	261.00000
75.02133	221.00000
75.03133	241.00000
75.04134	219.00000
75.05134	228.00000
75.06133	258.00000
75.07133	250.00000
75.08134	222.00000
75.09134	255.00000
75.10133	240.00000
75.11134	242.00000
75.12134	221.00000
75.13134	245.00000
75.14133	232.00000
75.15134	219.00000
75.16134	239.00000
75.17134	224.00000
75.18134	251.00000
75.19134	229.00000
75.20134	254.00000
75.21134	220.00000
75.22134	243.00000
75.23134	216.00000
75.24134	209.00000
75.25134	243.00000
75.26134	236.00000
75.27134	224.00000
75.28134	238.00000
75.29134	236.00000
75.30134	275.00000
75.31134	223.00000
75.32134	210.00000
75.33134	223.00000
75.34134	228.00000
75.35134	204.00000
75.36134	218.00000
75.37135	215.00000
75.38134	242.00000
75.39134	222.00000
75.40134	221.00000
75.41135	233.00000
75.42134	219.00000
75.43134	239.00000
75.44135	225.00000
75.45135	218.00000
75.46134	215.00000
75.47134	206.00000
75.48135	209.00000
75.49135	231.00000
75.50134	231.00000
75.51134	217.00000
75.52135	230.00000
75.53135	217.00000
75.54134	234.00000
75.55135	218.00000
75.56135	213.00000
75.57135	235.00000
75.58134	208.00000
75.59135	255.00000
75.60135	238.00000
75.61135	218.00000
75.62135	258.00000
75.63135	249.00000
75.64135	257.00000
75.65135	239.00000
75.66135	240.00000
75.67135	213.00000
75.68135	267.00000
75.69135	275.00000
75.70135	242.00000
75.71135	267.00000
75.72135	228.00000
75.73135	249.00000
75.74135	260.00000
75.75135	247.00000
75.76135	259.00000
75.77135	227.00000
75.78135	248.00000
75.79135	230.00000
75.80135	235.00000
75.81136	238.00000
75.82135	248.00000
75.83135	228.00000
75.84135	226.00000
75.85136	239.00000
75.86135	239.00000
75.87135	229.00000
75.88136	231.00000
75.89136	219.00000
75.90135	251.00000
75.91135	213.00000
75.92136	236.00000
75.93136	238.00000
75.94135	208.00000
75.95135	225.00000
75.96136	236.00000
75.97136	205.00000
75.98135	222.00000
75.99136	207.00000
76.00136	211.00000
76.01136	190.00000
76.02135	225.00000
76.03136	212.00000
76.04136	240.00000
76.05136	231.00000
76.06136	238.00000
76.07136	233.00000
76.08136	247.00000
76.09136	248.00000
76.10136	229.00000
76.11136	250.00000
76.12136	254.00000
76.13136	206.00000
76.14136	229.00000
76.15136	233.00000
76.16136	244.00000
76.17136	250.00000
76.18136	247.00000
76.19136	233.00000
76.20136	258.00000
76.21136	247.00000
76.22136	265.00000
76.23136	277.00000
76.24136	250.00000
76.25137	250.00000
76.26136	254.00000
76.27136	241.00000
76.28136	275.00000
76.29137	234.00000
76.30136	239.00000
76.31136	238.00000
76.32137	262.00000
76.33137	230.00000
76.34136	228.00000
76.35136	231.00000
76.36137	216.00000
76.37137	217.00000
76.38136	230.00000
76.39137	258.00000
76.40137	231.00000
76.41137	225.00000
76.42136	218.00000
76.43137	223.00000
76.44137	231.00000
76.45137	249.00000
76.46136	258.00000
76.47137	229.00000
76.48137	227.00000
76.49137	223.00000
76.50137	211.00000
76.51137	236.00000
76.52137	208.00000
76.53137	213.00000
76.54137	213.00000
76.55137	222.00000
76.56137	211.00000
76.57137	217.00000
76.58137	217.00000
76.59137	210.00000
76.60137	241.00000
76.61137	238.00000
76.62137	199.00000
76.63137	250.00000
76.64137	212.00000
76.65137	230.00000
76.66137	266.00000
76.67137	230.00000
76.68137	293.00000
76.69138	245.00000
76.70137	276.00000
76.71137	251.00000
76.72137	273.00000
76.73138	290.00000
76.74137	279.00000
76.75137	290.00000
76.76138	286.00000
76.77138	300.00000
76.78137	326.00000
76.79137	291.00000
76.80138	313.00000
76.81138	315.00000
76.82137	340.00000
76.83138	338.00000
76.84138	335.00000
76.85138	327.00000
76.86137	342.00000
76.87138	349.00000
76.88138	329.00000
76.89138	327.00000
76.90137	303.00000
76.91138	309.00000
76.92138	311.00000
76.93138	306.00000
76.94138	269.00000
76.95138	297.00000
76.96138	295.00000
76.97138	261.00000
76.98138	283.00000
76.99138	279.00000
77.00138	264.00000
77.01138	249.00000
77.02138	266.00000
77.03138	257.00000
77.04138	275.00000
77.05138	258.00000
77.06138	265.00000
77.07138	262.00000
77.08138	262.00000
77.09138	249.00000
77.10138	275.00000
77.11138	286.00000
77.12138	277.00000
77.13139	314.00000
77.14138	317.00000
77.15138	300.00000
77.16138	310.00000
77.17139	318.00000
77.18138	294.00000
77.19138	307.00000
77.20139	309.00000
77.21139	312.00000
77.22138	304.00000
77.23138	324.00000
77.24139	332.00000
77.25139	291.00000
77.26138	316.00000
77.27139	282.00000
77.28139	282.00000
77.29139	298.00000
77.30138	260.00000
77.31139	250.00000
77.32139	244.00000
77.33139	248.00000
77.34138	261.00000
77.35139	246.00000
77.36139	229.00000
77.37139	266.00000
77.38139	255.00000
77.39139	277.00000
77.40139	259.00000
77.41139	237.00000
77.42139	244.00000
77.43139	263.00000
77.44139	248.00000
77.45139	255.00000
77.46139	257.00000
77.47139	269.00000
77.48139	254.00000
77.49139	246.00000
77.50139	263.00000
77.51139	292.00000
77.52139	272.00000
77.53139	282.00000
77.54139	270.00000
77.55139	272.00000
77.56139	271.00000
77.57140	289.00000
77.58139	290.00000
77.59139	289.00000
77.60139	280.00000
77.61140	266.00000
77.62139	277.00000
77.63139	302.00000
77.64140	270.00000
77.65140	295.00000
77.66139	269.00000
77.67139	321.00000
77.68140	305.00000
77.69140	279.00000
77.70139	309.00000
77.71140	307.00000
77.72140	317.00000
77.73140	326.00000
77.74139	300.00000
77.75140	301.00000
77.76140	348.00000
77.77140	307.00000
77.78139	284.00000
77.79140	301.00000
77.80140	296.00000
77.81140	304.00000
77.82140	279.00000
77.83140	277.00000
77.84140	272.00000
77.85140	273.00000
77.86140	270.00000
77.87140	264.00000
77.88140	246.00000
77.89140	284.00000
77.90140	282.00000
77.91140	248.00000
77.92140	275.00000
77.93140	294.00000
77.94140	282.00000
77.95140	315.00000
77.96140	288.00000
77.97141	307.00000
77.98140	295.00000
77.99140	288.00000
78.00140	285.00000
78.01141	308.00000
78.02140	331.00000
78.03140	296.00000
78.04140	316.00000
78.05141	313.00000
78.06140	305.00000
78.07140	320.00000
78.08141	325.00000
78.09141	290.00000
78.10140	282.00000
78.11140	280.00000
78.12141	263.00000
78.13141	299.00000
78.14140	287.00000
78.15141	307.00000
78.16141	306.00000
78.17141	313.00000
78.18140	274.00000
78.19141	246.00000
78.20141	288.00000
78.21141	291.00000
78.22141	297.00000
78.23141	300.00000
78.24141	265.00000
78.25141	270.00000
78.26141	283.00000
78.27141	280.00000
78.28141	229.00000
78.29141	262.00000
78.30141	254.00000
78.31141	254.00000
78.32141	241.00000
78.33141	245.00000
78.34141	253.00000
78.35141	240.00000
78.36141	238.00000
78.37141	235.00000
78.38141	211.00000
78.39141	241.00000
78.40141	215.00000
78.41142	250.00000
78.42141	222.00000
78.43141	261.00000
78.44141	245.00000
78.45142	236.00000
78.46141	243.00000
78.47141	231.00000
78.48141	237.00000
78.49142	201.00000
78.50141	238.00000
78.51141	237.00000
78.52142	217.00000
78.53142	236.00000
78.54141	239.00000
78.55141	230.00000
78.56142	238.00000
78.57142	268.00000
78.58141	272.00000
78.59142	219.00000
78.60142	247.00000
78.61142	289.00000
78.62141	225.00000
78.63142	221.00000
78.64142	230.00000
78.65142	223.00000
78.66142	246.00000
78.67142	251.00000
78.68142	232.00000
78.69142	232.00000
78.70142	261.00000
78.71142	242.00000
78.72142	250.00000
78.73142	236.00000
78.74142	244.00000
78.75142	234.00000
78.76142	231.00000
78.77142	237.00000
78.78142	267.00000
78.79142	231.00000
78.80142	222.00000
78.81142	241.00000
78.82142	244.00000
78.83142	220.00000
78.84142	212.00000
78.85143	217.00000
78.86142	216.00000
78.87142	219.00000
78.88142	201.00000
78.89143	213.00000
78.90142	231.00000
78.91142	215.00000
78.92142	221.00000
78.93143	235.00000
78.94142	258.00000
78.95142	228.00000
78.96143	204.00000
78.97143	228.00000
78.98142	217.00000
78.99142	232.00000
79.00143	219.00000
79.01143	206.00000
79.02142	218.00000
79.03143	233.00000
79.04143	238.00000
79.05143	208.00000
79.06142	242.00000
79.07143	220.00000
79.08143	214.00000
79.09143	219.00000
79.10143	228.00000
79.11143	249.00000
79.12143	211.00000
79.13143	235.00000
79.14143	226.00000
79.15143	232.00000
79.16143	217.00000
79.17143	233.00000
79.18143	227.00000
79.19143	224.00000
79.20143	259.00000
79.21143	254.00000
79.22143	236.00000
79.23143	238.00000
79.24143	251.00000
79.25143	239.00000
79.26143	302.00000
79.27143	283.00000
79.28143	288.00000
79.29144	298.00000
79.30143	273.00000
79.31143	300.00000
79.32143	327.00000
79.33144	329.00000
79.34143	312.00000
79.35143	324.00000
79.36143	298.00000
79.37144	324.00000
79.38143	337.00000
79.39143	349.00000
79.40144	326.00000
79.41144	295.00000
79.42143	319.00000
79.43143	286.00000
79.44144	291.00000
79.45144	299.00000
79.46143	296.00000
79.47144	316.00000
79.48144	301.00000
79.49144	299.00000
79.50143	291.00000
79.51144	291.00000
79.52144	304.00000
79.53144	278.00000
79.54144	265.00000
79.55144	257.00000
79.56144	261.00000
79.57144	283.00000
79.58144	242.00000
79.59144	241.00000
79.60144	287.00000
79.61144	290.00000
79.62144	267.00000
79.63144	273.00000
79.64144	285.00000
79.65144	261.00000
79.66144	295.00000
79.67144	276.00000
79.68144	289.00000
79.69144	282.00000
79.70144	283.00000
79.71144	269.00000
79.72144	284.00000
79.73145	294.00000
79.74144	279.00000
79.75144	247.00000
79.76144	275.00000
79.77145	264.00000
79.78144	275.00000
79.79144	243.00000
79.80145	282.00000
79.81145	260.00000
79.82144	243.00000
79.83144	243.00000
79.84145	243.00000
79.85145	248.00000
79.86144	259.00000
79.87144	220.00000
79.88145	210.00000
79.89145	223.00000
79.90144	259.00000
79.91145	238.00000
79.92145	239.00000
79.93145	226.00000
79.94144	236.00000
79.95000	212.00000
79.96000	229.00000
79.97000	208.00000
79.98000	210.00000
79.99001	191.00000
