# 2Theta  Intensity_Obs  Intensity_Fit  Residual_ObsMinusFit
10.000000 0.020342 0.002845 0.017497
10.010000 0.014448 0.002877 0.011572
10.020000 0.008987 0.002912 0.006075
10.030000 0.024863 0.002951 0.021912
10.040000 0.006355 0.002995 0.003361
10.050000 0.018759 0.003043 0.015716
10.060000 0.017232 0.003096 0.014137
10.070000 0.020059 0.003154 0.016905
10.080000 0.016366 0.003218 0.013149
10.090000 0.023120 0.003287 0.019832
10.100000 0.013334 0.003363 0.009971
10.110000 0.023143 0.003446 0.019697
10.120000 0.018582 0.003536 0.015047
10.130000 0.023614 0.003633 0.019981
10.140000 0.015581 0.003740 0.011841
10.150000 0.005373 0.003855 0.001518
10.160000 0.021286 0.003980 0.017305
10.170000 0.027630 0.004117 0.023513
10.180000 0.026570 0.004265 0.022304
10.190000 0.028996 0.004427 0.024569
10.200000 0.020106 0.004603 0.015503
10.210000 0.021231 0.004796 0.016435
10.220000 0.026713 0.005006 0.021707
10.230000 0.023926 0.005236 0.018690
10.240000 0.033330 0.005488 0.027841
10.250000 0.022715 0.005765 0.016950
10.260000 0.030814 0.006070 0.024743
10.270000 0.041536 0.006407 0.035129
10.280000 0.030046 0.006779 0.023267
10.290000 0.026839 0.007192 0.019647
10.300000 0.027113 0.007650 0.019463
10.310000 0.051340 0.008162 0.043178
10.320000 0.040294 0.008736 0.031559
10.330000 0.039713 0.009380 0.030333
10.340000 0.063064 0.010107 0.052958
10.350000 0.050729 0.010931 0.039798
10.360000 0.068428 0.011870 0.056558
10.370000 0.080049 0.012948 0.067101
10.380000 0.089038 0.014197 0.074840
10.390000 0.090644 0.015667 0.074977
10.400000 0.119234 0.017438 0.101795
10.410000 0.124326 0.019659 0.104666
10.420000 0.132893 0.022603 0.110290
10.430000 0.136689 0.026771 0.109918
10.440000 0.181825 0.033053 0.148772
10.450000 0.190846 0.042927 0.147920
10.460000 0.234245 0.058674 0.175571
10.470000 0.238916 0.083508 0.155408
10.480000 0.284061 0.121474 0.162587
10.490000 0.323999 0.176965 0.147035
10.500000 0.350427 0.253763 0.096665
10.510000 0.460026 0.353655 0.106370
10.520000 0.577882 0.474886 0.102996
10.530000 0.610426 0.610827 -0.000401
10.540000 0.708260 0.749278 -0.041017
10.550000 0.870978 0.872905 -0.001927
10.560000 0.920927 0.961844 -0.040916
10.570000 0.998319 0.999272 -0.000953
10.580000 0.982969 0.977870 0.005100
10.590000 0.877951 0.902567 -0.024616
10.600000 0.752461 0.787989 -0.035529
10.610000 0.637433 0.653075 -0.015642
10.620000 0.460139 0.515821 -0.055682
10.630000 0.339890 0.389922 -0.050031
10.640000 0.229209 0.283596 -0.054387
10.650000 0.167736 0.199951 -0.032215
10.660000 0.141952 0.138163 0.003789
10.670000 0.059586 0.094995 -0.035409
10.680000 0.055573 0.066224 -0.010651
10.690000 0.045478 0.047715 -0.002237
10.700000 0.042339 0.036028 0.006311
10.710000 0.026152 0.028617 -0.002465
10.720000 0.016486 0.023770 -0.007284
10.730000 0.009010 0.020424 -0.011415
10.740000 0.016325 0.017960 -0.001635
10.750000 0.016253 0.016034 0.000220
10.760000 0.000000 0.014456 -0.014456
10.770000 0.014795 0.013126 0.001670
10.780000 0.017764 0.011982 0.005782
10.790000 0.005943 0.010987 -0.005044
10.800000 0.011962 0.010115 0.001847
10.810000 0.003192 0.009345 -0.006154
10.820000 0.017485 0.008663 0.008822
10.830000 0.003494 0.008055 -0.004561
10.840000 0.009518 0.007511 0.002007
10.850000 0.005543 0.007023 -0.001480
10.860000 0.006346 0.006583 -0.000237
10.870000 0.015434 0.006184 0.009249
10.880000 0.006226 0.005823 0.000403
10.890000 0.015753 0.005495 0.010258
10.900000 0.013078 0.005195 0.007883
10.910000 0.019124 0.004921 0.014204
10.920000 0.000000 0.004669 -0.004669
10.930000 0.011183 0.004438 0.006744
10.940000 0.002854 0.004225 -0.001371
10.950000 0.000000 0.004029 -0.004029
10.960000 0.003192 0.003847 -0.000654
10.970000 0.006198 0.003678 0.002520
10.980000 0.000000 0.003522 -0.003522
10.990000 0.000000 0.003376 -0.003376
11.000000 0.018250 0.003241 0.015009
11.010000 0.000363 0.003115 -0.002751
11.020000 0.000000 0.002997 -0.002997
11.030000 0.000000 0.002886 -0.002886
11.040000 0.001982 0.002783 -0.000801
11.050000 0.010656 0.002686 0.007970
11.060000 0.000000 0.002595 -0.002595
11.070000 0.004925 0.002510 0.002415
11.080000 0.000000 0.002430 -0.002430
11.090000 0.006165 0.002354 0.003811
11.100000 0.001341 0.002283 -0.000942
11.110000 0.009151 0.002216 0.006935
11.120000 0.006941 0.002153 0.004788
11.130000 0.008658 0.002093 0.006565
11.140000 0.009498 0.002037 0.007461
11.150000 0.008604 0.001984 0.006621
11.160000 0.006835 0.001934 0.004901
11.170000 0.006378 0.001886 0.004492
11.180000 0.000693 0.001841 -0.001149
11.190000 0.000000 0.001799 -0.001799
11.200000 0.000000 0.001759 -0.001759
11.210000 0.008904 0.001721 0.007182
11.220000 0.000000 0.001686 -0.001686
11.230000 0.000000 0.001652 -0.001652
11.240000 0.004928 0.001621 0.003307
11.250000 0.015362 0.001591 0.013771
11.260000 0.007508 0.001563 0.005945
11.270000 0.005319 0.001537 0.003782
11.280000 0.004432 0.001513 0.002920
11.290000 0.002245 0.001490 0.000754
11.300000 0.013985 0.001469 0.012516
11.310000 0.015282 0.001450 0.013832
11.320000 0.000000 0.001432 -0.001432
11.330000 0.004813 0.001415 0.003397
11.340000 0.008721 0.001401 0.007320
11.350000 0.011761 0.001387 0.010374
11.360000 0.001304 0.001376 -0.000072
11.370000 0.003475 0.001366 0.002110
11.380000 0.000000 0.001357 -0.001357
11.390000 0.000000 0.001350 -0.001350
11.400000 0.001282 0.001345 -0.000064
11.410000 0.000000 0.001342 -0.001342
11.420000 0.003452 0.001341 0.002111
11.430000 0.003015 0.001341 0.001673
11.440000 0.013025 0.001344 0.011681
11.450000 0.012154 0.001349 0.010805
11.460000 0.000000 0.001356 -0.001356
11.470000 0.000000 0.001366 -0.001366
11.480000 0.000000 0.001379 -0.001379
11.490000 0.002143 0.001395 0.000748
11.500000 0.000838 0.001414 -0.000576
11.510000 0.004324 0.001437 0.002887
11.520000 0.017387 0.001464 0.015923
11.530000 0.007378 0.001496 0.005882
11.540000 0.003899 0.001533 0.002366
11.550000 0.008693 0.001576 0.007116
11.560000 0.008262 0.001626 0.006636
11.570000 0.007833 0.001684 0.006149
11.580000 0.018287 0.001751 0.016536
11.590000 0.014811 0.001829 0.012982
11.600000 0.001758 0.001919 -0.000162
11.610000 0.002636 0.002025 0.000611
11.620000 0.009175 0.002149 0.007025
11.630000 0.004829 0.002298 0.002532
11.640000 0.007451 0.002479 0.004972
11.650000 0.003542 0.002710 0.000832
11.660000 0.010953 0.003020 0.007933
11.670000 0.007915 0.003466 0.004449
11.680000 0.017504 0.004149 0.013355
11.690000 0.025786 0.005237 0.020550
11.700000 0.015784 0.006988 0.008796
11.710000 0.022326 0.009768 0.012559
11.720000 0.034528 0.014031 0.020498
11.730000 0.044554 0.020261 0.024293
11.740000 0.042390 0.028855 0.013535
11.750000 0.051110 0.039959 0.011151
11.760000 0.070279 0.053293 0.016986
11.770000 0.084224 0.068013 0.016211
11.780000 0.089898 0.082658 0.007240
11.790000 0.105150 0.095217 0.009933
11.800000 0.096457 0.103442 -0.006986
11.810000 0.095166 0.105532 -0.010366
11.820000 0.090827 0.100979 -0.010151
11.830000 0.075170 0.090856 -0.015685
11.840000 0.078233 0.077237 0.000996
11.850000 0.062141 0.062342 -0.000201
11.860000 0.038648 0.047992 -0.009344
11.870000 0.033005 0.035418 -0.002413
11.880000 0.024750 0.025239 -0.000490
11.890000 0.022154 0.017557 0.004598
11.900000 0.007369 0.012109 -0.004740
11.910000 0.007386 0.008449 -0.001063
11.920000 0.003050 0.006094 -0.003044
11.930000 0.000000 0.004617 -0.004617
11.940000 0.000038 0.003694 -0.003656
11.950000 0.000000 0.003103 -0.003103
11.960000 0.000000 0.002704 -0.002704
11.970000 0.010976 0.002416 0.008560
11.980000 0.004899 0.002193 0.002706
11.990000 0.013189 0.002012 0.011176
12.000000 0.000147 0.001860 -0.001713
12.010000 0.000000 0.001730 -0.001730
12.020000 0.000000 0.001616 -0.001616
12.030000 0.003686 0.001517 0.002169
12.040000 0.004140 0.001429 0.002711
12.050000 0.004159 0.001351 0.002808
12.060000 0.009837 0.001281 0.008556
12.070000 0.002455 0.001218 0.001237
12.080000 0.000000 0.001162 -0.001162
12.090000 0.007718 0.001111 0.006606
12.100000 0.002948 0.001065 0.001883
12.110000 0.000000 0.001023 -0.001023
12.120000 0.009081 0.000985 0.008096
12.130000 0.000000 0.000950 -0.000950
12.140000 0.000000 0.000918 -0.000918
12.150000 0.000000 0.000888 -0.000888
12.160000 0.000000 0.000861 -0.000861
12.170000 0.005690 0.000836 0.004855
12.180000 0.003966 0.000812 0.003154
12.190000 0.000000 0.000790 -0.000790
12.200000 0.000000 0.000770 -0.000770
12.210000 0.000000 0.000751 -0.000751
12.220000 0.001855 0.000733 0.001122
12.230000 0.012754 0.000717 0.012037
12.240000 0.000000 0.000701 -0.000701
12.250000 0.000000 0.000687 -0.000687
12.260000 0.011492 0.000673 0.010819
12.270000 0.000000 0.000660 -0.000660
12.280000 0.009344 0.000648 0.008696
12.290000 0.000000 0.000636 -0.000636
12.300000 0.000000 0.000625 -0.000625
12.310000 0.000000 0.000615 -0.000615
12.320000 0.000000 0.000605 -0.000605
12.330000 0.000000 0.000596 -0.000596
12.340000 0.018566 0.000587 0.017979
12.350000 0.009437 0.000579 0.008858
12.360000 0.006837 0.000571 0.006266
12.370000 0.001625 0.000563 0.001061
12.380000 0.012956 0.000556 0.012400
12.390000 0.015579 0.000549 0.015030
12.400000 0.010801 0.000543 0.010258
12.410000 0.006894 0.000537 0.006357
12.420000 0.007774 0.000531 0.007244
12.430000 0.008654 0.000525 0.008129
12.440000 0.000827 0.000520 0.000307
12.450000 0.000000 0.000514 -0.000514
12.460000 0.001713 0.000510 0.001203
12.470000 0.000000 0.000505 -0.000505
12.480000 0.000000 0.000500 -0.000500
12.490000 0.001730 0.000496 0.001234
12.500000 0.002606 0.000492 0.002114
12.510000 0.000000 0.000488 -0.000488
12.520000 0.007402 0.000484 0.006918
12.530000 0.005664 0.000481 0.005183
12.540000 0.002184 0.000477 0.001707
12.550000 0.000000 0.000474 -0.000474
12.560000 0.000000 0.000471 -0.000471
12.570000 0.007850 0.000468 0.007383
12.580000 0.003934 0.000465 0.003469
12.590000 0.000000 0.000462 -0.000462
12.600000 0.007856 0.000459 0.007397
12.610000 0.005681 0.000457 0.005224
12.620000 0.010907 0.000455 0.010453
12.630000 0.007426 0.000452 0.006974
12.640000 0.001333 0.000450 0.000883
12.650000 0.003076 0.000448 0.002628
12.660000 0.006561 0.000446 0.006115
12.670000 0.009175 0.000444 0.008731
12.680000 0.006129 0.000443 0.005687
12.690000 0.000000 0.000441 -0.000441
12.700000 0.009180 0.000439 0.008741
12.710000 0.000000 0.000438 -0.000438
12.720000 0.007443 0.000437 0.007006
12.730000 0.000000 0.000435 -0.000435
12.740000 0.000000 0.000434 -0.000434
12.750000 0.000000 0.000433 -0.000433
12.760000 0.000000 0.000432 -0.000432
12.770000 0.017030 0.000431 0.016599
12.780000 0.003536 0.000430 0.003106
12.790000 0.014423 0.000429 0.013993
12.800000 0.003105 0.000429 0.002677
12.810000 0.000000 0.000428 -0.000428
12.820000 0.012252 0.000428 0.011825
12.830000 0.001371 0.000427 0.000944
12.840000 0.006597 0.000427 0.006170
12.850000 0.000000 0.000426 -0.000426
12.860000 0.009649 0.000426 0.009223
12.870000 0.001380 0.000426 0.000954
12.880000 0.002253 0.000426 0.001827
12.890000 0.001385 0.000426 0.000959
12.900000 0.000952 0.000426 0.000526
12.910000 0.006179 0.000426 0.005753
12.920000 0.010535 0.000426 0.010109
12.930000 0.000525 0.000427 0.000099
12.940000 0.004446 0.000427 0.004019
12.950000 0.013156 0.000427 0.012729
12.960000 0.007935 0.000428 0.007507
12.970000 0.000000 0.000428 -0.000428
12.980000 0.004458 0.000429 0.004029
12.990000 0.004461 0.000430 0.004031
13.000000 0.012300 0.000431 0.011870
13.010000 0.004903 0.000431 0.004471
13.020000 0.000000 0.000432 -0.000432
13.030000 0.000000 0.000433 -0.000433
13.040000 0.000000 0.000434 -0.000434
13.050000 0.002304 0.000436 0.001869
13.060000 0.003614 0.000437 0.003177
13.070000 0.000570 0.000438 0.000132
13.080000 0.003621 0.000440 0.003182
13.090000 0.005802 0.000441 0.005361
13.100000 0.011465 0.000443 0.011022
13.110000 0.000000 0.000445 -0.000445
13.120000 0.002331 0.000446 0.001884
13.130000 0.005818 0.000448 0.005370
13.140000 0.007563 0.000450 0.007113
13.150000 0.015839 0.000452 0.015387
13.160000 0.000000 0.000454 -0.000454
13.170000 0.001917 0.000457 0.001460
13.180000 0.000000 0.000459 -0.000459
13.190000 0.003667 0.000461 0.003205
13.200000 0.000188 0.000464 -0.000276
13.210000 0.013689 0.000467 0.013222
13.220000 0.004551 0.000469 0.004082
13.230000 0.010215 0.000472 0.009743
13.240000 0.001948 0.000475 0.001473
13.250000 0.001518 0.000478 0.001040
13.260000 0.011971 0.000482 0.011490
13.270000 0.004140 0.000485 0.003655
13.280000 0.006757 0.000488 0.006268
13.290000 0.009809 0.000492 0.009317
13.300000 0.004590 0.000496 0.004094
13.310000 0.002854 0.000500 0.002354
13.320000 0.007212 0.000504 0.006709
13.330000 0.003735 0.000508 0.003227
13.340000 0.000000 0.000512 -0.000512
13.350000 0.006793 0.000517 0.006276
13.360000 0.000000 0.000522 -0.000522
13.370000 0.005062 0.000526 0.004536
13.380000 0.008550 0.000531 0.008019
13.390000 0.000284 0.000537 -0.000253
13.400000 0.000000 0.000542 -0.000542
13.410000 0.009873 0.000548 0.009325
13.420000 0.008572 0.000553 0.008019
13.430000 0.011625 0.000560 0.011065
13.440000 0.000000 0.000566 -0.000566
13.450000 0.000752 0.000572 0.000180
13.460000 0.011206 0.000579 0.010627
13.470000 0.003810 0.000586 0.003224
13.480000 0.011652 0.000593 0.011058
13.490000 0.009480 0.000601 0.008879
13.500000 0.012532 0.000609 0.011923
13.510000 0.000000 0.000617 -0.000617
13.520000 0.013847 0.000625 0.013221
13.530000 0.009061 0.000634 0.008427
13.540000 0.004275 0.000644 0.003632
13.550000 0.002536 0.000653 0.001883
13.560000 0.012116 0.000663 0.011453
13.570000 0.011246 0.000674 0.010573
13.580000 0.000363 0.000684 -0.000321
13.590000 0.000000 0.000696 -0.000696
13.600000 0.001668 0.000708 0.000960
13.610000 0.004278 0.000720 0.003558
13.620000 0.000793 0.000733 0.000060
13.630000 0.006014 0.000747 0.005268
13.640000 0.000000 0.000761 -0.000761
13.650000 0.000000 0.000776 -0.000776
13.660000 0.000000 0.000792 -0.000792
13.670000 0.003812 0.000809 0.003004
13.680000 0.004672 0.000826 0.003846
13.690000 0.007270 0.000845 0.006425
13.700000 0.000000 0.000865 -0.000865
13.710000 0.000000 0.000886 -0.000886
13.720000 0.000679 0.000909 -0.000230
13.730000 0.000000 0.000935 -0.000935
13.740000 0.006713 0.000963 0.005750
13.750000 0.001017 0.000996 0.000020
13.760000 0.000000 0.001037 -0.001037
13.770000 0.000000 0.001091 -0.001091
13.780000 0.000000 0.001165 -0.001165
13.790000 0.004748 0.001271 0.003478
13.800000 0.000000 0.001421 -0.001421
13.810000 0.003330 0.001631 0.001699
13.820000 0.002836 0.001913 0.000923
13.830000 0.004081 0.002272 0.001809
13.840000 0.003584 0.002701 0.000883
13.850000 0.000000 0.003177 -0.003177
13.860000 0.003893 0.003655 0.000238
13.870000 0.006006 0.004078 0.001929
13.880000 0.001154 0.004377 -0.003223
13.890000 0.009361 0.004495 0.004866
13.900000 0.000000 0.004414 -0.004414
13.910000 0.004008 0.004164 -0.000156
13.920000 0.000000 0.003807 -0.003807
13.930000 0.003009 0.003408 -0.000399
13.940000 0.000000 0.003026 -0.003026
13.950000 0.000000 0.002699 -0.002699
13.960000 0.000000 0.002447 -0.002447
13.970000 0.014071 0.002275 0.011796
13.980000 0.007913 0.002176 0.005736
13.990000 0.005671 0.002137 0.003534
14.000000 0.004302 0.002144 0.002158
14.010000 0.000000 0.002184 -0.002184
14.020000 0.002435 0.002248 0.000187
14.030000 0.007158 0.002330 0.004829
14.040000 0.000000 0.002425 -0.002425
14.050000 0.005290 0.002533 0.002757
14.060000 0.000000 0.002653 -0.002653
14.070000 0.011695 0.002786 0.008909
14.080000 0.000000 0.002931 -0.002931
14.090000 0.000000 0.003091 -0.003091
14.100000 0.026312 0.003267 0.023045
14.110000 0.006657 0.003461 0.003196
14.120000 0.005727 0.003675 0.002052
14.130000 0.000000 0.003912 -0.003912
14.140000 0.016488 0.004175 0.012313
14.150000 0.010329 0.004467 0.005861
14.160000 0.008530 0.004795 0.003735
14.170000 0.014996 0.005162 0.009834
14.180000 0.013633 0.005575 0.008058
14.190000 0.023147 0.006043 0.017104
14.200000 0.028315 0.006576 0.021740
14.210000 0.022593 0.007185 0.015408
14.220000 0.030374 0.007889 0.022484
14.230000 0.033359 0.008715 0.024644
14.240000 0.027644 0.009704 0.017940
14.250000 0.052833 0.010933 0.041899
14.260000 0.044072 0.012544 0.031528
14.270000 0.066213 0.014799 0.051414
14.280000 0.057453 0.018165 0.039288
14.290000 0.094397 0.023436 0.070961
14.300000 0.100875 0.031852 0.069023
14.310000 0.120405 0.045199 0.075206
14.320000 0.139074 0.065772 0.073301
14.330000 0.169924 0.096143 0.073781
14.340000 0.199477 0.138625 0.060853
14.350000 0.255143 0.194489 0.060653
14.360000 0.318655 0.263040 0.055614
14.370000 0.384770 0.340795 0.043975
14.380000 0.407359 0.421020 -0.013661
14.390000 0.501772 0.493881 0.007892
14.400000 0.558320 0.547697 0.010624
14.410000 0.563923 0.571904 -0.007982
14.420000 0.584337 0.561154 0.023184
14.430000 0.530732 0.517877 0.012855
14.440000 0.430990 0.451074 -0.020084
14.450000 0.352571 0.372431 -0.019860
14.460000 0.281563 0.292735 -0.011172
14.470000 0.193566 0.219997 -0.026431
14.480000 0.132137 0.158946 -0.026809
14.490000 0.087677 0.111285 -0.023609
14.500000 0.074573 0.076407 -0.001834
14.510000 0.027936 0.052299 -0.024363
14.520000 0.028764 0.036415 -0.007651
14.530000 0.003896 0.026308 -0.022412
14.540000 0.011256 0.019980 -0.008725
14.550000 0.015122 0.015984 -0.000862
14.560000 0.008115 0.013365 -0.005250
14.570000 0.018512 0.011543 0.006969
14.580000 0.011942 0.010188 0.001754
14.590000 0.001443 0.009118 -0.007675
14.600000 0.000533 0.008237 -0.007704
14.610000 0.000000 0.007491 -0.007491
14.620000 0.004363 0.006848 -0.002485
14.630000 0.000000 0.006289 -0.006289
14.640000 0.001230 0.005799 -0.004570
14.650000 0.004665 0.005367 -0.000702
14.660000 0.000000 0.004984 -0.004984
14.670000 0.008934 0.004643 0.004291
14.680000 0.001062 0.004339 -0.003277
14.690000 0.002757 0.004065 -0.001308
14.700000 0.010558 0.003820 0.006739
14.710000 0.007466 0.003598 0.003868
14.720000 0.006561 0.003396 0.003164
14.730000 0.008258 0.003214 0.005044
14.740000 0.000000 0.003047 -0.003047
14.750000 0.006004 0.002896 0.003108
14.760000 0.007712 0.002757 0.004955
14.770000 0.000000 0.002629 -0.002629
14.780000 0.013297 0.002512 0.010785
14.790000 0.002806 0.002404 0.000402
14.800000 0.004081 0.002305 0.001776
14.810000 0.002734 0.002213 0.000521
14.820000 0.004880 0.002128 0.002752
14.830000 0.000921 0.002049 -0.001128
14.840000 0.007856 0.001976 0.005881
14.850000 0.009994 0.001908 0.008086
14.860000 0.000000 0.001845 -0.001845
14.870000 0.004702 0.001786 0.002915
14.880000 0.000000 0.001731 -0.001731
14.890000 0.005941 0.001680 0.004261
14.900000 0.006347 0.001633 0.004715
14.910000 0.006746 0.001588 0.005158
14.920000 0.004976 0.001546 0.003430
14.930000 0.000000 0.001508 -0.001508
14.940000 0.011008 0.001471 0.009537
14.950000 0.000000 0.001437 -0.001437
14.960000 0.002238 0.001405 0.000833
14.970000 0.003074 0.001376 0.001699
14.980000 0.005224 0.001348 0.003877
14.990000 0.000000 0.001322 -0.001322
15.000000 0.000000 0.001297 -0.001297
15.010000 0.012097 0.001275 0.010822
15.020000 0.004234 0.001253 0.002981
15.030000 0.000000 0.001234 -0.001234
15.040000 0.000000 0.001215 -0.001215
15.050000 0.006322 0.001198 0.005123
15.060000 0.000000 0.001182 -0.001182
15.070000 0.000000 0.001168 -0.001168
15.080000 0.000000 0.001154 -0.001154
15.090000 0.000115 0.001142 -0.001027
15.100000 0.013150 0.001130 0.012020
15.110000 0.012250 0.001120 0.011130
15.120000 0.000000 0.001111 -0.001111
15.130000 0.000000 0.001102 -0.001102
15.140000 0.000852 0.001094 -0.000242
15.150000 0.000000 0.001088 -0.001088
15.160000 0.006894 0.001082 0.005812
15.170000 0.010784 0.001077 0.009707
15.180000 0.002488 0.001073 0.001416
15.190000 0.005508 0.001070 0.004439
15.200000 0.002001 0.001067 0.000934
15.210000 0.008069 0.001065 0.007004
15.220000 0.000000 0.001065 -0.001065
15.230000 0.002359 0.001065 0.001294
15.240000 0.007123 0.001065 0.006058
15.250000 0.013192 0.001067 0.012125
15.260000 0.002719 0.001069 0.001650
15.270000 0.007482 0.001072 0.006410
15.280000 0.000056 0.001076 -0.001020
15.290000 0.000000 0.001081 -0.001081
15.300000 0.004360 0.001087 0.003273
15.310000 0.000000 0.001093 -0.001093
15.320000 0.000000 0.001101 -0.001101
15.330000 0.008638 0.001109 0.007529
15.340000 0.004259 0.001118 0.003140
15.350000 0.003362 0.001129 0.002233
15.360000 0.001158 0.001140 0.000019
15.370000 0.002872 0.001152 0.001720
15.380000 0.004585 0.001166 0.003420
15.390000 0.000000 0.001180 -0.001180
15.400000 0.011925 0.001196 0.010729
15.410000 0.000000 0.001213 -0.001213
15.420000 0.000000 0.001231 -0.001231
15.430000 0.000000 0.001251 -0.001251
15.440000 0.000000 0.001272 -0.001272
15.450000 0.001724 0.001295 0.000429
15.460000 0.000000 0.001319 -0.001319
15.470000 0.000000 0.001346 -0.001346
15.480000 0.000000 0.001374 -0.001374
15.490000 0.000000 0.001404 -0.001404
15.500000 0.000000 0.001436 -0.001436
15.510000 0.000000 0.001470 -0.001470
15.520000 0.008342 0.001507 0.006835
15.530000 0.006981 0.001547 0.005434
15.540000 0.011715 0.001590 0.010125
15.550000 0.001210 0.001635 -0.000425
15.560000 0.002025 0.001684 0.000340
15.570000 0.000000 0.001737 -0.001737
15.580000 0.001912 0.001794 0.000118
15.590000 0.000000 0.001855 -0.001855
15.600000 0.000000 0.001921 -0.001921
15.610000 0.003048 0.001993 0.001056
15.620000 0.000000 0.002070 -0.002070
15.630000 0.008595 0.002154 0.006441
15.640000 0.003750 0.002245 0.001506
15.650000 0.000000 0.002343 -0.002343
15.660000 0.002767 0.002451 0.000316
15.670000 0.000000 0.002569 -0.002569
15.680000 0.000913 0.002698 -0.001784
15.690000 0.000000 0.002839 -0.002839
15.700000 0.000000 0.002995 -0.002995
15.710000 0.016419 0.003166 0.013252
15.720000 0.015493 0.003356 0.012137
15.730000 0.006295 0.003567 0.002728
15.740000 0.012335 0.003802 0.008534
15.750000 0.008797 0.004065 0.004732
15.760000 0.004825 0.004360 0.000466
15.770000 0.005204 0.004693 0.000511
15.780000 0.015600 0.005070 0.010530
15.790000 0.012932 0.005501 0.007431
15.800000 0.010267 0.005995 0.004272
15.810000 0.015435 0.006568 0.008867
15.820000 0.015383 0.007245 0.008138
15.830000 0.031000 0.008067 0.022934
15.840000 0.027901 0.009106 0.018795
15.850000 0.037859 0.010504 0.027355
15.860000 0.046515 0.012517 0.033998
15.870000 0.056038 0.015598 0.040440
15.880000 0.063388 0.020495 0.042893
15.890000 0.055932 0.028348 0.027585
15.900000 0.071991 0.040728 0.031263
15.910000 0.109376 0.059553 0.049823
15.920000 0.129354 0.086802 0.042552
15.930000 0.148019 0.123991 0.024029
15.940000 0.188023 0.171484 0.016539
15.950000 0.246742 0.227783 0.018959
15.960000 0.269768 0.289002 -0.019235
15.970000 0.355914 0.348709 0.007205
15.980000 0.405932 0.398332 0.007601
15.990000 0.438531 0.428647 0.009883
16.000000 0.423682 0.432857 -0.009175
16.010000 0.395331 0.409937 -0.014606
16.020000 0.356539 0.365224 -0.008685
16.030000 0.314258 0.307598 0.006659
16.040000 0.240202 0.246059 -0.005857
16.050000 0.159175 0.187764 -0.028589
16.060000 0.110806 0.137370 -0.026564
16.070000 0.081586 0.097056 -0.015470
16.080000 0.051502 0.066949 -0.015447
16.090000 0.032296 0.045803 -0.013507
16.100000 0.024852 0.031714 -0.006862
16.110000 0.014353 0.022703 -0.008350
16.120000 0.019099 0.017079 0.002020
16.130000 0.018614 0.013571 0.005043
16.140000 0.012477 0.011323 0.001154
16.150000 0.008945 0.009803 -0.000857
16.160000 0.014127 0.008705 0.005423
16.170000 0.008855 0.007861 0.000994
16.180000 0.000000 0.007182 -0.007182
16.190000 0.001365 0.006619 -0.005255
16.200000 0.009595 0.006146 0.003449
16.210000 0.005195 0.005746 -0.000551
16.220000 0.000000 0.005407 -0.005407
16.230000 0.006850 0.005121 0.001728
16.240000 0.017694 0.004883 0.012810
16.250000 0.009376 0.004690 0.004686
16.260000 0.012819 0.004540 0.008280
16.270000 0.009292 0.004436 0.004855
16.280000 0.004028 0.004389 -0.000361
16.290000 0.002242 0.004419 -0.002177
16.300000 0.006122 0.004567 0.001555
16.310000 0.008255 0.004899 0.003356
16.320000 0.000000 0.005522 -0.005522
16.330000 0.009044 0.006584 0.002460
16.340000 0.005959 0.008273 -0.002314
16.350000 0.011576 0.010790 0.000786
16.360000 0.015020 0.014307 0.000713
16.370000 0.027169 0.018901 0.008268
16.380000 0.024083 0.024484 -0.000401
16.390000 0.029703 0.030744 -0.001041
16.400000 0.019653 0.037110 -0.017457
16.410000 0.037026 0.042777 -0.005751
16.420000 0.037424 0.046828 -0.009404
16.430000 0.046092 0.048500 -0.002409
16.440000 0.055632 0.047481 0.008151
16.450000 0.046887 0.044012 0.002874
16.460000 0.033790 0.038749 -0.004958
16.470000 0.028092 0.032531 -0.004439
16.480000 0.035892 0.026173 0.009719
16.490000 0.012345 0.020307 -0.007962
16.500000 0.014920 0.015321 -0.000401
16.510000 0.026638 0.011371 0.015266
16.520000 0.014412 0.008429 0.005983
16.530000 0.008715 0.006355 0.002361
16.540000 0.010857 0.004959 0.005898
16.550000 0.008208 0.004053 0.004154
16.560000 0.000000 0.003478 -0.003478
16.570000 0.002041 0.003114 -0.001074
16.580000 0.013324 0.002879 0.010445
16.590000 0.003711 0.002722 0.000989
16.600000 0.005852 0.002610 0.003242
16.610000 0.002333 0.002528 -0.000195
16.620000 0.000000 0.002466 -0.002466
16.630000 0.000521 0.002418 -0.001897
16.640000 0.009193 0.002382 0.006811
16.650000 0.000000 0.002356 -0.002356
16.660000 0.000000 0.002338 -0.002338
16.670000 0.000000 0.002328 -0.002328
16.680000 0.005568 0.002325 0.003243
16.690000 0.000000 0.002329 -0.002329
16.700000 0.000000 0.002339 -0.002339
16.710000 0.003282 0.002355 0.000927
16.720000 0.000000 0.002377 -0.002377
16.730000 0.002334 0.002405 -0.000070
16.740000 0.001423 0.002438 -0.001015
16.750000 0.003121 0.002478 0.000644
16.760000 0.000000 0.002524 -0.002524
16.770000 0.000000 0.002576 -0.002576
16.780000 0.002106 0.002634 -0.000528
16.790000 0.000000 0.002700 -0.002700
16.800000 0.000000 0.002773 -0.002773
16.810000 0.000000 0.002855 -0.002855
16.820000 0.004911 0.002944 0.001966
16.830000 0.006147 0.003044 0.003103
16.840000 0.000000 0.003153 -0.003153
16.850000 0.000000 0.003274 -0.003274
16.860000 0.000000 0.003407 -0.003407
16.870000 0.000000 0.003553 -0.003553
16.880000 0.000000 0.003715 -0.003715
16.890000 0.001743 0.003894 -0.002151
16.900000 0.000000 0.004092 -0.004092
16.910000 0.001131 0.004313 -0.003181
16.920000 0.000000 0.004557 -0.004557
16.930000 0.000000 0.004831 -0.004831
16.940000 0.005651 0.005136 0.000515
16.950000 0.005997 0.005480 0.000517
16.960000 0.005472 0.005867 -0.000396
16.970000 0.000000 0.006306 -0.006306
16.980000 0.013129 0.006806 0.006323
16.990000 0.021312 0.007381 0.013932
17.000000 0.015563 0.008050 0.007513
17.010000 0.021135 0.008844 0.012291
17.020000 0.018433 0.009818 0.008616
17.030000 0.030101 0.011068 0.019033
17.040000 0.018693 0.012772 0.005921
17.050000 0.037763 0.015236 0.022527
17.060000 0.048558 0.018971 0.029588
17.070000 0.057181 0.024767 0.032413
17.080000 0.067106 0.033762 0.033344
17.090000 0.081824 0.047436 0.034389
17.100000 0.108730 0.067506 0.041224
17.110000 0.129544 0.095673 0.033871
17.120000 0.159062 0.133212 0.025850
17.130000 0.204257 0.180453 0.023804
17.140000 0.239872 0.236234 0.003637
17.150000 0.297693 0.297455 0.000238
17.160000 0.362042 0.358936 0.003106
17.170000 0.425524 0.413959 0.011565
17.180000 0.451128 0.455676 -0.004548
17.190000 0.479348 0.478756 0.000592
17.200000 0.464465 0.480482 -0.016017
17.210000 0.433915 0.461128 -0.027213
17.220000 0.433399 0.423652 0.009747
17.230000 0.366281 0.372890 -0.006609
17.240000 0.318749 0.314701 0.004048
17.250000 0.233782 0.255088 -0.021306
17.260000 0.208890 0.199179 0.009712
17.270000 0.142210 0.150452 -0.008242
17.280000 0.098164 0.110581 -0.012417
17.290000 0.060219 0.079737 -0.019518
17.300000 0.052744 0.057062 -0.004318
17.310000 0.045710 0.041148 0.004562
17.320000 0.014293 0.030425 -0.016132
17.330000 0.027287 0.023434 0.003853
17.340000 0.011108 0.018976 -0.007868
17.350000 0.004514 0.016163 -0.011649
17.360000 0.005751 0.014385 -0.008634
17.370000 0.019184 0.013260 0.005924
17.380000 0.009539 0.012574 -0.003034
17.390000 0.013397 0.012225 0.001171
17.400000 0.008542 0.012209 -0.003667
17.410000 0.016755 0.012612 0.004143
17.420000 0.016691 0.013633 0.003058
17.430000 0.010104 0.015628 -0.005524
17.440000 0.025715 0.019144 0.006571
17.450000 0.034802 0.024930 0.009872
17.460000 0.059122 0.033892 0.025230
17.470000 0.056021 0.046937 0.009084
17.480000 0.064669 0.064724 -0.000054
17.490000 0.072454 0.087328 -0.014874
17.500000 0.102437 0.113919 -0.011482
17.510000 0.123720 0.142528 -0.018809
17.520000 0.139773 0.170005 -0.030232
17.530000 0.179778 0.192245 -0.012468
17.540000 0.201928 0.204980 -0.003053
17.550000 0.214507 0.205289 0.009218
17.560000 0.197477 0.193082 0.004395
17.570000 0.151285 0.171161 -0.019876
17.580000 0.133387 0.143774 -0.010388
17.590000 0.129426 0.115077 0.014349
17.600000 0.067559 0.088311 -0.020752
17.610000 0.060552 0.065556 -0.005004
17.620000 0.045269 0.047782 -0.002513
17.630000 0.017803 0.035072 -0.017270
17.640000 0.022548 0.026957 -0.004409
17.650000 0.032524 0.022737 0.009787
17.660000 0.016809 0.021720 -0.004911
17.670000 0.028528 0.023328 0.005200
17.680000 0.033276 0.027084 0.006192
17.690000 0.020617 0.032526 -0.011909
17.700000 0.036251 0.039088 -0.002837
17.710000 0.042313 0.046021 -0.003708
17.720000 0.045759 0.052382 -0.006623
17.730000 0.049211 0.057154 -0.007943
17.740000 0.067896 0.059475 0.008420
17.750000 0.058288 0.058856 -0.000568
17.760000 0.043017 0.055316 -0.012299
17.770000 0.036894 0.049417 -0.012524
17.780000 0.018577 0.042104 -0.023527
17.790000 0.017679 0.034385 -0.016706
17.800000 0.011989 0.027086 -0.015098
17.810000 0.024588 0.020747 0.003841
17.820000 0.001920 0.015622 -0.013702
17.830000 0.001025 0.011734 -0.010709
17.840000 0.000000 0.008946 -0.008946
17.850000 0.000000 0.007042 -0.007042
17.860000 0.000000 0.005791 -0.005791
17.870000 0.001796 0.004989 -0.003193
17.880000 0.000000 0.004477 -0.004477
17.890000 0.003491 0.004145 -0.000654
17.900000 0.005644 0.003923 0.001720
17.910000 0.000000 0.003769 -0.003769
17.920000 0.000000 0.003659 -0.003659
17.930000 0.004711 0.003581 0.001130
17.940000 0.000000 0.003527 -0.003527
17.950000 0.002929 0.003495 -0.000566
17.960000 0.013357 0.003482 0.009875
17.970000 0.006374 0.003487 0.002887
17.980000 0.000000 0.003510 -0.003510
17.990000 0.000000 0.003551 -0.003551
18.000000 0.004577 0.003612 0.000965
18.010000 0.000000 0.003693 -0.003693
18.020000 0.000000 0.003795 -0.003795
18.030000 0.000000 0.003921 -0.003921
18.040000 0.000000 0.004074 -0.004074
18.050000 0.011460 0.004256 0.007204
18.060000 0.007961 0.004474 0.003487
18.070000 0.000000 0.004731 -0.004731
18.080000 0.000000 0.005038 -0.005038
18.090000 0.004434 0.005407 -0.000973
18.100000 0.010949 0.005859 0.005090
18.110000 0.021384 0.006433 0.014951
18.120000 0.010485 0.007199 0.003285
18.130000 0.010036 0.008293 0.001743
18.140000 0.020035 0.009953 0.010082
18.150000 0.024375 0.012583 0.011792
18.160000 0.030021 0.016814 0.013207
18.170000 0.046116 0.023545 0.022571
18.180000 0.065258 0.033921 0.031337
18.190000 0.066551 0.049195 0.017357
18.200000 0.083952 0.070449 0.013503
18.210000 0.099612 0.098192 0.001420
18.220000 0.138781 0.131898 0.006883
18.230000 0.162277 0.169635 -0.007357
18.240000 0.210153 0.207880 0.002273
18.250000 0.236262 0.241636 -0.005374
18.260000 0.264547 0.265105 -0.000558
18.270000 0.273676 0.273300 0.000376
18.280000 0.272792 0.264262 0.008530
18.290000 0.234033 0.240140 -0.006107
18.300000 0.195273 0.206010 -0.010736
18.310000 0.149113 0.167662 -0.018550
18.320000 0.109047 0.130032 -0.020986
18.330000 0.076817 0.096565 -0.019749
18.340000 0.057647 0.069118 -0.011471
18.350000 0.048490 0.048155 0.000336
18.360000 0.015824 0.033129 -0.017304
18.370000 0.013197 0.022940 -0.009743
18.380000 0.008392 0.016335 -0.007943
18.390000 0.004022 0.012179 -0.008157
18.400000 0.005311 0.009586 -0.004276
18.410000 0.006163 0.007938 -0.001775
18.420000 0.010933 0.006839 0.004093
18.430000 0.003946 0.006058 -0.002111
18.440000 0.001747 0.005463 -0.003716
18.450000 0.000000 0.004987 -0.004987
18.460000 0.000000 0.004590 -0.004590
18.470000 0.000000 0.004253 -0.004253
18.480000 0.000000 0.003962 -0.003962
18.490000 0.000000 0.003710 -0.003710
18.500000 0.000000 0.003489 -0.003489
18.510000 0.002429 0.003295 -0.000866
18.520000 0.009799 0.003124 0.006675
18.530000 0.009332 0.002973 0.006359
18.540000 0.005817 0.002839 0.002978
18.550000 0.017103 0.002720 0.014383
18.560000 0.007928 0.002615 0.005313
18.570000 0.000000 0.002521 -0.002521
18.580000 0.000000 0.002438 -0.002438
18.590000 0.000000 0.002364 -0.002364
18.600000 0.003875 0.002299 0.001576
18.610000 0.003840 0.002241 0.001599
18.620000 0.000000 0.002191 -0.002191
18.630000 0.004640 0.002147 0.002493
18.640000 0.009828 0.002110 0.007719
18.650000 0.001955 0.002077 -0.000123
18.660000 0.000176 0.002051 -0.001875
18.670000 0.000000 0.002029 -0.002029
18.680000 0.004017 0.002013 0.002004
18.690000 0.000000 0.002001 -0.002001
18.700000 0.004373 0.001994 0.002379
18.710000 0.000000 0.001992 -0.001992
18.720000 0.000000 0.001995 -0.001995
18.730000 0.003379 0.002003 0.001376
18.740000 0.008997 0.002015 0.006981
18.750000 0.001118 0.002033 -0.000915
18.760000 0.001511 0.002057 -0.000546
18.770000 0.000000 0.002086 -0.002086
18.780000 0.000000 0.002122 -0.002122
18.790000 0.000000 0.002164 -0.002164
18.800000 0.000033 0.002214 -0.002181
18.810000 0.009567 0.002272 0.007295
18.820000 0.002558 0.002339 0.000219
18.830000 0.000000 0.002417 -0.002417
18.840000 0.001601 0.002507 -0.000906
18.850000 0.010701 0.002610 0.008091
18.860000 0.013270 0.002729 0.010541
18.870000 0.000000 0.002866 -0.002866
18.880000 0.003606 0.003024 0.000582
18.890000 0.000000 0.003209 -0.003209
18.900000 0.013099 0.003428 0.009671
18.910000 0.018281 0.003691 0.014590
18.920000 0.009095 0.004020 0.005076
18.930000 0.004265 0.004452 -0.000187
18.940000 0.009446 0.005058 0.004388
18.950000 0.011581 0.005968 0.005613
18.960000 0.015457 0.007396 0.008061
18.970000 0.019769 0.009682 0.010087
18.980000 0.027998 0.013314 0.014685
18.990000 0.031005 0.018914 0.012092
19.000000 0.039670 0.027172 0.012498
19.010000 0.053561 0.038693 0.014868
19.020000 0.059179 0.053778 0.005401
19.030000 0.076118 0.072175 0.003943
19.040000 0.113516 0.092864 0.020652
19.050000 0.112607 0.113953 -0.001347
19.060000 0.128673 0.132731 -0.004058
19.070000 0.146047 0.146013 0.000034
19.080000 0.170387 0.151001 0.019386
19.090000 0.152934 0.146509 0.006425
19.100000 0.153329 0.133618 0.019711
19.110000 0.129347 0.115079 0.014268
19.120000 0.086206 0.094082 -0.007876
19.130000 0.075284 0.073373 0.001911
19.140000 0.050429 0.054889 -0.004459
19.150000 0.034284 0.039687 -0.005403
19.160000 0.021184 0.028054 -0.006870
19.170000 0.023761 0.019711 0.004050
19.180000 0.011967 0.014060 -0.002093
19.190000 0.025426 0.010413 0.015013
19.200000 0.006668 0.008142 -0.001474
19.210000 0.013597 0.006752 0.006845
19.220000 0.000000 0.005898 -0.005898
19.230000 0.003076 0.005360 -0.002284
19.240000 0.006956 0.005006 0.001950
19.250000 0.009098 0.004765 0.004333
19.260000 0.011673 0.004597 0.007076
19.270000 0.005544 0.004482 0.001062
19.280000 0.002895 0.004410 -0.001515
19.290000 0.000000 0.004374 -0.004374
19.300000 0.000000 0.004372 -0.004372
19.310000 0.000000 0.004401 -0.004401
19.320000 0.000000 0.004461 -0.004461
19.330000 0.003594 0.004552 -0.000957
19.340000 0.006172 0.004674 0.001498
19.350000 0.007010 0.004829 0.002180
19.360000 0.013506 0.005021 0.008485
19.370000 0.000000 0.005251 -0.005251
19.380000 0.011698 0.005526 0.006172
19.390000 0.008184 0.005850 0.002334
19.400000 0.007715 0.006231 0.001483
19.410000 0.005507 0.006681 -0.001174
19.420000 0.013311 0.007215 0.006096
19.430000 0.035920 0.007857 0.028064
19.440000 0.015861 0.008649 0.007211
19.450000 0.013219 0.009669 0.003550
19.460000 0.026248 0.011059 0.015188
19.470000 0.026654 0.013078 0.013576
19.480000 0.041424 0.016172 0.025251
19.490000 0.047491 0.021066 0.026424
19.500000 0.057907 0.028843 0.029064
19.510000 0.076162 0.040972 0.035191
19.520000 0.087452 0.059227 0.028225
19.530000 0.110498 0.085429 0.025069
19.540000 0.136153 0.120988 0.015165
19.550000 0.172696 0.166303 0.006393
19.560000 0.241451 0.220124 0.021328
19.570000 0.257967 0.279051 -0.021084
19.580000 0.307133 0.337332 -0.030199
19.590000 0.364138 0.387259 -0.023121
19.600000 0.430717 0.420653 0.010064
19.610000 0.425902 0.431393 -0.005491
19.620000 0.421954 0.417614 0.004340
19.630000 0.396678 0.382153 0.014525
19.640000 0.362256 0.331381 0.030874
19.650000 0.282125 0.273203 0.008922
19.660000 0.208521 0.214978 -0.006456
19.670000 0.162783 0.162166 0.000617
19.680000 0.110078 0.117922 -0.007844
19.690000 0.069129 0.083310 -0.014182
19.700000 0.056041 0.057834 -0.001793
19.710000 0.038601 0.040066 -0.001465
19.720000 0.028560 0.028223 0.000337
19.730000 0.019828 0.020590 -0.000763
19.740000 0.011094 0.015751 -0.004657
19.750000 0.014551 0.012664 0.001887
19.760000 0.002335 0.010631 -0.008296
19.770000 0.014064 0.009216 0.004848
19.780000 0.005331 0.008166 -0.002836
19.790000 0.000000 0.007342 -0.007342
19.800000 0.000000 0.006664 -0.006664
19.810000 0.009172 0.006091 0.003081
19.820000 0.012193 0.005598 0.006595
19.830000 0.000000 0.005169 -0.005169
19.840000 0.000000 0.004792 -0.004792
19.850000 0.000000 0.004459 -0.004459
19.860000 0.000000 0.004164 -0.004164
19.870000 0.000000 0.003901 -0.003901
19.880000 0.006377 0.003666 0.002711
19.890000 0.013315 0.003455 0.009861
19.900000 0.000000 0.003264 -0.003264
19.910000 0.000000 0.003092 -0.003092
19.920000 0.000000 0.002936 -0.002936
19.930000 0.005795 0.002794 0.003001
19.940000 0.000000 0.002665 -0.002665
19.950000 0.000066 0.002546 -0.002480
19.960000 0.000464 0.002438 -0.001973
19.970000 0.000000 0.002338 -0.002338
19.980000 0.000000 0.002247 -0.002247
19.990000 0.000000 0.002163 -0.002163
20.000000 0.000000 0.002085 -0.002085
20.010000 0.000000 0.002013 -0.002013
20.020000 0.000000 0.001946 -0.001946
20.030000 0.013649 0.001885 0.011764
20.040000 0.000000 0.001827 -0.001827
20.050000 0.004840 0.001774 0.003066
20.060000 0.000000 0.001725 -0.001725
20.070000 0.000000 0.001679 -0.001679
20.080000 0.005553 0.001636 0.003917
20.090000 0.001146 0.001596 -0.000450
20.100000 0.001091 0.001558 -0.000467
20.110000 0.008873 0.001523 0.007349
20.120000 0.000000 0.001491 -0.001491
20.130000 0.000000 0.001460 -0.001460
20.140000 0.005221 0.001432 0.003789
20.150000 0.007776 0.001406 0.006370
20.160000 0.000317 0.001381 -0.001064
20.170000 0.014624 0.001358 0.013266
20.180000 0.000633 0.001336 -0.000703
20.190000 0.000000 0.001316 -0.001316
20.200000 0.000000 0.001297 -0.001297
20.210000 0.008285 0.001280 0.007005
20.220000 0.012140 0.001264 0.010876
20.230000 0.010770 0.001249 0.009521
20.240000 0.000000 0.001235 -0.001235
20.250000 0.004110 0.001222 0.002888
20.260000 0.000000 0.001211 -0.001211
20.270000 0.007026 0.001200 0.005826
20.280000 0.000000 0.001190 -0.001190
20.290000 0.008634 0.001181 0.007453
20.300000 0.002907 0.001173 0.001734
20.310000 0.000000 0.001166 -0.001166
20.320000 0.000000 0.001159 -0.001159
20.330000 0.012716 0.001154 0.011563
20.340000 0.010036 0.001149 0.008887
20.350000 0.010403 0.001145 0.009258
20.360000 0.006416 0.001142 0.005274
20.370000 0.000000 0.001139 -0.001139
20.380000 0.004102 0.001137 0.002964
20.390000 0.008386 0.001136 0.007250
20.400000 0.000000 0.001136 -0.001136
20.410000 0.000000 0.001136 -0.001136
20.420000 0.002519 0.001137 0.001382
20.430000 0.000000 0.001139 -0.001139
20.440000 0.002816 0.001141 0.001675
20.450000 0.011453 0.001144 0.010309
20.460000 0.018784 0.001148 0.017636
20.470000 0.010006 0.001152 0.008854
20.480000 0.012983 0.001158 0.011826
20.490000 0.000722 0.001164 -0.000441
20.500000 0.010229 0.001170 0.009058
20.510000 0.011462 0.001178 0.010285
20.520000 0.014437 0.001186 0.013251
20.530000 0.004351 0.001195 0.003156
20.540000 0.000000 0.001205 -0.001205
20.550000 0.000000 0.001216 -0.001216
20.560000 0.010657 0.001228 0.009429
20.570000 0.017547 0.001240 0.016306
20.580000 0.001362 0.001254 0.000108
20.590000 0.012168 0.001268 0.010900
20.600000 0.005559 0.001284 0.004275
20.610000 0.000000 0.001301 -0.001301
20.620000 0.001918 0.001318 0.000599
20.630000 0.000000 0.001337 -0.001337
20.640000 0.007851 0.001358 0.006493
20.650000 0.002545 0.001379 0.001166
20.660000 0.014652 0.001402 0.013250
20.670000 0.004992 0.001426 0.003565
20.680000 0.001861 0.001452 0.000408
20.690000 0.007436 0.001480 0.005956
20.700000 0.009964 0.001509 0.008455
20.710000 0.019457 0.001541 0.017916
20.720000 0.000000 0.001574 -0.001574
20.730000 0.000000 0.001609 -0.001609
20.740000 0.000000 0.001647 -0.001647
20.750000 0.001261 0.001687 -0.000426
20.760000 0.000000 0.001730 -0.001730
20.770000 0.005001 0.001776 0.003225
20.780000 0.000000 0.001825 -0.001825
20.790000 0.000000 0.001877 -0.001877
20.800000 0.000000 0.001933 -0.001933
20.810000 0.000000 0.001992 -0.001992
20.820000 0.000000 0.002057 -0.002057
20.830000 0.004863 0.002125 0.002737
20.840000 0.007373 0.002199 0.005173
20.850000 0.001174 0.002279 -0.001105
20.860000 0.000000 0.002365 -0.002365
20.870000 0.000000 0.002458 -0.002458
20.880000 0.002596 0.002559 0.000037
20.890000 0.005099 0.002668 0.002431
20.900000 0.000000 0.002786 -0.002786
20.910000 0.005749 0.002915 0.002834
20.920000 0.000000 0.003056 -0.003056
20.930000 0.001608 0.003210 -0.001602
20.940000 0.001932 0.003379 -0.001448
20.950000 0.000000 0.003566 -0.003566
20.960000 0.003012 0.003771 -0.000759
20.970000 0.014218 0.003999 0.010219
20.980000 0.016281 0.004252 0.012029
20.990000 0.000000 0.004534 -0.004534
21.000000 0.014310 0.004850 0.009460
21.010000 0.021595 0.005206 0.016389
21.020000 0.017996 0.005608 0.012388
21.030000 0.008302 0.006066 0.002235
21.040000 0.002090 0.006592 -0.004503
21.050000 0.015032 0.007203 0.007829
21.060000 0.000547 0.007928 -0.007382
21.070000 0.013924 0.008817 0.005107
21.080000 0.022511 0.009957 0.012554
21.090000 0.018472 0.011513 0.006960
21.100000 0.023576 0.013769 0.009806
21.110000 0.036515 0.017205 0.019310
21.120000 0.054678 0.022564 0.032114
21.130000 0.046285 0.030912 0.015373
21.140000 0.060964 0.043632 0.017332
21.150000 0.092622 0.062313 0.030309
21.160000 0.111655 0.088495 0.023160
21.170000 0.136782 0.123282 0.013500
21.180000 0.180194 0.166866 0.013328
21.190000 0.194437 0.218051 -0.023614
21.200000 0.240896 0.273866 -0.032970
21.210000 0.290402 0.329410 -0.039007
21.220000 0.397810 0.378323 0.019487
21.230000 0.416406 0.414309 0.002097
21.240000 0.457205 0.433102 0.024103
21.250000 0.459693 0.433162 0.026531
21.260000 0.429529 0.414860 0.014668
21.270000 0.398059 0.380039 0.018020
21.280000 0.325230 0.332558 -0.007328
21.290000 0.303338 0.278164 0.025173
21.300000 0.193504 0.222972 -0.029468
21.310000 0.147232 0.171891 -0.024659
21.320000 0.106184 0.127994 -0.021810
21.330000 0.065572 0.092611 -0.027038
21.340000 0.053257 0.065694 -0.012437
21.350000 0.060535 0.046275 0.014260
21.360000 0.022534 0.032912 -0.010378
21.370000 0.024153 0.024066 0.000087
21.380000 0.001390 0.018361 -0.016971
21.390000 0.004316 0.014711 -0.010395
21.400000 0.005497 0.012338 -0.006841
21.410000 0.015825 0.010734 0.005091
21.420000 0.003946 0.009587 -0.005642
21.430000 0.000000 0.008719 -0.008719
21.440000 0.011538 0.008030 0.003508
21.450000 0.000000 0.007466 -0.007466
21.460000 0.011295 0.006995 0.004300
21.470000 0.009872 0.006599 0.003272
21.480000 0.000000 0.006267 -0.006267
21.490000 0.003102 0.005989 -0.002887
21.500000 0.002544 0.005760 -0.003216
21.510000 0.000000 0.005575 -0.005575
21.520000 0.000000 0.005431 -0.005431
21.530000 0.000018 0.005326 -0.005308
21.540000 0.000000 0.005260 -0.005260
21.550000 0.000000 0.005233 -0.005233
21.560000 0.000000 0.005251 -0.005251
21.570000 0.000000 0.005321 -0.005321
21.580000 0.000307 0.005462 -0.005155
21.590000 0.016742 0.005710 0.011032
21.600000 0.002258 0.006132 -0.003874
21.610000 0.000000 0.006846 -0.006846
21.620000 0.019884 0.008045 0.011840
21.630000 0.009767 0.010015 -0.000248
21.640000 0.024018 0.013145 0.010873
21.650000 0.007372 0.017894 -0.010522
21.660000 0.018143 0.024714 -0.006571
21.670000 0.040681 0.033918 0.006763
21.680000 0.041875 0.045513 -0.003638
21.690000 0.046565 0.059040 -0.012475
21.700000 0.062563 0.073465 -0.010902
21.710000 0.071609 0.087163 -0.015554
21.720000 0.095880 0.098051 -0.002170
21.730000 0.099705 0.104010 -0.004305
21.740000 0.100034 0.103668 -0.003634
21.750000 0.089059 0.097108 -0.008050
21.760000 0.077635 0.085821 -0.008187
21.770000 0.069274 0.071954 -0.002680
21.780000 0.044356 0.057554 -0.013198
21.790000 0.026421 0.044190 -0.017769
21.800000 0.023272 0.032831 -0.009559
21.810000 0.028848 0.023883 0.004966
21.820000 0.000000 0.017297 -0.017297
21.830000 0.000000 0.012739 -0.012739
21.840000 0.000000 0.009749 -0.009749
21.850000 0.011081 0.007875 0.003206
21.860000 0.000103 0.006738 -0.006635
21.870000 0.000000 0.006061 -0.006061
21.880000 0.004290 0.005663 -0.001373
21.890000 0.007265 0.005431 0.001834
21.900000 0.005870 0.005305 0.000565
21.910000 0.000000 0.005255 -0.005255
21.920000 0.012245 0.005272 0.006973
21.930000 0.008260 0.005361 0.002900
21.940000 0.002952 0.005544 -0.002591
21.950000 0.008113 0.005864 0.002249
21.960000 0.005855 0.006395 -0.000539
21.970000 0.000000 0.007242 -0.007242
21.980000 0.000928 0.008550 -0.007622
21.990000 0.006530 0.010493 -0.003962
22.000000 0.006455 0.013253 -0.006798
22.010000 0.015543 0.016989 -0.001446
22.020000 0.039415 0.021795 0.017621
22.030000 0.027175 0.027650 -0.000475
22.040000 0.050614 0.034379 0.016235
22.050000 0.042730 0.041618 0.001112
22.060000 0.070091 0.048822 0.021269
22.070000 0.053503 0.055366 -0.001864
22.080000 0.090879 0.060724 0.030156
22.090000 0.084743 0.064541 0.020202
22.100000 0.072493 0.066537 0.005956
22.110000 0.065924 0.066404 -0.000480
22.120000 0.068914 0.063925 0.004989
22.130000 0.060173 0.059200 0.000972
22.140000 0.050540 0.052738 -0.002198
22.150000 0.057910 0.045333 0.012577
22.160000 0.031302 0.037821 -0.006519
22.170000 0.020390 0.030890 -0.010500
22.180000 0.009022 0.024990 -0.015967
22.190000 0.026847 0.020331 0.006516
22.200000 0.024625 0.016924 0.007701
22.210000 0.005883 0.014646 -0.008763
22.220000 0.006276 0.013301 -0.007025
22.230000 0.014094 0.012685 0.001408
22.240000 0.000000 0.012626 -0.012626
22.250000 0.008815 0.013013 -0.004198
22.260000 0.000000 0.013812 -0.013812
22.270000 0.013120 0.015085 -0.001965
22.280000 0.010040 0.017009 -0.006969
22.290000 0.010466 0.019907 -0.009442
22.300000 0.030463 0.024282 0.006181
22.310000 0.037421 0.030831 0.006591
22.320000 0.042184 0.040429 0.001756
22.330000 0.068737 0.054052 0.014685
22.340000 0.086128 0.072615 0.013513
22.350000 0.068712 0.096729 -0.028017
22.360000 0.111793 0.126396 -0.014603
22.370000 0.151846 0.160698 -0.008852
22.380000 0.177951 0.197615 -0.019664
22.390000 0.219749 0.234118 -0.014369
22.400000 0.224959 0.266611 -0.041652
22.410000 0.265889 0.291527 -0.025638
22.420000 0.290694 0.306119 -0.015426
22.430000 0.292880 0.309590 -0.016711
22.440000 0.295049 0.304002 -0.008954
22.450000 0.293754 0.294097 -0.000342
22.460000 0.317258 0.286252 0.031006
22.470000 0.316837 0.287512 0.029325
22.480000 0.322059 0.304879 0.017180
22.490000 0.367352 0.344290 0.023062
22.500000 0.393909 0.409073 -0.015164
22.510000 0.488835 0.498382 -0.009547
22.520000 0.613349 0.606086 0.007263
22.530000 0.675190 0.720385 -0.045195
22.540000 0.826263 0.824465 0.001798
22.550000 0.942525 0.899029 0.043496
22.560000 1.000000 0.927443 0.072557
22.570000 0.941252 0.902002 0.039250
22.580000 0.870301 0.827201 0.043099
22.590000 0.758877 0.717363 0.041514
22.600000 0.604340 0.590668 0.013672
22.610000 0.447206 0.463716 -0.016510
22.620000 0.320099 0.348685 -0.028586
22.630000 0.236541 0.252603 -0.016062
22.640000 0.150359 0.177824 -0.027465
22.650000 0.110338 0.123171 -0.012833
22.660000 0.063775 0.085377 -0.021602
22.670000 0.046395 0.060407 -0.014013
22.680000 0.027261 0.044432 -0.017172
22.690000 0.037744 0.034343 0.003401
22.700000 0.018612 0.027891 -0.009279
22.710000 0.013424 0.023599 -0.010175
22.720000 0.000000 0.020567 -0.020567
22.730000 0.000000 0.018278 -0.018278
22.740000 0.003066 0.016452 -0.013386
22.750000 0.000927 0.014935 -0.014007
22.760000 0.000000 0.013642 -0.013642
22.770000 0.003608 0.012522 -0.008914
22.780000 0.009298 0.011543 -0.002245
22.790000 0.005420 0.010680 -0.005260
22.800000 0.001099 0.009916 -0.008817
22.810000 0.000000 0.009236 -0.009236
22.820000 0.000000 0.008628 -0.008628
22.830000 0.012970 0.008082 0.004887
22.840000 0.013875 0.007591 0.006284
22.850000 0.003904 0.007147 -0.003242
22.860000 0.000000 0.006744 -0.006744
22.870000 0.000000 0.006378 -0.006378
22.880000 0.012728 0.006044 0.006684
22.890000 0.000000 0.005739 -0.005739
22.900000 0.000184 0.005459 -0.005275
22.910000 0.001097 0.005202 -0.004105
22.920000 0.000000 0.004966 -0.004966
22.930000 0.010758 0.004748 0.006010
22.940000 0.000000 0.004547 -0.004547
22.950000 0.021725 0.004360 0.017365
22.960000 0.015672 0.004187 0.011484
22.970000 0.000000 0.004027 -0.004027
22.980000 0.000000 0.003878 -0.003878
22.990000 0.007963 0.003739 0.004224
23.000000 0.015842 0.003610 0.012231
23.010000 0.000211 0.003490 -0.003279
23.020000 0.008088 0.003377 0.004711
23.030000 0.005082 0.003272 0.001809
23.040000 0.009910 0.003174 0.006736
23.050000 0.000000 0.003082 -0.003082
23.060000 0.020434 0.002997 0.017437
23.070000 0.000000 0.002916 -0.002916
23.080000 0.000000 0.002841 -0.002841
23.090000 0.001376 0.002771 -0.001395
23.100000 0.000000 0.002705 -0.002705
23.110000 0.000000 0.002643 -0.002643
23.120000 0.003188 0.002586 0.000603
23.130000 0.009736 0.002532 0.007204
23.140000 0.004525 0.002482 0.002044
23.150000 0.003230 0.002435 0.000795
23.160000 0.000190 0.002392 -0.002202
23.170000 0.012819 0.002351 0.010468
23.180000 0.000000 0.002314 -0.002314
23.190000 0.000000 0.002280 -0.002280
23.200000 0.009335 0.002249 0.007086
23.210000 0.003670 0.002220 0.001450
23.220000 0.009759 0.002194 0.007565
23.230000 0.000000 0.002170 -0.002170
23.240000 0.000000 0.002150 -0.002150
23.250000 0.000000 0.002131 -0.002131
23.260000 0.011464 0.002116 0.009349
23.270000 0.000000 0.002103 -0.002103
23.280000 0.000000 0.002092 -0.002092
23.290000 0.000000 0.002085 -0.002085
23.300000 0.000096 0.002079 -0.001984
23.310000 0.002257 0.002077 0.000180
23.320000 0.007900 0.002077 0.005823
23.330000 0.000000 0.002081 -0.002081
23.340000 0.000000 0.002087 -0.002087
23.350000 0.000874 0.002097 -0.001223
23.360000 0.006073 0.002110 0.003963
23.370000 0.005175 0.002126 0.003049
23.380000 0.008192 0.002147 0.006046
23.390000 0.000323 0.002171 -0.001848
23.400000 0.000000 0.002200 -0.002200
23.410000 0.000000 0.002234 -0.002234
23.420000 0.000000 0.002273 -0.002273
23.430000 0.000000 0.002318 -0.002318
23.440000 0.000000 0.002369 -0.002369
23.450000 0.009216 0.002428 0.006788
23.460000 0.002201 0.002494 -0.000293
23.470000 0.000845 0.002570 -0.001725
23.480000 0.000000 0.002656 -0.002656
23.490000 0.000000 0.002753 -0.002753
23.500000 0.004609 0.002863 0.001745
23.510000 0.025888 0.002989 0.022899
23.520000 0.013210 0.003133 0.010077
23.530000 0.000000 0.003297 -0.003297
23.540000 0.000000 0.003486 -0.003486
23.550000 0.000000 0.003703 -0.003703
23.560000 0.010820 0.003957 0.006863
23.570000 0.012945 0.004257 0.008688
23.580000 0.000000 0.004619 -0.004619
23.590000 0.000000 0.005073 -0.005073
23.600000 0.012785 0.005676 0.007109
23.610000 0.002285 0.006530 -0.004245
23.620000 0.015291 0.007819 0.007472
23.630000 0.017852 0.009854 0.007998
23.640000 0.027812 0.013115 0.014697
23.650000 0.025148 0.018283 0.006865
23.660000 0.051651 0.026219 0.025432
23.670000 0.073804 0.037853 0.035951
23.680000 0.064608 0.053972 0.010636
23.690000 0.093291 0.074914 0.018377
23.700000 0.109346 0.100230 0.009116
23.710000 0.144125 0.128413 0.015712
23.720000 0.174982 0.156768 0.018214
23.730000 0.196700 0.181518 0.015182
23.740000 0.226252 0.198334 0.027918
23.750000 0.225332 0.203587 0.021745
23.760000 0.227892 0.196009 0.031883
23.770000 0.208253 0.177410 0.030843
23.780000 0.183821 0.151680 0.032142
23.790000 0.135014 0.123116 0.011899
23.800000 0.107536 0.095317 0.012219
23.810000 0.072660 0.070756 0.001905
23.820000 0.059113 0.050728 0.008385
23.830000 0.052537 0.035511 0.017025
23.840000 0.031589 0.024658 0.006931
23.850000 0.017176 0.017334 -0.000157
23.860000 0.017126 0.012607 0.004518
23.870000 0.009680 0.009648 0.000032
23.880000 0.000923 0.007811 -0.006889
23.890000 0.003926 0.006652 -0.002727
23.900000 0.003876 0.005889 -0.002013
23.910000 0.002091 0.005355 -0.003264
23.920000 0.003348 0.004958 -0.001610
23.930000 0.000000 0.004650 -0.004650
23.940000 0.011963 0.004404 0.007559
23.950000 0.000166 0.004207 -0.004041
23.960000 0.005343 0.004048 0.001295
23.970000 0.000000 0.003923 -0.003923
23.980000 0.009607 0.003828 0.005779
23.990000 0.000000 0.003760 -0.003760
24.000000 0.002989 0.003718 -0.000729
24.010000 0.000000 0.003700 -0.003700
24.020000 0.000000 0.003706 -0.003706
24.030000 0.003297 0.003737 -0.000440
24.040000 0.013700 0.003792 0.009908
24.050000 0.013660 0.003875 0.009785
24.060000 0.000000 0.003987 -0.003987
24.070000 0.007046 0.004134 0.002913
24.080000 0.017451 0.004321 0.013130
24.090000 0.000000 0.004561 -0.004561
24.100000 0.013886 0.004876 0.009011
24.110000 0.015590 0.005306 0.010283
24.120000 0.000000 0.005930 -0.005930
24.130000 0.020734 0.006885 0.013850
24.140000 0.011985 0.008400 0.003586
24.150000 0.014996 0.010834 0.004162
24.160000 0.030192 0.014695 0.015497
24.170000 0.027979 0.020625 0.007354
24.180000 0.044482 0.029320 0.015162
24.190000 0.058378 0.041374 0.017004
24.200000 0.038747 0.057051 -0.018304
24.210000 0.084424 0.076034 0.008390
24.220000 0.096575 0.097218 -0.000643
24.230000 0.120050 0.118609 0.001441
24.240000 0.160934 0.137400 0.023535
24.250000 0.160030 0.150365 0.009665
24.260000 0.163910 0.154772 0.009139
24.270000 0.156911 0.149593 0.007318
24.280000 0.159922 0.136070 0.023851
24.290000 0.118095 0.117045 0.001050
24.300000 0.109787 0.095740 0.014047
24.310000 0.074491 0.074901 -0.000410
24.320000 0.069666 0.056444 0.013222
24.330000 0.045255 0.041414 0.003841
24.340000 0.034336 0.030097 0.004239
24.350000 0.026903 0.022256 0.004648
24.360000 0.030787 0.017396 0.013391
24.370000 0.012036 0.015014 -0.002978
24.380000 0.015920 0.014759 0.001161
24.390000 0.015890 0.016517 -0.000627
24.400000 0.019775 0.020386 -0.000611
24.410000 0.028452 0.026587 0.001865
24.420000 0.013617 0.035307 -0.021690
24.430000 0.041885 0.046514 -0.004629
24.440000 0.063185 0.059780 0.003405
24.450000 0.074475 0.074152 0.000323
24.460000 0.071396 0.088108 -0.016712
24.470000 0.105760 0.099687 0.006073
24.480000 0.126190 0.106901 0.019289
24.490000 0.123985 0.108380 0.015605
24.500000 0.093044 0.103865 -0.010821
24.510000 0.099982 0.094242 0.005740
24.520000 0.079055 0.081195 -0.002140
24.530000 0.098618 0.066684 0.031934
24.540000 0.068113 0.052455 0.015658
24.550000 0.032822 0.039751 -0.006928
24.560000 0.045854 0.029245 0.016609
24.570000 0.031895 0.021118 0.010777
24.580000 0.030125 0.015195 0.014930
24.590000 0.000000 0.011096 -0.011096
24.600000 0.000000 0.008381 -0.008381
24.610000 0.000004 0.006635 -0.006632
24.620000 0.000000 0.005528 -0.005528
24.630000 0.000000 0.004819 -0.004819
24.640000 0.000000 0.004350 -0.004350
24.650000 0.000000 0.004023 -0.004023
24.660000 0.000000 0.003782 -0.003782
24.670000 0.004631 0.003597 0.001034
24.680000 0.002427 0.003449 -0.001023
24.690000 0.002837 0.003330 -0.000494
24.700000 0.001068 0.003234 -0.002166
24.710000 0.001478 0.003158 -0.001680
24.720000 0.007547 0.003099 0.004448
24.730000 0.007086 0.003055 0.004031
24.740000 0.010107 0.003025 0.007082
24.750000 0.006600 0.003008 0.003592
24.760000 0.000000 0.003004 -0.003004
24.770000 0.010467 0.003012 0.007455
24.780000 0.000000 0.003032 -0.003032
24.790000 0.000000 0.003063 -0.003063
24.800000 0.000000 0.003107 -0.003107
24.810000 0.000000 0.003164 -0.003164
24.820000 0.010342 0.003234 0.007107
24.830000 0.000000 0.003319 -0.003319
24.840000 0.000000 0.003419 -0.003419
24.850000 0.012446 0.003536 0.008910
24.860000 0.003278 0.003673 -0.000394
24.870000 0.001949 0.003831 -0.001882
24.880000 0.000000 0.004014 -0.004014
24.890000 0.000595 0.004226 -0.003632
24.900000 0.010148 0.004473 0.005676
24.910000 0.005771 0.004760 0.001011
24.920000 0.000000 0.005102 -0.005102
24.930000 0.000000 0.005516 -0.005516
24.940000 0.000000 0.006039 -0.006039
24.950000 0.000019 0.006735 -0.006716
24.960000 0.026987 0.007722 0.019265
24.970000 0.010422 0.009201 0.001221
24.980000 0.011270 0.011496 -0.000226
24.990000 0.020827 0.015095 0.005732
25.000000 0.027333 0.020659 0.006674
25.010000 0.026006 0.028996 -0.002990
25.020000 0.031207 0.040947 -0.009740
25.030000 0.055131 0.057199 -0.002068
25.040000 0.083842 0.078012 0.005831
25.050000 0.088176 0.102936 -0.014760
25.060000 0.137349 0.130567 0.006782
25.070000 0.148650 0.158418 -0.009768
25.080000 0.169959 0.183075 -0.013116
25.090000 0.190403 0.200823 -0.010421
25.100000 0.196910 0.208733 -0.011823
25.110000 0.189492 0.205571 -0.016079
25.120000 0.206883 0.192087 0.014796
25.130000 0.180311 0.170788 0.009523
25.140000 0.153296 0.145313 0.007983
25.150000 0.124983 0.119473 0.005509
25.160000 0.103193 0.096437 0.006756
25.170000 0.070962 0.078368 -0.007406
25.180000 0.056138 0.066398 -0.010260
25.190000 0.049158 0.060737 -0.011579
25.200000 0.057844 0.060841 -0.002998
25.210000 0.060007 0.065562 -0.005556
25.220000 0.067822 0.073289 -0.005467
25.230000 0.082176 0.082091 0.000085
25.240000 0.075625 0.089938 -0.014313
25.250000 0.087367 0.095047 -0.007680
25.260000 0.099972 0.096267 0.003706
25.270000 0.085594 0.093402 -0.007808
25.280000 0.087751 0.087383 0.000368
25.290000 0.073374 0.080057 -0.006683
25.300000 0.055941 0.073658 -0.017717
25.310000 0.062897 0.070276 -0.007379
25.320000 0.082904 0.071514 0.011390
25.330000 0.060692 0.078255 -0.017563
25.340000 0.070252 0.090490 -0.020239
25.350000 0.104636 0.107196 -0.002560
25.360000 0.118114 0.126320 -0.008205
25.370000 0.138133 0.144930 -0.006797
25.380000 0.145082 0.159641 -0.014560
25.390000 0.181645 0.167344 0.014301
25.400000 0.180758 0.166086 0.014672
25.410000 0.167691 0.155774 0.011918
25.420000 0.148520 0.138244 0.010276
25.430000 0.108027 0.116507 -0.008480
25.440000 0.089727 0.093664 -0.003937
25.450000 0.077098 0.072189 0.004908
25.460000 0.048350 0.053669 -0.005319
25.470000 0.033109 0.038824 -0.005715
25.480000 0.031789 0.027674 0.004115
25.490000 0.020467 0.019768 0.000699
25.500000 0.006958 0.014431 -0.007474
25.510000 0.000858 0.010962 -0.010104
25.520000 0.001719 0.008753 -0.007035
25.530000 0.012598 0.007345 0.005253
25.540000 0.006494 0.006421 0.000073
25.550000 0.006929 0.005784 0.001145
25.560000 0.000387 0.005316 -0.004929
25.570000 0.000819 0.004952 -0.004132
25.580000 0.000000 0.004656 -0.004656
25.590000 0.008646 0.004409 0.004236
25.600000 0.004286 0.004201 0.000085
25.610000 0.002544 0.004022 -0.001478
25.620000 0.008631 0.003870 0.004761
25.630000 0.005582 0.003740 0.001842
25.640000 0.000000 0.003630 -0.003630
25.650000 0.000000 0.003537 -0.003537
25.660000 0.000000 0.003459 -0.003459
25.670000 0.000000 0.003395 -0.003395
25.680000 0.000000 0.003344 -0.003344
25.690000 0.001654 0.003304 -0.001650
25.700000 0.008183 0.003276 0.004907
25.710000 0.009490 0.003258 0.006233
25.720000 0.000348 0.003250 -0.002902
25.730000 0.010366 0.003251 0.007115
25.740000 0.000350 0.003262 -0.002912
25.750000 0.000000 0.003283 -0.003283
25.760000 0.000000 0.003313 -0.003313
25.770000 0.000000 0.003352 -0.003352
25.780000 0.018208 0.003402 0.014806
25.790000 0.004284 0.003462 0.000822
25.800000 0.000000 0.003532 -0.003532
25.810000 0.006030 0.003614 0.002416
25.820000 0.006033 0.003708 0.002324
25.830000 0.005604 0.003816 0.001788
25.840000 0.000000 0.003938 -0.003938
25.850000 0.000000 0.004075 -0.004075
25.860000 0.002572 0.004230 -0.001658
25.870000 0.002145 0.004404 -0.002259
25.880000 0.000000 0.004600 -0.004600
25.890000 0.001724 0.004819 -0.003096
25.900000 0.001729 0.005067 -0.003338
25.910000 0.020461 0.005345 0.015116
25.920000 0.007403 0.005659 0.001744
25.930000 0.000000 0.006014 -0.006014
25.940000 0.002631 0.006417 -0.003787
25.950000 0.012655 0.006877 0.005778
25.960000 0.000000 0.007403 -0.007403
25.970000 0.007013 0.008012 -0.000999
25.980000 0.004844 0.008724 -0.003881
25.990000 0.015739 0.009576 0.006163
26.000000 0.009216 0.010629 -0.001413
26.010000 0.012714 0.011997 0.000716
26.020000 0.006190 0.013883 -0.007694
26.030000 0.018829 0.016641 0.002188
26.040000 0.026672 0.020851 0.005822
26.050000 0.040619 0.027403 0.013215
26.060000 0.041497 0.037554 0.003943
26.070000 0.062409 0.052901 0.009508
26.080000 0.091150 0.075245 0.015905
26.090000 0.119899 0.106282 0.013617
26.100000 0.161267 0.147150 0.014117
26.110000 0.175649 0.197876 -0.022227
26.120000 0.242703 0.256831 -0.014128
26.130000 0.294526 0.320289 -0.025763
26.140000 0.382042 0.382351 -0.000310
26.150000 0.422110 0.435718 -0.013608
26.160000 0.505708 0.473559 0.032149
26.170000 0.556224 0.491417 0.064807
26.180000 0.517490 0.487678 0.029812
26.190000 0.486161 0.463257 0.022903
26.200000 0.443944 0.421872 0.022071
26.210000 0.349924 0.369944 -0.020020
26.220000 0.266349 0.314877 -0.048528
26.230000 0.233713 0.262879 -0.029166
26.240000 0.201511 0.217814 -0.016302
26.250000 0.166700 0.181111 -0.014412
26.260000 0.170196 0.152222 0.017974
26.270000 0.113617 0.129403 -0.015786
26.280000 0.084028 0.110627 -0.026599
26.290000 0.078384 0.094256 -0.015871
26.300000 0.066210 0.079328 -0.013118
26.310000 0.059261 0.065535 -0.006274
26.320000 0.052745 0.053006 -0.000261
26.330000 0.039266 0.042021 -0.002755
26.340000 0.036670 0.032800 0.003870
26.350000 0.000000 0.025401 -0.025401
26.360000 0.015806 0.019718 -0.003913
26.370000 0.012775 0.015520 -0.002745
26.380000 0.012356 0.012512 -0.000156
26.390000 0.000000 0.010394 -0.010394
26.400000 0.001506 0.008906 -0.007400
26.410000 0.008053 0.007840 0.000213
26.420000 0.000000 0.007050 -0.007050
26.430000 0.001121 0.006438 -0.005317
26.440000 0.001573 0.005942 -0.004369
26.450000 0.000000 0.005526 -0.005526
26.460000 0.002913 0.005167 -0.002254
26.470000 0.015991 0.004852 0.011139
26.480000 0.008606 0.004573 0.004033
26.490000 0.007752 0.004324 0.003429
26.500000 0.005156 0.004100 0.001057
26.510000 0.001254 0.003898 -0.002644
26.520000 0.000000 0.003715 -0.003715
26.530000 0.000000 0.003550 -0.003550
26.540000 0.001734 0.003399 -0.001666
26.550000 0.000000 0.003262 -0.003262
26.560000 0.006112 0.003137 0.002975
26.570000 0.000028 0.003023 -0.002995
26.580000 0.003955 0.002918 0.001038
26.590000 0.000000 0.002821 -0.002821
26.600000 0.004840 0.002733 0.002107
26.610000 0.000000 0.002652 -0.002652
26.620000 0.000000 0.002577 -0.002577
26.630000 0.000000 0.002508 -0.002508
26.640000 0.000000 0.002445 -0.002445
26.650000 0.017908 0.002386 0.015522
26.660000 0.000055 0.002332 -0.002277
26.670000 0.000000 0.002283 -0.002283
26.680000 0.000915 0.002237 -0.001323
26.690000 0.000000 0.002195 -0.002195
26.700000 0.000000 0.002157 -0.002157
26.710000 0.009591 0.002122 0.007469
26.720000 0.002610 0.002090 0.000521
26.730000 0.006946 0.002061 0.004886
26.740000 0.010408 0.002034 0.008374
26.750000 0.000000 0.002010 -0.002010
26.760000 0.014274 0.001989 0.012285
26.770000 0.007275 0.001969 0.005306
26.780000 0.000000 0.001953 -0.001953
26.790000 0.000000 0.001938 -0.001938
26.800000 0.001924 0.001925 -0.000001
26.810000 0.000000 0.001915 -0.001915
26.820000 0.010086 0.001906 0.008180
26.830000 0.000446 0.001899 -0.001454
26.840000 0.004732 0.001894 0.002838
26.850000 0.000000 0.001891 -0.001891
26.860000 0.000000 0.001890 -0.001890
26.870000 0.001894 0.001891 0.000003
26.880000 0.000000 0.001894 -0.001894
26.890000 0.000000 0.001898 -0.001898
26.900000 0.000000 0.001904 -0.001904
26.910000 0.002863 0.001912 0.000950
26.920000 0.000000 0.001922 -0.001922
26.930000 0.000945 0.001934 -0.000989
26.940000 0.000000 0.001948 -0.001948
26.950000 0.007732 0.001964 0.005768
26.960000 0.008515 0.001982 0.006533
26.970000 0.000000 0.002002 -0.002002
26.980000 0.007030 0.002025 0.005006
26.990000 0.000000 0.002049 -0.002049
27.000000 0.002935 0.002077 0.000859
27.010000 0.000000 0.002106 -0.002106
27.020000 0.000000 0.002139 -0.002139
27.030000 0.000000 0.002175 -0.002175
27.040000 0.000000 0.002213 -0.002213
27.050000 0.000000 0.002255 -0.002255
27.060000 0.011992 0.002301 0.009691
27.070000 0.000000 0.002350 -0.002350
27.080000 0.000940 0.002403 -0.001464
27.090000 0.000000 0.002461 -0.002461
27.100000 0.006866 0.002524 0.004342
27.110000 0.000000 0.002593 -0.002593
27.120000 0.000000 0.002667 -0.002667
27.130000 0.000953 0.002749 -0.001796
27.140000 0.001747 0.002838 -0.001091
27.150000 0.002532 0.002937 -0.000405
27.160000 0.000000 0.003048 -0.003048
27.170000 0.001937 0.003176 -0.001239
27.180000 0.004041 0.003328 0.000712
27.190000 0.007004 0.003519 0.003485
27.200000 0.000403 0.003767 -0.003364
27.210000 0.004238 0.004103 0.000135
27.220000 0.012441 0.004565 0.007876
27.230000 0.000000 0.005199 -0.005199
27.240000 0.005762 0.006050 -0.000288
27.250000 0.001764 0.007149 -0.005385
27.260000 0.006923 0.008501 -0.001578
27.270000 0.009022 0.010073 -0.001051
27.280000 0.011572 0.011778 -0.000207
27.290000 0.002352 0.013480 -0.011127
27.300000 0.000116 0.014998 -0.014882
27.310000 0.009618 0.016153 -0.006535
27.320000 0.009125 0.016831 -0.007706
27.330000 0.004699 0.017030 -0.012332
27.340000 0.000000 0.016837 -0.016837
27.350000 0.002396 0.016368 -0.013972
27.360000 0.013662 0.015738 -0.002076
27.370000 0.011417 0.015072 -0.003656
27.380000 0.000000 0.014507 -0.014507
27.390000 0.012606 0.014177 -0.001572
27.400000 0.011252 0.014215 -0.002963
27.410000 0.015541 0.014769 0.000772
27.420000 0.013319 0.016057 -0.002738
27.430000 0.007598 0.018438 -0.010840
27.440000 0.038030 0.022503 0.015527
27.450000 0.033617 0.029167 0.004450
27.460000 0.067100 0.039718 0.027382
27.470000 0.080103 0.055783 0.024320
27.480000 0.067441 0.079144 -0.011702
27.490000 0.128336 0.111377 0.016959
27.500000 0.170532 0.153354 0.017178
27.510000 0.207049 0.204675 0.002374
27.520000 0.262744 0.263177 -0.000433
27.530000 0.307100 0.324613 -0.017513
27.540000 0.371505 0.382725 -0.011220
27.550000 0.436325 0.430140 0.006186
27.560000 0.475483 0.460459 0.015024
27.570000 0.475874 0.470497 0.005377
27.580000 0.527659 0.460744 0.066915
27.590000 0.449255 0.434010 0.015244
27.600000 0.426162 0.394083 0.032079
27.610000 0.361256 0.345240 0.016016
27.620000 0.308128 0.292056 0.016072
27.630000 0.245837 0.239024 0.006813
27.640000 0.197936 0.189998 0.007938
27.650000 0.165687 0.147733 0.017954
27.660000 0.122142 0.113742 0.008401
27.670000 0.092073 0.088459 0.003614
27.680000 0.091196 0.071532 0.019665
27.690000 0.065919 0.062069 0.003850
27.700000 0.049373 0.058832 -0.009459
27.710000 0.053703 0.060340 -0.006637
27.720000 0.039771 0.064936 -0.025165
27.730000 0.058035 0.070830 -0.012795
27.740000 0.071098 0.076182 -0.005083
27.750000 0.081965 0.079320 0.002645
27.760000 0.078488 0.079153 -0.000666
27.770000 0.064106 0.075560 -0.011454
27.780000 0.071951 0.069409 0.002542
27.790000 0.048430 0.062181 -0.013751
27.800000 0.049748 0.055533 -0.005785
27.810000 0.049739 0.051050 -0.001311
27.820000 0.061073 0.050162 0.010911
27.830000 0.058020 0.054113 0.003907
27.840000 0.068921 0.063919 0.005002
27.850000 0.088944 0.080282 0.008662
27.860000 0.115956 0.103447 0.012509
27.870000 0.118133 0.133024 -0.014891
27.880000 0.159950 0.167791 -0.007841
27.890000 0.216113 0.205509 0.010604
27.900000 0.241389 0.242936 -0.001548
27.910000 0.281447 0.276337 0.005110
27.920000 0.321528 0.302523 0.019005
27.930000 0.373778 0.319516 0.054262
27.940000 0.352912 0.326093 0.026819
27.950000 0.356406 0.321044 0.035362
27.960000 0.321175 0.303561 0.017614
27.970000 0.268076 0.274589 -0.006512
27.980000 0.212822 0.237396 -0.024575
27.990000 0.171045 0.196521 -0.025477
28.000000 0.127546 0.156239 -0.028693
28.010000 0.088384 0.119722 -0.031338
28.020000 0.078410 0.088860 -0.010450
28.030000 0.056665 0.064362 -0.007697
28.040000 0.033632 0.045998 -0.012366
28.050000 0.022773 0.032924 -0.010152
28.060000 0.026299 0.024017 0.002282
28.070000 0.022407 0.018143 0.004265
28.080000 0.012874 0.014334 -0.001459
28.090000 0.008985 0.011852 -0.002867
28.100000 0.012079 0.010188 0.001891
28.110000 0.014288 0.009016 0.005272
28.120000 0.002581 0.008139 -0.005558
28.130000 0.000000 0.007446 -0.007446
28.140000 0.003099 0.006875 -0.003776
28.150000 0.008794 0.006390 0.002404
28.160000 0.000000 0.005971 -0.005971
28.170000 0.007141 0.005605 0.001537
28.180000 0.000000 0.005281 -0.005281
28.190000 0.009409 0.004995 0.004414
28.200000 0.003366 0.004740 -0.001374
28.210000 0.007326 0.004512 0.002814
28.220000 0.003461 0.004308 -0.000847
28.230000 0.000457 0.004124 -0.003667
28.240000 0.000000 0.003958 -0.003958
28.250000 0.006650 0.003809 0.002842
28.260000 0.000000 0.003673 -0.003673
28.270000 0.002833 0.003550 -0.000718
28.280000 0.008111 0.003439 0.004672
28.290000 0.000000 0.003338 -0.003338
28.300000 0.000000 0.003246 -0.003246
28.310000 0.002603 0.003162 -0.000559
28.320000 0.011800 0.003086 0.008713
28.330000 0.001402 0.003018 -0.001616
28.340000 0.000000 0.002955 -0.002955
28.350000 0.000000 0.002899 -0.002899
28.360000 0.000000 0.002848 -0.002848
28.370000 0.000000 0.002802 -0.002802
28.380000 0.000000 0.002761 -0.002761
28.390000 0.008243 0.002725 0.005518
28.400000 0.000000 0.002693 -0.002693
28.410000 0.000068 0.002665 -0.002596
28.420000 0.000000 0.002641 -0.002641
28.430000 0.004947 0.002620 0.002327
28.440000 0.000000 0.002604 -0.002604
28.450000 0.000000 0.002590 -0.002590
28.460000 0.000000 0.002580 -0.002580
28.470000 0.000000 0.002574 -0.002574
28.480000 0.000000 0.002570 -0.002570
28.490000 0.006460 0.002570 0.003890
28.500000 0.006050 0.002573 0.003477
28.510000 0.013039 0.002579 0.010460
28.520000 0.000000 0.002589 -0.002589
28.530000 0.003068 0.002601 0.000467
28.540000 0.000000 0.002618 -0.002618
28.550000 0.018777 0.002637 0.016140
28.560000 0.000000 0.002660 -0.002660
28.570000 0.005745 0.002686 0.003059
28.580000 0.004885 0.002716 0.002168
28.590000 0.000000 0.002751 -0.002751
28.600000 0.000000 0.002789 -0.002789
28.610000 0.000104 0.002831 -0.002727
28.620000 0.000000 0.002878 -0.002878
28.630000 0.000516 0.002930 -0.002414
28.640000 0.002668 0.002987 -0.000319
28.650000 0.000000 0.003049 -0.003049
28.660000 0.000410 0.003118 -0.002708
28.670000 0.003398 0.003193 0.000206
28.680000 0.000000 0.003274 -0.003274
28.690000 0.004977 0.003364 0.001613
28.700000 0.000000 0.003461 -0.003461
28.710000 0.006490 0.003568 0.002922
28.720000 0.000000 0.003684 -0.003684
28.730000 0.000000 0.003812 -0.003812
28.740000 0.007759 0.003952 0.003807
28.750000 0.005391 0.004105 0.001286
28.760000 0.007795 0.004274 0.003522
28.770000 0.000000 0.004460 -0.004460
28.780000 0.012998 0.004665 0.008333
28.790000 0.000000 0.004892 -0.004892
28.800000 0.000000 0.005145 -0.005145
28.810000 0.000000 0.005426 -0.005426
28.820000 0.000000 0.005740 -0.005740
28.830000 0.010375 0.006093 0.004282
28.840000 0.000000 0.006491 -0.006491
28.850000 0.000000 0.006943 -0.006943
28.860000 0.000000 0.007458 -0.007458
28.870000 0.000000 0.008052 -0.008052
28.880000 0.014182 0.008747 0.005435
28.890000 0.000000 0.009582 -0.009582
28.900000 0.001859 0.010622 -0.008764
28.910000 0.009407 0.011992 -0.002585
28.920000 0.016093 0.013912 0.002181
28.930000 0.018417 0.016767 0.001650
28.940000 0.013351 0.021186 -0.007834
28.950000 0.022642 0.028121 -0.005479
28.960000 0.035429 0.038897 -0.003468
28.970000 0.064748 0.055163 0.009585
28.980000 0.085375 0.078701 0.006674
28.990000 0.133851 0.111057 0.022794
29.000000 0.127490 0.153010 -0.025521
29.010000 0.177710 0.203960 -0.026251
29.020000 0.244492 0.261376 -0.016884
29.030000 0.306034 0.320464 -0.014430
29.040000 0.350617 0.374336 -0.023719
29.050000 0.445685 0.415123 0.030562
29.060000 0.463716 0.436066 0.027650
29.070000 0.472152 0.433555 0.038597
29.080000 0.475387 0.408063 0.067324
29.090000 0.371506 0.364025 0.007481
29.100000 0.309878 0.308630 0.001248
29.110000 0.241701 0.249677 -0.007976
29.120000 0.209683 0.193649 0.016034
29.130000 0.119742 0.144837 -0.025095
29.140000 0.087295 0.105315 -0.018020
29.150000 0.060050 0.075333 -0.015283
29.160000 0.040670 0.053903 -0.013233
29.170000 0.021702 0.039393 -0.017691
29.180000 0.016260 0.030036 -0.013776
29.190000 0.021678 0.024255 -0.002578
29.200000 0.014937 0.020829 -0.005893
29.210000 0.000000 0.018912 -0.018912
29.220000 0.007096 0.017991 -0.010895
29.230000 0.001643 0.017825 -0.016182
29.240000 0.002318 0.018400 -0.016083
29.250000 0.004272 0.019915 -0.015643
29.260000 0.015403 0.022801 -0.007398
29.270000 0.029990 0.027748 0.002242
29.280000 0.044611 0.035713 0.008898
29.290000 0.046581 0.047860 -0.001279
29.300000 0.042926 0.065399 -0.022473
29.310000 0.095404 0.089306 0.006098
29.320000 0.109172 0.119946 -0.010774
29.330000 0.130748 0.156650 -0.025902
29.340000 0.168904 0.197354 -0.028450
29.350000 0.233154 0.238421 -0.005267
29.360000 0.241715 0.274893 -0.033177
29.370000 0.280287 0.301447 -0.021160
29.380000 0.320639 0.313810 0.006828
29.390000 0.275197 0.309854 -0.034657
29.400000 0.308157 0.290104 0.018054
29.410000 0.255759 0.257798 -0.002040
29.420000 0.214719 0.218078 -0.003359
29.430000 0.171472 0.176392 -0.004920
29.440000 0.118689 0.137164 -0.018475
29.450000 0.066744 0.103249 -0.036505
29.460000 0.056200 0.075969 -0.019769
29.470000 0.042141 0.055406 -0.013265
29.480000 0.012016 0.040807 -0.028791
29.490000 0.018429 0.031003 -0.012574
29.500000 0.006165 0.024751 -0.018586
29.510000 0.000000 0.020954 -0.020954
29.520000 0.003817 0.018767 -0.014950
29.530000 0.000000 0.017604 -0.017604
29.540000 0.000000 0.017094 -0.017094
29.550000 0.000000 0.017033 -0.017033
29.560000 0.000928 0.017327 -0.016399
29.570000 0.005641 0.017973 -0.012331
29.580000 0.004305 0.019051 -0.014746
29.590000 0.000000 0.020747 -0.020747
29.600000 0.022071 0.023396 -0.001325
29.610000 0.012004 0.027538 -0.015534
29.620000 0.025057 0.033979 -0.008923
29.630000 0.032416 0.043818 -0.011402
29.640000 0.045479 0.058421 -0.012942
29.650000 0.075488 0.079323 -0.003835
29.660000 0.102930 0.108021 -0.005091
29.670000 0.127726 0.145705 -0.017979
29.680000 0.190442 0.192913 -0.002471
29.690000 0.227875 0.249137 -0.021262
29.700000 0.280154 0.312429 -0.032274
29.710000 0.365487 0.379270 -0.013782
29.720000 0.458701 0.445110 0.013591
29.730000 0.497898 0.505379 -0.007480
29.740000 0.551071 0.555808 -0.004737
29.750000 0.619013 0.591724 0.027288
29.760000 0.643028 0.607984 0.035044
29.770000 0.636971 0.600977 0.035994
29.780000 0.596130 0.571072 0.025058
29.790000 0.526088 0.522573 0.003515
29.800000 0.490047 0.461400 0.028647
29.810000 0.392154 0.393360 -0.001206
29.820000 0.306493 0.323938 -0.017445
29.830000 0.238215 0.258183 -0.019968
29.840000 0.185652 0.200008 -0.014356
29.850000 0.140024 0.151656 -0.011632
29.860000 0.098355 0.113796 -0.015440
29.870000 0.077554 0.085995 -0.008441
29.880000 0.057227 0.067234 -0.010007
29.890000 0.052545 0.056315 -0.003770
29.900000 0.037018 0.052116 -0.015099
29.910000 0.044536 0.053702 -0.009166
29.920000 0.053834 0.060279 -0.006444
29.930000 0.053527 0.071061 -0.017534
29.940000 0.062835 0.085081 -0.022246
29.950000 0.080388 0.101011 -0.020623
29.960000 0.101895 0.117066 -0.015170
29.970000 0.115540 0.131115 -0.015575
29.980000 0.142717 0.141150 0.001567
29.990000 0.152889 0.145894 0.006995
30.000000 0.152213 0.145002 0.007211
30.010000 0.149770 0.138771 0.010998
30.020000 0.133429 0.127981 0.005448
30.030000 0.127949 0.114049 0.013900
30.040000 0.093767 0.099000 -0.005233
30.050000 0.071318 0.085036 -0.013719
30.060000 0.061525 0.074068 -0.012543
30.070000 0.059981 0.067505 -0.007524
30.080000 0.055856 0.066221 -0.010365
30.090000 0.067817 0.070547 -0.002730
30.100000 0.064135 0.080261 -0.016126
30.110000 0.087860 0.094554 -0.006694
30.120000 0.103776 0.112001 -0.008225
30.130000 0.109224 0.130618 -0.021394
30.140000 0.119488 0.148116 -0.028628
30.150000 0.154984 0.162282 -0.007298
30.160000 0.177010 0.171249 0.005760
30.170000 0.169849 0.173664 -0.003815
30.180000 0.160535 0.168987 -0.008452
30.190000 0.165572 0.157748 0.007824
30.200000 0.147558 0.141393 0.006165
30.210000 0.131705 0.121859 0.009846
30.220000 0.117615 0.101175 0.016440
30.230000 0.073036 0.081171 -0.008135
30.240000 0.051115 0.063230 -0.012115
30.250000 0.045289 0.048156 -0.002868
30.260000 0.029904 0.036197 -0.006293
30.270000 0.021907 0.027186 -0.005279
30.280000 0.010881 0.020704 -0.009823
30.290000 0.000000 0.016229 -0.016229
30.300000 0.016248 0.013247 0.003001
30.310000 0.000000 0.011311 -0.011311
30.320000 0.000000 0.010077 -0.010077
30.330000 0.000000 0.009299 -0.009299
30.340000 0.000000 0.008819 -0.008819
30.350000 0.000000 0.008542 -0.008542
30.360000 0.000000 0.008420 -0.008420
30.370000 0.000000 0.008440 -0.008440
30.380000 0.000000 0.008608 -0.008608
30.390000 0.000000 0.008947 -0.008947
30.400000 0.000000 0.009489 -0.009489
30.410000 0.000000 0.010270 -0.010270
30.420000 0.000000 0.011332 -0.011332
30.430000 0.004108 0.012722 -0.008614
30.440000 0.000000 0.014510 -0.014510
30.450000 0.000000 0.016822 -0.016822
30.460000 0.011163 0.019875 -0.008712
30.470000 0.011916 0.024024 -0.012108
30.480000 0.013547 0.029806 -0.016259
30.490000 0.037377 0.037927 -0.000550
30.500000 0.045104 0.049149 -0.004045
30.510000 0.061535 0.064075 -0.002540
30.520000 0.097561 0.082906 0.014655
30.530000 0.101803 0.105235 -0.003432
30.540000 0.114320 0.129941 -0.015622
30.550000 0.183866 0.155207 0.028659
30.560000 0.217278 0.178794 0.038485
30.570000 0.204542 0.198655 0.005887
30.580000 0.230551 0.213665 0.016887
30.590000 0.226084 0.223937 0.002147
30.600000 0.266454 0.230457 0.035997
30.610000 0.265898 0.234194 0.031704
30.620000 0.231815 0.235180 -0.003365
30.630000 0.239085 0.232148 0.006937
30.640000 0.218486 0.223100 -0.004614
30.650000 0.231837 0.206710 0.025127
30.660000 0.222107 0.183551 0.038556
30.670000 0.187554 0.155994 0.031560
30.680000 0.129483 0.127079 0.002404
30.690000 0.109715 0.099509 0.010207
30.700000 0.057288 0.075200 -0.017912
30.710000 0.051001 0.055198 -0.004198
30.720000 0.035563 0.039750 -0.004187
30.730000 0.027955 0.028491 -0.000535
30.740000 0.022953 0.020694 0.002259
30.750000 0.014463 0.015515 -0.001052
30.760000 0.000000 0.012164 -0.012164
30.770000 0.003562 0.010010 -0.006448
30.780000 0.002459 0.008598 -0.006139
30.790000 0.000000 0.007630 -0.007630
30.800000 0.012433 0.006926 0.005507
30.810000 0.003049 0.006382 -0.003333
30.820000 0.001064 0.005942 -0.004878
30.830000 0.006913 0.005575 0.001338
30.840000 0.006664 0.005262 0.001402
30.850000 0.007719 0.004993 0.002726
30.860000 0.000000 0.004761 -0.004761
30.870000 0.008078 0.004559 0.003519
30.880000 0.000000 0.004385 -0.004385
30.890000 0.000000 0.004235 -0.004235
30.900000 0.000000 0.004106 -0.004106
30.910000 0.017444 0.003996 0.013448
30.920000 0.000000 0.003904 -0.003904
30.930000 0.000000 0.003828 -0.003828
30.940000 0.006526 0.003768 0.002758
30.950000 0.000000 0.003722 -0.003722
30.960000 0.000000 0.003690 -0.003690
30.970000 0.000000 0.003673 -0.003673
30.980000 0.000000 0.003669 -0.003669
30.990000 0.000000 0.003681 -0.003681
31.000000 0.000433 0.003707 -0.003274
31.010000 0.006987 0.003750 0.003237
31.020000 0.000000 0.003811 -0.003811
31.030000 0.000000 0.003891 -0.003891
31.040000 0.000000 0.003995 -0.003995
31.050000 0.000000 0.004125 -0.004125
31.060000 0.000000 0.004291 -0.004291
31.070000 0.005642 0.004503 0.001139
31.080000 0.000000 0.004787 -0.004787
31.090000 0.014735 0.005187 0.009548
31.100000 0.000779 0.005782 -0.005003
31.110000 0.011199 0.006709 0.004490
31.120000 0.012480 0.008184 0.004297
31.130000 0.011581 0.010523 0.001058
31.140000 0.018958 0.014143 0.004815
31.150000 0.023718 0.019523 0.004195
31.160000 0.023696 0.027117 -0.003421
31.170000 0.044128 0.037212 0.006916
31.180000 0.049766 0.049763 0.000003
31.190000 0.081956 0.064222 0.017734
31.200000 0.091949 0.079442 0.012507
31.210000 0.102808 0.093674 0.009134
31.220000 0.106277 0.104741 0.001535
31.230000 0.121053 0.110539 0.010514
31.240000 0.131053 0.109807 0.021247
31.250000 0.104908 0.102738 0.002169
31.260000 0.080083 0.090884 -0.010801
31.270000 0.102263 0.076442 0.025822
31.280000 0.071782 0.061523 0.010259
31.290000 0.031708 0.047757 -0.016049
31.300000 0.038235 0.036173 0.002063
31.310000 0.019931 0.027240 -0.007309
31.320000 0.024720 0.021011 0.003709
31.330000 0.010336 0.017304 -0.006967
31.340000 0.024707 0.015881 0.008826
31.350000 0.011196 0.016575 -0.005378
31.360000 0.030794 0.019334 0.011460
31.370000 0.021205 0.024185 -0.002980
31.380000 0.020780 0.031116 -0.010335
31.390000 0.042974 0.039941 0.003032
31.400000 0.037330 0.050163 -0.012834
31.410000 0.051254 0.060881 -0.009627
31.420000 0.082184 0.070794 0.011389
31.430000 0.074779 0.078343 -0.003564
31.440000 0.061307 0.082068 -0.020762
31.450000 0.105712 0.081144 0.024568
31.460000 0.087020 0.075773 0.011248
31.470000 0.062208 0.067104 -0.004896
31.480000 0.067029 0.056718 0.010311
31.490000 0.057893 0.046104 0.011789
31.500000 0.030502 0.036384 -0.005882
31.510000 0.019193 0.028243 -0.009049
31.520000 0.021847 0.021951 -0.000104
31.530000 0.000000 0.017462 -0.017462
31.540000 0.000000 0.014535 -0.014535
31.550000 0.000000 0.012852 -0.012852
31.560000 0.011962 0.012123 -0.000161
31.570000 0.003712 0.012150 -0.008438
31.580000 0.010298 0.012874 -0.002576
31.590000 0.000000 0.014413 -0.014413
31.600000 0.022574 0.017111 0.005463
31.610000 0.031311 0.021572 0.009739
31.620000 0.025281 0.028693 -0.003412
31.630000 0.028363 0.039614 -0.011251
31.640000 0.043671 0.055572 -0.011902
31.650000 0.075055 0.077615 -0.002560
31.660000 0.107781 0.106202 0.001579
31.670000 0.151359 0.140787 0.010573
31.680000 0.173207 0.179494 -0.006287
31.690000 0.206341 0.219001 -0.012660
31.700000 0.225147 0.254730 -0.029583
31.710000 0.264381 0.281593 -0.017212
31.720000 0.277096 0.295673 -0.018577
31.730000 0.302403 0.296307 0.006096
31.740000 0.295968 0.286725 0.009243
31.750000 0.296465 0.272341 0.024123
31.760000 0.266960 0.258241 0.008719
31.770000 0.237858 0.247528 -0.009670
31.780000 0.227514 0.240716 -0.013202
31.790000 0.225844 0.235839 -0.009995
31.800000 0.232048 0.229270 0.002778
31.810000 0.220370 0.217402 0.002968
31.820000 0.192186 0.198554 -0.006368
31.830000 0.171370 0.173679 -0.002309
31.840000 0.144062 0.145445 -0.001383
31.850000 0.135005 0.116863 0.018142
31.860000 0.087240 0.090434 -0.003194
31.870000 0.086024 0.067812 0.018212
31.880000 0.048277 0.049752 -0.001475
31.890000 0.021381 0.036226 -0.014845
31.900000 0.010195 0.026666 -0.016472
31.910000 0.014213 0.020246 -0.006033
31.920000 0.013480 0.016111 -0.002631
31.930000 0.000000 0.013534 -0.013534
31.940000 0.011115 0.011978 -0.000863
31.950000 0.018190 0.011095 0.007094
31.960000 0.000487 0.010703 -0.010216
31.970000 0.010614 0.010744 -0.000130
31.980000 0.000000 0.011257 -0.011257
31.990000 0.003047 0.012349 -0.009302
32.000000 0.018440 0.014165 0.004275
32.010000 0.005067 0.016851 -0.011784
32.020000 0.020899 0.020507 0.000393
32.030000 0.024510 0.025142 -0.000632
32.040000 0.029462 0.030639 -0.001176
32.050000 0.045267 0.036733 0.008534
32.060000 0.028456 0.043019 -0.014564
32.070000 0.039040 0.049011 -0.009970
32.080000 0.054449 0.054309 0.000141
32.090000 0.077228 0.058830 0.018398
32.100000 0.072179 0.062888 0.009290
32.110000 0.077113 0.067021 0.010091
32.120000 0.073373 0.071743 0.001630
32.130000 0.085277 0.077435 0.007842
32.140000 0.079364 0.084434 -0.005071
32.150000 0.091707 0.093210 -0.001504
32.160000 0.097116 0.104362 -0.007246
32.170000 0.092920 0.118311 -0.025391
32.180000 0.109216 0.134894 -0.025678
32.190000 0.141158 0.153130 -0.011973
32.200000 0.174435 0.171322 0.003114
32.210000 0.175471 0.187431 -0.011960
32.220000 0.196126 0.199489 -0.003363
32.230000 0.219804 0.205847 0.013956
32.240000 0.216517 0.205368 0.011150
32.250000 0.186215 0.197606 -0.011392
32.260000 0.199474 0.183067 0.016407
32.270000 0.180059 0.163394 0.016665
32.280000 0.126276 0.141064 -0.014789
32.290000 0.095980 0.118586 -0.022605
32.300000 0.087041 0.097819 -0.010778
32.310000 0.071115 0.079750 -0.008635
32.320000 0.061742 0.064619 -0.002877
32.330000 0.035370 0.052230 -0.016859
32.340000 0.039495 0.042251 -0.002756
32.350000 0.023575 0.034352 -0.010777
32.360000 0.015946 0.028217 -0.012271
32.370000 0.020491 0.023541 -0.003050
32.380000 0.001109 0.020039 -0.018930
32.390000 0.006092 0.017462 -0.011370
32.400000 0.005431 0.015587 -0.010157
32.410000 0.007804 0.014206 -0.006403
32.420000 0.006708 0.013109 -0.006401
32.430000 0.017791 0.012103 0.005688
32.440000 0.008860 0.011051 -0.002192
32.450000 0.003401 0.009911 -0.006511
32.460000 0.004919 0.008718 -0.003799
32.470000 0.000000 0.007541 -0.007541
32.480000 0.001851 0.006449 -0.004598
32.490000 0.000000 0.005491 -0.005491
32.500000 0.000000 0.004691 -0.004691
32.510000 0.000000 0.004053 -0.004053
32.520000 0.014005 0.003560 0.010444
32.530000 0.000000 0.003188 -0.003188
32.540000 0.013988 0.002908 0.011080
32.550000 0.000000 0.002694 -0.002694
32.560000 0.000000 0.002526 -0.002526
32.570000 0.001992 0.002389 -0.000397
32.580000 0.000000 0.002273 -0.002273
32.590000 0.000000 0.002171 -0.002171
32.600000 0.000881 0.002081 -0.001200
32.610000 0.000000 0.001999 -0.001999
32.620000 0.000000 0.001924 -0.001924
32.630000 0.004118 0.001856 0.002262
32.640000 0.006066 0.001792 0.004274
32.650000 0.000000 0.001734 -0.001734
32.660000 0.001689 0.001679 0.000010
32.670000 0.010165 0.001629 0.008536
32.680000 0.001662 0.001582 0.000080
32.690000 0.000558 0.001538 -0.000980
32.700000 0.000000 0.001497 -0.001497
32.710000 0.006618 0.001459 0.005160
32.720000 0.000000 0.001423 -0.001423
32.730000 0.003094 0.001389 0.001705
32.740000 0.000000 0.001358 -0.001358
32.750000 0.000866 0.001328 -0.000462
32.760000 0.004101 0.001301 0.002800
32.770000 0.000000 0.001275 -0.001275
32.780000 0.000113 0.001250 -0.001138
32.790000 0.000000 0.001227 -0.001227
32.800000 0.000028 0.001206 -0.001178
32.810000 0.008034 0.001186 0.006848
32.820000 0.004718 0.001167 0.003551
32.830000 0.011847 0.001149 0.010697
32.840000 0.009395 0.001133 0.008262
32.850000 0.001282 0.001118 0.000164
32.860000 0.002744 0.001103 0.001640
32.870000 0.000000 0.001090 -0.001090
32.880000 0.003486 0.001078 0.002408
32.890000 0.011474 0.001067 0.010407
32.900000 0.004659 0.001057 0.003602
32.910000 0.010033 0.001048 0.008985
32.920000 0.000000 0.001040 -0.001040
32.930000 0.005976 0.001033 0.004944
32.940000 0.000028 0.001027 -0.000998
32.950000 0.000000 0.001022 -0.001022
32.960000 0.000000 0.001018 -0.001018
32.970000 0.006555 0.001015 0.005540
32.980000 0.000000 0.001014 -0.001014
32.990000 0.001608 0.001014 0.000594
33.000000 0.000000 0.001016 -0.001016
33.010000 0.010144 0.001020 0.009124
33.020000 0.010270 0.001025 0.009245
33.030000 0.000000 0.001033 -0.001033
33.040000 0.000000 0.001044 -0.001044
33.050000 0.006268 0.001059 0.005210
33.060000 0.000716 0.001079 -0.000363
33.070000 0.000000 0.001110 -0.001110
33.080000 0.000000 0.001157 -0.001157
33.090000 0.000000 0.001230 -0.001230
33.100000 0.000000 0.001346 -0.001346
33.110000 0.000000 0.001526 -0.001526
33.120000 0.003449 0.001796 0.001653
33.130000 0.000000 0.002185 -0.002185
33.140000 0.003174 0.002714 0.000460
33.150000 0.005864 0.003390 0.002474
33.160000 0.000000 0.004196 -0.004196
33.170000 0.016464 0.005082 0.011381
33.180000 0.010878 0.005970 0.004908
33.190000 0.000067 0.006754 -0.006686
33.200000 0.018424 0.007326 0.011099
33.210000 0.000000 0.007619 -0.007619
33.220000 0.013777 0.007657 0.006119
33.230000 0.009057 0.007556 0.001500
33.240000 0.005641 0.007483 -0.001842
33.250000 0.020074 0.007592 0.012481
33.260000 0.010561 0.007984 0.002577
33.270000 0.034568 0.008678 0.025890
33.280000 0.023310 0.009604 0.013707
33.290000 0.005520 0.010604 -0.005084
33.300000 0.016897 0.011463 0.005435
33.310000 0.020436 0.011951 0.008485
33.320000 0.020055 0.011898 0.008157
33.330000 0.011400 0.011259 0.000142
33.340000 0.008839 0.010131 -0.001292
33.350000 0.010194 0.008706 0.001488
33.360000 0.019819 0.007191 0.012628
33.370000 0.017688 0.005755 0.011933
33.380000 0.009897 0.004509 0.005387
33.390000 0.013423 0.003508 0.009915
33.400000 0.004758 0.002755 0.002002
33.410000 0.003928 0.002225 0.001703
33.420000 0.003968 0.001871 0.002097
33.430000 0.025340 0.001648 0.023691
33.440000 0.003175 0.001514 0.001661
33.450000 0.000601 0.001436 -0.000836
33.460000 0.008474 0.001394 0.007080
33.470000 0.012429 0.001374 0.011055
33.480000 0.000000 0.001367 -0.001367
33.490000 0.000000 0.001370 -0.001370
33.500000 0.005135 0.001380 0.003755
33.510000 0.000000 0.001395 -0.001395
33.520000 0.006946 0.001416 0.005530
33.530000 0.000000 0.001442 -0.001442
33.540000 0.000000 0.001473 -0.001473
33.550000 0.000000 0.001510 -0.001510
33.560000 0.003162 0.001552 0.001609
33.570000 0.003629 0.001601 0.002029
33.580000 0.000000 0.001655 -0.001655
33.590000 0.000000 0.001717 -0.001717
33.600000 0.008946 0.001787 0.007159
33.610000 0.004621 0.001865 0.002756
33.620000 0.000000 0.001954 -0.001954
33.630000 0.000000 0.002054 -0.002054
33.640000 0.005576 0.002167 0.003409
33.650000 0.000000 0.002295 -0.002295
33.660000 0.000000 0.002441 -0.002441
33.670000 0.000000 0.002608 -0.002608
33.680000 0.000000 0.002801 -0.002801
33.690000 0.007886 0.003026 0.004860
33.700000 0.010959 0.003294 0.007665
33.710000 0.000000 0.003623 -0.003623
33.720000 0.000000 0.004049 -0.004049
33.730000 0.000000 0.004634 -0.004634
33.740000 0.006274 0.005486 0.000787
33.750000 0.004123 0.006791 -0.002667
33.760000 0.016774 0.008834 0.007941
33.770000 0.021154 0.012027 0.009127
33.780000 0.020310 0.016907 0.003403
33.790000 0.016853 0.024085 -0.007232
33.800000 0.039518 0.034148 0.005370
33.810000 0.053040 0.047484 0.005556
33.820000 0.047407 0.064082 -0.016675
33.830000 0.063107 0.083323 -0.020216
33.840000 0.095785 0.103831 -0.008046
33.850000 0.114532 0.123448 -0.008916
33.860000 0.137197 0.139488 -0.002291
33.870000 0.155945 0.149358 0.006587
33.880000 0.157278 0.151339 0.005939
33.890000 0.143810 0.145087 -0.001277
33.900000 0.144272 0.131722 0.012550
33.910000 0.126886 0.113518 0.013368
33.920000 0.109935 0.093214 0.016720
33.930000 0.067734 0.073269 -0.005535
33.940000 0.057313 0.055434 0.001879
33.950000 0.044281 0.040671 0.003610
33.960000 0.024718 0.029258 -0.004540
33.970000 0.017346 0.020976 -0.003630
33.980000 0.010409 0.015328 -0.004919
33.990000 0.014356 0.011731 0.002625
34.000000 0.007419 0.009657 -0.002237
34.010000 0.021380 0.008710 0.012670
34.020000 0.014443 0.008650 0.005794
34.030000 0.003589 0.009370 -0.005781
34.040000 0.000000 0.010858 -0.010858
34.050000 0.000000 0.013136 -0.013136
34.060000 0.016304 0.016210 0.000094
34.070000 0.019817 0.020014 -0.000197
34.080000 0.028119 0.024370 0.003748
34.090000 0.033809 0.028965 0.004845
34.100000 0.035146 0.033356 0.001790
34.110000 0.021245 0.037072 -0.015827
34.120000 0.027806 0.039765 -0.011959
34.130000 0.055265 0.041317 0.013948
34.140000 0.048330 0.041801 0.006529
34.150000 0.052280 0.041439 0.010841
34.160000 0.030979 0.040661 -0.009682
34.170000 0.035800 0.040184 -0.004384
34.180000 0.025819 0.040903 -0.015085
34.190000 0.043265 0.043657 -0.000392
34.200000 0.031542 0.048978 -0.017436
34.210000 0.052907 0.056931 -0.004025
34.220000 0.072095 0.067002 0.005093
34.230000 0.082140 0.078058 0.004082
34.240000 0.091315 0.088429 0.002887
34.250000 0.108762 0.096195 0.012567
34.260000 0.088769 0.099729 -0.010960
34.270000 0.107957 0.098206 0.009751
34.280000 0.094494 0.091784 0.002710
34.290000 0.077549 0.081481 -0.003932
34.300000 0.070616 0.068863 0.001753
34.310000 0.061507 0.055607 0.005900
34.320000 0.040643 0.043099 -0.002455
34.330000 0.026745 0.032245 -0.005500
34.340000 0.027650 0.023469 0.004181
34.350000 0.025506 0.016798 0.008708
34.360000 0.002031 0.012000 -0.009969
34.370000 0.021219 0.008709 0.012511
34.380000 0.000000 0.006534 -0.006534
34.390000 0.013450 0.005129 0.008321
34.400000 0.000422 0.004224 -0.003801
34.410000 0.000000 0.003628 -0.003628
34.420000 0.008325 0.003218 0.005107
34.430000 0.000000 0.002918 -0.002918
34.440000 0.000118 0.002686 -0.002568
34.450000 0.002762 0.002497 0.000265
34.460000 0.001923 0.002339 -0.000417
34.470000 0.010660 0.002204 0.008456
34.480000 0.008948 0.002087 0.006861
34.490000 0.001575 0.001985 -0.000411
34.500000 0.000000 0.001896 -0.001896
34.510000 0.000318 0.001818 -0.001500
34.520000 0.000000 0.001749 -0.001749
34.530000 0.000000 0.001689 -0.001689
34.540000 0.005593 0.001636 0.003957
34.550000 0.000000 0.001590 -0.001590
34.560000 0.000000 0.001550 -0.001550
34.570000 0.000000 0.001516 -0.001516
34.580000 0.000000 0.001487 -0.001487
34.590000 0.000000 0.001463 -0.001463
34.600000 0.000000 0.001445 -0.001445
34.610000 0.000758 0.001432 -0.000674
34.620000 0.000000 0.001426 -0.001426
34.630000 0.000000 0.001429 -0.001429
34.640000 0.016774 0.001445 0.015329
34.650000 0.006288 0.001479 0.004809
34.660000 0.000588 0.001538 -0.000951
34.670000 0.000000 0.001633 -0.001633
34.680000 0.011384 0.001775 0.009610
34.690000 0.000000 0.001973 -0.001973
34.700000 0.000000 0.002238 -0.002238
34.710000 0.004713 0.002574 0.002139
34.720000 0.000000 0.002979 -0.002979
34.730000 0.000261 0.003445 -0.003184
34.740000 0.000000 0.003951 -0.003951
34.750000 0.010608 0.004475 0.006133
34.760000 0.000000 0.004993 -0.004993
34.770000 0.000000 0.005491 -0.005491
34.780000 0.001742 0.005953 -0.004211
34.790000 0.011265 0.006353 0.004912
34.800000 0.000000 0.006656 -0.006656
34.810000 0.000000 0.006830 -0.006830
34.820000 0.000000 0.006862 -0.006862
34.830000 0.000000 0.006748 -0.006748
34.840000 0.002272 0.006488 -0.004216
34.850000 0.000000 0.006093 -0.006093
34.860000 0.000000 0.005603 -0.005603
34.870000 0.000000 0.005086 -0.005086
34.880000 0.010741 0.004624 0.006117
34.890000 0.011117 0.004299 0.006818
34.900000 0.014104 0.004192 0.009913
34.910000 0.008388 0.004381 0.004006
34.920000 0.000000 0.004939 -0.004939
34.930000 0.002609 0.005923 -0.003314
34.940000 0.009951 0.007359 0.002592
34.950000 0.015118 0.009223 0.005895
34.960000 0.008093 0.011424 -0.003331
34.970000 0.008039 0.013783 -0.005743
34.980000 0.029747 0.016037 0.013711
34.990000 0.022730 0.017870 0.004859
35.000000 0.029634 0.018990 0.010644
35.010000 0.013039 0.019211 -0.006172
35.020000 0.008193 0.018503 -0.010310
35.030000 0.016852 0.016997 -0.000145
35.040000 0.000000 0.014953 -0.014953
35.050000 0.006741 0.012683 -0.005942
35.060000 0.000000 0.010469 -0.010469
35.070000 0.003154 0.008510 -0.005356
35.080000 0.000000 0.006917 -0.006917
35.090000 0.000000 0.005721 -0.005721
35.100000 0.000000 0.004898 -0.004898
35.110000 0.000000 0.004392 -0.004392
35.120000 0.015104 0.004135 0.010969
35.130000 0.000000 0.004066 -0.004066
35.140000 0.000000 0.004139 -0.004139
35.150000 0.003233 0.004325 -0.001092
35.160000 0.000000 0.004619 -0.004619
35.170000 0.007943 0.005039 0.002903
35.180000 0.000000 0.005639 -0.005639
35.190000 0.000000 0.006518 -0.006518
35.200000 0.009999 0.007844 0.002156
35.210000 0.014777 0.009871 0.004907
35.220000 0.000000 0.012959 -0.012959
35.230000 0.014278 0.017572 -0.003294
35.240000 0.029028 0.024250 0.004778
35.250000 0.037293 0.033546 0.003746
35.260000 0.033760 0.045919 -0.012159
35.270000 0.052477 0.061593 -0.009116
35.280000 0.081162 0.080391 0.000771
35.290000 0.105978 0.101578 0.004400
35.300000 0.115945 0.123784 -0.007839
35.310000 0.144248 0.145134 -0.000886
35.320000 0.164666 0.163550 0.001116
35.330000 0.177735 0.177036 0.000699
35.340000 0.209474 0.183909 0.025566
35.350000 0.200345 0.183039 0.017306
35.360000 0.188987 0.174134 0.014852
35.370000 0.155917 0.158050 -0.002134
35.380000 0.148479 0.136857 0.011622
35.390000 0.098870 0.113320 -0.014450
35.400000 0.074892 0.090082 -0.015190
35.410000 0.069258 0.069123 0.000135
35.420000 0.047895 0.051611 -0.003716
35.430000 0.027028 0.037991 -0.010963
35.440000 0.018293 0.028150 -0.009857
35.450000 0.016585 0.021624 -0.005039
35.460000 0.005242 0.017782 -0.012540
35.470000 0.003103 0.015964 -0.012861
35.480000 0.000000 0.015560 -0.015560
35.490000 0.005736 0.016036 -0.010300
35.500000 0.011378 0.016923 -0.005545
35.510000 0.020567 0.017812 0.002755
35.520000 0.006186 0.018371 -0.012185
35.530000 0.016250 0.018415 -0.002165
35.540000 0.013191 0.017983 -0.004792
35.550000 0.008458 0.017338 -0.008880
35.560000 0.012804 0.016876 -0.004072
35.570000 0.008510 0.017039 -0.008529
35.580000 0.008506 0.018246 -0.009740
35.590000 0.009441 0.020843 -0.011402
35.600000 0.010312 0.025056 -0.014744
35.610000 0.031277 0.030935 0.000342
35.620000 0.026492 0.038323 -0.011831
35.630000 0.033530 0.046821 -0.013291
35.640000 0.045728 0.055790 -0.010062
35.650000 0.054076 0.064406 -0.010330
35.660000 0.063231 0.071856 -0.008625
35.670000 0.057652 0.077613 -0.019961
35.680000 0.079871 0.081531 -0.001660
35.690000 0.080391 0.083640 -0.003249
35.700000 0.082588 0.083916 -0.001328
35.710000 0.080065 0.082300 -0.002235
35.720000 0.056581 0.078972 -0.022391
35.730000 0.072782 0.074646 -0.001864
35.740000 0.054090 0.070578 -0.016488
35.750000 0.061153 0.068216 -0.007063
35.760000 0.057268 0.068745 -0.011477
35.770000 0.058239 0.072760 -0.014521
35.780000 0.052617 0.080079 -0.027462
35.790000 0.079713 0.089674 -0.009961
35.800000 0.092815 0.099731 -0.006915
35.810000 0.104678 0.107874 -0.003196
35.820000 0.104289 0.111726 -0.007438
35.830000 0.095259 0.109801 -0.014543
35.840000 0.105322 0.102223 0.003099
35.850000 0.086717 0.090593 -0.003875
35.860000 0.074147 0.077163 -0.003016
35.870000 0.031166 0.064080 -0.032914
35.880000 0.029484 0.053003 -0.023520
35.890000 0.034395 0.044959 -0.010564
35.900000 0.037070 0.040324 -0.003254
35.910000 0.023265 0.038890 -0.015625
35.920000 0.024638 0.039979 -0.015341
35.930000 0.037828 0.042590 -0.004763
35.940000 0.040947 0.045525 -0.004578
35.950000 0.035855 0.047556 -0.011701
35.960000 0.038543 0.047699 -0.009156
35.970000 0.033888 0.045544 -0.011656
35.980000 0.032663 0.041380 -0.008716
35.990000 0.025399 0.035959 -0.010560
36.000000 0.012859 0.030150 -0.017291
36.010000 0.010822 0.024713 -0.013891
36.020000 0.019619 0.020223 -0.000605
36.030000 0.019760 0.017073 0.002687
36.040000 0.008100 0.015515 -0.007415
36.050000 0.009550 0.015714 -0.006164
36.060000 0.019225 0.017800 0.001426
36.070000 0.025901 0.021868 0.004033
36.080000 0.010766 0.027950 -0.017184
36.090000 0.025280 0.035926 -0.010647
36.100000 0.029740 0.045436 -0.015696
36.110000 0.062540 0.055782 0.006758
36.120000 0.068746 0.065915 0.002830
36.130000 0.064108 0.074551 -0.010443
36.140000 0.067702 0.080456 -0.012754
36.150000 0.070459 0.082726 -0.012267
36.160000 0.081467 0.080957 0.000510
36.170000 0.074204 0.075370 -0.001167
36.180000 0.044736 0.066894 -0.022159
36.190000 0.047930 0.056933 -0.009003
36.200000 0.043275 0.046930 -0.003655
36.210000 0.032545 0.038043 -0.005498
36.220000 0.019615 0.031019 -0.011405
36.230000 0.017150 0.026206 -0.009056
36.240000 0.037750 0.023602 0.014148
36.250000 0.017875 0.022942 -0.005067
36.260000 0.010616 0.023783 -0.013167
36.270000 0.012948 0.025575 -0.012627
36.280000 0.024845 0.027746 -0.002901
36.290000 0.028480 0.029797 -0.001317
36.300000 0.036027 0.031386 0.004640
36.310000 0.030955 0.032312 -0.001357
36.320000 0.031974 0.032422 -0.000448
36.330000 0.022548 0.031567 -0.009019
36.340000 0.025311 0.029669 -0.004358
36.350000 0.023724 0.026819 -0.003094
36.360000 0.013426 0.023307 -0.009881
36.370000 0.000000 0.019526 -0.019526
36.380000 0.011991 0.015849 -0.003858
36.390000 0.007791 0.012550 -0.004759
36.400000 0.014473 0.009787 0.004686
36.410000 0.000000 0.007612 -0.007612
36.420000 0.000000 0.005997 -0.005997
36.430000 0.000000 0.004859 -0.004859
36.440000 0.000000 0.004097 -0.004097
36.450000 0.000000 0.003607 -0.003607
36.460000 0.000000 0.003304 -0.003304
36.470000 0.000000 0.003123 -0.003123
36.480000 0.000000 0.003021 -0.003021
36.490000 0.000000 0.002971 -0.002971
36.500000 0.000000 0.002957 -0.002957
36.510000 0.000000 0.002973 -0.002973
36.520000 0.000000 0.003015 -0.003015
36.530000 0.000000 0.003084 -0.003084
36.540000 0.000000 0.003184 -0.003184
36.550000 0.000152 0.003319 -0.003168
36.560000 0.001088 0.003500 -0.002412
36.570000 0.012468 0.003739 0.008729
36.580000 0.000000 0.004056 -0.004056
36.590000 0.006045 0.004479 0.001566
36.600000 0.006095 0.005046 0.001048
36.610000 0.001788 0.005807 -0.004019
36.620000 0.000000 0.006822 -0.006822
36.630000 0.000000 0.008161 -0.008161
36.640000 0.000000 0.009905 -0.009905
36.650000 0.000000 0.012142 -0.012142
36.660000 0.018981 0.014986 0.003995
36.670000 0.018150 0.018587 -0.000437
36.680000 0.024720 0.023152 0.001568
36.690000 0.017358 0.028945 -0.011586
36.700000 0.035247 0.036284 -0.001037
36.710000 0.036156 0.045487 -0.009331
36.720000 0.049256 0.056756 -0.007500
36.730000 0.061049 0.070022 -0.008973
36.740000 0.061958 0.084814 -0.022856
36.750000 0.070704 0.100184 -0.029479
36.760000 0.072483 0.114734 -0.042251
36.770000 0.114752 0.126829 -0.012077
36.780000 0.124368 0.135100 -0.010732
36.790000 0.120490 0.139124 -0.018634
36.800000 0.142732 0.139657 0.003075
36.810000 0.141032 0.138019 0.003013
36.820000 0.159790 0.135200 0.024590
36.830000 0.142417 0.131335 0.011082
36.840000 0.136362 0.125732 0.010629
36.850000 0.104188 0.117424 -0.013236
36.860000 0.096826 0.105989 -0.009163
36.870000 0.075974 0.092009 -0.016035
36.880000 0.060340 0.076782 -0.016442
36.890000 0.040794 0.061724 -0.020931
36.900000 0.038656 0.047991 -0.009335
36.910000 0.035654 0.036340 -0.000686
36.920000 0.019586 0.027129 -0.007543
36.930000 0.002219 0.020364 -0.018145
36.940000 0.013578 0.015814 -0.002235
36.950000 0.005790 0.013119 -0.007330
36.960000 0.009749 0.011901 -0.002153
36.970000 0.008927 0.011813 -0.002886
36.980000 0.002003 0.012556 -0.010554
36.990000 0.019467 0.013870 0.005597
37.000000 0.000000 0.015511 -0.015511
37.010000 0.007806 0.017250 -0.009444
37.020000 0.016120 0.018897 -0.002776
37.030000 0.019220 0.020376 -0.001156
37.040000 0.012734 0.021834 -0.009101
37.050000 0.027589 0.023691 0.003898
37.060000 0.021103 0.026565 -0.005462
37.070000 0.021158 0.031098 -0.009940
37.080000 0.033829 0.037758 -0.003929
37.090000 0.030837 0.046664 -0.015828
37.100000 0.048733 0.057451 -0.008718
37.110000 0.063156 0.069192 -0.006035
37.120000 0.068428 0.080418 -0.011990
37.130000 0.082852 0.089280 -0.006427
37.140000 0.095091 0.093982 0.001109
37.150000 0.077736 0.093501 -0.015765
37.160000 0.094329 0.088102 0.006227
37.170000 0.074798 0.079123 -0.004325
37.180000 0.061352 0.068269 -0.006917
37.190000 0.050529 0.057032 -0.006502
37.200000 0.027508 0.046456 -0.018949
37.210000 0.041501 0.037121 0.004380
37.220000 0.026752 0.029237 -0.002485
37.230000 0.010706 0.022791 -0.012085
37.240000 0.003795 0.017659 -0.013864
37.250000 0.008212 0.013659 -0.005447
37.260000 0.001301 0.010598 -0.009297
37.270000 0.015733 0.008292 0.007441
37.280000 0.000116 0.006585 -0.006469
37.290000 0.009759 0.005346 0.004413
37.300000 0.018959 0.004466 0.014492
37.310000 0.004659 0.003853 0.000806
37.320000 0.002975 0.003431 -0.000456
37.330000 0.000866 0.003143 -0.002278
37.340000 0.003102 0.002948 0.000153
37.350000 0.000000 0.002819 -0.002819
37.360000 0.007148 0.002740 0.004408
37.370000 0.011570 0.002708 0.008862
37.380000 0.004230 0.002727 0.001503
37.390000 0.000000 0.002818 -0.002818
37.400000 0.004361 0.003018 0.001343
37.410000 0.004866 0.003388 0.001477
37.420000 0.001011 0.004021 -0.003010
37.430000 0.000000 0.005038 -0.005038
37.440000 0.000000 0.006585 -0.006585
37.450000 0.003391 0.008803 -0.005411
37.460000 0.000000 0.011794 -0.011794
37.470000 0.011363 0.015573 -0.004210
37.480000 0.015347 0.020014 -0.004668
37.490000 0.021077 0.024817 -0.003740
37.500000 0.028979 0.029491 -0.000512
37.510000 0.030791 0.033402 -0.002611
37.520000 0.033470 0.035905 -0.002434
37.530000 0.031799 0.036554 -0.004754
37.540000 0.035350 0.035252 0.000097
37.550000 0.033243 0.032253 0.000990
37.560000 0.026346 0.028064 -0.001719
37.570000 0.020756 0.023310 -0.002554
37.580000 0.017342 0.018572 -0.001230
37.590000 0.008704 0.014281 -0.005577
37.600000 0.000000 0.010685 -0.010685
37.610000 0.006665 0.007864 -0.001199
37.620000 0.004121 0.005779 -0.001658
37.630000 0.000000 0.004317 -0.004317
37.640000 0.012529 0.003336 0.009192
37.650000 0.000000 0.002700 -0.002700
37.660000 0.000000 0.002295 -0.002295
37.670000 0.000000 0.002038 -0.002038
37.680000 0.001036 0.001870 -0.000833
37.690000 0.002405 0.001756 0.000649
37.700000 0.003335 0.001675 0.001660
37.710000 0.003828 0.001616 0.002212
37.720000 0.001270 0.001572 -0.000302
37.730000 0.010462 0.001539 0.008923
37.740000 0.005719 0.001516 0.004202
37.750000 0.000000 0.001502 -0.001502
37.760000 0.000000 0.001496 -0.001496
37.770000 0.000000 0.001497 -0.001497
37.780000 0.000000 0.001507 -0.001507
37.790000 0.000000 0.001524 -0.001524
37.800000 0.000000 0.001551 -0.001551
37.810000 0.000000 0.001588 -0.001588
37.820000 0.000000 0.001638 -0.001638
37.830000 0.000000 0.001707 -0.001707
37.840000 0.007974 0.001803 0.006171
37.850000 0.007947 0.001944 0.006003
37.860000 0.001386 0.002158 -0.000772
37.870000 0.010494 0.002491 0.008003
37.880000 0.001750 0.003008 -0.001258
37.890000 0.007806 0.003798 0.004008
37.900000 0.005588 0.004964 0.000624
37.910000 0.009028 0.006609 0.002419
37.920000 0.008113 0.008814 -0.000700
37.930000 0.014598 0.011601 0.002997
37.940000 0.014987 0.014909 0.000078
37.950000 0.014504 0.018561 -0.004056
37.960000 0.010538 0.022258 -0.011721
37.970000 0.030079 0.025604 0.004475
37.980000 0.022192 0.028182 -0.005990
37.990000 0.036507 0.029695 0.006812
38.000000 0.030796 0.030061 0.000735
38.010000 0.019424 0.029395 -0.009972
38.020000 0.034608 0.027910 0.006698
38.030000 0.038037 0.025832 0.012205
38.040000 0.031454 0.023413 0.008041
38.050000 0.029658 0.020939 0.008719
38.060000 0.028734 0.018678 0.010056
38.070000 0.030421 0.016808 0.013613
38.080000 0.006423 0.015385 -0.008962
38.090000 0.025960 0.014365 0.011595
38.100000 0.007187 0.013653 -0.006466
38.110000 0.014534 0.013168 0.001367
38.120000 0.013175 0.012864 0.000312
38.130000 0.008768 0.012715 -0.003947
38.140000 0.004797 0.012689 -0.007892
38.150000 0.010839 0.012739 -0.001900
38.160000 0.012529 0.012814 -0.000286
38.170000 0.000000 0.012879 -0.012879
38.180000 0.000000 0.012956 -0.012956
38.190000 0.007583 0.013182 -0.005599
38.200000 0.014933 0.013836 0.001098
38.210000 0.002256 0.015288 -0.013032
38.220000 0.021797 0.017941 0.003856
38.230000 0.014780 0.022142 -0.007362
38.240000 0.013860 0.028114 -0.014255
38.250000 0.018163 0.035869 -0.017706
38.260000 0.049459 0.045131 0.004328
38.270000 0.045056 0.055287 -0.010231
38.280000 0.046314 0.065374 -0.019060
38.290000 0.063243 0.074211 -0.010968
38.300000 0.070162 0.080714 -0.010552
38.310000 0.078820 0.084207 -0.005387
38.320000 0.079209 0.084438 -0.005229
38.330000 0.087869 0.081374 0.006495
38.340000 0.084776 0.075191 0.009585
38.350000 0.072539 0.066478 0.006061
38.360000 0.061611 0.056267 0.005344
38.370000 0.057211 0.045726 0.011485
38.380000 0.026258 0.035834 -0.009577
38.390000 0.022295 0.027232 -0.004937
38.400000 0.020946 0.020225 0.000721
38.410000 0.008277 0.014851 -0.006574
38.420000 0.000399 0.010954 -0.010554
38.430000 0.006886 0.008272 -0.001386
38.440000 0.000000 0.006515 -0.006515
38.450000 0.001144 0.005415 -0.004271
38.460000 0.000000 0.004759 -0.004759
38.470000 0.008030 0.004398 0.003632
38.480000 0.006686 0.004237 0.002449
38.490000 0.000000 0.004230 -0.004230
38.500000 0.003561 0.004365 -0.000804
38.510000 0.000000 0.004651 -0.004651
38.520000 0.000000 0.005114 -0.005114
38.530000 0.000000 0.005787 -0.005787
38.540000 0.000000 0.006706 -0.006706
38.550000 0.000000 0.007912 -0.007912
38.560000 0.000000 0.009448 -0.009448
38.570000 0.000697 0.011370 -0.010673
38.580000 0.011114 0.013755 -0.002641
38.590000 0.007597 0.016712 -0.009116
38.600000 0.011919 0.020399 -0.008479
38.610000 0.020593 0.025010 -0.004416
38.620000 0.019693 0.030748 -0.011055
38.630000 0.016179 0.037748 -0.021569
38.640000 0.022245 0.045989 -0.023744
38.650000 0.020909 0.055233 -0.034325
38.660000 0.038731 0.065022 -0.026291
38.670000 0.057422 0.074782 -0.017359
38.680000 0.059573 0.083968 -0.024395
38.690000 0.069558 0.092137 -0.022578
38.700000 0.078676 0.098881 -0.020205
38.710000 0.071249 0.103704 -0.032455
38.720000 0.076014 0.106031 -0.030017
38.730000 0.076860 0.105504 -0.028644
38.740000 0.084239 0.102276 -0.018037
38.750000 0.084651 0.096942 -0.012291
38.760000 0.078535 0.090190 -0.011655
38.770000 0.076771 0.082559 -0.005788
38.780000 0.051936 0.074437 -0.022500
38.790000 0.041032 0.066200 -0.025169
38.800000 0.041884 0.058337 -0.016453
38.810000 0.026627 0.051390 -0.024763
38.820000 0.023998 0.045769 -0.021771
38.830000 0.023109 0.041609 -0.018500
38.840000 0.014386 0.038738 -0.024352
38.850000 0.014369 0.036726 -0.022357
38.860000 0.016967 0.035015 -0.018048
38.870000 0.023047 0.033126 -0.010079
38.880000 0.028693 0.030844 -0.002151
38.890000 0.027373 0.028225 -0.000852
38.900000 0.029102 0.025448 0.003654
38.910000 0.022560 0.022664 -0.000105
38.920000 0.021678 0.019946 0.001732
38.930000 0.019926 0.017310 0.002616
38.940000 0.014692 0.014778 -0.000087
38.950000 0.015553 0.012411 0.003142
38.960000 0.010320 0.010278 0.000043
38.970000 0.005523 0.008434 -0.002911
38.980000 0.000000 0.006907 -0.006907
38.990000 0.000000 0.005695 -0.005695
39.000000 0.008115 0.004780 0.003336
39.010000 0.000000 0.004126 -0.004126
39.020000 0.000000 0.003692 -0.003692
39.030000 0.000000 0.003440 -0.003440
39.040000 0.000000 0.003347 -0.003347
39.050000 0.005047 0.003411 0.001636
39.060000 0.008528 0.003664 0.004864
39.070000 0.000000 0.004173 -0.004173
39.080000 0.000000 0.005048 -0.005048
39.090000 0.011137 0.006433 0.004704
39.100000 0.000000 0.008487 -0.008487
39.110000 0.000000 0.011343 -0.011343
39.120000 0.000000 0.015062 -0.015062
39.130000 0.000000 0.019567 -0.019567
39.140000 0.001133 0.024602 -0.023469
39.150000 0.002442 0.029702 -0.027260
39.160000 0.023343 0.034213 -0.010870
39.170000 0.026396 0.037388 -0.010992
39.180000 0.025965 0.038598 -0.012633
39.190000 0.032502 0.037585 -0.005083
39.200000 0.019012 0.034579 -0.015567
39.210000 0.024679 0.030190 -0.005511
39.220000 0.005531 0.025160 -0.019629
39.230000 0.012941 0.020155 -0.007214
39.240000 0.009032 0.015655 -0.006623
39.250000 0.003382 0.011935 -0.008553
39.260000 0.000000 0.009085 -0.009085
39.270000 0.001661 0.007062 -0.005401
39.280000 0.000000 0.005744 -0.005744
39.290000 0.000000 0.004993 -0.004993
39.300000 0.000000 0.004697 -0.004697
39.310000 0.000000 0.004798 -0.004798
39.320000 0.000000 0.005319 -0.005319
39.330000 0.000000 0.006363 -0.006363
39.340000 0.002623 0.008116 -0.005493
39.350000 0.008298 0.010828 -0.002530
39.360000 0.000000 0.014775 -0.014775
39.370000 0.009636 0.020184 -0.010549
39.380000 0.018359 0.027154 -0.008794
39.390000 0.020554 0.035549 -0.014995
39.400000 0.046257 0.044927 0.001330
39.410000 0.045405 0.054494 -0.009088
39.420000 0.056743 0.063151 -0.006408
39.430000 0.067647 0.069698 -0.002052
39.440000 0.066360 0.073187 -0.006827
39.450000 0.068122 0.073238 -0.005115
39.460000 0.061612 0.070131 -0.008519
39.470000 0.065552 0.064675 0.000877
39.480000 0.053384 0.057945 -0.004561
39.490000 0.061678 0.050954 0.010724
39.500000 0.027743 0.044390 -0.016647
39.510000 0.044746 0.038528 0.006218
39.520000 0.034320 0.033314 0.001007
39.530000 0.019543 0.028571 -0.009028
39.540000 0.017390 0.024197 -0.006806
39.550000 0.010015 0.020226 -0.010211
39.560000 0.009605 0.016776 -0.007171
39.570000 0.008325 0.013993 -0.005669
39.580000 0.000079 0.012030 -0.011951
39.590000 0.010990 0.011037 -0.000047
39.600000 0.000133 0.011151 -0.011018
39.610000 0.001467 0.012483 -0.011016
39.620000 0.000000 0.015079 -0.015079
39.630000 0.001523 0.018880 -0.017358
39.640000 0.017659 0.023669 -0.006010
39.650000 0.023348 0.029030 -0.005682
39.660000 0.012493 0.034336 -0.021843
39.670000 0.039950 0.038780 0.001170
39.680000 0.020389 0.041511 -0.021122
39.690000 0.026515 0.041907 -0.015392
39.700000 0.040477 0.039873 0.000604
39.710000 0.033542 0.035896 -0.002354
39.720000 0.018771 0.030802 -0.012031
39.730000 0.015320 0.025439 -0.010119
39.740000 0.021011 0.020499 0.000513
39.750000 0.004935 0.016446 -0.011510
39.760000 0.000000 0.013516 -0.013516
39.770000 0.017191 0.011747 0.005443
39.780000 0.003728 0.011029 -0.007301
39.790000 0.000000 0.011159 -0.011159
39.800000 0.006842 0.011889 -0.005047
39.810000 0.012535 0.012969 -0.000434
39.820000 0.012569 0.014189 -0.001620
39.830000 0.009556 0.015402 -0.005847
39.840000 0.008719 0.016518 -0.007799
39.850000 0.023556 0.017474 0.006082
39.860000 0.019672 0.018244 0.001428
39.870000 0.004470 0.018888 -0.014418
39.880000 0.016259 0.019544 -0.003285
39.890000 0.005411 0.020362 -0.014952
39.900000 0.008493 0.021403 -0.012909
39.910000 0.007658 0.022582 -0.014924
39.920000 0.010306 0.023679 -0.013374
39.930000 0.012518 0.024402 -0.011884
39.940000 0.030403 0.024521 0.005882
39.950000 0.016943 0.023987 -0.007044
39.960000 0.016979 0.022913 -0.005934
39.970000 0.011791 0.021452 -0.009662
39.980000 0.012698 0.019704 -0.007007
39.990000 0.007510 0.017709 -0.010199
40.000000 0.017124 0.015510 0.001614
40.010000 0.018030 0.013208 0.004823
40.020000 0.010230 0.010948 -0.000718
40.030000 0.000000 0.008865 -0.008865
40.040000 0.000000 0.007054 -0.007054
40.050000 0.008162 0.005562 0.002600
40.060000 0.005151 0.004395 0.000756
40.070000 0.000000 0.003530 -0.003530
40.080000 0.000000 0.002922 -0.002922
40.090000 0.000000 0.002518 -0.002518
40.100000 0.000000 0.002266 -0.002266
40.110000 0.000000 0.002124 -0.002124
40.120000 0.000000 0.002061 -0.002061
40.130000 0.000000 0.002061 -0.002061
40.140000 0.000000 0.002122 -0.002122
40.150000 0.005898 0.002260 0.003638
40.160000 0.000000 0.002507 -0.002507
40.170000 0.000000 0.002921 -0.002921
40.180000 0.000000 0.003580 -0.003580
40.190000 0.000000 0.004586 -0.004586
40.200000 0.000000 0.006049 -0.006049
40.210000 0.000000 0.008065 -0.008065
40.220000 0.000000 0.010685 -0.010685
40.230000 0.000000 0.013879 -0.013879
40.240000 0.000000 0.017500 -0.017500
40.250000 0.014464 0.021260 -0.006796
40.260000 0.020151 0.024741 -0.004590
40.270000 0.018002 0.027463 -0.009461
40.280000 0.011499 0.029005 -0.017506
40.290000 0.028505 0.029120 -0.000615
40.300000 0.027225 0.027797 -0.000572
40.310000 0.026382 0.025276 0.001106
40.320000 0.018137 0.022005 -0.003868
40.330000 0.012504 0.018515 -0.006011
40.340000 0.012966 0.015289 -0.002323
40.350000 0.004721 0.012702 -0.007981
40.360000 0.012584 0.011012 0.001572
40.370000 0.000000 0.010372 -0.010372
40.380000 0.000000 0.010848 -0.010848
40.390000 0.003086 0.012421 -0.009335
40.400000 0.011819 0.014986 -0.003167
40.410000 0.005751 0.018346 -0.012595
40.420000 0.006649 0.022201 -0.015552
40.430000 0.011900 0.026154 -0.014254
40.440000 0.003655 0.029742 -0.026086
40.450000 0.023709 0.032535 -0.008826
40.460000 0.026783 0.034308 -0.007525
40.470000 0.035518 0.035132 0.000386
40.480000 0.029886 0.035269 -0.005383
40.490000 0.029042 0.034949 -0.005907
40.500000 0.036471 0.034221 0.002250
40.510000 0.017779 0.032940 -0.015162
40.520000 0.018242 0.030900 -0.012658
40.530000 0.027412 0.028034 -0.000621
40.540000 0.011768 0.024519 -0.012751
40.550000 0.023551 0.020705 0.002846
40.560000 0.005295 0.016960 -0.011665
40.570000 0.008806 0.013579 -0.004773
40.580000 0.011883 0.010761 0.001121
40.590000 0.010606 0.008608 0.001998
40.600000 0.001057 0.007152 -0.006095
40.610000 0.000000 0.006394 -0.006394
40.620000 0.000000 0.006352 -0.006352
40.630000 0.000276 0.007101 -0.006825
40.640000 0.000305 0.008793 -0.008488
40.650000 0.000000 0.011655 -0.011655
40.660000 0.005155 0.015938 -0.010783
40.670000 0.016940 0.021835 -0.004895
40.680000 0.030902 0.029370 0.001532
40.690000 0.042253 0.038285 0.003968
40.700000 0.038801 0.047958 -0.009157
40.710000 0.044928 0.057373 -0.012445
40.720000 0.079787 0.065190 0.014597
40.730000 0.081996 0.069997 0.011999
40.740000 0.092912 0.070773 0.022139
40.750000 0.084238 0.067347 0.016891
40.760000 0.083400 0.060470 0.022930
40.770000 0.043380 0.051456 -0.008076
40.780000 0.040366 0.041703 -0.001337
40.790000 0.043882 0.032355 0.011527
40.800000 0.029985 0.024179 0.005805
40.810000 0.032196 0.017555 0.014641
40.820000 0.021346 0.012538 0.008808
40.830000 0.008320 0.008961 -0.000642
40.840000 0.003565 0.006544 -0.002978
40.850000 0.000000 0.004979 -0.004979
40.860000 0.001894 0.003998 -0.002104
40.870000 0.000000 0.003393 -0.003393
40.880000 0.000000 0.003019 -0.003019
40.890000 0.000000 0.002785 -0.002785
40.900000 0.000000 0.002641 -0.002641
40.910000 0.000000 0.002561 -0.002561
40.920000 0.000804 0.002539 -0.001735
40.930000 0.013466 0.002585 0.010881
40.940000 0.003490 0.002726 0.000764
40.950000 0.000000 0.003009 -0.003009
40.960000 0.000000 0.003503 -0.003503
40.970000 0.000555 0.004300 -0.003745
40.980000 0.000000 0.005500 -0.005500
40.990000 0.003244 0.007191 -0.003948
41.000000 0.001105 0.009421 -0.008316
41.010000 0.005497 0.012156 -0.006659
41.020000 0.009890 0.015251 -0.005361
41.030000 0.015589 0.018433 -0.002845
41.040000 0.027818 0.021305 0.006513
41.050000 0.023068 0.023392 -0.000324
41.060000 0.022237 0.024272 -0.002034
41.070000 0.022712 0.023746 -0.001034
41.080000 0.032766 0.021948 0.010818
41.090000 0.024970 0.019268 0.005702
41.100000 0.021092 0.016181 0.004911
41.110000 0.010249 0.013108 -0.002859
41.120000 0.013772 0.010351 0.003421
41.130000 0.008154 0.008085 0.000069
41.140000 0.020385 0.006364 0.014021
41.150000 0.000000 0.005160 -0.005160
41.160000 0.000000 0.004394 -0.004394
41.170000 0.000000 0.003972 -0.003972
41.180000 0.000000 0.003812 -0.003812
41.190000 0.000000 0.003857 -0.003857
41.200000 0.000000 0.004086 -0.004086
41.210000 0.008922 0.004518 0.004403
41.220000 0.007658 0.005214 0.002444
41.230000 0.005523 0.006279 -0.000756
41.240000 0.000777 0.007873 -0.007096
41.250000 0.008220 0.010201 -0.001981
41.260000 0.008263 0.013515 -0.005252
41.270000 0.018318 0.018087 0.000232
41.280000 0.020973 0.024175 -0.003201
41.290000 0.021451 0.031966 -0.010515
41.300000 0.047615 0.041517 0.006098
41.310000 0.058977 0.052702 0.006275
41.320000 0.076434 0.065194 0.011239
41.330000 0.072559 0.078434 -0.005875
41.340000 0.082615 0.091613 -0.008998
41.350000 0.093106 0.103758 -0.010652
41.360000 0.111869 0.113926 -0.002057
41.370000 0.139774 0.121359 0.018415
41.380000 0.101070 0.125530 -0.024461
41.390000 0.118090 0.126099 -0.008008
41.400000 0.118132 0.122859 -0.004727
41.410000 0.099889 0.115810 -0.015921
41.420000 0.092528 0.105305 -0.012777
41.430000 0.087344 0.092145 -0.004801
41.440000 0.083901 0.077516 0.006385
41.450000 0.073492 0.062750 0.010742
41.460000 0.051327 0.049006 0.002321
41.470000 0.036998 0.037067 -0.000069
41.480000 0.037035 0.027306 0.009728
41.490000 0.019657 0.019754 -0.000097
41.500000 0.016209 0.014199 0.002010
41.510000 0.015808 0.010293 0.005515
41.520000 0.013230 0.007648 0.005582
41.530000 0.008039 0.005900 0.002139
41.540000 0.000000 0.004756 -0.004756
41.550000 0.005492 0.003996 0.001496
41.560000 0.000000 0.003473 -0.003473
41.570000 0.005990 0.003094 0.002896
41.580000 0.004279 0.002803 0.001476
41.590000 0.000000 0.002568 -0.002568
41.600000 0.000000 0.002373 -0.002373
41.610000 0.011334 0.002205 0.009128
41.620000 0.000000 0.002060 -0.002060
41.630000 0.000507 0.001934 -0.001427
41.640000 0.000000 0.001822 -0.001822
41.650000 0.000000 0.001723 -0.001723
41.660000 0.000154 0.001636 -0.001482
41.670000 0.000000 0.001558 -0.001558
41.680000 0.000000 0.001489 -0.001489
41.690000 0.003716 0.001427 0.002289
41.700000 0.006354 0.001372 0.004982
41.710000 0.006815 0.001322 0.005493
41.720000 0.008581 0.001278 0.007303
41.730000 0.000000 0.001239 -0.001239
41.740000 0.000000 0.001204 -0.001204
41.750000 0.005168 0.001172 0.003996
41.760000 0.000000 0.001145 -0.001145
41.770000 0.000000 0.001120 -0.001120
41.780000 0.007405 0.001099 0.006305
41.790000 0.000000 0.001081 -0.001081
41.800000 0.000000 0.001066 -0.001066
41.810000 0.000000 0.001053 -0.001053
41.820000 0.000000 0.001043 -0.001043
41.830000 0.003981 0.001036 0.002945
41.840000 0.000067 0.001031 -0.000964
41.850000 0.004858 0.001029 0.003829
41.860000 0.000000 0.001029 -0.001029
41.870000 0.000000 0.001032 -0.001032
41.880000 0.005282 0.001038 0.004244
41.890000 0.008756 0.001047 0.007709
41.900000 0.011358 0.001060 0.010298
41.910000 0.001768 0.001075 0.000692
41.920000 0.000000 0.001095 -0.001095
41.930000 0.000000 0.001119 -0.001119
41.940000 0.000000 0.001148 -0.001148
41.950000 0.000000 0.001183 -0.001183
41.960000 0.000000 0.001225 -0.001225
41.970000 0.006013 0.001274 0.004739
41.980000 0.002944 0.001335 0.001609
41.990000 0.000000 0.001410 -0.001410
42.000000 0.008557 0.001507 0.007050
42.010000 0.000000 0.001640 -0.001640
42.020000 0.000000 0.001834 -0.001834
42.030000 0.000647 0.002130 -0.001483
42.040000 0.009763 0.002590 0.007173
42.050000 0.005818 0.003307 0.002511
42.060000 0.003614 0.004397 -0.000783
42.070000 0.010115 0.005990 0.004125
42.080000 0.008778 0.008201 0.000577
42.090000 0.014840 0.011096 0.003745
42.100000 0.013935 0.014642 -0.000707
42.110000 0.020428 0.018674 0.001754
42.120000 0.022999 0.022875 0.000125
42.130000 0.015554 0.026785 -0.011230
42.140000 0.028132 0.029866 -0.001734
42.150000 0.032434 0.031656 0.000778
42.160000 0.035425 0.031983 0.003442
42.170000 0.036236 0.031087 0.005149
42.180000 0.025723 0.029504 -0.003781
42.190000 0.041762 0.027823 0.013939
42.200000 0.023840 0.026494 -0.002654
42.210000 0.019409 0.025730 -0.006321
42.220000 0.037178 0.025498 0.011681
42.230000 0.027517 0.025563 0.001954
42.240000 0.027866 0.025618 0.002248
42.250000 0.025164 0.025426 -0.000262
42.260000 0.028556 0.024879 0.003677
42.270000 0.027592 0.023931 0.003661
42.280000 0.010954 0.022530 -0.011576
42.290000 0.036108 0.020631 0.015477
42.300000 0.040364 0.018280 0.022084
42.310000 0.012839 0.015642 -0.002803
42.320000 0.006211 0.012952 -0.006741
42.330000 0.002629 0.010422 -0.007793
42.340000 0.011237 0.008203 0.003034
42.350000 0.007655 0.006372 0.001283
42.360000 0.010167 0.004947 0.005221
42.370000 0.000000 0.003897 -0.003897
42.380000 0.000000 0.003166 -0.003166
42.390000 0.000000 0.002684 -0.002684
42.400000 0.000000 0.002384 -0.002384
42.410000 0.000000 0.002210 -0.002210
42.420000 0.000000 0.002123 -0.002123
42.430000 0.000000 0.002100 -0.002100
42.440000 0.000000 0.002128 -0.002128
42.450000 0.000000 0.002212 -0.002212
42.460000 0.002647 0.002364 0.000283
42.470000 0.000000 0.002615 -0.002615
42.480000 0.000000 0.003010 -0.003010
42.490000 0.007578 0.003613 0.003965
42.500000 0.005738 0.004501 0.001238
42.510000 0.003030 0.005759 -0.002729
42.520000 0.000756 0.007462 -0.006706
42.530000 0.008061 0.009646 -0.001585
42.540000 0.000000 0.012282 -0.012282
42.550000 0.012657 0.015255 -0.002598
42.560000 0.012561 0.018346 -0.005784
42.570000 0.018126 0.021238 -0.003112
42.580000 0.021078 0.023561 -0.002482
42.590000 0.032304 0.024981 0.007322
42.600000 0.016101 0.025348 -0.009247
42.610000 0.030375 0.024790 0.005585
42.620000 0.018526 0.023724 -0.005197
42.630000 0.006244 0.022742 -0.016497
42.640000 0.023130 0.022446 0.000684
42.650000 0.009543 0.023304 -0.013761
42.660000 0.026865 0.025550 0.001316
42.670000 0.030259 0.029122 0.001137
42.680000 0.039745 0.033639 0.006107
42.690000 0.041398 0.038417 0.002981
42.700000 0.039131 0.042546 -0.003415
42.710000 0.044703 0.045064 -0.000361
42.720000 0.040261 0.045291 -0.005030
42.730000 0.031468 0.043152 -0.011684
42.740000 0.041829 0.039203 0.002626
42.750000 0.049145 0.034339 0.014806
42.760000 0.021631 0.029476 -0.007844
42.770000 0.021113 0.025378 -0.004266
42.780000 0.024510 0.022613 0.001897
42.790000 0.008756 0.021539 -0.012783
42.800000 0.015637 0.022305 -0.006668
42.810000 0.021217 0.024865 -0.003648
42.820000 0.020263 0.028971 -0.008708
42.830000 0.031068 0.034192 -0.003124
42.840000 0.029246 0.039931 -0.010685
42.850000 0.044841 0.045467 -0.000625
42.860000 0.030831 0.050014 -0.019183
42.870000 0.042509 0.052828 -0.010318
42.880000 0.051574 0.053381 -0.001808
42.890000 0.048452 0.051518 -0.003066
42.900000 0.053600 0.047490 0.006111
42.910000 0.043079 0.041907 0.001172
42.920000 0.046052 0.035586 0.010466
42.930000 0.034227 0.029334 0.004893
42.940000 0.021964 0.023775 -0.001811
42.950000 0.014058 0.019294 -0.005235
42.960000 0.017470 0.016053 0.001417
42.970000 0.006954 0.014043 -0.007089
42.980000 0.000354 0.013145 -0.012790
42.990000 0.009431 0.013194 -0.003763
43.000000 0.011976 0.014041 -0.002065
43.010000 0.003205 0.015579 -0.012375
43.020000 0.005315 0.017748 -0.012432
43.030000 0.016572 0.020509 -0.003937
43.040000 0.023909 0.023848 0.000061
43.050000 0.011659 0.027786 -0.016127
43.060000 0.011161 0.032385 -0.021223
43.070000 0.025034 0.037741 -0.012707
43.080000 0.041082 0.043961 -0.002880
43.090000 0.040154 0.051123 -0.010970
43.100000 0.049238 0.059149 -0.009911
43.110000 0.045699 0.067669 -0.021969
43.120000 0.058268 0.075999 -0.017731
43.130000 0.075193 0.083304 -0.008111
43.140000 0.069914 0.088776 -0.018862
43.150000 0.062896 0.091722 -0.028826
43.160000 0.070680 0.091655 -0.020975
43.170000 0.081513 0.088555 -0.007042
43.180000 0.064919 0.083068 -0.018149
43.190000 0.078801 0.076337 0.002464
43.200000 0.070480 0.069525 0.000956
43.210000 0.055631 0.063406 -0.007775
43.220000 0.054278 0.058195 -0.003918
43.230000 0.045089 0.053600 -0.008511
43.240000 0.032854 0.049049 -0.016195
43.250000 0.030633 0.044057 -0.013424
43.260000 0.031896 0.038506 -0.006610
43.270000 0.024452 0.032642 -0.008190
43.280000 0.006996 0.026865 -0.019869
43.290000 0.013920 0.021549 -0.007629
43.300000 0.000384 0.016958 -0.016574
43.310000 0.020806 0.013225 0.007580
43.320000 0.000000 0.010355 -0.010355
43.330000 0.000000 0.008261 -0.008261
43.340000 0.000000 0.006804 -0.006804
43.350000 0.000000 0.005839 -0.005839
43.360000 0.000000 0.005234 -0.005234
43.370000 0.000000 0.004895 -0.004895
43.380000 0.003571 0.004765 -0.001193
43.390000 0.000000 0.004829 -0.004829
43.400000 0.000000 0.005120 -0.005120
43.410000 0.000000 0.005714 -0.005714
43.420000 0.000000 0.006744 -0.006744
43.430000 0.007327 0.008389 -0.001062
43.440000 0.000000 0.010869 -0.010869
43.450000 0.000000 0.014402 -0.014402
43.460000 0.001143 0.019158 -0.018014
43.470000 0.008950 0.025190 -0.016240
43.480000 0.019372 0.032381 -0.013010
43.490000 0.018473 0.040396 -0.021923
43.500000 0.034118 0.048684 -0.014565
43.510000 0.034963 0.056530 -0.021567
43.520000 0.044080 0.063224 -0.019145
43.530000 0.053197 0.068319 -0.015122
43.540000 0.053172 0.071828 -0.018655
43.550000 0.077963 0.074128 0.003835
43.560000 0.069668 0.075609 -0.005942
43.570000 0.068338 0.076363 -0.008025
43.580000 0.054820 0.076132 -0.021313
43.590000 0.070035 0.074482 -0.004447
43.600000 0.062612 0.071012 -0.008400
43.610000 0.063026 0.065546 -0.002520
43.620000 0.042978 0.058317 -0.015338
43.630000 0.039040 0.050002 -0.010963
43.640000 0.036407 0.041513 -0.005106
43.650000 0.001124 0.033702 -0.032578
43.660000 0.020695 0.027200 -0.006505
43.670000 0.008051 0.022376 -0.014325
43.680000 0.013256 0.019345 -0.006089
43.690000 0.004965 0.018011 -0.013046
43.700000 0.005382 0.018119 -0.012737
43.710000 0.006670 0.019302 -0.012632
43.720000 0.023196 0.021127 0.002069
43.730000 0.011424 0.023139 -0.011716
43.740000 0.015760 0.024934 -0.009174
43.750000 0.022708 0.026242 -0.003534
43.760000 0.020950 0.026941 -0.005991
43.770000 0.019192 0.026969 -0.007777
43.780000 0.013516 0.026246 -0.012729
43.790000 0.018289 0.024703 -0.006415
43.800000 0.017837 0.022393 -0.004555
43.810000 0.010856 0.019538 -0.008683
43.820000 0.008663 0.016462 -0.007798
43.830000 0.004729 0.013469 -0.008740
43.840000 0.002102 0.010786 -0.008684
43.850000 0.001216 0.008544 -0.007328
43.860000 0.003378 0.006788 -0.003411
43.870000 0.002056 0.005501 -0.003444
43.880000 0.000000 0.004618 -0.004618
43.890000 0.000000 0.004060 -0.004060
43.900000 0.000000 0.003749 -0.003749
43.910000 0.000000 0.003625 -0.003625
43.920000 0.000000 0.003654 -0.003654
43.930000 0.000000 0.003834 -0.003834
43.940000 0.001084 0.004203 -0.003119
43.950000 0.004988 0.004847 0.000141
43.960000 0.004975 0.005906 -0.000932
43.970000 0.000000 0.007578 -0.007578
43.980000 0.000158 0.010106 -0.009947
43.990000 0.000000 0.013741 -0.013741
44.000000 0.008403 0.018691 -0.010287
44.010000 0.016661 0.025032 -0.008371
44.020000 0.013166 0.032635 -0.019469
44.030000 0.014459 0.041094 -0.026636
44.040000 0.030990 0.049701 -0.018710
44.050000 0.042732 0.057479 -0.014747
44.060000 0.034884 0.063369 -0.028485
44.070000 0.055768 0.066558 -0.010790
44.080000 0.046180 0.066802 -0.020622
44.090000 0.054004 0.064459 -0.010455
44.100000 0.059218 0.060267 -0.001049
44.110000 0.063560 0.055061 0.008498
44.120000 0.056149 0.049562 0.006587
44.130000 0.039159 0.044260 -0.005101
44.140000 0.042633 0.039448 0.003185
44.150000 0.024337 0.035326 -0.010989
44.160000 0.023023 0.032057 -0.009034
44.170000 0.025625 0.029712 -0.004088
44.180000 0.029100 0.028219 0.000881
44.190000 0.015595 0.027364 -0.011770
44.200000 0.022989 0.026862 -0.003873
44.210000 0.014709 0.026468 -0.011759
44.220000 0.017315 0.026070 -0.008754
44.230000 0.029932 0.025686 0.004247
44.240000 0.012514 0.025402 -0.012889
44.250000 0.014683 0.025335 -0.010652
44.260000 0.022951 0.025603 -0.002652
44.270000 0.016414 0.026266 -0.009852
44.280000 0.026860 0.027243 -0.000383
44.290000 0.019454 0.028277 -0.008824
44.300000 0.009874 0.028979 -0.019105
44.310000 0.023366 0.028963 -0.005597
44.320000 0.011611 0.028054 -0.016444
44.330000 0.022491 0.026433 -0.003942
44.340000 0.020315 0.024582 -0.004267
44.350000 0.016394 0.023116 -0.006722
44.360000 0.016396 0.022629 -0.006233
44.370000 0.006381 0.023602 -0.017221
44.380000 0.006384 0.026335 -0.019951
44.390000 0.029457 0.030904 -0.001447
44.400000 0.013354 0.037123 -0.023769
44.410000 0.022061 0.044531 -0.022470
44.420000 0.042528 0.052411 -0.009883
44.430000 0.036435 0.059870 -0.023435
44.440000 0.036007 0.066044 -0.030037
44.450000 0.074755 0.070332 0.004423
44.460000 0.078682 0.072471 0.006211
44.470000 0.069543 0.072388 -0.002845
44.480000 0.056493 0.070041 -0.013548
44.490000 0.055627 0.065429 -0.009802
44.500000 0.043013 0.058788 -0.015775
44.510000 0.044325 0.050722 -0.006397
44.520000 0.022135 0.042077 -0.019942
44.530000 0.017353 0.033675 -0.016322
44.540000 0.021286 0.026133 -0.004847
44.550000 0.007798 0.019814 -0.012016
44.560000 0.000000 0.014855 -0.014855
44.570000 0.000000 0.011222 -0.011222
44.580000 0.000000 0.008774 -0.008774
44.590000 0.004805 0.007321 -0.002516
44.600000 0.003083 0.006673 -0.003591
44.610000 0.000918 0.006666 -0.005749
44.620000 0.002244 0.007161 -0.004917
44.630000 0.000000 0.008032 -0.008032
44.640000 0.000000 0.009150 -0.009150
44.650000 0.003165 0.010365 -0.007200
44.660000 0.000000 0.011509 -0.011509
44.670000 0.001028 0.012417 -0.011389
44.680000 0.005406 0.012982 -0.007575
44.690000 0.004988 0.013228 -0.008239
44.700000 0.000000 0.013324 -0.013324
44.710000 0.003292 0.013528 -0.010236
44.720000 0.010721 0.014112 -0.003391
44.730000 0.019448 0.015315 0.004133
44.740000 0.001193 0.017316 -0.016123
44.750000 0.015581 0.020208 -0.004627
44.760000 0.012564 0.023954 -0.011390
44.770000 0.014764 0.028340 -0.013576
44.780000 0.033516 0.032946 0.000570
44.790000 0.013079 0.037189 -0.024110
44.800000 0.030526 0.040445 -0.009919
44.810000 0.026634 0.042206 -0.015572
44.820000 0.025363 0.042154 -0.016792
44.830000 0.028002 0.040203 -0.012201
44.840000 0.018895 0.036560 -0.017664
44.850000 0.016747 0.031744 -0.014997
44.860000 0.015914 0.026430 -0.010516
44.870000 0.009849 0.021241 -0.011392
44.880000 0.000000 0.016631 -0.016631
44.890000 0.011224 0.012875 -0.001651
44.900000 0.004734 0.010094 -0.005360
44.910000 0.007814 0.008307 -0.000493
44.920000 0.000000 0.007489 -0.007489
44.930000 0.002665 0.007610 -0.004945
44.940000 0.000000 0.008660 -0.008660
44.950000 0.003613 0.010640 -0.007027
44.960000 0.005398 0.013527 -0.008129
44.970000 0.011094 0.017225 -0.006131
44.980000 0.019410 0.021520 -0.002110
44.990000 0.006387 0.026047 -0.019659
45.000000 0.015140 0.030286 -0.015145
45.010000 0.022145 0.033623 -0.011478
45.020000 0.020015 0.035513 -0.015498
45.030000 0.033116 0.035703 -0.002587
45.040000 0.037517 0.034335 0.003182
45.050000 0.031028 0.031823 -0.000795
45.060000 0.021935 0.028643 -0.006709
45.070000 0.025460 0.025232 0.000228
45.080000 0.013755 0.021978 -0.008222
45.090000 0.010751 0.019207 -0.008456
45.100000 0.012108 0.017142 -0.005033
45.110000 0.006493 0.015879 -0.009386
45.120000 0.015252 0.015410 -0.000158
45.130000 0.011380 0.015653 -0.004273
45.140000 0.008385 0.016462 -0.008077
45.150000 0.000000 0.017637 -0.017637
45.160000 0.000000 0.018937 -0.018937
45.170000 0.002438 0.020099 -0.017661
45.180000 0.002927 0.020867 -0.017939
45.190000 0.007330 0.021062 -0.013732
45.200000 0.010432 0.020669 -0.010237
45.210000 0.018753 0.019848 -0.001095
45.220000 0.020115 0.018831 0.001284
45.230000 0.011459 0.017795 -0.006336
45.240000 0.006291 0.016802 -0.010511
45.250000 0.006778 0.015796 -0.009019
45.260000 0.000740 0.014666 -0.013926
45.270000 0.000000 0.013333 -0.013333
45.280000 0.008251 0.011817 -0.003566
45.290000 0.001774 0.010226 -0.008452
45.300000 0.000000 0.008692 -0.008692
45.310000 0.009287 0.007337 0.001950
45.320000 0.007604 0.006253 0.001350
45.330000 0.000693 0.005513 -0.004820
45.340000 0.000000 0.005176 -0.005176
45.350000 0.000000 0.005313 -0.005313
45.360000 0.000000 0.006030 -0.006030
45.370000 0.006582 0.007475 -0.000893
45.380000 0.000000 0.009847 -0.009847
45.390000 0.000000 0.013360 -0.013360
45.400000 0.006759 0.018191 -0.011432
45.410000 0.015088 0.024408 -0.009320
45.420000 0.014278 0.031880 -0.017602
45.430000 0.030879 0.040210 -0.009331
45.440000 0.033117 0.048693 -0.015576
45.450000 0.041447 0.056357 -0.014910
45.460000 0.049344 0.062139 -0.012796
45.470000 0.042002 0.065163 -0.023161
45.480000 0.051205 0.064990 -0.013784
45.490000 0.036027 0.061718 -0.025691
45.500000 0.057421 0.055904 0.001517
45.510000 0.031359 0.048386 -0.017027
45.520000 0.026632 0.040111 -0.013480
45.530000 0.031045 0.031960 -0.000915
45.540000 0.016740 0.024599 -0.007859
45.550000 0.006788 0.018412 -0.011624
45.560000 0.005978 0.013528 -0.007550
45.570000 0.001250 0.009888 -0.008638
45.580000 0.000000 0.007324 -0.007324
45.590000 0.003549 0.005624 -0.002075
45.600000 0.010575 0.004588 0.005987
45.610000 0.000000 0.004057 -0.004057
45.620000 0.000000 0.003917 -0.003917
45.630000 0.000000 0.004102 -0.004102
45.640000 0.003850 0.004569 -0.000720
45.650000 0.000000 0.005286 -0.005286
45.660000 0.000000 0.006209 -0.006209
45.670000 0.000000 0.007271 -0.007271
45.680000 0.004081 0.008380 -0.004299
45.690000 0.000000 0.009420 -0.009420
45.700000 0.000000 0.010278 -0.010278
45.710000 0.000000 0.010888 -0.010888
45.720000 0.000000 0.011272 -0.011272
45.730000 0.000000 0.011514 -0.011514
45.740000 0.019210 0.011694 0.007516
45.750000 0.015780 0.011840 0.003940
45.760000 0.001030 0.011916 -0.010885
45.770000 0.000000 0.011845 -0.011845
45.780000 0.000000 0.011555 -0.011555
45.790000 0.000000 0.011006 -0.011006
45.800000 0.008203 0.010230 -0.002027
45.810000 0.000000 0.009325 -0.009325
45.820000 0.000000 0.008424 -0.008424
45.830000 0.002695 0.007642 -0.004948
45.840000 0.005792 0.007050 -0.001258
45.850000 0.000617 0.006659 -0.006042
45.860000 0.006760 0.006433 0.000327
45.870000 0.011597 0.006306 0.005292
45.880000 0.004680 0.006209 -0.001529
45.890000 0.000000 0.006094 -0.006094
45.900000 0.000000 0.005951 -0.005951
45.910000 0.000000 0.005811 -0.005811
45.920000 0.001819 0.005749 -0.003930
45.930000 0.000559 0.005868 -0.005309
45.940000 0.004958 0.006285 -0.001327
45.950000 0.001085 0.007095 -0.006010
45.960000 0.002872 0.008352 -0.005480
45.970000 0.011188 0.010048 0.001141
45.980000 0.009057 0.012093 -0.003036
45.990000 0.009101 0.014313 -0.005212
46.000000 0.003051 0.016463 -0.013412
46.010000 0.009191 0.018269 -0.009078
46.020000 0.010106 0.019499 -0.009392
46.030000 0.006233 0.020011 -0.013779
46.040000 0.017596 0.019788 -0.002192
46.050000 0.019382 0.018928 0.000455
46.060000 0.016379 0.017604 -0.001225
46.070000 0.009457 0.016011 -0.006554
46.080000 0.010808 0.014318 -0.003510
46.090000 0.000000 0.012671 -0.012671
46.100000 0.000000 0.011210 -0.011210
46.110000 0.011810 0.010058 0.001752
46.120000 0.006194 0.009293 -0.003099
46.130000 0.000000 0.008928 -0.008928
46.140000 0.000000 0.008912 -0.008912
46.150000 0.008064 0.009134 -0.001070
46.160000 0.002447 0.009445 -0.006998
46.170000 0.005536 0.009695 -0.004159
46.180000 0.000000 0.009776 -0.009776
46.190000 0.004749 0.009667 -0.004918
46.200000 0.005225 0.009417 -0.004191
46.210000 0.005266 0.009109 -0.003843
46.220000 0.007483 0.008814 -0.001331
46.230000 0.006217 0.008572 -0.002356
46.240000 0.005821 0.008400 -0.002579
46.250000 0.008908 0.008319 0.000589
46.260000 0.006335 0.008378 -0.002044
46.270000 0.003761 0.008650 -0.004889
46.280000 0.007717 0.009206 -0.001488
46.290000 0.006884 0.010101 -0.003216
46.300000 0.008663 0.011371 -0.002708
46.310000 0.000000 0.013045 -0.013045
46.320000 0.002640 0.015154 -0.012514
46.330000 0.018782 0.017769 0.001013
46.340000 0.022298 0.021014 0.001284
46.350000 0.009269 0.025027 -0.015759
46.360000 0.014522 0.029859 -0.015336
46.370000 0.025434 0.035352 -0.009918
46.380000 0.028507 0.041089 -0.012582
46.390000 0.030273 0.046407 -0.016135
46.400000 0.030294 0.050509 -0.020215
46.410000 0.036844 0.052656 -0.015811
46.420000 0.052099 0.052381 -0.000282
46.430000 0.034701 0.049649 -0.014948
46.440000 0.032974 0.044895 -0.011921
46.450000 0.035598 0.038901 -0.003303
46.460000 0.022113 0.032538 -0.010424
46.470000 0.025170 0.026515 -0.001345
46.480000 0.021261 0.021277 -0.000016
46.490000 0.019527 0.016996 0.002531
46.500000 0.021275 0.013632 0.007643
46.510000 0.000000 0.011022 -0.011022
46.520000 0.002131 0.008984 -0.006854
46.530000 0.003876 0.007371 -0.003494
46.540000 0.000000 0.006082 -0.006082
46.550000 0.001271 0.005054 -0.003783
46.560000 0.000000 0.004246 -0.004246
46.570000 0.000000 0.003634 -0.003634
46.580000 0.009110 0.003200 0.005910
46.590000 0.000000 0.002929 -0.002929
46.600000 0.003446 0.002813 0.000633
46.610000 0.000000 0.002845 -0.002845
46.620000 0.000000 0.003026 -0.003026
46.630000 0.001688 0.003364 -0.001676
46.640000 0.000000 0.003869 -0.003869
46.650000 0.000000 0.004555 -0.004555
46.660000 0.000000 0.005439 -0.005439
46.670000 0.002958 0.006544 -0.003586
46.680000 0.000335 0.007905 -0.007570
46.690000 0.003807 0.009570 -0.005763
46.700000 0.000000 0.011608 -0.011608
46.710000 0.007702 0.014103 -0.006401
46.720000 0.009432 0.017117 -0.007685
46.730000 0.020740 0.020614 0.000126
46.740000 0.015940 0.024398 -0.008458
46.750000 0.005045 0.028084 -0.023040
46.760000 0.014176 0.031133 -0.016957
46.770000 0.023308 0.032959 -0.009652
46.780000 0.014154 0.033124 -0.018970
46.790000 0.011967 0.031539 -0.019572
46.800000 0.017181 0.028525 -0.011344
46.810000 0.025878 0.024679 0.001199
46.820000 0.000000 0.020658 -0.020658
46.830000 0.000000 0.017028 -0.017028
46.840000 0.002340 0.014206 -0.011866
46.850000 0.002767 0.012446 -0.009679
46.860000 0.000000 0.011849 -0.011849
46.870000 0.000000 0.012379 -0.012379
46.880000 0.011884 0.013875 -0.001991
46.890000 0.013184 0.016071 -0.002887
46.900000 0.019271 0.018597 0.000673
46.910000 0.015782 0.021008 -0.005227
46.920000 0.023176 0.022835 0.000340
46.930000 0.004886 0.023690 -0.018804
46.940000 0.029259 0.023371 0.005888
46.950000 0.020548 0.021920 -0.001372
46.960000 0.011835 0.019605 -0.007769
46.970000 0.012703 0.016818 -0.004114
46.980000 0.000000 0.013958 -0.013958
46.990000 0.000000 0.011343 -0.011343
47.000000 0.001374 0.009185 -0.007811
47.010000 0.014434 0.007597 0.006837
47.020000 0.000000 0.006623 -0.006623
47.030000 0.011384 0.006274 0.005110
47.040000 0.009640 0.006555 0.003086
47.050000 0.009643 0.007496 0.002146
47.060000 0.000000 0.009159 -0.009159
47.070000 0.000000 0.011623 -0.011623
47.080000 0.006162 0.014973 -0.008811
47.090000 0.018357 0.019255 -0.000898
47.100000 0.017487 0.024450 -0.006963
47.110000 0.024023 0.030442 -0.006418
47.120000 0.029685 0.036994 -0.007309
47.130000 0.046672 0.043725 0.002946
47.140000 0.040144 0.050123 -0.009979
47.150000 0.035365 0.055647 -0.020282
47.160000 0.055395 0.059835 -0.004440
47.170000 0.058018 0.062295 -0.004277
47.180000 0.061506 0.062677 -0.001171
47.190000 0.056730 0.060810 -0.004080
47.200000 0.044547 0.056941 -0.012394
47.210000 0.043255 0.051794 -0.008539
47.220000 0.022801 0.046343 -0.023542
47.230000 0.034136 0.041530 -0.007393
47.240000 0.029792 0.038063 -0.008271
47.250000 0.021973 0.036320 -0.014347
47.260000 0.020242 0.036314 -0.016072
47.270000 0.024180 0.037708 -0.013528
47.280000 0.022014 0.039904 -0.017889
47.290000 0.041191 0.042193 -0.001002
47.300000 0.028578 0.043941 -0.015363
47.310000 0.025554 0.044720 -0.019166
47.320000 0.032534 0.044340 -0.011807
47.330000 0.041265 0.042826 -0.001560
47.340000 0.031268 0.040355 -0.009087
47.350000 0.030859 0.037160 -0.006302
47.360000 0.012591 0.033434 -0.020843
47.370000 0.014360 0.029337 -0.014976
47.380000 0.015249 0.025080 -0.009831
47.390000 0.015714 0.020941 -0.005227
47.400000 0.008333 0.017187 -0.008853
47.410000 0.005752 0.014010 -0.008258
47.420000 0.004468 0.011514 -0.007047
47.430000 0.009725 0.009726 -0.000001
47.440000 0.000000 0.008623 -0.008623
47.450000 0.003687 0.008167 -0.004480
47.460000 0.001535 0.008330 -0.006795
47.470000 0.000000 0.009127 -0.009127
47.480000 0.009433 0.010629 -0.001196
47.490000 0.000000 0.012944 -0.012944
47.500000 0.006886 0.016165 -0.009279
47.510000 0.009102 0.020289 -0.011188
47.520000 0.026980 0.025146 0.001834
47.530000 0.025715 0.030347 -0.004633
47.540000 0.011814 0.035285 -0.023471
47.550000 0.014903 0.039184 -0.024281
47.560000 0.018418 0.041279 -0.022861
47.570000 0.009319 0.041104 -0.031785
47.580000 0.018495 0.038723 -0.020228
47.590000 0.023764 0.034699 -0.010935
47.600000 0.022058 0.029806 -0.007748
47.610000 0.008608 0.024762 -0.016155
47.620000 0.009080 0.020092 -0.011013
47.630000 0.014351 0.016093 -0.001742
47.640000 0.013083 0.012870 0.000213
47.650000 0.003989 0.010406 -0.006417
47.660000 0.003158 0.008630 -0.005472
47.670000 0.000000 0.007467 -0.007467
47.680000 0.008037 0.006862 0.001176
47.690000 0.012877 0.006790 0.006088
47.700000 0.008130 0.007256 0.000875
47.710000 0.015583 0.008277 0.007307
47.720000 0.005614 0.009857 -0.004244
47.730000 0.006102 0.011966 -0.005864
47.740000 0.014854 0.014520 0.000334
47.750000 0.016649 0.017380 -0.000731
47.760000 0.017131 0.020367 -0.003236
47.770000 0.031117 0.023303 0.007814
47.780000 0.023328 0.026097 -0.002769
47.790000 0.030785 0.028811 0.001974
47.800000 0.033445 0.031666 0.001779
47.810000 0.024360 0.034945 -0.010586
47.820000 0.031810 0.038839 -0.007029
47.830000 0.041445 0.043318 -0.001872
47.840000 0.023646 0.048071 -0.024424
47.850000 0.031540 0.052552 -0.021012
47.860000 0.038993 0.056174 -0.017181
47.870000 0.036875 0.058603 -0.021729
47.880000 0.055212 0.059913 -0.004701
47.890000 0.057013 0.060430 -0.003417
47.900000 0.064903 0.060461 0.004442
47.910000 0.054513 0.060197 -0.005683
47.920000 0.046296 0.059784 -0.013488
47.930000 0.056804 0.059362 -0.002558
47.940000 0.056860 0.058940 -0.002080
47.950000 0.050824 0.058286 -0.007462
47.960000 0.057846 0.057004 0.000842
47.970000 0.052681 0.054753 -0.002072
47.980000 0.027923 0.051414 -0.023491
47.990000 0.041042 0.047043 -0.006001
48.000000 0.045890 0.041793 0.004098
48.010000 0.032889 0.035927 -0.003038
48.020000 0.039043 0.029848 0.009195
48.030000 0.006451 0.024002 -0.017551
48.040000 0.020441 0.018751 0.001690
48.050000 0.010052 0.014310 -0.004258
48.060000 0.000000 0.010751 -0.010751
48.070000 0.005381 0.008036 -0.002655
48.080000 0.003263 0.006055 -0.002792
48.090000 0.004628 0.004664 -0.000036
48.100000 0.003380 0.003716 -0.000336
48.110000 0.000000 0.003080 -0.003080
48.120000 0.000000 0.002652 -0.002652
48.130000 0.000000 0.002358 -0.002358
48.140000 0.004473 0.002148 0.002325
48.150000 0.004959 0.001990 0.002969
48.160000 0.003701 0.001865 0.001836
48.170000 0.000698 0.001764 -0.001066
48.180000 0.000000 0.001680 -0.001680
48.190000 0.000000 0.001609 -0.001609
48.200000 0.000000 0.001550 -0.001550
48.210000 0.000000 0.001501 -0.001501
48.220000 0.000000 0.001461 -0.001461
48.230000 0.000000 0.001430 -0.001430
48.240000 0.000000 0.001407 -0.001407
48.250000 0.000875 0.001392 -0.000518
48.260000 0.000000 0.001388 -0.001388
48.270000 0.003044 0.001398 0.001647
48.280000 0.000423 0.001426 -0.001003
48.290000 0.000000 0.001481 -0.001481
48.300000 0.004749 0.001579 0.003171
48.310000 0.002120 0.001737 0.000383
48.320000 0.004713 0.001981 0.002733
48.330000 0.011659 0.002337 0.009322
48.340000 0.000000 0.002829 -0.002829
48.350000 0.003779 0.003475 0.000304
48.360000 0.000274 0.004276 -0.004003
48.370000 0.000000 0.005217 -0.005217
48.380000 0.009804 0.006256 0.003547
48.390000 0.000000 0.007334 -0.007334
48.400000 0.000000 0.008374 -0.008374
48.410000 0.000000 0.009309 -0.009309
48.420000 0.003607 0.010109 -0.006502
48.430000 0.000000 0.010773 -0.010773
48.440000 0.008343 0.011291 -0.002948
48.450000 0.013976 0.011611 0.002365
48.460000 0.001760 0.011642 -0.009882
48.470000 0.000862 0.011304 -0.010441
48.480000 0.007801 0.010603 -0.002801
48.490000 0.010822 0.009655 0.001168
48.500000 0.000000 0.008649 -0.008649
48.510000 0.013817 0.007791 0.006026
48.520000 0.000000 0.007267 -0.007267
48.530000 0.000000 0.007229 -0.007229
48.540000 0.000000 0.007783 -0.007783
48.550000 0.003264 0.008978 -0.005714
48.560000 0.005415 0.010796 -0.005382
48.570000 0.000000 0.013152 -0.013152
48.580000 0.001446 0.015889 -0.014443
48.590000 0.009257 0.018785 -0.009529
48.600000 0.016633 0.021582 -0.004950
48.610000 0.008771 0.024051 -0.015280
48.620000 0.020066 0.026088 -0.006022
48.630000 0.007852 0.027729 -0.019877
48.640000 0.005651 0.029047 -0.023396
48.650000 0.007804 0.030023 -0.022220
48.660000 0.015181 0.030508 -0.015327
48.670000 0.014287 0.030297 -0.016010
48.680000 0.007733 0.029267 -0.021534
48.690000 0.004663 0.027474 -0.022811
48.700000 0.015524 0.025178 -0.009653
48.710000 0.012019 0.022774 -0.010754
48.720000 0.003290 0.020678 -0.017388
48.730000 0.016765 0.019207 -0.002443
48.740000 0.015437 0.018510 -0.003074
48.750000 0.011063 0.018549 -0.007486
48.760000 0.013218 0.019106 -0.005887
48.770000 0.004927 0.019835 -0.014908
48.780000 0.002729 0.020355 -0.017626
48.790000 0.020124 0.020358 -0.000234
48.800000 0.016622 0.019679 -0.003058
48.810000 0.016167 0.018317 -0.002150
48.820000 0.011795 0.016436 -0.004641
48.830000 0.003070 0.014320 -0.011251
48.840000 0.011758 0.012291 -0.000532
48.850000 0.000000 0.010637 -0.010637
48.860000 0.009111 0.009585 -0.000474
48.870000 0.006482 0.009297 -0.002815
48.880000 0.000000 0.009867 -0.009867
48.890000 0.001225 0.011317 -0.010092
48.900000 0.002515 0.013587 -0.011072
48.910000 0.004241 0.016519 -0.012278
48.920000 0.013368 0.019841 -0.006473
48.930000 0.015095 0.023170 -0.008075
48.940000 0.027270 0.026047 0.001223
48.950000 0.037269 0.028047 0.009222
48.960000 0.023324 0.028906 -0.005583
48.970000 0.016345 0.028603 -0.012258
48.980000 0.018073 0.027364 -0.009291
48.990000 0.018060 0.025638 -0.007577
49.000000 0.018483 0.024009 -0.005526
49.010000 0.018035 0.023059 -0.005023
49.020000 0.010622 0.023240 -0.012618
49.030000 0.012352 0.024814 -0.012461
49.040000 0.007988 0.027803 -0.019816
49.050000 0.020602 0.031990 -0.011388
49.060000 0.025380 0.036936 -0.011556
49.070000 0.026241 0.042039 -0.015798
49.080000 0.028843 0.046598 -0.017756
49.090000 0.044941 0.049926 -0.004985
49.100000 0.031871 0.051522 -0.019652
49.110000 0.036215 0.051253 -0.015038
49.120000 0.034029 0.049357 -0.015327
49.130000 0.020960 0.046274 -0.025314
49.140000 0.027917 0.042449 -0.014532
49.150000 0.032263 0.038247 -0.005985
49.160000 0.013099 0.034002 -0.020903
49.170000 0.006126 0.030041 -0.023916
49.180000 0.021791 0.026651 -0.004860
49.190000 0.014382 0.024017 -0.009634
49.200000 0.010022 0.022200 -0.012178
49.210000 0.012627 0.021132 -0.008505
49.220000 0.010008 0.020625 -0.010617
49.230000 0.024368 0.020420 0.003948
49.240000 0.003900 0.020279 -0.016380
49.250000 0.013471 0.020093 -0.006622
49.260000 0.015206 0.019908 -0.004701
49.270000 0.005187 0.019846 -0.014659
49.280000 0.017806 0.019992 -0.002186
49.290000 0.016929 0.020321 -0.003392
49.300000 0.017794 0.020691 -0.002897
49.310000 0.009952 0.020891 -0.010939
49.320000 0.008205 0.020703 -0.012498
49.330000 0.009505 0.019972 -0.010467
49.340000 0.012112 0.018652 -0.006540
49.350000 0.006447 0.016816 -0.010369
49.360000 0.000000 0.014634 -0.014634
49.370000 0.010789 0.012317 -0.001528
49.380000 0.006430 0.010068 -0.003639
49.390000 0.009036 0.008047 0.000989
49.400000 0.002935 0.006347 -0.003412
49.410000 0.015554 0.005001 0.010553
49.420000 0.000000 0.003993 -0.003993
49.430000 0.000000 0.003276 -0.003276
49.440000 0.000000 0.002791 -0.002791
49.450000 0.015964 0.002481 0.013482
49.460000 0.000000 0.002296 -0.002296
49.470000 0.000000 0.002199 -0.002199
49.480000 0.006363 0.002166 0.004197
49.490000 0.000000 0.002185 -0.002185
49.500000 0.000000 0.002256 -0.002256
49.510000 0.000000 0.002391 -0.002391
49.520000 0.000000 0.002612 -0.002612
49.530000 0.000000 0.002957 -0.002957
49.540000 0.000000 0.003476 -0.003476
49.550000 0.000000 0.004232 -0.004232
49.560000 0.000000 0.005292 -0.005292
49.570000 0.001050 0.006730 -0.005679
49.580000 0.003652 0.008611 -0.004959
49.590000 0.000000 0.010993 -0.010993
49.600000 0.000000 0.013920 -0.013920
49.610000 0.006234 0.017410 -0.011175
49.620000 0.011012 0.021449 -0.010437
49.630000 0.021017 0.026002 -0.004985
49.640000 0.020571 0.031004 -0.010433
49.650000 0.026223 0.036329 -0.010106
49.660000 0.026648 0.041693 -0.015045
49.670000 0.043184 0.046588 -0.003404
49.680000 0.057541 0.050297 0.007244
49.690000 0.060582 0.052074 0.008508
49.700000 0.029663 0.051418 -0.021754
49.710000 0.053602 0.048299 0.005303
49.720000 0.037486 0.043181 -0.005695
49.730000 0.040964 0.036848 0.004117
49.740000 0.041828 0.030146 0.011682
49.750000 0.029199 0.023792 0.005407
49.760000 0.012649 0.018276 -0.005627
49.770000 0.016565 0.013855 0.002709
49.780000 0.023960 0.010597 0.013363
49.790000 0.008721 0.008446 0.000276
49.800000 0.001316 0.007297 -0.005981
49.810000 0.001751 0.007053 -0.005302
49.820000 0.002618 0.007655 -0.005037
49.830000 0.006538 0.009084 -0.002546
49.840000 0.003053 0.011331 -0.008279
49.850000 0.009151 0.014353 -0.005202
49.860000 0.002183 0.018023 -0.015839
49.870000 0.009589 0.022096 -0.012506
49.880000 0.018296 0.026199 -0.007904
49.890000 0.013078 0.029867 -0.016789
49.900000 0.013950 0.032638 -0.018689
49.910000 0.012652 0.034228 -0.021576
49.920000 0.023538 0.034689 -0.011151
49.930000 0.020936 0.034420 -0.013484
49.940000 0.037918 0.033986 0.003932
49.950000 0.032706 0.033859 -0.001153
49.960000 0.034887 0.034247 0.000640
49.970000 0.043608 0.035039 0.008569
49.980000 0.041437 0.035835 0.005602
49.990000 0.026651 0.036079 -0.009427
50.000000 0.030577 0.035305 -0.004728
50.010000 0.023629 0.033397 -0.009768
50.020000 0.012755 0.030663 -0.017909
50.030000 0.010163 0.027664 -0.017502
50.040000 0.010173 0.024982 -0.014809
50.050000 0.000000 0.023058 -0.023058
50.060000 0.004113 0.022128 -0.018015
50.070000 0.013279 0.022195 -0.008915
50.080000 0.008504 0.023050 -0.014546
50.090000 0.013320 0.024323 -0.011004
50.100000 0.005499 0.025586 -0.020087
50.110000 0.011187 0.026503 -0.015316
50.120000 0.021218 0.026932 -0.005714
50.130000 0.030391 0.026887 0.003504
50.140000 0.024751 0.026406 -0.001656
50.150000 0.019994 0.025478 -0.005483
50.160000 0.009567 0.024071 -0.014504
50.170000 0.015262 0.022220 -0.006958
50.180000 0.012238 0.020061 -0.007824
50.190000 0.000520 0.017783 -0.017263
50.200000 0.013606 0.015570 -0.001964
50.210000 0.012774 0.013559 -0.000784
50.220000 0.000000 0.011829 -0.011829
50.230000 0.001088 0.010417 -0.009329
50.240000 0.000000 0.009347 -0.009347
50.250000 0.003338 0.008659 -0.005322
50.260000 0.010770 0.008411 0.002359
50.270000 0.014299 0.008665 0.005634
50.280000 0.003883 0.009475 -0.005592
50.290000 0.005673 0.010877 -0.005205
50.300000 0.000000 0.012870 -0.012870
50.310000 0.007499 0.015408 -0.007909
50.320000 0.000000 0.018399 -0.018399
50.330000 0.008024 0.021708 -0.013684
50.340000 0.009805 0.025164 -0.015359
50.350000 0.022484 0.028568 -0.006083
50.360000 0.018608 0.031735 -0.013127
50.370000 0.019970 0.034591 -0.014621
50.380000 0.036122 0.037210 -0.001089
50.390000 0.031826 0.039717 -0.007891
50.400000 0.036661 0.042114 -0.005453
50.410000 0.041510 0.044187 -0.002677
50.420000 0.040687 0.045526 -0.004838
50.430000 0.028560 0.045666 -0.017107
50.440000 0.038187 0.044313 -0.006125
50.450000 0.027368 0.041508 -0.014140
50.460000 0.027420 0.037598 -0.010178
50.470000 0.024438 0.033045 -0.008606
50.480000 0.015350 0.028286 -0.012936
50.490000 0.020642 0.023710 -0.003069
50.500000 0.030711 0.019663 0.011048
50.510000 0.005095 0.016417 -0.011322
50.520000 0.015166 0.014135 0.001032
50.530000 0.008272 0.012862 -0.004590
50.540000 0.000000 0.012541 -0.012541
50.550000 0.011888 0.013025 -0.001137
50.560000 0.009338 0.014098 -0.004760
50.570000 0.008542 0.015494 -0.006951
50.580000 0.007736 0.016921 -0.009186
50.590000 0.020437 0.018129 0.002308
50.600000 0.011361 0.018997 -0.007637
50.610000 0.016227 0.019599 -0.003372
50.620000 0.022390 0.020153 0.002237
50.630000 0.023776 0.020886 0.002890
50.640000 0.024281 0.021913 0.002367
50.650000 0.018702 0.023190 -0.004488
50.660000 0.030963 0.024511 0.006452
50.670000 0.020161 0.025573 -0.005411
50.680000 0.033295 0.026117 0.007178
50.690000 0.016400 0.026108 -0.009708
50.700000 0.011250 0.025804 -0.014554
50.710000 0.025266 0.025648 -0.000382
50.720000 0.020554 0.026083 -0.005529
50.730000 0.011933 0.027420 -0.015487
50.740000 0.023330 0.029766 -0.006436
50.750000 0.028206 0.032993 -0.004788
50.760000 0.025673 0.036768 -0.011095
50.770000 0.032291 0.040639 -0.008348
50.780000 0.021923 0.044134 -0.022210
50.790000 0.026366 0.046779 -0.020413
50.800000 0.041250 0.048114 -0.006864
50.810000 0.047435 0.047805 -0.000370
50.820000 0.042729 0.045792 -0.003063
50.830000 0.049786 0.042307 0.007479
50.840000 0.036374 0.037755 -0.001380
50.850000 0.030371 0.032605 -0.002234
50.860000 0.027844 0.027330 0.000514
50.870000 0.023147 0.022344 0.000803
50.880000 0.019316 0.017936 0.001380
50.890000 0.008524 0.014246 -0.005722
50.900000 0.008177 0.011286 -0.003109
50.910000 0.017412 0.008971 0.008441
50.920000 0.004005 0.007178 -0.003173
50.930000 0.000000 0.005787 -0.005787
50.940000 0.003752 0.004703 -0.000951
50.950000 0.005587 0.003857 0.001730
50.960000 0.006112 0.003195 0.002917
50.970000 0.002287 0.002681 -0.000394
50.980000 0.000000 0.002284 -0.002284
50.990000 0.008566 0.001982 0.006584
51.000000 0.001256 0.001754 -0.000498
51.010000 0.005703 0.001583 0.004120
51.020000 0.000000 0.001454 -0.001454
51.030000 0.000000 0.001355 -0.001355
51.040000 0.000000 0.001278 -0.001278
51.050000 0.000838 0.001216 -0.000377
51.060000 0.000000 0.001165 -0.001165
51.070000 0.006234 0.001121 0.005112
51.080000 0.000000 0.001084 -0.001084
51.090000 0.000733 0.001052 -0.000319
51.100000 0.001677 0.001025 0.000652
51.110000 0.002617 0.001002 0.001615
51.120000 0.000000 0.000982 -0.000982
51.130000 0.001434 0.000965 0.000469
51.140000 0.000000 0.000951 -0.000951
51.150000 0.000000 0.000940 -0.000940
51.160000 0.005494 0.000932 0.004562
51.170000 0.000000 0.000926 -0.000926
51.180000 0.000000 0.000923 -0.000923
51.190000 0.003411 0.000922 0.002489
51.200000 0.004303 0.000924 0.003379
51.210000 0.000000 0.000928 -0.000928
51.220000 0.006510 0.000934 0.005575
51.230000 0.002166 0.000944 0.001222
51.240000 0.000000 0.000956 -0.000956
51.250000 0.003917 0.000971 0.002946
51.260000 0.000000 0.000989 -0.000989
51.270000 0.000000 0.001011 -0.001011
51.280000 0.000000 0.001036 -0.001036
51.290000 0.001729 0.001066 0.000662
51.300000 0.000000 0.001101 -0.001101
51.310000 0.003451 0.001142 0.002308
51.320000 0.000000 0.001190 -0.001190
51.330000 0.008647 0.001247 0.007400
51.340000 0.000000 0.001314 -0.001314
51.350000 0.000000 0.001399 -0.001399
51.360000 0.001187 0.001509 -0.000322
51.370000 0.002035 0.001660 0.000375
51.380000 0.000000 0.001879 -0.001879
51.390000 0.000000 0.002208 -0.002208
51.400000 0.005873 0.002710 0.003163
51.410000 0.004103 0.003468 0.000634
51.420000 0.000000 0.004582 -0.004582
51.430000 0.000000 0.006153 -0.006153
51.440000 0.003575 0.008262 -0.004687
51.450000 0.002238 0.010944 -0.008706
51.460000 0.000465 0.014157 -0.013692
51.470000 0.023071 0.017762 0.005309
51.480000 0.008672 0.021511 -0.012838
51.490000 0.020830 0.025055 -0.004225
51.500000 0.025151 0.028012 -0.002861
51.510000 0.020766 0.030102 -0.009336
51.520000 0.018121 0.031243 -0.013122
51.530000 0.030715 0.031509 -0.000794
51.540000 0.032424 0.030972 0.001452
51.550000 0.024991 0.029630 -0.004639
51.560000 0.030183 0.027462 0.002721
51.570000 0.011867 0.024572 -0.012705
51.580000 0.019672 0.021237 -0.001565
51.590000 0.023123 0.017822 0.005301
51.600000 0.011772 0.014667 -0.002895
51.610000 0.000000 0.012035 -0.012035
51.620000 0.004309 0.010106 -0.005797
51.630000 0.007761 0.008994 -0.001234
51.640000 0.005553 0.008761 -0.003208
51.650000 0.000000 0.009423 -0.009423
51.660000 0.008104 0.010956 -0.002852
51.670000 0.000000 0.013287 -0.013287
51.680000 0.015008 0.016285 -0.001276
51.690000 0.017590 0.019747 -0.002157
51.700000 0.005370 0.023402 -0.018032
51.710000 0.028414 0.026935 0.001479
51.720000 0.024901 0.030075 -0.005174
51.730000 0.025743 0.032735 -0.006992
51.740000 0.018312 0.035074 -0.016762
51.750000 0.029602 0.037400 -0.007798
51.760000 0.033056 0.039995 -0.006939
51.770000 0.028673 0.043021 -0.014347
51.780000 0.051283 0.046508 0.004775
51.790000 0.039935 0.050351 -0.010416
51.800000 0.046438 0.054311 -0.007873
51.810000 0.048151 0.058055 -0.009904
51.820000 0.055088 0.061256 -0.006168
51.830000 0.060285 0.063670 -0.003385
51.840000 0.054598 0.065111 -0.010513
51.850000 0.051088 0.065365 -0.014278
51.860000 0.044095 0.064159 -0.020064
51.870000 0.044939 0.061234 -0.016295
51.880000 0.053619 0.056499 -0.002880
51.890000 0.040096 0.050171 -0.010074
51.900000 0.039635 0.042806 -0.003172
51.910000 0.044833 0.035138 0.009695
51.920000 0.028264 0.027838 0.000425
51.930000 0.022578 0.021389 0.001189
51.940000 0.001220 0.016047 -0.014827
51.950000 0.007290 0.011877 -0.004587
51.960000 0.003782 0.008795 -0.005013
51.970000 0.000000 0.006629 -0.006629
51.980000 0.001555 0.005175 -0.003619
51.990000 0.000000 0.004236 -0.004236
52.000000 0.000000 0.003651 -0.003651
52.010000 0.004094 0.003307 0.000787
52.020000 0.006682 0.003131 0.003551
52.030000 0.008835 0.003091 0.005744
52.040000 0.003151 0.003181 -0.000030
52.050000 0.000000 0.003424 -0.003424
52.060000 0.006587 0.003855 0.002732
52.070000 0.004822 0.004524 0.000298
52.080000 0.000000 0.005483 -0.005483
52.090000 0.008259 0.006779 0.001480
52.100000 0.000000 0.008444 -0.008444
52.110000 0.000000 0.010483 -0.010483
52.120000 0.010367 0.012858 -0.002491
52.130000 0.007297 0.015491 -0.008194
52.140000 0.006404 0.018276 -0.011872
52.150000 0.017266 0.021102 -0.003836
52.160000 0.020291 0.023851 -0.003560
52.170000 0.029411 0.026371 0.003040
52.180000 0.028083 0.028474 -0.000391
52.190000 0.023272 0.029992 -0.006720
52.200000 0.024992 0.030830 -0.005839
52.210000 0.011909 0.030980 -0.019071
52.220000 0.019288 0.030465 -0.011177
52.230000 0.013172 0.029287 -0.016116
52.240000 0.015327 0.027436 -0.012109
52.250000 0.013999 0.024971 -0.010972
52.260000 0.013977 0.022073 -0.008096
52.270000 0.017873 0.019003 -0.001130
52.280000 0.003920 0.016004 -0.012085
52.290000 0.006074 0.013247 -0.007173
52.300000 0.009535 0.010822 -0.001288
52.310000 0.014301 0.008760 0.005541
52.320000 0.008618 0.007057 0.001561
52.330000 0.000000 0.005691 -0.005691
52.340000 0.001606 0.004623 -0.003016
52.350000 0.000276 0.003808 -0.003532
52.360000 0.000000 0.003203 -0.003203
52.370000 0.002840 0.002764 0.000076
52.380000 0.000000 0.002455 -0.002455
52.390000 0.000000 0.002246 -0.002246
52.400000 0.003200 0.002112 0.001088
52.410000 0.002304 0.002034 0.000270
52.420000 0.000000 0.001996 -0.001996
52.430000 0.007038 0.001990 0.005049
52.440000 0.000045 0.002007 -0.001963
52.450000 0.000000 0.002047 -0.002047
52.460000 0.004776 0.002106 0.002669
52.470000 0.000000 0.002189 -0.002189
52.480000 0.000000 0.002300 -0.002300
52.490000 0.000000 0.002452 -0.002452
52.500000 0.002478 0.002665 -0.000187
52.510000 0.000000 0.002974 -0.002974
52.520000 0.000000 0.003436 -0.003436
52.530000 0.000000 0.004132 -0.004132
52.540000 0.000176 0.005176 -0.005000
52.550000 0.006675 0.006704 -0.000029
52.560000 0.007950 0.008866 -0.000917
52.570000 0.002695 0.011800 -0.009106
52.580000 0.010935 0.015601 -0.004665
52.590000 0.010905 0.020281 -0.009376
52.600000 0.010874 0.025738 -0.014864
52.610000 0.021292 0.031718 -0.010426
52.620000 0.023438 0.037815 -0.014377
52.630000 0.033422 0.043547 -0.010125
52.640000 0.044275 0.048495 -0.004221
52.650000 0.040763 0.052390 -0.011627
52.660000 0.042474 0.055035 -0.012561
52.670000 0.037657 0.056237 -0.018580
52.680000 0.041981 0.055907 -0.013927
52.690000 0.048048 0.054237 -0.006189
52.700000 0.040182 0.051675 -0.011493
52.710000 0.047991 0.048730 -0.000739
52.720000 0.036643 0.045842 -0.009199
52.730000 0.018767 0.043420 -0.024653
52.740000 0.033541 0.041889 -0.008349
52.750000 0.034385 0.041615 -0.007230
52.760000 0.035228 0.042763 -0.007535
52.770000 0.047829 0.045204 0.002624
52.780000 0.043012 0.048513 -0.005501
52.790000 0.038199 0.052054 -0.013855
52.800000 0.052975 0.055156 -0.002181
52.810000 0.042503 0.057284 -0.014781
52.820000 0.037688 0.058104 -0.020416
52.830000 0.041584 0.057452 -0.015869
52.840000 0.045041 0.055270 -0.010229
52.850000 0.045020 0.051575 -0.006555
52.860000 0.042383 0.046550 -0.004166
52.870000 0.034962 0.040652 -0.005690
52.880000 0.022748 0.034542 -0.011794
52.890000 0.012280 0.028884 -0.016604
52.900000 0.024011 0.024182 -0.000170
52.910000 0.025734 0.020732 0.005002
52.920000 0.014393 0.018628 -0.004235
52.930000 0.017858 0.017781 0.000077
52.940000 0.006953 0.017964 -0.011011
52.950000 0.009548 0.018855 -0.009307
52.960000 0.018670 0.020095 -0.001425
52.970000 0.016913 0.021372 -0.004459
52.980000 0.007751 0.022520 -0.014769
52.990000 0.019491 0.023562 -0.004072
53.000000 0.016425 0.024638 -0.008213
53.010000 0.009445 0.025875 -0.016429
53.020000 0.026406 0.027308 -0.000901
53.030000 0.015074 0.028887 -0.013813
53.040000 0.030730 0.030547 0.000183
53.050000 0.017223 0.032268 -0.015045
53.060000 0.008500 0.034077 -0.025577
53.070000 0.015019 0.036045 -0.021025
53.080000 0.014569 0.038318 -0.023749
53.090000 0.027184 0.041101 -0.013917
53.100000 0.028477 0.044529 -0.016052
53.110000 0.043705 0.048520 -0.004815
53.120000 0.030196 0.052713 -0.022517
53.130000 0.035412 0.056545 -0.021132
53.140000 0.050202 0.059433 -0.009231
53.150000 0.050195 0.060971 -0.010776
53.160000 0.054973 0.060996 -0.006023
53.170000 0.037553 0.059524 -0.021971
53.180000 0.045814 0.056618 -0.010804
53.190000 0.037102 0.052381 -0.015279
53.200000 0.044058 0.047067 -0.003009
53.210000 0.037959 0.041122 -0.003163
53.220000 0.025760 0.035081 -0.009321
53.230000 0.024015 0.029459 -0.005444
53.240000 0.019219 0.024684 -0.005465
53.250000 0.012686 0.021065 -0.008379
53.260000 0.013550 0.018762 -0.005213
53.270000 0.015724 0.017782 -0.002058
53.280000 0.016589 0.017983 -0.001394
53.290000 0.000000 0.019097 -0.019097
53.300000 0.003086 0.020756 -0.017669
53.310000 0.007439 0.022535 -0.015096
53.320000 0.011353 0.024025 -0.012672
53.330000 0.016577 0.024938 -0.008361
53.340000 0.001771 0.025184 -0.023413
53.350000 0.005690 0.024840 -0.019150
53.360000 0.018747 0.024040 -0.005292
53.370000 0.011347 0.022894 -0.011547
53.380000 0.023535 0.021468 0.002067
53.390000 0.021359 0.019805 0.001554
53.400000 0.022229 0.017943 0.004285
53.410000 0.016135 0.015920 0.000215
53.420000 0.010475 0.013801 -0.003326
53.430000 0.008735 0.011684 -0.002949
53.440000 0.001334 0.009687 -0.008353
53.450000 0.008737 0.007917 0.000819
53.460000 0.000000 0.006452 -0.006452
53.470000 0.002209 0.005330 -0.003121
53.480000 0.000469 0.004558 -0.004089
53.490000 0.000000 0.004115 -0.004115
53.500000 0.000000 0.003957 -0.003957
53.510000 0.002216 0.004024 -0.001807
53.520000 0.000000 0.004241 -0.004241
53.530000 0.003091 0.004525 -0.001434
53.540000 0.002223 0.004786 -0.002563
53.550000 0.000000 0.004938 -0.004938
53.560000 0.000000 0.004926 -0.004926
53.570000 0.000000 0.004740 -0.004740
53.580000 0.000000 0.004423 -0.004423
53.590000 0.000000 0.004040 -0.004040
53.600000 0.000000 0.003658 -0.003658
53.610000 0.000000 0.003329 -0.003329
53.620000 0.001372 0.003090 -0.001719
53.630000 0.001374 0.002959 -0.001585
53.640000 0.000000 0.002943 -0.002943
53.650000 0.006603 0.003045 0.003558
53.660000 0.000000 0.003270 -0.003270
53.670000 0.000000 0.003627 -0.003627
53.680000 0.000516 0.004129 -0.003613
53.690000 0.008354 0.004783 0.003571
53.700000 0.015323 0.005589 0.009733
53.710000 0.005312 0.006539 -0.001227
53.720000 0.007056 0.007621 -0.000564
53.730000 0.000000 0.008834 -0.008834
53.740000 0.003579 0.010217 -0.006638
53.750000 0.002275 0.011862 -0.009587
53.760000 0.000537 0.013911 -0.013374
53.770000 0.013600 0.016501 -0.002900
53.780000 0.009686 0.019704 -0.010018
53.790000 0.014913 0.023489 -0.008576
53.800000 0.021447 0.027704 -0.006257
53.810000 0.026674 0.032093 -0.005419
53.820000 0.028855 0.036304 -0.007449
53.830000 0.027116 0.039926 -0.012810
53.840000 0.021897 0.042594 -0.020697
53.850000 0.031478 0.044147 -0.012669
53.860000 0.010150 0.044675 -0.034525
53.870000 0.032792 0.044392 -0.011600
53.880000 0.032798 0.043477 -0.010679
53.890000 0.026706 0.042040 -0.015334
53.900000 0.019311 0.040172 -0.020861
53.910000 0.014091 0.037962 -0.023871
53.920000 0.019322 0.035503 -0.016182
53.930000 0.031080 0.032930 -0.001850
53.940000 0.013238 0.030402 -0.017165
53.950000 0.000000 0.028045 -0.028045
53.960000 0.019345 0.025889 -0.006544
53.970000 0.011949 0.023871 -0.011922
53.980000 0.008909 0.021903 -0.012994
53.990000 0.019799 0.019973 -0.000174
54.000000 0.017195 0.018196 -0.001001
54.010000 0.015460 0.016767 -0.001308
54.020000 0.017646 0.015866 0.001780
54.030000 0.009816 0.015588 -0.005772
54.040000 0.011132 0.015911 -0.004780
54.050000 0.032471 0.016694 0.015777
54.060000 0.014197 0.017687 -0.003490
54.070000 0.008980 0.018587 -0.009607
54.080000 0.001590 0.019097 -0.017507
54.090000 0.008564 0.019023 -0.010459
54.100000 0.013365 0.018365 -0.005000
54.110000 0.015550 0.017312 -0.001762
54.120000 0.000000 0.016137 -0.016137
54.130000 0.012960 0.015084 -0.002124
54.140000 0.000000 0.014304 -0.014304
54.150000 0.000000 0.013844 -0.013844
54.160000 0.011691 0.013653 -0.001962
54.170000 0.000818 0.013635 -0.012817
54.180000 0.012152 0.013718 -0.001566
54.190000 0.003456 0.013924 -0.010468
54.200000 0.008261 0.014351 -0.006090
54.210000 0.010885 0.015108 -0.004223
54.220000 0.016125 0.016234 -0.000109
54.230000 0.011349 0.017656 -0.006307
54.240000 0.020944 0.019173 0.001771
54.250000 0.018345 0.020492 -0.002147
54.260000 0.007915 0.021312 -0.013397
54.270000 0.009235 0.021419 -0.012184
54.280000 0.014478 0.020730 -0.006253
54.290000 0.023200 0.019312 0.003887
54.300000 0.009723 0.017374 -0.007651
54.310000 0.011045 0.015218 -0.004174
54.320000 0.011065 0.013141 -0.002077
54.330000 0.008034 0.011358 -0.003325
54.340000 0.003701 0.009975 -0.006274
54.350000 0.001541 0.008997 -0.007456
54.360000 0.000000 0.008358 -0.008358
54.370000 0.004193 0.007965 -0.003772
54.380000 0.008133 0.007754 0.000379
54.390000 0.000316 0.007727 -0.007412
54.400000 0.000000 0.007945 -0.007945
54.410000 0.009500 0.008487 0.001013
54.420000 0.005171 0.009410 -0.004239
54.430000 0.019557 0.010719 0.008839
54.440000 0.012616 0.012350 0.000267
54.450000 0.013508 0.014164 -0.000656
54.460000 0.003084 0.015962 -0.012878
54.470000 0.003542 0.017537 -0.013996
54.480000 0.016192 0.018754 -0.002561
54.490000 0.009249 0.019593 -0.010344
54.500000 0.011888 0.020114 -0.008226
54.510000 0.020183 0.020372 -0.000190
54.520000 0.024128 0.020397 0.003731
54.530000 0.018492 0.020218 -0.001726
54.540000 0.006330 0.019896 -0.013566
54.550000 0.009838 0.019482 -0.009644
54.560000 0.013348 0.018958 -0.005609
54.570000 0.024693 0.018230 0.006463
54.580000 0.008614 0.017200 -0.008586
54.590000 0.000000 0.015867 -0.015867
54.600000 0.011717 0.014369 -0.002653
54.610000 0.010873 0.012921 -0.002048
54.620000 0.007855 0.011724 -0.003869
54.630000 0.005270 0.010910 -0.005640
54.640000 0.001818 0.010515 -0.008697
54.650000 0.010988 0.010481 0.000507
54.660000 0.000000 0.010664 -0.010664
54.670000 0.000000 0.010871 -0.010871
54.680000 0.006290 0.010924 -0.004634
54.690000 0.009802 0.010712 -0.000910
54.700000 0.005480 0.010199 -0.004719
54.710000 0.000000 0.009409 -0.009409
54.720000 0.000000 0.008410 -0.008410
54.730000 0.000000 0.007313 -0.007313
54.740000 0.003428 0.006252 -0.002824
54.750000 0.003023 0.005346 -0.002323
54.760000 0.010892 0.004685 0.006207
54.770000 0.000000 0.004324 -0.004324
54.780000 0.000000 0.004290 -0.004290
54.790000 0.000000 0.004579 -0.004579
54.800000 0.004056 0.005164 -0.001108
54.810000 0.002782 0.005993 -0.003211
54.820000 0.001074 0.006990 -0.005916
54.830000 0.008507 0.008059 0.000448
54.840000 0.004623 0.009098 -0.004476
54.850000 0.000000 0.010033 -0.010033
54.860000 0.002513 0.010840 -0.008327
54.870000 0.012559 0.011543 0.001015
54.880000 0.015205 0.012178 0.003027
54.890000 0.016109 0.012767 0.003341
54.900000 0.020061 0.013342 0.006719
54.910000 0.000068 0.013951 -0.013883
54.920000 0.015339 0.014644 0.000696
54.930000 0.011020 0.015412 -0.004393
54.940000 0.022808 0.016160 0.006648
54.950000 0.011958 0.016716 -0.004758
54.960000 0.004156 0.016900 -0.012744
54.970000 0.011155 0.016587 -0.005432
54.980000 0.008141 0.015731 -0.007590
54.990000 0.003821 0.014369 -0.010548
55.000000 0.004725 0.012627 -0.007903
55.010000 0.009111 0.010702 -0.001591
55.020000 0.011320 0.008800 0.002520
55.030000 0.004386 0.007084 -0.002698
55.040000 0.000000 0.005649 -0.005649
55.050000 0.007496 0.004527 0.002969
55.060000 0.017540 0.003700 0.013840
55.070000 0.001462 0.003118 -0.001656
55.080000 0.000000 0.002718 -0.002718
55.090000 0.008050 0.002441 0.005609
55.100000 0.000000 0.002249 -0.002249
55.110000 0.000000 0.002116 -0.002116
55.120000 0.000000 0.002031 -0.002031
55.130000 0.002059 0.001984 0.000074
55.140000 0.000000 0.001967 -0.001967
55.150000 0.007324 0.001968 0.005356
55.160000 0.000000 0.001977 -0.001977
55.170000 0.000000 0.001989 -0.001989
55.180000 0.007801 0.002011 0.005791
55.190000 0.005633 0.002066 0.003567
55.200000 0.002590 0.002193 0.000397
55.210000 0.000000 0.002453 -0.002453
55.220000 0.004333 0.002924 0.001410
55.230000 0.000000 0.003706 -0.003706
55.240000 0.000000 0.004911 -0.004911
55.250000 0.000000 0.006643 -0.006643
55.260000 0.000000 0.008969 -0.008969
55.270000 0.000000 0.011879 -0.011879
55.280000 0.000368 0.015256 -0.014888
55.290000 0.004709 0.018852 -0.014142
55.300000 0.008179 0.022286 -0.014107
55.310000 0.005118 0.025082 -0.019963
55.320000 0.011200 0.026775 -0.015575
55.330000 0.009880 0.027107 -0.017227
55.340000 0.016396 0.026173 -0.009777
55.350000 0.008545 0.024362 -0.015817
55.360000 0.009402 0.022153 -0.012751
55.370000 0.007211 0.019932 -0.012721
55.380000 0.007631 0.017923 -0.010292
55.390000 0.011100 0.016188 -0.005087
55.400000 0.013262 0.014681 -0.001419
55.410000 0.018907 0.013345 0.005562
55.420000 0.018893 0.012167 0.006726
55.430000 0.009737 0.011175 -0.001438
55.440000 0.009287 0.010394 -0.001107
55.450000 0.000000 0.009828 -0.009828
55.460000 0.010130 0.009453 0.000676
55.470000 0.009246 0.009241 0.000005
55.480000 0.000089 0.009182 -0.009093
55.490000 0.013137 0.009282 0.003855
55.500000 0.005286 0.009541 -0.004256
55.510000 0.019203 0.009918 0.009285
55.520000 0.000000 0.010327 -0.010327
55.530000 0.005248 0.010657 -0.005409
55.540000 0.002185 0.010795 -0.008610
55.550000 0.010882 0.010658 0.000224
55.560000 0.000000 0.010225 -0.010225
55.570000 0.000000 0.009570 -0.009570
55.580000 0.001702 0.008859 -0.007157
55.590000 0.006046 0.008296 -0.002250
55.600000 0.000000 0.008070 -0.008070
55.610000 0.009508 0.008311 0.001197
55.620000 0.002966 0.009073 -0.006107
55.630000 0.006441 0.010309 -0.003868
55.640000 0.007734 0.011871 -0.004136
55.650000 0.002938 0.013513 -0.010575
55.660000 0.005539 0.014918 -0.009379
55.670000 0.009885 0.015755 -0.005870
55.680000 0.001604 0.015798 -0.014194
55.690000 0.012047 0.015028 -0.002981
55.700000 0.008118 0.013646 -0.005528
55.710000 0.021607 0.011959 0.009649
55.720000 0.009844 0.010263 -0.000418
55.730000 0.003309 0.008780 -0.005471
55.740000 0.014184 0.007634 0.006550
55.750000 0.008956 0.006856 0.002101
55.760000 0.000000 0.006394 -0.006394
55.770000 0.000000 0.006150 -0.006150
55.780000 0.000000 0.006019 -0.006019
55.790000 0.000000 0.005939 -0.005939
55.800000 0.009801 0.005922 0.003879
55.810000 0.005448 0.006043 -0.000595
55.820000 0.000218 0.006407 -0.006188
55.830000 0.010666 0.007106 0.003560
55.840000 0.000000 0.008193 -0.008193
55.850000 0.003265 0.009654 -0.006389
55.860000 0.021108 0.011394 0.009713
55.870000 0.009790 0.013240 -0.003450
55.880000 0.006739 0.014953 -0.008214
55.890000 0.009790 0.016281 -0.006491
55.900000 0.010658 0.017035 -0.006377
55.910000 0.009794 0.017163 -0.007369
55.920000 0.017191 0.016773 0.000417
55.930000 0.002392 0.016093 -0.013701
55.940000 0.010664 0.015386 -0.004722
55.950000 0.023295 0.014864 0.008431
55.960000 0.009363 0.014633 -0.005269
55.970000 0.002405 0.014693 -0.012288
55.980000 0.010241 0.014971 -0.004730
55.990000 0.015035 0.015356 -0.000321
56.000000 0.012863 0.015715 -0.002852
56.010000 0.004602 0.015917 -0.011315
56.020000 0.013748 0.015869 -0.002121
56.030000 0.016808 0.015552 0.001256
56.040000 0.000000 0.015033 -0.015033
56.050000 0.007244 0.014429 -0.007185
56.060000 0.013781 0.013844 -0.000063
56.070000 0.001604 0.013323 -0.011719
56.080000 0.000000 0.012827 -0.012827
56.090000 0.005977 0.012270 -0.006293
56.100000 0.008595 0.011578 -0.002982
56.110000 0.001641 0.010744 -0.009104
56.120000 0.004699 0.009841 -0.005142
56.130000 0.005150 0.008977 -0.003827
56.140000 0.000000 0.008253 -0.008253
56.150000 0.008222 0.007732 0.000491
56.160000 0.000395 0.007425 -0.007030
56.170000 0.004327 0.007305 -0.002977
56.180000 0.010872 0.007320 0.003551
56.190000 0.008715 0.007436 0.001279
56.200000 0.002196 0.007662 -0.005466
56.210000 0.000000 0.008064 -0.008064
56.220000 0.002666 0.008721 -0.006055
56.230000 0.016616 0.009694 0.006923
56.240000 0.000000 0.010994 -0.010994
56.250000 0.006642 0.012583 -0.005940
56.260000 0.000000 0.014370 -0.014370
56.270000 0.001018 0.016244 -0.015227
56.280000 0.004082 0.018125 -0.014043
56.290000 0.002799 0.020035 -0.017236
56.300000 0.010652 0.022109 -0.011457
56.310000 0.001968 0.024499 -0.022530
56.320000 0.019402 0.027255 -0.007854
56.330000 0.000270 0.030249 -0.029979
56.340000 0.022057 0.033163 -0.011106
56.350000 0.019471 0.035558 -0.016087
56.360000 0.027327 0.037042 -0.009715
56.370000 0.033010 0.037454 -0.004444
56.380000 0.021280 0.036942 -0.015662
56.390000 0.032192 0.035849 -0.003657
56.400000 0.031779 0.034513 -0.002734
56.410000 0.040080 0.033119 0.006961
56.420000 0.021818 0.031657 -0.009839
56.430000 0.016185 0.030013 -0.013828
56.440000 0.013166 0.028121 -0.014955
56.450000 0.017550 0.026058 -0.008508
56.460000 0.007561 0.023998 -0.016437
56.470000 0.020654 0.022111 -0.001457
56.480000 0.012407 0.020502 -0.008094
56.490000 0.023756 0.019214 0.004542
56.500000 0.010724 0.018237 -0.007513
56.510000 0.009450 0.017491 -0.008041
56.520000 0.014702 0.016824 -0.002122
56.530000 0.021702 0.016056 0.005645
56.540000 0.021293 0.015060 0.006233
56.550000 0.016101 0.013813 0.002288
56.560000 0.007860 0.012403 -0.004543
56.570000 0.017037 0.010985 0.006052
56.580000 0.018374 0.009723 0.008651
56.590000 0.004480 0.008735 -0.004255
56.600000 0.003204 0.008068 -0.004864
56.610000 0.000000 0.007694 -0.007694
56.620000 0.000000 0.007518 -0.007518
56.630000 0.001567 0.007398 -0.005831
56.640000 0.002036 0.007191 -0.005155
56.650000 0.003815 0.006803 -0.002989
56.660000 0.000000 0.006225 -0.006225
56.670000 0.000000 0.005516 -0.005516
56.680000 0.015238 0.004767 0.010471
56.690000 0.000474 0.004062 -0.003588
56.700000 0.008781 0.003466 0.005316
56.710000 0.000000 0.003017 -0.003017
56.720000 0.000000 0.002732 -0.002732
56.730000 0.000000 0.002609 -0.002609
56.740000 0.000000 0.002630 -0.002630
56.750000 0.003316 0.002772 0.000544
56.760000 0.005095 0.003005 0.002090
56.770000 0.007311 0.003302 0.004009
56.780000 0.000000 0.003639 -0.003639
56.790000 0.000862 0.004007 -0.003145
56.800000 0.000000 0.004411 -0.004411
56.810000 0.003119 0.004878 -0.001759
56.820000 0.000000 0.005447 -0.005447
56.830000 0.007117 0.006171 0.000946
56.840000 0.004980 0.007112 -0.002132
56.850000 0.000000 0.008336 -0.008336
56.860000 0.015511 0.009888 0.005623
56.870000 0.002494 0.011788 -0.009294
56.880000 0.006453 0.014014 -0.007561
56.890000 0.018687 0.016520 0.002166
56.900000 0.013068 0.019255 -0.006187
56.910000 0.013983 0.022176 -0.008192
56.920000 0.014896 0.025218 -0.010322
56.930000 0.018422 0.028248 -0.009826
56.940000 0.021948 0.031036 -0.009089
56.950000 0.023734 0.033296 -0.009563
56.960000 0.029435 0.034773 -0.005338
56.970000 0.016854 0.035368 -0.018514
56.980000 0.024733 0.035206 -0.010473
56.990000 0.034791 0.034599 0.000193
57.000000 0.032222 0.033943 -0.001721
57.010000 0.018335 0.033599 -0.015264
57.020000 0.024474 0.033786 -0.009311
57.030000 0.017554 0.034489 -0.016935
57.040000 0.029788 0.035452 -0.005664
57.050000 0.022432 0.036241 -0.013809
57.060000 0.030313 0.036405 -0.006092
57.070000 0.032100 0.035685 -0.003585
57.080000 0.030839 0.034163 -0.003324
57.090000 0.032190 0.032217 -0.000027
57.100000 0.033977 0.030317 0.003660
57.110000 0.035329 0.028810 0.006519
57.120000 0.019701 0.027816 -0.008114
57.130000 0.039338 0.027193 0.012145
57.140000 0.020663 0.026587 -0.005924
57.150000 0.021579 0.025563 -0.003984
57.160000 0.006823 0.023814 -0.016991
57.170000 0.011657 0.021319 -0.009662
57.180000 0.000000 0.018312 -0.018312
57.190000 0.009136 0.015126 -0.005991
57.200000 0.005698 0.012071 -0.006373
57.210000 0.005307 0.009372 -0.004065
57.220000 0.000563 0.007157 -0.006594
57.230000 0.003219 0.005464 -0.002245
57.240000 0.005440 0.004260 0.001180
57.250000 0.002436 0.003469 -0.001033
57.260000 0.005527 0.003001 0.002526
57.270000 0.010358 0.002769 0.007589
57.280000 0.018672 0.002698 0.015973
57.290000 0.000000 0.002727 -0.002727
57.300000 0.000000 0.002799 -0.002799
57.310000 0.000000 0.002867 -0.002867
57.320000 0.003598 0.002892 0.000706
57.330000 0.000000 0.002849 -0.002849
57.340000 0.001936 0.002732 -0.000796
57.350000 0.000000 0.002551 -0.002551
57.360000 0.005060 0.002328 0.002732
57.370000 0.000000 0.002087 -0.002087
57.380000 0.003827 0.001853 0.001974
57.390000 0.000379 0.001645 -0.001266
57.400000 0.003461 0.001476 0.001984
57.410000 0.000000 0.001352 -0.001352
57.420000 0.000000 0.001273 -0.001273
57.430000 0.000000 0.001241 -0.001241
57.440000 0.000000 0.001260 -0.001260
57.450000 0.006650 0.001338 0.005312
57.460000 0.000000 0.001495 -0.001495
57.470000 0.000000 0.001760 -0.001760
57.480000 0.000181 0.002173 -0.001992
57.490000 0.000000 0.002778 -0.002778
57.500000 0.000000 0.003619 -0.003619
57.510000 0.000000 0.004724 -0.004724
57.520000 0.000000 0.006093 -0.006093
57.530000 0.006347 0.007686 -0.001338
57.540000 0.000000 0.009405 -0.009405
57.550000 0.005498 0.011105 -0.005606
57.560000 0.014215 0.012604 0.001611
57.570000 0.010306 0.013742 -0.003435
57.580000 0.005526 0.014414 -0.008887
57.590000 0.019466 0.014594 0.004872
57.600000 0.000000 0.014334 -0.014334
57.610000 0.003808 0.013750 -0.009942
57.620000 0.009909 0.012996 -0.003087
57.630000 0.002079 0.012213 -0.010134
57.640000 0.005566 0.011492 -0.005926
57.650000 0.012101 0.010860 0.001241
57.660000 0.005574 0.010286 -0.004712
57.670000 0.004271 0.009717 -0.005446
57.680000 0.003403 0.009113 -0.005710
57.690000 0.000000 0.008473 -0.008473
57.700000 0.004277 0.007844 -0.003567
57.710000 0.000000 0.007295 -0.007295
57.720000 0.010374 0.006882 0.003492
57.730000 0.005150 0.006632 -0.001482
57.740000 0.000362 0.006535 -0.006173
57.750000 0.014729 0.006554 0.008174
57.760000 0.006022 0.006651 -0.000629
57.770000 0.002974 0.006797 -0.003823
57.780000 0.000000 0.006987 -0.006987
57.790000 0.001233 0.007231 -0.005998
57.800000 0.000000 0.007561 -0.007561
57.810000 0.002974 0.008014 -0.005040
57.820000 0.015600 0.008603 0.006997
57.830000 0.009940 0.009284 0.000656
57.840000 0.004281 0.009950 -0.005670
57.850000 0.007763 0.010438 -0.002674
57.860000 0.002104 0.010577 -0.008473
57.870000 0.006022 0.010268 -0.004246
57.880000 0.016036 0.009540 0.006496
57.890000 0.009941 0.008533 0.001407
57.900000 0.001669 0.007425 -0.005755
57.910000 0.003411 0.006368 -0.002957
57.920000 0.012554 0.005467 0.007087
57.930000 0.008200 0.004772 0.003428
57.940000 0.000000 0.004283 -0.004283
57.950000 0.004283 0.003972 0.000311
57.960000 0.014297 0.003799 0.010497
57.970000 0.002978 0.003743 -0.000765
57.980000 0.002108 0.003795 -0.001688
57.990000 0.000000 0.003956 -0.003956
58.000000 0.000000 0.004211 -0.004211
58.010000 0.013864 0.004526 0.009338
58.020000 0.006028 0.004841 0.001187
58.030000 0.001240 0.005081 -0.003841
58.040000 0.000000 0.005172 -0.005172
58.050000 0.009077 0.005076 0.004001
58.060000 0.000000 0.004809 -0.004809
58.070000 0.000000 0.004438 -0.004438
58.080000 0.000000 0.004059 -0.004059
58.090000 0.000374 0.003776 -0.003402
58.100000 0.000000 0.003684 -0.003684
58.110000 0.000000 0.003869 -0.003869
58.120000 0.004296 0.004399 -0.000103
58.130000 0.004732 0.005314 -0.000582
58.140000 0.004298 0.006621 -0.002323
58.150000 0.000000 0.008273 -0.008273
58.160000 0.003865 0.010164 -0.006299
58.170000 0.004301 0.012118 -0.007816
58.180000 0.013881 0.013908 -0.000027
58.190000 0.012576 0.015294 -0.002719
58.200000 0.009530 0.016076 -0.006546
58.210000 0.013449 0.016153 -0.002704
58.220000 0.014757 0.015584 -0.000827
58.230000 0.004310 0.014590 -0.010280
58.240000 0.005183 0.013495 -0.008313
58.250000 0.020857 0.012629 0.008227
58.260000 0.015199 0.012246 0.002953
58.270000 0.013024 0.012476 0.000547
58.280000 0.004754 0.013313 -0.008559
58.290000 0.016510 0.014602 0.001908
58.300000 0.014771 0.016062 -0.001292
58.310000 0.016949 0.017334 -0.000385
58.320000 0.008679 0.018063 -0.009383
58.330000 0.011729 0.018008 -0.006280
58.340000 0.013472 0.017103 -0.003630
58.350000 0.010862 0.015462 -0.004600
58.360000 0.012170 0.013336 -0.001166
58.370000 0.000000 0.011023 -0.011023
58.380000 0.008256 0.008786 -0.000530
58.390000 0.004340 0.006806 -0.002466
58.400000 0.005213 0.005180 0.000032
58.410000 0.013051 0.003932 0.009119
58.420000 0.001299 0.003033 -0.001734
58.430000 0.006525 0.002426 0.004099
58.440000 0.000000 0.002048 -0.002048
58.450000 0.005224 0.001845 0.003379
58.460000 0.000000 0.001778 -0.001778
58.470000 0.000000 0.001836 -0.001836
58.480000 0.005666 0.002029 0.003638
58.490000 0.006104 0.002387 0.003718
58.500000 0.002624 0.002958 -0.000334
58.510000 0.008721 0.003793 0.004928
58.520000 0.000000 0.004933 -0.004933
58.530000 0.000000 0.006389 -0.006389
58.540000 0.009600 0.008120 0.001479
58.550000 0.004378 0.010030 -0.005652
58.560000 0.000000 0.011954 -0.011954
58.570000 0.005254 0.013675 -0.008421
58.580000 0.013964 0.014972 -0.001008
58.590000 0.006566 0.015708 -0.009142
58.600000 0.004827 0.015918 -0.011090
58.610000 0.006136 0.015795 -0.009659
58.620000 0.003092 0.015594 -0.012502
58.630000 0.014414 0.015526 -0.001112
58.640000 0.010064 0.015718 -0.005654
58.650000 0.012679 0.016192 -0.003513
58.660000 0.021390 0.016866 0.004524
58.670000 0.018780 0.017559 0.001221
58.680000 0.010513 0.018034 -0.007522
58.690000 0.009645 0.018063 -0.008419
58.700000 0.015309 0.017538 -0.002229
58.710000 0.002251 0.016539 -0.014288
58.720000 0.006175 0.015301 -0.009127
58.730000 0.015755 0.014097 0.001659
58.740000 0.007488 0.013136 -0.005647
58.750000 0.017069 0.012521 0.004549
58.760000 0.002707 0.012233 -0.009527
58.770000 0.000970 0.012148 -0.011177
58.780000 0.000105 0.012078 -0.011973
58.790000 0.021440 0.011846 0.009595
58.800000 0.028848 0.011331 0.017517
58.810000 0.000000 0.010489 -0.010489
58.820000 0.007089 0.009361 -0.002272
58.830000 0.007094 0.008057 -0.000964
58.840000 0.015372 0.006717 0.008655
58.850000 0.001010 0.005465 -0.004456
58.860000 0.000000 0.004384 -0.004384
58.870000 0.000000 0.003518 -0.003518
58.880000 0.000000 0.002875 -0.002875
58.890000 0.000598 0.002443 -0.001845
58.900000 0.000000 0.002201 -0.002201
58.910000 0.000000 0.002132 -0.002132
58.920000 0.000000 0.002233 -0.002233
58.930000 0.000000 0.002514 -0.002514
58.940000 0.000000 0.003003 -0.003003
58.950000 0.000000 0.003732 -0.003732
58.960000 0.017630 0.004732 0.012899
58.970000 0.005011 0.006015 -0.001004
58.980000 0.000232 0.007566 -0.007334
58.990000 0.000000 0.009334 -0.009334
59.000000 0.004166 0.011222 -0.007056
59.010000 0.002870 0.013098 -0.010228
59.020000 0.012895 0.014826 -0.001930
59.030000 0.012467 0.016322 -0.003855
59.040000 0.008997 0.017586 -0.008589
59.050000 0.000000 0.018660 -0.018660
59.060000 0.013808 0.019561 -0.005754
59.070000 0.008592 0.020266 -0.011673
59.080000 0.021670 0.020763 0.000906
59.090000 0.033866 0.021127 0.012739
59.100000 0.018646 0.021514 -0.002868
59.110000 0.008204 0.022071 -0.013867
59.120000 0.013447 0.022844 -0.009397
59.130000 0.013890 0.023742 -0.009853
59.140000 0.015215 0.024569 -0.009354
59.150000 0.014787 0.025072 -0.010285
59.160000 0.017420 0.024995 -0.007575
59.170000 0.009592 0.024140 -0.014548
59.180000 0.011354 0.022462 -0.011108
59.190000 0.004397 0.020119 -0.015722
59.200000 0.007027 0.017428 -0.010401
59.210000 0.011830 0.014756 -0.002927
59.220000 0.012719 0.012424 0.000295
59.230000 0.002719 0.010656 -0.007938
59.240000 0.000000 0.009569 -0.009569
59.250000 0.000000 0.009173 -0.009173
59.260000 0.000000 0.009390 -0.009390
59.270000 0.006271 0.010074 -0.003802
59.280000 0.005858 0.011040 -0.005182
59.290000 0.008922 0.012101 -0.003179
59.300000 0.015040 0.013106 0.001934
59.310000 0.011139 0.014000 -0.002862
59.320000 0.002891 0.014838 -0.011947
59.330000 0.014661 0.015734 -0.001072
59.340000 0.005543 0.016764 -0.011221
59.350000 0.021234 0.017894 0.003340
59.360000 0.018213 0.018953 -0.000741
59.370000 0.010832 0.019655 -0.008824
59.380000 0.021745 0.019691 0.002054
59.390000 0.012186 0.018874 -0.006688
59.400000 0.006988 0.017246 -0.010258
59.410000 0.007446 0.015054 -0.007608
59.420000 0.011825 0.012628 -0.000803
59.430000 0.005756 0.010279 -0.004522
59.440000 0.012750 0.008243 0.004508
59.450000 0.009292 0.006676 0.002616
59.460000 0.014549 0.005654 0.008895
59.470000 0.004123 0.005182 -0.001059
59.480000 0.000000 0.005214 -0.005214
59.490000 0.000000 0.005657 -0.005657
59.500000 0.003342 0.006388 -0.003046
59.510000 0.009900 0.007250 0.002650
59.520000 0.003405 0.008066 -0.004661
59.530000 0.000000 0.008649 -0.008649
59.540000 0.000000 0.008849 -0.008849
59.550000 0.010028 0.008616 0.001412
59.560000 0.001358 0.008024 -0.006666
59.570000 0.002693 0.007232 -0.004539
59.580000 0.010131 0.006419 0.003712
59.590000 0.008422 0.005735 0.002687
59.600000 0.009331 0.005281 0.004050
59.610000 0.000657 0.005104 -0.004447
59.620000 0.012889 0.005199 0.007690
59.630000 0.007261 0.005517 0.001744
59.640000 0.012090 0.005979 0.006111
59.650000 0.009949 0.006494 0.003456
59.660000 0.008248 0.006982 0.001266
59.670000 0.011770 0.007400 0.004370
59.680000 0.003977 0.007737 -0.003760
59.690000 0.007933 0.008001 -0.000068
59.700000 0.000000 0.008183 -0.008183
59.710000 0.016724 0.008254 0.008470
59.720000 0.005014 0.008188 -0.003174
59.730000 0.012022 0.007978 0.004043
59.740000 0.006410 0.007634 -0.001224
59.750000 0.007322 0.007157 0.000165
59.760000 0.008678 0.006548 0.002130
59.770000 0.000000 0.005829 -0.005829
59.780000 0.003110 0.005053 -0.001943
59.790000 0.007074 0.004288 0.002786
59.800000 0.009303 0.003595 0.005708
59.810000 0.008478 0.003013 0.005465
59.820000 0.000000 0.002558 -0.002558
59.830000 0.000000 0.002227 -0.002227
59.840000 0.012113 0.002001 0.010112
59.850000 0.003023 0.001855 0.001168
59.860000 0.016573 0.001760 0.014813
59.870000 0.000519 0.001694 -0.001174
59.880000 0.000000 0.001643 -0.001643
59.890000 0.003679 0.001620 0.002059
