3.00000	606.00000
3.00500	634.00000
3.01000	667.00000
3.01500	627.00000
3.02000	628.00000
3.02500	604.00000
3.03000	608.00000
3.03500	603.00000
3.04000	583.00000
3.04500	617.00000
3.05000	598.00000
3.05500	572.00000
3.06000	605.00000
3.06500	615.00000
3.07000	609.00000
3.07500	590.00000
3.08000	578.00000
3.08500	588.00000
3.09000	555.00000
3.09500	552.00000
3.10000	574.00000
3.10500	573.00000
3.11000	577.00000
3.11500	610.00000
3.12000	560.00000
3.12500	548.00000
3.13000	550.00000
3.13500	576.00000
3.14000	584.00000
3.14500	556.00000
3.15000	526.00000
3.15500	547.00000
3.16000	565.00000
3.16500	591.00000
3.17000	597.00000
3.17500	597.00000
3.18000	580.00000
3.18500	599.00000
3.19000	593.00000
3.19500	590.00000
3.20000	566.00000
3.20500	562.00000
3.21000	544.00000
3.21500	541.00000
3.22000	542.00000
3.22500	552.00000
3.23000	511.00000
3.23500	563.00000
3.24000	584.00000
3.24500	584.00000
3.25000	578.00000
3.25500	558.00000
3.26000	533.00000
3.26500	541.00000
3.27000	555.00000
3.27500	556.00000
3.28000	583.00000
3.28500	553.00000
3.29000	548.00000
3.29500	547.00000
3.30000	511.00000
3.30500	528.00000
3.31000	537.00000
3.31500	521.00000
3.32000	543.00000
3.32500	518.00000
3.33000	500.00000
3.33500	516.00000
3.34000	545.00000
3.34500	570.00000
3.35000	545.00000
3.35500	543.00000
3.36000	545.00000
3.36500	519.00000
3.37000	489.00000
3.37500	532.00000
3.38000	542.00000
3.38500	557.00000
3.39000	562.00000
3.39500	551.00000
3.40000	527.00000
3.40500	546.00000
3.41000	549.00000
3.41500	521.00000
3.42000	510.00000
3.42500	503.00000
3.43000	491.00000
3.43500	512.00000
3.44000	504.00000
3.44500	514.00000
3.45000	526.00000
3.45500	540.00000
3.46000	527.00000
3.46500	528.00000
3.47000	522.00000
3.47500	510.00000
3.48000	499.00000
3.48500	499.00000
3.49000	485.00000
3.49500	491.00000
3.50000	486.00000
3.50500	500.00000
3.51000	504.00000
3.51500	495.00000
3.52000	518.00000
3.52500	509.00000
3.53000	477.00000
3.53500	516.00000
3.54000	524.00000
3.54500	530.00000
3.55000	496.00000
3.55500	465.00000
3.56000	459.00000
3.56500	474.00000
3.57000	479.00000
3.57500	485.00000
3.58000	494.00000
3.58500	485.00000
3.59000	464.00000
3.59500	488.00000
3.60000	507.00000
3.60500	508.00000
3.61000	476.00000
3.61500	480.00000
3.62000	488.00000
3.62500	495.00000
3.63000	471.00000
3.63500	480.00000
3.64000	508.00000
3.64500	520.00000
3.65000	479.00000
3.65500	487.00000
3.66000	480.00000
3.66500	460.00000
3.67000	465.00000
3.67500	455.00000
3.68000	479.00000
3.68500	469.00000
3.69000	457.00000
3.69500	469.00000
3.70000	475.00000
3.70500	486.00000
3.71000	493.00000
3.71500	483.00000
3.72000	482.00000
3.72500	533.00000
3.73000	484.00000
3.73500	506.00000
3.74000	568.00000
3.74500	532.00000
3.75000	504.00000
3.75500	506.00000
3.76000	499.00000
3.76500	483.00000
3.77000	454.00000
3.77500	469.00000
3.78000	455.00000
3.78500	459.00000
3.79000	451.00000
3.79500	503.00000
3.80000	473.00000
3.80500	458.00000
3.81000	472.00000
3.81500	460.00000
3.82000	472.00000
3.82500	495.00000
3.83000	470.00000
3.83500	467.00000
3.84000	496.00000
3.84500	493.00000
3.85000	450.00000
3.85500	453.00000
3.86000	464.00000
3.86500	458.00000
3.87000	463.00000
3.87500	452.00000
3.88000	465.00000
3.88500	444.00000
3.89000	486.00000
3.89500	486.00000
3.90000	479.00000
3.90500	473.00000
3.91000	468.00000
3.91500	484.00000
3.92000	444.00000
3.92500	430.00000
3.93000	451.00000
3.93500	448.00000
3.94000	450.00000
3.94500	439.00000
3.95000	425.00000
3.95500	388.00000
3.96000	398.00000
3.96500	419.00000
3.97000	415.00000
3.97500	425.00000
3.98000	445.00000
3.98500	434.00000
3.99000	417.00000
3.99500	414.00000
4.00000	439.00000
4.00500	442.00000
4.01000	485.00000
4.01500	495.00000
4.02000	463.00000
4.02500	475.00000
4.03000	468.00000
4.03500	475.00000
4.04000	480.00000
4.04500	493.00000
4.05000	467.00000
4.05500	422.00000
4.06000	426.00000
4.06500	418.00000
4.07000	421.00000
4.07500	423.00000
4.08000	426.00000
4.08500	430.00000
4.09000	431.00000
4.09500	419.00000
4.10000	484.00000
4.10500	453.00000
4.11000	425.00000
4.11500	395.00000
4.12000	433.00000
4.12500	467.00000
4.13000	474.00000
4.13500	439.00000
4.14000	423.00000
4.14500	448.00000
4.15000	423.00000
4.15500	412.00000
4.16000	429.00000
4.16500	442.00000
4.17000	429.00000
4.17500	408.00000
4.18000	415.00000
4.18500	468.00000
4.19000	487.00000
4.19500	445.00000
4.20000	465.00000
4.20500	457.00000
4.21000	452.00000
4.21500	463.00000
4.22000	434.00000
4.22500	444.00000
4.23000	429.00000
4.23500	439.00000
4.24000	444.00000
4.24500	428.00000
4.25000	430.00000
4.25500	470.00000
4.26000	465.00000
4.26500	445.00000
4.27000	424.00000
4.27500	436.00000
4.28000	419.00000
4.28500	450.00000
4.29000	431.00000
4.29500	417.00000
4.30000	412.00000
4.30500	423.00000
4.31000	417.00000
4.31500	434.00000
4.32000	440.00000
4.32500	437.00000
4.33000	411.00000
4.33500	426.00000
4.34000	434.00000
4.34500	435.00000
4.35000	453.00000
4.35500	415.00000
4.36000	407.00000
4.36500	389.00000
4.37000	401.00000
4.37500	435.00000
4.38000	424.00000
4.38500	409.00000
4.39000	400.00000
4.39500	410.00000
4.40000	407.00000
4.40500	443.00000
4.41000	442.00000
4.41500	444.00000
4.42000	441.00000
4.42500	414.00000
4.43000	430.00000
4.43500	446.00000
4.44000	458.00000
4.44500	457.00000
4.45000	457.00000
4.45500	433.00000
4.46000	422.00000
4.46500	414.00000
4.47000	399.00000
4.47500	427.00000
4.48000	420.00000
4.48500	414.00000
4.49000	423.00000
4.49500	444.00000
4.50000	481.00000
4.50500	474.00000
4.51000	446.00000
4.51500	435.00000
4.52000	459.00000
4.52500	430.00000
4.53000	414.00000
4.53500	410.00000
4.54000	408.00000
4.54500	458.00000
4.55000	463.00000
4.55500	410.00000
4.56000	406.00000
4.56500	411.00000
4.57000	373.00000
4.57500	374.00000
4.58000	384.00000
4.58500	419.00000
4.59000	410.00000
4.59500	438.00000
4.60000	426.00000
4.60500	431.00000
4.61000	415.00000
4.61500	404.00000
4.62000	407.00000
4.62500	392.00000
4.63000	391.00000
4.63500	406.00000
4.64000	421.00000
4.64500	441.00000
4.65000	425.00000
4.65500	423.00000
4.66000	418.00000
4.66500	418.00000
4.67000	400.00000
4.67500	395.00000
4.68000	413.00000
4.68500	404.00000
4.69000	389.00000
4.69500	403.00000
4.70000	414.00000
4.70500	408.00000
4.71000	401.00000
4.71500	401.00000
4.72000	408.00000
4.72500	411.00000
4.73000	389.00000
4.73500	409.00000
4.74000	420.00000
4.74500	421.00000
4.75000	422.00000
4.75500	433.00000
4.76000	455.00000
4.76500	456.00000
4.77000	400.00000
4.77500	410.00000
4.78000	423.00000
4.78500	410.00000
4.79000	424.00000
4.79500	427.00000
4.80000	430.00000
4.80500	418.00000
4.81000	438.00000
4.81500	448.00000
4.82000	452.00000
4.82500	422.00000
4.83000	417.00000
4.83500	438.00000
4.84000	433.00000
4.84500	418.00000
4.85000	427.00000
4.85500	420.00000
4.86000	417.00000
4.86500	455.00000
4.87000	434.00000
4.87500	430.00000
4.88000	425.00000
4.88500	416.00000
4.89000	420.00000
4.89500	444.00000
4.90000	466.00000
4.90500	432.00000
4.91000	411.00000
4.91500	404.00000
4.92000	414.00000
4.92500	415.00000
4.93000	385.00000
4.93500	408.00000
4.94000	428.00000
4.94500	425.00000
4.95000	398.00000
4.95500	376.00000
4.96000	391.00000
4.96500	410.00000
4.97000	414.00000
4.97500	425.00000
4.98000	435.00000
4.98500	422.00000
4.99000	400.00000
4.99500	427.00000
5.00000	428.00000
5.00500	433.00000
5.01000	419.00000
5.01500	438.00000
5.02000	433.00000
5.02500	416.00000
5.03000	394.00000
5.03500	429.00000
5.04000	419.00000
5.04500	413.00000
5.05000	420.00000
5.05500	456.00000
5.06000	457.00000
5.06500	437.00000
5.07000	463.00000
5.07500	441.00000
5.08000	430.00000
5.08500	430.00000
5.09000	419.00000
5.09500	430.00000
5.10000	419.00000
5.10500	434.00000
5.11000	438.00000
5.11500	440.00000
5.12000	438.00000
5.12500	406.00000
5.13000	394.00000
5.13500	420.00000
5.14000	429.00000
5.14500	425.00000
5.15000	407.00000
5.15500	411.00000
5.16000	429.00000
5.16500	421.00000
5.17000	459.00000
5.17500	468.00000
5.18000	450.00000
5.18500	452.00000
5.19000	435.00000
5.19500	417.00000
5.20000	383.00000
5.20500	401.00000
5.21000	431.00000
5.21500	406.00000
5.22000	401.00000
5.22500	398.00000
5.23000	400.00000
5.23500	419.00000
5.24000	417.00000
5.24500	438.00000
5.25000	438.00000
5.25500	445.00000
5.26000	431.00000
5.26500	422.00000
5.27000	391.00000
5.27500	402.00000
5.28000	400.00000
5.28500	449.00000
5.29000	438.00000
5.29500	436.00000
5.30000	410.00000
5.30500	422.00000
5.31000	426.00000
5.31500	439.00000
5.32000	440.00000
5.32500	434.00000
5.33000	409.00000
5.33500	424.00000
5.34000	419.00000
5.34500	411.00000
5.35000	417.00000
5.35500	437.00000
5.36000	427.00000
5.36500	422.00000
5.37000	390.00000
5.37500	428.00000
5.38000	443.00000
5.38500	435.00000
5.39000	431.00000
5.39500	422.00000
5.40000	451.00000
5.40500	424.00000
5.41000	442.00000
5.41500	423.00000
5.42000	416.00000
5.42500	414.00000
5.43000	386.00000
5.43500	445.00000
5.44000	430.00000
5.44500	424.00000
5.45000	433.00000
5.45500	442.00000
5.46000	428.00000
5.46500	421.00000
5.47000	406.00000
5.47500	434.00000
5.48000	450.00000
5.48500	437.00000
5.49000	400.00000
5.49500	420.00000
5.50000	418.00000
5.50500	434.00000
5.51000	466.00000
5.51500	447.00000
5.52000	416.00000
5.52500	427.00000
5.53000	397.00000
5.53500	401.00000
5.54000	428.00000
5.54500	429.00000
5.55000	397.00000
5.55500	436.00000
5.56000	455.00000
5.56500	438.00000
5.57000	421.00000
5.57500	421.00000
5.58000	456.00000
5.58500	445.00000
5.59000	451.00000
5.59500	442.00000
5.60000	428.00000
5.60500	411.00000
5.61000	399.00000
5.61500	422.00000
5.62000	417.00000
5.62500	423.00000
5.63000	408.00000
5.63500	409.00000
5.64000	433.00000
5.64500	422.00000
5.65000	448.00000
5.65500	457.00000
5.66000	451.00000
5.66500	420.00000
5.67000	401.00000
5.67500	420.00000
5.68000	456.00000
5.68500	485.00000
5.69000	464.00000
5.69500	437.00000
5.70000	453.00000
5.70500	457.00000
5.71000	458.00000
5.71500	422.00000
5.72000	398.00000
5.72500	403.00000
5.73000	378.00000
5.73500	375.00000
5.74000	389.00000
5.74500	406.00000
5.75000	404.00000
5.75500	434.00000
5.76000	433.00000
5.76500	411.00000
5.77000	399.00000
5.77500	431.00000
5.78000	423.00000
5.78500	399.00000
5.79000	439.00000
5.79500	424.00000
5.80000	421.00000
5.80500	447.00000
5.81000	441.00000
5.81500	428.00000
5.82000	432.00000
5.82500	417.00000
5.83000	410.00000
5.83500	427.00000
5.84000	431.00000
5.84500	454.00000
5.85000	472.00000
5.85500	454.00000
5.86000	443.00000
5.86500	429.00000
5.87000	400.00000
5.87500	397.00000
5.88000	405.00000
5.88500	402.00000
5.89000	413.00000
5.89500	417.00000
5.90000	402.00000
5.90500	403.00000
5.91000	414.00000
5.91500	415.00000
5.92000	391.00000
5.92500	389.00000
5.93000	401.00000
5.93500	414.00000
5.94000	425.00000
5.94500	432.00000
5.95000	428.00000
5.95500	418.00000
5.96000	403.00000
5.96500	435.00000
5.97000	412.00000
5.97500	406.00000
5.98000	406.00000
5.98500	426.00000
5.99000	435.00000
5.99500	399.00000
6.00000	394.00000
6.00500	434.00000
6.01000	420.00000
6.01500	434.00000
6.02000	431.00000
6.02500	448.00000
6.03000	421.00000
6.03500	425.00000
6.04000	415.00000
6.04500	436.00000
6.05000	410.00000
6.05500	390.00000
6.06000	383.00000
6.06500	390.00000
6.07000	414.00000
6.07500	408.00000
6.08000	402.00000
6.08500	411.00000
6.09000	407.00000
6.09500	397.00000
6.10000	411.00000
6.10500	422.00000
6.11000	434.00000
6.11500	442.00000
6.12000	417.00000
6.12500	402.00000
6.13000	404.00000
6.13500	415.00000
6.14000	408.00000
6.14500	412.00000
6.15000	406.00000
6.15500	402.00000
6.16000	394.00000
6.16500	381.00000
6.17000	380.00000
6.17500	431.00000
6.18000	445.00000
6.18500	436.00000
6.19000	427.00000
6.19500	424.00000
6.20000	425.00000
6.20500	445.00000
6.21000	443.00000
6.21500	416.00000
6.22000	413.00000
6.22500	396.00000
6.23000	420.00000
6.23500	420.00000
6.24000	424.00000
6.24500	415.00000
6.25000	395.00000
6.25500	403.00000
6.26000	415.00000
6.26500	429.00000
6.27000	438.00000
6.27500	420.00000
6.28000	449.00000
6.28500	446.00000
6.29000	435.00000
6.29500	416.00000
6.30000	409.00000
6.30500	428.00000
6.31000	440.00000
6.31500	415.00000
6.32000	414.00000
6.32500	417.00000
6.33000	394.00000
6.33500	447.00000
6.34000	440.00000
6.34500	430.00000
6.35000	413.00000
6.35500	401.00000
6.36000	396.00000
6.36500	435.00000
6.37000	452.00000
6.37500	442.00000
6.38000	449.00000
6.38500	443.00000
6.39000	419.00000
6.39500	407.00000
6.40000	413.00000
6.40500	413.00000
6.41000	433.00000
6.41500	412.00000
6.42000	409.00000
6.42500	417.00000
6.43000	426.00000
6.43500	463.00000
6.44000	448.00000
6.44500	428.00000
6.45000	411.00000
6.45500	395.00000
6.46000	398.00000
6.46500	409.00000
6.47000	463.00000
6.47500	456.00000
6.48000	436.00000
6.48500	428.00000
6.49000	412.00000
6.49500	416.00000
6.50000	402.00000
6.50500	410.00000
6.51000	435.00000
6.51500	442.00000
6.52000	429.00000
6.52500	400.00000
6.53000	380.00000
6.53500	408.00000
6.54000	417.00000
6.54500	415.00000
6.55000	413.00000
6.55500	413.00000
6.56000	417.00000
6.56500	418.00000
6.57000	406.00000
6.57500	433.00000
6.58000	428.00000
6.58500	435.00000
6.59000	407.00000
6.59500	404.00000
6.60000	413.00000
6.60500	420.00000
6.61000	422.00000
6.61500	422.00000
6.62000	428.00000
6.62500	419.00000
6.63000	409.00000
6.63500	424.00000
6.64000	418.00000
6.64500	407.00000
6.65000	389.00000
6.65500	409.00000
6.66000	419.00000
6.66500	405.00000
6.67000	422.00000
6.67500	418.00000
6.68000	419.00000
6.68500	410.00000
6.69000	414.00000
6.69500	403.00000
6.70000	402.00000
6.70500	392.00000
6.71000	402.00000
6.71500	395.00000
6.72000	394.00000
6.72500	404.00000
6.73000	408.00000
6.73500	433.00000
6.74000	427.00000
6.74500	420.00000
6.75000	422.00000
6.75500	430.00000
6.76000	440.00000
6.76500	412.00000
6.77000	398.00000
6.77500	390.00000
6.78000	426.00000
6.78500	414.00000
6.79000	415.00000
6.79500	415.00000
6.80000	431.00000
6.80500	466.00000
6.81000	448.00000
6.81500	428.00000
6.82000	436.00000
6.82500	407.00000
6.83000	409.00000
6.83500	409.00000
6.84000	428.00000
6.84500	442.00000
6.85000	424.00000
6.85500	416.00000
6.86000	421.00000
6.86500	430.00000
6.87000	447.00000
6.87500	435.00000
6.88000	414.00000
6.88500	410.00000
6.89000	415.00000
6.89500	460.00000
6.90000	432.00000
6.90500	420.00000
6.91000	404.00000
6.91500	394.00000
6.92000	403.00000
6.92500	411.00000
6.93000	413.00000
6.93500	412.00000
6.94000	421.00000
6.94500	419.00000
6.95000	417.00000
6.95500	410.00000
6.96000	401.00000
6.96500	415.00000
6.97000	429.00000
6.97500	447.00000
6.98000	447.00000
6.98500	467.00000
6.99000	471.00000
6.99500	455.00000
7.00000	454.00000
7.00500	442.00000
7.01000	442.00000
7.01500	437.00000
7.02000	432.00000
7.02500	420.00000
7.03000	421.00000
7.03500	432.00000
7.04000	435.00000
7.04500	445.00000
7.05000	435.00000
7.05500	417.00000
7.06000	409.00000
7.06500	400.00000
7.07000	422.00000
7.07500	428.00000
7.08000	415.00000
7.08500	410.00000
7.09000	441.00000
7.09500	447.00000
7.10000	471.00000
7.10500	465.00000
7.11000	451.00000
7.11500	432.00000
7.12000	430.00000
7.12500	426.00000
7.13000	400.00000
7.13500	411.00000
7.14000	409.00000
7.14500	442.00000
7.15000	421.00000
7.15500	456.00000
7.16000	467.00000
7.16500	465.00000
7.17000	426.00000
7.17500	418.00000
7.18000	418.00000
7.18500	405.00000
7.19000	397.00000
7.19500	419.00000
7.20000	461.00000
7.20500	442.00000
7.21000	435.00000
7.21500	423.00000
7.22000	430.00000
7.22500	408.00000
7.23000	401.00000
7.23500	406.00000
7.24000	420.00000
7.24500	426.00000
7.25000	407.00000
7.25500	447.00000
7.26000	447.00000
7.26500	448.00000
7.27000	428.00000
7.27500	443.00000
7.28000	432.00000
7.28500	441.00000
7.29000	419.00000
7.29500	440.00000
7.30000	416.00000
7.30500	407.00000
7.31000	422.00000
7.31500	427.00000
7.32000	442.00000
7.32500	390.00000
7.33000	378.00000
7.33500	390.00000
7.34000	430.00000
7.34500	449.00000
7.35000	429.00000
7.35500	421.00000
7.36000	443.00000
7.36500	448.00000
7.37000	445.00000
7.37500	437.00000
7.38000	439.00000
7.38500	415.00000
7.39000	401.00000
7.39500	402.00000
7.40000	417.00000
7.40500	429.00000
7.41000	446.00000
7.41500	435.00000
7.42000	428.00000
7.42500	418.00000
7.43000	427.00000
7.43500	436.00000
7.44000	424.00000
7.44500	409.00000
7.45000	430.00000
7.45500	434.00000
7.46000	428.00000
7.46500	425.00000
7.47000	413.00000
7.47500	418.00000
7.48000	427.00000
7.48500	457.00000
7.49000	461.00000
7.49500	455.00000
7.50000	436.00000
7.50500	442.00000
7.51000	465.00000
7.51500	436.00000
7.52000	429.00000
7.52500	432.00000
7.53000	408.00000
7.53500	404.00000
7.54000	393.00000
7.54500	398.00000
7.55000	413.00000
7.55500	432.00000
7.56000	437.00000
7.56500	413.00000
7.57000	400.00000
7.57500	412.00000
7.58000	412.00000
7.58500	407.00000
7.59000	406.00000
7.59500	396.00000
7.60000	397.00000
7.60500	411.00000
7.61000	420.00000
7.61500	423.00000
7.62000	416.00000
7.62500	384.00000
7.63000	385.00000
7.63500	436.00000
7.64000	468.00000
7.64500	426.00000
7.65000	417.00000
7.65500	406.00000
7.66000	427.00000
7.66500	429.00000
7.67000	432.00000
7.67500	427.00000
7.68000	442.00000
7.68500	432.00000
7.69000	400.00000
7.69500	408.00000
7.70000	410.00000
7.70500	462.00000
7.71000	491.00000
7.71500	465.00000
7.72000	455.00000
7.72500	433.00000
7.73000	406.00000
7.73500	424.00000
7.74000	437.00000
7.74500	439.00000
7.75000	447.00000
7.75500	415.00000
7.76000	388.00000
7.76500	393.00000
7.77000	382.00000
7.77500	390.00000
7.78000	410.00000
7.78500	411.00000
7.79000	421.00000
7.79500	416.00000
7.80000	417.00000
7.80500	441.00000
7.81000	458.00000
7.81500	440.00000
7.82000	444.00000
7.82500	428.00000
7.83000	417.00000
7.83500	446.00000
7.84000	442.00000
7.84500	447.00000
7.85000	459.00000
7.85500	432.00000
7.86000	411.00000
7.86500	399.00000
7.87000	398.00000
7.87500	413.00000
7.88000	425.00000
7.88500	432.00000
7.89000	447.00000
7.89500	436.00000
7.90000	412.00000
7.90500	428.00000
7.91000	409.00000
7.91500	412.00000
7.92000	419.00000
7.92500	406.00000
7.93000	390.00000
7.93500	382.00000
7.94000	419.00000
7.94500	447.00000
7.95000	434.00000
7.95500	444.00000
7.96000	432.00000
7.96500	420.00000
7.97000	442.00000
7.97500	432.00000
7.98000	429.00000
7.98500	465.00000
7.99000	462.00000
7.99500	420.00000
8.00000	418.00000
8.00500	408.00000
8.01000	421.00000
8.01500	431.00000
8.02000	435.00000
8.02500	445.00000
8.03000	432.00000
8.03500	415.00000
8.04000	425.00000
8.04500	437.00000
8.05000	409.00000
8.05500	412.00000
8.06000	432.00000
8.06500	408.00000
8.07000	402.00000
8.07500	399.00000
8.08000	399.00000
8.08500	437.00000
8.09000	438.00000
8.09500	412.00000
8.10000	381.00000
8.10500	416.00000
8.11000	401.00000
8.11500	388.00000
8.12000	396.00000
8.12500	401.00000
8.13000	412.00000
8.13500	429.00000
8.14000	414.00000
8.14500	403.00000
8.15000	406.00000
8.15500	410.00000
8.16000	410.00000
8.16500	401.00000
8.17000	390.00000
8.17500	377.00000
8.18000	374.00000
8.18500	402.00000
8.19000	386.00000
8.19500	407.00000
8.20000	419.00000
8.20500	421.00000
8.21000	433.00000
8.21500	424.00000
8.22000	432.00000
8.22500	395.00000
8.23000	376.00000
8.23500	386.00000
8.24000	387.00000
8.24500	417.00000
8.25000	421.00000
8.25500	436.00000
8.26000	425.00000
8.26500	421.00000
8.27000	415.00000
8.27500	430.00000
8.28000	421.00000
8.28500	395.00000
8.29000	393.00000
8.29500	405.00000
8.30000	387.00000
8.30500	410.00000
8.31000	433.00000
8.31500	452.00000
8.32000	431.00000
8.32500	408.00000
8.33000	391.00000
8.33500	431.00000
8.34000	421.00000
8.34500	419.00000
8.35000	408.00000
8.35500	403.00000
8.36000	407.00000
8.36500	399.00000
8.37000	378.00000
8.37500	401.00000
8.38000	419.00000
8.38500	397.00000
8.39000	395.00000
8.39500	428.00000
8.40000	425.00000
8.40500	427.00000
8.41000	421.00000
8.41500	420.00000
8.42000	430.00000
8.42500	420.00000
8.43000	421.00000
8.43500	432.00000
8.44000	437.00000
8.44500	430.00000
8.45000	420.00000
8.45500	405.00000
8.46000	413.00000
8.46500	428.00000
8.47000	395.00000
8.47500	410.00000
8.48000	398.00000
8.48500	408.00000
8.49000	422.00000
8.49500	433.00000
8.50000	418.00000
8.50500	436.00000
8.51000	427.00000
8.51500	429.00000
8.52000	448.00000
8.52500	441.00000
8.53000	416.00000
8.53500	408.00000
8.54000	405.00000
8.54500	412.00000
8.55000	416.00000
8.55500	415.00000
8.56000	413.00000
8.56500	406.00000
8.57000	397.00000
8.57500	395.00000
8.58000	395.00000
8.58500	392.00000
8.59000	415.00000
8.59500	398.00000
8.60000	391.00000
8.60500	415.00000
8.61000	417.00000
8.61500	419.00000
8.62000	435.00000
8.62500	403.00000
8.63000	373.00000
8.63500	405.00000
8.64000	419.00000
8.64500	436.00000
8.65000	408.00000
8.65500	395.00000
8.66000	409.00000
8.66500	403.00000
8.67000	374.00000
8.67500	377.00000
8.68000	395.00000
8.68500	430.00000
8.69000	441.00000
8.69500	435.00000
8.70000	446.00000
8.70500	444.00000
8.71000	421.00000
8.71500	423.00000
8.72000	407.00000
8.72500	370.00000
8.73000	384.00000
8.73500	382.00000
8.74000	391.00000
8.74500	402.00000
8.75000	419.00000
8.75500	423.00000
8.76000	417.00000
8.76500	408.00000
8.77000	402.00000
8.77500	415.00000
8.78000	410.00000
8.78500	405.00000
8.79000	450.00000
8.79500	440.00000
8.80000	422.00000
8.80500	402.00000
8.81000	416.00000
8.81500	398.00000
8.82000	426.00000
8.82500	404.00000
8.83000	400.00000
8.83500	403.00000
8.84000	403.00000
8.84500	416.00000
8.85000	438.00000
8.85500	420.00000
8.86000	407.00000
8.86500	432.00000
8.87000	425.00000
8.87500	407.00000
8.88000	412.00000
8.88500	408.00000
8.89000	393.00000
8.89500	412.00000
8.90000	400.00000
8.90500	407.00000
8.91000	411.00000
8.91500	409.00000
8.92000	412.00000
8.92500	393.00000
8.93000	389.00000
8.93500	378.00000
8.94000	392.00000
8.94500	398.00000
8.95000	414.00000
8.95500	432.00000
8.96000	410.00000
8.96500	403.00000
8.97000	420.00000
8.97500	414.00000
8.98000	387.00000
8.98500	393.00000
8.99000	388.00000
8.99500	418.00000
9.00000	415.00000
9.00500	401.00000
9.01000	396.00000
9.01500	403.00000
9.02000	398.00000
9.02500	418.00000
9.03000	389.00000
9.03500	392.00000
9.04000	376.00000
9.04500	396.00000
9.05000	420.00000
9.05500	423.00000
9.06000	430.00000
9.06500	438.00000
9.07000	448.00000
9.07500	449.00000
9.08000	432.00000
9.08500	445.00000
9.09000	419.00000
9.09500	399.00000
9.10000	423.00000
9.10500	415.00000
9.11000	406.00000
9.11500	393.00000
9.12000	399.00000
9.12500	406.00000
9.13000	381.00000
9.13500	386.00000
9.14000	376.00000
9.14500	389.00000
9.15000	398.00000
9.15500	397.00000
9.16000	410.00000
9.16500	399.00000
9.17000	422.00000
9.17500	418.00000
9.18000	413.00000
9.18500	393.00000
9.19000	413.00000
9.19500	413.00000
9.20000	439.00000
9.20500	453.00000
9.21000	431.00000
9.21500	394.00000
9.22000	396.00000
9.22500	377.00000
9.23000	379.00000
9.23500	415.00000
9.24000	419.00000
9.24500	438.00000
9.25000	441.00000
9.25500	430.00000
9.26000	426.00000
9.26500	418.00000
9.27000	420.00000
9.27500	424.00000
9.28000	413.00000
9.28500	389.00000
9.29000	391.00000
9.29500	429.00000
9.30000	416.00000
9.30500	410.00000
9.31000	417.00000
9.31500	416.00000
9.32000	394.00000
9.32500	404.00000
9.33000	423.00000
9.33500	464.00000
9.34000	461.00000
9.34500	431.00000
9.35000	475.00000
9.35500	433.00000
9.36000	420.00000
9.36500	404.00000
9.37000	406.00000
9.37500	423.00000
9.38000	441.00000
9.38500	430.00000
9.39000	418.00000
9.39500	407.00000
9.40000	450.00000
9.40500	413.00000
9.41000	424.00000
9.41500	413.00000
9.42000	436.00000
9.42500	431.00000
9.43000	405.00000
9.43500	431.00000
9.44000	469.00000
9.44500	447.00000
9.45000	474.00000
9.45500	452.00000
9.46000	459.00000
9.46500	483.00000
9.47000	438.00000
9.47500	413.00000
9.48000	419.00000
9.48500	425.00000
9.49000	409.00000
9.49500	394.00000
9.50000	392.00000
9.50500	393.00000
9.51000	397.00000
9.51500	396.00000
9.52000	415.00000
9.52500	403.00000
9.53000	398.00000
9.53500	417.00000
9.54000	430.00000
9.54500	406.00000
9.55000	411.00000
9.55500	395.00000
9.56000	391.00000
9.56500	396.00000
9.57000	378.00000
9.57500	402.00000
9.58000	453.00000
9.58500	476.00000
9.59000	438.00000
9.59500	410.00000
9.60000	415.00000
9.60500	421.00000
9.61000	428.00000
9.61500	432.00000
9.62000	418.00000
9.62500	396.00000
9.63000	417.00000
9.63500	413.00000
9.64000	401.00000
9.64500	413.00000
9.65000	419.00000
9.65500	398.00000
9.66000	416.00000
9.66500	420.00000
9.67000	411.00000
9.67500	411.00000
9.68000	497.00000
9.68500	451.00000
9.69000	416.00000
9.69500	424.00000
9.70000	426.00000
9.70500	462.00000
9.71000	427.00000
9.71500	401.00000
9.72000	411.00000
9.72500	411.00000
9.73000	389.00000
9.73500	389.00000
9.74000	430.00000
9.74500	419.00000
9.75000	402.00000
9.75500	405.00000
9.76000	407.00000
9.76500	406.00000
9.77000	431.00000
9.77500	426.00000
9.78000	420.00000
9.78500	452.00000
9.79000	472.00000
9.79500	445.00000
9.80000	435.00000
9.80500	411.00000
9.81000	399.00000
9.81500	396.00000
9.82000	395.00000
9.82500	396.00000
9.83000	398.00000
9.83500	408.00000
9.84000	407.00000
9.84500	423.00000
9.85000	421.00000
9.85500	406.00000
9.86000	387.00000
9.86500	384.00000
9.87000	390.00000
9.87500	390.00000
9.88000	427.00000
9.88500	404.00000
9.89000	415.00000
9.89500	423.00000
9.90000	414.00000
9.90500	403.00000
9.91000	421.00000
9.91500	422.00000
9.92000	407.00000
9.92500	383.00000
9.93000	364.00000
9.93500	410.00000
9.94000	403.00000
9.94500	399.00000
9.95000	402.00000
9.95500	408.00000
9.96000	397.00000
9.96500	373.00000
9.97000	364.00000
9.97500	406.00000
9.98000	411.00000
9.98500	374.00000
9.99000	371.00000
9.99500	366.00000
10.00000	390.00000
10.00500	387.00000
10.01000	390.00000
10.01500	394.00000
10.02000	399.00000
10.02500	392.00000
10.03000	401.00000
10.03500	397.00000
10.04000	422.00000
10.04500	418.00000
10.05000	421.00000
10.05500	414.00000
10.06000	416.00000
10.06500	410.00000
10.07000	403.00000
10.07500	385.00000
10.08000	416.00000
10.08500	424.00000
10.09000	391.00000
10.09500	404.00000
10.10000	415.00000
10.10500	399.00000
10.11000	389.00000
10.11500	395.00000
10.12000	388.00000
10.12500	402.00000
10.13000	393.00000
10.13500	450.00000
10.14000	448.00000
10.14500	445.00000
10.15000	431.00000
10.15500	405.00000
10.16000	382.00000
10.16500	401.00000
10.17000	433.00000
10.17500	418.00000
10.18000	404.00000
10.18500	390.00000
10.19000	382.00000
10.19500	367.00000
10.20000	374.00000
10.20500	406.00000
10.21000	426.00000
10.21500	456.00000
10.22000	441.00000
10.22500	385.00000
10.23000	377.00000
10.23500	411.00000
10.24000	403.00000
10.24500	458.00000
10.25000	419.00000
10.25500	400.00000
10.26000	398.00000
10.26500	394.00000
10.27000	391.00000
10.27500	386.00000
10.28000	392.00000
10.28500	396.00000
10.29000	421.00000
10.29500	434.00000
10.30000	432.00000
10.30500	427.00000
10.31000	429.00000
10.31500	436.00000
10.32000	402.00000
10.32500	376.00000
10.33000	381.00000
10.33500	406.00000
10.34000	400.00000
10.34500	400.00000
10.35000	396.00000
10.35500	373.00000
10.36000	384.00000
10.36500	384.00000
10.37000	382.00000
10.37500	413.00000
10.38000	383.00000
10.38500	369.00000
10.39000	378.00000
10.39500	426.00000
10.40000	442.00000
10.40500	434.00000
10.41000	412.00000
10.41500	389.00000
10.42000	398.00000
10.42500	389.00000
10.43000	406.00000
10.43500	419.00000
10.44000	438.00000
10.44500	454.00000
10.45000	435.00000
10.45500	471.00000
10.46000	434.00000
10.46500	417.00000
10.47000	391.00000
10.47500	403.00000
10.48000	423.00000
10.48500	410.00000
10.49000	386.00000
10.49500	395.00000
10.50000	395.00000
10.50500	424.00000
10.51000	416.00000
10.51500	401.00000
10.52000	408.00000
10.52500	383.00000
10.53000	388.00000
10.53500	403.00000
10.54000	418.00000
10.54500	420.00000
10.55000	388.00000
10.55500	388.00000
10.56000	386.00000
10.56500	387.00000
10.57000	381.00000
10.57500	408.00000
10.58000	410.00000
10.58500	406.00000
10.59000	407.00000
10.59500	401.00000
10.60000	415.00000
10.60500	424.00000
10.61000	420.00000
10.61500	428.00000
10.62000	413.00000
10.62500	375.00000
10.63000	366.00000
10.63500	394.00000
10.64000	411.00000
10.64500	423.00000
10.65000	404.00000
10.65500	388.00000
10.66000	401.00000
10.66500	401.00000
10.67000	408.00000
10.67500	395.00000
10.68000	397.00000
10.68500	399.00000
10.69000	419.00000
10.69500	424.00000
10.70000	403.00000
10.70500	403.00000
10.71000	405.00000
10.71500	401.00000
10.72000	389.00000
10.72500	369.00000
10.73000	362.00000
10.73500	385.00000
10.74000	402.00000
10.74500	414.00000
10.75000	409.00000
10.75500	391.00000
10.76000	398.00000
10.76500	416.00000
10.77000	408.00000
10.77500	433.00000
10.78000	406.00000
10.78500	404.00000
10.79000	410.00000
10.79500	419.00000
10.80000	425.00000
10.80500	406.00000
10.81000	399.00000
10.81500	393.00000
10.82000	398.00000
10.82500	388.00000
10.83000	401.00000
10.83500	420.00000
10.84000	414.00000
10.84500	429.00000
10.85000	443.00000
10.85500	413.00000
10.86000	415.00000
10.86500	424.00000
10.87000	434.00000
10.87500	420.00000
10.88000	408.00000
10.88500	412.00000
10.89000	402.00000
10.89500	391.00000
10.90000	404.00000
10.90500	404.00000
10.91000	403.00000
10.91500	386.00000
10.92000	383.00000
10.92500	367.00000
10.93000	390.00000
10.93500	413.00000
10.94000	425.00000
10.94500	407.00000
10.95000	383.00000
10.95500	382.00000
10.96000	375.00000
10.96500	358.00000
10.97000	382.00000
10.97500	399.00000
10.98000	404.00000
10.98500	386.00000
10.99000	382.00000
10.99500	388.00000
11.00000	392.00000
11.00500	411.00000
11.01000	412.00000
11.01500	394.00000
11.02000	398.00000
11.02500	427.00000
11.03000	409.00000
11.03500	426.00000
11.04000	436.00000
11.04500	426.00000
11.05000	415.00000
11.05500	410.00000
11.06000	400.00000
11.06500	402.00000
11.07000	406.00000
11.07500	436.00000
11.08000	432.00000
11.08500	406.00000
11.09000	428.00000
11.09500	403.00000
11.10000	373.00000
11.10500	374.00000
11.11000	391.00000
11.11500	389.00000
11.12000	408.00000
11.12500	391.00000
11.13000	396.00000
11.13500	393.00000
11.14000	407.00000
11.14500	396.00000
11.15000	412.00000
11.15500	404.00000
11.16000	401.00000
11.16500	397.00000
11.17000	414.00000
11.17500	432.00000
11.18000	456.00000
11.18500	423.00000
11.19000	422.00000
11.19500	407.00000
11.20000	403.00000
11.20500	400.00000
11.21000	404.00000
11.21500	472.00000
11.22000	431.00000
11.22500	412.00000
11.23000	397.00000
11.23500	410.00000
11.24000	403.00000
11.24500	400.00000
11.25000	405.00000
11.25500	412.00000
11.26000	390.00000
11.26500	393.00000
11.27000	400.00000
11.27500	409.00000
11.28000	436.00000
11.28500	408.00000
11.29000	400.00000
11.29500	386.00000
11.30000	411.00000
11.30500	409.00000
11.31000	392.00000
11.31500	401.00000
11.32000	414.00000
11.32500	410.00000
11.33000	379.00000
11.33500	404.00000
11.34000	419.00000
11.34500	415.00000
11.35000	418.00000
11.35500	390.00000
11.36000	371.00000
11.36500	369.00000
11.37000	361.00000
11.37500	422.00000
11.38000	422.00000
11.38500	421.00000
11.39000	412.00000
11.39500	401.00000
11.40000	397.00000
11.40500	388.00000
11.41000	431.00000
11.41500	408.00000
11.42000	392.00000
11.42500	391.00000
11.43000	372.00000
11.43500	381.00000
11.44000	408.00000
11.44500	401.00000
11.45000	417.00000
11.45500	398.00000
11.46000	388.00000
11.46500	378.00000
11.47000	407.00000
11.47500	417.00000
11.48000	455.00000
11.48500	468.00000
11.49000	412.00000
11.49500	409.00000
11.50000	402.00000
11.50500	408.00000
11.51000	403.00000
11.51500	383.00000
11.52000	385.00000
11.52500	387.00000
11.53000	363.00000
11.53500	411.00000
11.54000	391.00000
11.54500	390.00000
11.55000	393.00000
11.55500	409.00000
11.56000	423.00000
11.56500	423.00000
11.57000	401.00000
11.57500	411.00000
11.58000	408.00000
11.58500	382.00000
11.59000	390.00000
11.59500	387.00000
11.60000	382.00000
11.60500	393.00000
11.61000	408.00000
11.61500	396.00000
11.62000	383.00000
11.62500	367.00000
11.63000	363.00000
11.63500	437.00000
11.64000	435.00000
11.64500	452.00000
11.65000	437.00000
11.65500	429.00000
11.66000	442.00000
11.66500	428.00000
11.67000	420.00000
11.67500	407.00000
11.68000	419.00000
11.68500	403.00000
11.69000	403.00000
11.69500	406.00000
11.70000	402.00000
11.70500	413.00000
11.71000	443.00000
11.71500	445.00000
11.72000	438.00000
11.72500	426.00000
11.73000	394.00000
11.73500	429.00000
11.74000	403.00000
11.74500	379.00000
11.75000	383.00000
11.75500	371.00000
11.76000	378.00000
11.76500	392.00000
11.77000	386.00000
11.77500	404.00000
11.78000	385.00000
11.78500	371.00000
11.79000	392.00000
11.79500	391.00000
11.80000	396.00000
11.80500	404.00000
11.81000	396.00000
11.81500	380.00000
11.82000	384.00000
11.82500	371.00000
11.83000	380.00000
11.83500	421.00000
11.84000	425.00000
11.84500	416.00000
11.85000	431.00000
11.85500	415.00000
11.86000	430.00000
11.86500	421.00000
11.87000	415.00000
11.87500	400.00000
11.88000	383.00000
11.88500	372.00000
11.89000	371.00000
11.89500	406.00000
11.90000	407.00000
11.90500	411.00000
11.91000	406.00000
11.91500	445.00000
11.92000	423.00000
11.92500	394.00000
11.93000	403.00000
11.93500	411.00000
11.94000	391.00000
11.94500	392.00000
11.95000	377.00000
11.95500	378.00000
11.96000	384.00000
11.96500	376.00000
11.97000	382.00000
11.97500	388.00000
11.98000	397.00000
11.98500	431.00000
11.99000	404.00000
11.99500	438.00000
12.00000	435.00000
12.00500	435.00000
12.01000	418.00000
12.01500	400.00000
12.02000	423.00000
12.02500	420.00000
12.03000	381.00000
12.03500	405.00000
12.04000	410.00000
12.04500	410.00000
12.05000	418.00000
12.05500	412.00000
12.06000	404.00000
12.06500	387.00000
12.07000	425.00000
12.07500	419.00000
12.08000	416.00000
12.08500	393.00000
12.09000	378.00000
12.09500	388.00000
12.10000	441.00000
12.10500	452.00000
12.11000	414.00000
12.11500	388.00000
12.12000	408.00000
12.12500	385.00000
12.13000	379.00000
12.13500	386.00000
12.14000	399.00000
12.14500	401.00000
12.15000	410.00000
12.15500	406.00000
12.16000	408.00000
12.16500	404.00000
12.17000	395.00000
12.17500	411.00000
12.18000	412.00000
12.18500	399.00000
12.19000	421.00000
12.19500	418.00000
12.20000	420.00000
12.20500	418.00000
12.21000	406.00000
12.21500	419.00000
12.22000	420.00000
12.22500	391.00000
12.23000	381.00000
12.23500	380.00000
12.24000	383.00000
12.24500	413.00000
12.25000	431.00000
12.25500	398.00000
12.26000	418.00000
12.26500	406.00000
12.27000	407.00000
12.27500	395.00000
12.28000	391.00000
12.28500	386.00000
12.29000	379.00000
12.29500	379.00000
12.30000	388.00000
12.30500	406.00000
12.31000	404.00000
12.31500	410.00000
12.32000	401.00000
12.32500	372.00000
12.33000	364.00000
12.33500	385.00000
12.34000	389.00000
12.34500	394.00000
12.35000	400.00000
12.35500	426.00000
12.36000	407.00000
12.36500	398.00000
12.37000	422.00000
12.37500	426.00000
12.38000	404.00000
12.38500	401.00000
12.39000	406.00000
12.39500	406.00000
12.40000	411.00000
12.40500	420.00000
12.41000	405.00000
12.41500	394.00000
12.42000	419.00000
12.42500	412.00000
12.43000	393.00000
12.43500	407.00000
12.44000	400.00000
12.44500	401.00000
12.45000	435.00000
12.45500	425.00000
12.46000	401.00000
12.46500	376.00000
12.47000	414.00000
12.47500	416.00000
12.48000	411.00000
12.48500	418.00000
12.49000	409.00000
12.49500	403.00000
12.50000	410.00000
12.50500	406.00000
12.51000	418.00000
12.51500	430.00000
12.52000	440.00000
12.52500	448.00000
12.53000	405.00000
12.53500	410.00000
12.54000	390.00000
12.54500	379.00000
12.55000	375.00000
12.55500	393.00000
12.56000	383.00000
12.56500	382.00000
12.57000	391.00000
12.57500	399.00000
12.58000	401.00000
12.58500	394.00000
12.59000	398.00000
12.59500	390.00000
12.60000	407.00000
12.60500	419.00000
12.61000	407.00000
12.61500	411.00000
12.62000	405.00000
12.62500	392.00000
12.63000	403.00000
12.63500	415.00000
12.64000	422.00000
12.64500	437.00000
12.65000	455.00000
12.65500	449.00000
12.66000	460.00000
12.66500	475.00000
12.67000	448.00000
12.67500	445.00000
12.68000	436.00000
12.68500	413.00000
12.69000	433.00000
12.69500	409.00000
12.70000	379.00000
12.70500	381.00000
12.71000	413.00000
12.71500	403.00000
12.72000	391.00000
12.72500	420.00000
12.73000	389.00000
12.73500	383.00000
12.74000	398.00000
12.74500	400.00000
12.75000	394.00000
12.75500	386.00000
12.76000	402.00000
12.76500	426.00000
12.77000	400.00000
12.77500	409.00000
12.78000	408.00000
12.78500	392.00000
12.79000	380.00000
12.79500	380.00000
12.80000	388.00000
12.80500	413.00000
12.81000	393.00000
12.81500	390.00000
12.82000	427.00000
12.82500	398.00000
12.83000	373.00000
12.83500	381.00000
12.84000	385.00000
12.84500	388.00000
12.85000	387.00000
12.85500	417.00000
12.86000	394.00000
12.86500	477.00000
12.87000	444.00000
12.87500	427.00000
12.88000	418.00000
12.88500	420.00000
12.89000	381.00000
12.89500	388.00000
12.90000	376.00000
12.90500	399.00000
12.91000	412.00000
12.91500	403.00000
12.92000	425.00000
12.92500	405.00000
12.93000	384.00000
12.93500	374.00000
12.94000	382.00000
12.94500	398.00000
12.95000	402.00000
12.95500	409.00000
12.96000	415.00000
12.96500	426.00000
12.97000	411.00000
12.97500	426.00000
12.98000	429.00000
12.98500	410.00000
12.99000	394.00000
12.99500	387.00000
13.00000	400.00000
13.00500	431.00000
13.01000	416.00000
13.01500	404.00000
13.02000	397.00000
13.02500	408.00000
13.03000	401.00000
13.03500	398.00000
13.04000	399.00000
13.04500	397.00000
13.05000	386.00000
13.05500	381.00000
13.06000	410.00000
13.06500	409.00000
13.07000	418.00000
13.07500	408.00000
13.08000	409.00000
13.08500	448.00000
13.09000	449.00000
13.09500	419.00000
13.10000	405.00000
13.10500	418.00000
13.11000	393.00000
13.11500	403.00000
13.12000	394.00000
13.12500	375.00000
13.13000	381.00000
13.13500	394.00000
13.14000	381.00000
13.14500	387.00000
13.15000	396.00000
13.15500	396.00000
13.16000	381.00000
13.16500	381.00000
13.17000	389.00000
13.17500	402.00000
13.18000	442.00000
13.18500	432.00000
13.19000	408.00000
13.19500	416.00000
13.20000	404.00000
13.20500	416.00000
13.21000	416.00000
13.21500	426.00000
13.22000	414.00000
13.22500	399.00000
13.23000	401.00000
13.23500	392.00000
13.24000	376.00000
13.24500	364.00000
13.25000	420.00000
13.25500	416.00000
13.26000	387.00000
13.26500	392.00000
13.27000	391.00000
13.27500	416.00000
13.28000	428.00000
13.28500	427.00000
13.29000	403.00000
13.29500	409.00000
13.30000	413.00000
13.30500	417.00000
13.31000	401.00000
13.31500	395.00000
13.32000	375.00000
13.32500	392.00000
13.33000	377.00000
13.33500	407.00000
13.34000	427.00000
13.34500	419.00000
13.35000	384.00000
13.35500	405.00000
13.36000	385.00000
13.36500	404.00000
13.37000	396.00000
13.37500	387.00000
13.38000	384.00000
13.38500	388.00000
13.39000	369.00000
13.39500	367.00000
13.40000	387.00000
13.40500	401.00000
13.41000	400.00000
13.41500	409.00000
13.42000	402.00000
13.42500	389.00000
13.43000	375.00000
13.43500	409.00000
13.44000	406.00000
13.44500	408.00000
13.45000	410.00000
13.45500	405.00000
13.46000	400.00000
13.46500	411.00000
13.47000	392.00000
13.47500	404.00000
13.48000	398.00000
13.48500	382.00000
13.49000	370.00000
13.49500	396.00000
13.50000	409.00000
13.50500	414.00000
13.51000	400.00000
13.51500	390.00000
13.52000	413.00000
13.52500	381.00000
13.53000	382.00000
13.53500	402.00000
13.54000	395.00000
13.54500	418.00000
13.55000	406.00000
13.55500	401.00000
13.56000	394.00000
13.56500	406.00000
13.57000	382.00000
13.57500	391.00000
13.58000	409.00000
13.58500	427.00000
13.59000	410.00000
13.59500	391.00000
13.60000	411.00000
13.60500	430.00000
13.61000	405.00000
13.61500	395.00000
13.62000	412.00000
13.62500	412.00000
13.63000	403.00000
13.63500	424.00000
13.64000	408.00000
13.64500	422.00000
13.65000	418.00000
13.65500	419.00000
13.66000	409.00000
13.66500	403.00000
13.67000	393.00000
13.67500	389.00000
13.68000	414.00000
13.68500	426.00000
13.69000	457.00000
13.69500	425.00000
13.70000	432.00000
13.70500	444.00000
13.71000	432.00000
13.71500	421.00000
13.72000	406.00000
13.72500	394.00000
13.73000	395.00000
13.73500	428.00000
13.74000	423.00000
13.74500	410.00000
13.75000	399.00000
13.75500	416.00000
13.76000	444.00000
13.76500	440.00000
13.77000	401.00000
13.77500	414.00000
13.78000	428.00000
13.78500	421.00000
13.79000	413.00000
13.79500	412.00000
13.80000	416.00000
13.80500	415.00000
13.81000	400.00000
13.81500	400.00000
13.82000	461.00000
13.82500	450.00000
13.83000	436.00000
13.83500	464.00000
13.84000	478.00000
13.84500	470.00000
13.85000	467.00000
13.85500	429.00000
13.86000	431.00000
13.86500	424.00000
13.87000	432.00000
13.87500	432.00000
13.88000	431.00000
13.88500	450.00000
13.89000	454.00000
13.89500	470.00000
13.90000	454.00000
13.90500	456.00000
13.91000	454.00000
13.91500	448.00000
13.92000	480.00000
13.92500	490.00000
13.93000	478.00000
13.93500	535.00000
13.94000	493.00000
13.94500	492.00000
13.95000	496.00000
13.95500	466.00000
13.96000	489.00000
13.96500	485.00000
13.97000	480.00000
13.97500	477.00000
13.98000	496.00000
13.98500	539.00000
13.99000	499.00000
13.99500	479.00000
14.00000	506.00000
14.00500	520.00000
14.01000	516.00000
14.01500	510.00000
14.02000	523.00000
14.02500	498.00000
14.03000	452.00000
14.03500	466.00000
14.04000	500.00000
14.04500	513.00000
14.05000	521.00000
14.05500	534.00000
14.06000	515.00000
14.06500	535.00000
14.07000	583.00000
14.07500	593.00000
14.08000	621.00000
14.08500	587.00000
14.09000	556.00000
14.09500	563.00000
14.10000	596.00000
14.10500	581.00000
14.11000	587.00000
14.11500	574.00000
14.12000	631.00000
14.12500	583.00000
14.13000	550.00000
14.13500	567.00000
14.14000	596.00000
14.14500	580.00000
14.15000	567.00000
14.15500	563.00000
14.16000	586.00000
14.16500	608.00000
14.17000	625.00000
14.17500	594.00000
14.18000	580.00000
14.18500	616.00000
14.19000	619.00000
14.19500	638.00000
14.20000	671.00000
14.20500	659.00000
14.21000	672.00000
14.21500	661.00000
14.22000	665.00000
14.22500	670.00000
14.23000	743.00000
14.23500	762.00000
14.24000	731.00000
14.24500	718.00000
14.25000	686.00000
14.25500	698.00000
14.26000	675.00000
14.26500	680.00000
14.27000	716.00000
14.27500	751.00000
14.28000	731.00000
14.28500	735.00000
14.29000	722.00000
14.29500	741.00000
14.30000	743.00000
14.30500	772.00000
14.31000	803.00000
14.31500	820.00000
14.32000	800.00000
14.32500	781.00000
14.33000	778.00000
14.33500	832.00000
14.34000	852.00000
14.34500	858.00000
14.35000	836.00000
14.35500	878.00000
14.36000	915.00000
14.36500	922.00000
14.37000	934.00000
14.37500	950.00000
14.38000	991.00000
14.38500	970.00000
14.39000	911.00000
14.39500	965.00000
14.40000	1042.00000
14.40500	1067.00000
14.41000	1078.00000
14.41500	1050.00000
14.42000	1076.00000
14.42500	1122.00000
14.43000	1183.00000
14.43500	1127.00000
14.44000	1117.00000
14.44500	1193.00000
14.45000	1242.00000
14.45500	1317.00000
14.46000	1313.00000
14.46500	1320.00000
14.47000	1345.00000
14.47500	1311.00000
14.48000	1321.00000
14.48500	1363.00000
14.49000	1417.00000
14.49500	1499.00000
14.50000	1501.00000
14.50500	1533.00000
14.51000	1617.00000
14.51500	1634.00000
14.52000	1759.00000
14.52500	1786.00000
14.53000	1863.00000
14.53500	1916.00000
14.54000	1977.00000
14.54500	1956.00000
14.55000	1951.00000
14.55500	2084.00000
14.56000	2171.00000
14.56500	2286.00000
14.57000	2291.00000
14.57500	2296.00000
14.58000	2349.00000
14.58500	2482.00000
14.59000	2481.00000
14.59500	2489.00000
14.60000	2586.00000
14.60500	2574.00000
14.61000	2624.00000
14.61500	2721.00000
14.62000	2716.00000
14.62500	2737.00000
14.63000	2629.00000
14.63500	2607.00000
14.64000	2548.00000
14.64500	2536.00000
14.65000	2498.00000
14.65500	2313.00000
14.66000	2204.00000
14.66500	2065.00000
14.67000	1936.00000
14.67500	1834.00000
14.68000	1813.00000
14.68500	1732.00000
14.69000	1742.00000
14.69500	1579.00000
14.70000	1444.00000
14.70500	1328.00000
14.71000	1319.00000
14.71500	1241.00000
14.72000	1172.00000
14.72500	1100.00000
14.73000	976.00000
14.73500	924.00000
14.74000	889.00000
14.74500	869.00000
14.75000	829.00000
14.75500	808.00000
14.76000	773.00000
14.76500	745.00000
14.77000	681.00000
14.77500	675.00000
14.78000	708.00000
14.78500	678.00000
14.79000	676.00000
14.79500	610.00000
14.80000	568.00000
14.80500	550.00000
14.81000	548.00000
14.81500	547.00000
14.82000	562.00000
14.82500	556.00000
14.83000	520.00000
14.83500	499.00000
14.84000	478.00000
14.84500	492.00000
14.85000	486.00000
14.85500	477.00000
14.86000	505.00000
14.86500	483.00000
14.87000	483.00000
14.87500	499.00000
14.88000	526.00000
14.88500	517.00000
14.89000	502.00000
14.89500	474.00000
14.90000	468.00000
14.90500	434.00000
14.91000	434.00000
14.91500	424.00000
14.92000	450.00000
14.92500	489.00000
14.93000	452.00000
14.93500	446.00000
14.94000	444.00000
14.94500	468.00000
14.95000	450.00000
14.95500	432.00000
14.96000	438.00000
14.96500	433.00000
14.97000	416.00000
14.97500	451.00000
14.98000	431.00000
14.98500	428.00000
14.99000	421.00000
14.99500	419.00000
15.00000	426.00000
15.00500	428.00000
15.01000	423.00000
15.01500	419.00000
15.02000	429.00000
15.02500	418.00000
15.03000	407.00000
15.03500	423.00000
15.04000	408.00000
15.04500	402.00000
15.05000	425.00000
15.05500	438.00000
15.06000	479.00000
15.06500	469.00000
15.07000	432.00000
15.07500	424.00000
15.08000	426.00000
15.08500	408.00000
15.09000	420.00000
15.09500	423.00000
15.10000	398.00000
15.10500	392.00000
15.11000	421.00000
15.11500	398.00000
15.12000	377.00000
15.12500	371.00000
15.13000	390.00000
15.13500	424.00000
15.14000	433.00000
15.14500	427.00000
15.15000	409.00000
15.15500	403.00000
15.16000	420.00000
15.16500	414.00000
15.17000	399.00000
15.17500	407.00000
15.18000	412.00000
15.18500	421.00000
15.19000	388.00000
15.19500	388.00000
15.20000	380.00000
15.20500	401.00000
15.21000	400.00000
15.21500	417.00000
15.22000	439.00000
15.22500	463.00000
15.23000	416.00000
15.23500	423.00000
15.24000	409.00000
15.24500	411.00000
15.25000	400.00000
15.25500	393.00000
15.26000	376.00000
15.26500	391.00000
15.27000	368.00000
15.27500	382.00000
15.28000	403.00000
15.28500	398.00000
15.29000	410.00000
15.29500	405.00000
15.30000	387.00000
15.30500	398.00000
15.31000	418.00000
15.31500	417.00000
15.32000	424.00000
15.32500	389.00000
15.33000	359.00000
15.33500	384.00000
15.34000	377.00000
15.34500	390.00000
15.35000	400.00000
15.35500	404.00000
15.36000	381.00000
15.36500	379.00000
15.37000	411.00000
15.37500	422.00000
15.38000	411.00000
15.38500	379.00000
15.39000	386.00000
15.39500	406.00000
15.40000	417.00000
15.40500	418.00000
15.41000	414.00000
15.41500	415.00000
15.42000	412.00000
15.42500	422.00000
15.43000	392.00000
15.43500	390.00000
15.44000	390.00000
15.44500	409.00000
15.45000	418.00000
15.45500	412.00000
15.46000	387.00000
15.46500	400.00000
15.47000	394.00000
15.47500	370.00000
15.48000	358.00000
15.48500	376.00000
15.49000	379.00000
15.49500	377.00000
15.50000	360.00000
15.50500	352.00000
15.51000	360.00000
15.51500	367.00000
15.52000	374.00000
15.52500	370.00000
15.53000	356.00000
15.53500	377.00000
15.54000	394.00000
15.54500	398.00000
15.55000	362.00000
15.55500	369.00000
15.56000	387.00000
15.56500	382.00000
15.57000	394.00000
15.57500	403.00000
15.58000	402.00000
15.58500	399.00000
15.59000	387.00000
15.59500	381.00000
15.60000	389.00000
15.60500	406.00000
15.61000	411.00000
15.61500	394.00000
15.62000	402.00000
15.62500	378.00000
15.63000	377.00000
15.63500	400.00000
15.64000	412.00000
15.64500	422.00000
15.65000	407.00000
15.65500	421.00000
15.66000	389.00000
15.66500	377.00000
15.67000	371.00000
15.67500	380.00000
15.68000	421.00000
15.68500	387.00000
15.69000	389.00000
15.69500	403.00000
15.70000	413.00000
15.70500	430.00000
15.71000	406.00000
15.71500	374.00000
15.72000	376.00000
15.72500	369.00000
15.73000	366.00000
15.73500	379.00000
15.74000	382.00000
15.74500	392.00000
15.75000	402.00000
15.75500	387.00000
15.76000	378.00000
15.76500	382.00000
15.77000	408.00000
15.77500	422.00000
15.78000	412.00000
15.78500	397.00000
15.79000	399.00000
15.79500	404.00000
15.80000	403.00000
15.80500	406.00000
15.81000	421.00000
15.81500	418.00000
15.82000	402.00000
15.82500	378.00000
15.83000	382.00000
15.83500	413.00000
15.84000	428.00000
15.84500	405.00000
15.85000	411.00000
15.85500	408.00000
15.86000	390.00000
15.86500	383.00000
15.87000	356.00000
15.87500	371.00000
15.88000	415.00000
15.88500	417.00000
15.89000	429.00000
15.89500	441.00000
15.90000	424.00000
15.90500	419.00000
15.91000	393.00000
15.91500	388.00000
15.92000	388.00000
15.92500	363.00000
15.93000	359.00000
15.93500	408.00000
15.94000	394.00000
15.94500	387.00000
15.95000	377.00000
15.95500	372.00000
15.96000	378.00000
15.96500	376.00000
15.97000	365.00000
15.97500	387.00000
15.98000	395.00000
15.98500	393.00000
15.99000	382.00000
15.99500	380.00000
16.00000	373.00000
16.00500	376.00000
16.01000	396.00000
16.01500	382.00000
16.02000	384.00000
16.02500	372.00000
16.03000	398.00000
16.03500	411.00000
16.04000	397.00000
16.04500	389.00000
16.05000	382.00000
16.05500	410.00000
16.06000	426.00000
16.06500	391.00000
16.07000	379.00000
16.07500	389.00000
16.08000	427.00000
16.08500	411.00000
16.09000	388.00000
16.09500	388.00000
16.10000	436.00000
16.10500	428.00000
16.11000	430.00000
16.11500	414.00000
16.12000	397.00000
16.12500	402.00000
16.13000	382.00000
16.13500	391.00000
16.14000	383.00000
16.14500	389.00000
16.15000	378.00000
16.15500	381.00000
16.16000	363.00000
16.16500	367.00000
16.17000	377.00000
16.17500	386.00000
16.18000	393.00000
16.18500	384.00000
16.19000	382.00000
16.19500	386.00000
16.20000	386.00000
16.20500	399.00000
16.21000	457.00000
16.21500	425.00000
16.22000	431.00000
16.22500	430.00000
16.23000	403.00000
16.23500	418.00000
16.24000	411.00000
16.24500	406.00000
16.25000	403.00000
16.25500	404.00000
16.26000	419.00000
16.26500	416.00000
16.27000	419.00000
16.27500	420.00000
16.28000	408.00000
16.28500	396.00000
16.29000	387.00000
16.29500	406.00000
16.30000	412.00000
16.30500	419.00000
16.31000	436.00000
16.31500	438.00000
16.32000	410.00000
16.32500	378.00000
16.33000	404.00000
16.33500	416.00000
16.34000	442.00000
16.34500	427.00000
16.35000	430.00000
16.35500	426.00000
16.36000	397.00000
16.36500	382.00000
16.37000	378.00000
16.37500	424.00000
16.38000	431.00000
16.38500	434.00000
16.39000	427.00000
16.39500	424.00000
16.40000	437.00000
16.40500	439.00000
16.41000	446.00000
16.41500	455.00000
16.42000	457.00000
16.42500	467.00000
16.43000	426.00000
16.43500	442.00000
16.44000	434.00000
16.44500	420.00000
16.45000	427.00000
16.45500	438.00000
16.46000	435.00000
16.46500	420.00000
16.47000	446.00000
16.47500	464.00000
16.48000	455.00000
16.48500	438.00000
16.49000	435.00000
16.49500	442.00000
16.50000	454.00000
16.50500	490.00000
16.51000	476.00000
16.51500	455.00000
16.52000	437.00000
16.52500	434.00000
16.53000	423.00000
16.53500	459.00000
16.54000	482.00000
16.54500	469.00000
16.55000	463.00000
16.55500	475.00000
16.56000	470.00000
16.56500	496.00000
16.57000	490.00000
16.57500	535.00000
16.58000	527.00000
16.58500	508.00000
16.59000	497.00000
16.59500	481.00000
16.60000	519.00000
16.60500	480.00000
16.61000	495.00000
16.61500	517.00000
16.62000	523.00000
16.62500	554.00000
16.63000	523.00000
16.63500	536.00000
16.64000	509.00000
16.64500	514.00000
16.65000	523.00000
16.65500	558.00000
16.66000	559.00000
16.66500	582.00000
16.67000	632.00000
16.67500	594.00000
16.68000	569.00000
16.68500	549.00000
16.69000	523.00000
16.69500	516.00000
16.70000	539.00000
16.70500	572.00000
16.71000	584.00000
16.71500	584.00000
16.72000	569.00000
16.72500	560.00000
16.73000	577.00000
16.73500	626.00000
16.74000	626.00000
16.74500	658.00000
16.75000	631.00000
16.75500	713.00000
16.76000	756.00000
16.76500	761.00000
16.77000	689.00000
16.77500	725.00000
16.78000	775.00000
16.78500	754.00000
16.79000	733.00000
16.79500	749.00000
16.80000	755.00000
16.80500	796.00000
16.81000	824.00000
16.81500	813.00000
16.82000	795.00000
16.82500	791.00000
16.83000	805.00000
16.83500	841.00000
16.84000	860.00000
16.84500	891.00000
16.85000	890.00000
16.85500	938.00000
16.86000	974.00000
16.86500	962.00000
16.87000	1055.00000
16.87500	1120.00000
16.88000	1070.00000
16.88500	1075.00000
16.89000	1089.00000
16.89500	1096.00000
16.90000	1052.00000
16.90500	1110.00000
16.91000	1053.00000
16.91500	1000.00000
16.92000	959.00000
16.92500	912.00000
16.93000	895.00000
16.93500	887.00000
16.94000	860.00000
16.94500	837.00000
16.95000	796.00000
16.95500	783.00000
16.96000	780.00000
16.96500	746.00000
16.97000	675.00000
16.97500	664.00000
16.98000	642.00000
16.98500	595.00000
16.99000	590.00000
16.99500	575.00000
17.00000	565.00000
17.00500	546.00000
17.01000	537.00000
17.01500	526.00000
17.02000	511.00000
17.02500	495.00000
17.03000	489.00000
17.03500	497.00000
17.04000	499.00000
17.04500	471.00000
17.05000	462.00000
17.05500	466.00000
17.06000	445.00000
17.06500	429.00000
17.07000	463.00000
17.07500	447.00000
17.08000	438.00000
17.08500	426.00000
17.09000	426.00000
17.09500	430.00000
17.10000	449.00000
17.10500	444.00000
17.11000	418.00000
17.11500	403.00000
17.12000	430.00000
17.12500	403.00000
17.13000	361.00000
17.13500	378.00000
17.14000	404.00000
17.14500	406.00000
17.15000	399.00000
17.15500	418.00000
17.16000	416.00000
17.16500	406.00000
17.17000	396.00000
17.17500	446.00000
17.18000	469.00000
17.18500	431.00000
17.19000	429.00000
17.19500	406.00000
17.20000	407.00000
17.20500	393.00000
17.21000	393.00000
17.21500	383.00000
17.22000	381.00000
17.22500	382.00000
17.23000	373.00000
17.23500	388.00000
17.24000	411.00000
17.24500	427.00000
17.25000	415.00000
17.25500	393.00000
17.26000	408.00000
17.26500	417.00000
17.27000	395.00000
17.27500	392.00000
17.28000	420.00000
17.28500	393.00000
17.29000	400.00000
17.29500	409.00000
17.30000	401.00000
17.30500	400.00000
17.31000	420.00000
17.31500	407.00000
17.32000	401.00000
17.32500	391.00000
17.33000	382.00000
17.33500	392.00000
17.34000	393.00000
17.34500	395.00000
17.35000	405.00000
17.35500	413.00000
17.36000	397.00000
17.36500	385.00000
17.37000	396.00000
17.37500	407.00000
17.38000	422.00000
17.38500	389.00000
17.39000	397.00000
17.39500	395.00000
17.40000	411.00000
17.40500	405.00000
17.41000	411.00000
17.41500	397.00000
17.42000	397.00000
17.42500	400.00000
17.43000	376.00000
17.43500	396.00000
17.44000	418.00000
17.44500	417.00000
17.45000	404.00000
17.45500	384.00000
17.46000	401.00000
17.46500	404.00000
17.47000	392.00000
17.47500	413.00000
17.48000	422.00000
17.48500	418.00000
17.49000	410.00000
17.49500	424.00000
17.50000	447.00000
17.50500	447.00000
17.51000	438.00000
17.51500	414.00000
17.52000	414.00000
17.52500	406.00000
17.53000	380.00000
17.53500	404.00000
17.54000	407.00000
17.54500	406.00000
17.55000	408.00000
17.55500	399.00000
17.56000	371.00000
17.56500	383.00000
17.57000	363.00000
17.57500	422.00000
17.58000	432.00000
17.58500	424.00000
17.59000	408.00000
17.59500	403.00000
17.60000	396.00000
17.60500	389.00000
17.61000	389.00000
17.61500	391.00000
17.62000	402.00000
17.62500	393.00000
17.63000	358.00000
17.63500	370.00000
17.64000	378.00000
17.64500	402.00000
17.65000	389.00000
17.65500	407.00000
17.66000	392.00000
17.66500	389.00000
17.67000	374.00000
17.67500	410.00000
17.68000	428.00000
17.68500	417.00000
17.69000	392.00000
17.69500	399.00000
17.70000	393.00000
17.70500	408.00000
17.71000	404.00000
17.71500	394.00000
17.72000	395.00000
17.72500	385.00000
17.73000	374.00000
17.73500	384.00000
17.74000	397.00000
17.74500	386.00000
17.75000	387.00000
17.75500	388.00000
17.76000	395.00000
17.76500	412.00000
17.77000	377.00000
17.77500	397.00000
17.78000	425.00000
17.78500	423.00000
17.79000	393.00000
17.79500	391.00000
17.80000	389.00000
17.80500	401.00000
17.81000	408.00000
17.81500	446.00000
17.82000	421.00000
17.82500	370.00000
17.83000	355.00000
17.83500	401.00000
17.84000	407.00000
17.84500	393.00000
17.85000	405.00000
17.85500	389.00000
17.86000	402.00000
17.86500	423.00000
17.87000	401.00000
17.87500	441.00000
17.88000	411.00000
17.88500	410.00000
17.89000	387.00000
17.89500	384.00000
17.90000	389.00000
17.90500	398.00000
17.91000	403.00000
17.91500	389.00000
17.92000	392.00000
17.92500	381.00000
17.93000	401.00000
17.93500	406.00000
17.94000	402.00000
17.94500	396.00000
17.95000	367.00000
17.95500	375.00000
17.96000	384.00000
17.96500	380.00000
17.97000	377.00000
17.97500	387.00000
17.98000	403.00000
17.98500	389.00000
17.99000	397.00000
17.99500	411.00000
18.00000	398.00000
18.00500	400.00000
18.01000	389.00000
18.01500	394.00000
18.02000	389.00000
18.02500	394.00000
18.03000	403.00000
18.03500	401.00000
18.04000	378.00000
18.04500	393.00000
18.05000	396.00000
18.05500	372.00000
18.06000	375.00000
18.06500	382.00000
18.07000	398.00000
18.07500	411.00000
18.08000	413.00000
18.08500	398.00000
18.09000	454.00000
18.09500	454.00000
18.10000	408.00000
18.10500	415.00000
18.11000	425.00000
18.11500	408.00000
18.12000	403.00000
18.12500	385.00000
18.13000	375.00000
18.13500	386.00000
18.14000	395.00000
18.14500	406.00000
18.15000	368.00000
18.15500	372.00000
18.16000	388.00000
18.16500	389.00000
18.17000	388.00000
18.17500	434.00000
18.18000	420.00000
18.18500	390.00000
18.19000	374.00000
18.19500	433.00000
18.20000	422.00000
18.20500	472.00000
18.21000	432.00000
18.21500	408.00000
18.22000	389.00000
18.22500	373.00000
18.23000	390.00000
18.23500	393.00000
18.24000	386.00000
18.24500	393.00000
18.25000	386.00000
18.25500	378.00000
18.26000	373.00000
18.26500	406.00000
18.27000	405.00000
18.27500	402.00000
18.28000	395.00000
18.28500	393.00000
18.29000	386.00000
18.29500	402.00000
18.30000	386.00000
18.30500	393.00000
18.31000	409.00000
18.31500	400.00000
18.32000	414.00000
18.32500	409.00000
18.33000	408.00000
18.33500	404.00000
18.34000	394.00000
18.34500	388.00000
18.35000	377.00000
18.35500	365.00000
18.36000	393.00000
18.36500	394.00000
18.37000	399.00000
18.37500	402.00000
18.38000	406.00000
18.38500	383.00000
18.39000	360.00000
18.39500	352.00000
18.40000	395.00000
18.40500	400.00000
18.41000	410.00000
18.41500	403.00000
18.42000	381.00000
18.42500	370.00000
18.43000	346.00000
18.43500	371.00000
18.44000	395.00000
18.44500	405.00000
18.45000	374.00000
18.45500	381.00000
18.46000	387.00000
18.46500	400.00000
18.47000	422.00000
18.47500	408.00000
18.48000	396.00000
18.48500	375.00000
18.49000	363.00000
18.49500	391.00000
18.50000	394.00000
18.50500	393.00000
18.51000	375.00000
18.51500	363.00000
18.52000	366.00000
18.52500	340.00000
18.53000	340.00000
18.53500	361.00000
18.54000	380.00000
18.54500	404.00000
18.55000	401.00000
18.55500	395.00000
18.56000	409.00000
18.56500	389.00000
18.57000	371.00000
18.57500	382.00000
18.58000	370.00000
18.58500	377.00000
18.59000	368.00000
18.59500	372.00000
18.60000	388.00000
18.60500	407.00000
18.61000	417.00000
18.61500	402.00000
18.62000	423.00000
18.62500	414.00000
18.63000	363.00000
18.63500	367.00000
18.64000	377.00000
18.64500	373.00000
18.65000	386.00000
18.65500	385.00000
18.66000	383.00000
18.66500	412.00000
18.67000	365.00000
18.67500	386.00000
18.68000	383.00000
18.68500	369.00000
18.69000	370.00000
18.69500	387.00000
18.70000	397.00000
18.70500	373.00000
18.71000	384.00000
18.71500	366.00000
18.72000	367.00000
18.72500	359.00000
18.73000	347.00000
18.73500	372.00000
18.74000	370.00000
18.74500	365.00000
18.75000	369.00000
18.75500	380.00000
18.76000	377.00000
18.76500	389.00000
18.77000	361.00000
18.77500	372.00000
18.78000	371.00000
18.78500	379.00000
18.79000	385.00000
18.79500	365.00000
18.80000	368.00000
18.80500	382.00000
18.81000	417.00000
18.81500	403.00000
18.82000	413.00000
18.82500	398.00000
18.83000	406.00000
18.83500	417.00000
18.84000	381.00000
18.84500	391.00000
18.85000	382.00000
18.85500	387.00000
18.86000	404.00000
18.86500	380.00000
18.87000	362.00000
18.87500	380.00000
18.88000	398.00000
18.88500	368.00000
18.89000	379.00000
18.89500	365.00000
18.90000	359.00000
18.90500	380.00000
18.91000	416.00000
18.91500	395.00000
18.92000	366.00000
18.92500	381.00000
18.93000	348.00000
18.93500	367.00000
18.94000	390.00000
18.94500	384.00000
18.95000	359.00000
18.95500	364.00000
18.96000	352.00000
18.96500	353.00000
18.97000	348.00000
18.97500	395.00000
18.98000	397.00000
18.98500	370.00000
18.99000	359.00000
18.99500	371.00000
19.00000	374.00000
19.00500	380.00000
19.01000	386.00000
19.01500	392.00000
19.02000	390.00000
19.02500	369.00000
19.03000	339.00000
19.03500	356.00000
19.04000	362.00000
19.04500	370.00000
19.05000	371.00000
19.05500	380.00000
19.06000	387.00000
19.06500	385.00000
19.07000	377.00000
19.07500	376.00000
19.08000	370.00000
19.08500	367.00000
19.09000	378.00000
19.09500	393.00000
19.10000	371.00000
19.10500	376.00000
19.11000	361.00000
19.11500	374.00000
19.12000	395.00000
19.12500	412.00000
19.13000	397.00000
19.13500	395.00000
19.14000	393.00000
19.14500	375.00000
19.15000	357.00000
19.15500	375.00000
19.16000	406.00000
19.16500	398.00000
19.17000	380.00000
19.17500	382.00000
19.18000	381.00000
19.18500	374.00000
19.19000	353.00000
19.19500	370.00000
19.20000	364.00000
19.20500	379.00000
19.21000	382.00000
19.21500	365.00000
19.22000	429.00000
19.22500	411.00000
19.23000	365.00000
19.23500	373.00000
19.24000	377.00000
19.24500	373.00000
19.25000	369.00000
19.25500	366.00000
19.26000	395.00000
19.26500	408.00000
19.27000	398.00000
19.27500	409.00000
19.28000	411.00000
19.28500	393.00000
19.29000	367.00000
19.29500	373.00000
19.30000	375.00000
19.30500	392.00000
19.31000	403.00000
19.31500	395.00000
19.32000	384.00000
19.32500	359.00000
19.33000	359.00000
19.33500	369.00000
19.34000	375.00000
19.34500	384.00000
19.35000	373.00000
19.35500	389.00000
19.36000	371.00000
19.36500	358.00000
19.37000	338.00000
19.37500	365.00000
19.38000	374.00000
19.38500	350.00000
19.39000	348.00000
19.39500	378.00000
19.40000	380.00000
19.40500	378.00000
19.41000	369.00000
19.41500	380.00000
19.42000	376.00000
19.42500	365.00000
19.43000	342.00000
19.43500	379.00000
19.44000	383.00000
19.44500	399.00000
19.45000	376.00000
19.45500	373.00000
19.46000	368.00000
19.46500	361.00000
19.47000	367.00000
19.47500	398.00000
19.48000	408.00000
19.48500	379.00000
19.49000	394.00000
19.49500	383.00000
19.50000	428.00000
19.50500	469.00000
19.51000	420.00000
19.51500	375.00000
19.52000	367.00000
19.52500	346.00000
19.53000	343.00000
19.53500	354.00000
19.54000	357.00000
19.54500	350.00000
19.55000	355.00000
19.55500	366.00000
19.56000	371.00000
19.56500	359.00000
19.57000	358.00000
19.57500	380.00000
19.58000	387.00000
19.58500	370.00000
19.59000	352.00000
19.59500	360.00000
19.60000	395.00000
19.60500	424.00000
19.61000	405.00000
19.61500	394.00000
19.62000	395.00000
19.62500	360.00000
19.63000	334.00000
19.63500	371.00000
19.64000	364.00000
19.64500	365.00000
19.65000	383.00000
19.65500	375.00000
19.66000	369.00000
19.66500	353.00000
19.67000	342.00000
19.67500	336.00000
19.68000	351.00000
19.68500	361.00000
19.69000	366.00000
19.69500	363.00000
19.70000	367.00000
19.70500	381.00000
19.71000	365.00000
19.71500	372.00000
19.72000	390.00000
19.72500	363.00000
19.73000	331.00000
19.73500	369.00000
19.74000	382.00000
19.74500	387.00000
19.75000	357.00000
19.75500	372.00000
19.76000	390.00000
19.76500	347.00000
19.77000	335.00000
19.77500	380.00000
19.78000	377.00000
19.78500	364.00000
19.79000	358.00000
19.79500	362.00000
19.80000	356.00000
19.80500	370.00000
19.81000	372.00000
19.81500	396.00000
19.82000	402.00000
19.82500	388.00000
19.83000	364.00000
19.83500	368.00000
19.84000	375.00000
19.84500	370.00000
19.85000	352.00000
19.85500	354.00000
19.86000	357.00000
19.86500	366.00000
19.87000	364.00000
19.87500	363.00000
19.88000	369.00000
19.88500	393.00000
19.89000	397.00000
19.89500	369.00000
19.90000	370.00000
19.90500	396.00000
19.91000	368.00000
19.91500	364.00000
19.92000	372.00000
19.92500	361.00000
19.93000	349.00000
19.93500	407.00000
19.94000	392.00000
19.94500	385.00000
19.95000	371.00000
19.95500	369.00000
19.96000	373.00000
19.96500	376.00000
19.97000	359.00000
19.97500	352.00000
19.98000	351.00000
19.98500	361.00000
19.99000	347.00000
19.99500	346.00000
20.00000	348.00000
20.00500	357.00000
20.01000	348.00000
20.01500	341.00000
20.02000	352.00000
20.02500	349.00000
20.03000	347.00000
20.03500	368.00000
20.04000	373.00000
20.04500	380.00000
20.05000	375.00000
20.05500	379.00000
20.06000	404.00000
20.06500	401.00000
20.07000	381.00000
20.07500	391.00000
20.08000	396.00000
20.08500	372.00000
20.09000	353.00000
20.09500	343.00000
20.10000	378.00000
20.10500	401.00000
20.11000	411.00000
20.11500	383.00000
20.12000	364.00000
20.12500	355.00000
20.13000	348.00000
20.13500	362.00000
20.14000	364.00000
20.14500	372.00000
20.15000	359.00000
20.15500	363.00000
20.16000	372.00000
20.16500	364.00000
20.17000	352.00000
20.17500	355.00000
20.18000	349.00000
20.18500	345.00000
20.19000	365.00000
20.19500	382.00000
20.20000	388.00000
20.20500	379.00000
20.21000	363.00000
20.21500	353.00000
20.22000	368.00000
20.22500	348.00000
20.23000	348.00000
20.23500	366.00000
20.24000	363.00000
20.24500	359.00000
20.25000	369.00000
20.25500	370.00000
20.26000	362.00000
20.26500	352.00000
20.27000	340.00000
20.27500	368.00000
20.28000	391.00000
20.28500	377.00000
20.29000	361.00000
20.29500	357.00000
20.30000	350.00000
20.30500	370.00000
20.31000	363.00000
20.31500	359.00000
20.32000	361.00000
20.32500	376.00000
20.33000	362.00000
20.33500	380.00000
20.34000	383.00000
20.34500	369.00000
20.35000	367.00000
20.35500	362.00000
20.36000	349.00000
20.36500	343.00000
20.37000	337.00000
20.37500	375.00000
20.38000	392.00000
20.38500	383.00000
20.39000	382.00000
20.39500	383.00000
20.40000	366.00000
20.40500	390.00000
20.41000	385.00000
20.41500	383.00000
20.42000	380.00000
20.42500	365.00000
20.43000	390.00000
20.43500	378.00000
20.44000	350.00000
20.44500	343.00000
20.45000	357.00000
20.45500	356.00000
20.46000	384.00000
20.46500	399.00000
20.47000	359.00000
20.47500	352.00000
20.48000	348.00000
20.48500	359.00000
20.49000	367.00000
20.49500	381.00000
20.50000	386.00000
20.50500	372.00000
20.51000	365.00000
20.51500	361.00000
20.52000	361.00000
20.52500	350.00000
20.53000	331.00000
20.53500	367.00000
20.54000	363.00000
20.54500	389.00000
20.55000	373.00000
20.55500	363.00000
20.56000	385.00000
20.56500	399.00000
20.57000	350.00000
20.57500	377.00000
20.58000	375.00000
20.58500	360.00000
20.59000	377.00000
20.59500	369.00000
20.60000	370.00000
20.60500	369.00000
20.61000	390.00000
20.61500	368.00000
20.62000	366.00000
20.62500	355.00000
20.63000	346.00000
20.63500	360.00000
20.64000	372.00000
20.64500	364.00000
20.65000	361.00000
20.65500	372.00000
20.66000	390.00000
20.66500	403.00000
20.67000	371.00000
20.67500	382.00000
20.68000	385.00000
20.68500	373.00000
20.69000	374.00000
20.69500	372.00000
20.70000	375.00000
20.70500	364.00000
20.71000	376.00000
20.71500	363.00000
20.72000	375.00000
20.72500	354.00000
20.73000	334.00000
20.73500	376.00000
20.74000	377.00000
20.74500	371.00000
20.75000	371.00000
20.75500	347.00000
20.76000	360.00000
20.76500	346.00000
20.77000	361.00000
20.77500	380.00000
20.78000	404.00000
20.78500	379.00000
20.79000	362.00000
20.79500	350.00000
20.80000	357.00000
20.80500	380.00000
20.81000	384.00000
20.81500	388.00000
20.82000	376.00000
20.82500	361.00000
20.83000	364.00000
20.83500	363.00000
20.84000	378.00000
20.84500	384.00000
20.85000	382.00000
20.85500	371.00000
20.86000	373.00000
20.86500	369.00000
20.87000	357.00000
20.87500	376.00000
20.88000	372.00000
20.88500	369.00000
20.89000	351.00000
20.89500	358.00000
20.90000	382.00000
20.90500	388.00000
20.91000	395.00000
20.91500	378.00000
20.92000	380.00000
20.92500	364.00000
20.93000	335.00000
20.93500	366.00000
20.94000	377.00000
20.94500	375.00000
20.95000	344.00000
20.95500	350.00000
20.96000	364.00000
20.96500	360.00000
20.97000	360.00000
20.97500	411.00000
20.98000	406.00000
20.98500	377.00000
20.99000	359.00000
20.99500	367.00000
21.00000	370.00000
21.00500	388.00000
21.01000	416.00000
21.01500	398.00000
21.02000	384.00000
21.02500	371.00000
21.03000	355.00000
21.03500	365.00000
21.04000	378.00000
21.04500	378.00000
21.05000	386.00000
21.05500	386.00000
21.06000	380.00000
21.06500	365.00000
21.07000	347.00000
21.07500	368.00000
21.08000	385.00000
21.08500	368.00000
21.09000	368.00000
21.09500	353.00000
21.10000	355.00000
21.10500	374.00000
21.11000	402.00000
21.11500	391.00000
21.12000	396.00000
21.12500	365.00000
21.13000	330.00000
21.13500	374.00000
21.14000	367.00000
21.14500	364.00000
21.15000	357.00000
21.15500	374.00000
21.16000	381.00000
21.16500	388.00000
21.17000	398.00000
21.17500	383.00000
21.18000	381.00000
21.18500	417.00000
21.19000	433.00000
21.19500	418.00000
21.20000	399.00000
21.20500	376.00000
21.21000	363.00000
21.21500	357.00000
21.22000	353.00000
21.22500	350.00000
21.23000	363.00000
21.23500	389.00000
21.24000	400.00000
21.24500	384.00000
21.25000	370.00000
21.25500	355.00000
21.26000	350.00000
21.26500	353.00000
21.27000	387.00000
21.27500	418.00000
21.28000	424.00000
21.28500	411.00000
21.29000	395.00000
21.29500	403.00000
21.30000	421.00000
21.30500	407.00000
21.31000	395.00000
21.31500	395.00000
21.32000	388.00000
21.32500	387.00000
21.33000	364.00000
21.33500	392.00000
21.34000	401.00000
21.34500	392.00000
21.35000	379.00000
21.35500	387.00000
21.36000	377.00000
21.36500	365.00000
21.37000	366.00000
21.37500	381.00000
21.38000	388.00000
21.38500	373.00000
21.39000	371.00000
21.39500	366.00000
21.40000	366.00000
21.40500	377.00000
21.41000	370.00000
21.41500	387.00000
21.42000	392.00000
21.42500	370.00000
21.43000	362.00000
21.43500	395.00000
21.44000	381.00000
21.44500	379.00000
21.45000	376.00000
21.45500	373.00000
21.46000	376.00000
21.46500	365.00000
21.47000	368.00000
21.47500	377.00000
21.48000	379.00000
21.48500	408.00000
21.49000	387.00000
21.49500	368.00000
21.50000	370.00000
21.50500	376.00000
21.51000	380.00000
21.51500	397.00000
21.52000	412.00000
21.52500	377.00000
21.53000	349.00000
21.53500	406.00000
21.54000	404.00000
21.54500	394.00000
21.55000	402.00000
21.55500	408.00000
21.56000	392.00000
21.56500	374.00000
21.57000	357.00000
21.57500	405.00000
21.58000	396.00000
21.58500	377.00000
21.59000	389.00000
21.59500	384.00000
21.60000	376.00000
21.60500	378.00000
21.61000	372.00000
21.61500	369.00000
21.62000	360.00000
21.62500	335.00000
21.63000	344.00000
21.63500	385.00000
21.64000	418.00000
21.64500	412.00000
21.65000	393.00000
21.65500	413.00000
21.66000	390.00000
21.66500	405.00000
21.67000	393.00000
21.67500	434.00000
21.68000	423.00000
21.68500	403.00000
21.69000	410.00000
21.69500	382.00000
21.70000	372.00000
21.70500	373.00000
21.71000	376.00000
21.71500	387.00000
21.72000	373.00000
21.72500	353.00000
21.73000	334.00000
21.73500	360.00000
21.74000	360.00000
21.74500	363.00000
21.75000	349.00000
21.75500	348.00000
21.76000	359.00000
21.76500	394.00000
21.77000	361.00000
21.77500	366.00000
21.78000	377.00000
21.78500	380.00000
21.79000	393.00000
21.79500	367.00000
21.80000	361.00000
21.80500	401.00000
21.81000	423.00000
21.81500	398.00000
21.82000	392.00000
21.82500	360.00000
21.83000	337.00000
21.83500	353.00000
21.84000	366.00000
21.84500	419.00000
21.85000	414.00000
21.85500	369.00000
21.86000	355.00000
21.86500	346.00000
21.87000	329.00000
21.87500	338.00000
21.88000	337.00000
21.88500	331.00000
21.89000	405.00000
21.89500	404.00000
21.90000	381.00000
21.90500	370.00000
21.91000	369.00000
21.91500	385.00000
21.92000	369.00000
21.92500	351.00000
21.93000	362.00000
21.93500	381.00000
21.94000	377.00000
21.94500	374.00000
21.95000	350.00000
21.95500	364.00000
21.96000	345.00000
21.96500	363.00000
21.97000	373.00000
21.97500	392.00000
21.98000	394.00000
21.98500	352.00000
21.99000	344.00000
21.99500	360.00000
22.00000	354.00000
22.00500	362.00000
22.01000	357.00000
22.01500	363.00000
22.02000	356.00000
22.02500	343.00000
22.03000	348.00000
22.03500	357.00000
22.04000	370.00000
22.04500	383.00000
22.05000	370.00000
22.05500	379.00000
22.06000	376.00000
22.06500	368.00000
22.07000	341.00000
22.07500	347.00000
22.08000	350.00000
22.08500	351.00000
22.09000	364.00000
22.09500	362.00000
22.10000	385.00000
22.10500	376.00000
22.11000	372.00000
22.11500	367.00000
22.12000	351.00000
22.12500	316.00000
22.13000	297.00000
22.13500	364.00000
22.14000	372.00000
22.14500	371.00000
22.15000	348.00000
22.15500	336.00000
22.16000	345.00000
22.16500	358.00000
22.17000	341.00000
22.17500	358.00000
22.18000	371.00000
22.18500	364.00000
22.19000	392.00000
22.19500	371.00000
22.20000	355.00000
22.20500	359.00000
22.21000	356.00000
22.21500	381.00000
22.22000	392.00000
22.22500	377.00000
22.23000	340.00000
22.23500	345.00000
22.24000	344.00000
22.24500	347.00000
22.25000	363.00000
22.25500	368.00000
22.26000	379.00000
22.26500	360.00000
22.27000	333.00000
22.27500	352.00000
22.28000	352.00000
22.28500	375.00000
22.29000	367.00000
22.29500	356.00000
22.30000	348.00000
22.30500	346.00000
22.31000	354.00000
22.31500	338.00000
22.32000	335.00000
22.32500	345.00000
22.33000	340.00000
22.33500	346.00000
22.34000	350.00000
22.34500	332.00000
22.35000	322.00000
22.35500	350.00000
22.36000	364.00000
22.36500	386.00000
22.37000	364.00000
22.37500	372.00000
22.38000	399.00000
22.38500	390.00000
22.39000	353.00000
22.39500	364.00000
22.40000	340.00000
22.40500	341.00000
22.41000	339.00000
22.41500	341.00000
22.42000	369.00000
22.42500	366.00000
22.43000	341.00000
22.43500	343.00000
22.44000	337.00000
22.44500	340.00000
22.45000	364.00000
22.45500	364.00000
22.46000	368.00000
22.46500	369.00000
22.47000	369.00000
22.47500	389.00000
22.48000	373.00000
22.48500	341.00000
22.49000	327.00000
22.49500	331.00000
22.50000	334.00000
22.50500	350.00000
22.51000	338.00000
22.51500	330.00000
22.52000	328.00000
22.52500	320.00000
22.53000	304.00000
22.53500	329.00000
22.54000	340.00000
22.54500	361.00000
22.55000	358.00000
22.55500	347.00000
22.56000	355.00000
22.56500	351.00000
22.57000	326.00000
22.57500	336.00000
22.58000	346.00000
22.58500	369.00000
22.59000	361.00000
22.59500	349.00000
22.60000	380.00000
22.60500	366.00000
22.61000	343.00000
22.61500	331.00000
22.62000	348.00000
22.62500	349.00000
22.63000	339.00000
22.63500	350.00000
22.64000	356.00000
22.64500	343.00000
22.65000	331.00000
22.65500	343.00000
22.66000	336.00000
22.66500	349.00000
22.67000	356.00000
22.67500	345.00000
22.68000	348.00000
22.68500	351.00000
22.69000	339.00000
22.69500	330.00000
22.70000	336.00000
22.70500	361.00000
22.71000	350.00000
22.71500	348.00000
22.72000	370.00000
22.72500	350.00000
22.73000	332.00000
22.73500	350.00000
22.74000	358.00000
22.74500	346.00000
22.75000	347.00000
22.75500	330.00000
22.76000	328.00000
22.76500	328.00000
22.77000	321.00000
22.77500	322.00000
22.78000	334.00000
22.78500	327.00000
22.79000	317.00000
22.79500	322.00000
22.80000	330.00000
22.80500	347.00000
22.81000	341.00000
22.81500	347.00000
22.82000	344.00000
22.82500	353.00000
22.83000	331.00000
22.83500	405.00000
22.84000	390.00000
22.84500	361.00000
22.85000	380.00000
22.85500	374.00000
22.86000	363.00000
22.86500	350.00000
22.87000	355.00000
22.87500	356.00000
22.88000	343.00000
22.88500	333.00000
22.89000	331.00000
22.89500	332.00000
22.90000	327.00000
22.90500	347.00000
22.91000	356.00000
22.91500	354.00000
22.92000	340.00000
22.92500	337.00000
22.93000	327.00000
22.93500	361.00000
22.94000	334.00000
22.94500	347.00000
22.95000	342.00000
22.95500	359.00000
22.96000	342.00000
22.96500	354.00000
22.97000	364.00000
22.97500	372.00000
22.98000	355.00000
22.98500	339.00000
22.99000	338.00000
22.99500	351.00000
23.00000	365.00000
23.00500	347.00000
23.01000	367.00000
23.01500	358.00000
23.02000	362.00000
23.02500	355.00000
23.03000	343.00000
23.03500	363.00000
23.04000	350.00000
23.04500	351.00000
23.05000	346.00000
23.05500	344.00000
23.06000	345.00000
23.06500	347.00000
23.07000	338.00000
23.07500	344.00000
23.08000	347.00000
23.08500	339.00000
23.09000	348.00000
23.09500	360.00000
23.10000	356.00000
23.10500	351.00000
23.11000	353.00000
23.11500	360.00000
23.12000	349.00000
23.12500	333.00000
23.13000	316.00000
23.13500	336.00000
23.14000	336.00000
23.14500	330.00000
23.15000	329.00000
23.15500	335.00000
23.16000	337.00000
23.16500	332.00000
23.17000	335.00000
23.17500	360.00000
23.18000	381.00000
23.18500	382.00000
23.19000	382.00000
23.19500	362.00000
23.20000	370.00000
23.20500	374.00000
23.21000	364.00000
23.21500	354.00000
23.22000	376.00000
23.22500	359.00000
23.23000	344.00000
23.23500	353.00000
23.24000	380.00000
23.24500	425.00000
23.25000	387.00000
23.25500	355.00000
23.26000	358.00000
23.26500	401.00000
23.27000	371.00000
23.27500	362.00000
23.28000	349.00000
23.28500	347.00000
23.29000	338.00000
23.29500	329.00000
23.30000	338.00000
23.30500	343.00000
23.31000	342.00000
23.31500	368.00000
23.32000	374.00000
23.32500	365.00000
23.33000	349.00000
23.33500	386.00000
23.34000	401.00000
23.34500	378.00000
23.35000	357.00000
23.35500	354.00000
23.36000	346.00000
23.36500	351.00000
23.37000	394.00000
23.37500	414.00000
23.38000	389.00000
23.38500	355.00000
23.39000	348.00000
23.39500	350.00000
23.40000	349.00000
23.40500	371.00000
23.41000	377.00000
23.41500	357.00000
23.42000	355.00000
23.42500	376.00000
23.43000	363.00000
23.43500	364.00000
23.44000	366.00000
23.44500	387.00000
23.45000	375.00000
23.45500	377.00000
23.46000	384.00000
23.46500	385.00000
23.47000	375.00000
23.47500	378.00000
23.48000	379.00000
23.48500	369.00000
23.49000	365.00000
23.49500	351.00000
23.50000	361.00000
23.50500	364.00000
23.51000	361.00000
23.51500	356.00000
23.52000	357.00000
23.52500	345.00000
23.53000	355.00000
23.53500	366.00000
23.54000	362.00000
23.54500	368.00000
23.55000	341.00000
23.55500	355.00000
23.56000	348.00000
23.56500	371.00000
23.57000	371.00000
23.57500	369.00000
23.58000	402.00000
23.58500	396.00000
23.59000	381.00000
23.59500	393.00000
23.60000	406.00000
23.60500	420.00000
23.61000	397.00000
23.61500	395.00000
23.62000	417.00000
23.62500	399.00000
23.63000	397.00000
23.63500	414.00000
23.64000	406.00000
23.64500	410.00000
23.65000	413.00000
23.65500	413.00000
23.66000	438.00000
23.66500	444.00000
23.67000	406.00000
23.67500	409.00000
23.68000	425.00000
23.68500	449.00000
23.69000	436.00000
23.69500	433.00000
23.70000	419.00000
23.70500	421.00000
23.71000	435.00000
23.71500	422.00000
23.72000	438.00000
23.72500	438.00000
23.73000	396.00000
23.73500	430.00000
23.74000	432.00000
23.74500	431.00000
23.75000	489.00000
23.75500	474.00000
23.76000	439.00000
23.76500	424.00000
23.77000	408.00000
23.77500	446.00000
23.78000	441.00000
23.78500	434.00000
23.79000	427.00000
23.79500	413.00000
23.80000	397.00000
23.80500	412.00000
23.81000	399.00000
23.81500	391.00000
23.82000	420.00000
23.82500	430.00000
23.83000	421.00000
23.83500	428.00000
23.84000	408.00000
23.84500	422.00000
23.85000	436.00000
23.85500	419.00000
23.86000	424.00000
23.86500	437.00000
23.87000	437.00000
23.87500	450.00000
23.88000	449.00000
23.88500	426.00000
23.89000	432.00000
23.89500	460.00000
23.90000	476.00000
23.90500	501.00000
23.91000	496.00000
23.91500	495.00000
23.92000	515.00000
23.92500	506.00000
23.93000	501.00000
23.93500	498.00000
23.94000	515.00000
23.94500	520.00000
23.95000	512.00000
23.95500	518.00000
23.96000	534.00000
23.96500	510.00000
23.97000	513.00000
23.97500	549.00000
23.98000	588.00000
23.98500	577.00000
23.99000	542.00000
23.99500	537.00000
24.00000	557.00000
24.00500	574.00000
24.01000	567.00000
24.01500	563.00000
24.02000	533.00000
24.02500	563.00000
24.03000	563.00000
24.03500	565.00000
24.04000	574.00000
24.04500	565.00000
24.05000	575.00000
24.05500	544.00000
24.06000	523.00000
24.06500	519.00000
24.07000	516.00000
24.07500	509.00000
24.08000	537.00000
24.08500	532.00000
24.09000	502.00000
24.09500	520.00000
24.10000	532.00000
24.10500	525.00000
24.11000	546.00000
24.11500	534.00000
24.12000	506.00000
24.12500	490.00000
24.13000	478.00000
24.13500	488.00000
24.14000	490.00000
24.14500	484.00000
24.15000	475.00000
24.15500	486.00000
24.16000	462.00000
24.16500	440.00000
24.17000	433.00000
24.17500	424.00000
24.18000	438.00000
24.18500	436.00000
24.19000	439.00000
24.19500	446.00000
24.20000	421.00000
24.20500	404.00000
24.21000	475.00000
24.21500	450.00000
24.22000	433.00000
24.22500	431.00000
24.23000	424.00000
24.23500	461.00000
24.24000	440.00000
24.24500	447.00000
24.25000	455.00000
24.25500	457.00000
24.26000	430.00000
24.26500	442.00000
24.27000	428.00000
24.27500	442.00000
24.28000	449.00000
24.28500	477.00000
24.29000	459.00000
24.29500	457.00000
24.30000	455.00000
24.30500	472.00000
24.31000	464.00000
24.31500	463.00000
24.32000	470.00000
24.32500	448.00000
24.33000	465.00000
24.33500	497.00000
24.34000	489.00000
24.34500	452.00000
24.35000	459.00000
24.35500	509.00000
24.36000	548.00000
24.36500	531.00000
24.37000	517.00000
24.37500	555.00000
24.38000	567.00000
24.38500	546.00000
24.39000	583.00000
24.39500	599.00000
24.40000	547.00000
24.40500	533.00000
24.41000	552.00000
24.41500	599.00000
24.42000	644.00000
24.42500	651.00000
24.43000	626.00000
24.43500	656.00000
24.44000	640.00000
24.44500	653.00000
24.45000	687.00000
24.45500	704.00000
24.46000	693.00000
24.46500	660.00000
24.47000	660.00000
24.47500	664.00000
24.48000	651.00000
24.48500	652.00000
24.49000	642.00000
24.49500	599.00000
24.50000	585.00000
24.50500	583.00000
24.51000	588.00000
24.51500	590.00000
24.52000	566.00000
24.52500	570.00000
24.53000	541.00000
24.53500	521.00000
24.54000	505.00000
24.54500	470.00000
24.55000	455.00000
24.55500	458.00000
24.56000	449.00000
24.56500	426.00000
24.57000	420.00000
24.57500	442.00000
24.58000	432.00000
24.58500	426.00000
24.59000	425.00000
24.59500	428.00000
24.60000	413.00000
24.60500	392.00000
24.61000	389.00000
24.61500	419.00000
24.62000	401.00000
24.62500	406.00000
24.63000	390.00000
24.63500	389.00000
24.64000	394.00000
24.64500	410.00000
24.65000	387.00000
24.65500	380.00000
24.66000	380.00000
24.66500	370.00000
24.67000	374.00000
24.67500	397.00000
24.68000	387.00000
24.68500	378.00000
24.69000	378.00000
24.69500	383.00000
24.70000	383.00000
24.70500	376.00000
24.71000	352.00000
24.71500	348.00000
24.72000	359.00000
24.72500	352.00000
24.73000	360.00000
24.73500	377.00000
24.74000	366.00000
24.74500	363.00000
24.75000	356.00000
24.75500	365.00000
24.76000	351.00000
24.76500	366.00000
24.77000	360.00000
24.77500	386.00000
24.78000	359.00000
24.78500	362.00000
24.79000	354.00000
24.79500	368.00000
24.80000	348.00000
24.80500	349.00000
24.81000	342.00000
24.81500	351.00000
24.82000	379.00000
24.82500	378.00000
24.83000	339.00000
24.83500	354.00000
24.84000	376.00000
24.84500	377.00000
24.85000	369.00000
24.85500	347.00000
24.86000	334.00000
24.86500	348.00000
24.87000	339.00000
24.87500	347.00000
24.88000	346.00000
24.88500	325.00000
24.89000	345.00000
24.89500	345.00000
24.90000	339.00000
24.90500	344.00000
24.91000	334.00000
24.91500	329.00000
24.92000	334.00000
24.92500	325.00000
24.93000	326.00000
24.93500	349.00000
24.94000	342.00000
24.94500	337.00000
24.95000	336.00000
24.95500	344.00000
24.96000	344.00000
24.96500	315.00000
24.97000	324.00000
24.97500	348.00000
24.98000	366.00000
24.98500	332.00000
24.99000	313.00000
24.99500	310.00000
25.00000	322.00000
25.00500	343.00000
25.01000	334.00000
25.01500	318.00000
25.02000	329.00000
25.02500	317.00000
25.03000	315.00000
25.03500	332.00000
25.04000	354.00000
25.04500	362.00000
25.05000	348.00000
25.05500	357.00000
25.06000	338.00000
25.06500	330.00000
25.07000	327.00000
25.07500	313.00000
25.08000	308.00000
25.08500	324.00000
25.09000	321.00000
25.09500	319.00000
25.10000	318.00000
25.10500	332.00000
25.11000	327.00000
25.11500	320.00000
25.12000	327.00000
25.12500	328.00000
25.13000	305.00000
25.13500	337.00000
25.14000	344.00000
25.14500	328.00000
25.15000	331.00000
25.15500	328.00000
25.16000	318.00000
25.16500	315.00000
25.17000	308.00000
25.17500	339.00000
25.18000	343.00000
25.18500	342.00000
25.19000	340.00000
25.19500	315.00000
25.20000	298.00000
25.20500	323.00000
25.21000	319.00000
25.21500	304.00000
25.22000	321.00000
25.22500	336.00000
25.23000	339.00000
25.23500	341.00000
25.24000	347.00000
25.24500	348.00000
25.25000	329.00000
25.25500	317.00000
25.26000	337.00000
25.26500	328.00000
25.27000	320.00000
25.27500	323.00000
25.28000	357.00000
25.28500	349.00000
25.29000	329.00000
25.29500	314.00000
25.30000	302.00000
25.30500	306.00000
25.31000	318.00000
25.31500	341.00000
25.32000	346.00000
25.32500	337.00000
25.33000	317.00000
25.33500	329.00000
25.34000	319.00000
25.34500	322.00000
25.35000	330.00000
25.35500	331.00000
25.36000	330.00000
25.36500	323.00000
25.37000	313.00000
25.37500	351.00000
25.38000	346.00000
25.38500	343.00000
25.39000	326.00000
25.39500	323.00000
25.40000	317.00000
25.40500	305.00000
25.41000	312.00000
25.41500	336.00000
25.42000	341.00000
25.42500	326.00000
25.43000	318.00000
25.43500	340.00000
25.44000	342.00000
25.44500	342.00000
25.45000	351.00000
25.45500	355.00000
25.46000	341.00000
25.46500	337.00000
25.47000	375.00000
25.47500	378.00000
25.48000	376.00000
25.48500	355.00000
25.49000	351.00000
25.49500	357.00000
25.50000	361.00000
25.50500	363.00000
25.51000	350.00000
25.51500	336.00000
25.52000	349.00000
25.52500	351.00000
25.53000	341.00000
25.53500	374.00000
25.54000	372.00000
25.54500	354.00000
25.55000	378.00000
25.55500	374.00000
25.56000	365.00000
25.56500	383.00000
25.57000	373.00000
25.57500	390.00000
25.58000	406.00000
25.58500	452.00000
25.59000	417.00000
25.59500	439.00000
25.60000	428.00000
25.60500	440.00000
25.61000	429.00000
25.61500	439.00000
25.62000	426.00000
25.62500	411.00000
25.63000	428.00000
25.63500	446.00000
25.64000	452.00000
25.64500	435.00000
25.65000	457.00000
25.65500	484.00000
25.66000	514.00000
25.66500	470.00000
25.67000	478.00000
25.67500	475.00000
25.68000	485.00000
25.68500	537.00000
25.69000	487.00000
25.69500	504.00000
25.70000	477.00000
25.70500	501.00000
25.71000	512.00000
25.71500	556.00000
25.72000	540.00000
25.72500	525.00000
25.73000	520.00000
25.73500	522.00000
25.74000	519.00000
25.74500	526.00000
25.75000	497.00000
25.75500	528.00000
25.76000	557.00000
25.76500	525.00000
25.77000	523.00000
25.77500	557.00000
25.78000	618.00000
25.78500	599.00000
25.79000	561.00000
25.79500	533.00000
25.80000	539.00000
25.80500	536.00000
25.81000	536.00000
25.81500	523.00000
25.82000	529.00000
25.82500	490.00000
25.83000	481.00000
25.83500	497.00000
25.84000	541.00000
25.84500	526.00000
25.85000	497.00000
25.85500	448.00000
25.86000	454.00000
25.86500	442.00000
25.87000	455.00000
25.87500	432.00000
25.88000	441.00000
25.88500	442.00000
25.89000	418.00000
25.89500	400.00000
25.90000	379.00000
25.90500	433.00000
25.91000	436.00000
25.91500	405.00000
25.92000	416.00000
25.92500	388.00000
25.93000	369.00000
25.93500	380.00000
25.94000	382.00000
25.94500	395.00000
25.95000	361.00000
25.95500	334.00000
25.96000	322.00000
25.96500	325.00000
25.97000	334.00000
25.97500	353.00000
25.98000	393.00000
25.98500	367.00000
25.99000	354.00000
25.99500	351.00000
26.00000	341.00000
26.00500	337.00000
26.01000	335.00000
26.01500	338.00000
26.02000	330.00000
26.02500	323.00000
26.03000	303.00000
26.03500	349.00000
26.04000	348.00000
26.04500	333.00000
26.05000	317.00000
26.05500	315.00000
26.06000	317.00000
26.06500	321.00000
26.07000	309.00000
26.07500	308.00000
26.08000	313.00000
26.08500	298.00000
26.09000	309.00000
26.09500	314.00000
26.10000	315.00000
26.10500	324.00000
26.11000	323.00000
26.11500	323.00000
26.12000	342.00000
26.12500	311.00000
26.13000	285.00000
26.13500	321.00000
26.14000	339.00000
26.14500	348.00000
26.15000	345.00000
26.15500	329.00000
26.16000	333.00000
26.16500	322.00000
26.17000	315.00000
26.17500	373.00000
26.18000	348.00000
26.18500	337.00000
26.19000	339.00000
26.19500	344.00000
26.20000	324.00000
26.20500	341.00000
26.21000	324.00000
26.21500	314.00000
26.22000	312.00000
26.22500	298.00000
26.23000	299.00000
26.23500	327.00000
26.24000	325.00000
26.24500	315.00000
26.25000	323.00000
26.25500	310.00000
26.26000	307.00000
26.26500	292.00000
26.27000	294.00000
26.27500	316.00000
26.28000	310.00000
26.28500	314.00000
26.29000	308.00000
26.29500	306.00000
26.30000	301.00000
26.30500	307.00000
26.31000	316.00000
26.31500	324.00000
26.32000	316.00000
26.32500	302.00000
26.33000	284.00000
26.33500	300.00000
26.34000	322.00000
26.34500	311.00000
26.35000	294.00000
26.35500	302.00000
26.36000	295.00000
26.36500	298.00000
26.37000	296.00000
26.37500	308.00000
26.38000	315.00000
26.38500	322.00000
26.39000	323.00000
26.39500	322.00000
26.40000	322.00000
26.40500	322.00000
26.41000	325.00000
26.41500	311.00000
26.42000	301.00000
26.42500	306.00000
26.43000	299.00000
26.43500	327.00000
26.44000	332.00000
26.44500	348.00000
26.45000	326.00000
26.45500	319.00000
26.46000	303.00000
26.46500	309.00000
26.47000	324.00000
26.47500	315.00000
26.48000	319.00000
26.48500	310.00000
26.49000	300.00000
26.49500	301.00000
26.50000	327.00000
26.50500	323.00000
26.51000	317.00000
26.51500	307.00000
26.52000	313.00000
26.52500	293.00000
26.53000	286.00000
26.53500	296.00000
26.54000	298.00000
26.54500	315.00000
26.55000	301.00000
26.55500	300.00000
26.56000	296.00000
26.56500	314.00000
26.57000	321.00000
26.57500	354.00000
26.58000	337.00000
26.58500	326.00000
26.59000	325.00000
26.59500	352.00000
26.60000	329.00000
26.60500	354.00000
26.61000	344.00000
26.61500	329.00000
26.62000	329.00000
26.62500	343.00000
26.63000	320.00000
26.63500	325.00000
26.64000	344.00000
26.64500	328.00000
26.65000	319.00000
26.65500	338.00000
26.66000	340.00000
26.66500	320.00000
26.67000	320.00000
26.67500	325.00000
26.68000	336.00000
26.68500	345.00000
26.69000	348.00000
26.69500	325.00000
26.70000	330.00000
26.70500	319.00000
26.71000	329.00000
26.71500	315.00000
26.72000	314.00000
26.72500	293.00000
26.73000	267.00000
26.73500	302.00000
26.74000	314.00000
26.74500	325.00000
26.75000	314.00000
26.75500	321.00000
26.76000	306.00000
26.76500	303.00000
26.77000	293.00000
26.77500	317.00000
26.78000	324.00000
26.78500	331.00000
26.79000	338.00000
26.79500	350.00000
26.80000	328.00000
26.80500	328.00000
26.81000	303.00000
26.81500	301.00000
26.82000	305.00000
26.82500	306.00000
26.83000	294.00000
26.83500	322.00000
26.84000	334.00000
26.84500	339.00000
26.85000	329.00000
26.85500	310.00000
26.86000	297.00000
26.86500	304.00000
26.87000	315.00000
26.87500	307.00000
26.88000	319.00000
26.88500	310.00000
26.89000	319.00000
26.89500	320.00000
26.90000	319.00000
26.90500	311.00000
26.91000	324.00000
26.91500	325.00000
26.92000	324.00000
26.92500	302.00000
26.93000	292.00000
26.93500	329.00000
26.94000	334.00000
26.94500	316.00000
26.95000	311.00000
26.95500	303.00000
26.96000	301.00000
26.96500	322.00000
26.97000	309.00000
26.97500	331.00000
26.98000	374.00000
26.98500	356.00000
26.99000	337.00000
26.99500	313.00000
27.00000	305.00000
27.00500	305.00000
27.01000	311.00000
27.01500	329.00000
27.02000	323.00000
27.02500	348.00000
27.03000	314.00000
27.03500	328.00000
27.04000	318.00000
27.04500	335.00000
27.05000	320.00000
27.05500	314.00000
27.06000	308.00000
27.06500	315.00000
27.07000	322.00000
27.07500	335.00000
27.08000	341.00000
27.08500	331.00000
27.09000	313.00000
27.09500	299.00000
27.10000	296.00000
27.10500	304.00000
27.11000	319.00000
27.11500	307.00000
27.12000	311.00000
27.12500	329.00000
27.13000	322.00000
27.13500	350.00000
27.14000	371.00000
27.14500	342.00000
27.15000	365.00000
27.15500	331.00000
27.16000	312.00000
27.16500	299.00000
27.17000	287.00000
27.17500	306.00000
27.18000	324.00000
27.18500	334.00000
27.19000	321.00000
27.19500	360.00000
27.20000	347.00000
27.20500	376.00000
27.21000	357.00000
27.21500	336.00000
27.22000	330.00000
27.22500	311.00000
27.23000	307.00000
27.23500	331.00000
27.24000	334.00000
27.24500	325.00000
27.25000	324.00000
27.25500	342.00000
27.26000	331.00000
27.26500	307.00000
27.27000	320.00000
27.27500	328.00000
27.28000	344.00000
27.28500	335.00000
27.29000	329.00000
27.29500	322.00000
27.30000	352.00000
27.30500	342.00000
27.31000	357.00000
27.31500	354.00000
27.32000	339.00000
27.32500	324.00000
27.33000	301.00000
27.33500	307.00000
27.34000	329.00000
27.34500	320.00000
27.35000	315.00000
27.35500	320.00000
27.36000	314.00000
27.36500	323.00000
27.37000	335.00000
27.37500	360.00000
27.38000	370.00000
27.38500	339.00000
27.39000	335.00000
27.39500	327.00000
27.40000	328.00000
27.40500	328.00000
27.41000	323.00000
27.41500	309.00000
27.42000	314.00000
27.42500	297.00000
27.43000	298.00000
27.43500	326.00000
27.44000	364.00000
27.44500	377.00000
27.45000	356.00000
27.45500	337.00000
27.46000	347.00000
27.46500	330.00000
27.47000	355.00000
27.47500	386.00000
27.48000	354.00000
27.48500	341.00000
27.49000	321.00000
27.49500	333.00000
27.50000	320.00000
27.50500	312.00000
27.51000	320.00000
27.51500	314.00000
27.52000	319.00000
27.52500	321.00000
27.53000	324.00000
27.53500	349.00000
27.54000	346.00000
27.54500	340.00000
27.55000	325.00000
27.55500	318.00000
27.56000	321.00000
27.56500	314.00000
27.57000	303.00000
27.57500	334.00000
27.58000	362.00000
27.58500	333.00000
27.59000	334.00000
27.59500	313.00000
27.60000	315.00000
27.60500	334.00000
27.61000	374.00000
27.61500	343.00000
27.62000	350.00000
27.62500	339.00000
27.63000	330.00000
27.63500	346.00000
27.64000	329.00000
27.64500	330.00000
27.65000	317.00000
27.65500	333.00000
27.66000	329.00000
27.66500	325.00000
27.67000	330.00000
27.67500	364.00000
27.68000	341.00000
27.68500	328.00000
27.69000	330.00000
27.69500	330.00000
27.70000	331.00000
27.70500	340.00000
27.71000	341.00000
27.71500	369.00000
27.72000	414.00000
27.72500	393.00000
27.73000	357.00000
27.73500	349.00000
27.74000	368.00000
27.74500	358.00000
27.75000	346.00000
27.75500	366.00000
27.76000	341.00000
27.76500	316.00000
27.77000	318.00000
27.77500	342.00000
27.78000	354.00000
27.78500	337.00000
27.79000	329.00000
27.79500	362.00000
27.80000	397.00000
27.80500	378.00000
27.81000	374.00000
27.81500	350.00000
27.82000	341.00000
27.82500	342.00000
27.83000	324.00000
27.83500	324.00000
27.84000	311.00000
27.84500	318.00000
27.85000	355.00000
27.85500	350.00000
27.86000	342.00000
27.86500	350.00000
27.87000	335.00000
27.87500	332.00000
27.88000	338.00000
27.88500	326.00000
27.89000	330.00000
27.89500	325.00000
27.90000	316.00000
27.90500	338.00000
27.91000	350.00000
27.91500	343.00000
27.92000	337.00000
27.92500	315.00000
27.93000	335.00000
27.93500	361.00000
27.94000	353.00000
27.94500	344.00000
27.95000	367.00000
27.95500	359.00000
27.96000	352.00000
27.96500	339.00000
27.97000	338.00000
27.97500	403.00000
27.98000	387.00000
27.98500	360.00000
27.99000	354.00000
27.99500	353.00000
28.00000	348.00000
28.00500	342.00000
28.01000	370.00000
28.01500	393.00000
28.02000	380.00000
28.02500	370.00000
28.03000	353.00000
28.03500	370.00000
28.04000	392.00000
28.04500	398.00000
28.05000	390.00000
28.05500	396.00000
28.06000	387.00000
28.06500	390.00000
28.07000	399.00000
28.07500	424.00000
28.08000	454.00000
28.08500	445.00000
28.09000	448.00000
28.09500	441.00000
28.10000	465.00000
28.10500	458.00000
28.11000	457.00000
28.11500	452.00000
28.12000	437.00000
28.12500	436.00000
28.13000	447.00000
28.13500	536.00000
28.14000	574.00000
28.14500	557.00000
28.15000	524.00000
28.15500	549.00000
28.16000	586.00000
28.16500	608.00000
28.17000	627.00000
28.17500	637.00000
28.18000	660.00000
28.18500	643.00000
28.19000	675.00000
28.19500	726.00000
28.20000	730.00000
28.20500	727.00000
28.21000	739.00000
28.21500	747.00000
28.22000	746.00000
28.22500	721.00000
28.23000	728.00000
28.23500	723.00000
28.24000	750.00000
28.24500	791.00000
28.25000	797.00000
28.25500	788.00000
28.26000	750.00000
28.26500	768.00000
28.27000	770.00000
28.27500	743.00000
28.28000	752.00000
28.28500	712.00000
28.29000	683.00000
28.29500	692.00000
28.30000	693.00000
28.30500	669.00000
28.31000	632.00000
28.31500	610.00000
28.32000	613.00000
28.32500	565.00000
28.33000	563.00000
28.33500	560.00000
28.34000	547.00000
28.34500	525.00000
28.35000	483.00000
28.35500	474.00000
28.36000	452.00000
28.36500	462.00000
28.37000	428.00000
28.37500	456.00000
28.38000	469.00000
28.38500	448.00000
28.39000	397.00000
28.39500	378.00000
28.40000	383.00000
28.40500	431.00000
28.41000	400.00000
28.41500	374.00000
28.42000	372.00000
28.42500	363.00000
28.43000	339.00000
28.43500	370.00000
28.44000	364.00000
28.44500	356.00000
28.45000	350.00000
28.45500	340.00000
28.46000	369.00000
28.46500	361.00000
28.47000	350.00000
28.47500	366.00000
28.48000	362.00000
28.48500	369.00000
28.49000	353.00000
28.49500	340.00000
28.50000	335.00000
28.50500	337.00000
28.51000	350.00000
28.51500	370.00000
28.52000	382.00000
28.52500	367.00000
28.53000	337.00000
28.53500	353.00000
28.54000	371.00000
28.54500	387.00000
28.55000	370.00000
28.55500	365.00000
28.56000	395.00000
28.56500	416.00000
28.57000	392.00000
28.57500	392.00000
28.58000	418.00000
28.58500	391.00000
28.59000	378.00000
28.59500	376.00000
28.60000	376.00000
28.60500	396.00000
28.61000	383.00000
28.61500	400.00000
28.62000	394.00000
28.62500	379.00000
28.63000	377.00000
28.63500	402.00000
28.64000	378.00000
28.64500	400.00000
28.65000	398.00000
28.65500	394.00000
28.66000	389.00000
28.66500	391.00000
28.67000	394.00000
28.67500	421.00000
28.68000	405.00000
28.68500	407.00000
28.69000	395.00000
28.69500	385.00000
28.70000	401.00000
28.70500	383.00000
28.71000	379.00000
28.71500	380.00000
28.72000	394.00000
28.72500	381.00000
28.73000	364.00000
28.73500	405.00000
28.74000	387.00000
28.74500	389.00000
28.75000	381.00000
28.75500	353.00000
28.76000	331.00000
28.76500	346.00000
28.77000	341.00000
28.77500	369.00000
28.78000	383.00000
28.78500	394.00000
28.79000	390.00000
28.79500	403.00000
28.80000	394.00000
28.80500	385.00000
28.81000	388.00000
28.81500	376.00000
28.82000	365.00000
28.82500	354.00000
28.83000	350.00000
28.83500	365.00000
28.84000	375.00000
28.84500	362.00000
28.85000	343.00000
28.85500	360.00000
28.86000	373.00000
28.86500	373.00000
28.87000	347.00000
28.87500	378.00000
28.88000	388.00000
28.88500	393.00000
28.89000	373.00000
28.89500	368.00000
28.90000	361.00000
28.90500	390.00000
28.91000	381.00000
28.91500	353.00000
28.92000	354.00000
28.92500	343.00000
28.93000	329.00000
28.93500	354.00000
28.94000	369.00000
28.94500	372.00000
28.95000	359.00000
28.95500	349.00000
28.96000	350.00000
28.96500	350.00000
28.97000	357.00000
28.97500	391.00000
28.98000	406.00000
28.98500	409.00000
28.99000	414.00000
28.99500	423.00000
29.00000	396.00000
29.00500	378.00000
29.01000	378.00000
29.01500	372.00000
29.02000	385.00000
29.02500	377.00000
29.03000	373.00000
29.03500	437.00000
29.04000	430.00000
29.04500	417.00000
29.05000	429.00000
29.05500	464.00000
29.06000	420.00000
29.06500	405.00000
29.07000	406.00000
29.07500	413.00000
29.08000	422.00000
29.08500	420.00000
29.09000	431.00000
29.09500	423.00000
29.10000	428.00000
29.10500	457.00000
29.11000	459.00000
29.11500	460.00000
29.12000	448.00000
29.12500	435.00000
29.13000	421.00000
29.13500	443.00000
29.14000	473.00000
29.14500	462.00000
29.15000	476.00000
29.15500	466.00000
29.16000	457.00000
29.16500	452.00000
29.17000	448.00000
29.17500	489.00000
29.18000	501.00000
29.18500	508.00000
29.19000	497.00000
29.19500	494.00000
29.20000	524.00000
29.20500	558.00000
29.21000	573.00000
29.21500	560.00000
29.22000	565.00000
29.22500	562.00000
29.23000	571.00000
29.23500	586.00000
29.24000	606.00000
29.24500	663.00000
29.25000	682.00000
29.25500	724.00000
29.26000	760.00000
29.26500	750.00000
29.27000	761.00000
29.27500	798.00000
29.28000	794.00000
29.28500	777.00000
29.29000	797.00000
29.29500	785.00000
29.30000	810.00000
29.30500	845.00000
29.31000	882.00000
29.31500	888.00000
29.32000	966.00000
29.32500	1033.00000
29.33000	1027.00000
29.33500	1081.00000
29.34000	1089.00000
29.34500	1099.00000
29.35000	1122.00000
29.35500	1184.00000
29.36000	1250.00000
29.36500	1311.00000
29.37000	1293.00000
29.37500	1361.00000
29.38000	1398.00000
29.38500	1444.00000
29.39000	1496.00000
29.39500	1555.00000
29.40000	1550.00000
29.40500	1575.00000
29.41000	1664.00000
29.41500	1655.00000
29.42000	1686.00000
29.42500	1760.00000
29.43000	1842.00000
29.43500	1881.00000
29.44000	1990.00000
29.44500	2020.00000
29.45000	2139.00000
29.45500	2163.00000
29.46000	2285.00000
29.46500	2371.00000
29.47000	2384.00000
29.47500	2457.00000
29.48000	2614.00000
29.48500	2642.00000
29.49000	2640.00000
29.49500	2701.00000
29.50000	2820.00000
29.50500	2971.00000
29.51000	3032.00000
29.51500	3128.00000
29.52000	3245.00000
29.52500	3328.00000
29.53000	3469.00000
29.53500	3504.00000
29.54000	3460.00000
29.54500	3523.00000
29.55000	3530.00000
29.55500	3516.00000
29.56000	3529.00000
29.56500	3412.00000
29.57000	3399.00000
29.57500	3416.00000
29.58000	3435.00000
29.58500	3299.00000
29.59000	3304.00000
29.59500	3170.00000
29.60000	3021.00000
29.60500	2971.00000
29.61000	2866.00000
29.61500	2792.00000
29.62000	2737.00000
29.62500	2649.00000
29.63000	2636.00000
29.63500	2603.00000
29.64000	2555.00000
29.64500	2462.00000
29.65000	2430.00000
29.65500	2321.00000
29.66000	2256.00000
29.66500	2170.00000
29.67000	2033.00000
29.67500	1999.00000
29.68000	2013.00000
29.68500	1923.00000
29.69000	1796.00000
29.69500	1832.00000
29.70000	1764.00000
29.70500	1744.00000
29.71000	1716.00000
29.71500	1628.00000
29.72000	1605.00000
29.72500	1621.00000
29.73000	1620.00000
29.73500	1624.00000
29.74000	1622.00000
29.74500	1571.00000
29.75000	1542.00000
29.75500	1471.00000
29.76000	1474.00000
29.76500	1456.00000
29.77000	1404.00000
29.77500	1418.00000
29.78000	1462.00000
29.78500	1436.00000
29.79000	1417.00000
29.79500	1402.00000
29.80000	1392.00000
29.80500	1409.00000
29.81000	1410.00000
29.81500	1360.00000
29.82000	1392.00000
29.82500	1402.00000
29.83000	1315.00000
29.83500	1235.00000
29.84000	1186.00000
29.84500	1153.00000
29.85000	1162.00000
29.85500	1164.00000
29.86000	1139.00000
29.86500	1095.00000
29.87000	1074.00000
29.87500	1022.00000
29.88000	964.00000
29.88500	907.00000
29.89000	939.00000
29.89500	887.00000
29.90000	851.00000
29.90500	840.00000
29.91000	801.00000
29.91500	781.00000
29.92000	705.00000
29.92500	660.00000
29.93000	625.00000
29.93500	600.00000
29.94000	556.00000
29.94500	543.00000
29.95000	544.00000
29.95500	541.00000
29.96000	571.00000
29.96500	538.00000
29.97000	475.00000
29.97500	521.00000
29.98000	518.00000
29.98500	505.00000
29.99000	484.00000
29.99500	464.00000
30.00000	426.00000
30.00500	460.00000
30.01000	476.00000
30.01500	462.00000
30.02000	438.00000
30.02500	416.00000
30.03000	396.00000
30.03500	393.00000
30.04000	388.00000
30.04500	393.00000
30.05000	401.00000
30.05500	408.00000
30.06000	392.00000
30.06500	379.00000
30.07000	370.00000
30.07500	424.00000
30.08000	412.00000
30.08500	418.00000
30.09000	397.00000
30.09500	373.00000
30.10000	360.00000
30.10500	370.00000
30.11000	374.00000
30.11500	393.00000
30.12000	378.00000
30.12500	402.00000
30.13000	398.00000
30.13500	388.00000
30.14000	379.00000
30.14500	377.00000
30.15000	364.00000
30.15500	390.00000
30.16000	388.00000
30.16500	356.00000
30.17000	334.00000
30.17500	343.00000
30.18000	359.00000
30.18500	335.00000
30.19000	335.00000
30.19500	370.00000
30.20000	362.00000
30.20500	393.00000
30.21000	372.00000
30.21500	353.00000
30.22000	353.00000
30.22500	341.00000
30.23000	325.00000
30.23500	339.00000
30.24000	359.00000
30.24500	360.00000
30.25000	353.00000
30.25500	348.00000
30.26000	367.00000
30.26500	369.00000
30.27000	345.00000
30.27500	355.00000
30.28000	371.00000
30.28500	356.00000
30.29000	358.00000
30.29500	371.00000
30.30000	386.00000
30.30500	390.00000
30.31000	372.00000
30.31500	367.00000
30.32000	376.00000
30.32500	377.00000
30.33000	362.00000
30.33500	381.00000
30.34000	392.00000
30.34500	393.00000
30.35000	392.00000
30.35500	381.00000
30.36000	383.00000
30.36500	373.00000
30.37000	370.00000
30.37500	404.00000
30.38000	408.00000
30.38500	411.00000
30.39000	400.00000
30.39500	395.00000
30.40000	390.00000
30.40500	403.00000
30.41000	408.00000
30.41500	418.00000
30.42000	430.00000
30.42500	417.00000
30.43000	417.00000
30.43500	422.00000
30.44000	442.00000
30.44500	441.00000
30.45000	405.00000
30.45500	404.00000
30.46000	387.00000
30.46500	397.00000
30.47000	397.00000
30.47500	424.00000
30.48000	436.00000
30.48500	421.00000
30.49000	450.00000
30.49500	415.00000
30.50000	405.00000
30.50500	410.00000
30.51000	400.00000
30.51500	382.00000
30.52000	387.00000
30.52500	377.00000
30.53000	341.00000
30.53500	363.00000
30.54000	363.00000
30.54500	351.00000
30.55000	346.00000
30.55500	339.00000
30.56000	346.00000
30.56500	356.00000
30.57000	365.00000
30.57500	385.00000
30.58000	427.00000
30.58500	404.00000
30.59000	399.00000
30.59500	392.00000
30.60000	384.00000
30.60500	393.00000
30.61000	394.00000
30.61500	397.00000
30.62000	409.00000
30.62500	418.00000
30.63000	424.00000
30.63500	428.00000
30.64000	470.00000
30.64500	482.00000
30.65000	472.00000
30.65500	454.00000
30.66000	463.00000
30.66500	489.00000
30.67000	513.00000
30.67500	508.00000
30.68000	501.00000
30.68500	467.00000
30.69000	481.00000
30.69500	488.00000
30.70000	536.00000
30.70500	555.00000
30.71000	535.00000
30.71500	540.00000
30.72000	610.00000
30.72500	585.00000
30.73000	573.00000
30.73500	629.00000
30.74000	633.00000
30.74500	620.00000
30.75000	606.00000
30.75500	610.00000
30.76000	630.00000
30.76500	684.00000
30.77000	693.00000
30.77500	705.00000
30.78000	696.00000
30.78500	727.00000
30.79000	752.00000
30.79500	784.00000
30.80000	842.00000
30.80500	827.00000
30.81000	833.00000
30.81500	857.00000
30.82000	989.00000
30.82500	983.00000
30.83000	991.00000
30.83500	1050.00000
30.84000	1069.00000
30.84500	1111.00000
30.85000	1130.00000
30.85500	1153.00000
30.86000	1173.00000
30.86500	1235.00000
30.87000	1280.00000
30.87500	1334.00000
30.88000	1375.00000
30.88500	1413.00000
30.89000	1442.00000
30.89500	1456.00000
30.90000	1591.00000
30.90500	1694.00000
30.91000	1680.00000
30.91500	1742.00000
30.92000	1761.00000
30.92500	1761.00000
30.93000	1738.00000
30.93500	1850.00000
30.94000	1933.00000
30.94500	1999.00000
30.95000	2111.00000
30.95500	2128.00000
30.96000	2188.00000
30.96500	2320.00000
30.97000	2361.00000
30.97500	2341.00000
30.98000	2415.00000
30.98500	2435.00000
30.99000	2445.00000
30.99500	2507.00000
31.00000	2550.00000
31.00500	2523.00000
31.01000	2486.00000
31.01500	2548.00000
31.02000	2574.00000
31.02500	2618.00000
31.03000	2686.00000
31.03500	2760.00000
31.04000	2749.00000
31.04500	2709.00000
31.05000	2578.00000
31.05500	2537.00000
31.06000	2513.00000
31.06500	2494.00000
31.07000	2439.00000
31.07500	2349.00000
31.08000	2221.00000
31.08500	2150.00000
31.09000	2119.00000
31.09500	1993.00000
31.10000	2010.00000
31.10500	1901.00000
31.11000	1796.00000
31.11500	1656.00000
31.12000	1596.00000
31.12500	1488.00000
31.13000	1387.00000
31.13500	1334.00000
31.14000	1251.00000
31.14500	1163.00000
31.15000	1083.00000
31.15500	1012.00000
31.16000	938.00000
31.16500	911.00000
31.17000	834.00000
31.17500	821.00000
31.18000	814.00000
31.18500	814.00000
31.19000	751.00000
31.19500	744.00000
31.20000	712.00000
31.20500	696.00000
31.21000	678.00000
31.21500	644.00000
31.22000	622.00000
31.22500	572.00000
31.23000	528.00000
31.23500	556.00000
31.24000	568.00000
31.24500	553.00000
31.25000	546.00000
31.25500	527.00000
31.26000	521.00000
31.26500	528.00000
31.27000	523.00000
31.27500	576.00000
31.28000	538.00000
31.28500	516.00000
31.29000	478.00000
31.29500	479.00000
31.30000	472.00000
31.30500	484.00000
31.31000	500.00000
31.31500	478.00000
31.32000	465.00000
31.32500	464.00000
31.33000	458.00000
31.33500	481.00000
31.34000	479.00000
31.34500	463.00000
31.35000	432.00000
31.35500	413.00000
31.36000	420.00000
31.36500	431.00000
31.37000	445.00000
31.37500	486.00000
31.38000	464.00000
31.38500	476.00000
31.39000	443.00000
31.39500	438.00000
31.40000	466.00000
31.40500	482.00000
31.41000	462.00000
31.41500	450.00000
31.42000	432.00000
31.42500	417.00000
31.43000	385.00000
31.43500	384.00000
31.44000	388.00000
31.44500	378.00000
31.45000	372.00000
31.45500	385.00000
31.46000	416.00000
31.46500	385.00000
31.47000	377.00000
31.47500	405.00000
31.48000	399.00000
31.48500	375.00000
31.49000	367.00000
31.49500	360.00000
31.50000	394.00000
31.50500	402.00000
31.51000	384.00000
31.51500	366.00000
31.52000	367.00000
31.52500	345.00000
31.53000	345.00000
31.53500	357.00000
31.54000	372.00000
31.54500	362.00000
31.55000	359.00000
31.55500	364.00000
31.56000	358.00000
31.56500	349.00000
31.57000	324.00000
31.57500	333.00000
31.58000	340.00000
31.58500	330.00000
31.59000	311.00000
31.59500	317.00000
31.60000	351.00000
31.60500	359.00000
31.61000	340.00000
31.61500	352.00000
31.62000	343.00000
31.62500	299.00000
31.63000	300.00000
31.63500	326.00000
31.64000	341.00000
31.64500	337.00000
31.65000	323.00000
31.65500	304.00000
31.66000	326.00000
31.66500	309.00000
31.67000	302.00000
31.67500	327.00000
31.68000	351.00000
31.68500	333.00000
31.69000	317.00000
31.69500	304.00000
31.70000	329.00000
31.70500	339.00000
31.71000	330.00000
31.71500	369.00000
31.72000	345.00000
31.72500	325.00000
31.73000	303.00000
31.73500	315.00000
31.74000	309.00000
31.74500	307.00000
31.75000	335.00000
31.75500	348.00000
31.76000	338.00000
31.76500	325.00000
31.77000	305.00000
31.77500	320.00000
31.78000	329.00000
31.78500	319.00000
31.79000	301.00000
31.79500	303.00000
31.80000	308.00000
31.80500	328.00000
31.81000	339.00000
31.81500	317.00000
31.82000	333.00000
31.82500	313.00000
31.83000	305.00000
31.83500	324.00000
31.84000	331.00000
31.84500	343.00000
31.85000	355.00000
31.85500	338.00000
31.86000	346.00000
31.86500	317.00000
31.87000	327.00000
31.87500	347.00000
31.88000	346.00000
31.88500	394.00000
31.89000	390.00000
31.89500	359.00000
31.90000	372.00000
31.90500	368.00000
31.91000	378.00000
31.91500	374.00000
31.92000	363.00000
31.92500	347.00000
31.93000	356.00000
31.93500	371.00000
31.94000	351.00000
31.94500	342.00000
31.95000	338.00000
31.95500	331.00000
31.96000	332.00000
31.96500	331.00000
31.97000	318.00000
31.97500	323.00000
31.98000	335.00000
31.98500	321.00000
31.99000	311.00000
31.99500	316.00000
32.00000	347.00000
32.00500	359.00000
32.01000	344.00000
32.01500	337.00000
32.02000	343.00000
32.02500	325.00000
32.03000	322.00000
32.03500	368.00000
32.04000	350.00000
32.04500	353.00000
32.05000	380.00000
32.05500	338.00000
32.06000	310.00000
32.06500	302.00000
32.07000	298.00000
32.07500	308.00000
32.08000	318.00000
32.08500	317.00000
32.09000	311.00000
32.09500	305.00000
32.10000	300.00000
32.10500	298.00000
32.11000	310.00000
32.11500	317.00000
32.12000	337.00000
32.12500	309.00000
32.13000	290.00000
32.13500	300.00000
32.14000	298.00000
32.14500	299.00000
32.15000	280.00000
32.15500	305.00000
32.16000	296.00000
32.16500	287.00000
32.17000	283.00000
32.17500	298.00000
32.18000	301.00000
32.18500	280.00000
32.19000	293.00000
32.19500	285.00000
32.20000	283.00000
32.20500	296.00000
32.21000	297.00000
32.21500	288.00000
32.22000	308.00000
32.22500	285.00000
32.23000	266.00000
32.23500	283.00000
32.24000	302.00000
32.24500	307.00000
32.25000	295.00000
32.25500	298.00000
32.26000	292.00000
32.26500	278.00000
32.27000	272.00000
32.27500	293.00000
32.28000	310.00000
32.28500	292.00000
32.29000	283.00000
32.29500	273.00000
32.30000	283.00000
32.30500	308.00000
32.31000	290.00000
32.31500	278.00000
32.32000	267.00000
32.32500	264.00000
32.33000	249.00000
32.33500	275.00000
32.34000	303.00000
32.34500	294.00000
32.35000	288.00000
32.35500	310.00000
32.36000	292.00000
32.36500	278.00000
32.37000	319.00000
32.37500	311.00000
32.38000	315.00000
32.38500	300.00000
32.39000	293.00000
32.39500	297.00000
32.40000	293.00000
32.40500	301.00000
32.41000	284.00000
32.41500	298.00000
32.42000	305.00000
32.42500	285.00000
32.43000	275.00000
32.43500	303.00000
32.44000	290.00000
32.44500	291.00000
32.45000	290.00000
32.45500	304.00000
32.46000	289.00000
32.46500	276.00000
32.47000	268.00000
32.47500	287.00000
32.48000	292.00000
32.48500	301.00000
32.49000	293.00000
32.49500	277.00000
32.50000	280.00000
32.50500	276.00000
32.51000	272.00000
32.51500	283.00000
32.52000	294.00000
32.52500	272.00000
32.53000	257.00000
32.53500	283.00000
32.54000	278.00000
32.54500	273.00000
32.55000	275.00000
32.55500	282.00000
32.56000	275.00000
32.56500	327.00000
32.57000	303.00000
32.57500	292.00000
32.58000	301.00000
32.58500	298.00000
32.59000	300.00000
32.59500	298.00000
32.60000	296.00000
32.60500	310.00000
32.61000	286.00000
32.61500	280.00000
32.62000	288.00000
32.62500	284.00000
32.63000	280.00000
32.63500	294.00000
32.64000	298.00000
32.64500	291.00000
32.65000	295.00000
32.65500	280.00000
32.66000	294.00000
32.66500	283.00000
32.67000	274.00000
32.67500	278.00000
32.68000	291.00000
32.68500	293.00000
32.69000	289.00000
32.69500	276.00000
32.70000	278.00000
32.70500	285.00000
32.71000	281.00000
32.71500	278.00000
32.72000	283.00000
32.72500	261.00000
32.73000	244.00000
32.73500	258.00000
32.74000	266.00000
32.74500	283.00000
32.75000	274.00000
32.75500	274.00000
32.76000	268.00000
32.76500	282.00000
32.77000	270.00000
32.77500	282.00000
32.78000	282.00000
32.78500	272.00000
32.79000	269.00000
32.79500	261.00000
32.80000	271.00000
32.80500	278.00000
32.81000	275.00000
32.81500	274.00000
32.82000	279.00000
32.82500	268.00000
32.83000	264.00000
32.83500	288.00000
32.84000	287.00000
32.84500	285.00000
32.85000	280.00000
32.85500	274.00000
32.86000	276.00000
32.86500	262.00000
32.87000	254.00000
32.87500	265.00000
32.88000	298.00000
32.88500	322.00000
32.89000	302.00000
32.89500	271.00000
32.90000	268.00000
32.90500	283.00000
32.91000	289.00000
32.91500	278.00000
32.92000	273.00000
32.92500	257.00000
32.93000	257.00000
32.93500	270.00000
32.94000	286.00000
32.94500	297.00000
32.95000	273.00000
32.95500	271.00000
32.96000	277.00000
32.96500	276.00000
32.97000	271.00000
32.97500	278.00000
32.98000	294.00000
32.98500	274.00000
32.99000	265.00000
32.99500	265.00000
33.00000	270.00000
33.00500	271.00000
33.01000	273.00000
33.01500	276.00000
33.02000	290.00000
33.02500	266.00000
33.03000	242.00000
33.03500	255.00000
33.04000	262.00000
33.04500	272.00000
33.05000	275.00000
33.05500	290.00000
33.06000	290.00000
33.06500	274.00000
33.07000	264.00000
33.07500	280.00000
33.08000	294.00000
33.08500	297.00000
33.09000	286.00000
33.09500	281.00000
33.10000	289.00000
33.10500	291.00000
33.11000	300.00000
33.11500	281.00000
33.12000	270.00000
33.12500	256.00000
33.13000	244.00000
33.13500	278.00000
33.14000	281.00000
33.14500	284.00000
33.15000	266.00000
33.15500	269.00000
33.16000	270.00000
33.16500	270.00000
33.17000	273.00000
33.17500	283.00000
33.18000	288.00000
33.18500	281.00000
33.19000	272.00000
33.19500	273.00000
33.20000	277.00000
33.20500	297.00000
33.21000	311.00000
33.21500	311.00000
33.22000	302.00000
33.22500	286.00000
33.23000	281.00000
33.23500	313.00000
33.24000	372.00000
33.24500	350.00000
33.25000	314.00000
33.25500	299.00000
33.26000	296.00000
33.26500	277.00000
33.27000	281.00000
33.27500	296.00000
33.28000	307.00000
33.28500	306.00000
33.29000	312.00000
33.29500	292.00000
33.30000	284.00000
33.30500	284.00000
33.31000	286.00000
33.31500	285.00000
33.32000	281.00000
33.32500	294.00000
33.33000	295.00000
33.33500	320.00000
33.34000	322.00000
33.34500	318.00000
33.35000	304.00000
33.35500	315.00000
33.36000	337.00000
33.36500	336.00000
33.37000	328.00000
33.37500	333.00000
33.38000	353.00000
33.38500	336.00000
33.39000	311.00000
33.39500	330.00000
33.40000	329.00000
33.40500	333.00000
33.41000	334.00000
33.41500	333.00000
33.42000	345.00000
33.42500	354.00000
33.43000	342.00000
33.43500	336.00000
33.44000	342.00000
33.44500	341.00000
33.45000	330.00000
33.45500	332.00000
33.46000	354.00000
33.46500	356.00000
33.47000	354.00000
33.47500	393.00000
33.48000	378.00000
33.48500	360.00000
33.49000	343.00000
33.49500	349.00000
33.50000	341.00000
33.50500	346.00000
33.51000	348.00000
33.51500	350.00000
33.52000	340.00000
33.52500	322.00000
33.53000	305.00000
33.53500	330.00000
33.54000	344.00000
33.54500	337.00000
33.55000	316.00000
33.55500	335.00000
33.56000	322.00000
33.56500	313.00000
33.57000	314.00000
33.57500	330.00000
33.58000	348.00000
33.58500	329.00000
33.59000	306.00000
33.59500	326.00000
33.60000	335.00000
33.60500	337.00000
33.61000	335.00000
33.61500	355.00000
33.62000	394.00000
33.62500	350.00000
33.63000	315.00000
33.63500	327.00000
33.64000	338.00000
33.64500	355.00000
33.65000	366.00000
33.65500	347.00000
33.66000	344.00000
33.66500	349.00000
33.67000	356.00000
33.67500	384.00000
33.68000	366.00000
33.68500	352.00000
33.69000	349.00000
33.69500	351.00000
33.70000	343.00000
33.70500	335.00000
33.71000	356.00000
33.71500	378.00000
33.72000	378.00000
33.72500	336.00000
33.73000	321.00000
33.73500	340.00000
33.74000	373.00000
33.74500	386.00000
33.75000	349.00000
33.75500	333.00000
33.76000	328.00000
33.76500	313.00000
33.77000	309.00000
33.77500	338.00000
33.78000	352.00000
33.78500	327.00000
33.79000	320.00000
33.79500	312.00000
33.80000	348.00000
33.80500	405.00000
33.81000	401.00000
33.81500	360.00000
33.82000	348.00000
33.82500	349.00000
33.83000	340.00000
33.83500	343.00000
33.84000	341.00000
33.84500	379.00000
33.85000	370.00000
33.85500	343.00000
33.86000	350.00000
33.86500	354.00000
33.87000	391.00000
33.87500	377.00000
33.88000	383.00000
33.88500	372.00000
33.89000	352.00000
33.89500	344.00000
33.90000	346.00000
33.90500	346.00000
33.91000	355.00000
33.91500	369.00000
33.92000	369.00000
33.92500	359.00000
33.93000	359.00000
33.93500	365.00000
33.94000	362.00000
33.94500	373.00000
33.95000	362.00000
33.95500	346.00000
33.96000	363.00000
33.96500	365.00000
33.97000	352.00000
33.97500	370.00000
33.98000	414.00000
33.98500	403.00000
33.99000	445.00000
33.99500	434.00000
34.00000	433.00000
34.00500	408.00000
34.01000	398.00000
34.01500	405.00000
34.02000	398.00000
34.02500	394.00000
34.03000	377.00000
34.03500	418.00000
34.04000	409.00000
34.04500	419.00000
34.05000	414.00000
34.05500	410.00000
34.06000	444.00000
34.06500	445.00000
34.07000	430.00000
34.07500	462.00000
34.08000	513.00000
34.08500	513.00000
34.09000	539.00000
34.09500	512.00000
34.10000	503.00000
34.10500	544.00000
34.11000	545.00000
34.11500	551.00000
34.12000	577.00000
34.12500	573.00000
34.13000	558.00000
34.13500	588.00000
34.14000	616.00000
34.14500	633.00000
34.15000	656.00000
34.15500	681.00000
34.16000	716.00000
34.16500	740.00000
34.17000	719.00000
34.17500	743.00000
34.18000	777.00000
34.18500	812.00000
34.19000	840.00000
34.19500	860.00000
34.20000	857.00000
34.20500	858.00000
34.21000	897.00000
34.21500	924.00000
34.22000	917.00000
34.22500	983.00000
34.23000	1048.00000
34.23500	1060.00000
34.24000	1047.00000
34.24500	1072.00000
34.25000	1076.00000
34.25500	1073.00000
34.26000	1092.00000
34.26500	1028.00000
34.27000	1034.00000
34.27500	1013.00000
34.28000	992.00000
34.28500	982.00000
34.29000	949.00000
34.29500	866.00000
34.30000	850.00000
34.30500	840.00000
34.31000	807.00000
34.31500	749.00000
34.32000	763.00000
34.32500	711.00000
34.33000	681.00000
34.33500	708.00000
34.34000	722.00000
34.34500	662.00000
34.35000	628.00000
34.35500	571.00000
34.36000	550.00000
34.36500	551.00000
34.37000	529.00000
34.37500	535.00000
34.38000	523.00000
34.38500	503.00000
34.39000	485.00000
34.39500	511.00000
34.40000	471.00000
34.40500	460.00000
34.41000	453.00000
34.41500	421.00000
34.42000	422.00000
34.42500	409.00000
34.43000	385.00000
34.43500	411.00000
34.44000	439.00000
34.44500	415.00000
34.45000	418.00000
34.45500	398.00000
34.46000	375.00000
34.46500	377.00000
34.47000	394.00000
34.47500	375.00000
34.48000	380.00000
34.48500	365.00000
34.49000	360.00000
34.49500	382.00000
34.50000	381.00000
34.50500	373.00000
34.51000	348.00000
34.51500	341.00000
34.52000	335.00000
34.52500	330.00000
34.53000	320.00000
34.53500	339.00000
34.54000	332.00000
34.54500	329.00000
34.55000	317.00000
34.55500	311.00000
34.56000	308.00000
34.56500	303.00000
34.57000	291.00000
34.57500	317.00000
34.58000	311.00000
34.58500	318.00000
34.59000	318.00000
34.59500	299.00000
34.60000	290.00000
34.60500	305.00000
34.61000	313.00000
34.61500	306.00000
34.62000	316.00000
34.62500	288.00000
34.63000	286.00000
34.63500	302.00000
34.64000	313.00000
34.64500	321.00000
34.65000	307.00000
34.65500	303.00000
34.66000	301.00000
34.66500	308.00000
34.67000	286.00000
34.67500	291.00000
34.68000	294.00000
34.68500	301.00000
34.69000	307.00000
34.69500	316.00000
34.70000	296.00000
34.70500	304.00000
34.71000	300.00000
34.71500	302.00000
34.72000	296.00000
34.72500	284.00000
34.73000	262.00000
34.73500	278.00000
34.74000	293.00000
34.74500	294.00000
34.75000	284.00000
34.75500	280.00000
34.76000	268.00000
34.76500	272.00000
34.77000	268.00000
34.77500	293.00000
34.78000	289.00000
34.78500	289.00000
34.79000	286.00000
34.79500	278.00000
34.80000	280.00000
34.80500	278.00000
34.81000	277.00000
34.81500	294.00000
34.82000	289.00000
34.82500	278.00000
34.83000	256.00000
34.83500	283.00000
34.84000	278.00000
34.84500	289.00000
34.85000	291.00000
34.85500	296.00000
34.86000	295.00000
34.86500	278.00000
34.87000	267.00000
34.87500	275.00000
34.88000	280.00000
34.88500	274.00000
34.89000	278.00000
34.89500	279.00000
34.90000	290.00000
34.90500	306.00000
34.91000	294.00000
34.91500	287.00000
34.92000	285.00000
34.92500	273.00000
34.93000	269.00000
34.93500	285.00000
34.94000	285.00000
34.94500	286.00000
34.95000	278.00000
34.95500	277.00000
34.96000	296.00000
34.96500	296.00000
34.97000	281.00000
34.97500	314.00000
34.98000	304.00000
34.98500	290.00000
34.99000	281.00000
34.99500	286.00000
35.00000	300.00000
35.00500	322.00000
35.01000	302.00000
35.01500	285.00000
35.02000	289.00000
35.02500	279.00000
35.03000	325.00000
35.03500	310.00000
35.04000	304.00000
35.04500	313.00000
35.05000	306.00000
35.05500	307.00000
35.06000	294.00000
35.06500	301.00000
35.07000	297.00000
35.07500	289.00000
35.08000	328.00000
35.08500	326.00000
35.09000	322.00000
35.09500	314.00000
35.10000	297.00000
35.10500	315.00000
35.11000	315.00000
35.11500	314.00000
35.12000	311.00000
35.12500	297.00000
35.13000	319.00000
35.13500	344.00000
35.14000	335.00000
35.14500	319.00000
35.15000	295.00000
35.15500	298.00000
35.16000	303.00000
35.16500	329.00000
35.17000	310.00000
35.17500	323.00000
35.18000	366.00000
35.18500	364.00000
35.19000	335.00000
35.19500	336.00000
35.20000	330.00000
35.20500	331.00000
35.21000	355.00000
35.21500	364.00000
35.22000	384.00000
35.22500	343.00000
35.23000	339.00000
35.23500	361.00000
35.24000	372.00000
35.24500	383.00000
35.25000	386.00000
35.25500	393.00000
35.26000	396.00000
35.26500	375.00000
35.27000	370.00000
35.27500	379.00000
35.28000	381.00000
35.28500	412.00000
35.29000	412.00000
35.29500	401.00000
35.30000	417.00000
35.30500	450.00000
35.31000	442.00000
35.31500	434.00000
35.32000	453.00000
35.32500	440.00000
35.33000	431.00000
35.33500	445.00000
35.34000	461.00000
35.34500	452.00000
35.35000	436.00000
35.35500	464.00000
35.36000	484.00000
35.36500	482.00000
35.37000	468.00000
35.37500	475.00000
35.38000	504.00000
35.38500	524.00000
35.39000	529.00000
35.39500	551.00000
35.40000	646.00000
35.40500	679.00000
35.41000	678.00000
35.41500	686.00000
35.42000	677.00000
35.42500	671.00000
35.43000	678.00000
35.43500	731.00000
35.44000	760.00000
35.44500	811.00000
35.45000	889.00000
35.45500	876.00000
35.46000	882.00000
35.46500	946.00000
35.47000	979.00000
35.47500	1071.00000
35.48000	1078.00000
35.48500	1134.00000
35.49000	1217.00000
35.49500	1252.00000
35.50000	1276.00000
35.50500	1303.00000
35.51000	1378.00000
35.51500	1438.00000
35.52000	1521.00000
35.52500	1573.00000
35.53000	1605.00000
35.53500	1655.00000
35.54000	1641.00000
35.54500	1672.00000
35.55000	1743.00000
35.55500	1798.00000
35.56000	1876.00000
35.56500	1880.00000
35.57000	1903.00000
35.57500	1944.00000
35.58000	1896.00000
35.58500	1844.00000
35.59000	1805.00000
35.59500	1884.00000
35.60000	1741.00000
35.60500	1638.00000
35.61000	1569.00000
35.61500	1538.00000
35.62000	1492.00000
35.62500	1433.00000
35.63000	1310.00000
35.63500	1288.00000
35.64000	1277.00000
35.64500	1240.00000
35.65000	1141.00000
35.65500	1087.00000
35.66000	1057.00000
35.66500	963.00000
35.67000	952.00000
35.67500	916.00000
35.68000	835.00000
35.68500	754.00000
35.69000	731.00000
35.69500	719.00000
35.70000	708.00000
35.70500	666.00000
35.71000	631.00000
35.71500	627.00000
35.72000	612.00000
35.72500	568.00000
35.73000	516.00000
35.73500	532.00000
35.74000	517.00000
35.74500	509.00000
35.75000	477.00000
35.75500	482.00000
35.76000	495.00000
35.76500	453.00000
35.77000	428.00000
35.77500	457.00000
35.78000	451.00000
35.78500	422.00000
35.79000	407.00000
35.79500	406.00000
35.80000	388.00000
35.80500	377.00000
35.81000	371.00000
35.81500	375.00000
35.82000	366.00000
35.82500	342.00000
35.83000	342.00000
35.83500	356.00000
35.84000	369.00000
35.84500	357.00000
35.85000	352.00000
35.85500	361.00000
35.86000	349.00000
35.86500	323.00000
35.87000	338.00000
35.87500	338.00000
35.88000	342.00000
35.88500	349.00000
35.89000	331.00000
35.89500	320.00000
35.90000	302.00000
35.90500	296.00000
35.91000	297.00000
35.91500	292.00000
35.92000	295.00000
35.92500	281.00000
35.93000	266.00000
35.93500	284.00000
35.94000	289.00000
35.94500	301.00000
35.95000	299.00000
35.95500	298.00000
35.96000	297.00000
35.96500	289.00000
35.97000	278.00000
35.97500	308.00000
35.98000	310.00000
35.98500	299.00000
35.99000	295.00000
35.99500	299.00000
36.00000	331.00000
36.00500	311.00000
36.01000	301.00000
36.01500	294.00000
36.02000	307.00000
36.02500	284.00000
36.03000	274.00000
36.03500	270.00000
36.04000	286.00000
36.04500	293.00000
36.05000	284.00000
36.05500	275.00000
36.06000	278.00000
36.06500	269.00000
36.07000	258.00000
36.07500	269.00000
36.08000	270.00000
36.08500	275.00000
36.09000	267.00000
36.09500	265.00000
36.10000	275.00000
36.10500	294.00000
36.11000	285.00000
36.11500	289.00000
36.12000	285.00000
36.12500	269.00000
36.13000	271.00000
36.13500	299.00000
36.14000	312.00000
36.14500	301.00000
36.15000	271.00000
36.15500	297.00000
36.16000	299.00000
36.16500	278.00000
36.17000	278.00000
36.17500	302.00000
36.18000	294.00000
36.18500	276.00000
36.19000	270.00000
36.19500	270.00000
36.20000	273.00000
36.20500	284.00000
36.21000	269.00000
36.21500	262.00000
36.22000	267.00000
36.22500	277.00000
36.23000	278.00000
36.23500	283.00000
36.24000	286.00000
36.24500	294.00000
36.25000	296.00000
36.25500	277.00000
36.26000	264.00000
36.26500	265.00000
36.27000	265.00000
36.27500	275.00000
36.28000	262.00000
36.28500	267.00000
36.29000	269.00000
36.29500	270.00000
36.30000	274.00000
36.30500	273.00000
36.31000	267.00000
36.31500	266.00000
36.32000	260.00000
36.32500	252.00000
36.33000	234.00000
36.33500	252.00000
36.34000	277.00000
36.34500	300.00000
36.35000	287.00000
36.35500	276.00000
36.36000	267.00000
36.36500	259.00000
36.37000	249.00000
36.37500	268.00000
36.38000	273.00000
36.38500	269.00000
36.39000	262.00000
36.39500	263.00000
36.40000	265.00000
36.40500	274.00000
36.41000	277.00000
36.41500	276.00000
36.42000	266.00000
36.42500	256.00000
36.43000	246.00000
36.43500	277.00000
36.44000	296.00000
36.44500	291.00000
36.45000	279.00000
36.45500	263.00000
36.46000	266.00000
36.46500	259.00000
36.47000	254.00000
36.47500	261.00000
36.48000	265.00000
36.48500	265.00000
36.49000	270.00000
36.49500	270.00000
36.50000	264.00000
36.50500	267.00000
36.51000	259.00000
36.51500	245.00000
36.52000	254.00000
36.52500	246.00000
36.53000	255.00000
36.53500	270.00000
36.54000	274.00000
36.54500	270.00000
36.55000	245.00000
36.55500	253.00000
36.56000	253.00000
36.56500	255.00000
36.57000	247.00000
36.57500	265.00000
36.58000	271.00000
36.58500	266.00000
36.59000	268.00000
36.59500	271.00000
36.60000	261.00000
36.60500	271.00000
36.61000	276.00000
36.61500	276.00000
36.62000	269.00000
36.62500	263.00000
36.63000	246.00000
36.63500	266.00000
36.64000	277.00000
36.64500	288.00000
36.65000	309.00000
36.65500	281.00000
36.66000	265.00000
36.66500	266.00000
36.67000	275.00000
36.67500	275.00000
36.68000	264.00000
36.68500	250.00000
36.69000	257.00000
36.69500	249.00000
36.70000	250.00000
36.70500	252.00000
36.71000	264.00000
36.71500	266.00000
36.72000	263.00000
36.72500	286.00000
36.73000	271.00000
36.73500	275.00000
36.74000	276.00000
36.74500	262.00000
36.75000	250.00000
36.75500	241.00000
36.76000	245.00000
36.76500	241.00000
36.77000	223.00000
36.77500	246.00000
36.78000	265.00000
36.78500	269.00000
36.79000	257.00000
36.79500	269.00000
36.80000	300.00000
36.80500	280.00000
36.81000	262.00000
36.81500	258.00000
36.82000	263.00000
36.82500	245.00000
36.83000	238.00000
36.83500	265.00000
36.84000	277.00000
36.84500	273.00000
36.85000	263.00000
36.85500	252.00000
36.86000	255.00000
36.86500	254.00000
36.87000	248.00000
36.87500	256.00000
36.88000	264.00000
36.88500	265.00000
36.89000	256.00000
36.89500	258.00000
36.90000	282.00000
36.90500	279.00000
36.91000	265.00000
36.91500	256.00000
36.92000	254.00000
36.92500	242.00000
36.93000	242.00000
36.93500	251.00000
36.94000	258.00000
36.94500	278.00000
36.95000	266.00000
36.95500	254.00000
36.96000	256.00000
36.96500	276.00000
36.97000	263.00000
36.97500	272.00000
36.98000	284.00000
36.98500	274.00000
36.99000	262.00000
36.99500	253.00000
37.00000	253.00000
37.00500	269.00000
37.01000	260.00000
37.01500	257.00000
37.02000	266.00000
37.02500	246.00000
37.03000	254.00000
37.03500	282.00000
37.04000	277.00000
37.04500	283.00000
37.05000	271.00000
37.05500	270.00000
37.06000	269.00000
37.06500	266.00000
37.07000	254.00000
37.07500	260.00000
37.08000	269.00000
37.08500	268.00000
37.09000	291.00000
37.09500	285.00000
37.10000	280.00000
37.10500	266.00000
37.11000	259.00000
37.11500	254.00000
37.12000	258.00000
37.12500	277.00000
37.13000	256.00000
37.13500	267.00000
37.14000	260.00000
37.14500	260.00000
37.15000	251.00000
37.15500	245.00000
37.16000	249.00000
37.16500	256.00000
37.17000	236.00000
37.17500	249.00000
37.18000	256.00000
37.18500	262.00000
37.19000	271.00000
37.19500	272.00000
37.20000	270.00000
37.20500	278.00000
37.21000	264.00000
37.21500	255.00000
37.22000	267.00000
37.22500	268.00000
37.23000	275.00000
37.23500	314.00000
37.24000	308.00000
37.24500	302.00000
37.25000	287.00000
37.25500	286.00000
37.26000	304.00000
37.26500	321.00000
37.27000	301.00000
37.27500	307.00000
37.28000	296.00000
37.28500	277.00000
37.29000	267.00000
37.29500	279.00000
37.30000	275.00000
37.30500	297.00000
37.31000	319.00000
37.31500	293.00000
37.32000	302.00000
37.32500	282.00000
37.33000	264.00000
37.33500	277.00000
37.34000	274.00000
37.34500	268.00000
37.35000	267.00000
37.35500	276.00000
37.36000	280.00000
37.36500	271.00000
37.37000	261.00000
37.37500	275.00000
37.38000	291.00000
37.38500	278.00000
37.39000	281.00000
37.39500	268.00000
37.40000	273.00000
37.40500	277.00000
37.41000	291.00000
37.41500	303.00000
37.42000	285.00000
37.42500	284.00000
37.43000	274.00000
37.43500	291.00000
37.44000	297.00000
37.44500	300.00000
37.45000	295.00000
37.45500	293.00000
37.46000	280.00000
37.46500	282.00000
37.47000	276.00000
37.47500	280.00000
37.48000	289.00000
37.48500	295.00000
37.49000	275.00000
37.49500	284.00000
37.50000	301.00000
37.50500	293.00000
37.51000	284.00000
37.51500	289.00000
37.52000	304.00000
37.52500	337.00000
37.53000	313.00000
37.53500	313.00000
37.54000	295.00000
37.54500	288.00000
37.55000	269.00000
37.55500	270.00000
37.56000	269.00000
37.56500	263.00000
37.57000	265.00000
37.57500	290.00000
37.58000	292.00000
37.58500	286.00000
37.59000	295.00000
37.59500	278.00000
37.60000	290.00000
37.60500	315.00000
37.61000	317.00000
37.61500	296.00000
37.62000	282.00000
37.62500	264.00000
37.63000	258.00000
37.63500	262.00000
37.64000	271.00000
37.64500	271.00000
37.65000	285.00000
37.65500	272.00000
37.66000	296.00000
37.66500	279.00000
37.67000	271.00000
37.67500	275.00000
37.68000	278.00000
37.68500	291.00000
37.69000	277.00000
37.69500	275.00000
37.70000	271.00000
37.70500	275.00000
37.71000	296.00000
37.71500	271.00000
37.72000	274.00000
37.72500	294.00000
37.73000	261.00000
37.73500	273.00000
37.74000	286.00000
37.74500	276.00000
37.75000	266.00000
37.75500	262.00000
37.76000	264.00000
37.76500	266.00000
37.77000	252.00000
37.77500	265.00000
37.78000	269.00000
37.78500	269.00000
37.79000	265.00000
37.79500	259.00000
37.80000	287.00000
37.80500	277.00000
37.81000	265.00000
37.81500	261.00000
37.82000	263.00000
37.82500	249.00000
37.83000	237.00000
37.83500	261.00000
37.84000	272.00000
37.84500	300.00000
37.85000	300.00000
37.85500	286.00000
37.86000	281.00000
37.86500	260.00000
37.87000	262.00000
37.87500	276.00000
37.88000	284.00000
37.88500	278.00000
37.89000	271.00000
37.89500	263.00000
37.90000	266.00000
37.90500	274.00000
37.91000	279.00000
37.91500	267.00000
37.92000	270.00000
37.92500	251.00000
37.93000	230.00000
37.93500	259.00000
37.94000	265.00000
37.94500	249.00000
37.95000	250.00000
37.95500	254.00000
37.96000	257.00000
37.96500	250.00000
37.97000	239.00000
37.97500	257.00000
37.98000	260.00000
37.98500	251.00000
37.99000	254.00000
37.99500	256.00000
38.00000	257.00000
38.00500	267.00000
38.01000	270.00000
38.01500	256.00000
38.02000	261.00000
38.02500	246.00000
38.03000	247.00000
38.03500	259.00000
38.04000	283.00000
38.04500	288.00000
38.05000	274.00000
38.05500	263.00000
38.06000	256.00000
38.06500	254.00000
38.07000	304.00000
38.07500	297.00000
38.08000	319.00000
38.08500	298.00000
38.09000	305.00000
38.09500	286.00000
38.10000	292.00000
38.10500	293.00000
38.11000	286.00000
38.11500	272.00000
38.12000	283.00000
38.12500	278.00000
38.13000	265.00000
38.13500	295.00000
38.14000	336.00000
38.14500	331.00000
38.15000	303.00000
38.15500	314.00000
38.16000	322.00000
38.16500	305.00000
38.17000	298.00000
38.17500	315.00000
38.18000	324.00000
38.18500	305.00000
38.19000	309.00000
38.19500	311.00000
38.20000	298.00000
38.20500	317.00000
38.21000	351.00000
38.21500	338.00000
38.22000	340.00000
38.22500	330.00000
38.23000	332.00000
38.23500	344.00000
38.24000	332.00000
38.24500	336.00000
38.25000	332.00000
38.25500	356.00000
38.26000	343.00000
38.26500	340.00000
38.27000	330.00000
38.27500	333.00000
38.28000	323.00000
38.28500	316.00000
38.29000	321.00000
38.29500	305.00000
38.30000	311.00000
38.30500	327.00000
38.31000	329.00000
38.31500	315.00000
38.32000	310.00000
38.32500	286.00000
38.33000	276.00000
38.33500	297.00000
38.34000	307.00000
38.34500	301.00000
38.35000	302.00000
38.35500	316.00000
38.36000	309.00000
38.36500	305.00000
38.37000	275.00000
38.37500	291.00000
38.38000	316.00000
38.38500	302.00000
38.39000	293.00000
38.39500	291.00000
38.40000	281.00000
38.40500	286.00000
38.41000	275.00000
38.41500	284.00000
38.42000	287.00000
38.42500	272.00000
38.43000	278.00000
38.43500	296.00000
38.44000	304.00000
38.44500	307.00000
38.45000	299.00000
38.45500	291.00000
38.46000	309.00000
38.46500	295.00000
38.47000	287.00000
38.47500	311.00000
38.48000	328.00000
38.48500	316.00000
38.49000	341.00000
38.49500	324.00000
38.50000	319.00000
38.50500	338.00000
38.51000	331.00000
38.51500	309.00000
38.52000	314.00000
38.52500	305.00000
38.53000	308.00000
38.53500	343.00000
38.54000	359.00000
38.54500	374.00000
38.55000	459.00000
38.55500	416.00000
38.56000	399.00000
38.56500	385.00000
38.57000	386.00000
38.57500	397.00000
38.58000	414.00000
38.58500	438.00000
38.59000	423.00000
38.59500	419.00000
38.60000	428.00000
38.60500	426.00000
38.61000	431.00000
38.61500	472.00000
38.62000	461.00000
38.62500	439.00000
38.63000	462.00000
38.63500	522.00000
38.64000	505.00000
38.64500	513.00000
38.65000	481.00000
38.65500	487.00000
38.66000	507.00000
38.66500	481.00000
38.67000	474.00000
38.67500	511.00000
38.68000	517.00000
38.68500	495.00000
38.69000	479.00000
38.69500	464.00000
38.70000	501.00000
38.70500	511.00000
38.71000	492.00000
38.71500	490.00000
38.72000	476.00000
38.72500	475.00000
38.73000	441.00000
38.73500	464.00000
38.74000	468.00000
38.74500	462.00000
38.75000	474.00000
38.75500	479.00000
38.76000	460.00000
38.76500	429.00000
38.77000	397.00000
38.77500	434.00000
38.78000	458.00000
38.78500	433.00000
38.79000	427.00000
38.79500	388.00000
38.80000	374.00000
38.80500	353.00000
38.81000	360.00000
38.81500	368.00000
38.82000	350.00000
38.82500	319.00000
38.83000	351.00000
38.83500	372.00000
38.84000	353.00000
38.84500	354.00000
38.85000	350.00000
38.85500	326.00000
38.86000	322.00000
38.86500	308.00000
38.87000	312.00000
38.87500	301.00000
38.88000	298.00000
38.88500	293.00000
38.89000	285.00000
38.89500	283.00000
38.90000	280.00000
38.90500	280.00000
38.91000	278.00000
38.91500	271.00000
38.92000	286.00000
38.92500	268.00000
38.93000	255.00000
38.93500	274.00000
38.94000	292.00000
38.94500	284.00000
38.95000	295.00000
38.95500	267.00000
38.96000	259.00000
38.96500	265.00000
38.97000	249.00000
38.97500	262.00000
38.98000	263.00000
38.98500	249.00000
38.99000	246.00000
38.99500	241.00000
39.00000	259.00000
39.00500	270.00000
39.01000	272.00000
39.01500	255.00000
39.02000	240.00000
39.02500	241.00000
39.03000	234.00000
39.03500	252.00000
39.04000	258.00000
39.04500	254.00000
39.05000	246.00000
39.05500	276.00000
39.06000	269.00000
39.06500	259.00000
39.07000	244.00000
39.07500	249.00000
39.08000	252.00000
39.08500	255.00000
39.09000	269.00000
39.09500	248.00000
39.10000	246.00000
39.10500	263.00000
39.11000	269.00000
39.11500	249.00000
39.12000	257.00000
39.12500	255.00000
39.13000	243.00000
39.13500	241.00000
39.14000	252.00000
39.14500	255.00000
39.15000	246.00000
39.15500	254.00000
39.16000	261.00000
39.16500	259.00000
39.17000	250.00000
39.17500	266.00000
39.18000	267.00000
39.18500	262.00000
39.19000	265.00000
39.19500	260.00000
39.20000	256.00000
39.20500	256.00000
39.21000	257.00000
39.21500	254.00000
39.22000	256.00000
39.22500	254.00000
39.23000	242.00000
39.23500	256.00000
39.24000	260.00000
39.24500	276.00000
39.25000	259.00000
39.25500	249.00000
39.26000	270.00000
39.26500	293.00000
39.27000	266.00000
39.27500	264.00000
39.28000	258.00000
39.28500	265.00000
39.29000	275.00000
39.29500	258.00000
39.30000	246.00000
39.30500	252.00000
39.31000	254.00000
39.31500	250.00000
39.32000	261.00000
39.32500	255.00000
39.33000	230.00000
39.33500	248.00000
39.34000	252.00000
39.34500	263.00000
39.35000	249.00000
39.35500	245.00000
39.36000	243.00000
39.36500	260.00000
39.37000	253.00000
39.37500	261.00000
39.38000	271.00000
39.38500	266.00000
39.39000	259.00000
39.39500	251.00000
39.40000	260.00000
39.40500	255.00000
39.41000	258.00000
39.41500	263.00000
39.42000	269.00000
39.42500	260.00000
39.43000	241.00000
39.43500	258.00000
39.44000	264.00000
39.44500	265.00000
39.45000	264.00000
39.45500	273.00000
39.46000	282.00000
39.46500	285.00000
39.47000	286.00000
39.47500	300.00000
39.48000	288.00000
39.48500	288.00000
39.49000	274.00000
39.49500	265.00000
39.50000	277.00000
39.50500	287.00000
39.51000	289.00000
39.51500	296.00000
39.52000	304.00000
39.52500	290.00000
39.53000	275.00000
39.53500	316.00000
39.54000	322.00000
39.54500	308.00000
39.55000	332.00000
39.55500	307.00000
39.56000	309.00000
39.56500	308.00000
39.57000	315.00000
39.57500	331.00000
39.58000	335.00000
39.58500	341.00000
39.59000	349.00000
39.59500	365.00000
39.60000	389.00000
39.60500	383.00000
39.61000	411.00000
39.61500	406.00000
39.62000	399.00000
39.62500	394.00000
39.63000	372.00000
39.63500	414.00000
39.64000	440.00000
39.64500	426.00000
39.65000	426.00000
39.65500	417.00000
39.66000	408.00000
39.66500	406.00000
39.67000	393.00000
39.67500	407.00000
39.68000	402.00000
39.68500	388.00000
39.69000	380.00000
39.69500	364.00000
39.70000	353.00000
39.70500	364.00000
39.71000	377.00000
39.71500	371.00000
39.72000	397.00000
39.72500	360.00000
39.73000	317.00000
39.73500	334.00000
39.74000	333.00000
39.74500	311.00000
39.75000	287.00000
39.75500	292.00000
39.76000	292.00000
39.76500	286.00000
39.77000	282.00000
39.77500	273.00000
39.78000	346.00000
39.78500	325.00000
39.79000	308.00000
39.79500	287.00000
39.80000	277.00000
39.80500	279.00000
39.81000	290.00000
39.81500	303.00000
39.82000	296.00000
39.82500	259.00000
39.83000	254.00000
39.83500	257.00000
39.84000	263.00000
39.84500	255.00000
39.85000	269.00000
39.85500	272.00000
39.86000	275.00000
39.86500	255.00000
39.87000	253.00000
39.87500	260.00000
39.88000	263.00000
39.88500	257.00000
39.89000	244.00000
39.89500	251.00000
39.90000	253.00000
39.90500	271.00000
39.91000	268.00000
39.91500	261.00000
39.92000	268.00000
39.92500	259.00000
39.93000	232.00000
39.93500	257.00000
39.94000	258.00000
39.94500	255.00000
39.95000	260.00000
39.95500	271.00000
39.96000	264.00000
39.96500	243.00000
39.97000	237.00000
39.97500	256.00000
39.98000	258.00000
39.98500	251.00000
39.99000	248.00000
39.99500	250.00000
40.00000	247.00000
40.00500	275.00000
40.01000	277.00000
40.01500	265.00000
40.02000	261.00000
40.02500	245.00000
40.03000	243.00000
40.03500	266.00000
40.04000	263.00000
40.04500	275.00000
40.05000	267.00000
40.05500	250.00000
40.06000	252.00000
40.06500	245.00000
40.07000	247.00000
40.07500	260.00000
40.08000	271.00000
40.08500	272.00000
40.09000	272.00000
40.09500	260.00000
40.10000	252.00000
40.10500	255.00000
40.11000	259.00000
40.11500	244.00000
40.12000	253.00000
40.12500	248.00000
40.13000	245.00000
40.13500	256.00000
40.14000	258.00000
40.14500	254.00000
40.15000	242.00000
40.15500	234.00000
40.16000	242.00000
40.16500	241.00000
40.17000	234.00000
40.17500	250.00000
40.18000	284.00000
40.18500	268.00000
40.19000	246.00000
40.19500	233.00000
40.20000	236.00000
40.20500	244.00000
40.21000	244.00000
40.21500	230.00000
40.22000	234.00000
40.22500	231.00000
40.23000	223.00000
40.23500	246.00000
40.24000	256.00000
40.24500	263.00000
40.25000	243.00000
40.25500	250.00000
40.26000	269.00000
40.26500	247.00000
40.27000	232.00000
40.27500	257.00000
40.28000	262.00000
40.28500	276.00000
40.29000	258.00000
40.29500	245.00000
40.30000	240.00000
40.30500	243.00000
40.31000	234.00000
40.31500	233.00000
40.32000	235.00000
40.32500	217.00000
40.33000	207.00000
40.33500	241.00000
40.34000	240.00000
40.34500	243.00000
40.35000	247.00000
40.35500	247.00000
40.36000	242.00000
40.36500	239.00000
40.37000	237.00000
40.37500	264.00000
40.38000	263.00000
40.38500	252.00000
40.39000	244.00000
40.39500	249.00000
40.40000	243.00000
40.40500	252.00000
40.41000	257.00000
40.41500	251.00000
40.42000	250.00000
40.42500	233.00000
40.43000	222.00000
40.43500	241.00000
40.44000	242.00000
40.44500	246.00000
40.45000	247.00000
40.45500	251.00000
40.46000	250.00000
40.46500	239.00000
40.47000	261.00000
40.47500	265.00000
40.48000	249.00000
40.48500	252.00000
40.49000	245.00000
40.49500	243.00000
40.50000	244.00000
40.50500	243.00000
40.51000	256.00000
40.51500	246.00000
40.52000	248.00000
40.52500	227.00000
40.53000	227.00000
40.53500	243.00000
40.54000	236.00000
40.54500	249.00000
40.55000	251.00000
40.55500	259.00000
40.56000	255.00000
40.56500	236.00000
40.57000	224.00000
40.57500	242.00000
40.58000	245.00000
40.58500	252.00000
40.59000	241.00000
40.59500	243.00000
40.60000	245.00000
40.60500	239.00000
40.61000	238.00000
40.61500	232.00000
40.62000	238.00000
40.62500	226.00000
40.63000	235.00000
40.63500	244.00000
40.64000	256.00000
40.64500	253.00000
40.65000	249.00000
40.65500	234.00000
40.66000	241.00000
40.66500	251.00000
40.67000	245.00000
40.67500	246.00000
40.68000	247.00000
40.68500	239.00000
40.69000	236.00000
40.69500	239.00000
40.70000	243.00000
40.70500	242.00000
40.71000	247.00000
40.71500	237.00000
40.72000	244.00000
40.72500	227.00000
40.73000	214.00000
40.73500	229.00000
40.74000	235.00000
40.74500	238.00000
40.75000	236.00000
40.75500	235.00000
40.76000	236.00000
40.76500	233.00000
40.77000	230.00000
40.77500	264.00000
40.78000	252.00000
40.78500	234.00000
40.79000	226.00000
40.79500	224.00000
40.80000	240.00000
40.80500	279.00000
40.81000	278.00000
40.81500	267.00000
40.82000	252.00000
40.82500	240.00000
40.83000	236.00000
40.83500	242.00000
40.84000	245.00000
40.84500	244.00000
40.85000	242.00000
40.85500	248.00000
40.86000	250.00000
40.86500	250.00000
40.87000	238.00000
40.87500	245.00000
40.88000	244.00000
40.88500	242.00000
40.89000	238.00000
40.89500	243.00000
40.90000	236.00000
40.90500	235.00000
40.91000	254.00000
40.91500	260.00000
40.92000	285.00000
40.92500	254.00000
40.93000	230.00000
40.93500	228.00000
40.94000	237.00000
40.94500	245.00000
40.95000	244.00000
40.95500	240.00000
40.96000	224.00000
40.96500	227.00000
40.97000	213.00000
40.97500	237.00000
40.98000	243.00000
40.98500	245.00000
40.99000	234.00000
40.99500	236.00000
41.00000	255.00000
41.00500	266.00000
41.01000	254.00000
41.01500	239.00000
41.02000	238.00000
41.02500	221.00000
41.03000	230.00000
41.03500	248.00000
41.04000	264.00000
41.04500	267.00000
41.05000	263.00000
41.05500	240.00000
41.06000	243.00000
41.06500	243.00000
41.07000	239.00000
41.07500	240.00000
41.08000	236.00000
41.08500	254.00000
41.09000	262.00000
41.09500	257.00000
41.10000	245.00000
41.10500	254.00000
41.11000	249.00000
41.11500	242.00000
41.12000	235.00000
41.12500	235.00000
41.13000	222.00000
41.13500	245.00000
41.14000	244.00000
41.14500	234.00000
41.15000	233.00000
41.15500	226.00000
41.16000	226.00000
41.16500	229.00000
41.17000	210.00000
41.17500	221.00000
41.18000	236.00000
41.18500	238.00000
41.19000	236.00000
41.19500	240.00000
41.20000	234.00000
41.20500	241.00000
41.21000	241.00000
41.21500	238.00000
41.22000	245.00000
41.22500	247.00000
41.23000	231.00000
41.23500	247.00000
41.24000	241.00000
41.24500	243.00000
41.25000	236.00000
41.25500	229.00000
41.26000	232.00000
41.26500	229.00000
41.27000	232.00000
41.27500	243.00000
41.28000	241.00000
41.28500	238.00000
41.29000	231.00000
41.29500	238.00000
41.30000	245.00000
41.30500	251.00000
41.31000	268.00000
41.31500	257.00000
41.32000	256.00000
41.32500	237.00000
41.33000	248.00000
41.33500	252.00000
41.34000	248.00000
41.34500	250.00000
41.35000	244.00000
41.35500	244.00000
41.36000	259.00000
41.36500	270.00000
41.37000	241.00000
41.37500	249.00000
41.38000	254.00000
41.38500	262.00000
41.39000	273.00000
41.39500	274.00000
41.40000	264.00000
41.40500	264.00000
41.41000	268.00000
41.41500	261.00000
41.42000	264.00000
41.42500	248.00000
41.43000	225.00000
41.43500	253.00000
41.44000	254.00000
41.44500	263.00000
41.45000	260.00000
41.45500	254.00000
41.46000	262.00000
41.46500	251.00000
41.47000	245.00000
41.47500	265.00000
41.48000	270.00000
41.48500	255.00000
41.49000	264.00000
41.49500	249.00000
41.50000	245.00000
41.50500	249.00000
41.51000	243.00000
41.51500	241.00000
41.52000	245.00000
41.52500	256.00000
41.53000	242.00000
41.53500	251.00000
41.54000	252.00000
41.54500	258.00000
41.55000	243.00000
41.55500	243.00000
41.56000	256.00000
41.56500	261.00000
41.57000	242.00000
41.57500	244.00000
41.58000	259.00000
41.58500	273.00000
41.59000	275.00000
41.59500	260.00000
41.60000	249.00000
41.60500	255.00000
41.61000	259.00000
41.61500	258.00000
41.62000	265.00000
41.62500	244.00000
41.63000	233.00000
41.63500	240.00000
41.64000	246.00000
41.64500	266.00000
41.65000	251.00000
41.65500	246.00000
41.66000	244.00000
41.66500	241.00000
41.67000	243.00000
41.67500	247.00000
41.68000	253.00000
41.68500	252.00000
41.69000	247.00000
41.69500	242.00000
41.70000	247.00000
41.70500	239.00000
41.71000	241.00000
41.71500	247.00000
41.72000	253.00000
41.72500	237.00000
41.73000	225.00000
41.73500	243.00000
41.74000	240.00000
41.74500	242.00000
41.75000	241.00000
41.75500	247.00000
41.76000	276.00000
41.76500	272.00000
41.77000	246.00000
41.77500	266.00000
41.78000	266.00000
41.78500	256.00000
41.79000	236.00000
41.79500	240.00000
41.80000	249.00000
41.80500	262.00000
41.81000	250.00000
41.81500	250.00000
41.82000	245.00000
41.82500	239.00000
41.83000	235.00000
41.83500	254.00000
41.84000	250.00000
41.84500	254.00000
41.85000	258.00000
41.85500	263.00000
41.86000	269.00000
41.86500	257.00000
41.87000	261.00000
41.87500	269.00000
41.88000	280.00000
41.88500	273.00000
41.89000	249.00000
41.89500	234.00000
41.90000	236.00000
41.90500	248.00000
41.91000	248.00000
41.91500	235.00000
41.92000	233.00000
41.92500	237.00000
41.93000	241.00000
41.93500	259.00000
41.94000	245.00000
41.94500	237.00000
41.95000	237.00000
41.95500	237.00000
41.96000	232.00000
41.96500	235.00000
41.97000	217.00000
41.97500	243.00000
41.98000	253.00000
41.98500	243.00000
41.99000	248.00000
41.99500	263.00000
42.00000	265.00000
42.00500	273.00000
42.01000	296.00000
42.01500	270.00000
42.02000	254.00000
42.02500	240.00000
42.03000	219.00000
42.03500	237.00000
42.04000	247.00000
42.04500	265.00000
42.05000	257.00000
42.05500	242.00000
42.06000	240.00000
42.06500	233.00000
42.07000	236.00000
42.07500	245.00000
42.08000	260.00000
42.08500	254.00000
42.09000	236.00000
42.09500	231.00000
42.10000	242.00000
42.10500	248.00000
42.11000	278.00000
42.11500	291.00000
42.12000	280.00000
42.12500	254.00000
42.13000	246.00000
42.13500	273.00000
42.14000	278.00000
42.14500	268.00000
42.15000	252.00000
42.15500	272.00000
42.16000	267.00000
42.16500	262.00000
42.17000	256.00000
42.17500	273.00000
42.18000	278.00000
42.18500	267.00000
42.19000	260.00000
42.19500	265.00000
42.20000	266.00000
42.20500	290.00000
42.21000	283.00000
42.21500	277.00000
42.22000	296.00000
42.22500	263.00000
42.23000	257.00000
42.23500	278.00000
42.24000	276.00000
42.24500	275.00000
42.25000	291.00000
42.25500	314.00000
42.26000	313.00000
42.26500	300.00000
42.27000	296.00000
42.27500	294.00000
42.28000	295.00000
42.28500	294.00000
42.29000	306.00000
42.29500	302.00000
42.30000	336.00000
42.30500	325.00000
42.31000	310.00000
42.31500	304.00000
42.32000	302.00000
42.32500	291.00000
42.33000	271.00000
42.33500	296.00000
42.34000	326.00000
42.34500	331.00000
42.35000	306.00000
42.35500	298.00000
42.36000	286.00000
42.36500	276.00000
42.37000	269.00000
42.37500	296.00000
42.38000	280.00000
42.38500	274.00000
42.39000	279.00000
42.39500	273.00000
42.40000	287.00000
42.40500	290.00000
42.41000	286.00000
42.41500	282.00000
42.42000	275.00000
42.42500	268.00000
42.43000	252.00000
42.43500	284.00000
42.44000	282.00000
42.44500	276.00000
42.45000	265.00000
42.45500	260.00000
42.46000	262.00000
42.46500	260.00000
42.47000	268.00000
42.47500	259.00000
42.48000	254.00000
42.48500	251.00000
42.49000	245.00000
42.49500	249.00000
42.50000	261.00000
42.50500	281.00000
42.51000	273.00000
42.51500	270.00000
42.52000	279.00000
42.52500	251.00000
42.53000	262.00000
42.53500	289.00000
42.54000	294.00000
42.54500	278.00000
42.55000	250.00000
42.55500	266.00000
42.56000	266.00000
42.56500	259.00000
42.57000	254.00000
42.57500	283.00000
42.58000	283.00000
42.58500	261.00000
42.59000	242.00000
42.59500	235.00000
42.60000	237.00000
42.60500	248.00000
42.61000	252.00000
42.61500	254.00000
42.62000	265.00000
42.62500	260.00000
42.63000	258.00000
42.63500	263.00000
42.64000	263.00000
42.64500	272.00000
42.65000	262.00000
42.65500	255.00000
42.66000	248.00000
42.66500	251.00000
42.67000	241.00000
42.67500	252.00000
42.68000	269.00000
42.68500	261.00000
42.69000	247.00000
42.69500	249.00000
42.70000	242.00000
42.70500	254.00000
42.71000	263.00000
42.71500	254.00000
42.72000	247.00000
42.72500	227.00000
42.73000	225.00000
42.73500	242.00000
42.74000	252.00000
42.74500	250.00000
42.75000	244.00000
42.75500	251.00000
42.76000	245.00000
42.76500	242.00000
42.77000	228.00000
42.77500	236.00000
42.78000	244.00000
42.78500	242.00000
42.79000	238.00000
42.79500	225.00000
42.80000	230.00000
42.80500	244.00000
42.81000	235.00000
42.81500	230.00000
42.82000	235.00000
42.82500	224.00000
42.83000	221.00000
42.83500	249.00000
42.84000	265.00000
42.84500	254.00000
42.85000	243.00000
42.85500	244.00000
42.86000	249.00000
42.86500	233.00000
42.87000	226.00000
42.87500	236.00000
42.88000	232.00000
42.88500	228.00000
42.89000	222.00000
42.89500	241.00000
42.90000	258.00000
42.90500	253.00000
42.91000	246.00000
42.91500	248.00000
42.92000	252.00000
42.92500	235.00000
42.93000	213.00000
42.93500	227.00000
42.94000	244.00000
42.94500	241.00000
42.95000	234.00000
42.95500	234.00000
42.96000	244.00000
42.96500	237.00000
42.97000	241.00000
42.97500	247.00000
42.98000	260.00000
42.98500	259.00000
42.99000	263.00000
42.99500	255.00000
43.00000	244.00000
43.00500	248.00000
43.01000	251.00000
43.01500	235.00000
43.02000	232.00000
43.02500	223.00000
43.03000	224.00000
43.03500	247.00000
43.04000	251.00000
43.04500	264.00000
43.05000	246.00000
43.05500	241.00000
43.06000	241.00000
43.06500	242.00000
43.07000	244.00000
43.07500	241.00000
43.08000	252.00000
43.08500	248.00000
43.09000	253.00000
43.09500	252.00000
43.10000	239.00000
43.10500	242.00000
43.11000	243.00000
43.11500	250.00000
43.12000	265.00000
43.12500	244.00000
43.13000	243.00000
43.13500	316.00000
43.14000	288.00000
43.14500	274.00000
43.15000	260.00000
43.15500	263.00000
43.16000	254.00000
43.16500	249.00000
43.17000	229.00000
43.17500	253.00000
43.18000	257.00000
43.18500	242.00000
43.19000	250.00000
43.19500	277.00000
43.20000	275.00000
43.20500	271.00000
43.21000	263.00000
43.21500	303.00000
43.22000	304.00000
43.22500	280.00000
43.23000	271.00000
43.23500	293.00000
43.24000	290.00000
43.24500	289.00000
43.25000	291.00000
43.25500	310.00000
43.26000	310.00000
43.26500	302.00000
43.27000	317.00000
43.27500	315.00000
43.28000	322.00000
43.28500	314.00000
43.29000	321.00000
43.29500	324.00000
43.30000	318.00000
43.30500	354.00000
43.31000	349.00000
43.31500	331.00000
43.32000	342.00000
43.32500	346.00000
43.33000	321.00000
43.33500	343.00000
43.34000	353.00000
43.34500	354.00000
43.35000	343.00000
43.35500	341.00000
43.36000	362.00000
43.36500	364.00000
43.37000	349.00000
43.37500	364.00000
43.38000	383.00000
43.38500	376.00000
43.39000	390.00000
43.39500	369.00000
43.40000	361.00000
43.40500	379.00000
43.41000	373.00000
43.41500	383.00000
43.42000	376.00000
43.42500	338.00000
43.43000	319.00000
43.43500	334.00000
43.44000	336.00000
43.44500	386.00000
43.45000	372.00000
43.45500	346.00000
43.46000	317.00000
43.46500	302.00000
43.47000	299.00000
43.47500	312.00000
43.48000	318.00000
43.48500	316.00000
43.49000	303.00000
43.49500	293.00000
43.50000	287.00000
43.50500	286.00000
43.51000	288.00000
43.51500	286.00000
43.52000	309.00000
43.52500	314.00000
43.53000	285.00000
43.53500	303.00000
43.54000	303.00000
43.54500	298.00000
43.55000	279.00000
43.55500	269.00000
43.56000	258.00000
43.56500	253.00000
43.57000	265.00000
43.57500	280.00000
43.58000	287.00000
43.58500	294.00000
43.59000	282.00000
43.59500	258.00000
43.60000	250.00000
43.60500	255.00000
43.61000	273.00000
43.61500	278.00000
43.62000	263.00000
43.62500	240.00000
43.63000	227.00000
43.63500	249.00000
43.64000	256.00000
43.64500	277.00000
43.65000	269.00000
43.65500	258.00000
43.66000	247.00000
43.66500	241.00000
43.67000	245.00000
43.67500	247.00000
43.68000	252.00000
43.68500	254.00000
43.69000	251.00000
43.69500	250.00000
43.70000	253.00000
43.70500	252.00000
43.71000	250.00000
43.71500	243.00000
43.72000	249.00000
43.72500	240.00000
43.73000	245.00000
43.73500	277.00000
43.74000	263.00000
43.74500	268.00000
43.75000	251.00000
43.75500	239.00000
43.76000	242.00000
43.76500	252.00000
43.77000	238.00000
43.77500	254.00000
43.78000	265.00000
43.78500	248.00000
43.79000	234.00000
43.79500	235.00000
43.80000	249.00000
43.80500	254.00000
43.81000	246.00000
43.81500	247.00000
43.82000	243.00000
43.82500	238.00000
43.83000	224.00000
43.83500	267.00000
43.84000	264.00000
43.84500	264.00000
43.85000	257.00000
43.85500	251.00000
43.86000	247.00000
43.86500	246.00000
43.87000	252.00000
43.87500	264.00000
43.88000	261.00000
43.88500	263.00000
43.89000	264.00000
43.89500	259.00000
43.90000	251.00000
43.90500	262.00000
43.91000	259.00000
43.91500	247.00000
43.92000	245.00000
43.92500	236.00000
43.93000	225.00000
43.93500	247.00000
43.94000	253.00000
43.94500	254.00000
43.95000	239.00000
43.95500	239.00000
43.96000	234.00000
43.96500	240.00000
43.97000	244.00000
43.97500	258.00000
43.98000	252.00000
43.98500	245.00000
43.99000	237.00000
43.99500	245.00000
44.00000	256.00000
44.00500	263.00000
44.01000	256.00000
44.01500	255.00000
44.02000	262.00000
44.02500	237.00000
44.03000	226.00000
44.03500	241.00000
44.04000	262.00000
44.04500	283.00000
44.05000	268.00000
44.05500	253.00000
44.06000	247.00000
44.06500	253.00000
44.07000	254.00000
44.07500	250.00000
44.08000	255.00000
44.08500	256.00000
44.09000	304.00000
44.09500	272.00000
44.10000	258.00000
44.10500	262.00000
44.11000	270.00000
44.11500	277.00000
44.12000	256.00000
44.12500	240.00000
44.13000	224.00000
44.13500	243.00000
44.14000	251.00000
44.14500	275.00000
44.15000	268.00000
44.15500	254.00000
44.16000	269.00000
44.16500	278.00000
44.17000	237.00000
44.17500	244.00000
44.18000	261.00000
44.18500	242.00000
44.19000	232.00000
44.19500	237.00000
44.20000	249.00000
44.20500	250.00000
44.21000	270.00000
44.21500	256.00000
44.22000	261.00000
44.22500	245.00000
44.23000	239.00000
44.23500	247.00000
44.24000	249.00000
44.24500	270.00000
44.25000	270.00000
44.25500	258.00000
44.26000	258.00000
44.26500	256.00000
44.27000	246.00000
44.27500	245.00000
44.28000	246.00000
44.28500	293.00000
44.29000	264.00000
44.29500	253.00000
44.30000	241.00000
44.30500	250.00000
44.31000	254.00000
44.31500	241.00000
44.32000	238.00000
44.32500	231.00000
44.33000	220.00000
44.33500	251.00000
44.34000	303.00000
44.34500	281.00000
44.35000	254.00000
44.35500	246.00000
44.36000	250.00000
44.36500	247.00000
44.37000	233.00000
44.37500	247.00000
44.38000	254.00000
44.38500	247.00000
44.39000	237.00000
44.39500	236.00000
44.40000	241.00000
44.40500	257.00000
44.41000	250.00000
44.41500	258.00000
44.42000	277.00000
44.42500	267.00000
44.43000	252.00000
44.43500	255.00000
44.44000	255.00000
44.44500	246.00000
44.45000	246.00000
44.45500	246.00000
44.46000	270.00000
44.46500	267.00000
44.47000	258.00000
44.47500	262.00000
44.48000	274.00000
44.48500	264.00000
44.49000	256.00000
44.49500	258.00000
44.50000	264.00000
44.50500	273.00000
44.51000	266.00000
44.51500	269.00000
44.52000	291.00000
44.52500	274.00000
44.53000	259.00000
44.53500	284.00000
44.54000	283.00000
44.54500	287.00000
44.55000	273.00000
44.55500	290.00000
44.56000	311.00000
44.56500	321.00000
44.57000	303.00000
44.57500	314.00000
44.58000	309.00000
44.58500	311.00000
44.59000	298.00000
44.59500	290.00000
44.60000	287.00000
44.60500	292.00000
44.61000	302.00000
44.61500	305.00000
44.62000	316.00000
44.62500	310.00000
44.63000	320.00000
44.63500	328.00000
44.64000	341.00000
44.64500	345.00000
44.65000	326.00000
44.65500	305.00000
44.66000	326.00000
44.66500	325.00000
44.67000	348.00000
44.67500	364.00000
44.68000	348.00000
44.68500	362.00000
44.69000	358.00000
44.69500	337.00000
44.70000	342.00000
44.70500	361.00000
44.71000	351.00000
44.71500	349.00000
44.72000	343.00000
44.72500	352.00000
44.73000	351.00000
44.73500	377.00000
44.74000	396.00000
44.74500	378.00000
44.75000	360.00000
44.75500	365.00000
44.76000	367.00000
44.76500	371.00000
44.77000	371.00000
44.77500	371.00000
44.78000	368.00000
44.78500	377.00000
44.79000	376.00000
44.79500	371.00000
44.80000	359.00000
44.80500	399.00000
44.81000	380.00000
44.81500	373.00000
44.82000	426.00000
44.82500	412.00000
44.83000	395.00000
44.83500	391.00000
44.84000	377.00000
44.84500	378.00000
44.85000	384.00000
44.85500	389.00000
44.86000	385.00000
44.86500	401.00000
44.87000	423.00000
44.87500	438.00000
44.88000	444.00000
44.88500	426.00000
44.89000	416.00000
44.89500	429.00000
44.90000	438.00000
44.90500	443.00000
44.91000	422.00000
44.91500	424.00000
44.92000	456.00000
44.92500	466.00000
44.93000	501.00000
44.93500	501.00000
44.94000	501.00000
44.94500	492.00000
44.95000	499.00000
44.95500	495.00000
44.96000	558.00000
44.96500	530.00000
44.97000	520.00000
44.97500	536.00000
44.98000	537.00000
44.98500	525.00000
44.99000	536.00000
44.99500	608.00000
45.00000	590.00000
45.00500	553.00000
45.01000	532.00000
45.01500	561.00000
45.02000	563.00000
45.02500	519.00000
45.03000	513.00000
45.03500	546.00000
45.04000	517.00000
45.04500	539.00000
45.05000	549.00000
45.05500	539.00000
45.06000	499.00000
45.06500	528.00000
45.07000	487.00000
45.07500	464.00000
45.08000	468.00000
45.08500	461.00000
45.09000	472.00000
45.09500	472.00000
45.10000	463.00000
45.10500	456.00000
45.11000	454.00000
45.11500	431.00000
45.12000	420.00000
45.12500	396.00000
45.13000	367.00000
45.13500	375.00000
45.14000	371.00000
45.14500	380.00000
45.15000	363.00000
45.15500	352.00000
45.16000	330.00000
45.16500	335.00000
45.17000	330.00000
45.17500	344.00000
45.18000	343.00000
45.18500	320.00000
45.19000	325.00000
45.19500	319.00000
45.20000	309.00000
45.20500	326.00000
45.21000	308.00000
45.21500	306.00000
45.22000	314.00000
45.22500	286.00000
45.23000	292.00000
45.23500	316.00000
45.24000	312.00000
45.24500	299.00000
45.25000	310.00000
45.25500	287.00000
45.26000	306.00000
45.26500	296.00000
45.27000	288.00000
45.27500	292.00000
45.28000	287.00000
45.28500	293.00000
45.29000	285.00000
45.29500	273.00000
45.30000	289.00000
45.30500	306.00000
45.31000	272.00000
45.31500	263.00000
45.32000	266.00000
45.32500	260.00000
45.33000	254.00000
45.33500	262.00000
45.34000	263.00000
45.34500	266.00000
45.35000	256.00000
45.35500	248.00000
45.36000	235.00000
45.36500	236.00000
45.37000	235.00000
45.37500	252.00000
45.38000	256.00000
45.38500	243.00000
45.39000	231.00000
45.39500	235.00000
45.40000	244.00000
45.40500	258.00000
45.41000	259.00000
45.41500	253.00000
45.42000	257.00000
45.42500	239.00000
45.43000	224.00000
45.43500	250.00000
45.44000	256.00000
45.44500	262.00000
45.45000	263.00000
45.45500	249.00000
45.46000	249.00000
45.46500	244.00000
45.47000	243.00000
45.47500	261.00000
45.48000	250.00000
45.48500	246.00000
45.49000	244.00000
45.49500	237.00000
45.50000	242.00000
45.50500	247.00000
45.51000	263.00000
45.51500	246.00000
45.52000	239.00000
45.52500	231.00000
45.53000	216.00000
45.53500	242.00000
45.54000	255.00000
45.54500	247.00000
45.55000	242.00000
45.55500	252.00000
45.56000	245.00000
45.56500	240.00000
45.57000	216.00000
45.57500	236.00000
45.58000	251.00000
45.58500	243.00000
45.59000	232.00000
45.59500	228.00000
45.60000	243.00000
45.60500	250.00000
45.61000	238.00000
45.61500	235.00000
45.62000	234.00000
45.62500	230.00000
45.63000	230.00000
45.63500	243.00000
45.64000	243.00000
45.64500	237.00000
45.65000	238.00000
45.65500	240.00000
45.66000	251.00000
45.66500	249.00000
45.67000	242.00000
45.67500	241.00000
45.68000	231.00000
45.68500	243.00000
45.69000	254.00000
45.69500	283.00000
45.70000	264.00000
45.70500	254.00000
45.71000	245.00000
45.71500	238.00000
45.72000	247.00000
45.72500	231.00000
45.73000	240.00000
45.73500	245.00000
45.74000	245.00000
45.74500	262.00000
45.75000	255.00000
45.75500	243.00000
45.76000	240.00000
45.76500	242.00000
45.77000	275.00000
45.77500	274.00000
45.78000	261.00000
45.78500	253.00000
45.79000	244.00000
45.79500	247.00000
45.80000	260.00000
45.80500	272.00000
45.81000	257.00000
45.81500	248.00000
45.82000	251.00000
45.82500	239.00000
45.83000	239.00000
45.83500	269.00000
45.84000	261.00000
45.84500	268.00000
45.85000	266.00000
45.85500	262.00000
45.86000	266.00000
45.86500	272.00000
45.87000	261.00000
45.87500	264.00000
45.88000	279.00000
45.88500	285.00000
45.89000	274.00000
45.89500	278.00000
45.90000	283.00000
45.90500	280.00000
45.91000	276.00000
45.91500	282.00000
45.92000	282.00000
45.92500	275.00000
45.93000	276.00000
45.93500	320.00000
45.94000	322.00000
45.94500	329.00000
45.95000	326.00000
45.95500	353.00000
45.96000	322.00000
45.96500	323.00000
45.97000	326.00000
45.97500	335.00000
45.98000	346.00000
45.98500	349.00000
45.99000	365.00000
45.99500	387.00000
46.00000	375.00000
46.00500	378.00000
46.01000	373.00000
46.01500	359.00000
46.02000	382.00000
46.02500	391.00000
46.03000	398.00000
46.03500	411.00000
46.04000	404.00000
46.04500	439.00000
46.05000	440.00000
46.05500	429.00000
46.06000	435.00000
46.06500	422.00000
46.07000	436.00000
46.07500	437.00000
46.08000	443.00000
46.08500	430.00000
46.09000	425.00000
46.09500	384.00000
46.10000	403.00000
46.10500	408.00000
46.11000	405.00000
46.11500	394.00000
46.12000	400.00000
46.12500	391.00000
46.13000	355.00000
46.13500	383.00000
46.14000	387.00000
46.14500	385.00000
46.15000	363.00000
46.15500	347.00000
46.16000	357.00000
46.16500	365.00000
46.17000	344.00000
46.17500	389.00000
46.18000	401.00000
46.18500	373.00000
46.19000	336.00000
46.19500	324.00000
46.20000	313.00000
46.20500	311.00000
46.21000	306.00000
46.21500	310.00000
46.22000	312.00000
46.22500	299.00000
46.23000	282.00000
46.23500	290.00000
46.24000	289.00000
46.24500	295.00000
46.25000	290.00000
46.25500	273.00000
46.26000	265.00000
46.26500	266.00000
46.27000	273.00000
46.27500	270.00000
46.28000	271.00000
46.28500	261.00000
46.29000	257.00000
46.29500	260.00000
46.30000	247.00000
46.30500	250.00000
46.31000	253.00000
46.31500	260.00000
46.32000	255.00000
46.32500	242.00000
46.33000	226.00000
46.33500	266.00000
46.34000	264.00000
46.34500	262.00000
46.35000	249.00000
46.35500	249.00000
46.36000	247.00000
46.36500	247.00000
46.37000	227.00000
46.37500	230.00000
46.38000	247.00000
46.38500	243.00000
46.39000	250.00000
46.39500	249.00000
46.40000	248.00000
46.40500	247.00000
46.41000	252.00000
46.41500	254.00000
46.42000	250.00000
46.42500	241.00000
46.43000	223.00000
46.43500	233.00000
46.44000	237.00000
46.44500	254.00000
46.45000	263.00000
46.45500	253.00000
46.46000	251.00000
46.46500	249.00000
46.47000	248.00000
46.47500	245.00000
46.48000	245.00000
46.48500	243.00000
46.49000	238.00000
46.49500	246.00000
46.50000	245.00000
46.50500	239.00000
46.51000	246.00000
46.51500	233.00000
46.52000	232.00000
46.52500	223.00000
46.53000	209.00000
46.53500	218.00000
46.54000	227.00000
46.54500	233.00000
46.55000	238.00000
46.55500	223.00000
46.56000	226.00000
46.56500	227.00000
46.57000	217.00000
46.57500	237.00000
46.58000	241.00000
46.58500	228.00000
46.59000	222.00000
46.59500	217.00000
46.60000	234.00000
46.60500	229.00000
46.61000	229.00000
46.61500	232.00000
46.62000	241.00000
46.62500	245.00000
46.63000	229.00000
46.63500	248.00000
46.64000	252.00000
46.64500	258.00000
46.65000	246.00000
46.65500	233.00000
46.66000	256.00000
46.66500	244.00000
46.67000	241.00000
46.67500	253.00000
46.68000	248.00000
46.68500	241.00000
46.69000	245.00000
46.69500	236.00000
46.70000	241.00000
46.70500	259.00000
46.71000	255.00000
46.71500	242.00000
46.72000	233.00000
46.72500	226.00000
46.73000	211.00000
46.73500	225.00000
46.74000	227.00000
46.74500	229.00000
46.75000	232.00000
46.75500	225.00000
46.76000	234.00000
46.76500	235.00000
46.77000	230.00000
46.77500	244.00000
46.78000	237.00000
46.78500	238.00000
46.79000	253.00000
46.79500	246.00000
46.80000	237.00000
46.80500	232.00000
46.81000	241.00000
46.81500	242.00000
46.82000	257.00000
46.82500	248.00000
46.83000	228.00000
46.83500	240.00000
46.84000	249.00000
46.84500	255.00000
46.85000	246.00000
46.85500	261.00000
46.86000	257.00000
46.86500	262.00000
46.87000	239.00000
46.87500	246.00000
46.88000	251.00000
46.88500	242.00000
46.89000	233.00000
46.89500	267.00000
46.90000	245.00000
46.90500	253.00000
46.91000	268.00000
46.91500	247.00000
46.92000	234.00000
46.92500	221.00000
46.93000	218.00000
46.93500	243.00000
46.94000	234.00000
46.94500	231.00000
46.95000	234.00000
46.95500	239.00000
46.96000	235.00000
46.96500	266.00000
46.97000	239.00000
46.97500	254.00000
46.98000	248.00000
46.98500	249.00000
46.99000	253.00000
46.99500	287.00000
47.00000	261.00000
47.00500	256.00000
47.01000	276.00000
47.01500	256.00000
47.02000	253.00000
47.02500	230.00000
47.03000	220.00000
47.03500	234.00000
47.04000	258.00000
47.04500	260.00000
47.05000	244.00000
47.05500	238.00000
47.06000	253.00000
47.06500	258.00000
47.07000	267.00000
47.07500	270.00000
47.08000	280.00000
47.08500	273.00000
47.09000	265.00000
47.09500	255.00000
47.10000	264.00000
47.10500	265.00000
47.11000	263.00000
47.11500	283.00000
47.12000	298.00000
47.12500	289.00000
47.13000	273.00000
47.13500	274.00000
47.14000	268.00000
47.14500	264.00000
47.15000	256.00000
47.15500	257.00000
47.16000	260.00000
47.16500	260.00000
47.17000	260.00000
47.17500	277.00000
47.18000	303.00000
47.18500	288.00000
47.19000	278.00000
47.19500	270.00000
47.20000	277.00000
47.20500	280.00000
47.21000	295.00000
47.21500	293.00000
47.22000	303.00000
47.22500	306.00000
47.23000	268.00000
47.23500	281.00000
47.24000	313.00000
47.24500	301.00000
47.25000	289.00000
47.25500	299.00000
47.26000	305.00000
47.26500	295.00000
47.27000	280.00000
47.27500	293.00000
47.28000	325.00000
47.28500	318.00000
47.29000	300.00000
47.29500	298.00000
47.30000	313.00000
47.30500	310.00000
47.31000	303.00000
47.31500	286.00000
47.32000	287.00000
47.32500	279.00000
47.33000	260.00000
47.33500	284.00000
47.34000	304.00000
47.34500	300.00000
47.35000	294.00000
47.35500	295.00000
47.36000	312.00000
47.36500	313.00000
47.37000	298.00000
47.37500	292.00000
47.38000	292.00000
47.38500	290.00000
47.39000	274.00000
47.39500	281.00000
47.40000	282.00000
47.40500	288.00000
47.41000	284.00000
47.41500	266.00000
47.42000	263.00000
47.42500	263.00000
47.43000	256.00000
47.43500	255.00000
47.44000	262.00000
47.44500	272.00000
47.45000	268.00000
47.45500	247.00000
47.46000	250.00000
47.46500	232.00000
47.47000	235.00000
47.47500	251.00000
47.48000	253.00000
47.48500	255.00000
47.49000	244.00000
47.49500	239.00000
47.50000	244.00000
47.50500	244.00000
47.51000	244.00000
47.51500	249.00000
47.52000	246.00000
47.52500	228.00000
47.53000	210.00000
47.53500	235.00000
47.54000	231.00000
47.54500	228.00000
47.55000	219.00000
47.55500	221.00000
47.56000	235.00000
47.56500	231.00000
47.57000	229.00000
47.57500	237.00000
47.58000	247.00000
47.58500	240.00000
47.59000	231.00000
47.59500	241.00000
47.60000	229.00000
47.60500	233.00000
47.61000	228.00000
47.61500	232.00000
47.62000	259.00000
47.62500	228.00000
47.63000	242.00000
47.63500	262.00000
47.64000	245.00000
47.64500	260.00000
47.65000	267.00000
47.65500	252.00000
47.66000	250.00000
47.66500	232.00000
47.67000	234.00000
47.67500	247.00000
47.68000	240.00000
47.68500	236.00000
47.69000	229.00000
47.69500	230.00000
47.70000	235.00000
47.70500	238.00000
47.71000	239.00000
47.71500	238.00000
47.72000	236.00000
47.72500	232.00000
47.73000	217.00000
47.73500	232.00000
47.74000	248.00000
47.74500	243.00000
47.75000	229.00000
47.75500	223.00000
47.76000	229.00000
47.76500	233.00000
47.77000	234.00000
47.77500	250.00000
47.78000	250.00000
47.78500	245.00000
47.79000	245.00000
47.79500	243.00000
47.80000	239.00000
47.80500	249.00000
47.81000	268.00000
47.81500	262.00000
47.82000	254.00000
47.82500	245.00000
47.83000	240.00000
47.83500	256.00000
47.84000	267.00000
47.84500	272.00000
47.85000	266.00000
47.85500	253.00000
47.86000	253.00000
47.86500	251.00000
47.87000	242.00000
47.87500	239.00000
47.88000	254.00000
47.88500	254.00000
47.89000	259.00000
47.89500	269.00000
47.90000	265.00000
47.90500	273.00000
47.91000	265.00000
47.91500	251.00000
47.92000	240.00000
47.92500	234.00000
47.93000	215.00000
47.93500	234.00000
47.94000	251.00000
47.94500	270.00000
47.95000	264.00000
47.95500	266.00000
47.96000	237.00000
47.96500	223.00000
47.97000	226.00000
47.97500	247.00000
47.98000	244.00000
47.98500	233.00000
47.99000	220.00000
47.99500	234.00000
48.00000	234.00000
48.00500	235.00000
48.01000	229.00000
48.01500	229.00000
48.02000	245.00000
48.02500	244.00000
48.03000	235.00000
48.03500	252.00000
48.04000	253.00000
48.04500	259.00000
48.05000	258.00000
48.05500	253.00000
48.06000	267.00000
48.06500	255.00000
48.07000	250.00000
48.07500	259.00000
48.08000	252.00000
48.08500	245.00000
48.09000	246.00000
48.09500	248.00000
48.10000	246.00000
48.10500	255.00000
48.11000	248.00000
48.11500	244.00000
48.12000	253.00000
48.12500	256.00000
48.13000	256.00000
48.13500	264.00000
48.14000	246.00000
48.14500	248.00000
48.15000	287.00000
48.15500	261.00000
48.16000	253.00000
48.16500	243.00000
48.17000	232.00000
48.17500	234.00000
48.18000	247.00000
48.18500	250.00000
48.19000	253.00000
48.19500	243.00000
48.20000	235.00000
48.20500	244.00000
48.21000	259.00000
48.21500	251.00000
48.22000	245.00000
48.22500	235.00000
48.23000	229.00000
48.23500	271.00000
48.24000	274.00000
48.24500	278.00000
48.25000	279.00000
48.25500	273.00000
48.26000	280.00000
48.26500	259.00000
48.27000	249.00000
48.27500	246.00000
48.28000	257.00000
48.28500	264.00000
48.29000	255.00000
48.29500	245.00000
48.30000	240.00000
48.30500	255.00000
48.31000	264.00000
48.31500	289.00000
48.32000	286.00000
48.32500	284.00000
48.33000	245.00000
48.33500	248.00000
48.34000	256.00000
48.34500	270.00000
48.35000	257.00000
48.35500	250.00000
48.36000	249.00000
48.36500	243.00000
48.37000	246.00000
48.37500	270.00000
48.38000	284.00000
48.38500	265.00000
48.39000	253.00000
48.39500	256.00000
48.40000	281.00000
48.40500	277.00000
48.41000	276.00000
48.41500	276.00000
48.42000	282.00000
48.42500	277.00000
48.43000	279.00000
48.43500	269.00000
48.44000	260.00000
48.44500	274.00000
48.45000	282.00000
48.45500	269.00000
48.46000	265.00000
48.46500	253.00000
48.47000	261.00000
48.47500	288.00000
48.48000	298.00000
48.48500	281.00000
48.49000	266.00000
48.49500	267.00000
48.50000	265.00000
48.50500	261.00000
48.51000	271.00000
48.51500	282.00000
48.52000	289.00000
48.52500	288.00000
48.53000	276.00000
48.53500	298.00000
48.54000	303.00000
48.54500	309.00000
48.55000	300.00000
48.55500	287.00000
48.56000	285.00000
48.56500	299.00000
48.57000	293.00000
48.57500	302.00000
48.58000	309.00000
48.58500	299.00000
48.59000	298.00000
48.59500	303.00000
48.60000	296.00000
48.60500	321.00000
48.61000	310.00000
48.61500	304.00000
48.62000	305.00000
48.62500	303.00000
48.63000	300.00000
48.63500	306.00000
48.64000	300.00000
48.64500	319.00000
48.65000	324.00000
48.65500	305.00000
48.66000	299.00000
48.66500	294.00000
48.67000	289.00000
48.67500	290.00000
48.68000	357.00000
48.68500	366.00000
48.69000	362.00000
48.69500	330.00000
48.70000	313.00000
48.70500	301.00000
48.71000	286.00000
48.71500	278.00000
48.72000	281.00000
48.72500	268.00000
48.73000	261.00000
48.73500	286.00000
48.74000	284.00000
48.74500	285.00000
48.75000	275.00000
48.75500	300.00000
48.76000	287.00000
48.76500	268.00000
48.77000	250.00000
48.77500	257.00000
48.78000	309.00000
48.78500	299.00000
48.79000	276.00000
48.79500	267.00000
48.80000	269.00000
48.80500	273.00000
48.81000	274.00000
48.81500	261.00000
48.82000	267.00000
48.82500	250.00000
48.83000	252.00000
48.83500	270.00000
48.84000	263.00000
48.84500	257.00000
48.85000	260.00000
48.85500	274.00000
48.86000	282.00000
48.86500	271.00000
48.87000	306.00000
48.87500	306.00000
48.88000	291.00000
48.88500	272.00000
48.89000	255.00000
48.89500	257.00000
48.90000	255.00000
48.90500	263.00000
48.91000	256.00000
48.91500	257.00000
48.92000	258.00000
48.92500	234.00000
48.93000	231.00000
48.93500	261.00000
48.94000	267.00000
48.94500	265.00000
48.95000	259.00000
48.95500	255.00000
48.96000	263.00000
48.96500	258.00000
48.97000	257.00000
48.97500	261.00000
48.98000	269.00000
48.98500	266.00000
48.99000	262.00000
48.99500	260.00000
49.00000	256.00000
49.00500	264.00000
49.01000	276.00000
49.01500	274.00000
49.02000	277.00000
49.02500	269.00000
49.03000	256.00000
49.03500	277.00000
49.04000	270.00000
49.04500	270.00000
49.05000	288.00000
49.05500	301.00000
49.06000	318.00000
49.06500	295.00000
49.07000	293.00000
49.07500	305.00000
49.08000	328.00000
49.08500	342.00000
49.09000	347.00000
49.09500	337.00000
49.10000	331.00000
49.10500	362.00000
49.11000	360.00000
49.11500	365.00000
49.12000	329.00000
49.12500	311.00000
49.13000	312.00000
49.13500	343.00000
49.14000	345.00000
49.14500	346.00000
49.15000	340.00000
49.15500	352.00000
49.16000	348.00000
49.16500	344.00000
49.17000	341.00000
49.17500	349.00000
49.18000	338.00000
49.18500	347.00000
49.19000	371.00000
49.19500	373.00000
49.20000	365.00000
49.20500	369.00000
49.21000	366.00000
49.21500	358.00000
49.22000	360.00000
49.22500	355.00000
49.23000	367.00000
49.23500	373.00000
49.24000	369.00000
49.24500	368.00000
49.25000	362.00000
49.25500	376.00000
49.26000	387.00000
49.26500	391.00000
49.27000	381.00000
49.27500	410.00000
49.28000	430.00000
49.28500	426.00000
49.29000	389.00000
49.29500	383.00000
49.30000	405.00000
49.30500	399.00000
49.31000	412.00000
49.31500	443.00000
49.32000	427.00000
49.32500	399.00000
49.33000	378.00000
49.33500	392.00000
49.34000	471.00000
49.34500	438.00000
49.35000	385.00000
49.35500	377.00000
49.36000	374.00000
49.36500	367.00000
49.37000	366.00000
49.37500	406.00000
49.38000	408.00000
49.38500	398.00000
49.39000	400.00000
49.39500	392.00000
49.40000	375.00000
49.40500	369.00000
49.41000	365.00000
49.41500	359.00000
49.42000	353.00000
49.42500	339.00000
49.43000	336.00000
49.43500	334.00000
49.44000	350.00000
49.44500	340.00000
49.45000	337.00000
49.45500	340.00000
49.46000	357.00000
49.46500	338.00000
49.47000	320.00000
49.47500	343.00000
49.48000	350.00000
49.48500	351.00000
49.49000	339.00000
49.49500	346.00000
49.50000	358.00000
49.50500	344.00000
49.51000	322.00000
49.51500	321.00000
49.52000	343.00000
49.52500	326.00000
49.53000	312.00000
49.53500	311.00000
49.54000	308.00000
49.54500	303.00000
49.55000	287.00000
49.55500	278.00000
49.56000	275.00000
49.56500	284.00000
49.57000	292.00000
49.57500	296.00000
49.58000	293.00000
49.58500	294.00000
49.59000	282.00000
49.59500	291.00000
49.60000	291.00000
49.60500	281.00000
49.61000	303.00000
49.61500	298.00000
49.62000	298.00000
49.62500	340.00000
49.63000	298.00000
49.63500	280.00000
49.64000	278.00000
49.64500	306.00000
49.65000	290.00000
49.65500	277.00000
49.66000	284.00000
49.66500	277.00000
49.67000	280.00000
49.67500	281.00000
49.68000	300.00000
49.68500	314.00000
49.69000	313.00000
49.69500	295.00000
49.70000	284.00000
49.70500	280.00000
49.71000	303.00000
49.71500	300.00000
49.72000	286.00000
49.72500	282.00000
49.73000	268.00000
49.73500	277.00000
49.74000	286.00000
49.74500	289.00000
49.75000	280.00000
49.75500	252.00000
49.76000	254.00000
49.76500	276.00000
49.77000	280.00000
49.77500	285.00000
49.78000	287.00000
49.78500	282.00000
49.79000	278.00000
49.79500	283.00000
49.80000	281.00000
49.80500	296.00000
49.81000	285.00000
49.81500	300.00000
49.82000	308.00000
49.82500	287.00000
49.83000	287.00000
49.83500	313.00000
49.84000	301.00000
49.84500	330.00000
49.85000	318.00000
49.85500	289.00000
49.86000	305.00000
49.86500	308.00000
49.87000	297.00000
49.87500	310.00000
49.88000	301.00000
49.88500	308.00000
49.89000	304.00000
49.89500	317.00000
49.90000	309.00000
49.90500	304.00000
49.91000	306.00000
49.91500	324.00000
49.92000	322.00000
49.92500	298.00000
49.93000	293.00000
49.93500	313.00000
49.94000	320.00000
49.94500	352.00000
49.95000	348.00000
49.95500	323.00000
49.96000	334.00000
49.96500	362.00000
49.97000	341.00000
49.97500	344.00000
49.98000	363.00000
49.98500	364.00000
49.99000	361.00000
49.99500	370.00000
50.00000	383.00000
50.00500	393.00000
50.01000	405.00000
50.01500	429.00000
50.02000	430.00000
50.02500	407.00000
50.03000	395.00000
50.03500	418.00000
50.04000	475.00000
50.04500	498.00000
50.05000	537.00000
50.05500	547.00000
50.06000	535.00000
50.06500	560.00000
50.07000	553.00000
50.07500	558.00000
50.08000	603.00000
50.08500	616.00000
50.09000	624.00000
50.09500	612.00000
50.10000	652.00000
50.10500	671.00000
50.11000	770.00000
50.11500	818.00000
50.12000	881.00000
50.12500	913.00000
50.13000	894.00000
50.13500	920.00000
50.14000	989.00000
50.14500	1021.00000
50.15000	1035.00000
50.15500	1090.00000
50.16000	1143.00000
50.16500	1207.00000
50.17000	1262.00000
50.17500	1354.00000
50.18000	1430.00000
50.18500	1452.00000
50.19000	1469.00000
50.19500	1531.00000
50.20000	1513.00000
50.20500	1593.00000
50.21000	1664.00000
50.21500	1706.00000
50.22000	1775.00000
50.22500	1781.00000
50.23000	1783.00000
50.23500	1822.00000
50.24000	1823.00000
50.24500	1752.00000
50.25000	1690.00000
50.25500	1721.00000
50.26000	1735.00000
50.26500	1654.00000
50.27000	1660.00000
50.27500	1604.00000
50.28000	1585.00000
50.28500	1543.00000
50.29000	1443.00000
50.29500	1313.00000
50.30000	1249.00000
50.30500	1229.00000
50.31000	1252.00000
50.31500	1159.00000
50.32000	1125.00000
50.32500	1079.00000
50.33000	1032.00000
50.33500	966.00000
50.34000	924.00000
50.34500	891.00000
50.35000	814.00000
50.35500	761.00000
50.36000	738.00000
50.36500	711.00000
50.37000	681.00000
50.37500	646.00000
50.38000	640.00000
50.38500	625.00000
50.39000	581.00000
50.39500	571.00000
50.40000	559.00000
50.40500	516.00000
50.41000	516.00000
50.41500	497.00000
50.42000	526.00000
50.42500	481.00000
50.43000	427.00000
50.43500	427.00000
50.44000	430.00000
50.44500	431.00000
50.45000	404.00000
50.45500	394.00000
50.46000	392.00000
50.46500	372.00000
50.47000	369.00000
50.47500	372.00000
50.48000	359.00000
50.48500	353.00000
50.49000	361.00000
50.49500	357.00000
50.50000	357.00000
50.50500	346.00000
50.51000	340.00000
50.51500	343.00000
50.52000	332.00000
50.52500	303.00000
50.53000	293.00000
50.53500	291.00000
50.54000	279.00000
50.54500	285.00000
50.55000	278.00000
50.55500	292.00000
50.56000	286.00000
50.56500	280.00000
50.57000	275.00000
50.57500	295.00000
50.58000	297.00000
50.58500	304.00000
50.59000	297.00000
50.59500	291.00000
50.60000	289.00000
50.60500	295.00000
50.61000	290.00000
50.61500	276.00000
50.62000	267.00000
50.62500	255.00000
50.63000	254.00000
50.63500	274.00000
50.64000	270.00000
50.64500	272.00000
50.65000	279.00000
50.65500	264.00000
50.66000	281.00000
50.66500	270.00000
50.67000	270.00000
50.67500	277.00000
50.68000	277.00000
50.68500	284.00000
50.69000	265.00000
50.69500	258.00000
50.70000	278.00000
50.70500	291.00000
50.71000	318.00000
50.71500	292.00000
50.72000	293.00000
50.72500	274.00000
50.73000	256.00000
50.73500	274.00000
50.74000	273.00000
50.74500	263.00000
50.75000	256.00000
50.75500	271.00000
50.76000	279.00000
50.76500	283.00000
50.77000	290.00000
50.77500	302.00000
50.78000	308.00000
50.78500	273.00000
50.79000	256.00000
50.79500	267.00000
50.80000	274.00000
50.80500	284.00000
50.81000	271.00000
50.81500	253.00000
50.82000	245.00000
50.82500	240.00000
50.83000	240.00000
50.83500	250.00000
50.84000	266.00000
50.84500	276.00000
50.85000	272.00000
50.85500	263.00000
50.86000	271.00000
50.86500	248.00000
50.87000	257.00000
50.87500	261.00000
50.88000	269.00000
50.88500	254.00000
50.89000	257.00000
50.89500	250.00000
50.90000	247.00000
50.90500	241.00000
50.91000	246.00000
50.91500	235.00000
50.92000	246.00000
50.92500	231.00000
50.93000	229.00000
50.93500	241.00000
50.94000	231.00000
50.94500	252.00000
50.95000	257.00000
50.95500	235.00000
50.96000	234.00000
50.96500	225.00000
50.97000	226.00000
50.97500	232.00000
50.98000	230.00000
50.98500	232.00000
50.99000	217.00000
50.99500	216.00000
51.00000	219.00000
51.00500	220.00000
51.01000	225.00000
51.01500	242.00000
51.02000	237.00000
51.02500	240.00000
51.03000	238.00000
51.03500	243.00000
51.04000	245.00000
51.04500	251.00000
51.05000	247.00000
51.05500	250.00000
51.06000	260.00000
51.06500	250.00000
51.07000	241.00000
51.07500	245.00000
51.08000	245.00000
51.08500	236.00000
51.09000	241.00000
51.09500	240.00000
51.10000	265.00000
51.10500	268.00000
51.11000	247.00000
51.11500	233.00000
51.12000	229.00000
51.12500	221.00000
51.13000	206.00000
51.13500	230.00000
51.14000	226.00000
51.14500	228.00000
51.15000	221.00000
51.15500	218.00000
51.16000	225.00000
51.16500	218.00000
51.17000	212.00000
51.17500	217.00000
51.18000	224.00000
51.18500	235.00000
51.19000	232.00000
51.19500	236.00000
51.20000	250.00000
51.20500	239.00000
51.21000	230.00000
51.21500	222.00000
51.22000	225.00000
51.22500	217.00000
51.23000	213.00000
51.23500	241.00000
51.24000	234.00000
51.24500	233.00000
51.25000	236.00000
51.25500	237.00000
51.26000	228.00000
51.26500	224.00000
51.27000	226.00000
51.27500	234.00000
51.28000	235.00000
51.28500	226.00000
51.29000	231.00000
51.29500	242.00000
51.30000	261.00000
51.30500	245.00000
51.31000	239.00000
51.31500	228.00000
51.32000	238.00000
51.32500	223.00000
51.33000	208.00000
51.33500	217.00000
51.34000	219.00000
51.34500	223.00000
51.35000	222.00000
51.35500	214.00000
51.36000	225.00000
51.36500	245.00000
51.37000	232.00000
51.37500	232.00000
51.38000	218.00000
51.38500	224.00000
51.39000	221.00000
51.39500	220.00000
51.40000	232.00000
51.40500	237.00000
51.41000	234.00000
51.41500	234.00000
51.42000	231.00000
51.42500	215.00000
51.43000	208.00000
51.43500	234.00000
51.44000	230.00000
51.44500	240.00000
51.45000	229.00000
51.45500	231.00000
51.46000	245.00000
51.46500	240.00000
51.47000	245.00000
51.47500	242.00000
51.48000	251.00000
51.48500	230.00000
51.49000	225.00000
51.49500	229.00000
51.50000	241.00000
51.50500	236.00000
51.51000	231.00000
51.51500	225.00000
51.52000	233.00000
51.52500	215.00000
51.53000	210.00000
51.53500	229.00000
51.54000	231.00000
51.54500	221.00000
51.55000	222.00000
51.55500	231.00000
51.56000	228.00000
51.56500	216.00000
51.57000	209.00000
51.57500	225.00000
51.58000	259.00000
51.58500	241.00000
51.59000	231.00000
51.59500	233.00000
51.60000	230.00000
51.60500	230.00000
51.61000	224.00000
51.61500	222.00000
51.62000	224.00000
51.62500	233.00000
51.63000	218.00000
51.63500	229.00000
51.64000	231.00000
51.64500	239.00000
51.65000	246.00000
51.65500	250.00000
51.66000	240.00000
51.66500	223.00000
51.67000	233.00000
51.67500	243.00000
51.68000	253.00000
51.68500	246.00000
51.69000	233.00000
51.69500	233.00000
51.70000	230.00000
51.70500	235.00000
51.71000	240.00000
51.71500	240.00000
51.72000	238.00000
51.72500	220.00000
51.73000	219.00000
51.73500	246.00000
51.74000	234.00000
51.74500	248.00000
51.75000	248.00000
51.75500	232.00000
51.76000	242.00000
51.76500	249.00000
51.77000	269.00000
51.77500	252.00000
51.78000	254.00000
51.78500	261.00000
51.79000	278.00000
51.79500	274.00000
51.80000	267.00000
51.80500	268.00000
51.81000	268.00000
51.81500	272.00000
51.82000	268.00000
51.82500	263.00000
51.83000	285.00000
51.83500	283.00000
51.84000	266.00000
51.84500	286.00000
51.85000	283.00000
51.85500	264.00000
51.86000	273.00000
51.86500	313.00000
51.87000	315.00000
51.87500	290.00000
51.88000	286.00000
51.88500	286.00000
51.89000	283.00000
51.89500	270.00000
51.90000	276.00000
51.90500	280.00000
51.91000	281.00000
51.91500	275.00000
51.92000	296.00000
51.92500	291.00000
51.93000	290.00000
51.93500	299.00000
51.94000	331.00000
51.94500	316.00000
51.95000	361.00000
51.95500	325.00000
51.96000	322.00000
51.96500	290.00000
51.97000	265.00000
51.97500	262.00000
51.98000	266.00000
51.98500	260.00000
51.99000	259.00000
51.99500	271.00000
52.00000	283.00000
52.00500	280.00000
52.01000	270.00000
52.01500	277.00000
52.02000	287.00000
52.02500	276.00000
52.03000	267.00000
52.03500	267.00000
52.04000	262.00000
52.04500	264.00000
52.05000	261.00000
52.05500	273.00000
52.06000	285.00000
52.06500	270.00000
52.07000	275.00000
52.07500	266.00000
52.08000	278.00000
52.08500	287.00000
52.09000	290.00000
52.09500	293.00000
52.10000	270.00000
52.10500	253.00000
52.11000	261.00000
52.11500	268.00000
52.12000	261.00000
52.12500	245.00000
52.13000	253.00000
52.13500	276.00000
52.14000	261.00000
52.14500	264.00000
52.15000	255.00000
52.15500	244.00000
52.16000	247.00000
52.16500	239.00000
52.17000	243.00000
52.17500	250.00000
52.18000	257.00000
52.18500	240.00000
52.19000	246.00000
52.19500	246.00000
52.20000	273.00000
52.20500	285.00000
52.21000	288.00000
52.21500	281.00000
52.22000	269.00000
52.22500	253.00000
52.23000	243.00000
52.23500	254.00000
52.24000	266.00000
52.24500	267.00000
52.25000	279.00000
52.25500	276.00000
52.26000	273.00000
52.26500	263.00000
52.27000	290.00000
52.27500	279.00000
52.28000	286.00000
52.28500	279.00000
52.29000	296.00000
52.29500	297.00000
52.30000	288.00000
52.30500	278.00000
52.31000	275.00000
52.31500	274.00000
52.32000	267.00000
52.32500	271.00000
52.33000	254.00000
52.33500	291.00000
52.34000	285.00000
52.34500	280.00000
52.35000	297.00000
52.35500	291.00000
52.36000	287.00000
52.36500	283.00000
52.37000	283.00000
52.37500	306.00000
52.38000	314.00000
52.38500	318.00000
52.39000	316.00000
52.39500	305.00000
52.40000	307.00000
52.40500	328.00000
52.41000	347.00000
52.41500	350.00000
52.42000	332.00000
52.42500	336.00000
52.43000	343.00000
52.43500	369.00000
52.44000	360.00000
52.44500	352.00000
52.45000	339.00000
52.45500	371.00000
52.46000	369.00000
52.46500	366.00000
52.47000	360.00000
52.47500	390.00000
52.48000	388.00000
52.48500	379.00000
52.49000	389.00000
52.49500	418.00000
52.50000	414.00000
52.50500	431.00000
52.51000	438.00000
52.51500	435.00000
52.52000	451.00000
52.52500	437.00000
52.53000	452.00000
52.53500	476.00000
52.54000	515.00000
52.54500	527.00000
52.55000	500.00000
52.55500	503.00000
52.56000	555.00000
52.56500	575.00000
52.57000	542.00000
52.57500	544.00000
52.58000	578.00000
52.58500	610.00000
52.59000	586.00000
52.59500	650.00000
52.60000	619.00000
52.60500	625.00000
52.61000	669.00000
52.61500	648.00000
52.62000	660.00000
52.62500	680.00000
52.63000	658.00000
52.63500	674.00000
52.64000	652.00000
52.64500	665.00000
52.65000	643.00000
52.65500	650.00000
52.66000	638.00000
52.66500	619.00000
52.67000	614.00000
52.67500	620.00000
52.68000	635.00000
52.68500	603.00000
52.69000	587.00000
52.69500	589.00000
52.70000	557.00000
52.70500	560.00000
52.71000	555.00000
52.71500	528.00000
52.72000	498.00000
52.72500	488.00000
52.73000	446.00000
52.73500	478.00000
52.74000	506.00000
52.74500	535.00000
52.75000	556.00000
52.75500	518.00000
52.76000	487.00000
52.76500	488.00000
52.77000	467.00000
52.77500	462.00000
52.78000	484.00000
52.78500	445.00000
52.79000	409.00000
52.79500	423.00000
52.80000	422.00000
52.80500	438.00000
52.81000	445.00000
52.81500	480.00000
52.82000	445.00000
52.82500	408.00000
52.83000	390.00000
52.83500	410.00000
52.84000	401.00000
52.84500	391.00000
52.85000	424.00000
52.85500	399.00000
52.86000	379.00000
52.86500	370.00000
52.87000	392.00000
52.87500	392.00000
52.88000	388.00000
52.88500	386.00000
52.89000	382.00000
52.89500	384.00000
52.90000	388.00000
52.90500	384.00000
52.91000	408.00000
52.91500	399.00000
52.92000	396.00000
52.92500	390.00000
52.93000	380.00000
52.93500	420.00000
52.94000	432.00000
52.94500	454.00000
52.95000	420.00000
52.95500	403.00000
52.96000	428.00000
52.96500	431.00000
52.97000	413.00000
52.97500	447.00000
52.98000	439.00000
52.98500	458.00000
52.99000	476.00000
52.99500	459.00000
53.00000	440.00000
53.00500	441.00000
53.01000	468.00000
53.01500	460.00000
53.02000	428.00000
53.02500	414.00000
53.03000	408.00000
53.03500	440.00000
53.04000	448.00000
53.04500	457.00000
53.05000	468.00000
53.05500	449.00000
53.06000	464.00000
53.06500	477.00000
53.07000	458.00000
53.07500	481.00000
53.08000	485.00000
53.08500	525.00000
53.09000	528.00000
53.09500	494.00000
53.10000	504.00000
53.10500	509.00000
53.11000	487.00000
53.11500	488.00000
53.12000	514.00000
53.12500	481.00000
53.13000	499.00000
53.13500	492.00000
53.14000	484.00000
53.14500	456.00000
53.15000	467.00000
53.15500	467.00000
53.16000	478.00000
53.16500	478.00000
53.17000	450.00000
53.17500	431.00000
53.18000	428.00000
53.18500	432.00000
53.19000	449.00000
53.19500	460.00000
53.20000	469.00000
53.20500	459.00000
53.21000	452.00000
53.21500	419.00000
53.22000	442.00000
53.22500	425.00000
53.23000	389.00000
53.23500	395.00000
53.24000	386.00000
53.24500	404.00000
53.25000	389.00000
53.25500	373.00000
53.26000	386.00000
53.26500	389.00000
53.27000	376.00000
53.27500	367.00000
53.28000	378.00000
53.28500	377.00000
53.29000	353.00000
53.29500	337.00000
53.30000	325.00000
53.30500	345.00000
53.31000	333.00000
53.31500	336.00000
53.32000	329.00000
53.32500	325.00000
53.33000	329.00000
53.33500	335.00000
53.34000	346.00000
53.34500	346.00000
53.35000	353.00000
53.35500	334.00000
53.36000	317.00000
53.36500	307.00000
53.37000	288.00000
53.37500	297.00000
53.38000	299.00000
53.38500	304.00000
53.39000	299.00000
53.39500	288.00000
53.40000	296.00000
53.40500	302.00000
53.41000	294.00000
53.41500	279.00000
53.42000	297.00000
53.42500	304.00000
53.43000	282.00000
53.43500	325.00000
53.44000	349.00000
53.44500	327.00000
53.45000	307.00000
53.45500	294.00000
53.46000	291.00000
53.46500	302.00000
53.47000	314.00000
53.47500	328.00000
53.48000	307.00000
53.48500	328.00000
53.49000	295.00000
53.49500	291.00000
53.50000	290.00000
53.50500	304.00000
53.51000	296.00000
53.51500	291.00000
53.52000	299.00000
53.52500	282.00000
53.53000	261.00000
53.53500	269.00000
53.54000	263.00000
53.54500	259.00000
53.55000	254.00000
53.55500	252.00000
53.56000	258.00000
53.56500	258.00000
53.57000	254.00000
53.57500	257.00000
53.58000	274.00000
53.58500	277.00000
53.59000	276.00000
53.59500	272.00000
53.60000	258.00000
53.60500	270.00000
53.61000	257.00000
53.61500	245.00000
53.62000	272.00000
53.62500	260.00000
53.63000	232.00000
53.63500	250.00000
53.64000	272.00000
53.64500	270.00000
53.65000	264.00000
53.65500	244.00000
53.66000	243.00000
53.66500	262.00000
53.67000	262.00000
53.67500	278.00000
53.68000	270.00000
53.68500	266.00000
53.69000	241.00000
53.69500	244.00000
53.70000	251.00000
53.70500	246.00000
53.71000	240.00000
53.71500	245.00000
53.72000	241.00000
53.72500	236.00000
53.73000	237.00000
53.73500	251.00000
53.74000	243.00000
53.74500	228.00000
53.75000	225.00000
53.75500	228.00000
53.76000	241.00000
53.76500	238.00000
53.77000	236.00000
53.77500	263.00000
53.78000	260.00000
53.78500	241.00000
53.79000	234.00000
53.79500	232.00000
53.80000	251.00000
53.80500	259.00000
53.81000	259.00000
53.81500	242.00000
53.82000	247.00000
53.82500	223.00000
53.83000	222.00000
53.83500	243.00000
53.84000	245.00000
53.84500	254.00000
53.85000	243.00000
53.85500	246.00000
53.86000	242.00000
53.86500	243.00000
53.87000	249.00000
53.87500	244.00000
53.88000	234.00000
53.88500	229.00000
53.89000	223.00000
53.89500	223.00000
53.90000	220.00000
53.90500	218.00000
53.91000	239.00000
53.91500	232.00000
53.92000	241.00000
53.92500	229.00000
53.93000	219.00000
53.93500	243.00000
53.94000	249.00000
53.94500	234.00000
53.95000	228.00000
53.95500	226.00000
53.96000	234.00000
53.96500	223.00000
53.97000	222.00000
53.97500	228.00000
53.98000	235.00000
53.98500	227.00000
53.99000	220.00000
53.99500	216.00000
54.00000	230.00000
54.00500	237.00000
54.01000	235.00000
54.01500	235.00000
54.02000	231.00000
54.02500	222.00000
54.03000	205.00000
54.03500	232.00000
54.04000	229.00000
54.04500	233.00000
54.05000	233.00000
54.05500	235.00000
54.06000	232.00000
54.06500	226.00000
54.07000	224.00000
54.07500	223.00000
54.08000	240.00000
54.08500	230.00000
54.09000	220.00000
54.09500	222.00000
54.10000	248.00000
54.10500	253.00000
54.11000	247.00000
54.11500	225.00000
54.12000	229.00000
54.12500	230.00000
54.13000	220.00000
54.13500	240.00000
54.14000	237.00000
54.14500	220.00000
54.15000	212.00000
54.15500	210.00000
54.16000	220.00000
54.16500	207.00000
54.17000	206.00000
54.17500	220.00000
54.18000	227.00000
54.18500	230.00000
54.19000	249.00000
54.19500	232.00000
54.20000	241.00000
54.20500	233.00000
54.21000	256.00000
54.21500	236.00000
54.22000	232.00000
54.22500	213.00000
54.23000	211.00000
54.23500	233.00000
54.24000	233.00000
54.24500	229.00000
54.25000	228.00000
54.25500	221.00000
54.26000	225.00000
54.26500	225.00000
54.27000	225.00000
54.27500	238.00000
54.28000	238.00000
54.28500	230.00000
54.29000	228.00000
54.29500	235.00000
54.30000	232.00000
54.30500	235.00000
54.31000	228.00000
54.31500	234.00000
54.32000	247.00000
54.32500	236.00000
54.33000	223.00000
54.33500	236.00000
54.34000	238.00000
54.34500	247.00000
54.35000	246.00000
54.35500	247.00000
54.36000	236.00000
54.36500	233.00000
54.37000	235.00000
54.37500	250.00000
54.38000	249.00000
54.38500	251.00000
54.39000	245.00000
54.39500	243.00000
54.40000	243.00000
54.40500	254.00000
54.41000	266.00000
54.41500	298.00000
54.42000	273.00000
54.42500	243.00000
54.43000	254.00000
54.43500	259.00000
54.44000	248.00000
54.44500	257.00000
54.45000	259.00000
54.45500	254.00000
54.46000	270.00000
54.46500	274.00000
54.47000	268.00000
54.47500	272.00000
54.48000	273.00000
54.48500	275.00000
54.49000	272.00000
54.49500	281.00000
54.50000	281.00000
54.50500	300.00000
54.51000	320.00000
54.51500	299.00000
54.52000	290.00000
54.52500	279.00000
54.53000	272.00000
54.53500	311.00000
54.54000	292.00000
54.54500	291.00000
54.55000	290.00000
54.55500	279.00000
54.56000	293.00000
54.56500	284.00000
54.57000	283.00000
54.57500	292.00000
54.58000	305.00000
54.58500	300.00000
54.59000	283.00000
54.59500	277.00000
54.60000	272.00000
54.60500	275.00000
54.61000	282.00000
54.61500	293.00000
54.62000	294.00000
54.62500	286.00000
54.63000	270.00000
54.63500	283.00000
54.64000	272.00000
54.64500	295.00000
54.65000	292.00000
54.65500	268.00000
54.66000	266.00000
54.66500	254.00000
54.67000	268.00000
54.67500	268.00000
54.68000	273.00000
54.68500	266.00000
54.69000	262.00000
54.69500	258.00000
54.70000	266.00000
54.70500	260.00000
54.71000	248.00000
54.71500	253.00000
54.72000	255.00000
54.72500	235.00000
54.73000	222.00000
54.73500	236.00000
54.74000	241.00000
54.74500	244.00000
54.75000	241.00000
54.75500	227.00000
54.76000	229.00000
54.76500	235.00000
54.77000	228.00000
54.77500	227.00000
54.78000	223.00000
54.78500	220.00000
54.79000	219.00000
54.79500	206.00000
54.80000	212.00000
54.80500	231.00000
54.81000	248.00000
54.81500	237.00000
54.82000	257.00000
54.82500	235.00000
54.83000	219.00000
54.83500	231.00000
54.84000	230.00000
54.84500	250.00000
54.85000	241.00000
54.85500	235.00000
54.86000	237.00000
54.86500	240.00000
54.87000	229.00000
54.87500	243.00000
54.88000	244.00000
54.88500	248.00000
54.89000	239.00000
54.89500	225.00000
54.90000	226.00000
54.90500	249.00000
54.91000	245.00000
54.91500	275.00000
54.92000	239.00000
54.92500	231.00000
54.93000	229.00000
54.93500	239.00000
54.94000	237.00000
54.94500	237.00000
54.95000	243.00000
54.95500	241.00000
54.96000	234.00000
54.96500	225.00000
54.97000	235.00000
54.97500	249.00000
54.98000	250.00000
54.98500	238.00000
54.99000	237.00000
54.99500	249.00000
55.00000	251.00000
55.00500	251.00000
55.01000	250.00000
55.01500	238.00000
55.02000	262.00000
55.02500	246.00000
55.03000	227.00000
55.03500	232.00000
55.04000	231.00000
55.04500	240.00000
55.05000	237.00000
55.05500	248.00000
55.06000	252.00000
55.06500	250.00000
55.07000	251.00000
55.07500	251.00000
55.08000	260.00000
55.08500	250.00000
55.09000	239.00000
55.09500	249.00000
55.10000	264.00000
55.10500	271.00000
55.11000	268.00000
55.11500	268.00000
55.12000	291.00000
55.12500	270.00000
55.13000	272.00000
55.13500	281.00000
55.14000	290.00000
55.14500	274.00000
55.15000	287.00000
55.15500	264.00000
55.16000	275.00000
55.16500	289.00000
55.17000	268.00000
55.17500	271.00000
55.18000	273.00000
55.18500	267.00000
55.19000	267.00000
55.19500	270.00000
55.20000	299.00000
55.20500	292.00000
55.21000	291.00000
55.21500	283.00000
55.22000	268.00000
55.22500	255.00000
55.23000	268.00000
55.23500	286.00000
55.24000	287.00000
55.24500	293.00000
55.25000	282.00000
55.25500	291.00000
55.26000	304.00000
55.26500	314.00000
55.27000	285.00000
55.27500	291.00000
55.28000	302.00000
55.28500	298.00000
55.29000	296.00000
55.29500	291.00000
55.30000	295.00000
55.30500	308.00000
55.31000	325.00000
55.31500	324.00000
55.32000	309.00000
55.32500	286.00000
55.33000	283.00000
55.33500	307.00000
55.34000	320.00000
55.34500	307.00000
55.35000	311.00000
55.35500	307.00000
55.36000	312.00000
55.36500	326.00000
55.37000	329.00000
55.37500	322.00000
55.38000	323.00000
55.38500	317.00000
55.39000	306.00000
55.39500	302.00000
55.40000	310.00000
55.40500	296.00000
55.41000	280.00000
55.41500	309.00000
55.42000	333.00000
55.42500	322.00000
55.43000	313.00000
55.43500	338.00000
55.44000	345.00000
55.44500	354.00000
55.45000	351.00000
55.45500	320.00000
55.46000	334.00000
55.46500	332.00000
55.47000	320.00000
55.47500	315.00000
55.48000	312.00000
55.48500	317.00000
55.49000	318.00000
55.49500	315.00000
55.50000	326.00000
55.50500	320.00000
55.51000	321.00000
55.51500	329.00000
55.52000	323.00000
55.52500	297.00000
55.53000	284.00000
55.53500	296.00000
55.54000	294.00000
55.54500	321.00000
55.55000	340.00000
55.55500	310.00000
55.56000	312.00000
55.56500	316.00000
55.57000	333.00000
55.57500	321.00000
55.58000	307.00000
55.58500	311.00000
55.59000	301.00000
55.59500	301.00000
55.60000	317.00000
55.60500	325.00000
55.61000	311.00000
55.61500	312.00000
55.62000	320.00000
55.62500	298.00000
55.63000	298.00000
55.63500	321.00000
55.64000	318.00000
55.64500	336.00000
55.65000	340.00000
55.65500	333.00000
55.66000	343.00000
55.66500	328.00000
55.67000	328.00000
55.67500	341.00000
55.68000	368.00000
55.68500	377.00000
55.69000	354.00000
55.69500	348.00000
55.70000	378.00000
55.70500	384.00000
55.71000	380.00000
55.71500	376.00000
55.72000	422.00000
55.72500	407.00000
55.73000	391.00000
55.73500	395.00000
55.74000	407.00000
55.74500	413.00000
55.75000	389.00000
55.75500	382.00000
55.76000	391.00000
55.76500	417.00000
55.77000	426.00000
55.77500	407.00000
55.78000	404.00000
55.78500	404.00000
55.79000	389.00000
55.79500	356.00000
55.80000	354.00000
55.80500	411.00000
55.81000	408.00000
55.81500	383.00000
55.82000	369.00000
55.82500	333.00000
55.83000	334.00000
55.83500	346.00000
55.84000	358.00000
55.84500	350.00000
55.85000	336.00000
55.85500	316.00000
55.86000	318.00000
55.86500	311.00000
55.87000	305.00000
55.87500	316.00000
55.88000	315.00000
55.88500	313.00000
55.89000	294.00000
55.89500	282.00000
55.90000	283.00000
55.90500	283.00000
55.91000	271.00000
55.91500	267.00000
55.92000	281.00000
55.92500	263.00000
55.93000	254.00000
55.93500	277.00000
55.94000	267.00000
55.94500	268.00000
55.95000	275.00000
55.95500	276.00000
55.96000	261.00000
55.96500	254.00000
55.97000	281.00000
55.97500	293.00000
55.98000	276.00000
55.98500	265.00000
55.99000	261.00000
55.99500	255.00000
56.00000	264.00000
56.00500	267.00000
56.01000	264.00000
56.01500	263.00000
56.02000	270.00000
56.02500	267.00000
56.03000	271.00000
56.03500	272.00000
56.04000	268.00000
56.04500	269.00000
56.05000	276.00000
56.05500	273.00000
56.06000	273.00000
56.06500	275.00000
56.07000	262.00000
56.07500	261.00000
56.08000	274.00000
56.08500	257.00000
56.09000	251.00000
56.09500	264.00000
56.10000	269.00000
56.10500	283.00000
56.11000	294.00000
56.11500	322.00000
56.12000	302.00000
56.12500	280.00000
56.13000	269.00000
56.13500	283.00000
56.14000	277.00000
56.14500	269.00000
56.15000	266.00000
56.15500	265.00000
56.16000	285.00000
56.16500	269.00000
56.17000	263.00000
56.17500	280.00000
56.18000	273.00000
56.18500	293.00000
56.19000	286.00000
56.19500	280.00000
56.20000	293.00000
56.20500	297.00000
56.21000	311.00000
56.21500	286.00000
56.22000	274.00000
56.22500	283.00000
56.23000	305.00000
56.23500	332.00000
56.24000	312.00000
56.24500	302.00000
56.25000	305.00000
56.25500	301.00000
56.26000	319.00000
56.26500	306.00000
56.27000	286.00000
56.27500	273.00000
56.28000	296.00000
56.28500	285.00000
56.29000	293.00000
56.29500	277.00000
56.30000	264.00000
56.30500	263.00000
56.31000	265.00000
56.31500	281.00000
56.32000	284.00000
56.32500	261.00000
56.33000	252.00000
56.33500	263.00000
56.34000	257.00000
56.34500	264.00000
56.35000	257.00000
56.35500	264.00000
56.36000	262.00000
56.36500	243.00000
56.37000	249.00000
56.37500	266.00000
56.38000	272.00000
56.38500	270.00000
56.39000	262.00000
56.39500	262.00000
56.40000	289.00000
56.40500	285.00000
56.41000	279.00000
56.41500	263.00000
56.42000	261.00000
56.42500	249.00000
56.43000	247.00000
56.43500	264.00000
56.44000	268.00000
56.44500	281.00000
56.45000	272.00000
56.45500	267.00000
56.46000	280.00000
56.46500	270.00000
56.47000	269.00000
56.47500	275.00000
56.48000	276.00000
56.48500	276.00000
56.49000	275.00000
56.49500	277.00000
56.50000	270.00000
56.50500	296.00000
56.51000	326.00000
56.51500	299.00000
56.52000	277.00000
56.52500	264.00000
56.53000	257.00000
56.53500	270.00000
56.54000	263.00000
56.54500	264.00000
56.55000	256.00000
56.55500	241.00000
56.56000	259.00000
56.56500	253.00000
56.57000	258.00000
56.57500	279.00000
56.58000	281.00000
56.58500	268.00000
56.59000	258.00000
56.59500	261.00000
56.60000	255.00000
56.60500	258.00000
56.61000	255.00000
56.61500	258.00000
56.62000	260.00000
56.62500	256.00000
56.63000	246.00000
56.63500	263.00000
56.64000	259.00000
56.64500	260.00000
56.65000	260.00000
56.65500	258.00000
56.66000	270.00000
56.66500	272.00000
56.67000	267.00000
56.67500	268.00000
56.68000	261.00000
56.68500	243.00000
56.69000	241.00000
56.69500	239.00000
56.70000	245.00000
56.70500	246.00000
56.71000	254.00000
56.71500	246.00000
56.72000	240.00000
56.72500	225.00000
56.73000	205.00000
56.73500	229.00000
56.74000	249.00000
56.74500	256.00000
56.75000	253.00000
56.75500	241.00000
56.76000	248.00000
56.76500	238.00000
56.77000	229.00000
56.77500	239.00000
56.78000	261.00000
56.78500	276.00000
56.79000	249.00000
56.79500	246.00000
56.80000	243.00000
56.80500	231.00000
56.81000	230.00000
56.81500	225.00000
56.82000	243.00000
56.82500	232.00000
56.83000	218.00000
56.83500	249.00000
56.84000	251.00000
56.84500	246.00000
56.85000	245.00000
56.85500	237.00000
56.86000	225.00000
56.86500	229.00000
56.87000	225.00000
56.87500	233.00000
56.88000	229.00000
56.88500	240.00000
56.89000	232.00000
56.89500	236.00000
56.90000	272.00000
56.90500	265.00000
56.91000	255.00000
56.91500	241.00000
56.92000	248.00000
56.92500	222.00000
56.93000	216.00000
56.93500	223.00000
56.94000	223.00000
56.94500	229.00000
56.95000	238.00000
56.95500	246.00000
56.96000	254.00000
56.96500	237.00000
56.97000	232.00000
56.97500	220.00000
56.98000	222.00000
56.98500	227.00000
56.99000	232.00000
56.99500	270.00000
57.00000	243.00000
57.00500	236.00000
57.01000	250.00000
57.01500	244.00000
57.02000	242.00000
57.02500	238.00000
57.03000	225.00000
57.03500	238.00000
57.04000	250.00000
57.04500	235.00000
57.05000	239.00000
57.05500	232.00000
57.06000	231.00000
57.06500	226.00000
57.07000	239.00000
57.07500	239.00000
57.08000	246.00000
57.08500	230.00000
57.09000	225.00000
57.09500	217.00000
57.10000	219.00000
57.10500	227.00000
57.11000	221.00000
57.11500	218.00000
57.12000	222.00000
57.12500	216.00000
57.13000	202.00000
57.13500	222.00000
57.14000	216.00000
57.14500	237.00000
57.15000	227.00000
57.15500	218.00000
57.16000	230.00000
57.16500	220.00000
57.17000	219.00000
57.17500	226.00000
57.18000	235.00000
57.18500	228.00000
57.19000	229.00000
57.19500	226.00000
57.20000	225.00000
57.20500	224.00000
57.21000	224.00000
57.21500	224.00000
57.22000	234.00000
57.22500	230.00000
57.23000	213.00000
57.23500	230.00000
57.24000	230.00000
57.24500	240.00000
57.25000	243.00000
57.25500	228.00000
57.26000	231.00000
57.26500	229.00000
57.27000	225.00000
57.27500	241.00000
57.28000	259.00000
57.28500	267.00000
57.29000	259.00000
57.29500	258.00000
57.30000	247.00000
57.30500	239.00000
57.31000	246.00000
57.31500	248.00000
57.32000	233.00000
57.32500	228.00000
57.33000	226.00000
57.33500	237.00000
57.34000	246.00000
57.34500	255.00000
57.35000	247.00000
57.35500	231.00000
57.36000	225.00000
57.36500	228.00000
57.37000	239.00000
57.37500	231.00000
57.38000	235.00000
57.38500	230.00000
57.39000	250.00000
57.39500	236.00000
57.40000	233.00000
57.40500	244.00000
57.41000	262.00000
57.41500	239.00000
57.42000	232.00000
57.42500	224.00000
57.43000	219.00000
57.43500	236.00000
57.44000	245.00000
57.44500	236.00000
57.45000	227.00000
57.45500	232.00000
57.46000	251.00000
57.46500	237.00000
57.47000	221.00000
57.47500	222.00000
57.48000	230.00000
57.48500	240.00000
57.49000	217.00000
57.49500	223.00000
57.50000	232.00000
57.50500	243.00000
57.51000	237.00000
57.51500	237.00000
57.52000	232.00000
57.52500	222.00000
57.53000	221.00000
57.53500	232.00000
57.54000	249.00000
57.54500	258.00000
57.55000	247.00000
57.55500	238.00000
57.56000	239.00000
57.56500	240.00000
57.57000	245.00000
57.57500	249.00000
57.58000	247.00000
57.58500	232.00000
57.59000	231.00000
57.59500	233.00000
57.60000	234.00000
57.60500	247.00000
57.61000	258.00000
57.61500	264.00000
57.62000	257.00000
57.62500	238.00000
57.63000	231.00000
57.63500	253.00000
57.64000	247.00000
57.64500	251.00000
57.65000	251.00000
57.65500	261.00000
57.66000	276.00000
57.66500	265.00000
57.67000	269.00000
57.67500	264.00000
57.68000	260.00000
57.68500	266.00000
57.69000	272.00000
57.69500	262.00000
57.70000	267.00000
57.70500	266.00000
57.71000	268.00000
57.71500	257.00000
57.72000	259.00000
57.72500	246.00000
57.73000	238.00000
57.73500	258.00000
57.74000	269.00000
57.74500	267.00000
57.75000	261.00000
57.75500	256.00000
57.76000	250.00000
57.76500	263.00000
57.77000	253.00000
57.77500	275.00000
57.78000	279.00000
57.78500	273.00000
57.79000	270.00000
57.79500	268.00000
57.80000	269.00000
57.80500	281.00000
57.81000	286.00000
57.81500	282.00000
57.82000	293.00000
57.82500	274.00000
57.83000	263.00000
57.83500	281.00000
57.84000	276.00000
57.84500	281.00000
57.85000	272.00000
57.85500	261.00000
57.86000	269.00000
57.86500	284.00000
57.87000	283.00000
57.87500	289.00000
57.88000	280.00000
57.88500	288.00000
57.89000	294.00000
57.89500	288.00000
57.90000	291.00000
57.90500	300.00000
57.91000	294.00000
57.91500	283.00000
57.92000	295.00000
57.92500	280.00000
57.93000	269.00000
57.93500	290.00000
57.94000	307.00000
57.94500	296.00000
57.95000	295.00000
57.95500	286.00000
57.96000	267.00000
57.96500	268.00000
57.97000	274.00000
57.97500	292.00000
57.98000	291.00000
57.98500	267.00000
57.99000	252.00000
57.99500	265.00000
58.00000	282.00000
58.00500	275.00000
58.01000	276.00000
58.01500	268.00000
58.02000	281.00000
58.02500	263.00000
58.03000	250.00000
58.03500	271.00000
58.04000	266.00000
58.04500	269.00000
58.05000	268.00000
58.05500	270.00000
58.06000	293.00000
58.06500	288.00000
58.07000	281.00000
58.07500	278.00000
58.08000	276.00000
58.08500	278.00000
58.09000	268.00000
58.09500	258.00000
58.10000	256.00000
58.10500	270.00000
58.11000	288.00000
58.11500	285.00000
58.12000	281.00000
58.12500	257.00000
58.13000	250.00000
58.13500	256.00000
58.14000	259.00000
58.14500	262.00000
58.15000	258.00000
58.15500	265.00000
58.16000	264.00000
58.16500	267.00000
58.17000	254.00000
58.17500	262.00000
58.18000	265.00000
58.18500	266.00000
58.19000	255.00000
58.19500	252.00000
58.20000	275.00000
58.20500	262.00000
58.21000	270.00000
58.21500	281.00000
58.22000	267.00000
58.22500	249.00000
58.23000	240.00000
58.23500	256.00000
58.24000	266.00000
58.24500	267.00000
58.25000	269.00000
58.25500	265.00000
58.26000	263.00000
58.26500	259.00000
58.27000	271.00000
58.27500	276.00000
58.28000	292.00000
58.28500	313.00000
58.29000	303.00000
58.29500	283.00000
58.30000	272.00000
58.30500	287.00000
58.31000	289.00000
58.31500	285.00000
58.32000	307.00000
58.32500	321.00000
58.33000	280.00000
58.33500	295.00000
58.34000	304.00000
58.34500	333.00000
58.35000	333.00000
58.35500	317.00000
58.36000	322.00000
58.36500	333.00000
58.37000	339.00000
58.37500	342.00000
58.38000	372.00000
58.38500	357.00000
58.39000	366.00000
58.39500	379.00000
58.40000	384.00000
58.40500	383.00000
58.41000	375.00000
58.41500	370.00000
58.42000	373.00000
58.42500	402.00000
58.43000	396.00000
58.43500	428.00000
58.44000	430.00000
58.44500	449.00000
58.45000	484.00000
58.45500	470.00000
58.46000	450.00000
58.46500	459.00000
58.47000	462.00000
58.47500	506.00000
58.48000	495.00000
58.48500	487.00000
58.49000	486.00000
58.49500	486.00000
58.50000	487.00000
58.50500	504.00000
58.51000	493.00000
58.51500	486.00000
58.52000	494.00000
58.52500	474.00000
58.53000	490.00000
58.53500	510.00000
58.54000	480.00000
58.54500	490.00000
58.55000	470.00000
58.55500	465.00000
58.56000	445.00000
58.56500	457.00000
58.57000	454.00000
58.57500	446.00000
58.58000	428.00000
58.58500	430.00000
58.59000	412.00000
58.59500	398.00000
58.60000	401.00000
58.60500	417.00000
58.61000	455.00000
58.61500	417.00000
58.62000	389.00000
58.62500	347.00000
58.63000	368.00000
58.63500	393.00000
58.64000	361.00000
58.64500	353.00000
58.65000	385.00000
58.65500	374.00000
58.66000	362.00000
58.66500	330.00000
58.67000	335.00000
58.67500	336.00000
58.68000	340.00000
58.68500	329.00000
58.69000	336.00000
58.69500	351.00000
58.70000	325.00000
58.70500	325.00000
58.71000	333.00000
58.71500	308.00000
58.72000	300.00000
58.72500	290.00000
58.73000	283.00000
58.73500	286.00000
58.74000	281.00000
58.74500	287.00000
58.75000	298.00000
58.75500	279.00000
58.76000	282.00000
58.76500	274.00000
58.77000	290.00000
58.77500	291.00000
58.78000	288.00000
58.78500	271.00000
58.79000	260.00000
58.79500	260.00000
58.80000	258.00000
58.80500	263.00000
58.81000	269.00000
58.81500	266.00000
58.82000	269.00000
58.82500	271.00000
58.83000	275.00000
58.83500	296.00000
58.84000	291.00000
58.84500	283.00000
58.85000	285.00000
58.85500	280.00000
58.86000	279.00000
58.86500	286.00000
58.87000	279.00000
58.87500	281.00000
58.88000	281.00000
58.88500	270.00000
58.89000	266.00000
58.89500	266.00000
58.90000	273.00000
58.90500	267.00000
58.91000	269.00000
58.91500	270.00000
58.92000	284.00000
58.92500	273.00000
58.93000	255.00000
58.93500	290.00000
58.94000	300.00000
58.94500	296.00000
58.95000	283.00000
58.95500	265.00000
58.96000	272.00000
58.96500	287.00000
58.97000	302.00000
58.97500	298.00000
58.98000	328.00000
58.98500	308.00000
58.99000	283.00000
58.99500	285.00000
59.00000	284.00000
59.00500	289.00000
59.01000	294.00000
59.01500	286.00000
59.02000	294.00000
59.02500	277.00000
59.03000	287.00000
59.03500	341.00000
59.04000	308.00000
59.04500	328.00000
59.05000	350.00000
59.05500	356.00000
59.06000	346.00000
59.06500	319.00000
59.07000	317.00000
59.07500	357.00000
59.08000	354.00000
59.08500	336.00000
59.09000	325.00000
59.09500	323.00000
59.10000	340.00000
59.10500	375.00000
59.11000	366.00000
59.11500	358.00000
59.12000	364.00000
59.12500	369.00000
59.13000	388.00000
59.13500	409.00000
59.14000	384.00000
59.14500	389.00000
59.15000	386.00000
59.15500	388.00000
59.16000	388.00000
59.16500	395.00000
59.17000	420.00000
59.17500	473.00000
59.18000	460.00000
59.18500	423.00000
59.19000	450.00000
59.19500	484.00000
59.20000	506.00000
59.20500	504.00000
59.21000	522.00000
59.21500	534.00000
59.22000	555.00000
59.22500	562.00000
59.23000	537.00000
59.23500	598.00000
59.24000	668.00000
59.24500	677.00000
59.25000	663.00000
59.25500	661.00000
59.26000	692.00000
59.26500	682.00000
59.27000	708.00000
59.27500	735.00000
59.28000	746.00000
59.28500	770.00000
59.29000	820.00000
59.29500	827.00000
59.30000	880.00000
59.30500	903.00000
59.31000	856.00000
59.31500	871.00000
59.32000	988.00000
59.32500	966.00000
59.33000	928.00000
59.33500	948.00000
59.34000	982.00000
59.34500	1033.00000
59.35000	1042.00000
59.35500	1073.00000
59.36000	1060.00000
59.36500	1035.00000
59.37000	986.00000
59.37500	1037.00000
59.38000	1109.00000
59.38500	1118.00000
59.39000	1099.00000
59.39500	1124.00000
59.40000	1125.00000
59.40500	1102.00000
59.41000	1076.00000
59.41500	1065.00000
59.42000	1043.00000
59.42500	1052.00000
59.43000	996.00000
59.43500	1040.00000
59.44000	1032.00000
59.44500	1031.00000
59.45000	1011.00000
59.45500	981.00000
59.46000	998.00000
59.46500	980.00000
59.47000	933.00000
59.47500	915.00000
59.48000	902.00000
59.48500	872.00000
59.49000	797.00000
59.49500	783.00000
59.50000	795.00000
59.50500	774.00000
59.51000	776.00000
59.51500	767.00000
59.52000	761.00000
59.52500	701.00000
59.53000	710.00000
59.53500	716.00000
59.54000	723.00000
59.54500	715.00000
59.55000	664.00000
59.55500	637.00000
59.56000	623.00000
59.56500	604.00000
59.57000	708.00000
59.57500	647.00000
59.58000	640.00000
59.58500	620.00000
59.59000	582.00000
59.59500	578.00000
59.60000	562.00000
59.60500	530.00000
59.61000	503.00000
59.61500	477.00000
59.62000	483.00000
59.62500	458.00000
59.63000	440.00000
59.63500	453.00000
59.64000	467.00000
59.64500	475.00000
59.65000	442.00000
59.65500	440.00000
59.66000	467.00000
59.66500	475.00000
59.67000	461.00000
59.67500	452.00000
59.68000	437.00000
59.68500	445.00000
59.69000	411.00000
59.69500	398.00000
59.70000	409.00000
59.70500	412.00000
59.71000	397.00000
59.71500	370.00000
59.72000	378.00000
59.72500	370.00000
59.73000	344.00000
59.73500	340.00000
59.74000	337.00000
59.74500	369.00000
59.75000	385.00000
59.75500	366.00000
59.76000	336.00000
59.76500	317.00000
59.77000	302.00000
59.77500	308.00000
59.78000	314.00000
59.78500	318.00000
59.79000	322.00000
59.79500	313.00000
59.80000	326.00000
59.80500	329.00000
59.81000	315.00000
59.81500	301.00000
59.82000	301.00000
59.82500	294.00000
59.83000	297.00000
59.83500	339.00000
59.84000	305.00000
59.84500	295.00000
59.85000	328.00000
59.85500	312.00000
59.86000	307.00000
59.86500	300.00000
59.87000	284.00000
59.87500	284.00000
59.88000	295.00000
59.88500	292.00000
59.89000	311.00000
59.89500	304.00000
59.90000	277.00000
59.90500	278.00000
59.91000	281.00000
59.91500	273.00000
59.92000	270.00000
59.92500	258.00000
59.93000	247.00000
59.93500	275.00000
59.94000	265.00000
59.94500	263.00000
59.95000	266.00000
59.95500	258.00000
59.96000	249.00000
59.96500	235.00000
59.97000	232.00000
59.97500	290.00000
59.98000	321.00000
59.98500	289.00000
59.99000	272.00000
59.99500	250.00000
60.00000	240.00000
60.00500	250.00000
60.01000	267.00000
60.01500	265.00000
60.02000	269.00000
60.02500	263.00000
60.03000	245.00000
60.03500	259.00000
60.04000	254.00000
60.04500	256.00000
60.05000	249.00000
60.05500	258.00000
60.06000	271.00000
60.06500	256.00000
60.07000	263.00000
60.07500	253.00000
60.08000	262.00000
60.08500	263.00000
60.09000	268.00000
60.09500	267.00000
60.10000	257.00000
60.10500	247.00000
60.11000	259.00000
60.11500	260.00000
60.12000	266.00000
60.12500	252.00000
60.13000	254.00000
60.13500	264.00000
60.14000	256.00000
60.14500	257.00000
60.15000	260.00000
60.15500	248.00000
60.16000	258.00000
60.16500	257.00000
60.17000	236.00000
60.17500	245.00000
60.18000	258.00000
60.18500	247.00000
60.19000	242.00000
60.19500	256.00000
60.20000	251.00000
60.20500	256.00000
60.21000	248.00000
60.21500	244.00000
60.22000	256.00000
60.22500	242.00000
60.23000	293.00000
60.23500	286.00000
60.24000	265.00000
60.24500	286.00000
60.25000	276.00000
60.25500	269.00000
60.26000	285.00000
60.26500	290.00000
60.27000	306.00000
60.27500	304.00000
60.28000	289.00000
60.28500	293.00000
60.29000	288.00000
60.29500	297.00000
60.30000	285.00000
60.30500	309.00000
60.31000	310.00000
60.31500	305.00000
60.32000	317.00000
60.32500	277.00000
60.33000	268.00000
60.33500	294.00000
60.34000	301.00000
60.34500	291.00000
60.35000	293.00000
60.35500	304.00000
60.36000	283.00000
60.36500	268.00000
60.37000	273.00000
60.37500	275.00000
60.38000	271.00000
60.38500	266.00000
60.39000	281.00000
60.39500	300.00000
60.40000	287.00000
60.40500	291.00000
60.41000	290.00000
60.41500	274.00000
60.42000	294.00000
60.42500	295.00000
60.43000	269.00000
60.43500	289.00000
60.44000	287.00000
60.44500	289.00000
60.45000	295.00000
60.45500	279.00000
60.46000	324.00000
60.46500	301.00000
60.47000	290.00000
60.47500	293.00000
60.48000	289.00000
60.48500	286.00000
60.49000	288.00000
60.49500	279.00000
60.50000	279.00000
60.50500	290.00000
60.51000	278.00000
60.51500	278.00000
60.52000	298.00000
60.52500	271.00000
60.53000	285.00000
60.53500	290.00000
60.54000	274.00000
60.54500	270.00000
60.55000	261.00000
60.55500	258.00000
60.56000	267.00000
60.56500	251.00000
60.57000	252.00000
60.57500	268.00000
60.58000	281.00000
60.58500	274.00000
60.59000	263.00000
60.59500	266.00000
60.60000	260.00000
60.60500	259.00000
60.61000	278.00000
60.61500	254.00000
60.62000	245.00000
60.62500	232.00000
60.63000	232.00000
60.63500	255.00000
60.64000	260.00000
60.64500	264.00000
60.65000	253.00000
60.65500	260.00000
60.66000	280.00000
60.66500	274.00000
60.67000	269.00000
60.67500	278.00000
60.68000	271.00000
60.68500	251.00000
60.69000	247.00000
60.69500	257.00000
60.70000	252.00000
60.70500	277.00000
60.71000	269.00000
60.71500	253.00000
60.72000	274.00000
60.72500	266.00000
60.73000	246.00000
60.73500	248.00000
60.74000	256.00000
60.74500	254.00000
60.75000	255.00000
60.75500	241.00000
60.76000	251.00000
60.76500	251.00000
60.77000	260.00000
60.77500	260.00000
60.78000	270.00000
60.78500	264.00000
60.79000	253.00000
60.79500	256.00000
60.80000	251.00000
60.80500	249.00000
60.81000	249.00000
60.81500	237.00000
60.82000	242.00000
60.82500	229.00000
60.83000	236.00000
60.83500	257.00000
60.84000	246.00000
60.84500	260.00000
60.85000	259.00000
60.85500	242.00000
60.86000	261.00000
60.86500	250.00000
60.87000	242.00000
60.87500	242.00000
60.88000	238.00000
60.88500	239.00000
60.89000	241.00000
60.89500	256.00000
60.90000	258.00000
60.90500	263.00000
60.91000	259.00000
60.91500	244.00000
60.92000	243.00000
60.92500	237.00000
60.93000	232.00000
60.93500	259.00000
60.94000	274.00000
60.94500	283.00000
60.95000	269.00000
60.95500	260.00000
60.96000	256.00000
60.96500	246.00000
60.97000	243.00000
60.97500	254.00000
60.98000	262.00000
60.98500	247.00000
60.99000	240.00000
60.99500	236.00000
61.00000	250.00000
61.00500	264.00000
61.01000	269.00000
61.01500	267.00000
61.02000	274.00000
61.02500	268.00000
61.03000	268.00000
61.03500	275.00000
61.04000	268.00000
61.04500	267.00000
61.05000	263.00000
61.05500	264.00000
61.06000	264.00000
61.06500	267.00000
61.07000	278.00000
61.07500	298.00000
61.08000	296.00000
61.08500	281.00000
61.09000	293.00000
61.09500	292.00000
61.10000	272.00000
61.10500	275.00000
61.11000	304.00000
61.11500	335.00000
61.12000	323.00000
61.12500	293.00000
61.13000	299.00000
61.13500	308.00000
61.14000	331.00000
61.14500	336.00000
61.15000	325.00000
61.15500	312.00000
61.16000	310.00000
61.16500	332.00000
61.17000	327.00000
61.17500	315.00000
61.18000	350.00000
61.18500	352.00000
61.19000	355.00000
61.19500	329.00000
61.20000	329.00000
61.20500	344.00000
61.21000	352.00000
61.21500	349.00000
61.22000	370.00000
61.22500	368.00000
61.23000	338.00000
61.23500	377.00000
61.24000	395.00000
61.24500	404.00000
61.25000	396.00000
61.25500	398.00000
61.26000	420.00000
61.26500	419.00000
61.27000	407.00000
61.27500	401.00000
61.28000	410.00000
61.28500	409.00000
61.29000	398.00000
61.29500	409.00000
61.30000	436.00000
61.30500	428.00000
61.31000	410.00000
61.31500	401.00000
61.32000	466.00000
61.32500	456.00000
61.33000	452.00000
61.33500	432.00000
61.34000	434.00000
61.34500	418.00000
61.35000	427.00000
61.35500	413.00000
61.36000	420.00000
61.36500	419.00000
61.37000	414.00000
61.37500	463.00000
61.38000	460.00000
61.38500	467.00000
61.39000	465.00000
61.39500	450.00000
61.40000	451.00000
61.40500	456.00000
61.41000	460.00000
61.41500	465.00000
61.42000	432.00000
61.42500	435.00000
61.43000	440.00000
61.43500	465.00000
61.44000	466.00000
61.44500	444.00000
61.45000	432.00000
61.45500	418.00000
61.46000	430.00000
61.46500	444.00000
61.47000	434.00000
61.47500	439.00000
61.48000	441.00000
61.48500	416.00000
61.49000	430.00000
61.49500	460.00000
61.50000	438.00000
61.50500	419.00000
61.51000	418.00000
61.51500	387.00000
61.52000	382.00000
61.52500	387.00000
61.53000	367.00000
61.53500	368.00000
61.54000	389.00000
61.54500	407.00000
61.55000	396.00000
61.55500	408.00000
61.56000	404.00000
61.56500	370.00000
61.57000	381.00000
61.57500	421.00000
61.58000	397.00000
61.58500	381.00000
61.59000	379.00000
61.59500	384.00000
61.60000	391.00000
61.60500	400.00000
61.61000	416.00000
61.61500	408.00000
61.62000	388.00000
61.62500	401.00000
61.63000	408.00000
61.63500	398.00000
61.64000	385.00000
61.64500	412.00000
61.65000	422.00000
61.65500	397.00000
61.66000	404.00000
61.66500	428.00000
61.67000	436.00000
61.67500	418.00000
61.68000	400.00000
61.68500	392.00000
61.69000	388.00000
61.69500	389.00000
61.70000	405.00000
61.70500	408.00000
61.71000	395.00000
61.71500	393.00000
61.72000	401.00000
61.72500	417.00000
61.73000	415.00000
61.73500	430.00000
61.74000	409.00000
61.74500	419.00000
61.75000	418.00000
61.75500	413.00000
61.76000	431.00000
61.76500	454.00000
61.77000	458.00000
61.77500	462.00000
61.78000	426.00000
61.78500	415.00000
61.79000	417.00000
61.79500	450.00000
61.80000	464.00000
61.80500	484.00000
61.81000	456.00000
61.81500	451.00000
61.82000	477.00000
61.82500	493.00000
61.83000	491.00000
61.83500	520.00000
61.84000	545.00000
61.84500	538.00000
61.85000	542.00000
61.85500	540.00000
61.86000	526.00000
61.86500	554.00000
61.87000	592.00000
61.87500	580.00000
61.88000	556.00000
61.88500	586.00000
61.89000	598.00000
61.89500	586.00000
61.90000	598.00000
61.90500	603.00000
61.91000	605.00000
61.91500	613.00000
61.92000	631.00000
61.92500	637.00000
61.93000	629.00000
61.93500	657.00000
61.94000	670.00000
61.94500	656.00000
61.95000	718.00000
61.95500	693.00000
61.96000	674.00000
61.96500	670.00000
61.97000	707.00000
61.97500	698.00000
61.98000	695.00000
61.98500	696.00000
61.99000	706.00000
61.99500	675.00000
62.00000	681.00000
62.00500	706.00000
62.01000	723.00000
62.01500	693.00000
62.02000	750.00000
62.02500	685.00000
62.03000	690.00000
62.03500	675.00000
62.04000	686.00000
62.04500	656.00000
62.05000	641.00000
62.05500	630.00000
62.06000	655.00000
62.06500	650.00000
62.07000	608.00000
62.07500	576.00000
62.08000	547.00000
62.08500	542.00000
62.09000	552.00000
62.09500	534.00000
62.10000	557.00000
62.10500	547.00000
62.11000	525.00000
62.11500	501.00000
62.12000	483.00000
62.12500	460.00000
62.13000	431.00000
62.13500	441.00000
62.14000	430.00000
62.14500	410.00000
62.15000	386.00000
62.15500	394.00000
62.16000	389.00000
62.16500	373.00000
62.17000	347.00000
62.17500	348.00000
62.18000	347.00000
62.18500	359.00000
62.19000	349.00000
62.19500	364.00000
62.20000	348.00000
62.20500	332.00000
62.21000	348.00000
62.21500	316.00000
62.22000	318.00000
62.22500	315.00000
62.23000	307.00000
62.23500	338.00000
62.24000	311.00000
62.24500	293.00000
62.25000	281.00000
62.25500	268.00000
62.26000	280.00000
62.26500	277.00000
62.27000	269.00000
62.27500	277.00000
62.28000	294.00000
62.28500	293.00000
62.29000	278.00000
62.29500	264.00000
62.30000	255.00000
62.30500	260.00000
62.31000	268.00000
62.31500	267.00000
62.32000	284.00000
62.32500	265.00000
62.33000	253.00000
62.33500	263.00000
62.34000	256.00000
62.34500	239.00000
62.35000	238.00000
62.35500	231.00000
62.36000	234.00000
62.36500	225.00000
62.37000	225.00000
62.37500	232.00000
62.38000	230.00000
62.38500	231.00000
62.39000	233.00000
62.39500	236.00000
62.40000	254.00000
62.40500	260.00000
62.41000	247.00000
62.41500	253.00000
62.42000	246.00000
62.42500	220.00000
62.43000	226.00000
62.43500	235.00000
62.44000	237.00000
62.44500	241.00000
62.45000	245.00000
62.45500	235.00000
62.46000	235.00000
62.46500	233.00000
62.47000	234.00000
62.47500	240.00000
62.48000	242.00000
62.48500	243.00000
62.49000	232.00000
62.49500	231.00000
62.50000	236.00000
62.50500	245.00000
62.51000	242.00000
62.51500	241.00000
62.52000	266.00000
62.52500	244.00000
62.53000	221.00000
62.53500	240.00000
62.54000	243.00000
62.54500	246.00000
62.55000	245.00000
62.55500	233.00000
62.56000	226.00000
62.56500	210.00000
62.57000	213.00000
62.57500	231.00000
62.58000	233.00000
62.58500	232.00000
62.59000	219.00000
62.59500	219.00000
62.60000	219.00000
62.60500	222.00000
62.61000	228.00000
62.61500	239.00000
62.62000	228.00000
62.62500	215.00000
62.63000	206.00000
62.63500	221.00000
62.64000	229.00000
62.64500	243.00000
62.65000	237.00000
62.65500	222.00000
62.66000	234.00000
62.66500	236.00000
62.67000	222.00000
62.67500	231.00000
62.68000	234.00000
62.68500	232.00000
62.69000	231.00000
62.69500	229.00000
62.70000	224.00000
62.70500	224.00000
62.71000	223.00000
62.71500	227.00000
62.72000	227.00000
62.72500	218.00000
62.73000	213.00000
62.73500	236.00000
62.74000	236.00000
62.74500	238.00000
62.75000	236.00000
62.75500	265.00000
62.76000	247.00000
62.76500	240.00000
62.77000	228.00000
62.77500	230.00000
62.78000	242.00000
62.78500	232.00000
62.79000	230.00000
62.79500	228.00000
62.80000	227.00000
62.80500	219.00000
62.81000	221.00000
62.81500	223.00000
62.82000	226.00000
62.82500	225.00000
62.83000	218.00000
62.83500	232.00000
62.84000	235.00000
62.84500	233.00000
62.85000	243.00000
62.85500	237.00000
62.86000	247.00000
62.86500	241.00000
62.87000	222.00000
62.87500	239.00000
62.88000	242.00000
62.88500	235.00000
62.89000	241.00000
62.89500	238.00000
62.90000	228.00000
62.90500	239.00000
62.91000	250.00000
62.91500	240.00000
62.92000	235.00000
62.92500	224.00000
62.93000	214.00000
62.93500	249.00000
62.94000	251.00000
62.94500	247.00000
62.95000	227.00000
62.95500	243.00000
62.96000	277.00000
62.96500	249.00000
62.97000	226.00000
62.97500	234.00000
62.98000	246.00000
62.98500	234.00000
62.99000	233.00000
62.99500	233.00000
63.00000	234.00000
63.00500	268.00000
63.01000	272.00000
63.01500	258.00000
63.02000	245.00000
63.02500	233.00000
63.03000	225.00000
63.03500	268.00000
63.04000	250.00000
63.04500	238.00000
63.05000	239.00000
63.05500	226.00000
63.06000	225.00000
63.06500	221.00000
63.07000	218.00000
63.07500	227.00000
63.08000	239.00000
63.08500	230.00000
63.09000	234.00000
63.09500	235.00000
63.10000	258.00000
63.10500	249.00000
63.11000	239.00000
63.11500	230.00000
63.12000	233.00000
63.12500	220.00000
63.13000	207.00000
63.13500	222.00000
63.14000	236.00000
63.14500	242.00000
63.15000	239.00000
63.15500	220.00000
63.16000	221.00000
63.16500	230.00000
63.17000	219.00000
63.17500	229.00000
63.18000	236.00000
63.18500	230.00000
63.19000	224.00000
63.19500	219.00000
63.20000	249.00000
63.20500	246.00000
63.21000	238.00000
63.21500	229.00000
63.22000	233.00000
63.22500	255.00000
63.23000	247.00000
63.23500	257.00000
63.24000	257.00000
63.24500	261.00000
63.25000	259.00000
63.25500	262.00000
63.26000	269.00000
63.26500	243.00000
63.27000	235.00000
63.27500	243.00000
63.28000	257.00000
63.28500	242.00000
63.29000	237.00000
63.29500	251.00000
63.30000	258.00000
63.30500	265.00000
63.31000	265.00000
63.31500	249.00000
63.32000	242.00000
63.32500	247.00000
63.33000	231.00000
63.33500	245.00000
63.34000	252.00000
63.34500	262.00000
63.35000	257.00000
63.35500	239.00000
63.36000	246.00000
63.36500	251.00000
63.37000	256.00000
63.37500	254.00000
63.38000	252.00000
63.38500	261.00000
63.39000	253.00000
63.39500	243.00000
63.40000	281.00000
63.40500	297.00000
63.41000	277.00000
63.41500	262.00000
63.42000	265.00000
63.42500	264.00000
63.43000	236.00000
63.43500	253.00000
63.44000	258.00000
63.44500	274.00000
63.45000	277.00000
63.45500	271.00000
63.46000	275.00000
63.46500	264.00000
63.47000	269.00000
63.47500	269.00000
63.48000	262.00000
63.48500	274.00000
63.49000	258.00000
63.49500	260.00000
63.50000	256.00000
63.50500	262.00000
63.51000	260.00000
63.51500	257.00000
63.52000	246.00000
63.52500	248.00000
63.53000	238.00000
63.53500	260.00000
63.54000	254.00000
63.54500	259.00000
63.55000	242.00000
63.55500	245.00000
63.56000	246.00000
63.56500	262.00000
63.57000	266.00000
63.57500	259.00000
63.58000	262.00000
63.58500	259.00000
63.59000	305.00000
63.59500	264.00000
63.60000	254.00000
63.60500	268.00000
63.61000	252.00000
63.61500	237.00000
63.62000	245.00000
63.62500	240.00000
63.63000	249.00000
63.63500	252.00000
63.64000	247.00000
63.64500	252.00000
63.65000	261.00000
63.65500	245.00000
63.66000	253.00000
63.66500	260.00000
63.67000	247.00000
63.67500	248.00000
63.68000	259.00000
63.68500	259.00000
63.69000	242.00000
63.69500	244.00000
63.70000	245.00000
63.70500	260.00000
63.71000	252.00000
63.71500	239.00000
63.72000	248.00000
63.72500	234.00000
63.73000	234.00000
63.73500	250.00000
63.74000	243.00000
63.74500	236.00000
63.75000	233.00000
63.75500	221.00000
63.76000	230.00000
63.76500	224.00000
63.77000	223.00000
63.77500	226.00000
63.78000	235.00000
63.78500	243.00000
63.79000	238.00000
63.79500	232.00000
63.80000	240.00000
63.80500	255.00000
63.81000	265.00000
63.81500	257.00000
63.82000	245.00000
63.82500	218.00000
63.83000	217.00000
63.83500	235.00000
63.84000	237.00000
63.84500	237.00000
63.85000	253.00000
63.85500	248.00000
63.86000	243.00000
63.86500	247.00000
63.87000	248.00000
63.87500	242.00000
63.88000	266.00000
63.88500	253.00000
63.89000	237.00000
63.89500	227.00000
63.90000	219.00000
63.90500	234.00000
63.91000	232.00000
63.91500	233.00000
63.92000	244.00000
63.92500	234.00000
63.93000	227.00000
63.93500	234.00000
63.94000	246.00000
63.94500	252.00000
63.95000	243.00000
63.95500	235.00000
63.96000	227.00000
63.96500	227.00000
63.97000	229.00000
63.97500	262.00000
63.98000	244.00000
63.98500	231.00000
63.99000	232.00000
63.99500	214.00000
64.00000	218.00000
64.00500	230.00000
64.01000	235.00000
64.01500	231.00000
64.02000	237.00000
64.02500	230.00000
64.03000	227.00000
64.03500	239.00000
64.04000	241.00000
64.04500	246.00000
64.05000	246.00000
64.05500	241.00000
64.06000	244.00000
64.06500	230.00000
64.07000	229.00000
64.07500	238.00000
64.08000	239.00000
64.08500	234.00000
64.09000	242.00000
64.09500	240.00000
64.10000	239.00000
64.10500	261.00000
64.11000	273.00000
64.11500	269.00000
64.12000	263.00000
64.12500	251.00000
64.13000	240.00000
64.13500	271.00000
64.14000	264.00000
64.14500	260.00000
64.15000	247.00000
64.15500	247.00000
64.16000	239.00000
64.16500	234.00000
64.17000	234.00000
64.17500	241.00000
64.18000	256.00000
64.18500	262.00000
64.19000	263.00000
64.19500	261.00000
64.20000	266.00000
64.20500	272.00000
64.21000	279.00000
64.21500	272.00000
64.22000	276.00000
64.22500	263.00000
64.23000	260.00000
64.23500	284.00000
64.24000	293.00000
64.24500	327.00000
64.25000	300.00000
64.25500	290.00000
64.26000	311.00000
64.26500	301.00000
64.27000	288.00000
64.27500	289.00000
64.28000	314.00000
64.28500	323.00000
64.29000	317.00000
64.29500	322.00000
64.30000	348.00000
64.30500	361.00000
64.31000	372.00000
64.31500	338.00000
64.32000	362.00000
64.32500	341.00000
64.33000	339.00000
64.33500	355.00000
64.34000	329.00000
64.34500	358.00000
64.35000	388.00000
64.35500	354.00000
64.36000	328.00000
64.36500	320.00000
64.37000	328.00000
64.37500	342.00000
64.38000	355.00000
64.38500	355.00000
64.39000	327.00000
64.39500	339.00000
64.40000	346.00000
64.40500	342.00000
64.41000	319.00000
64.41500	309.00000
64.42000	326.00000
64.42500	314.00000
64.43000	316.00000
64.43500	320.00000
64.44000	336.00000
64.44500	350.00000
64.45000	326.00000
64.45500	314.00000
64.46000	307.00000
64.46500	303.00000
64.47000	321.00000
64.47500	310.00000
64.48000	303.00000
64.48500	294.00000
64.49000	301.00000
64.49500	293.00000
64.50000	297.00000
64.50500	305.00000
64.51000	312.00000
64.51500	313.00000
64.52000	330.00000
64.52500	299.00000
64.53000	300.00000
64.53500	309.00000
64.54000	304.00000
64.54500	312.00000
64.55000	304.00000
64.55500	305.00000
64.56000	329.00000
64.56500	304.00000
64.57000	331.00000
64.57500	342.00000
64.58000	340.00000
64.58500	337.00000
64.59000	319.00000
64.59500	315.00000
64.60000	328.00000
64.60500	327.00000
64.61000	325.00000
64.61500	344.00000
64.62000	369.00000
64.62500	355.00000
64.63000	354.00000
64.63500	367.00000
64.64000	369.00000
64.64500	379.00000
64.65000	379.00000
64.65500	361.00000
64.66000	367.00000
64.66500	371.00000
64.67000	435.00000
64.67500	399.00000
64.68000	406.00000
64.68500	400.00000
64.69000	373.00000
64.69500	386.00000
64.70000	376.00000
64.70500	386.00000
64.71000	379.00000
64.71500	384.00000
64.72000	381.00000
64.72500	371.00000
64.73000	366.00000
64.73500	354.00000
64.74000	394.00000
64.74500	402.00000
64.75000	377.00000
64.75500	374.00000
64.76000	376.00000
64.76500	372.00000
64.77000	390.00000
64.77500	404.00000
64.78000	413.00000
64.78500	393.00000
64.79000	389.00000
64.79500	374.00000
64.80000	366.00000
64.80500	416.00000
64.81000	393.00000
64.81500	363.00000
64.82000	370.00000
64.82500	363.00000
64.83000	368.00000
64.83500	382.00000
64.84000	411.00000
64.84500	405.00000
64.85000	395.00000
64.85500	370.00000
64.86000	381.00000
64.86500	387.00000
64.87000	378.00000
64.87500	372.00000
64.88000	358.00000
64.88500	350.00000
64.89000	352.00000
64.89500	349.00000
64.90000	343.00000
64.90500	359.00000
64.91000	358.00000
64.91500	344.00000
64.92000	334.00000
64.92500	295.00000
64.93000	278.00000
64.93500	296.00000
64.94000	303.00000
64.94500	314.00000
64.95000	311.00000
64.95500	303.00000
64.96000	316.00000
64.96500	317.00000
64.97000	299.00000
64.97500	292.00000
64.98000	279.00000
64.98500	275.00000
64.99000	273.00000
64.99500	268.00000
65.00000	262.00000
65.00500	286.00000
65.01000	300.00000
65.01500	297.00000
65.02000	290.00000
65.02500	277.00000
65.03000	269.00000
65.03500	284.00000
65.04000	293.00000
65.04500	281.00000
65.05000	283.00000
65.05500	277.00000
65.06000	287.00000
65.06500	298.00000
65.07000	290.00000
65.07500	281.00000
65.08000	281.00000
65.08500	262.00000
65.09000	273.00000
65.09500	259.00000
65.10000	279.00000
65.10500	284.00000
65.11000	266.00000
65.11500	277.00000
65.12000	286.00000
65.12500	256.00000
65.13000	238.00000
65.13500	247.00000
65.14000	234.00000
65.14500	243.00000
65.15000	242.00000
65.15500	247.00000
65.16000	243.00000
65.16500	239.00000
65.17000	237.00000
65.17500	242.00000
65.18000	248.00000
65.18500	252.00000
65.19000	243.00000
65.19500	247.00000
65.20000	246.00000
65.20500	250.00000
65.21000	244.00000
65.21500	234.00000
65.22000	236.00000
65.22500	228.00000
65.23000	241.00000
65.23500	250.00000
65.24000	244.00000
65.24500	245.00000
65.25000	251.00000
65.25500	256.00000
65.26000	247.00000
65.26500	241.00000
65.27000	249.00000
65.27500	251.00000
65.28000	261.00000
65.28500	265.00000
65.29000	256.00000
65.29500	248.00000
65.30000	266.00000
65.30500	288.00000
65.31000	270.00000
65.31500	260.00000
65.32000	251.00000
65.32500	237.00000
65.33000	239.00000
65.33500	252.00000
65.34000	251.00000
65.34500	256.00000
65.35000	264.00000
65.35500	246.00000
65.36000	246.00000
65.36500	239.00000
65.37000	234.00000
65.37500	241.00000
65.38000	242.00000
65.38500	241.00000
65.39000	247.00000
65.39500	256.00000
65.40000	269.00000
65.40500	280.00000
65.41000	271.00000
65.41500	314.00000
65.42000	289.00000
65.42500	265.00000
65.43000	282.00000
65.43500	277.00000
65.44000	260.00000
65.44500	259.00000
65.45000	255.00000
65.45500	274.00000
65.46000	276.00000
65.46500	245.00000
65.47000	249.00000
65.47500	269.00000
65.48000	275.00000
65.48500	272.00000
65.49000	263.00000
65.49500	242.00000
65.50000	244.00000
65.50500	244.00000
65.51000	251.00000
65.51500	236.00000
65.52000	244.00000
65.52500	239.00000
65.53000	229.00000
65.53500	243.00000
65.54000	259.00000
65.54500	252.00000
65.55000	250.00000
65.55500	248.00000
65.56000	237.00000
65.56500	240.00000
65.57000	239.00000
65.57500	234.00000
65.58000	246.00000
65.58500	238.00000
65.59000	239.00000
65.59500	236.00000
65.60000	232.00000
65.60500	240.00000
65.61000	248.00000
65.61500	236.00000
65.62000	238.00000
65.62500	229.00000
65.63000	232.00000
65.63500	264.00000
65.64000	252.00000
65.64500	264.00000
65.65000	251.00000
65.65500	252.00000
65.66000	251.00000
65.66500	245.00000
65.67000	233.00000
65.67500	244.00000
65.68000	243.00000
65.68500	237.00000
65.69000	235.00000
65.69500	240.00000
65.70000	240.00000
65.70500	236.00000
65.71000	240.00000
65.71500	228.00000
65.72000	227.00000
65.72500	232.00000
65.73000	223.00000
65.73500	249.00000
65.74000	246.00000
65.74500	239.00000
65.75000	235.00000
65.75500	238.00000
65.76000	242.00000
65.76500	241.00000
65.77000	226.00000
65.77500	224.00000
65.78000	253.00000
65.78500	266.00000
65.79000	258.00000
65.79500	261.00000
65.80000	250.00000
65.80500	253.00000
65.81000	254.00000
65.81500	238.00000
65.82000	240.00000
65.82500	238.00000
65.83000	234.00000
65.83500	249.00000
65.84000	247.00000
65.84500	263.00000
65.85000	276.00000
65.85500	250.00000
65.86000	248.00000
65.86500	244.00000
65.87000	240.00000
65.87500	243.00000
65.88000	251.00000
65.88500	250.00000
65.89000	260.00000
65.89500	259.00000
65.90000	263.00000
65.90500	256.00000
65.91000	252.00000
65.91500	274.00000
65.92000	272.00000
65.92500	248.00000
65.93000	234.00000
65.93500	257.00000
65.94000	256.00000
65.94500	253.00000
65.95000	251.00000
65.95500	238.00000
65.96000	245.00000
65.96500	248.00000
65.97000	246.00000
65.97500	244.00000
65.98000	250.00000
65.98500	263.00000
65.99000	264.00000
65.99500	260.00000
66.00000	261.00000
66.00500	261.00000
66.01000	272.00000
66.01500	297.00000
66.02000	278.00000
66.02500	250.00000
66.03000	259.00000
66.03500	262.00000
66.04000	269.00000
66.04500	273.00000
66.05000	291.00000
66.05500	288.00000
66.06000	285.00000
66.06500	285.00000
66.07000	299.00000
66.07500	294.00000
66.08000	294.00000
66.08500	291.00000
66.09000	271.00000
66.09500	277.00000
66.10000	274.00000
66.10500	266.00000
66.11000	278.00000
66.11500	275.00000
66.12000	283.00000
66.12500	261.00000
66.13000	245.00000
66.13500	313.00000
66.14000	300.00000
66.14500	274.00000
66.15000	261.00000
66.15500	245.00000
66.16000	244.00000
66.16500	250.00000
66.17000	245.00000
66.17500	260.00000
66.18000	275.00000
66.18500	260.00000
66.19000	242.00000
66.19500	235.00000
66.20000	231.00000
66.20500	241.00000
66.21000	236.00000
66.21500	258.00000
66.22000	252.00000
66.22500	233.00000
66.23000	223.00000
66.23500	238.00000
66.24000	244.00000
66.24500	247.00000
66.25000	257.00000
66.25500	253.00000
66.26000	247.00000
66.26500	236.00000
66.27000	244.00000
66.27500	237.00000
66.28000	244.00000
66.28500	261.00000
66.29000	239.00000
66.29500	236.00000
66.30000	236.00000
66.30500	240.00000
66.31000	245.00000
66.31500	226.00000
66.32000	247.00000
66.32500	221.00000
66.33000	219.00000
66.33500	237.00000
66.34000	233.00000
66.34500	233.00000
66.35000	223.00000
66.35500	221.00000
66.36000	225.00000
66.36500	212.00000
66.37000	216.00000
66.37500	221.00000
66.38000	230.00000
66.38500	231.00000
66.39000	220.00000
66.39500	219.00000
66.40000	218.00000
66.40500	229.00000
66.41000	225.00000
66.41500	215.00000
66.42000	229.00000
66.42500	214.00000
66.43000	210.00000
66.43500	227.00000
66.44000	226.00000
66.44500	228.00000
66.45000	233.00000
66.45500	223.00000
66.46000	223.00000
66.46500	225.00000
66.47000	224.00000
66.47500	226.00000
66.48000	229.00000
66.48500	227.00000
66.49000	222.00000
66.49500	224.00000
66.50000	215.00000
66.50500	214.00000
66.51000	217.00000
66.51500	208.00000
66.52000	214.00000
66.52500	209.00000
66.53000	192.00000
66.53500	209.00000
66.54000	212.00000
66.54500	214.00000
66.55000	209.00000
66.55500	218.00000
66.56000	223.00000
66.56500	216.00000
66.57000	210.00000
66.57500	215.00000
66.58000	220.00000
66.58500	217.00000
66.59000	222.00000
66.59500	223.00000
66.60000	219.00000
66.60500	222.00000
66.61000	221.00000
66.61500	229.00000
66.62000	233.00000
66.62500	224.00000
66.63000	211.00000
66.63500	251.00000
66.64000	245.00000
66.64500	252.00000
66.65000	245.00000
66.65500	238.00000
66.66000	238.00000
66.66500	240.00000
66.67000	245.00000
66.67500	248.00000
66.68000	254.00000
66.68500	237.00000
66.69000	237.00000
66.69500	230.00000
66.70000	234.00000
66.70500	238.00000
66.71000	235.00000
66.71500	226.00000
66.72000	238.00000
66.72500	234.00000
66.73000	229.00000
66.73500	242.00000
66.74000	242.00000
66.74500	256.00000
66.75000	255.00000
66.75500	242.00000
66.76000	230.00000
66.76500	226.00000
66.77000	219.00000
66.77500	230.00000
66.78000	238.00000
66.78500	251.00000
66.79000	243.00000
66.79500	263.00000
66.80000	262.00000
66.80500	255.00000
66.81000	257.00000
66.81500	251.00000
66.82000	256.00000
66.82500	242.00000
66.83000	231.00000
66.83500	240.00000
66.84000	244.00000
66.84500	251.00000
66.85000	253.00000
66.85500	256.00000
66.86000	258.00000
66.86500	249.00000
66.87000	257.00000
66.87500	280.00000
66.88000	288.00000
66.88500	300.00000
66.89000	296.00000
66.89500	272.00000
66.90000	257.00000
66.90500	251.00000
66.91000	259.00000
66.91500	264.00000
66.92000	279.00000
66.92500	250.00000
66.93000	236.00000
66.93500	243.00000
66.94000	259.00000
66.94500	263.00000
66.95000	257.00000
66.95500	233.00000
66.96000	243.00000
66.96500	241.00000
66.97000	240.00000
66.97500	241.00000
66.98000	263.00000
66.98500	257.00000
66.99000	248.00000
66.99500	240.00000
67.00000	241.00000
67.00500	250.00000
67.01000	253.00000
67.01500	248.00000
67.02000	254.00000
67.02500	259.00000
67.03000	262.00000
67.03500	291.00000
67.04000	291.00000
67.04500	281.00000
67.05000	288.00000
67.05500	269.00000
67.06000	275.00000
67.06500	284.00000
67.07000	294.00000
67.07500	319.00000
67.08000	293.00000
67.08500	283.00000
67.09000	263.00000
67.09500	268.00000
67.10000	265.00000
67.10500	278.00000
67.11000	282.00000
67.11500	273.00000
67.12000	269.00000
67.12500	269.00000
67.13000	256.00000
67.13500	262.00000
67.14000	279.00000
67.14500	293.00000
67.15000	271.00000
67.15500	261.00000
67.16000	262.00000
67.16500	265.00000
67.17000	267.00000
67.17500	269.00000
67.18000	275.00000
67.18500	261.00000
67.19000	253.00000
67.19500	264.00000
67.20000	264.00000
67.20500	275.00000
67.21000	274.00000
67.21500	281.00000
67.22000	278.00000
67.22500	267.00000
67.23000	282.00000
67.23500	281.00000
67.24000	275.00000
67.24500	289.00000
67.25000	270.00000
67.25500	262.00000
67.26000	262.00000
67.26500	248.00000
67.27000	247.00000
67.27500	262.00000
67.28000	280.00000
67.28500	274.00000
67.29000	264.00000
67.29500	258.00000
67.30000	247.00000
67.30500	244.00000
67.31000	250.00000
67.31500	240.00000
67.32000	238.00000
67.32500	241.00000
67.33000	228.00000
67.33500	239.00000
67.34000	247.00000
67.34500	252.00000
67.35000	243.00000
67.35500	224.00000
67.36000	240.00000
67.36500	238.00000
67.37000	233.00000
67.37500	236.00000
67.38000	244.00000
67.38500	230.00000
67.39000	230.00000
67.39500	228.00000
67.40000	226.00000
67.40500	226.00000
67.41000	242.00000
67.41500	241.00000
67.42000	235.00000
67.42500	219.00000
67.43000	210.00000
67.43500	239.00000
67.44000	250.00000
67.44500	249.00000
67.45000	239.00000
67.45500	235.00000
67.46000	250.00000
67.46500	243.00000
67.47000	246.00000
67.47500	264.00000
67.48000	287.00000
67.48500	256.00000
67.49000	236.00000
67.49500	226.00000
67.50000	222.00000
67.50500	219.00000
67.51000	217.00000
67.51500	214.00000
67.52000	223.00000
67.52500	208.00000
67.53000	209.00000
67.53500	247.00000
67.54000	240.00000
67.54500	231.00000
67.55000	221.00000
67.55500	220.00000
67.56000	226.00000
67.56500	214.00000
67.57000	210.00000
67.57500	237.00000
67.58000	241.00000
67.58500	225.00000
67.59000	218.00000
67.59500	219.00000
67.60000	231.00000
67.60500	241.00000
67.61000	241.00000
67.61500	240.00000
67.62000	248.00000
67.62500	258.00000
67.63000	256.00000
67.63500	253.00000
67.64000	235.00000
67.64500	251.00000
67.65000	274.00000
67.65500	250.00000
67.66000	266.00000
67.66500	249.00000
67.67000	245.00000
67.67500	252.00000
67.68000	240.00000
67.68500	232.00000
67.69000	231.00000
67.69500	241.00000
67.70000	230.00000
67.70500	236.00000
67.71000	229.00000
67.71500	229.00000
67.72000	232.00000
67.72500	227.00000
67.73000	222.00000
67.73500	225.00000
67.74000	231.00000
67.74500	232.00000
67.75000	229.00000
67.75500	222.00000
67.76000	220.00000
67.76500	211.00000
67.77000	205.00000
67.77500	212.00000
67.78000	220.00000
67.78500	230.00000
67.79000	239.00000
67.79500	253.00000
67.80000	237.00000
67.80500	229.00000
67.81000	225.00000
67.81500	224.00000
67.82000	217.00000
67.82500	210.00000
67.83000	206.00000
67.83500	227.00000
67.84000	232.00000
67.84500	234.00000
67.85000	230.00000
67.85500	221.00000
67.86000	226.00000
67.86500	219.00000
67.87000	219.00000
67.87500	226.00000
67.88000	231.00000
67.88500	234.00000
67.89000	224.00000
67.89500	228.00000
67.90000	240.00000
67.90500	247.00000
67.91000	241.00000
67.91500	237.00000
67.92000	241.00000
67.92500	230.00000
67.93000	219.00000
67.93500	221.00000
67.94000	217.00000
67.94500	213.00000
67.95000	213.00000
67.95500	205.00000
67.96000	207.00000
67.96500	200.00000
67.97000	207.00000
67.97500	234.00000
67.98000	233.00000
67.98500	219.00000
67.99000	205.00000
67.99500	201.00000
68.00000	205.00000
68.00500	213.00000
68.01000	216.00000
68.01500	211.00000
68.02000	216.00000
68.02500	210.00000
68.03000	203.00000
68.03500	219.00000
68.04000	216.00000
68.04500	222.00000
68.05000	226.00000
68.05500	218.00000
68.06000	220.00000
68.06500	216.00000
68.07000	221.00000
68.07500	226.00000
68.08000	235.00000
68.08500	236.00000
68.09000	226.00000
68.09500	211.00000
68.10000	216.00000
68.10500	224.00000
68.11000	227.00000
68.11500	217.00000
68.12000	226.00000
68.12500	205.00000
68.13000	200.00000
68.13500	217.00000
68.14000	219.00000
68.14500	214.00000
68.15000	214.00000
68.15500	211.00000
68.16000	208.00000
68.16500	204.00000
68.17000	210.00000
68.17500	220.00000
68.18000	219.00000
68.18500	210.00000
68.19000	205.00000
68.19500	213.00000
68.20000	209.00000
68.20500	219.00000
68.21000	208.00000
68.21500	206.00000
68.22000	207.00000
68.22500	212.00000
68.23000	208.00000
68.23500	219.00000
68.24000	213.00000
68.24500	217.00000
68.25000	225.00000
68.25500	217.00000
68.26000	225.00000
68.26500	213.00000
68.27000	214.00000
68.27500	213.00000
68.28000	216.00000
68.28500	225.00000
68.29000	212.00000
68.29500	210.00000
68.30000	204.00000
68.30500	216.00000
68.31000	217.00000
68.31500	215.00000
68.32000	214.00000
68.32500	200.00000
68.33000	188.00000
68.33500	213.00000
68.34000	236.00000
68.34500	231.00000
68.35000	219.00000
68.35500	221.00000
68.36000	238.00000
68.36500	221.00000
68.37000	207.00000
68.37500	217.00000
68.38000	227.00000
68.38500	216.00000
68.39000	210.00000
68.39500	213.00000
68.40000	219.00000
68.40500	223.00000
68.41000	222.00000
68.41500	211.00000
68.42000	214.00000
68.42500	208.00000
68.43000	198.00000
68.43500	215.00000
68.44000	225.00000
68.44500	246.00000
68.45000	242.00000
68.45500	228.00000
68.46000	226.00000
68.46500	219.00000
68.47000	217.00000
68.47500	236.00000
68.48000	239.00000
68.48500	231.00000
68.49000	216.00000
68.49500	214.00000
68.50000	215.00000
68.50500	223.00000
68.51000	224.00000
68.51500	217.00000
68.52000	218.00000
68.52500	213.00000
68.53000	209.00000
68.53500	220.00000
68.54000	221.00000
68.54500	231.00000
68.55000	220.00000
68.55500	211.00000
68.56000	223.00000
68.56500	210.00000
68.57000	221.00000
68.57500	227.00000
68.58000	241.00000
68.58500	249.00000
68.59000	242.00000
68.59500	233.00000
68.60000	235.00000
68.60500	241.00000
68.61000	258.00000
68.61500	254.00000
68.62000	244.00000
68.62500	225.00000
68.63000	224.00000
68.63500	255.00000
68.64000	252.00000
68.64500	252.00000
68.65000	267.00000
68.65500	256.00000
68.66000	259.00000
68.66500	247.00000
68.67000	252.00000
68.67500	277.00000
68.68000	263.00000
68.68500	257.00000
68.69000	254.00000
68.69500	256.00000
68.70000	262.00000
68.70500	271.00000
68.71000	270.00000
68.71500	260.00000
68.72000	263.00000
68.72500	264.00000
68.73000	280.00000
68.73500	272.00000
68.74000	261.00000
68.74500	275.00000
68.75000	275.00000
68.75500	262.00000
68.76000	301.00000
68.76500	272.00000
68.77000	267.00000
68.77500	270.00000
68.78000	278.00000
68.78500	269.00000
68.79000	249.00000
68.79500	262.00000
68.80000	257.00000
68.80500	268.00000
68.81000	284.00000
68.81500	261.00000
68.82000	261.00000
68.82500	258.00000
68.83000	234.00000
68.83500	265.00000
68.84000	294.00000
68.84500	276.00000
68.85000	258.00000
68.85500	286.00000
68.86000	282.00000
68.86500	252.00000
68.87000	239.00000
68.87500	250.00000
68.88000	277.00000
68.88500	266.00000
68.89000	249.00000
68.89500	233.00000
68.90000	234.00000
68.90500	239.00000
68.91000	250.00000
68.91500	264.00000
68.92000	252.00000
68.92500	227.00000
68.93000	211.00000
68.93500	229.00000
68.94000	235.00000
68.94500	242.00000
68.95000	225.00000
68.95500	221.00000
68.96000	228.00000
68.96500	228.00000
68.97000	217.00000
68.97500	241.00000
68.98000	243.00000
68.98500	227.00000
68.99000	226.00000
68.99500	229.00000
69.00000	235.00000
69.00500	239.00000
69.01000	234.00000
69.01500	233.00000
69.02000	239.00000
69.02500	219.00000
69.03000	221.00000
69.03500	234.00000
69.04000	244.00000
69.04500	251.00000
69.05000	254.00000
69.05500	235.00000
69.06000	240.00000
69.06500	233.00000
69.07000	230.00000
69.07500	237.00000
69.08000	291.00000
69.08500	264.00000
69.09000	239.00000
69.09500	231.00000
69.10000	237.00000
69.10500	237.00000
69.11000	258.00000
69.11500	249.00000
69.12000	243.00000
69.12500	230.00000
69.13000	215.00000
69.13500	227.00000
69.14000	230.00000
69.14500	243.00000
69.15000	239.00000
69.15500	224.00000
69.16000	220.00000
69.16500	227.00000
69.17000	219.00000
69.17500	230.00000
69.18000	240.00000
69.18500	244.00000
69.19000	238.00000
69.19500	231.00000
69.20000	228.00000
69.20500	237.00000
69.21000	238.00000
69.21500	233.00000
69.22000	226.00000
69.22500	221.00000
69.23000	217.00000
69.23500	232.00000
69.24000	232.00000
69.24500	227.00000
69.25000	223.00000
69.25500	224.00000
69.26000	239.00000
69.26500	235.00000
69.27000	221.00000
69.27500	230.00000
69.28000	236.00000
69.28500	231.00000
69.29000	225.00000
69.29500	221.00000
69.30000	218.00000
69.30500	219.00000
69.31000	223.00000
69.31500	227.00000
69.32000	229.00000
69.32500	225.00000
69.33000	218.00000
69.33500	232.00000
69.34000	224.00000
69.34500	224.00000
69.35000	224.00000
69.35500	214.00000
69.36000	219.00000
69.36500	217.00000
69.37000	219.00000
69.37500	235.00000
69.38000	249.00000
69.38500	236.00000
69.39000	236.00000
69.39500	234.00000
69.40000	236.00000
69.40500	252.00000
69.41000	244.00000
69.41500	230.00000
69.42000	224.00000
69.42500	211.00000
69.43000	208.00000
69.43500	221.00000
69.44000	229.00000
69.44500	253.00000
69.45000	278.00000
69.45500	252.00000
69.46000	261.00000
69.46500	248.00000
69.47000	248.00000
69.47500	244.00000
69.48000	238.00000
69.48500	241.00000
69.49000	251.00000
69.49500	248.00000
69.50000	248.00000
69.50500	242.00000
69.51000	242.00000
69.51500	246.00000
69.52000	262.00000
69.52500	249.00000
69.53000	223.00000
69.53500	241.00000
69.54000	249.00000
69.54500	250.00000
69.55000	254.00000
69.55500	232.00000
69.56000	240.00000
69.56500	258.00000
69.57000	254.00000
69.57500	258.00000
69.58000	256.00000
69.58500	253.00000
69.59000	256.00000
69.59500	261.00000
69.60000	271.00000
69.60500	292.00000
69.61000	278.00000
69.61500	268.00000
69.62000	282.00000
69.62500	258.00000
69.63000	258.00000
69.63500	274.00000
69.64000	278.00000
69.64500	292.00000
69.65000	310.00000
69.65500	321.00000
69.66000	316.00000
69.66500	311.00000
69.67000	314.00000
69.67500	322.00000
69.68000	329.00000
69.68500	328.00000
69.69000	324.00000
69.69500	322.00000
69.70000	309.00000
69.70500	304.00000
69.71000	314.00000
69.71500	305.00000
69.72000	313.00000
69.72500	304.00000
69.73000	327.00000
69.73500	321.00000
69.74000	327.00000
69.74500	347.00000
69.75000	346.00000
69.75500	339.00000
69.76000	326.00000
69.76500	329.00000
69.77000	319.00000
69.77500	321.00000
69.78000	330.00000
69.78500	331.00000
69.79000	327.00000
69.79500	320.00000
69.80000	330.00000
69.80500	350.00000
69.81000	348.00000
69.81500	330.00000
69.82000	334.00000
69.82500	323.00000
69.83000	299.00000
69.83500	307.00000
69.84000	310.00000
69.84500	306.00000
69.85000	301.00000
69.85500	293.00000
69.86000	293.00000
69.86500	292.00000
69.87000	296.00000
69.87500	305.00000
69.88000	301.00000
69.88500	295.00000
69.89000	284.00000
69.89500	285.00000
69.90000	289.00000
69.90500	290.00000
69.91000	285.00000
69.91500	307.00000
69.92000	281.00000
69.92500	287.00000
69.93000	278.00000
69.93500	284.00000
69.94000	281.00000
69.94500	270.00000
69.95000	271.00000
69.95500	263.00000
69.96000	271.00000
69.96500	255.00000
69.97000	269.00000
69.97500	271.00000
69.98000	269.00000
69.98500	267.00000
69.99000	261.00000
69.99500	260.00000
70.00000	256.00000
70.00500	255.00000
70.01000	256.00000
70.01500	255.00000
70.02000	256.00000
70.02500	255.00000
70.03000	242.00000
70.03500	252.00000
70.04000	270.00000
70.04500	276.00000
70.05000	274.00000
70.05500	253.00000
70.06000	263.00000
70.06500	263.00000
70.07000	264.00000
70.07500	274.00000
70.08000	284.00000
70.08500	271.00000
70.09000	260.00000
70.09500	261.00000
70.10000	267.00000
70.10500	272.00000
70.11000	269.00000
70.11500	255.00000
70.12000	261.00000
70.12500	257.00000
70.13000	276.00000
70.13500	276.00000
70.14000	266.00000
70.14500	262.00000
70.15000	252.00000
70.15500	250.00000
70.16000	268.00000
70.16500	260.00000
70.17000	273.00000
70.17500	269.00000
70.18000	281.00000
70.18500	274.00000
70.19000	272.00000
70.19500	290.00000
70.20000	268.00000
70.20500	260.00000
70.21000	267.00000
70.21500	264.00000
70.22000	266.00000
70.22500	255.00000
70.23000	236.00000
70.23500	263.00000
70.24000	272.00000
70.24500	261.00000
70.25000	252.00000
70.25500	251.00000
70.26000	245.00000
70.26500	256.00000
70.27000	240.00000
70.27500	235.00000
70.28000	237.00000
70.28500	236.00000
70.29000	233.00000
70.29500	236.00000
70.30000	237.00000
70.30500	239.00000
70.31000	251.00000
70.31500	239.00000
70.32000	239.00000
70.32500	228.00000
70.33000	215.00000
70.33500	223.00000
70.34000	237.00000
70.34500	232.00000
70.35000	219.00000
70.35500	220.00000
70.36000	230.00000
70.36500	228.00000
70.37000	217.00000
70.37500	218.00000
70.38000	221.00000
70.38500	226.00000
70.39000	238.00000
70.39500	227.00000
70.40000	231.00000
70.40500	233.00000
70.41000	239.00000
70.41500	227.00000
70.42000	216.00000
70.42500	214.00000
70.43000	205.00000
70.43500	213.00000
70.44000	217.00000
70.44500	224.00000
70.45000	219.00000
70.45500	225.00000
70.46000	232.00000
70.46500	228.00000
70.47000	219.00000
70.47500	221.00000
70.48000	231.00000
70.48500	232.00000
70.49000	233.00000
70.49500	227.00000
70.50000	216.00000
70.50500	228.00000
70.51000	222.00000
70.51500	221.00000
70.52000	217.00000
70.52500	203.00000
70.53000	203.00000
70.53500	231.00000
70.54000	229.00000
70.54500	234.00000
70.55000	224.00000
70.55500	221.00000
70.56000	217.00000
70.56500	210.00000
70.57000	204.00000
70.57500	213.00000
70.58000	240.00000
70.58500	241.00000
70.59000	218.00000
70.59500	212.00000
70.60000	220.00000
70.60500	221.00000
70.61000	232.00000
70.61500	232.00000
70.62000	235.00000
70.62500	216.00000
70.63000	203.00000
70.63500	220.00000
70.64000	233.00000
70.64500	233.00000
70.65000	223.00000
70.65500	213.00000
70.66000	225.00000
70.66500	229.00000
70.67000	273.00000
70.67500	282.00000
70.68000	254.00000
70.68500	239.00000
70.69000	231.00000
70.69500	232.00000
70.70000	229.00000
70.70500	234.00000
70.71000	231.00000
70.71500	227.00000
70.72000	226.00000
70.72500	211.00000
70.73000	205.00000
70.73500	222.00000
70.74000	228.00000
70.74500	225.00000
70.75000	215.00000
70.75500	205.00000
70.76000	215.00000
70.76500	206.00000
70.77000	212.00000
70.77500	227.00000
70.78000	254.00000
70.78500	237.00000
70.79000	233.00000
70.79500	221.00000
70.80000	228.00000
70.80500	229.00000
70.81000	222.00000
70.81500	226.00000
70.82000	228.00000
70.82500	213.00000
70.83000	194.00000
70.83500	213.00000
70.84000	224.00000
70.84500	222.00000
70.85000	218.00000
70.85500	207.00000
70.86000	214.00000
70.86500	221.00000
70.87000	228.00000
70.87500	230.00000
70.88000	253.00000
70.88500	238.00000
70.89000	222.00000
70.89500	216.00000
70.90000	214.00000
70.90500	238.00000
70.91000	240.00000
70.91500	245.00000
70.92000	233.00000
70.92500	210.00000
70.93000	203.00000
70.93500	215.00000
70.94000	215.00000
70.94500	213.00000
70.95000	212.00000
70.95500	204.00000
70.96000	214.00000
70.96500	200.00000
70.97000	198.00000
70.97500	199.00000
70.98000	204.00000
70.98500	208.00000
70.99000	200.00000
70.99500	206.00000
71.00000	212.00000
71.00500	215.00000
71.01000	212.00000
71.01500	207.00000
71.02000	220.00000
71.02500	204.00000
71.03000	185.00000
71.03500	202.00000
71.04000	212.00000
71.04500	214.00000
71.05000	216.00000
71.05500	218.00000
71.06000	214.00000
71.06500	208.00000
71.07000	207.00000
71.07500	203.00000
71.08000	216.00000
71.08500	226.00000
71.09000	227.00000
71.09500	220.00000
71.10000	216.00000
71.10500	223.00000
71.11000	233.00000
71.11500	220.00000
71.12000	222.00000
71.12500	208.00000
71.13000	204.00000
71.13500	219.00000
71.14000	210.00000
71.14500	210.00000
71.15000	216.00000
71.15500	210.00000
71.16000	212.00000
71.16500	208.00000
71.17000	204.00000
71.17500	217.00000
71.18000	218.00000
71.18500	208.00000
71.19000	194.00000
71.19500	203.00000
71.20000	203.00000
71.20500	207.00000
71.21000	206.00000
71.21500	197.00000
71.22000	207.00000
71.22500	193.00000
71.23000	211.00000
71.23500	232.00000
71.24000	231.00000
71.24500	229.00000
71.25000	224.00000
71.25500	218.00000
71.26000	222.00000
71.26500	213.00000
71.27000	218.00000
71.27500	227.00000
71.28000	220.00000
71.28500	221.00000
71.29000	212.00000
71.29500	203.00000
71.30000	222.00000
71.30500	212.00000
71.31000	212.00000
71.31500	208.00000
71.32000	209.00000
71.32500	205.00000
71.33000	229.00000
71.33500	239.00000
71.34000	233.00000
71.34500	231.00000
71.35000	228.00000
71.35500	210.00000
71.36000	209.00000
71.36500	217.00000
71.37000	211.00000
71.37500	215.00000
71.38000	219.00000
71.38500	204.00000
71.39000	200.00000
71.39500	205.00000
71.40000	202.00000
71.40500	216.00000
71.41000	223.00000
71.41500	219.00000
71.42000	228.00000
71.42500	215.00000
71.43000	194.00000
71.43500	206.00000
71.44000	215.00000
71.44500	211.00000
71.45000	209.00000
71.45500	218.00000
71.46000	230.00000
71.46500	225.00000
71.47000	241.00000
71.47500	237.00000
71.48000	230.00000
71.48500	239.00000
71.49000	238.00000
71.49500	223.00000
71.50000	215.00000
71.50500	215.00000
71.51000	224.00000
71.51500	231.00000
71.52000	222.00000
71.52500	211.00000
71.53000	206.00000
71.53500	211.00000
71.54000	209.00000
71.54500	202.00000
71.55000	202.00000
71.55500	197.00000
71.56000	207.00000
71.56500	203.00000
71.57000	200.00000
71.57500	222.00000
71.58000	226.00000
71.58500	218.00000
71.59000	211.00000
71.59500	215.00000
71.60000	208.00000
71.60500	207.00000
71.61000	207.00000
71.61500	204.00000
71.62000	205.00000
71.62500	230.00000
71.63000	222.00000
71.63500	232.00000
71.64000	220.00000
71.64500	223.00000
71.65000	232.00000
71.65500	218.00000
71.66000	213.00000
71.66500	217.00000
71.67000	233.00000
71.67500	250.00000
71.68000	246.00000
71.68500	234.00000
71.69000	230.00000
71.69500	234.00000
71.70000	228.00000
71.70500	230.00000
71.71000	229.00000
71.71500	231.00000
71.72000	241.00000
71.72500	223.00000
71.73000	202.00000
71.73500	230.00000
71.74000	229.00000
71.74500	239.00000
71.75000	255.00000
71.75500	228.00000
71.76000	220.00000
71.76500	224.00000
71.77000	218.00000
71.77500	225.00000
71.78000	230.00000
71.78500	238.00000
71.79000	228.00000
71.79500	227.00000
71.80000	258.00000
71.80500	240.00000
71.81000	245.00000
71.81500	234.00000
71.82000	225.00000
71.82500	208.00000
71.83000	213.00000
71.83500	248.00000
71.84000	247.00000
71.84500	245.00000
71.85000	240.00000
71.85500	235.00000
71.86000	234.00000
71.86500	234.00000
71.87000	243.00000
71.87500	250.00000
71.88000	262.00000
71.88500	256.00000
71.89000	248.00000
71.89500	241.00000
71.90000	244.00000
71.90500	247.00000
71.91000	255.00000
71.91500	247.00000
71.92000	261.00000
71.92500	262.00000
71.93000	249.00000
71.93500	242.00000
71.94000	256.00000
71.94500	265.00000
71.95000	278.00000
71.95500	276.00000
71.96000	263.00000
71.96500	253.00000
71.97000	235.00000
71.97500	249.00000
71.98000	265.00000
71.98500	264.00000
71.99000	256.00000
71.99500	256.00000
72.00000	254.00000
72.00500	266.00000
72.01000	274.00000
72.01500	281.00000
72.02000	281.00000
72.02500	276.00000
72.03000	274.00000
72.03500	283.00000
72.04000	278.00000
72.04500	276.00000
72.05000	286.00000
72.05500	295.00000
72.06000	295.00000
72.06500	311.00000
72.07000	309.00000
72.07500	337.00000
72.08000	321.00000
72.08500	312.00000
72.09000	306.00000
72.09500	319.00000
72.10000	320.00000
72.10500	316.00000
72.11000	326.00000
72.11500	327.00000
72.12000	334.00000
72.12500	318.00000
72.13000	300.00000
72.13500	314.00000
72.14000	340.00000
72.14500	352.00000
72.15000	347.00000
72.15500	324.00000
72.16000	318.00000
72.16500	307.00000
72.17000	326.00000
72.17500	344.00000
72.18000	337.00000
72.18500	362.00000
72.19000	344.00000
72.19500	337.00000
72.20000	345.00000
72.20500	334.00000
72.21000	343.00000
72.21500	331.00000
72.22000	329.00000
72.22500	320.00000
72.23000	304.00000
72.23500	309.00000
72.24000	304.00000
72.24500	333.00000
72.25000	345.00000
72.25500	331.00000
72.26000	325.00000
72.26500	310.00000
72.27000	289.00000
72.27500	305.00000
72.28000	305.00000
72.28500	322.00000
72.29000	314.00000
72.29500	300.00000
72.30000	293.00000
72.30500	311.00000
72.31000	304.00000
72.31500	320.00000
72.32000	299.00000
72.32500	275.00000
72.33000	260.00000
72.33500	272.00000
72.34000	269.00000
72.34500	276.00000
72.35000	267.00000
72.35500	249.00000
72.36000	253.00000
72.36500	246.00000
72.37000	238.00000
72.37500	246.00000
72.38000	248.00000
72.38500	253.00000
72.39000	249.00000
72.39500	243.00000
72.40000	238.00000
72.40500	262.00000
72.41000	245.00000
72.41500	236.00000
72.42000	238.00000
72.42500	222.00000
72.43000	280.00000
72.43500	272.00000
72.44000	248.00000
72.44500	262.00000
72.45000	255.00000
72.45500	238.00000
72.46000	237.00000
72.46500	233.00000
72.47000	235.00000
72.47500	236.00000
72.48000	242.00000
72.48500	233.00000
72.49000	229.00000
72.49500	229.00000
72.50000	224.00000
72.50500	233.00000
72.51000	232.00000
72.51500	223.00000
72.52000	214.00000
72.52500	210.00000
72.53000	206.00000
72.53500	219.00000
72.54000	229.00000
72.54500	226.00000
72.55000	225.00000
72.55500	210.00000
72.56000	207.00000
72.56500	203.00000
72.57000	196.00000
72.57500	205.00000
72.58000	220.00000
72.58500	209.00000
72.59000	207.00000
72.59500	213.00000
72.60000	213.00000
72.60500	211.00000
72.61000	223.00000
72.61500	221.00000
72.62000	214.00000
72.62500	214.00000
72.63000	204.00000
72.63500	225.00000
72.64000	220.00000
72.64500	223.00000
72.65000	216.00000
72.65500	208.00000
72.66000	225.00000
72.66500	223.00000
72.67000	219.00000
72.67500	218.00000
72.68000	223.00000
72.68500	218.00000
72.69000	215.00000
72.69500	209.00000
72.70000	220.00000
72.70500	220.00000
72.71000	221.00000
72.71500	225.00000
72.72000	223.00000
72.72500	202.00000
72.73000	195.00000
72.73500	215.00000
72.74000	218.00000
72.74500	224.00000
72.75000	208.00000
72.75500	203.00000
72.76000	205.00000
72.76500	203.00000
72.77000	205.00000
72.77500	202.00000
72.78000	206.00000
72.78500	210.00000
72.79000	212.00000
72.79500	210.00000
72.80000	208.00000
72.80500	219.00000
72.81000	229.00000
72.81500	215.00000
72.82000	212.00000
72.82500	198.00000
72.83000	194.00000
72.83500	225.00000
72.84000	228.00000
72.84500	220.00000
72.85000	212.00000
72.85500	204.00000
72.86000	201.00000
72.86500	205.00000
72.87000	202.00000
72.87500	211.00000
72.88000	228.00000
72.88500	223.00000
72.89000	210.00000
72.89500	207.00000
72.90000	213.00000
72.90500	217.00000
72.91000	245.00000
72.91500	234.00000
72.92000	224.00000
72.92500	211.00000
72.93000	197.00000
72.93500	210.00000
72.94000	209.00000
72.94500	226.00000
72.95000	220.00000
72.95500	222.00000
72.96000	215.00000
72.96500	203.00000
72.97000	203.00000
72.97500	211.00000
72.98000	214.00000
72.98500	201.00000
72.99000	197.00000
72.99500	201.00000
73.00000	206.00000
73.00500	208.00000
73.01000	211.00000
73.01500	208.00000
73.02000	217.00000
73.02500	200.00000
73.03000	188.00000
73.03500	197.00000
73.04000	213.00000
73.04500	222.00000
73.05000	237.00000
73.05500	227.00000
73.06000	234.00000
73.06500	233.00000
73.07000	224.00000
73.07500	234.00000
73.08000	229.00000
73.08500	214.00000
73.09000	219.00000
73.09500	237.00000
73.10000	215.00000
73.10500	224.00000
73.11000	231.00000
73.11500	229.00000
73.12000	229.00000
73.12500	245.00000
73.13000	212.00000
73.13500	225.00000
73.14000	224.00000
73.14500	222.00000
73.15000	222.00000
73.15500	214.00000
73.16000	213.00000
73.16500	205.00000
73.17000	215.00000
73.17500	216.00000
73.18000	215.00000
73.18500	219.00000
73.19000	210.00000
73.19500	202.00000
73.20000	214.00000
73.20500	209.00000
73.21000	208.00000
73.21500	203.00000
73.22000	205.00000
73.22500	188.00000
73.23000	194.00000
73.23500	212.00000
73.24000	210.00000
73.24500	220.00000
73.25000	221.00000
73.25500	210.00000
73.26000	214.00000
73.26500	228.00000
73.27000	223.00000
73.27500	223.00000
73.28000	221.00000
73.28500	224.00000
73.29000	214.00000
73.29500	206.00000
73.30000	202.00000
73.30500	207.00000
73.31000	213.00000
73.31500	209.00000
73.32000	208.00000
73.32500	196.00000
73.33000	191.00000
73.33500	199.00000
73.34000	201.00000
73.34500	210.00000
73.35000	208.00000
73.35500	208.00000
73.36000	217.00000
73.36500	209.00000
73.37000	205.00000
73.37500	206.00000
73.38000	208.00000
73.38500	198.00000
73.39000	191.00000
73.39500	205.00000
73.40000	208.00000
73.40500	216.00000
73.41000	247.00000
73.41500	227.00000
73.42000	218.00000
73.42500	201.00000
73.43000	194.00000
73.43500	211.00000
73.44000	213.00000
73.44500	218.00000
73.45000	220.00000
73.45500	209.00000
73.46000	231.00000
73.46500	211.00000
73.47000	209.00000
73.47500	210.00000
73.48000	211.00000
73.48500	202.00000
73.49000	206.00000
73.49500	209.00000
73.50000	203.00000
73.50500	203.00000
73.51000	203.00000
73.51500	203.00000
73.52000	204.00000
73.52500	194.00000
73.53000	193.00000
73.53500	219.00000
73.54000	216.00000
73.54500	216.00000
73.55000	221.00000
73.55500	198.00000
73.56000	211.00000
73.56500	204.00000
73.57000	198.00000
73.57500	198.00000
73.58000	205.00000
73.58500	205.00000
73.59000	202.00000
73.59500	198.00000
73.60000	198.00000
73.60500	201.00000
73.61000	209.00000
73.61500	203.00000
73.62000	212.00000
73.62500	205.00000
73.63000	200.00000
73.63500	221.00000
73.64000	224.00000
73.64500	226.00000
73.65000	219.00000
73.65500	217.00000
73.66000	221.00000
73.66500	209.00000
73.67000	206.00000
73.67500	213.00000
73.68000	222.00000
73.68500	221.00000
73.69000	225.00000
73.69500	219.00000
73.70000	220.00000
73.70500	217.00000
73.71000	217.00000
73.71500	210.00000
73.72000	217.00000
73.72500	200.00000
73.73000	183.00000
73.73500	205.00000
73.74000	213.00000
73.74500	214.00000
73.75000	209.00000
73.75500	206.00000
73.76000	211.00000
73.76500	202.00000
73.77000	197.00000
73.77500	209.00000
73.78000	221.00000
73.78500	208.00000
73.79000	199.00000
73.79500	197.00000
73.80000	256.00000
73.80500	242.00000
73.81000	231.00000
73.81500	218.00000
73.82000	214.00000
73.82500	202.00000
73.83000	192.00000
73.83500	210.00000
73.84000	216.00000
73.84500	217.00000
73.85000	215.00000
73.85500	212.00000
73.86000	216.00000
73.86500	209.00000
73.87000	203.00000
73.87500	210.00000
73.88000	219.00000
73.88500	212.00000
73.89000	205.00000
73.89500	211.00000
73.90000	210.00000
73.90500	214.00000
73.91000	217.00000
73.91500	208.00000
73.92000	212.00000
73.92500	200.00000
73.93000	193.00000
73.93500	221.00000
73.94000	224.00000
73.94500	215.00000
73.95000	217.00000
73.95500	211.00000
73.96000	210.00000
73.96500	199.00000
73.97000	188.00000
73.97500	204.00000
73.98000	218.00000
73.98500	206.00000
73.99000	211.00000
73.99500	199.00000
74.00000	215.00000
74.00500	223.00000
74.01000	226.00000
74.01500	230.00000
74.02000	238.00000
74.02500	215.00000
74.03000	196.00000
74.03500	218.00000
74.04000	216.00000
74.04500	222.00000
74.05000	228.00000
74.05500	226.00000
74.06000	240.00000
74.06500	226.00000
74.07000	217.00000
74.07500	217.00000
74.08000	212.00000
74.08500	228.00000
74.09000	219.00000
74.09500	216.00000
74.10000	214.00000
74.10500	222.00000
74.11000	223.00000
74.11500	224.00000
74.12000	232.00000
74.12500	216.00000
74.13000	209.00000
74.13500	226.00000
74.14000	224.00000
74.14500	227.00000
74.15000	215.00000
74.15500	216.00000
74.16000	210.00000
74.16500	213.00000
74.17000	215.00000
74.17500	228.00000
74.18000	222.00000
74.18500	227.00000
74.19000	231.00000
74.19500	221.00000
74.20000	227.00000
74.20500	222.00000
74.21000	221.00000
74.21500	220.00000
74.22000	224.00000
74.22500	220.00000
74.23000	216.00000
74.23500	235.00000
74.24000	229.00000
74.24500	227.00000
74.25000	231.00000
74.25500	234.00000
74.26000	234.00000
74.26500	221.00000
74.27000	221.00000
74.27500	223.00000
74.28000	231.00000
74.28500	234.00000
74.29000	231.00000
74.29500	223.00000
74.30000	219.00000
74.30500	221.00000
74.31000	226.00000
74.31500	232.00000
74.32000	227.00000
74.32500	214.00000
74.33000	202.00000
74.33500	223.00000
74.34000	215.00000
74.34500	225.00000
74.35000	228.00000
74.35500	213.00000
74.36000	210.00000
74.36500	209.00000
74.37000	204.00000
74.37500	221.00000
74.38000	224.00000
74.38500	218.00000
74.39000	205.00000
74.39500	218.00000
74.40000	222.00000
74.40500	231.00000
74.41000	226.00000
74.41500	215.00000
74.42000	219.00000
74.42500	203.00000
74.43000	202.00000
74.43500	224.00000
74.44000	238.00000
74.44500	236.00000
74.45000	237.00000
74.45500	219.00000
74.46000	227.00000
74.46500	222.00000
74.47000	222.00000
74.47500	230.00000
74.48000	233.00000
74.48500	227.00000
74.49000	219.00000
74.49500	222.00000
74.50000	213.00000
74.50500	213.00000
74.51000	219.00000
74.51500	212.00000
74.52000	214.00000
74.52500	200.00000
74.53000	194.00000
74.53500	220.00000
74.54000	246.00000
74.54500	225.00000
74.55000	210.00000
74.55500	195.00000
74.56000	197.00000
74.56500	199.00000
74.57000	199.00000
74.57500	207.00000
74.58000	219.00000
74.58500	226.00000
74.59000	212.00000
74.59500	201.00000
74.60000	210.00000
74.60500	220.00000
74.61000	225.00000
74.61500	231.00000
74.62000	240.00000
74.62500	227.00000
74.63000	207.00000
74.63500	219.00000
74.64000	220.00000
74.64500	226.00000
74.65000	225.00000
74.65500	221.00000
74.66000	225.00000
74.66500	219.00000
74.67000	219.00000
74.67500	217.00000
74.68000	230.00000
74.68500	226.00000
74.69000	217.00000
74.69500	223.00000
74.70000	228.00000
74.70500	252.00000
74.71000	261.00000
74.71500	244.00000
74.72000	229.00000
74.72500	214.00000
74.73000	216.00000
74.73500	239.00000
74.74000	231.00000
74.74500	233.00000
74.75000	234.00000
74.75500	232.00000
74.76000	234.00000
74.76500	242.00000
74.77000	246.00000
74.77500	244.00000
74.78000	253.00000
74.78500	250.00000
74.79000	248.00000
74.79500	248.00000
74.80000	244.00000
74.80500	272.00000
74.81000	275.00000
74.81500	263.00000
74.82000	275.00000
74.82500	247.00000
74.83000	241.00000
74.83500	260.00000
74.84000	273.00000
74.84500	275.00000
74.85000	275.00000
74.85500	269.00000
74.86000	274.00000
74.86500	265.00000
74.87000	261.00000
74.87500	274.00000
74.88000	289.00000
74.88500	286.00000
74.89000	275.00000
74.89500	262.00000
74.90000	271.00000
74.90500	285.00000
74.91000	280.00000
74.91500	282.00000
74.92000	302.00000
74.92500	288.00000
74.93000	289.00000
74.93500	304.00000
74.94000	301.00000
74.94500	290.00000
74.95000	311.00000
74.95500	315.00000
74.96000	307.00000
74.96500	290.00000
74.97000	298.00000
74.97500	332.00000
74.98000	320.00000
74.98500	303.00000
74.99000	287.00000
74.99500	285.00000
75.00000	320.00000
75.00500	333.00000
75.01000	328.00000
75.01500	333.00000
75.02000	352.00000
75.02500	337.00000
75.03000	337.00000
75.03500	346.00000
75.04000	333.00000
75.04500	333.00000
75.05000	322.00000
75.05500	324.00000
75.06000	339.00000
75.06500	338.00000
75.07000	323.00000
75.07500	327.00000
75.08000	338.00000
75.08500	323.00000
75.09000	329.00000
75.09500	316.00000
75.10000	321.00000
75.10500	348.00000
75.11000	326.00000
75.11500	337.00000
75.12000	337.00000
75.12500	308.00000
75.13000	290.00000
75.13500	317.00000
75.14000	311.00000
75.14500	330.00000
75.15000	315.00000
75.15500	307.00000
75.16000	304.00000
75.16500	291.00000
75.17000	294.00000
75.17500	295.00000
75.18000	302.00000
75.18500	296.00000
75.19000	312.00000
75.19500	312.00000
75.20000	302.00000
75.20500	310.00000
75.21000	314.00000
75.21500	328.00000
75.22000	319.00000
75.22500	306.00000
75.23000	299.00000
75.23500	336.00000
75.24000	332.00000
75.24500	329.00000
75.25000	307.00000
75.25500	299.00000
75.26000	333.00000
75.26500	307.00000
75.27000	302.00000
75.27500	319.00000
75.28000	334.00000
75.28500	340.00000
75.29000	331.00000
75.29500	315.00000
75.30000	330.00000
75.30500	351.00000
75.31000	361.00000
75.31500	332.00000
75.32000	331.00000
75.32500	339.00000
75.33000	329.00000
75.33500	343.00000
75.34000	335.00000
75.34500	324.00000
75.35000	338.00000
75.35500	344.00000
75.36000	354.00000
75.36500	341.00000
75.37000	348.00000
75.37500	337.00000
75.38000	351.00000
75.38500	355.00000
75.39000	358.00000
75.39500	369.00000
75.40000	382.00000
75.40500	375.00000
75.41000	385.00000
75.41500	428.00000
75.42000	404.00000
75.42500	358.00000
75.43000	345.00000
75.43500	359.00000
75.44000	343.00000
75.44500	331.00000
75.45000	338.00000
75.45500	319.00000
75.46000	327.00000
75.46500	328.00000
75.47000	326.00000
75.47500	318.00000
75.48000	326.00000
75.48500	348.00000
75.49000	323.00000
75.49500	328.00000
75.50000	325.00000
75.50500	345.00000
75.51000	323.00000
75.51500	294.00000
75.52000	308.00000
75.52500	317.00000
75.53000	331.00000
75.53500	316.00000
75.54000	320.00000
75.54500	308.00000
75.55000	283.00000
75.55500	266.00000
75.56000	272.00000
75.56500	310.00000
75.57000	323.00000
75.57500	288.00000
75.58000	282.00000
75.58500	272.00000
75.59000	273.00000
75.59500	265.00000
75.60000	255.00000
75.60500	243.00000
75.61000	245.00000
75.61500	255.00000
75.62000	266.00000
75.62500	271.00000
75.63000	275.00000
75.63500	264.00000
75.64000	266.00000
75.64500	252.00000
75.65000	283.00000
75.65500	270.00000
75.66000	277.00000
75.66500	254.00000
75.67000	247.00000
75.67500	252.00000
75.68000	254.00000
75.68500	259.00000
75.69000	256.00000
75.69500	244.00000
75.70000	237.00000
75.70500	238.00000
75.71000	252.00000
75.71500	236.00000
75.72000	233.00000
75.72500	222.00000
75.73000	217.00000
75.73500	226.00000
75.74000	235.00000
75.74500	239.00000
75.75000	246.00000
75.75500	227.00000
75.76000	221.00000
75.76500	212.00000
75.77000	220.00000
75.77500	231.00000
75.78000	227.00000
75.78500	220.00000
75.79000	233.00000
75.79500	220.00000
75.80000	215.00000
75.80500	220.00000
75.81000	219.00000
75.81500	220.00000
75.82000	219.00000
75.82500	206.00000
75.83000	205.00000
75.83500	245.00000
75.84000	238.00000
75.84500	239.00000
75.85000	228.00000
75.85500	219.00000
75.86000	216.00000
75.86500	213.00000
75.87000	222.00000
75.87500	228.00000
75.88000	233.00000
75.88500	228.00000
75.89000	219.00000
75.89500	209.00000
75.90000	219.00000
75.90500	213.00000
75.91000	214.00000
75.91500	212.00000
75.92000	218.00000
75.92500	202.00000
75.93000	191.00000
75.93500	205.00000
75.94000	208.00000
75.94500	244.00000
75.95000	217.00000
75.95500	204.00000
75.96000	208.00000
75.96500	204.00000
75.97000	202.00000
75.97500	216.00000
75.98000	219.00000
75.98500	206.00000
75.99000	207.00000
75.99500	198.00000
76.00000	199.00000
76.00500	209.00000
76.01000	227.00000
76.01500	212.00000
76.02000	203.00000
76.02500	191.00000
76.03000	185.00000
76.03500	208.00000
76.04000	215.00000
76.04500	234.00000
76.05000	224.00000
76.05500	214.00000
76.06000	213.00000
76.06500	204.00000
76.07000	201.00000
76.07500	219.00000
76.08000	228.00000
76.08500	213.00000
76.09000	208.00000
76.09500	215.00000
76.10000	217.00000
76.10500	224.00000
76.11000	234.00000
76.11500	229.00000
76.12000	219.00000
76.12500	206.00000
76.13000	194.00000
76.13500	205.00000
76.14000	208.00000
76.14500	212.00000
76.15000	214.00000
76.15500	212.00000
76.16000	207.00000
76.16500	198.00000
76.17000	198.00000
76.17500	205.00000
76.18000	211.00000
76.18500	207.00000
76.19000	202.00000
76.19500	196.00000
76.20000	194.00000
76.20500	201.00000
76.21000	240.00000
76.21500	225.00000
76.22000	235.00000
76.22500	216.00000
76.23000	203.00000
76.23500	215.00000
76.24000	219.00000
76.24500	232.00000
76.25000	236.00000
76.25500	233.00000
76.26000	239.00000
76.26500	216.00000
76.27000	210.00000
76.27500	205.00000
76.28000	240.00000
76.28500	271.00000
76.29000	236.00000
76.29500	213.00000
76.30000	213.00000
76.30500	214.00000
76.31000	242.00000
76.31500	222.00000
76.32000	215.00000
76.32500	205.00000
76.33000	187.00000
76.33500	199.00000
76.34000	202.00000
76.34500	208.00000
76.35000	213.00000
76.35500	213.00000
76.36000	207.00000
76.36500	196.00000
76.37000	193.00000
76.37500	207.00000
76.38000	222.00000
76.38500	210.00000
76.39000	204.00000
76.39500	206.00000
76.40000	205.00000
76.40500	206.00000
76.41000	208.00000
76.41500	203.00000
76.42000	210.00000
76.42500	202.00000
76.43000	205.00000
76.43500	221.00000
76.44000	224.00000
76.44500	218.00000
76.45000	216.00000
76.45500	208.00000
76.46000	214.00000
76.46500	207.00000
76.47000	204.00000
76.47500	220.00000
76.48000	230.00000
76.48500	224.00000
76.49000	214.00000
76.49500	210.00000
76.50000	213.00000
76.50500	218.00000
76.51000	218.00000
76.51500	209.00000
76.52000	207.00000
76.52500	196.00000
76.53000	193.00000
76.53500	212.00000
76.54000	208.00000
76.54500	212.00000
76.55000	214.00000
76.55500	201.00000
76.56000	198.00000
76.56500	203.00000
76.57000	196.00000
76.57500	213.00000
76.58000	218.00000
76.58500	202.00000
76.59000	196.00000
76.59500	199.00000
76.60000	207.00000
76.60500	213.00000
76.61000	224.00000
76.61500	221.00000
76.62000	224.00000
76.62500	219.00000
76.63000	214.00000
76.63500	239.00000
76.64000	233.00000
76.64500	235.00000
76.65000	239.00000
76.65500	217.00000
76.66000	219.00000
76.66500	221.00000
76.67000	221.00000
76.67500	216.00000
76.68000	217.00000
76.68500	218.00000
76.69000	206.00000
76.69500	211.00000
76.70000	219.00000
76.70500	221.00000
76.71000	226.00000
76.71500	229.00000
76.72000	221.00000
76.72500	210.00000
76.73000	191.00000
76.73500	215.00000
76.74000	214.00000
76.74500	208.00000
76.75000	199.00000
76.75500	194.00000
76.76000	196.00000
76.76500	197.00000
76.77000	195.00000
76.77500	196.00000
76.78000	207.00000
76.78500	210.00000
76.79000	207.00000
76.79500	209.00000
76.80000	208.00000
76.80500	210.00000
76.81000	215.00000
76.81500	207.00000
76.82000	207.00000
76.82500	193.00000
76.83000	187.00000
76.83500	202.00000
76.84000	208.00000
76.84500	208.00000
76.85000	217.00000
76.85500	206.00000
76.86000	214.00000
76.86500	217.00000
76.87000	219.00000
76.87500	223.00000
76.88000	235.00000
76.88500	239.00000
76.89000	220.00000
76.89500	208.00000
76.90000	207.00000
76.90500	214.00000
76.91000	221.00000
76.91500	214.00000
76.92000	221.00000
76.92500	203.00000
76.93000	190.00000
76.93500	211.00000
76.94000	226.00000
76.94500	222.00000
76.95000	226.00000
76.95500	219.00000
76.96000	213.00000
76.96500	207.00000
76.97000	193.00000
76.97500	212.00000
76.98000	223.00000
76.98500	208.00000
76.99000	195.00000
76.99500	198.00000
77.00000	204.00000
77.00500	209.00000
77.01000	226.00000
77.01500	245.00000
77.02000	244.00000
77.02500	221.00000
77.03000	207.00000
77.03500	230.00000
77.04000	226.00000
77.04500	232.00000
77.05000	226.00000
77.05500	220.00000
77.06000	215.00000
77.06500	223.00000
77.07000	218.00000
77.07500	224.00000
77.08000	223.00000
77.08500	234.00000
77.09000	228.00000
77.09500	219.00000
77.10000	215.00000
77.10500	210.00000
77.11000	208.00000
77.11500	209.00000
77.12000	210.00000
77.12500	204.00000
77.13000	190.00000
77.13500	204.00000
77.14000	208.00000
77.14500	212.00000
77.15000	208.00000
77.15500	198.00000
77.16000	210.00000
77.16500	219.00000
77.17000	209.00000
77.17500	208.00000
77.18000	215.00000
77.18500	208.00000
77.19000	199.00000
77.19500	197.00000
77.20000	209.00000
77.20500	217.00000
77.21000	210.00000
77.21500	214.00000
77.22000	217.00000
77.22500	200.00000
77.23000	195.00000
77.23500	216.00000
77.24000	213.00000
77.24500	218.00000
77.25000	232.00000
77.25500	217.00000
77.26000	219.00000
77.26500	218.00000
77.27000	212.00000
77.27500	221.00000
77.28000	237.00000
77.28500	223.00000
77.29000	224.00000
77.29500	222.00000
77.30000	219.00000
77.30500	218.00000
77.31000	232.00000
77.31500	234.00000
77.32000	245.00000
77.32500	225.00000
77.33000	218.00000
77.33500	221.00000
77.34000	230.00000
77.34500	230.00000
77.35000	212.00000
77.35500	205.00000
77.36000	206.00000
77.36500	209.00000
77.37000	208.00000
77.37500	210.00000
77.38000	214.00000
77.38500	209.00000
77.39000	204.00000
77.39500	205.00000
77.40000	222.00000
77.40500	229.00000
77.41000	225.00000
77.41500	211.00000
77.42000	213.00000
77.42500	207.00000
77.43000	196.00000
77.43500	213.00000
77.44000	215.00000
77.44500	217.00000
77.45000	242.00000
77.45500	228.00000
77.46000	231.00000
77.46500	214.00000
77.47000	206.00000
77.47500	208.00000
77.48000	218.00000
77.48500	216.00000
77.49000	209.00000
77.49500	220.00000
77.50000	216.00000
77.50500	219.00000
77.51000	220.00000
77.51500	220.00000
77.52000	223.00000
77.52500	205.00000
77.53000	197.00000
77.53500	210.00000
77.54000	210.00000
77.54500	213.00000
77.55000	208.00000
77.55500	199.00000
77.56000	195.00000
77.56500	192.00000
77.57000	196.00000
77.57500	208.00000
77.58000	217.00000
77.58500	267.00000
77.59000	257.00000
77.59500	252.00000
77.60000	237.00000
77.60500	226.00000
77.61000	240.00000
77.61500	227.00000
77.62000	223.00000
77.62500	203.00000
77.63000	194.00000
77.63500	216.00000
77.64000	221.00000
77.64500	225.00000
77.65000	224.00000
77.65500	224.00000
77.66000	229.00000
77.66500	241.00000
77.67000	240.00000
77.67500	227.00000
77.68000	233.00000
77.68500	222.00000
77.69000	223.00000
77.69500	217.00000
77.70000	216.00000
77.70500	225.00000
77.71000	222.00000
77.71500	222.00000
77.72000	226.00000
77.72500	225.00000
77.73000	216.00000
77.73500	222.00000
77.74000	223.00000
77.74500	224.00000
77.75000	219.00000
77.75500	222.00000
77.76000	219.00000
77.76500	227.00000
77.77000	224.00000
77.77500	231.00000
77.78000	243.00000
77.78500	226.00000
77.79000	236.00000
77.79500	222.00000
77.80000	222.00000
77.80500	228.00000
77.81000	231.00000
77.81500	251.00000
77.82000	242.00000
77.82500	226.00000
77.83000	223.00000
77.83500	246.00000
77.84000	237.00000
77.84500	240.00000
77.85000	240.00000
77.85500	239.00000
77.86000	242.00000
77.86500	248.00000
77.87000	270.00000
77.87500	264.00000
77.88000	258.00000
77.88500	252.00000
77.89000	254.00000
77.89500	242.00000
77.90000	240.00000
77.90500	243.00000
77.91000	279.00000
77.91500	309.00000
77.92000	273.00000
77.92500	250.00000
77.93000	233.00000
77.93500	250.00000
77.94000	248.00000
77.94500	249.00000
77.95000	252.00000
77.95500	238.00000
77.96000	225.00000
77.96500	226.00000
77.97000	221.00000
77.97500	240.00000
77.98000	247.00000
77.98500	233.00000
77.99000	227.00000
77.99500	224.00000
78.00000	243.00000
78.00500	252.00000
78.01000	236.00000
78.01500	237.00000
78.02000	250.00000
78.02500	229.00000
78.03000	218.00000
78.03500	244.00000
78.04000	244.00000
78.04500	251.00000
78.05000	242.00000
78.05500	235.00000
78.06000	245.00000
78.06500	242.00000
78.07000	238.00000
78.07500	245.00000
78.08000	238.00000
78.08500	237.00000
78.09000	225.00000
78.09500	238.00000
78.10000	232.00000
78.10500	233.00000
78.11000	249.00000
78.11500	246.00000
78.12000	245.00000
78.12500	228.00000
78.13000	213.00000
78.13500	224.00000
78.14000	224.00000
78.14500	227.00000
78.15000	233.00000
78.15500	227.00000
78.16000	221.00000
78.16500	215.00000
78.17000	208.00000
78.17500	219.00000
78.18000	221.00000
78.18500	217.00000
78.19000	220.00000
78.19500	224.00000
78.20000	238.00000
78.20500	235.00000
78.21000	227.00000
78.21500	221.00000
78.22000	226.00000
78.22500	212.00000
78.23000	212.00000
78.23500	240.00000
78.24000	227.00000
78.24500	234.00000
78.25000	231.00000
78.25500	223.00000
78.26000	223.00000
78.26500	223.00000
78.27000	227.00000
78.27500	223.00000
78.28000	239.00000
78.28500	232.00000
78.29000	221.00000
78.29500	211.00000
78.30000	218.00000
78.30500	236.00000
78.31000	244.00000
78.31500	236.00000
78.32000	232.00000
78.32500	229.00000
78.33000	211.00000
78.33500	218.00000
78.34000	219.00000
78.34500	226.00000
78.35000	232.00000
78.35500	212.00000
78.36000	216.00000
78.36500	210.00000
78.37000	210.00000
78.37500	231.00000
78.38000	230.00000
78.38500	226.00000
78.39000	226.00000
78.39500	227.00000
78.40000	219.00000
78.40500	223.00000
78.41000	223.00000
78.41500	221.00000
78.42000	241.00000
78.42500	222.00000
78.43000	210.00000
78.43500	221.00000
78.44000	236.00000
78.44500	230.00000
78.45000	235.00000
78.45500	226.00000
78.46000	234.00000
78.46500	234.00000
78.47000	233.00000
78.47500	231.00000
78.48000	238.00000
78.48500	228.00000
78.49000	225.00000
78.49500	230.00000
78.50000	242.00000
78.50500	228.00000
78.51000	226.00000
78.51500	219.00000
78.52000	225.00000
78.52500	206.00000
78.53000	194.00000
78.53500	232.00000
78.54000	229.00000
78.54500	224.00000
78.55000	213.00000
78.55500	207.00000
78.56000	217.00000
78.56500	213.00000
78.57000	209.00000
78.57500	220.00000
78.58000	225.00000
78.58500	216.00000
78.59000	210.00000
78.59500	208.00000
78.60000	219.00000
78.60500	229.00000
78.61000	241.00000
78.61500	236.00000
78.62000	235.00000
78.62500	215.00000
78.63000	218.00000
78.63500	226.00000
78.64000	235.00000
78.64500	249.00000
78.65000	250.00000
78.65500	237.00000
78.66000	241.00000
78.66500	245.00000
78.67000	255.00000
78.67500	240.00000
78.68000	236.00000
78.68500	228.00000
78.69000	215.00000
78.69500	225.00000
78.70000	238.00000
78.70500	230.00000
78.71000	235.00000
78.71500	234.00000
78.72000	224.00000
78.72500	208.00000
78.73000	202.00000
78.73500	213.00000
78.74000	216.00000
78.74500	229.00000
78.75000	233.00000
78.75500	221.00000
78.76000	234.00000
78.76500	220.00000
78.77000	215.00000
78.77500	224.00000
78.78000	225.00000
78.78500	229.00000
78.79000	228.00000
78.79500	255.00000
78.80000	239.00000
78.80500	238.00000
78.81000	235.00000
78.81500	216.00000
78.82000	235.00000
78.82500	269.00000
78.83000	235.00000
78.83500	240.00000
78.84000	233.00000
78.84500	243.00000
78.85000	245.00000
78.85500	275.00000
78.86000	254.00000
78.86500	260.00000
78.87000	243.00000
78.87500	245.00000
78.88000	250.00000
78.88500	231.00000
78.89000	226.00000
78.89500	233.00000
78.90000	228.00000
78.90500	230.00000
78.91000	244.00000
78.91500	236.00000
78.92000	237.00000
78.92500	220.00000
78.93000	221.00000
78.93500	232.00000
78.94000	230.00000
78.94500	264.00000
78.95000	250.00000
78.95500	241.00000
78.96000	226.00000
78.96500	226.00000
78.97000	227.00000
78.97500	234.00000
78.98000	238.00000
78.98500	240.00000
78.99000	273.00000
78.99500	266.00000
79.00000	275.00000
79.00500	267.00000
79.01000	266.00000
79.01500	259.00000
79.02000	239.00000
79.02500	234.00000
79.03000	229.00000
79.03500	251.00000
79.04000	257.00000
79.04500	255.00000
79.05000	250.00000
79.05500	245.00000
79.06000	252.00000
79.06500	251.00000
79.07000	262.00000
79.07500	278.00000
79.08000	263.00000
79.08500	297.00000
79.09000	293.00000
79.09500	274.00000
79.10000	266.00000
79.10500	270.00000
79.11000	269.00000
79.11500	263.00000
79.12000	268.00000
79.12500	241.00000
79.13000	252.00000
79.13500	267.00000
79.14000	274.00000
79.14500	285.00000
79.15000	274.00000
79.15500	265.00000
79.16000	262.00000
79.16500	262.00000
79.17000	256.00000
79.17500	259.00000
79.18000	272.00000
79.18500	264.00000
79.19000	264.00000
79.19500	260.00000
79.20000	260.00000
79.20500	280.00000
79.21000	282.00000
79.21500	280.00000
79.22000	266.00000
79.22500	251.00000
79.23000	243.00000
79.23500	266.00000
79.24000	268.00000
79.24500	286.00000
79.25000	277.00000
79.25500	256.00000
79.26000	263.00000
79.26500	286.00000
79.27000	274.00000
79.27500	268.00000
79.28000	278.00000
79.28500	262.00000
79.29000	248.00000
79.29500	250.00000
79.30000	248.00000
79.30500	252.00000
79.31000	256.00000
79.31500	255.00000
79.32000	267.00000
79.32500	243.00000
79.33000	240.00000
79.33500	243.00000
79.34000	235.00000
79.34500	263.00000
79.35000	253.00000
79.35500	243.00000
79.36000	262.00000
79.36500	267.00000
79.37000	249.00000
79.37500	246.00000
79.38000	236.00000
79.38500	236.00000
79.39000	239.00000
79.39500	239.00000
79.40000	242.00000
79.40500	259.00000
79.41000	256.00000
79.41500	258.00000
79.42000	269.00000
79.42500	260.00000
79.43000	257.00000
79.43500	260.00000
79.44000	264.00000
79.44500	260.00000
79.45000	266.00000
79.45500	268.00000
79.46000	262.00000
79.46500	253.00000
79.47000	252.00000
79.47500	264.00000
79.48000	287.00000
79.48500	280.00000
79.49000	277.00000
79.49500	260.00000
79.50000	264.00000
79.50500	249.00000
79.51000	258.00000
79.51500	255.00000
79.52000	253.00000
79.52500	250.00000
79.53000	232.00000
79.53500	242.00000
79.54000	250.00000
79.54500	250.00000
79.55000	248.00000
79.55500	244.00000
79.56000	245.00000
79.56500	247.00000
79.57000	263.00000
79.57500	264.00000
79.58000	268.00000
79.58500	262.00000
79.59000	247.00000
79.59500	259.00000
79.60000	265.00000
79.60500	262.00000
79.61000	272.00000
79.61500	285.00000
79.62000	294.00000
79.62500	265.00000
79.63000	275.00000
79.63500	268.00000
79.64000	258.00000
79.64500	276.00000
79.65000	277.00000
79.65500	287.00000
79.66000	266.00000
79.66500	261.00000
79.67000	278.00000
79.67500	286.00000
79.68000	289.00000
79.68500	286.00000
79.69000	271.00000
79.69500	277.00000
79.70000	263.00000
79.70500	272.00000
79.71000	280.00000
79.71500	267.00000
79.72000	269.00000
79.72500	261.00000
79.73000	264.00000
79.73500	278.00000
79.74000	287.00000
79.74500	279.00000
79.75000	272.00000
79.75500	262.00000
79.76000	275.00000
79.76500	269.00000
79.77000	258.00000
79.77500	266.00000
79.78000	264.00000
79.78500	270.00000
79.79000	286.00000
79.79500	317.00000
79.80000	301.00000
79.80500	287.00000
79.81000	297.00000
79.81500	284.00000
79.82000	272.00000
79.82500	247.00000
79.83000	245.00000
79.83500	247.00000
79.84000	243.00000
79.84500	252.00000
79.85000	257.00000
79.85500	269.00000
79.86000	269.00000
79.86500	269.00000
79.87000	270.00000
79.87500	271.00000
79.88000	272.00000
79.88500	270.00000
79.89000	268.00000
79.89500	274.00000
79.90000	273.00000
79.90500	279.00000
79.91000	272.00000
79.91500	267.00000
79.92000	280.00000
79.92500	261.00000
79.93000	244.00000
79.93500	263.00000
79.94000	282.00000
79.94500	282.00000
79.95000	274.00000
79.95500	263.00000
79.96000	251.00000
79.96500	244.00000
79.97000	246.00000
79.97500	261.00000
79.98000	269.00000
79.98500	270.00000
79.99000	261.00000
79.99500	267.00000
80.00000	272.00000
80.00500	272.00000
80.01000	279.00000
80.01500	258.00000
80.02000	271.00000
80.02500	267.00000
80.03000	250.00000
80.03500	275.00000
80.04000	267.00000
80.04500	264.00000
80.05000	255.00000
80.05500	250.00000
80.06000	263.00000
80.06500	267.00000
80.07000	289.00000
80.07500	289.00000
80.08000	285.00000
80.08500	273.00000
80.09000	274.00000
80.09500	281.00000
80.10000	286.00000
80.10500	283.00000
80.11000	286.00000
80.11500	318.00000
80.12000	305.00000
80.12500	296.00000
80.13000	284.00000
80.13500	281.00000
80.14000	293.00000
80.14500	300.00000
80.15000	287.00000
80.15500	270.00000
80.16000	259.00000
80.16500	280.00000
80.17000	284.00000
80.17500	281.00000
80.18000	265.00000
80.18500	268.00000
80.19000	274.00000
80.19500	263.00000
80.20000	257.00000
80.20500	271.00000
80.21000	259.00000
80.21500	252.00000
80.22000	250.00000
80.22500	249.00000
80.23000	238.00000
80.23500	253.00000
80.24000	256.00000
80.24500	254.00000
80.25000	252.00000
80.25500	255.00000
80.26000	256.00000
80.26500	250.00000
80.27000	253.00000
80.27500	254.00000
80.28000	258.00000
80.28500	264.00000
80.29000	252.00000
80.29500	250.00000
80.30000	259.00000
80.30500	268.00000
80.31000	282.00000
80.31500	283.00000
80.32000	291.00000
80.32500	265.00000
80.33000	243.00000
80.33500	251.00000
80.34000	255.00000
80.34500	246.00000
80.35000	242.00000
80.35500	241.00000
80.36000	235.00000
80.36500	241.00000
80.37000	239.00000
80.37500	262.00000
80.38000	279.00000
80.38500	283.00000
80.39000	273.00000
80.39500	257.00000
80.40000	259.00000
80.40500	264.00000
80.41000	273.00000
80.41500	261.00000
80.42000	266.00000
80.42500	259.00000
80.43000	245.00000
80.43500	248.00000
80.44000	258.00000
80.44500	268.00000
80.45000	269.00000
80.45500	263.00000
80.46000	259.00000
80.46500	257.00000
80.47000	269.00000
80.47500	280.00000
80.48000	288.00000
80.48500	278.00000
80.49000	269.00000
80.49500	266.00000
80.50000	266.00000
80.50500	272.00000
80.51000	269.00000
80.51500	287.00000
80.52000	282.00000
80.52500	265.00000
80.53000	263.00000
80.53500	274.00000
80.54000	272.00000
80.54500	275.00000
80.55000	274.00000
80.55500	287.00000
80.56000	291.00000
80.56500	283.00000
80.57000	286.00000
80.57500	309.00000
80.58000	295.00000
80.58500	289.00000
80.59000	281.00000
80.59500	270.00000
80.60000	285.00000
80.60500	297.00000
80.61000	307.00000
80.61500	320.00000
80.62000	324.00000
80.62500	299.00000
80.63000	295.00000
80.63500	322.00000
80.64000	333.00000
80.64500	371.00000
80.65000	358.00000
80.65500	341.00000
80.66000	334.00000
80.66500	330.00000
80.67000	321.00000
80.67500	333.00000
80.68000	338.00000
80.68500	346.00000
80.69000	342.00000
80.69500	349.00000
80.70000	368.00000
80.70500	377.00000
80.71000	366.00000
80.71500	343.00000
80.72000	342.00000
80.72500	335.00000
80.73000	321.00000
80.73500	334.00000
80.74000	338.00000
80.74500	345.00000
80.75000	351.00000
80.75500	334.00000
80.76000	330.00000
80.76500	343.00000
80.77000	355.00000
80.77500	341.00000
80.78000	349.00000
80.78500	342.00000
80.79000	335.00000
80.79500	342.00000
80.80000	374.00000
80.80500	346.00000
80.81000	324.00000
80.81500	311.00000
80.82000	342.00000
80.82500	313.00000
80.83000	327.00000
80.83500	326.00000
80.84000	334.00000
80.84500	387.00000
80.85000	372.00000
80.85500	351.00000
80.86000	351.00000
80.86500	338.00000
80.87000	311.00000
80.87500	309.00000
80.88000	309.00000
80.88500	307.00000
80.89000	284.00000
80.89500	281.00000
80.90000	284.00000
80.90500	297.00000
80.91000	295.00000
80.91500	290.00000
80.92000	315.00000
80.92500	288.00000
80.93000	278.00000
80.93500	292.00000
80.94000	282.00000
80.94500	270.00000
80.95000	261.00000
80.95500	258.00000
80.96000	266.00000
80.96500	275.00000
80.97000	288.00000
80.97500	274.00000
80.98000	276.00000
80.98500	267.00000
80.99000	265.00000
80.99500	255.00000
81.00000	261.00000
81.00500	287.00000
81.01000	279.00000
81.01500	258.00000
81.02000	266.00000
81.02500	266.00000
81.03000	259.00000
81.03500	274.00000
81.04000	256.00000
81.04500	258.00000
81.05000	262.00000
81.05500	253.00000
81.06000	272.00000
81.06500	255.00000
81.07000	251.00000
81.07500	252.00000
81.08000	257.00000
81.08500	256.00000
81.09000	249.00000
81.09500	250.00000
81.10000	263.00000
81.10500	264.00000
81.11000	265.00000
81.11500	246.00000
81.12000	245.00000
81.12500	248.00000
81.13000	271.00000
81.13500	259.00000
81.14000	262.00000
81.14500	250.00000
81.15000	249.00000
81.15500	247.00000
81.16000	257.00000
81.16500	258.00000
81.17000	238.00000
81.17500	243.00000
81.18000	238.00000
81.18500	238.00000
81.19000	250.00000
81.19500	240.00000
81.20000	242.00000
81.20500	245.00000
81.21000	259.00000
81.21500	256.00000
81.22000	239.00000
81.22500	245.00000
81.23000	237.00000
81.23500	248.00000
81.24000	262.00000
81.24500	264.00000
81.25000	250.00000
81.25500	236.00000
81.26000	233.00000
81.26500	224.00000
81.27000	233.00000
81.27500	261.00000
81.28000	255.00000
81.28500	241.00000
81.29000	226.00000
81.29500	271.00000
81.30000	251.00000
81.30500	244.00000
81.31000	249.00000
81.31500	233.00000
81.32000	257.00000
81.32500	248.00000
81.33000	220.00000
81.33500	232.00000
81.34000	241.00000
81.34500	241.00000
81.35000	235.00000
81.35500	225.00000
81.36000	245.00000
81.36500	247.00000
81.37000	241.00000
81.37500	260.00000
81.38000	251.00000
81.38500	231.00000
81.39000	226.00000
81.39500	233.00000
81.40000	240.00000
81.40500	244.00000
81.41000	232.00000
81.41500	220.00000
81.42000	227.00000
81.42500	222.00000
81.43000	217.00000
81.43500	234.00000
81.44000	237.00000
81.44500	253.00000
81.45000	253.00000
81.45500	249.00000
81.46000	249.00000
81.46500	242.00000
81.47000	249.00000
81.47500	244.00000
81.48000	246.00000
81.48500	245.00000
81.49000	239.00000
81.49500	240.00000
81.50000	238.00000
81.50500	237.00000
81.51000	231.00000
81.51500	225.00000
81.52000	230.00000
81.52500	222.00000
81.53000	214.00000
81.53500	230.00000
81.54000	251.00000
81.54500	272.00000
81.55000	258.00000
81.55500	241.00000
81.56000	272.00000
81.56500	253.00000
81.57000	232.00000
81.57500	238.00000
81.58000	274.00000
81.58500	261.00000
81.59000	243.00000
81.59500	231.00000
81.60000	232.00000
81.60500	241.00000
81.61000	236.00000
81.61500	229.00000
81.62000	242.00000
81.62500	250.00000
81.63000	242.00000
81.63500	247.00000
81.64000	234.00000
81.64500	245.00000
81.65000	236.00000
81.65500	231.00000
81.66000	236.00000
81.66500	234.00000
81.67000	231.00000
81.67500	235.00000
81.68000	242.00000
81.68500	229.00000
81.69000	224.00000
81.69500	233.00000
81.70000	244.00000
81.70500	246.00000
81.71000	240.00000
81.71500	239.00000
81.72000	238.00000
81.72500	227.00000
81.73000	221.00000
81.73500	253.00000
81.74000	257.00000
81.74500	244.00000
81.75000	231.00000
81.75500	227.00000
81.76000	237.00000
81.76500	226.00000
81.77000	227.00000
81.77500	230.00000
81.78000	229.00000
81.78500	225.00000
81.79000	222.00000
81.79500	226.00000
81.80000	244.00000
81.80500	245.00000
81.81000	242.00000
81.81500	224.00000
81.82000	222.00000
81.82500	217.00000
81.83000	211.00000
81.83500	236.00000
81.84000	260.00000
81.84500	262.00000
81.85000	246.00000
81.85500	264.00000
81.86000	275.00000
81.86500	253.00000
81.87000	246.00000
81.87500	245.00000
81.88000	247.00000
81.88500	250.00000
81.89000	239.00000
81.89500	239.00000
81.90000	231.00000
81.90500	230.00000
81.91000	239.00000
81.91500	252.00000
81.92000	258.00000
81.92500	247.00000
81.93000	234.00000
81.93500	233.00000
81.94000	227.00000
81.94500	232.00000
81.95000	227.00000
81.95500	226.00000
81.96000	240.00000
81.96500	232.00000
81.97000	222.00000
81.97500	223.00000
81.98000	235.00000
81.98500	233.00000
81.99000	220.00000
81.99500	218.00000
82.00000	248.00000
82.00500	261.00000
82.01000	239.00000
82.01500	225.00000
82.02000	235.00000
82.02500	217.00000
82.03000	210.00000
82.03500	230.00000
82.04000	228.00000
82.04500	239.00000
82.05000	250.00000
82.05500	250.00000
82.06000	250.00000
82.06500	229.00000
82.07000	239.00000
82.07500	244.00000
82.08000	246.00000
82.08500	246.00000
82.09000	227.00000
82.09500	235.00000
82.10000	227.00000
82.10500	227.00000
82.11000	233.00000
82.11500	230.00000
82.12000	237.00000
82.12500	221.00000
82.13000	217.00000
82.13500	230.00000
82.14000	235.00000
82.14500	237.00000
82.15000	255.00000
82.15500	232.00000
82.16000	227.00000
82.16500	222.00000
82.17000	215.00000
82.17500	230.00000
82.18000	242.00000
82.18500	233.00000
82.19000	239.00000
82.19500	236.00000
82.20000	242.00000
82.20500	287.00000
82.21000	289.00000
82.21500	245.00000
82.22000	237.00000
82.22500	235.00000
82.23000	235.00000
82.23500	255.00000
82.24000	255.00000
82.24500	249.00000
82.25000	248.00000
82.25500	247.00000
82.26000	271.00000
82.26500	262.00000
82.27000	257.00000
82.27500	263.00000
82.28000	263.00000
82.28500	267.00000
82.29000	275.00000
82.29500	267.00000
82.30000	257.00000
82.30500	251.00000
82.31000	247.00000
82.31500	248.00000
82.32000	258.00000
82.32500	248.00000
82.33000	230.00000
82.33500	247.00000
82.34000	267.00000
82.34500	276.00000
82.35000	255.00000
82.35500	240.00000
82.36000	241.00000
82.36500	236.00000
82.37000	228.00000
82.37500	242.00000
82.38000	251.00000
82.38500	249.00000
82.39000	247.00000
82.39500	247.00000
82.40000	241.00000
82.40500	237.00000
82.41000	250.00000
82.41500	243.00000
82.42000	247.00000
82.42500	235.00000
82.43000	238.00000
82.43500	251.00000
82.44000	258.00000
82.44500	281.00000
82.45000	269.00000
82.45500	251.00000
82.46000	248.00000
82.46500	258.00000
82.47000	267.00000
82.47500	278.00000
82.48000	272.00000
82.48500	259.00000
82.49000	247.00000
82.49500	257.00000
82.50000	294.00000
82.50500	306.00000
82.51000	269.00000
82.51500	259.00000
82.52000	252.00000
82.52500	230.00000
82.53000	225.00000
82.53500	239.00000
82.54000	248.00000
82.54500	250.00000
82.55000	248.00000
82.55500	248.00000
82.56000	244.00000
82.56500	236.00000
82.57000	238.00000
82.57500	248.00000
82.58000	250.00000
82.58500	251.00000
82.59000	249.00000
82.59500	237.00000
82.60000	257.00000
82.60500	252.00000
82.61000	259.00000
82.61500	251.00000
82.62000	268.00000
82.62500	284.00000
82.63000	285.00000
82.63500	282.00000
82.64000	277.00000
82.64500	282.00000
82.65000	271.00000
82.65500	269.00000
82.66000	285.00000
82.66500	292.00000
82.67000	275.00000
82.67500	281.00000
82.68000	292.00000
82.68500	331.00000
82.69000	350.00000
82.69500	313.00000
82.70000	297.00000
82.70500	295.00000
82.71000	293.00000
82.71500	296.00000
82.72000	301.00000
82.72500	278.00000
82.73000	260.00000
82.73500	284.00000
82.74000	314.00000
82.74500	306.00000
82.75000	295.00000
82.75500	293.00000
82.76000	295.00000
82.76500	307.00000
82.77000	317.00000
82.77500	308.00000
82.78000	320.00000
82.78500	308.00000
82.79000	319.00000
82.79500	339.00000
82.80000	329.00000
82.80500	335.00000
82.81000	347.00000
82.81500	339.00000
82.82000	330.00000
82.82500	326.00000
82.83000	330.00000
82.83500	332.00000
82.84000	331.00000
82.84500	339.00000
82.85000	360.00000
82.85500	358.00000
82.86000	370.00000
82.86500	387.00000
82.87000	377.00000
82.87500	374.00000
82.88000	383.00000
82.88500	387.00000
82.89000	375.00000
82.89500	362.00000
82.90000	370.00000
82.90500	398.00000
82.91000	411.00000
82.91500	405.00000
82.92000	402.00000
82.92500	410.00000
82.93000	443.00000
82.93500	455.00000
82.94000	429.00000
82.94500	430.00000
82.95000	430.00000
82.95500	433.00000
82.96000	431.00000
82.96500	431.00000
82.97000	411.00000
82.97500	427.00000
82.98000	429.00000
82.98500	456.00000
82.99000	450.00000
82.99500	441.00000
83.00000	441.00000
83.00500	471.00000
83.01000	465.00000
83.01500	470.00000
83.02000	444.00000
83.02500	422.00000
83.03000	424.00000
83.03500	433.00000
83.04000	462.00000
83.04500	453.00000
83.05000	456.00000
83.05500	468.00000
83.06000	459.00000
83.06500	428.00000
83.07000	430.00000
83.07500	438.00000
83.08000	464.00000
83.08500	460.00000
83.09000	465.00000
83.09500	461.00000
83.10000	461.00000
83.10500	488.00000
83.11000	515.00000
83.11500	497.00000
83.12000	481.00000
83.12500	439.00000
83.13000	417.00000
83.13500	448.00000
83.14000	457.00000
83.14500	467.00000
83.15000	496.00000
83.15500	462.00000
83.16000	491.00000
83.16500	470.00000
83.17000	455.00000
83.17500	446.00000
83.18000	447.00000
83.18500	442.00000
83.19000	446.00000
83.19500	436.00000
83.20000	457.00000
83.20500	459.00000
83.21000	475.00000
83.21500	494.00000
83.22000	466.00000
83.22500	425.00000
83.23000	407.00000
83.23500	422.00000
83.24000	417.00000
83.24500	430.00000
83.25000	450.00000
83.25500	427.00000
83.26000	403.00000
83.26500	403.00000
83.27000	406.00000
83.27500	407.00000
83.28000	402.00000
83.28500	449.00000
83.29000	434.00000
83.29500	413.00000
83.30000	417.00000
83.30500	420.00000
83.31000	415.00000
83.31500	378.00000
83.32000	390.00000
83.32500	372.00000
83.33000	359.00000
83.33500	394.00000
83.34000	376.00000
83.34500	366.00000
83.35000	366.00000
83.35500	355.00000
83.36000	356.00000
83.36500	353.00000
83.37000	362.00000
83.37500	359.00000
83.38000	352.00000
83.38500	360.00000
83.39000	337.00000
83.39500	321.00000
83.40000	333.00000
83.40500	321.00000
83.41000	320.00000
83.41500	308.00000
83.42000	299.00000
83.42500	299.00000
83.43000	293.00000
83.43500	300.00000
83.44000	302.00000
83.44500	309.00000
83.45000	318.00000
83.45500	313.00000
83.46000	317.00000
83.46500	319.00000
83.47000	309.00000
83.47500	303.00000
83.48000	320.00000
83.48500	320.00000
83.49000	327.00000
83.49500	323.00000
83.50000	332.00000
83.50500	328.00000
83.51000	334.00000
83.51500	310.00000
83.52000	300.00000
83.52500	288.00000
83.53000	267.00000
83.53500	270.00000
83.54000	283.00000
83.54500	290.00000
83.55000	295.00000
83.55500	279.00000
83.56000	276.00000
83.56500	259.00000
83.57000	264.00000
83.57500	282.00000
83.58000	279.00000
83.58500	264.00000
83.59000	257.00000
83.59500	251.00000
83.60000	257.00000
83.60500	268.00000
83.61000	265.00000
83.61500	254.00000
83.62000	247.00000
83.62500	241.00000
83.63000	229.00000
83.63500	242.00000
83.64000	243.00000
83.64500	246.00000
83.65000	270.00000
83.65500	260.00000
83.66000	262.00000
83.66500	262.00000
83.67000	262.00000
83.67500	258.00000
83.68000	258.00000
83.68500	259.00000
83.69000	257.00000
83.69500	256.00000
83.70000	251.00000
83.70500	261.00000
83.71000	259.00000
83.71500	248.00000
83.72000	246.00000
83.72500	233.00000
83.73000	235.00000
83.73500	251.00000
83.74000	245.00000
83.74500	253.00000
83.75000	251.00000
83.75500	239.00000
83.76000	239.00000
83.76500	231.00000
83.77000	236.00000
83.77500	243.00000
83.78000	257.00000
83.78500	252.00000
83.79000	247.00000
83.79500	233.00000
83.80000	241.00000
83.80500	256.00000
83.81000	255.00000
83.81500	258.00000
83.82000	261.00000
83.82500	236.00000
83.83000	220.00000
83.83500	241.00000
83.84000	275.00000
83.84500	259.00000
83.85000	254.00000
83.85500	244.00000
83.86000	251.00000
83.86500	246.00000
83.87000	236.00000
83.87500	252.00000
83.88000	282.00000
83.88500	285.00000
83.89000	256.00000
83.89500	252.00000
83.90000	255.00000
83.90500	259.00000
83.91000	281.00000
83.91500	262.00000
83.92000	261.00000
83.92500	236.00000
83.93000	229.00000
83.93500	238.00000
83.94000	237.00000
83.94500	235.00000
83.95000	234.00000
83.95500	244.00000
83.96000	266.00000
83.96500	259.00000
83.97000	238.00000
83.97500	241.00000
83.98000	246.00000
83.98500	229.00000
83.99000	226.00000
83.99500	230.00000
84.00000	253.00000
84.00500	253.00000
84.01000	245.00000
84.01500	226.00000
84.02000	244.00000
84.02500	229.00000
84.03000	231.00000
84.03500	257.00000
84.04000	259.00000
84.04500	245.00000
84.05000	252.00000
84.05500	253.00000
84.06000	259.00000
84.06500	263.00000
84.07000	254.00000
84.07500	251.00000
84.08000	252.00000
84.08500	241.00000
84.09000	231.00000
84.09500	235.00000
84.10000	233.00000
84.10500	233.00000
84.11000	237.00000
84.11500	233.00000
84.12000	239.00000
84.12500	233.00000
84.13000	237.00000
84.13500	246.00000
84.14000	238.00000
84.14500	234.00000
84.15000	228.00000
84.15500	225.00000
84.16000	228.00000
84.16500	221.00000
84.17000	228.00000
84.17500	226.00000
84.18000	236.00000
84.18500	244.00000
84.19000	237.00000
84.19500	231.00000
84.20000	223.00000
84.20500	236.00000
84.21000	238.00000
84.21500	245.00000
84.22000	253.00000
84.22500	245.00000
84.23000	230.00000
84.23500	247.00000
84.24000	246.00000
84.24500	249.00000
84.25000	248.00000
84.25500	241.00000
84.26000	247.00000
84.26500	253.00000
84.27000	239.00000
84.27500	252.00000
84.28000	254.00000
84.28500	272.00000
84.29000	263.00000
84.29500	248.00000
84.30000	266.00000
84.30500	270.00000
84.31000	284.00000
84.31500	268.00000
84.32000	262.00000
84.32500	247.00000
84.33000	233.00000
84.33500	250.00000
84.34000	248.00000
84.34500	250.00000
84.35000	244.00000
84.35500	242.00000
84.36000	237.00000
84.36500	242.00000
84.37000	230.00000
84.37500	230.00000
84.38000	239.00000
84.38500	253.00000
84.39000	246.00000
84.39500	256.00000
84.40000	255.00000
84.40500	243.00000
84.41000	255.00000
84.41500	266.00000
84.42000	267.00000
84.42500	256.00000
84.43000	242.00000
84.43500	264.00000
84.44000	274.00000
84.44500	267.00000
84.45000	257.00000
84.45500	256.00000
84.46000	252.00000
84.46500	236.00000
84.47000	242.00000
84.47500	247.00000
84.48000	264.00000
84.48500	262.00000
84.49000	259.00000
84.49500	254.00000
84.50000	267.00000
84.50500	269.00000
84.51000	256.00000
84.51500	270.00000
84.52000	271.00000
84.52500	241.00000
84.53000	238.00000
84.53500	242.00000
84.54000	240.00000
84.54500	252.00000
84.55000	245.00000
84.55500	238.00000
84.56000	242.00000
84.56500	238.00000
84.57000	251.00000
84.57500	240.00000
84.58000	258.00000
84.58500	252.00000
84.59000	247.00000
84.59500	251.00000
84.60000	235.00000
84.60500	235.00000
84.61000	233.00000
84.61500	244.00000
84.62000	255.00000
84.62500	246.00000
84.63000	231.00000
84.63500	249.00000
84.64000	247.00000
84.64500	253.00000
84.65000	245.00000
84.65500	263.00000
84.66000	256.00000
84.66500	252.00000
84.67000	251.00000
84.67500	253.00000
84.68000	258.00000
84.68500	250.00000
84.69000	246.00000
84.69500	261.00000
84.70000	272.00000
84.70500	283.00000
84.71000	284.00000
84.71500	267.00000
84.72000	258.00000
84.72500	232.00000
84.73000	216.00000
84.73500	226.00000
84.74000	244.00000
84.74500	245.00000
84.75000	235.00000
84.75500	230.00000
84.76000	224.00000
84.76500	214.00000
84.77000	212.00000
84.77500	232.00000
84.78000	260.00000
84.78500	266.00000
84.79000	264.00000
84.79500	248.00000
84.80000	244.00000
84.80500	239.00000
84.81000	236.00000
84.81500	233.00000
84.82000	242.00000
84.82500	220.00000
84.83000	215.00000
84.83500	242.00000
84.84000	256.00000
84.84500	264.00000
84.85000	279.00000
84.85500	258.00000
84.86000	253.00000
84.86500	246.00000
84.87000	239.00000
84.87500	252.00000
84.88000	251.00000
84.88500	250.00000
84.89000	250.00000
84.89500	242.00000
84.90000	239.00000
84.90500	256.00000
84.91000	279.00000
84.91500	256.00000
84.92000	258.00000
84.92500	241.00000
84.93000	239.00000
84.93500	253.00000
84.94000	254.00000
84.94500	249.00000
84.95000	243.00000
84.95500	246.00000
84.96000	261.00000
84.96500	252.00000
84.97000	243.00000
84.97500	248.00000
84.98000	262.00000
84.98500	256.00000
84.99000	239.00000
84.99500	244.00000
85.00000	248.00000
85.00500	273.00000
85.01000	271.00000
85.01500	269.00000
85.02000	270.00000
85.02500	251.00000
85.03000	242.00000
85.03500	263.00000
85.04000	272.00000
85.04500	288.00000
85.05000	293.00000
85.05500	270.00000
85.06000	274.00000
85.06500	278.00000
85.07000	285.00000
85.07500	293.00000
85.08000	297.00000
85.08500	283.00000
85.09000	264.00000
85.09500	264.00000
85.10000	251.00000
85.10500	263.00000
85.11000	281.00000
85.11500	297.00000
85.12000	310.00000
85.12500	314.00000
85.13000	280.00000
85.13500	301.00000
85.14000	288.00000
85.14500	288.00000
85.15000	289.00000
85.15500	273.00000
85.16000	294.00000
85.16500	292.00000
85.17000	281.00000
85.17500	274.00000
85.18000	288.00000
85.18500	280.00000
85.19000	271.00000
85.19500	293.00000
85.20000	287.00000
85.20500	309.00000
85.21000	303.00000
85.21500	307.00000
85.22000	298.00000
85.22500	276.00000
85.23000	306.00000
85.23500	319.00000
85.24000	318.00000
85.24500	300.00000
85.25000	300.00000
85.25500	294.00000
85.26000	295.00000
85.26500	313.00000
85.27000	327.00000
85.27500	323.00000
85.28000	324.00000
85.28500	328.00000
85.29000	313.00000
85.29500	312.00000
85.30000	322.00000
85.30500	328.00000
85.31000	316.00000
85.31500	321.00000
85.32000	342.00000
85.32500	325.00000
85.33000	319.00000
85.33500	335.00000
85.34000	330.00000
85.34500	317.00000
85.35000	323.00000
85.35500	321.00000
85.36000	317.00000
85.36500	330.00000
85.37000	323.00000
85.37500	334.00000
85.38000	334.00000
85.38500	322.00000
85.39000	315.00000
85.39500	337.00000
85.40000	357.00000
85.40500	357.00000
85.41000	357.00000
85.41500	359.00000
85.42000	369.00000
85.42500	380.00000
85.43000	362.00000
85.43500	392.00000
85.44000	406.00000
85.44500	418.00000
85.45000	420.00000
85.45500	402.00000
85.46000	391.00000
85.46500	385.00000
85.47000	391.00000
85.47500	412.00000
85.48000	415.00000
85.48500	424.00000
85.49000	428.00000
85.49500	415.00000
85.50000	403.00000
85.50500	410.00000
85.51000	421.00000
85.51500	436.00000
85.52000	432.00000
85.52500	411.00000
85.53000	407.00000
85.53500	429.00000
85.54000	432.00000
85.54500	407.00000
85.55000	390.00000
85.55500	392.00000
85.56000	374.00000
85.56500	362.00000
85.57000	385.00000
85.57500	497.00000
85.58000	475.00000
85.58500	406.00000
85.59000	384.00000
85.59500	380.00000
85.60000	381.00000
85.60500	378.00000
85.61000	377.00000
85.61500	366.00000
85.62000	358.00000
85.62500	357.00000
85.63000	335.00000
85.63500	338.00000
85.64000	345.00000
85.64500	365.00000
85.65000	345.00000
85.65500	329.00000
85.66000	334.00000
85.66500	326.00000
85.67000	324.00000
85.67500	326.00000
85.68000	328.00000
85.68500	316.00000
85.69000	294.00000
85.69500	299.00000
85.70000	306.00000
85.70500	320.00000
85.71000	310.00000
85.71500	297.00000
85.72000	329.00000
85.72500	306.00000
85.73000	277.00000
85.73500	285.00000
85.74000	280.00000
85.74500	294.00000
85.75000	297.00000
85.75500	313.00000
85.76000	300.00000
85.76500	282.00000
85.77000	256.00000
85.77500	264.00000
85.78000	269.00000
85.78500	261.00000
85.79000	257.00000
85.79500	261.00000
85.80000	252.00000
85.80500	260.00000
85.81000	245.00000
85.81500	254.00000
85.82000	258.00000
85.82500	244.00000
85.83000	232.00000
85.83500	273.00000
85.84000	277.00000
85.84500	269.00000
85.85000	272.00000
85.85500	262.00000
85.86000	268.00000
85.86500	258.00000
85.87000	251.00000
85.87500	253.00000
85.88000	259.00000
85.88500	268.00000
85.89000	255.00000
85.89500	249.00000
85.90000	246.00000
85.90500	249.00000
85.91000	263.00000
85.91500	252.00000
85.92000	247.00000
85.92500	254.00000
85.93000	242.00000
85.93500	284.00000
85.94000	272.00000
85.94500	269.00000
85.95000	248.00000
85.95500	232.00000
85.96000	242.00000
85.96500	237.00000
85.97000	231.00000
85.97500	229.00000
85.98000	240.00000
85.98500	234.00000
85.99000	243.00000
85.99500	241.00000
86.00000	234.00000
86.00500	246.00000
86.01000	249.00000
86.01500	257.00000
86.02000	256.00000
86.02500	253.00000
86.03000	234.00000
86.03500	255.00000
86.04000	256.00000
86.04500	260.00000
86.05000	251.00000
86.05500	249.00000
86.06000	259.00000
86.06500	252.00000
86.07000	255.00000
86.07500	257.00000
86.08000	269.00000
86.08500	271.00000
86.09000	271.00000
86.09500	251.00000
86.10000	248.00000
86.10500	257.00000
86.11000	255.00000
86.11500	241.00000
86.12000	246.00000
86.12500	241.00000
86.13000	251.00000
86.13500	255.00000
86.14000	246.00000
86.14500	254.00000
86.15000	252.00000
86.15500	244.00000
86.16000	249.00000
86.16500	249.00000
86.17000	236.00000
86.17500	254.00000
86.18000	259.00000
86.18500	252.00000
86.19000	235.00000
86.19500	234.00000
86.20000	250.00000
86.20500	247.00000
86.21000	254.00000
86.21500	253.00000
86.22000	265.00000
86.22500	260.00000
86.23000	241.00000
86.23500	261.00000
86.24000	274.00000
86.24500	271.00000
86.25000	298.00000
86.25500	262.00000
86.26000	251.00000
86.26500	256.00000
86.27000	251.00000
86.27500	253.00000
86.28000	267.00000
86.28500	264.00000
86.29000	264.00000
86.29500	259.00000
86.30000	269.00000
86.30500	282.00000
86.31000	270.00000
86.31500	255.00000
86.32000	266.00000
86.32500	240.00000
86.33000	234.00000
86.33500	247.00000
86.34000	251.00000
86.34500	276.00000
86.35000	277.00000
86.35500	275.00000
86.36000	265.00000
86.36500	259.00000
86.37000	259.00000
86.37500	262.00000
86.38000	275.00000
86.38500	270.00000
86.39000	269.00000
86.39500	258.00000
86.40000	276.00000
86.40500	280.00000
86.41000	277.00000
86.41500	271.00000
86.42000	308.00000
86.42500	322.00000
86.43000	286.00000
86.43500	307.00000
86.44000	293.00000
86.44500	283.00000
86.45000	279.00000
86.45500	281.00000
86.46000	288.00000
86.46500	283.00000
86.47000	280.00000
86.47500	286.00000
86.48000	292.00000
86.48500	286.00000
86.49000	284.00000
86.49500	302.00000
86.50000	313.00000
86.50500	308.00000
86.51000	290.00000
86.51500	299.00000
86.52000	282.00000
86.52500	278.00000
86.53000	271.00000
86.53500	311.00000
86.54000	312.00000
86.54500	314.00000
86.55000	301.00000
86.55500	303.00000
86.56000	311.00000
86.56500	287.00000
86.57000	279.00000
86.57500	288.00000
86.58000	303.00000
86.58500	300.00000
86.59000	288.00000
86.59500	284.00000
86.60000	277.00000
86.60500	290.00000
86.61000	299.00000
86.61500	309.00000
86.62000	329.00000
86.62500	318.00000
86.63000	296.00000
86.63500	314.00000
86.64000	332.00000
86.64500	354.00000
86.65000	342.00000
86.65500	325.00000
86.66000	324.00000
86.66500	323.00000
86.67000	321.00000
86.67500	339.00000
86.68000	341.00000
86.68500	329.00000
86.69000	329.00000
86.69500	319.00000
86.70000	337.00000
86.70500	346.00000
86.71000	333.00000
86.71500	325.00000
86.72000	323.00000
86.72500	315.00000
86.73000	307.00000
86.73500	312.00000
86.74000	312.00000
86.74500	335.00000
86.75000	353.00000
86.75500	337.00000
86.76000	351.00000
86.76500	338.00000
86.77000	317.00000
86.77500	312.00000
86.78000	324.00000
86.78500	312.00000
86.79000	301.00000
86.79500	307.00000
86.80000	305.00000
86.80500	295.00000
86.81000	309.00000
86.81500	323.00000
86.82000	314.00000
86.82500	302.00000
86.83000	290.00000
86.83500	298.00000
86.84000	320.00000
86.84500	319.00000
86.85000	309.00000
86.85500	303.00000
86.86000	313.00000
86.86500	324.00000
86.87000	312.00000
86.87500	295.00000
86.88000	296.00000
86.88500	309.00000
86.89000	288.00000
86.89500	285.00000
86.90000	285.00000
86.90500	326.00000
86.91000	333.00000
86.91500	297.00000
86.92000	277.00000
86.92500	269.00000
86.93000	293.00000
86.93500	302.00000
86.94000	286.00000
86.94500	276.00000
86.95000	275.00000
86.95500	267.00000
86.96000	272.00000
86.96500	274.00000
86.97000	260.00000
86.97500	258.00000
86.98000	270.00000
86.98500	281.00000
86.99000	269.00000
86.99500	261.00000
87.00000	256.00000
87.00500	271.00000
87.01000	288.00000
87.01500	287.00000
87.02000	285.00000
87.02500	271.00000
87.03000	252.00000
87.03500	259.00000
87.04000	270.00000
87.04500	276.00000
87.05000	278.00000
87.05500	275.00000
87.06000	270.00000
87.06500	271.00000
87.07000	306.00000
87.07500	317.00000
87.08000	291.00000
87.08500	278.00000
87.09000	266.00000
87.09500	262.00000
87.10000	256.00000
87.10500	263.00000
87.11000	269.00000
87.11500	264.00000
87.12000	262.00000
87.12500	255.00000
87.13000	263.00000
87.13500	271.00000
87.14000	264.00000
87.14500	281.00000
87.15000	262.00000
87.15500	246.00000
87.16000	239.00000
87.16500	259.00000
87.17000	262.00000
87.17500	263.00000
87.18000	273.00000
87.18500	269.00000
87.19000	238.00000
87.19500	237.00000
87.20000	234.00000
87.20500	243.00000
87.21000	263.00000
87.21500	258.00000
87.22000	258.00000
87.22500	255.00000
87.23000	248.00000
87.23500	247.00000
87.24000	260.00000
87.24500	264.00000
87.25000	267.00000
87.25500	265.00000
87.26000	259.00000
87.26500	253.00000
87.27000	248.00000
87.27500	245.00000
87.28000	265.00000
87.28500	272.00000
87.29000	266.00000
87.29500	256.00000
87.30000	251.00000
87.30500	261.00000
87.31000	259.00000
87.31500	261.00000
87.32000	271.00000
87.32500	242.00000
87.33000	225.00000
87.33500	234.00000
87.34000	240.00000
87.34500	248.00000
87.35000	250.00000
87.35500	251.00000
87.36000	274.00000
87.36500	261.00000
87.37000	242.00000
87.37500	259.00000
87.38000	260.00000
87.38500	256.00000
87.39000	252.00000
87.39500	250.00000
87.40000	251.00000
87.40500	250.00000
87.41000	255.00000
87.41500	261.00000
87.42000	260.00000
87.42500	291.00000
87.43000	274.00000
87.43500	289.00000
87.44000	286.00000
87.44500	274.00000
87.45000	266.00000
87.45500	260.00000
87.46000	272.00000
87.46500	266.00000
87.47000	274.00000
87.47500	264.00000
87.48000	268.00000
87.48500	264.00000
87.49000	250.00000
87.49500	246.00000
87.50000	247.00000
87.50500	258.00000
87.51000	285.00000
87.51500	287.00000
87.52000	268.00000
87.52500	254.00000
87.53000	246.00000
87.53500	260.00000
87.54000	253.00000
87.54500	258.00000
87.55000	259.00000
87.55500	245.00000
87.56000	247.00000
87.56500	251.00000
87.57000	249.00000
87.57500	247.00000
87.58000	243.00000
87.58500	240.00000
87.59000	241.00000
87.59500	262.00000
87.60000	252.00000
87.60500	244.00000
87.61000	250.00000
87.61500	243.00000
87.62000	245.00000
87.62500	226.00000
87.63000	229.00000
87.63500	248.00000
87.64000	254.00000
87.64500	256.00000
87.65000	264.00000
87.65500	249.00000
87.66000	249.00000
87.66500	240.00000
87.67000	241.00000
87.67500	245.00000
87.68000	245.00000
87.68500	243.00000
87.69000	237.00000
87.69500	243.00000
87.70000	235.00000
87.70500	244.00000
87.71000	235.00000
87.71500	242.00000
87.72000	250.00000
87.72500	239.00000
87.73000	224.00000
87.73500	236.00000
87.74000	242.00000
87.74500	264.00000
87.75000	248.00000
87.75500	229.00000
87.76000	235.00000
87.76500	224.00000
87.77000	222.00000
87.77500	231.00000
87.78000	244.00000
87.78500	240.00000
87.79000	227.00000
87.79500	223.00000
87.80000	223.00000
87.80500	234.00000
87.81000	243.00000
87.81500	240.00000
87.82000	235.00000
87.82500	229.00000
87.83000	230.00000
87.83500	244.00000
87.84000	256.00000
87.84500	247.00000
87.85000	241.00000
87.85500	239.00000
87.86000	241.00000
87.86500	240.00000
87.87000	248.00000
87.87500	244.00000
87.88000	241.00000
87.88500	255.00000
87.89000	244.00000
87.89500	231.00000
87.90000	236.00000
87.90500	230.00000
87.91000	229.00000
87.91500	223.00000
87.92000	271.00000
87.92500	234.00000
87.93000	205.00000
87.93500	225.00000
87.94000	247.00000
87.94500	251.00000
87.95000	249.00000
87.95500	226.00000
87.96000	227.00000
87.96500	241.00000
87.97000	230.00000
87.97500	232.00000
87.98000	228.00000
87.98500	224.00000
87.99000	215.00000
87.99500	226.00000
88.00000	234.00000
88.00500	222.00000
88.01000	225.00000
88.01500	224.00000
88.02000	233.00000
88.02500	228.00000
88.03000	234.00000
88.03500	236.00000
88.04000	231.00000
88.04500	233.00000
88.05000	240.00000
88.05500	224.00000
88.06000	228.00000
88.06500	222.00000
88.07000	221.00000
88.07500	233.00000
88.08000	235.00000
88.08500	236.00000
88.09000	220.00000
88.09500	217.00000
88.10000	222.00000
88.10500	225.00000
88.11000	228.00000
88.11500	220.00000
88.12000	224.00000
88.12500	204.00000
88.13000	202.00000
88.13500	219.00000
88.14000	221.00000
88.14500	232.00000
88.15000	230.00000
88.15500	221.00000
88.16000	221.00000
88.16500	217.00000
88.17000	231.00000
88.17500	227.00000
88.18000	243.00000
88.18500	236.00000
88.19000	222.00000
88.19500	233.00000
88.20000	218.00000
88.20500	221.00000
88.21000	231.00000
88.21500	252.00000
88.22000	232.00000
88.22500	213.00000
88.23000	203.00000
88.23500	213.00000
88.24000	216.00000
88.24500	227.00000
88.25000	227.00000
88.25500	217.00000
88.26000	222.00000
88.26500	218.00000
88.27000	228.00000
88.27500	241.00000
88.28000	228.00000
88.28500	226.00000
88.29000	227.00000
88.29500	240.00000
88.30000	229.00000
88.30500	226.00000
88.31000	235.00000
88.31500	224.00000
88.32000	244.00000
88.32500	235.00000
88.33000	214.00000
88.33500	217.00000
88.34000	221.00000
88.34500	222.00000
88.35000	209.00000
88.35500	213.00000
88.36000	219.00000
88.36500	212.00000
88.37000	215.00000
88.37500	222.00000
88.38000	220.00000
88.38500	217.00000
88.39000	210.00000
88.39500	211.00000
88.40000	207.00000
88.40500	218.00000
88.41000	224.00000
88.41500	230.00000
88.42000	229.00000
88.42500	216.00000
88.43000	204.00000
88.43500	221.00000
88.44000	224.00000
88.44500	224.00000
88.45000	226.00000
88.45500	217.00000
88.46000	225.00000
88.46500	228.00000
88.47000	228.00000
88.47500	228.00000
88.48000	245.00000
88.48500	231.00000
88.49000	223.00000
88.49500	239.00000
88.50000	260.00000
88.50500	246.00000
88.51000	237.00000
88.51500	228.00000
88.52000	227.00000
88.52500	216.00000
88.53000	205.00000
88.53500	212.00000
88.54000	223.00000
88.54500	242.00000
88.55000	238.00000
88.55500	232.00000
88.56000	225.00000
88.56500	216.00000
88.57000	218.00000
88.57500	223.00000
88.58000	225.00000
88.58500	216.00000
88.59000	220.00000
88.59500	226.00000
88.60000	221.00000
88.60500	227.00000
88.61000	232.00000
88.61500	220.00000
88.62000	220.00000
88.62500	217.00000
88.63000	210.00000
88.63500	232.00000
88.64000	231.00000
88.64500	230.00000
88.65000	247.00000
88.65500	261.00000
88.66000	255.00000
88.66500	243.00000
88.67000	233.00000
88.67500	235.00000
88.68000	236.00000
88.68500	234.00000
88.69000	236.00000
88.69500	228.00000
88.70000	224.00000
88.70500	230.00000
88.71000	225.00000
88.71500	215.00000
88.72000	218.00000
88.72500	210.00000
88.73000	210.00000
88.73500	225.00000
88.74000	228.00000
88.74500	254.00000
88.75000	244.00000
88.75500	240.00000
88.76000	232.00000
88.76500	221.00000
88.77000	231.00000
88.77500	227.00000
88.78000	238.00000
88.78500	226.00000
88.79000	212.00000
88.79500	220.00000
88.80000	223.00000
88.80500	228.00000
88.81000	234.00000
88.81500	224.00000
88.82000	226.00000
88.82500	217.00000
88.83000	218.00000
88.83500	234.00000
88.84000	237.00000
88.84500	259.00000
88.85000	258.00000
88.85500	259.00000
88.86000	264.00000
88.86500	253.00000
88.87000	250.00000
88.87500	256.00000
88.88000	251.00000
88.88500	257.00000
88.89000	244.00000
88.89500	240.00000
88.90000	239.00000
88.90500	251.00000
88.91000	238.00000
88.91500	271.00000
88.92000	267.00000
88.92500	238.00000
88.93000	229.00000
88.93500	249.00000
88.94000	250.00000
88.94500	247.00000
88.95000	252.00000
88.95500	236.00000
88.96000	238.00000
88.96500	268.00000
88.97000	250.00000
88.97500	250.00000
88.98000	252.00000
88.98500	250.00000
88.99000	240.00000
88.99500	236.00000
89.00000	226.00000
89.00500	228.00000
89.01000	238.00000
89.01500	245.00000
89.02000	245.00000
89.02500	254.00000
89.03000	251.00000
89.03500	261.00000
89.04000	272.00000
89.04500	258.00000
89.05000	243.00000
89.05500	242.00000
89.06000	242.00000
89.06500	247.00000
89.07000	255.00000
89.07500	266.00000
89.08000	268.00000
89.08500	259.00000
89.09000	264.00000
89.09500	268.00000
89.10000	257.00000
89.10500	252.00000
89.11000	255.00000
89.11500	280.00000
89.12000	274.00000
89.12500	259.00000
89.13000	246.00000
89.13500	254.00000
89.14000	276.00000
89.14500	300.00000
89.15000	301.00000
89.15500	283.00000
89.16000	285.00000
89.16500	267.00000
89.17000	279.00000
89.17500	286.00000
89.18000	294.00000
89.18500	281.00000
89.19000	254.00000
89.19500	253.00000
89.20000	260.00000
89.20500	264.00000
89.21000	267.00000
89.21500	276.00000
89.22000	286.00000
89.22500	276.00000
89.23000	253.00000
89.23500	289.00000
89.24000	299.00000
89.24500	285.00000
89.25000	289.00000
89.25500	284.00000
89.26000	276.00000
89.26500	265.00000
89.27000	267.00000
89.27500	291.00000
89.28000	295.00000
89.28500	295.00000
89.29000	282.00000
89.29500	267.00000
89.30000	270.00000
89.30500	281.00000
89.31000	283.00000
89.31500	279.00000
89.32000	282.00000
89.32500	263.00000
89.33000	265.00000
89.33500	278.00000
89.34000	275.00000
89.34500	274.00000
89.35000	275.00000
89.35500	275.00000
89.36000	278.00000
89.36500	280.00000
89.37000	263.00000
89.37500	266.00000
89.38000	268.00000
89.38500	267.00000
89.39000	265.00000
89.39500	267.00000
89.40000	255.00000
89.40500	254.00000
89.41000	272.00000
89.41500	278.00000
89.42000	288.00000
89.42500	272.00000
89.43000	268.00000
89.43500	281.00000
89.44000	291.00000
89.44500	309.00000
89.45000	305.00000
89.45500	280.00000
89.46000	273.00000
89.46500	270.00000
89.47000	269.00000
89.47500	274.00000
89.48000	292.00000
89.48500	285.00000
89.49000	278.00000
89.49500	272.00000
89.50000	263.00000
89.50500	289.00000
89.51000	274.00000
89.51500	256.00000
89.52000	259.00000
89.52500	250.00000
89.53000	258.00000
89.53500	253.00000
89.54000	249.00000
89.54500	256.00000
89.55000	275.00000
89.55500	274.00000
89.56000	290.00000
89.56500	281.00000
89.57000	272.00000
89.57500	259.00000
89.58000	250.00000
89.58500	240.00000
89.59000	246.00000
89.59500	253.00000
89.60000	256.00000
89.60500	255.00000
89.61000	252.00000
89.61500	248.00000
89.62000	255.00000
89.62500	243.00000
89.63000	245.00000
89.63500	250.00000
89.64000	244.00000
89.64500	248.00000
89.65000	265.00000
89.65500	250.00000
89.66000	251.00000
89.66500	238.00000
89.67000	236.00000
89.67500	258.00000
89.68000	248.00000
89.68500	245.00000
89.69000	242.00000
89.69500	272.00000
89.70000	270.00000
89.70500	256.00000
89.71000	249.00000
89.71500	242.00000
89.72000	237.00000
89.72500	227.00000
89.73000	250.00000
89.73500	248.00000
89.74000	247.00000
89.74500	252.00000
89.75000	256.00000
89.75500	242.00000
89.76000	243.00000
89.76500	232.00000
89.77000	227.00000
89.77500	246.00000
89.78000	250.00000
89.78500	259.00000
89.79000	243.00000
89.79500	254.00000
89.80000	241.00000
89.80500	256.00000
89.81000	264.00000
89.81500	276.00000
89.82000	247.00000
89.82500	228.00000
89.83000	235.00000
89.83500	239.00000
89.84000	233.00000
89.84500	235.00000
89.85000	245.00000
89.85500	241.00000
89.86000	237.00000
89.86500	228.00000
89.87000	238.00000
89.87500	256.00000
89.88000	249.00000
89.88500	259.00000
89.89000	244.00000
89.89500	248.00000
89.90000	236.00000
89.90500	242.00000
89.91000	238.00000
89.91500	231.00000
89.92000	234.00000
89.92500	224.00000
89.93000	222.00000
89.93500	231.00000
89.94000	245.00000
89.94500	246.00000
89.95000	246.00000
89.95500	234.00000
89.96000	235.00000
89.96500	242.00000
89.97000	253.00000
89.97500	262.00000
89.98000	251.00000
89.98500	244.00000
89.99000	234.00000
89.99500	228.00000
90.00000	236.00000
90.00500	246.00000
90.01000	239.00000
90.01500	253.00000
90.02000	254.00000
90.02500	236.00000
90.03000	233.00000
90.03500	237.00000
90.04000	236.00000
90.04500	243.00000
90.05000	250.00000
90.05500	238.00000
90.06000	243.00000
90.06500	249.00000
90.07000	255.00000
90.07500	246.00000
90.08000	245.00000
90.08500	233.00000
90.09000	234.00000
90.09500	241.00000
90.10000	241.00000
90.10500	239.00000
90.11000	243.00000
90.11500	258.00000
90.12000	270.00000
90.12500	258.00000
90.13000	252.00000
90.13500	265.00000
90.14000	251.00000
90.14500	249.00000
90.15000	243.00000
90.15500	242.00000
90.16000	238.00000
90.16500	235.00000
90.17000	233.00000
90.17500	232.00000
90.18000	237.00000
90.18500	223.00000
90.19000	223.00000
90.19500	227.00000
90.20000	226.00000
90.20500	230.00000
90.21000	230.00000
90.21500	238.00000
90.22000	231.00000
90.22500	217.00000
90.23000	212.00000
90.23500	233.00000
90.24000	244.00000
90.24500	245.00000
90.25000	241.00000
90.25500	236.00000
90.26000	239.00000
90.26500	239.00000
90.27000	244.00000
90.27500	234.00000
90.28000	245.00000
90.28500	248.00000
90.29000	234.00000
90.29500	233.00000
90.30000	245.00000
90.30500	248.00000
90.31000	239.00000
90.31500	236.00000
90.32000	231.00000
90.32500	235.00000
90.33000	223.00000
90.33500	234.00000
90.34000	228.00000
90.34500	230.00000
90.35000	228.00000
90.35500	215.00000
90.36000	216.00000
90.36500	214.00000
90.37000	212.00000
90.37500	223.00000
90.38000	229.00000
90.38500	225.00000
90.39000	223.00000
90.39500	215.00000
90.40000	213.00000
90.40500	223.00000
90.41000	238.00000
90.41500	224.00000
90.42000	223.00000
90.42500	214.00000
90.43000	206.00000
90.43500	211.00000
90.44000	224.00000
90.44500	242.00000
90.45000	257.00000
90.45500	274.00000
90.46000	253.00000
90.46500	233.00000
90.47000	241.00000
90.47500	246.00000
90.48000	248.00000
90.48500	245.00000
90.49000	232.00000
90.49500	244.00000
90.50000	242.00000
90.50500	239.00000
90.51000	242.00000
90.51500	230.00000
90.52000	239.00000
90.52500	232.00000
90.53000	224.00000
90.53500	237.00000
90.54000	247.00000
90.54500	236.00000
90.55000	225.00000
90.55500	231.00000
90.56000	240.00000
90.56500	222.00000
90.57000	221.00000
90.57500	222.00000
90.58000	232.00000
90.58500	224.00000
90.59000	218.00000
90.59500	212.00000
90.60000	208.00000
90.60500	224.00000
90.61000	232.00000
90.61500	242.00000
90.62000	234.00000
90.62500	212.00000
90.63000	206.00000
90.63500	228.00000
90.64000	219.00000
90.64500	236.00000
90.65000	233.00000
90.65500	233.00000
90.66000	244.00000
90.66500	234.00000
90.67000	228.00000
90.67500	227.00000
90.68000	228.00000
90.68500	233.00000
90.69000	224.00000
90.69500	209.00000
90.70000	226.00000
90.70500	233.00000
90.71000	231.00000
90.71500	229.00000
90.72000	243.00000
90.72500	223.00000
90.73000	215.00000
90.73500	224.00000
90.74000	246.00000
90.74500	242.00000
90.75000	227.00000
90.75500	219.00000
90.76000	218.00000
90.76500	223.00000
90.77000	223.00000
90.77500	226.00000
90.78000	227.00000
90.78500	217.00000
90.79000	218.00000
90.79500	220.00000
90.80000	216.00000
90.80500	224.00000
90.81000	234.00000
90.81500	235.00000
90.82000	255.00000
90.82500	249.00000
90.83000	241.00000
90.83500	261.00000
90.84000	253.00000
90.84500	250.00000
90.85000	232.00000
90.85500	227.00000
90.86000	232.00000
90.86500	228.00000
90.87000	228.00000
90.87500	236.00000
90.88000	256.00000
90.88500	250.00000
90.89000	247.00000
90.89500	246.00000
90.90000	248.00000
90.90500	248.00000
90.91000	237.00000
90.91500	238.00000
90.92000	255.00000
90.92500	226.00000
90.93000	210.00000
90.93500	274.00000
90.94000	258.00000
90.94500	249.00000
90.95000	252.00000
90.95500	250.00000
90.96000	236.00000
90.96500	233.00000
90.97000	224.00000
90.97500	234.00000
90.98000	235.00000
90.98500	230.00000
90.99000	224.00000
90.99500	228.00000
91.00000	231.00000
91.00500	237.00000
91.01000	246.00000
91.01500	246.00000
91.02000	264.00000
91.02500	241.00000
91.03000	233.00000
91.03500	241.00000
91.04000	232.00000
91.04500	241.00000
91.05000	244.00000
91.05500	239.00000
91.06000	241.00000
91.06500	238.00000
91.07000	235.00000
91.07500	246.00000
91.08000	243.00000
91.08500	241.00000
91.09000	251.00000
91.09500	258.00000
91.10000	263.00000
91.10500	254.00000
91.11000	241.00000
91.11500	232.00000
91.12000	236.00000
91.12500	232.00000
91.13000	234.00000
91.13500	247.00000
91.14000	247.00000
91.14500	237.00000
91.15000	237.00000
91.15500	229.00000
91.16000	229.00000
91.16500	238.00000
91.17000	241.00000
91.17500	247.00000
91.18000	253.00000
91.18500	246.00000
91.19000	235.00000
91.19500	228.00000
91.20000	232.00000
91.20500	271.00000
91.21000	264.00000
91.21500	245.00000
91.22000	238.00000
91.22500	230.00000
91.23000	217.00000
91.23500	234.00000
91.24000	237.00000
91.24500	230.00000
91.25000	229.00000
91.25500	230.00000
91.26000	235.00000
91.26500	237.00000
91.27000	234.00000
91.27500	258.00000
91.28000	272.00000
91.28500	250.00000
91.29000	241.00000
91.29500	248.00000
91.30000	240.00000
91.30500	247.00000
91.31000	243.00000
91.31500	258.00000
91.32000	254.00000
91.32500	235.00000
91.33000	226.00000
91.33500	253.00000
91.34000	245.00000
91.34500	250.00000
91.35000	251.00000
91.35500	257.00000
91.36000	246.00000
91.36500	236.00000
91.37000	234.00000
91.37500	231.00000
91.38000	236.00000
91.38500	230.00000
91.39000	228.00000
91.39500	222.00000
91.40000	225.00000
91.40500	228.00000
91.41000	241.00000
91.41500	235.00000
91.42000	236.00000
91.42500	222.00000
91.43000	207.00000
91.43500	222.00000
91.44000	234.00000
91.44500	235.00000
91.45000	234.00000
91.45500	228.00000
91.46000	232.00000
91.46500	235.00000
91.47000	243.00000
91.47500	238.00000
91.48000	240.00000
91.48500	241.00000
91.49000	232.00000
91.49500	230.00000
91.50000	226.00000
91.50500	237.00000
91.51000	247.00000
91.51500	245.00000
91.52000	235.00000
91.52500	233.00000
91.53000	209.00000
91.53500	220.00000
91.54000	222.00000
91.54500	220.00000
91.55000	216.00000
91.55500	219.00000
91.56000	220.00000
91.56500	227.00000
91.57000	225.00000
91.57500	229.00000
91.58000	242.00000
91.58500	234.00000
91.59000	238.00000
91.59500	232.00000
91.60000	222.00000
91.60500	233.00000
91.61000	232.00000
91.61500	219.00000
91.62000	227.00000
91.62500	220.00000
91.63000	218.00000
91.63500	239.00000
91.64000	258.00000
91.64500	250.00000
91.65000	244.00000
91.65500	243.00000
91.66000	238.00000
91.66500	228.00000
91.67000	236.00000
91.67500	241.00000
91.68000	245.00000
91.68500	231.00000
91.69000	232.00000
91.69500	232.00000
91.70000	241.00000
91.70500	241.00000
91.71000	243.00000
91.71500	244.00000
91.72000	261.00000
91.72500	231.00000
91.73000	220.00000
91.73500	231.00000
91.74000	235.00000
91.74500	238.00000
91.75000	231.00000
91.75500	229.00000
91.76000	255.00000
91.76500	260.00000
91.77000	245.00000
91.77500	245.00000
91.78000	247.00000
91.78500	225.00000
91.79000	236.00000
91.79500	226.00000
91.80000	253.00000
91.80500	248.00000
91.81000	242.00000
91.81500	229.00000
91.82000	228.00000
91.82500	220.00000
91.83000	219.00000
91.83500	232.00000
91.84000	240.00000
91.84500	254.00000
91.85000	257.00000
91.85500	247.00000
91.86000	252.00000
91.86500	252.00000
91.87000	255.00000
91.87500	261.00000
91.88000	264.00000
91.88500	265.00000
91.89000	242.00000
91.89500	258.00000
91.90000	248.00000
91.90500	245.00000
91.91000	252.00000
91.91500	258.00000
91.92000	262.00000
91.92500	250.00000
91.93000	249.00000
91.93500	265.00000
91.94000	263.00000
91.94500	264.00000
91.95000	257.00000
91.95500	257.00000
91.96000	277.00000
91.96500	271.00000
91.97000	249.00000
91.97500	245.00000
91.98000	246.00000
91.98500	240.00000
91.99000	229.00000
91.99500	239.00000
92.00000	243.00000
92.00500	250.00000
92.01000	239.00000
92.01500	236.00000
92.02000	246.00000
92.02500	232.00000
92.03000	227.00000
92.03500	248.00000
92.04000	261.00000
92.04500	265.00000
92.05000	276.00000
92.05500	262.00000
92.06000	253.00000
92.06500	257.00000
92.07000	263.00000
92.07500	276.00000
92.08000	265.00000
92.08500	257.00000
92.09000	254.00000
92.09500	277.00000
92.10000	257.00000
92.10500	258.00000
92.11000	268.00000
92.11500	253.00000
92.12000	259.00000
92.12500	252.00000
92.13000	242.00000
92.13500	246.00000
92.14000	257.00000
92.14500	256.00000
92.15000	262.00000
92.15500	255.00000
92.16000	247.00000
92.16500	253.00000
92.17000	251.00000
92.17500	261.00000
92.18000	268.00000
92.18500	249.00000
92.19000	243.00000
92.19500	259.00000
92.20000	257.00000
92.20500	263.00000
92.21000	272.00000
92.21500	272.00000
92.22000	270.00000
92.22500	268.00000
92.23000	259.00000
92.23500	273.00000
92.24000	292.00000
92.24500	286.00000
92.25000	282.00000
92.25500	301.00000
92.26000	293.00000
92.26500	288.00000
92.27000	277.00000
92.27500	292.00000
92.28000	294.00000
92.28500	287.00000
92.29000	283.00000
92.29500	285.00000
92.30000	284.00000
92.30500	287.00000
92.31000	290.00000
92.31500	289.00000
92.32000	292.00000
92.32500	273.00000
92.33000	269.00000
92.33500	289.00000
92.34000	286.00000
92.34500	280.00000
92.35000	272.00000
92.35500	271.00000
92.36000	277.00000
92.36500	283.00000
92.37000	282.00000
92.37500	295.00000
92.38000	293.00000
92.38500	285.00000
92.39000	290.00000
92.39500	281.00000
92.40000	272.00000
92.40500	287.00000
92.41000	286.00000
92.41500	299.00000
92.42000	286.00000
92.42500	271.00000
92.43000	269.00000
92.43500	282.00000
92.44000	276.00000
92.44500	277.00000
92.45000	281.00000
92.45500	282.00000
92.46000	286.00000
92.46500	274.00000
92.47000	294.00000
92.47500	316.00000
92.48000	312.00000
92.48500	294.00000
92.49000	274.00000
92.49500	302.00000
92.50000	286.00000
92.50500	305.00000
92.51000	306.00000
92.51500	320.00000
92.52000	325.00000
92.52500	330.00000
92.53000	306.00000
92.53500	285.00000
92.54000	283.00000
92.54500	297.00000
92.55000	286.00000
92.55500	262.00000
92.56000	277.00000
92.56500	252.00000
92.57000	258.00000
92.57500	265.00000
92.58000	277.00000
92.58500	260.00000
92.59000	270.00000
92.59500	255.00000
92.60000	277.00000
92.60500	261.00000
92.61000	260.00000
92.61500	251.00000
92.62000	257.00000
92.62500	251.00000
92.63000	235.00000
92.63500	260.00000
92.64000	272.00000
92.64500	269.00000
92.65000	259.00000
92.65500	237.00000
92.66000	235.00000
92.66500	247.00000
92.67000	247.00000
92.67500	256.00000
92.68000	254.00000
92.68500	250.00000
92.69000	236.00000
92.69500	231.00000
92.70000	235.00000
92.70500	242.00000
92.71000	245.00000
92.71500	294.00000
92.72000	283.00000
92.72500	243.00000
92.73000	223.00000
92.73500	244.00000
92.74000	246.00000
92.74500	243.00000
92.75000	252.00000
92.75500	258.00000
92.76000	261.00000
92.76500	262.00000
92.77000	256.00000
92.77500	268.00000
92.78000	259.00000
92.78500	250.00000
92.79000	248.00000
92.79500	260.00000
92.80000	256.00000
92.80500	249.00000
92.81000	263.00000
92.81500	252.00000
92.82000	259.00000
92.82500	265.00000
92.83000	250.00000
92.83500	255.00000
92.84000	252.00000
92.84500	251.00000
92.85000	247.00000
92.85500	252.00000
92.86000	249.00000
92.86500	241.00000
92.87000	239.00000
92.87500	247.00000
92.88000	253.00000
92.88500	246.00000
92.89000	237.00000
92.89500	236.00000
92.90000	250.00000
92.90500	272.00000
92.91000	268.00000
92.91500	262.00000
92.92000	272.00000
92.92500	259.00000
92.93000	247.00000
92.93500	266.00000
92.94000	257.00000
92.94500	265.00000
92.95000	259.00000
92.95500	251.00000
92.96000	252.00000
92.96500	247.00000
92.97000	264.00000
92.97500	276.00000
92.98000	274.00000
92.98500	252.00000
92.99000	254.00000
92.99500	260.00000
93.00000	266.00000
93.00500	270.00000
93.01000	276.00000
93.01500	267.00000
93.02000	259.00000
93.02500	256.00000
93.03000	251.00000
93.03500	255.00000
93.04000	251.00000
93.04500	258.00000
93.05000	251.00000
93.05500	249.00000
93.06000	260.00000
93.06500	260.00000
93.07000	263.00000
93.07500	279.00000
93.08000	323.00000
93.08500	313.00000
93.09000	312.00000
93.09500	289.00000
93.10000	267.00000
93.10500	270.00000
93.11000	289.00000
93.11500	286.00000
93.12000	274.00000
93.12500	273.00000
93.13000	286.00000
93.13500	285.00000
93.14000	301.00000
93.14500	289.00000
93.15000	295.00000
93.15500	281.00000
93.16000	277.00000
93.16500	270.00000
93.17000	265.00000
93.17500	268.00000
93.18000	262.00000
93.18500	263.00000
93.19000	257.00000
93.19500	266.00000
93.20000	296.00000
93.20500	295.00000
93.21000	294.00000
93.21500	291.00000
93.22000	302.00000
93.22500	289.00000
93.23000	296.00000
93.23500	309.00000
93.24000	296.00000
93.24500	295.00000
93.25000	305.00000
93.25500	292.00000
93.26000	286.00000
93.26500	273.00000
93.27000	277.00000
93.27500	297.00000
93.28000	285.00000
93.28500	274.00000
93.29000	266.00000
93.29500	260.00000
93.30000	264.00000
93.30500	271.00000
93.31000	266.00000
93.31500	256.00000
93.32000	260.00000
93.32500	249.00000
93.33000	245.00000
93.33500	267.00000
93.34000	274.00000
93.34500	283.00000
93.35000	283.00000
93.35500	273.00000
93.36000	274.00000
93.36500	288.00000
93.37000	277.00000
93.37500	279.00000
93.38000	280.00000
93.38500	287.00000
93.39000	264.00000
93.39500	252.00000
93.40000	265.00000
93.40500	278.00000
93.41000	287.00000
93.41500	277.00000
93.42000	276.00000
93.42500	268.00000
93.43000	279.00000
93.43500	279.00000
93.44000	279.00000
93.44500	287.00000
93.45000	271.00000
93.45500	268.00000
93.46000	255.00000
93.46500	243.00000
93.47000	250.00000
93.47500	259.00000
93.48000	257.00000
93.48500	257.00000
93.49000	258.00000
93.49500	249.00000
93.50000	254.00000
93.50500	268.00000
93.51000	264.00000
93.51500	258.00000
93.52000	266.00000
93.52500	246.00000
93.53000	245.00000
93.53500	263.00000
93.54000	257.00000
93.54500	252.00000
93.55000	249.00000
93.55500	241.00000
93.56000	252.00000
93.56500	248.00000
93.57000	239.00000
93.57500	247.00000
93.58000	246.00000
93.58500	234.00000
93.59000	259.00000
93.59500	257.00000
93.60000	271.00000
93.60500	265.00000
93.61000	259.00000
93.61500	252.00000
93.62000	253.00000
93.62500	239.00000
93.63000	233.00000
93.63500	251.00000
93.64000	251.00000
93.64500	258.00000
93.65000	268.00000
93.65500	271.00000
93.66000	266.00000
93.66500	268.00000
93.67000	251.00000
93.67500	265.00000
93.68000	273.00000
93.68500	270.00000
93.69000	248.00000
93.69500	235.00000
93.70000	237.00000
93.70500	249.00000
93.71000	267.00000
93.71500	249.00000
93.72000	245.00000
93.72500	235.00000
93.73000	228.00000
93.73500	245.00000
93.74000	251.00000
93.74500	249.00000
93.75000	238.00000
93.75500	235.00000
93.76000	245.00000
93.76500	242.00000
93.77000	236.00000
93.77500	244.00000
93.78000	248.00000
93.78500	255.00000
93.79000	246.00000
93.79500	286.00000
93.80000	254.00000
93.80500	246.00000
93.81000	246.00000
93.81500	237.00000
93.82000	241.00000
93.82500	256.00000
93.83000	232.00000
93.83500	234.00000
93.84000	241.00000
93.84500	244.00000
93.85000	243.00000
93.85500	232.00000
93.86000	241.00000
93.86500	246.00000
93.87000	244.00000
93.87500	247.00000
93.88000	249.00000
93.88500	247.00000
93.89000	239.00000
93.89500	233.00000
93.90000	242.00000
93.90500	260.00000
93.91000	259.00000
93.91500	233.00000
93.92000	231.00000
93.92500	228.00000
93.93000	213.00000
93.93500	236.00000
93.94000	240.00000
93.94500	237.00000
93.95000	231.00000
93.95500	227.00000
93.96000	229.00000
93.96500	234.00000
93.97000	232.00000
93.97500	224.00000
93.98000	231.00000
93.98500	248.00000
93.99000	248.00000
93.99500	243.00000
94.00000	242.00000
94.00500	249.00000
94.01000	246.00000
94.01500	234.00000
94.02000	251.00000
94.02500	243.00000
94.03000	225.00000
94.03500	247.00000
94.04000	254.00000
94.04500	253.00000
94.05000	251.00000
94.05500	263.00000
94.06000	284.00000
94.06500	259.00000
94.07000	241.00000
94.07500	247.00000
94.08000	244.00000
94.08500	232.00000
94.09000	246.00000
94.09500	242.00000
94.10000	237.00000
94.10500	236.00000
94.11000	243.00000
94.11500	238.00000
94.12000	239.00000
94.12500	238.00000
94.13000	234.00000
94.13500	257.00000
94.14000	252.00000
94.14500	243.00000
94.15000	245.00000
94.15500	243.00000
94.16000	241.00000
94.16500	248.00000
94.17000	245.00000
94.17500	237.00000
94.18000	248.00000
94.18500	249.00000
94.19000	244.00000
94.19500	242.00000
94.20000	240.00000
94.20500	259.00000
94.21000	239.00000
94.21500	245.00000
94.22000	255.00000
94.22500	242.00000
94.23000	235.00000
94.23500	245.00000
94.24000	253.00000
94.24500	261.00000
94.25000	263.00000
94.25500	255.00000
94.26000	243.00000
94.26500	238.00000
94.27000	243.00000
94.27500	254.00000
94.28000	257.00000
94.28500	250.00000
94.29000	232.00000
94.29500	229.00000
94.30000	235.00000
94.30500	251.00000
94.31000	244.00000
94.31500	260.00000
94.32000	259.00000
94.32500	246.00000
94.33000	239.00000
94.33500	246.00000
94.34000	241.00000
94.34500	271.00000
94.35000	296.00000
94.35500	266.00000
94.36000	251.00000
94.36500	248.00000
94.37000	246.00000
94.37500	245.00000
94.38000	256.00000
94.38500	252.00000
94.39000	253.00000
94.39500	267.00000
94.40000	249.00000
94.40500	267.00000
94.41000	275.00000
94.41500	293.00000
94.42000	299.00000
94.42500	259.00000
94.43000	260.00000
94.43500	258.00000
94.44000	269.00000
94.44500	254.00000
94.45000	265.00000
94.45500	247.00000
94.46000	250.00000
94.46500	255.00000
94.47000	250.00000
94.47500	248.00000
94.48000	247.00000
94.48500	252.00000
94.49000	251.00000
94.49500	254.00000
94.50000	246.00000
94.50500	256.00000
94.51000	258.00000
94.51500	251.00000
94.52000	248.00000
94.52500	240.00000
94.53000	233.00000
94.53500	263.00000
94.54000	253.00000
94.54500	249.00000
94.55000	232.00000
94.55500	241.00000
94.56000	257.00000
94.56500	238.00000
94.57000	225.00000
94.57500	219.00000
94.58000	230.00000
94.58500	224.00000
94.59000	220.00000
94.59500	218.00000
94.60000	219.00000
94.60500	245.00000
94.61000	245.00000
94.61500	238.00000
94.62000	244.00000
94.62500	255.00000
94.63000	241.00000
94.63500	255.00000
94.64000	251.00000
94.64500	247.00000
94.65000	238.00000
94.65500	236.00000
94.66000	234.00000
94.66500	238.00000
94.67000	239.00000
94.67500	238.00000
94.68000	244.00000
94.68500	239.00000
94.69000	232.00000
94.69500	234.00000
94.70000	233.00000
94.70500	236.00000
94.71000	238.00000
94.71500	240.00000
94.72000	244.00000
94.72500	229.00000
94.73000	236.00000
94.73500	244.00000
94.74000	266.00000
94.74500	252.00000
94.75000	228.00000
94.75500	230.00000
94.76000	228.00000
94.76500	216.00000
94.77000	218.00000
94.77500	234.00000
94.78000	236.00000
94.78500	224.00000
94.79000	227.00000
94.79500	232.00000
94.80000	236.00000
94.80500	240.00000
94.81000	233.00000
94.81500	227.00000
94.82000	222.00000
94.82500	207.00000
94.83000	235.00000
94.83500	244.00000
94.84000	243.00000
94.84500	275.00000
94.85000	272.00000
94.85500	259.00000
94.86000	243.00000
94.86500	225.00000
94.87000	226.00000
94.87500	232.00000
94.88000	231.00000
94.88500	230.00000
94.89000	227.00000
94.89500	230.00000
94.90000	231.00000
94.90500	240.00000
94.91000	253.00000
94.91500	238.00000
94.92000	227.00000
94.92500	215.00000
94.93000	204.00000
94.93500	222.00000
94.94000	226.00000
94.94500	227.00000
94.95000	224.00000
94.95500	224.00000
94.96000	230.00000
94.96500	226.00000
94.97000	214.00000
94.97500	226.00000
94.98000	234.00000
94.98500	238.00000
94.99000	229.00000
94.99500	221.00000
95.00000	219.00000
95.00500	243.00000
95.01000	247.00000
95.01500	236.00000
95.02000	235.00000
95.02500	227.00000
95.03000	207.00000
95.03500	219.00000
95.04000	226.00000
95.04500	243.00000
95.05000	237.00000
95.05500	224.00000
95.06000	225.00000
95.06500	218.00000
95.07000	227.00000
95.07500	246.00000
95.08000	253.00000
95.08500	247.00000
95.09000	235.00000
95.09500	232.00000
95.10000	238.00000
95.10500	242.00000
95.11000	243.00000
95.11500	236.00000
95.12000	234.00000
95.12500	225.00000
95.13000	215.00000
95.13500	228.00000
95.14000	226.00000
95.14500	234.00000
95.15000	243.00000
95.15500	236.00000
95.16000	238.00000
95.16500	232.00000
95.17000	241.00000
95.17500	239.00000
95.18000	231.00000
95.18500	247.00000
95.19000	236.00000
95.19500	223.00000
95.20000	237.00000
95.20500	240.00000
95.21000	251.00000
95.21500	237.00000
95.22000	242.00000
95.22500	230.00000
95.23000	222.00000
95.23500	241.00000
95.24000	239.00000
95.24500	251.00000
95.25000	247.00000
95.25500	241.00000
95.26000	239.00000
95.26500	253.00000
95.27000	239.00000
95.27500	243.00000
95.28000	244.00000
95.28500	243.00000
95.29000	235.00000
95.29500	237.00000
95.30000	237.00000
95.30500	253.00000
95.31000	258.00000
95.31500	253.00000
95.32000	252.00000
95.32500	245.00000
95.33000	229.00000
95.33500	263.00000
95.34000	258.00000
95.34500	248.00000
95.35000	250.00000
95.35500	247.00000
95.36000	255.00000
95.36500	242.00000
95.37000	243.00000
95.37500	260.00000
95.38000	266.00000
95.38500	276.00000
95.39000	256.00000
95.39500	242.00000
95.40000	246.00000
95.40500	260.00000
95.41000	272.00000
95.41500	283.00000
95.42000	282.00000
95.42500	260.00000
95.43000	252.00000
95.43500	262.00000
95.44000	262.00000
95.44500	273.00000
95.45000	278.00000
95.45500	267.00000
95.46000	263.00000
95.46500	247.00000
95.47000	258.00000
95.47500	274.00000
95.48000	277.00000
95.48500	274.00000
95.49000	275.00000
95.49500	261.00000
95.50000	254.00000
95.50500	262.00000
95.51000	277.00000
95.51500	272.00000
95.52000	271.00000
95.52500	259.00000
95.53000	253.00000
95.53500	268.00000
95.54000	267.00000
95.54500	271.00000
95.55000	279.00000
95.55500	262.00000
95.56000	263.00000
95.56500	274.00000
95.57000	269.00000
95.57500	260.00000
95.58000	262.00000
95.58500	263.00000
95.59000	257.00000
95.59500	253.00000
95.60000	253.00000
95.60500	252.00000
95.61000	261.00000
95.61500	250.00000
95.62000	273.00000
95.62500	245.00000
95.63000	229.00000
95.63500	240.00000
95.64000	250.00000
95.64500	264.00000
95.65000	266.00000
95.65500	259.00000
95.66000	288.00000
95.66500	264.00000
95.67000	274.00000
95.67500	258.00000
95.68000	256.00000
95.68500	254.00000
95.69000	256.00000
95.69500	254.00000
95.70000	249.00000
95.70500	242.00000
95.71000	247.00000
95.71500	242.00000
95.72000	252.00000
95.72500	231.00000
95.73000	234.00000
95.73500	252.00000
95.74000	246.00000
95.74500	258.00000
95.75000	252.00000
95.75500	251.00000
95.76000	238.00000
95.76500	238.00000
95.77000	235.00000
95.77500	232.00000
95.78000	241.00000
95.78500	236.00000
95.79000	240.00000
95.79500	234.00000
95.80000	224.00000
95.80500	238.00000
95.81000	237.00000
95.81500	236.00000
95.82000	242.00000
95.82500	235.00000
95.83000	228.00000
95.83500	265.00000
95.84000	265.00000
95.84500	260.00000
95.85000	247.00000
95.85500	244.00000
95.86000	263.00000
95.86500	249.00000
95.87000	240.00000
95.87500	258.00000
95.88000	268.00000
95.88500	264.00000
95.89000	248.00000
95.89500	248.00000
95.90000	239.00000
95.90500	248.00000
95.91000	240.00000
95.91500	245.00000
95.92000	245.00000
95.92500	231.00000
95.93000	221.00000
95.93500	250.00000
95.94000	254.00000
95.94500	257.00000
95.95000	256.00000
95.95500	258.00000
95.96000	252.00000
95.96500	229.00000
95.97000	222.00000
95.97500	230.00000
95.98000	234.00000
95.98500	246.00000
95.99000	240.00000
95.99500	244.00000
96.00000	252.00000
96.00500	252.00000
96.01000	240.00000
96.01500	235.00000
96.02000	238.00000
96.02500	248.00000
96.03000	252.00000
96.03500	257.00000
96.04000	252.00000
96.04500	248.00000
96.05000	246.00000
96.05500	244.00000
96.06000	240.00000
96.06500	234.00000
96.07000	251.00000
96.07500	254.00000
96.08000	302.00000
96.08500	283.00000
96.09000	266.00000
96.09500	262.00000
96.10000	264.00000
96.10500	269.00000
96.11000	268.00000
96.11500	256.00000
96.12000	273.00000
96.12500	257.00000
96.13000	246.00000
96.13500	249.00000
96.14000	247.00000
96.14500	263.00000
96.15000	276.00000
96.15500	274.00000
96.16000	260.00000
96.16500	244.00000
96.17000	256.00000
96.17500	270.00000
96.18000	269.00000
96.18500	256.00000
96.19000	241.00000
96.19500	239.00000
96.20000	238.00000
96.20500	254.00000
96.21000	248.00000
96.21500	254.00000
96.22000	247.00000
96.22500	261.00000
96.23000	241.00000
96.23500	253.00000
96.24000	255.00000
96.24500	261.00000
96.25000	252.00000
96.25500	269.00000
96.26000	300.00000
96.26500	274.00000
96.27000	266.00000
96.27500	267.00000
96.28000	268.00000
96.28500	259.00000
96.29000	253.00000
96.29500	247.00000
96.30000	250.00000
96.30500	261.00000
96.31000	246.00000
96.31500	247.00000
96.32000	261.00000
96.32500	259.00000
96.33000	257.00000
96.33500	251.00000
96.34000	240.00000
96.34500	249.00000
96.35000	242.00000
96.35500	232.00000
96.36000	236.00000
96.36500	251.00000
96.37000	247.00000
96.37500	254.00000
96.38000	258.00000
96.38500	251.00000
96.39000	245.00000
96.39500	239.00000
96.40000	245.00000
96.40500	263.00000
96.41000	257.00000
96.41500	247.00000
96.42000	241.00000
96.42500	227.00000
96.43000	217.00000
96.43500	244.00000
96.44000	255.00000
96.44500	252.00000
96.45000	247.00000
96.45500	246.00000
96.46000	251.00000
96.46500	242.00000
96.47000	239.00000
96.47500	251.00000
96.48000	253.00000
96.48500	255.00000
96.49000	261.00000
96.49500	265.00000
96.50000	257.00000
96.50500	251.00000
96.51000	245.00000
96.51500	239.00000
96.52000	238.00000
96.52500	228.00000
96.53000	217.00000
96.53500	260.00000
96.54000	264.00000
96.54500	267.00000
96.55000	262.00000
96.55500	246.00000
96.56000	256.00000
96.56500	259.00000
96.57000	256.00000
96.57500	249.00000
96.58000	243.00000
96.58500	251.00000
96.59000	244.00000
96.59500	244.00000
96.60000	247.00000
96.60500	251.00000
96.61000	254.00000
96.61500	252.00000
96.62000	252.00000
96.62500	231.00000
96.63000	234.00000
96.63500	261.00000
96.64000	253.00000
96.64500	261.00000
96.65000	259.00000
96.65500	253.00000
96.66000	261.00000
96.66500	260.00000
96.67000	255.00000
96.67500	266.00000
96.68000	268.00000
96.68500	250.00000
96.69000	268.00000
96.69500	260.00000
96.70000	273.00000
96.70500	267.00000
96.71000	271.00000
96.71500	277.00000
96.72000	272.00000
96.72500	259.00000
96.73000	242.00000
96.73500	245.00000
96.74000	240.00000
96.74500	250.00000
96.75000	267.00000
96.75500	265.00000
96.76000	267.00000
96.76500	244.00000
96.77000	240.00000
96.77500	261.00000
96.78000	253.00000
96.78500	252.00000
96.79000	236.00000
96.79500	248.00000
96.80000	244.00000
96.80500	264.00000
96.81000	255.00000
96.81500	232.00000
96.82000	236.00000
96.82500	229.00000
96.83000	239.00000
96.83500	272.00000
96.84000	246.00000
96.84500	253.00000
96.85000	254.00000
96.85500	245.00000
96.86000	245.00000
96.86500	237.00000
96.87000	231.00000
96.87500	237.00000
96.88000	233.00000
96.88500	236.00000
96.89000	236.00000
96.89500	231.00000
96.90000	231.00000
96.90500	241.00000
96.91000	248.00000
96.91500	233.00000
96.92000	235.00000
96.92500	219.00000
96.93000	218.00000
96.93500	224.00000
96.94000	235.00000
96.94500	238.00000
96.95000	235.00000
96.95500	228.00000
96.96000	227.00000
96.96500	233.00000
96.97000	232.00000
96.97500	251.00000
96.98000	239.00000
96.98500	223.00000
96.99000	226.00000
96.99500	232.00000
97.00000	217.00000
97.00500	213.00000
97.01000	216.00000
97.01500	214.00000
97.02000	224.00000
97.02500	220.00000
97.03000	232.00000
97.03500	258.00000
97.04000	257.00000
97.04500	243.00000
97.05000	237.00000
97.05500	234.00000
97.06000	245.00000
97.06500	236.00000
97.07000	250.00000
97.07500	251.00000
97.08000	244.00000
97.08500	235.00000
97.09000	229.00000
97.09500	240.00000
97.10000	244.00000
97.10500	238.00000
97.11000	242.00000
97.11500	229.00000
97.12000	233.00000
97.12500	219.00000
97.13000	223.00000
97.13500	231.00000
97.14000	224.00000
97.14500	223.00000
97.15000	223.00000
97.15500	228.00000
97.16000	240.00000
97.16500	234.00000
97.17000	227.00000
97.17500	249.00000
97.18000	236.00000
97.18500	230.00000
97.19000	224.00000
97.19500	218.00000
97.20000	228.00000
97.20500	230.00000
97.21000	234.00000
97.21500	230.00000
97.22000	228.00000
97.22500	263.00000
97.23000	237.00000
97.23500	239.00000
97.24000	237.00000
97.24500	257.00000
97.25000	261.00000
97.25500	247.00000
97.26000	253.00000
97.26500	245.00000
97.27000	239.00000
97.27500	243.00000
97.28000	252.00000
97.28500	251.00000
97.29000	243.00000
97.29500	248.00000
97.30000	277.00000
97.30500	273.00000
97.31000	265.00000
97.31500	251.00000
97.32000	244.00000
97.32500	240.00000
97.33000	240.00000
97.33500	270.00000
97.34000	286.00000
97.34500	283.00000
97.35000	280.00000
97.35500	262.00000
97.36000	309.00000
97.36500	282.00000
97.37000	263.00000
97.37500	279.00000
97.38000	262.00000
97.38500	253.00000
97.39000	268.00000
97.39500	264.00000
97.40000	261.00000
97.40500	254.00000
97.41000	265.00000
97.41500	266.00000
97.42000	275.00000
97.42500	267.00000
97.43000	246.00000
97.43500	262.00000
97.44000	286.00000
97.44500	292.00000
97.45000	288.00000
97.45500	267.00000
97.46000	301.00000
97.46500	285.00000
97.47000	279.00000
97.47500	267.00000
97.48000	263.00000
97.48500	256.00000
97.49000	276.00000
97.49500	269.00000
97.50000	259.00000
97.50500	267.00000
97.51000	271.00000
97.51500	258.00000
97.52000	260.00000
97.52500	243.00000
97.53000	258.00000
97.53500	270.00000
97.54000	259.00000
97.54500	248.00000
97.55000	291.00000
97.55500	283.00000
97.56000	274.00000
97.56500	265.00000
97.57000	251.00000
97.57500	242.00000
97.58000	255.00000
97.58500	253.00000
97.59000	259.00000
97.59500	277.00000
97.60000	258.00000
97.60500	274.00000
97.61000	315.00000
97.61500	301.00000
97.62000	271.00000
97.62500	261.00000
97.63000	253.00000
97.63500	259.00000
97.64000	253.00000
97.64500	286.00000
97.65000	274.00000
97.65500	264.00000
97.66000	268.00000
97.66500	276.00000
97.67000	267.00000
97.67500	261.00000
97.68000	270.00000
97.68500	268.00000
97.69000	270.00000
97.69500	271.00000
97.70000	264.00000
97.70500	284.00000
97.71000	280.00000
97.71500	266.00000
97.72000	261.00000
97.72500	245.00000
97.73000	239.00000
97.73500	251.00000
97.74000	246.00000
97.74500	249.00000
97.75000	250.00000
97.75500	247.00000
97.76000	250.00000
97.76500	246.00000
97.77000	246.00000
97.77500	245.00000
97.78000	259.00000
97.78500	244.00000
97.79000	229.00000
97.79500	224.00000
97.80000	230.00000
97.80500	238.00000
97.81000	243.00000
97.81500	250.00000
97.82000	242.00000
97.82500	224.00000
97.83000	229.00000
97.83500	246.00000
97.84000	252.00000
97.84500	251.00000
97.85000	247.00000
97.85500	241.00000
97.86000	238.00000
97.86500	247.00000
97.87000	248.00000
97.87500	241.00000
97.88000	250.00000
97.88500	292.00000
97.89000	278.00000
97.89500	260.00000
97.90000	263.00000
97.90500	258.00000
97.91000	260.00000
97.91500	254.00000
97.92000	240.00000
97.92500	230.00000
97.93000	223.00000
97.93500	238.00000
97.94000	232.00000
97.94500	240.00000
97.95000	230.00000
97.95500	222.00000
97.96000	225.00000
97.96500	221.00000
97.97000	217.00000
97.97500	229.00000
97.98000	243.00000
97.98500	240.00000
97.99000	229.00000
97.99500	238.00000
98.00000	231.00000
98.00500	231.00000
98.01000	222.00000
98.01500	223.00000
98.02000	238.00000
98.02500	222.00000
98.03000	209.00000
98.03500	226.00000
98.04000	223.00000
98.04500	240.00000
98.05000	243.00000
98.05500	240.00000
98.06000	248.00000
98.06500	240.00000
98.07000	235.00000
98.07500	242.00000
98.08000	264.00000
98.08500	241.00000
98.09000	231.00000
98.09500	246.00000
98.10000	230.00000
98.10500	234.00000
98.11000	236.00000
98.11500	233.00000
98.12000	235.00000
98.12500	221.00000
98.13000	207.00000
98.13500	218.00000
98.14000	222.00000
98.14500	231.00000
98.15000	230.00000
98.15500	235.00000
98.16000	226.00000
98.16500	218.00000
98.17000	212.00000
98.17500	221.00000
98.18000	226.00000
98.18500	262.00000
98.19000	236.00000
98.19500	218.00000
98.20000	228.00000
98.20500	240.00000
98.21000	239.00000
98.21500	231.00000
98.22000	218.00000
98.22500	213.00000
98.23000	202.00000
98.23500	217.00000
98.24000	239.00000
98.24500	244.00000
98.25000	242.00000
98.25500	236.00000
98.26000	246.00000
98.26500	247.00000
98.27000	250.00000
98.27500	246.00000
98.28000	244.00000
98.28500	254.00000
98.29000	244.00000
98.29500	232.00000
98.30000	229.00000
98.30500	230.00000
98.31000	226.00000
98.31500	220.00000
98.32000	224.00000
98.32500	210.00000
98.33000	199.00000
98.33500	229.00000
98.34000	233.00000
98.34500	243.00000
98.35000	235.00000
98.35500	237.00000
98.36000	219.00000
98.36500	209.00000
98.37000	217.00000
98.37500	254.00000
98.38000	272.00000
98.38500	246.00000
98.39000	233.00000
98.39500	228.00000
98.40000	226.00000
98.40500	221.00000
98.41000	222.00000
98.41500	231.00000
98.42000	249.00000
98.42500	229.00000
98.43000	214.00000
98.43500	223.00000
98.44000	236.00000
98.44500	236.00000
98.45000	230.00000
98.45500	219.00000
98.46000	224.00000
98.46500	217.00000
98.47000	214.00000
98.47500	222.00000
98.48000	243.00000
98.48500	237.00000
98.49000	235.00000
98.49500	232.00000
98.50000	236.00000
98.50500	233.00000
98.51000	232.00000
98.51500	235.00000
98.52000	227.00000
98.52500	215.00000
98.53000	207.00000
98.53500	220.00000
98.54000	219.00000
98.54500	223.00000
98.55000	221.00000
98.55500	217.00000
98.56000	213.00000
98.56500	215.00000
98.57000	209.00000
98.57500	211.00000
98.58000	226.00000
98.58500	223.00000
98.59000	215.00000
98.59500	217.00000
98.60000	224.00000
98.60500	224.00000
98.61000	246.00000
98.61500	246.00000
98.62000	235.00000
98.62500	228.00000
98.63000	223.00000
98.63500	234.00000
98.64000	243.00000
98.64500	248.00000
98.65000	240.00000
98.65500	226.00000
98.66000	244.00000
98.66500	234.00000
98.67000	232.00000
98.67500	233.00000
98.68000	232.00000
98.68500	232.00000
98.69000	246.00000
98.69500	230.00000
98.70000	228.00000
98.70500	231.00000
98.71000	245.00000
98.71500	227.00000
98.72000	233.00000
98.72500	222.00000
98.73000	218.00000
98.73500	250.00000
98.74000	248.00000
98.74500	250.00000
98.75000	246.00000
98.75500	239.00000
98.76000	236.00000
98.76500	234.00000
98.77000	238.00000
98.77500	240.00000
98.78000	242.00000
98.78500	237.00000
98.79000	233.00000
98.79500	239.00000
98.80000	252.00000
98.80500	259.00000
98.81000	260.00000
98.81500	255.00000
98.82000	252.00000
98.82500	247.00000
98.83000	230.00000
98.83500	241.00000
98.84000	257.00000
98.84500	260.00000
98.85000	269.00000
98.85500	288.00000
98.86000	268.00000
98.86500	250.00000
98.87000	256.00000
98.87500	266.00000
98.88000	278.00000
98.88500	260.00000
98.89000	249.00000
98.89500	246.00000
98.90000	266.00000
98.90500	277.00000
98.91000	294.00000
98.91500	280.00000
98.92000	274.00000
98.92500	247.00000
98.93000	256.00000
98.93500	285.00000
98.94000	287.00000
98.94500	294.00000
98.95000	286.00000
98.95500	299.00000
98.96000	282.00000
98.96500	272.00000
98.97000	265.00000
98.97500	271.00000
98.98000	267.00000
98.98500	279.00000
98.99000	300.00000
98.99500	293.00000
99.00000	277.00000
99.00500	288.00000
99.01000	336.00000
99.01500	329.00000
99.02000	294.00000
99.02500	289.00000
99.03000	287.00000
99.03500	288.00000
99.04000	300.00000
99.04500	305.00000
99.05000	319.00000
99.05500	296.00000
99.06000	294.00000
99.06500	282.00000
99.07000	286.00000
99.07500	288.00000
99.08000	315.00000
99.08500	321.00000
99.09000	307.00000
99.09500	303.00000
99.10000	314.00000
99.10500	312.00000
99.11000	296.00000
99.11500	308.00000
99.12000	312.00000
99.12500	292.00000
99.13000	285.00000
99.13500	301.00000
99.14000	307.00000
99.14500	303.00000
99.15000	300.00000
99.15500	287.00000
99.16000	286.00000
99.16500	302.00000
99.17000	289.00000
99.17500	306.00000
99.18000	311.00000
99.18500	330.00000
99.19000	318.00000
99.19500	309.00000
99.20000	311.00000
99.20500	338.00000
99.21000	331.00000
99.21500	315.00000
99.22000	339.00000
99.22500	323.00000
99.23000	312.00000
99.23500	320.00000
99.24000	332.00000
99.24500	339.00000
99.25000	349.00000
99.25500	332.00000
99.26000	333.00000
99.26500	343.00000
99.27000	333.00000
99.27500	344.00000
99.28000	352.00000
99.28500	343.00000
99.29000	333.00000
99.29500	323.00000
99.30000	327.00000
99.30500	326.00000
99.31000	328.00000
99.31500	314.00000
99.32000	322.00000
99.32500	324.00000
99.33000	319.00000
99.33500	338.00000
99.34000	325.00000
99.34500	315.00000
99.35000	343.00000
99.35500	331.00000
99.36000	324.00000
99.36500	319.00000
99.37000	304.00000
99.37500	330.00000
99.38000	325.00000
99.38500	307.00000
99.39000	301.00000
99.39500	351.00000
99.40000	338.00000
99.40500	314.00000
99.41000	332.00000
99.41500	336.00000
99.42000	334.00000
99.42500	347.00000
99.43000	314.00000
99.43500	308.00000
99.44000	301.00000
99.44500	314.00000
99.45000	319.00000
99.45500	297.00000
99.46000	309.00000
99.46500	320.00000
99.47000	307.00000
99.47500	301.00000
99.48000	292.00000
99.48500	304.00000
99.49000	290.00000
99.49500	281.00000
99.50000	277.00000
99.50500	288.00000
99.51000	297.00000
99.51500	296.00000
99.52000	291.00000
99.52500	279.00000
99.53000	276.00000
99.53500	300.00000
99.54000	300.00000
99.54500	285.00000
99.55000	283.00000
99.55500	281.00000
99.56000	294.00000
99.56500	337.00000
99.57000	310.00000
99.57500	300.00000
99.58000	298.00000
99.58500	292.00000
99.59000	289.00000
99.59500	287.00000
99.60000	288.00000
99.60500	289.00000
99.61000	288.00000
99.61500	282.00000
99.62000	287.00000
99.62500	280.00000
99.63000	264.00000
99.63500	269.00000
99.64000	283.00000
99.64500	289.00000
99.65000	286.00000
99.65500	280.00000
99.66000	292.00000
99.66500	288.00000
99.67000	282.00000
99.67500	288.00000
99.68000	294.00000
99.68500	302.00000
99.69000	295.00000
99.69500	285.00000
99.70000	280.00000
99.70500	277.00000
99.71000	285.00000
99.71500	279.00000
99.72000	288.00000
99.72500	273.00000
99.73000	277.00000
99.73500	298.00000
99.74000	287.00000
99.74500	283.00000
99.75000	285.00000
99.75500	292.00000
99.76000	285.00000
99.76500	273.00000
99.77000	273.00000
99.77500	276.00000
99.78000	300.00000
99.78500	298.00000
99.79000	281.00000
99.79500	276.00000
99.80000	285.00000
99.80500	285.00000
99.81000	302.00000
99.81500	292.00000
99.82000	299.00000
99.82500	280.00000
99.83000	281.00000
99.83500	290.00000
99.84000	297.00000
99.84500	310.00000
99.85000	304.00000
99.85500	293.00000
99.86000	297.00000
99.86500	297.00000
99.87000	329.00000
99.87500	327.00000
99.88000	322.00000
99.88500	310.00000
99.89000	294.00000
99.89500	300.00000
99.90000	317.00000
99.90500	318.00000
99.91000	311.00000
99.91500	309.00000
99.92000	318.00000
99.92500	300.00000
99.93000	304.00000
99.93500	310.00000
99.94000	310.00000
99.94500	302.00000
99.95000	346.00000
99.95500	321.00000
99.96000	305.00000
99.96500	316.00000
99.97000	322.00000
99.97500	334.00000
99.98000	357.00000
99.98500	345.00000
99.99000	328.00000
99.99500	321.00000
100.00000	336.00000
100.00500	346.00000
100.01000	343.00000
100.01500	343.00000
100.02000	336.00000
100.02500	336.00000
100.03000	315.00000
100.03500	341.00000
100.04000	350.00000
100.04500	336.00000
100.05000	320.00000
100.05500	325.00000
100.06000	356.00000
100.06500	356.00000
100.07000	362.00000
100.07500	351.00000
100.08000	349.00000
100.08500	345.00000
100.09000	356.00000
100.09500	343.00000
100.10000	326.00000
100.10500	331.00000
100.11000	330.00000
100.11500	326.00000
100.12000	347.00000
100.12500	324.00000
100.13000	315.00000
100.13500	335.00000
100.14000	350.00000
100.14500	346.00000
100.15000	340.00000
100.15500	325.00000
100.16000	335.00000
100.16500	324.00000
100.17000	305.00000
100.17500	313.00000
100.18000	321.00000
100.18500	320.00000
100.19000	336.00000
100.19500	326.00000
100.20000	324.00000
100.20500	312.00000
100.21000	309.00000
100.21500	313.00000
100.22000	322.00000
100.22500	306.00000
100.23000	289.00000
100.23500	312.00000
100.24000	323.00000
100.24500	333.00000
100.25000	331.00000
100.25500	317.00000
100.26000	323.00000
100.26500	300.00000
100.27000	300.00000
100.27500	313.00000
100.28000	306.00000
100.28500	330.00000
100.29000	335.00000
100.29500	323.00000
100.30000	311.00000
100.30500	300.00000
100.31000	318.00000
100.31500	311.00000
100.32000	293.00000
100.32500	292.00000
100.33000	291.00000
100.33500	291.00000
100.34000	300.00000
100.34500	304.00000
100.35000	305.00000
100.35500	278.00000
100.36000	270.00000
100.36500	267.00000
100.37000	261.00000
100.37500	270.00000
100.38000	270.00000
100.38500	271.00000
100.39000	276.00000
100.39500	269.00000
100.40000	272.00000
100.40500	270.00000
100.41000	291.00000
100.41500	290.00000
100.42000	294.00000
100.42500	262.00000
100.43000	255.00000
100.43500	272.00000
100.44000	275.00000
100.44500	291.00000
100.45000	283.00000
100.45500	267.00000
100.46000	290.00000
100.46500	283.00000
100.47000	268.00000
100.47500	276.00000
100.48000	299.00000
100.48500	287.00000
100.49000	296.00000
100.49500	304.00000
