4.98500	9646.00000
4.99800	9684.00000
5.01100	9747.00000
5.02400	9822.00000
5.03700	9866.00000
5.05000	9901.00000
5.06300	9803.00000
5.07600	9871.00000
5.08900	9845.00000
5.10200	9871.00000
5.11500	9780.00000
5.12800	10000.00000
5.14100	9854.00000
5.15400	10070.00000
5.16700	10026.00000
5.18000	10136.00000
5.19300	9968.00000
5.20600	9893.00000
5.21900	10005.00000
5.23200	9968.00000
5.24500	10023.00000
5.25800	10060.00000
5.27100	10074.00000
5.28400	10157.00000
5.29700	10125.00000
5.31000	10189.00000
5.32300	10208.00000
5.33600	10180.00000
5.34900	10216.00000
5.36200	10302.00000
5.37500	10265.00000
5.38800	10272.00000
5.40100	10351.00000
5.41400	10324.00000
5.42700	10169.00000
5.44000	10227.00000
5.45300	10376.00000
5.46600	10321.00000
5.47900	10414.00000
5.49200	10571.00000
5.50500	10470.00000
5.51800	10530.00000
5.53100	10630.00000
5.54400	10493.00000
5.55700	10632.00000
5.57000	10711.00000
5.58300	10562.00000
5.59600	10613.00000
5.60900	10724.00000
5.62200	10714.00000
5.63500	10677.00000
5.64800	10702.00000
5.66100	10709.00000
5.67400	10777.00000
5.68700	10735.00000
5.70000	10626.00000
5.71300	10727.00000
5.72600	10728.00000
5.73900	10614.00000
5.75200	10633.00000
5.76500	10821.00000
5.77800	10823.00000
5.79100	10790.00000
5.80400	10787.00000
5.81700	10770.00000
5.83000	10685.00000
5.84300	10850.00000
5.85600	10944.00000
5.86900	10706.00000
5.88200	10894.00000
5.89500	10867.00000
5.90800	10897.00000
5.92100	10829.00000
5.93400	10794.00000
5.94700	10834.00000
5.96000	10889.00000
5.97300	10731.00000
5.98600	10771.00000
5.99900	10783.00000
6.01200	10825.00000
6.02500	10794.00000
6.03800	10926.00000
6.05100	10953.00000
6.06400	10935.00000
6.07700	10855.00000
6.09000	10835.00000
6.10300	11015.00000
6.11600	10811.00000
6.12900	10762.00000
6.14200	11101.00000
6.15500	11138.00000
6.16800	10841.00000
6.18100	10878.00000
6.19400	11053.00000
6.20700	10816.00000
6.22000	11032.00000
6.23300	10948.00000
6.24600	11095.00000
6.25900	10952.00000
6.27200	10993.00000
6.28500	11110.00000
6.29800	11065.00000
6.31100	11031.00000
6.32400	11041.00000
6.33700	11127.00000
6.35000	11285.00000
6.36300	11197.00000
6.37600	10837.00000
6.38900	10946.00000
6.40200	11083.00000
6.41500	11012.00000
6.42800	11012.00000
6.44100	11026.00000
6.45400	11174.00000
6.46700	10967.00000
6.48000	11060.00000
6.49300	11091.00000
6.50600	11068.00000
6.51900	11029.00000
6.53200	11086.00000
6.54500	11118.00000
6.55800	11164.00000
6.57100	11089.00000
6.58400	11040.00000
6.59700	11071.00000
6.61000	11065.00000
6.62300	11058.00000
6.63600	11063.00000
6.64900	11181.00000
6.66200	11239.00000
6.67500	11091.00000
6.68800	11062.00000
6.70100	11111.00000
6.71400	11134.00000
6.72700	11135.00000
6.74000	11160.00000
6.75300	11123.00000
6.76600	11173.00000
6.77900	11077.00000
6.79200	11107.00000
6.80500	11214.00000
6.81800	11206.00000
6.83100	11225.00000
6.84400	11197.00000
6.85700	11290.00000
6.87000	11404.00000
6.88300	11300.00000
6.89600	11176.00000
6.90900	11130.00000
6.92200	11122.00000
6.93500	11161.00000
6.94800	11264.00000
6.96100	11326.00000
6.97400	11266.00000
6.98700	11141.00000
7.00000	11161.00000
7.01300	11286.00000
7.02600	11284.00000
7.03900	11322.00000
7.05200	11330.00000
7.06500	11253.00000
7.07800	11321.00000
7.09100	11369.00000
7.10400	11346.00000
7.11700	11318.00000
7.13000	11226.00000
7.14300	11363.00000
7.15600	11300.00000
7.16900	11237.00000
7.18200	11247.00000
7.19500	11211.00000
7.20800	11233.00000
7.22100	11374.00000
7.23400	11219.00000
7.24700	11252.00000
7.26000	11224.00000
7.27300	11217.00000
7.28600	11087.00000
7.29900	11196.00000
7.31200	11403.00000
7.32500	11361.00000
7.33800	11458.00000
7.35100	11446.00000
7.36400	11382.00000
7.37700	11244.00000
7.39000	11277.00000
7.40300	11397.00000
7.41600	11334.00000
7.42900	11364.00000
7.44200	11238.00000
7.45500	11252.00000
7.46800	11251.00000
7.48100	11376.00000
7.49400	11340.00000
7.50700	11298.00000
7.52000	11367.00000
7.53300	11359.00000
7.54600	11313.00000
7.55900	11288.00000
7.57200	11502.00000
7.58500	11428.00000
7.59800	11349.00000
7.61100	11328.00000
7.62400	11410.00000
7.63700	11389.00000
7.65000	11305.00000
7.66300	11479.00000
7.67600	11355.00000
7.68900	11355.00000
7.70200	11607.00000
7.71500	11623.00000
7.72800	11484.00000
7.74100	11557.00000
7.75400	11544.00000
7.76700	11554.00000
7.78000	11638.00000
7.79300	11504.00000
7.80600	11382.00000
7.81900	11408.00000
7.83200	11567.00000
7.84500	11467.00000
7.85800	11553.00000
7.87100	11461.00000
7.88400	11573.00000
7.89700	11436.00000
7.91000	11667.00000
7.92300	11607.00000
7.93600	11545.00000
7.94900	11556.00000
7.96200	11659.00000
7.97500	11680.00000
7.98800	11694.00000
8.00100	11594.00000
8.01400	11481.00000
8.02700	11478.00000
8.04000	11620.00000
8.05300	11733.00000
8.06600	11575.00000
8.07900	11571.00000
8.09200	11618.00000
8.10500	11674.00000
8.11800	11599.00000
8.13100	11554.00000
8.14400	11596.00000
8.15700	11724.00000
8.17000	11704.00000
8.18300	11474.00000
8.19600	11403.00000
8.20900	11524.00000
8.22200	11660.00000
8.23500	11573.00000
8.24800	11542.00000
8.26100	11644.00000
8.27400	11627.00000
8.28700	11593.00000
8.30000	11611.00000
8.31300	11651.00000
8.32600	11736.00000
8.33900	11749.00000
8.35200	11701.00000
8.36500	11800.00000
8.37800	11745.00000
8.39100	11647.00000
8.40400	11686.00000
8.41700	11740.00000
8.43000	11677.00000
8.44300	11749.00000
8.45600	11762.00000
8.46900	11580.00000
8.48200	11530.00000
8.49500	11560.00000
8.50800	11678.00000
8.52100	11782.00000
8.53400	11691.00000
8.54700	11768.00000
8.56000	11782.00000
8.57300	11670.00000
8.58600	11718.00000
8.59900	11678.00000
8.61200	11725.00000
8.62500	11841.00000
8.63800	11977.00000
8.65100	11874.00000
8.66400	11788.00000
8.67700	12046.00000
8.69000	11751.00000
8.70300	11793.00000
8.71600	11831.00000
8.72900	12010.00000
8.74200	12038.00000
8.75500	11964.00000
8.76800	12165.00000
8.78100	12169.00000
8.79400	12099.00000
8.80700	12106.00000
8.82000	12147.00000
8.83300	12283.00000
8.84600	12156.00000
8.85900	12242.00000
8.87200	12009.00000
8.88500	12263.00000
8.89800	12108.00000
8.91100	12243.00000
8.92400	12071.00000
8.93700	12175.00000
8.95000	12051.00000
8.96300	12023.00000
8.97600	12071.00000
8.98900	11918.00000
9.00200	11936.00000
9.01500	11879.00000
9.02800	12039.00000
9.04100	12133.00000
9.05400	12056.00000
9.06700	12022.00000
9.08000	12005.00000
9.09300	11927.00000
9.10600	12032.00000
9.11900	11913.00000
9.13200	12001.00000
9.14500	12023.00000
9.15800	12000.00000
9.17100	11845.00000
9.18400	11938.00000
9.19700	11782.00000
9.21000	11880.00000
9.22300	11971.00000
9.23600	11909.00000
9.24900	11960.00000
9.26200	11954.00000
9.27500	11827.00000
9.28800	11985.00000
9.30100	11999.00000
9.31400	12054.00000
9.32700	12174.00000
9.34000	12059.00000
9.35300	11967.00000
9.36600	12045.00000
9.37900	11962.00000
9.39200	11944.00000
9.40500	12129.00000
9.41800	12124.00000
9.43100	12008.00000
9.44400	12023.00000
9.45700	12068.00000
9.47000	12083.00000
9.48300	12073.00000
9.49600	11915.00000
9.50900	11946.00000
9.52200	12038.00000
9.53500	12083.00000
9.54800	12151.00000
9.56100	12186.00000
9.57400	12275.00000
9.58700	12214.00000
9.60000	12094.00000
9.61300	12081.00000
9.62600	12038.00000
9.63900	12154.00000
9.65200	12240.00000
9.66500	12098.00000
9.67800	12112.00000
9.69100	12145.00000
9.70400	12165.00000
9.71700	12304.00000
9.73000	12260.00000
9.74300	12130.00000
9.75600	12116.00000
9.76900	12155.00000
9.78200	12221.00000
9.79500	12243.00000
9.80800	12207.00000
9.82100	12259.00000
9.83400	12248.00000
9.84700	12072.00000
9.86000	12195.00000
9.87300	12297.00000
9.88600	12186.00000
9.89900	12195.00000
9.91200	12343.00000
9.92500	12124.00000
9.93800	12352.00000
9.95100	12326.00000
9.96400	12202.00000
9.97700	12058.00000
9.99000	12033.00000
10.00300	12314.00000
10.01600	12232.00000
10.02900	12384.00000
10.04200	12458.00000
10.05500	12230.00000
10.06800	12218.00000
10.08100	12352.00000
10.09400	12273.00000
10.10700	12190.00000
10.12000	12173.00000
10.13300	12449.00000
10.14600	12235.00000
10.15900	12212.00000
10.17200	12370.00000
10.18500	12398.00000
10.19800	12539.00000
10.21100	12360.00000
10.22400	12303.00000
10.23700	12363.00000
10.25000	12496.00000
10.26300	12420.00000
10.27600	12467.00000
10.28900	12421.00000
10.30200	12476.00000
10.31500	12566.00000
10.32800	12626.00000
10.34100	12491.00000
10.35400	12526.00000
10.36700	12450.00000
10.38000	12403.00000
10.39300	12566.00000
10.40600	12488.00000
10.41900	12290.00000
10.43200	12348.00000
10.44500	12402.00000
10.45800	12459.00000
10.47100	12403.00000
10.48400	12436.00000
10.49700	12363.00000
10.51000	12449.00000
10.52300	12513.00000
10.53600	12478.00000
10.54900	12616.00000
10.56200	12491.00000
10.57500	12396.00000
10.58800	12530.00000
10.60100	12484.00000
10.61400	12595.00000
10.62700	12469.00000
10.64000	12538.00000
10.65300	12489.00000
10.66600	12500.00000
10.67900	12489.00000
10.69200	12592.00000
10.70500	12624.00000
10.71800	12599.00000
10.73100	12686.00000
10.74400	12677.00000
10.75700	12660.00000
10.77000	12695.00000
10.78300	12708.00000
10.79600	12641.00000
10.80900	12686.00000
10.82200	12654.00000
10.83500	12627.00000
10.84800	12611.00000
10.86100	12573.00000
10.87400	12577.00000
10.88700	12710.00000
10.90000	12807.00000
10.91300	12738.00000
10.92600	12666.00000
10.93900	12614.00000
10.95200	12602.00000
10.96500	12654.00000
10.97800	12607.00000
10.99100	12468.00000
11.00400	12596.00000
11.01700	12573.00000
11.03000	12559.00000
11.04300	12485.00000
11.05600	12523.00000
11.06900	12649.00000
11.08200	12572.00000
11.09500	12577.00000
11.10800	12782.00000
11.12100	12767.00000
11.13400	12620.00000
11.14700	12647.00000
11.16000	12526.00000
11.17300	12615.00000
11.18600	12566.00000
11.19900	12437.00000
11.21200	12617.00000
11.22500	12688.00000
11.23800	12603.00000
11.25100	12567.00000
11.26400	12661.00000
11.27700	12606.00000
11.29000	12678.00000
11.30300	12666.00000
11.31600	12740.00000
11.32900	12533.00000
11.34200	12632.00000
11.35500	12592.00000
11.36800	12722.00000
11.38100	12758.00000
11.39400	12711.00000
11.40700	12692.00000
11.42000	12630.00000
11.43300	12797.00000
11.44600	12818.00000
11.45900	12810.00000
11.47200	12802.00000
11.48500	12731.00000
11.49800	12825.00000
11.51100	12866.00000
11.52400	12855.00000
11.53700	12910.00000
11.55000	12828.00000
11.56300	12910.00000
11.57600	12547.00000
11.58900	12674.00000
11.60200	12911.00000
11.61500	12873.00000
11.62800	12744.00000
11.64100	12682.00000
11.65400	12835.00000
11.66700	12997.00000
11.68000	12940.00000
11.69300	12949.00000
11.70600	12786.00000
11.71900	12638.00000
11.73200	13009.00000
11.74500	12936.00000
11.75800	12794.00000
11.77100	12909.00000
11.78400	12966.00000
11.79700	12964.00000
11.81000	12821.00000
11.82300	12703.00000
11.83600	12766.00000
11.84900	12740.00000
11.86200	12756.00000
11.87500	12872.00000
11.88800	12817.00000
11.90100	12857.00000
11.91400	13009.00000
11.92700	13036.00000
11.94000	12729.00000
11.95300	12842.00000
11.96600	12948.00000
11.97900	12898.00000
11.99200	12882.00000
12.00500	12994.00000
12.01800	12915.00000
12.03100	12924.00000
12.04400	12949.00000
12.05700	12876.00000
12.07000	13022.00000
12.08300	12974.00000
12.09600	12932.00000
12.10900	12934.00000
12.12200	12980.00000
12.13500	12943.00000
12.14800	12976.00000
12.16100	13063.00000
12.17400	12977.00000
12.18700	12914.00000
12.20000	12811.00000
12.21300	12953.00000
12.22600	13161.00000
12.23900	13091.00000
12.25200	12982.00000
12.26500	12910.00000
12.27800	12991.00000
12.29100	13029.00000
12.30400	12973.00000
12.31700	12887.00000
12.33000	13011.00000
12.34300	13104.00000
12.35600	13037.00000
12.36900	13029.00000
12.38200	13112.00000
12.39500	13167.00000
12.40800	12995.00000
12.42100	13074.00000
12.43400	12970.00000
12.44700	12961.00000
12.46000	13132.00000
12.47300	13058.00000
12.48600	13097.00000
12.49900	13046.00000
12.51200	13048.00000
12.52500	13085.00000
12.53800	13082.00000
12.55100	13118.00000
12.56400	13043.00000
12.57700	13101.00000
12.59000	13175.00000
12.60300	12952.00000
12.61600	13041.00000
12.62900	12946.00000
12.64200	13102.00000
12.65500	13019.00000
12.66800	13122.00000
12.68100	12959.00000
12.69400	13045.00000
12.70700	13014.00000
12.72000	13102.00000
12.73300	13033.00000
12.74600	13131.00000
12.75900	13150.00000
12.77200	13144.00000
12.78500	13206.00000
12.79800	13237.00000
12.81100	13179.00000
12.82400	13111.00000
12.83700	13126.00000
12.85000	13012.00000
12.86300	13038.00000
12.87600	13178.00000
12.88900	13194.00000
12.90200	13029.00000
12.91500	13125.00000
12.92800	13175.00000
12.94100	13105.00000
12.95400	13078.00000
12.96700	13194.00000
12.98000	13312.00000
12.99300	13099.00000
13.00600	13083.00000
13.01900	13225.00000
13.03200	13184.00000
13.04500	13110.00000
13.05800	13054.00000
13.07100	13031.00000
13.08400	13109.00000
13.09700	13252.00000
13.11000	13097.00000
13.12300	13070.00000
13.13600	13438.00000
13.14900	13213.00000
13.16200	13214.00000
13.17500	13208.00000
13.18800	13154.00000
13.20100	13301.00000
13.21400	13245.00000
13.22700	13308.00000
13.24000	13307.00000
13.25300	13240.00000
13.26600	13352.00000
13.27900	13274.00000
13.29200	13232.00000
13.30500	13143.00000
13.31800	13212.00000
13.33100	13284.00000
13.34400	13328.00000
13.35700	13290.00000
13.37000	13254.00000
13.38300	13192.00000
13.39600	13248.00000
13.40900	13281.00000
13.42200	13265.00000
13.43500	13283.00000
13.44800	13244.00000
13.46100	13272.00000
13.47400	13152.00000
13.48700	13163.00000
13.50000	13345.00000
13.51300	13392.00000
13.52600	13351.00000
13.53900	13300.00000
13.55200	13258.00000
13.56500	13237.00000
13.57800	13269.00000
13.59100	13202.00000
13.60400	13217.00000
13.61700	13273.00000
13.63000	13357.00000
13.64300	13382.00000
13.65600	13285.00000
13.66900	13245.00000
13.68200	13315.00000
13.69500	13291.00000
13.70800	13458.00000
13.72100	13523.00000
13.73400	13558.00000
13.74700	13509.00000
13.76000	13526.00000
13.77300	13292.00000
13.78600	13506.00000
13.79900	13605.00000
13.81200	13493.00000
13.82500	13501.00000
13.83800	13378.00000
13.85100	13417.00000
13.86400	13438.00000
13.87700	13391.00000
13.89000	13419.00000
13.90300	13358.00000
13.91600	13306.00000
13.92900	13566.00000
13.94200	13329.00000
13.95500	13497.00000
13.96800	13340.00000
13.98100	13344.00000
13.99400	13464.00000
14.00700	13317.00000
14.02000	13391.00000
14.03300	13595.00000
14.04600	13529.00000
14.05900	13434.00000
14.07200	13421.00000
14.08500	13436.00000
14.09800	13327.00000
14.11100	13487.00000
14.12400	13355.00000
14.13700	13401.00000
14.15000	13430.00000
14.16300	13548.00000
14.17600	13586.00000
14.18900	13506.00000
14.20200	13597.00000
14.21500	13336.00000
14.22800	13367.00000
14.24100	13558.00000
14.25400	13480.00000
14.26700	13415.00000
14.28000	13412.00000
14.29300	13303.00000
14.30600	13333.00000
14.31900	13410.00000
14.33200	13514.00000
14.34500	13389.00000
14.35800	13449.00000
14.37100	13408.00000
14.38400	13571.00000
14.39700	13522.00000
14.41000	13410.00000
14.42300	13635.00000
14.43600	13441.00000
14.44900	13582.00000
14.46200	13526.00000
14.47500	13494.00000
14.48800	13500.00000
14.50100	13431.00000
14.51400	13466.00000
14.52700	13434.00000
14.54000	13351.00000
14.55300	13564.00000
14.56600	13585.00000
14.57900	13486.00000
14.59200	13317.00000
14.60500	13412.00000
14.61800	13536.00000
14.63100	13589.00000
14.64400	13577.00000
14.65700	13542.00000
14.67000	13619.00000
14.68300	13625.00000
14.69600	13529.00000
14.70900	13685.00000
14.72200	13599.00000
14.73500	13664.00000
14.74800	13807.00000
14.76100	13701.00000
14.77400	13711.00000
14.78700	13658.00000
14.80000	13602.00000
14.81300	13744.00000
14.82600	13687.00000
14.83900	13609.00000
14.85200	13649.00000
14.86500	13557.00000
14.87800	13427.00000
14.89100	13479.00000
14.90400	13595.00000
14.91700	13572.00000
14.93000	13692.00000
14.94300	13611.00000
14.95600	13506.00000
14.96900	13513.00000
14.98200	13480.00000
14.99500	13641.00000
15.00800	13605.00000
15.02100	13505.00000
15.03400	13675.00000
15.04700	13634.00000
15.06000	13540.00000
15.07300	13567.00000
15.08600	13511.00000
15.09900	13733.00000
15.11200	13880.00000
15.12500	13759.00000
15.13800	13752.00000
15.15100	13841.00000
15.16400	13951.00000
15.17700	13778.00000
15.19000	13630.00000
15.20300	14092.00000
15.21600	14065.00000
15.22900	14074.00000
15.24200	14129.00000
15.25500	14161.00000
15.26800	14187.00000
15.28100	14051.00000
15.29400	14250.00000
15.30700	14117.00000
15.32000	14163.00000
15.33300	14169.00000
15.34600	14278.00000
15.35900	13999.00000
15.37200	13943.00000
15.38500	13914.00000
15.39800	13891.00000
15.41100	13917.00000
15.42400	13956.00000
15.43700	13680.00000
15.45000	13687.00000
15.46300	13926.00000
15.47600	13885.00000
15.48900	13752.00000
15.50200	13717.00000
15.51500	14020.00000
15.52800	13758.00000
15.54100	13616.00000
15.55400	13699.00000
15.56700	13788.00000
15.58000	13763.00000
15.59300	13530.00000
15.60600	13852.00000
15.61900	13668.00000
15.63200	13697.00000
15.64500	13665.00000
15.65800	13603.00000
15.67100	13763.00000
15.68400	13727.00000
15.69700	13791.00000
15.71000	13758.00000
15.72300	13781.00000
15.73600	13843.00000
15.74900	13866.00000
15.76200	13921.00000
15.77500	13786.00000
15.78800	13724.00000
15.80100	13816.00000
15.81400	13840.00000
15.82700	13858.00000
15.84000	13671.00000
15.85300	13767.00000
15.86600	13791.00000
15.87900	13806.00000
15.89200	13712.00000
15.90500	13729.00000
15.91800	13653.00000
15.93100	13760.00000
15.94400	13725.00000
15.95700	13821.00000
15.97000	13927.00000
15.98300	13785.00000
15.99600	13910.00000
16.00900	14004.00000
16.02200	13870.00000
16.03500	13776.00000
16.04800	13843.00000
16.06100	13861.00000
16.07400	13811.00000
16.08700	13735.00000
16.10000	13710.00000
16.11300	13873.00000
16.12600	13959.00000
16.13900	13908.00000
16.15200	13890.00000
16.16500	13936.00000
16.17800	14056.00000
16.19100	14034.00000
16.20400	13993.00000
16.21700	14159.00000
16.23000	14104.00000
16.24300	13952.00000
16.25600	14019.00000
16.26900	13968.00000
16.28200	14001.00000
16.29500	14043.00000
16.30800	14101.00000
16.32100	14142.00000
16.33400	14090.00000
16.34700	14280.00000
16.36000	14518.00000
16.37300	14533.00000
16.38600	14541.00000
16.39900	14473.00000
16.41200	14499.00000
16.42500	14722.00000
16.43800	14946.00000
16.45100	15134.00000
16.46400	15334.00000
16.47700	15325.00000
16.49000	15521.00000
16.50300	15943.00000
16.51600	16201.00000
16.52900	16465.00000
16.54200	16713.00000
16.55500	17232.00000
16.56800	17845.00000
16.58100	18334.00000
16.59400	18927.00000
16.60700	19565.00000
16.62000	20598.00000
16.63300	21416.00000
16.64600	22461.00000
16.65900	23842.00000
16.67200	25220.00000
16.68500	26852.00000
16.69800	28903.00000
16.71100	31215.00000
16.72400	33506.00000
16.73700	36245.00000
16.75000	39871.00000
16.76300	43767.00000
16.77600	48241.00000
16.78900	53907.00000
16.80200	60451.00000
16.81500	69149.00000
16.82800	79389.00000
16.84100	93030.00000
16.85400	109634.00000
16.86700	128018.00000
16.88000	144065.00000
16.89300	156684.00000
16.90600	160653.00000
16.91900	154845.00000
16.93200	138100.00000
16.94500	113811.00000
16.95800	88387.00000
16.97100	65642.00000
16.98400	47067.00000
16.99700	34626.00000
17.01000	26474.00000
17.02300	22143.00000
17.03600	19716.00000
17.04900	18308.00000
17.06200	17461.00000
17.07500	16977.00000
17.08800	16698.00000
17.10100	16435.00000
17.11400	16282.00000
17.12700	16168.00000
17.14000	16048.00000
17.15300	15828.00000
17.16600	15608.00000
17.17900	15508.00000
17.19200	15631.00000
17.20500	15574.00000
17.21800	15410.00000
17.23100	15400.00000
17.24400	15349.00000
17.25700	15430.00000
17.27000	15437.00000
17.28300	15261.00000
17.29600	15108.00000
17.30900	15106.00000
17.32200	15283.00000
17.33500	15346.00000
17.34800	15198.00000
17.36100	15145.00000
17.37400	15094.00000
17.38700	15145.00000
17.40000	15027.00000
17.41300	14851.00000
17.42600	15016.00000
17.43900	15008.00000
17.45200	14961.00000
17.46500	14946.00000
17.47800	14963.00000
17.49100	15040.00000
17.50400	14912.00000
17.51700	15023.00000
17.53000	15076.00000
17.54300	14933.00000
17.55600	15006.00000
17.56900	15028.00000
17.58200	14855.00000
17.59500	14874.00000
17.60800	14938.00000
17.62100	14869.00000
17.63400	14917.00000
17.64700	14938.00000
17.66000	14831.00000
17.67300	14849.00000
17.68600	14953.00000
17.69900	14824.00000
17.71200	14761.00000
17.72500	14787.00000
17.73800	14775.00000
17.75100	14862.00000
17.76400	14869.00000
17.77700	14917.00000
17.79000	14849.00000
17.80300	14867.00000
17.81600	14649.00000
17.82900	14933.00000
17.84200	14937.00000
17.85500	14866.00000
17.86800	14981.00000
17.88100	15064.00000
17.89400	14924.00000
17.90700	15016.00000
17.92000	15125.00000
17.93300	15197.00000
17.94600	15079.00000
17.95900	14886.00000
17.97200	14865.00000
17.98500	14846.00000
17.99800	15023.00000
18.01100	14886.00000
18.02400	14880.00000
18.03700	14813.00000
18.05000	14834.00000
18.06300	14726.00000
18.07600	14813.00000
18.08900	15074.00000
18.10200	14806.00000
18.11500	14549.00000
18.12800	14885.00000
18.14100	14798.00000
18.15400	14812.00000
18.16700	15003.00000
18.18000	14992.00000
18.19300	14768.00000
18.20600	15165.00000
18.21900	15068.00000
18.23200	14823.00000
18.24500	14921.00000
18.25800	14998.00000
18.27100	14986.00000
18.28400	15104.00000
18.29700	15021.00000
18.31000	14950.00000
18.32300	15189.00000
18.33600	15289.00000
18.34900	15177.00000
18.36200	15257.00000
18.37500	15155.00000
18.38800	15178.00000
18.40100	15344.00000
18.41400	15290.00000
18.42700	15032.00000
18.44000	15313.00000
18.45300	15391.00000
18.46600	15306.00000
18.47900	15226.00000
18.49200	15300.00000
18.50500	15464.00000
18.51800	15385.00000
18.53100	15500.00000
18.54400	15737.00000
18.55700	15563.00000
18.57000	15457.00000
18.58300	15650.00000
18.59600	15614.00000
18.60900	15486.00000
18.62200	15542.00000
18.63500	15503.00000
18.64800	15576.00000
18.66100	15446.00000
18.67400	15300.00000
18.68700	15427.00000
18.70000	15501.00000
18.71300	15344.00000
18.72600	15402.00000
18.73900	15553.00000
18.75200	15461.00000
18.76500	15451.00000
18.77800	15450.00000
18.79100	15502.00000
18.80400	15620.00000
18.81700	15639.00000
18.83000	15680.00000
18.84300	15705.00000
18.85600	15738.00000
18.86900	15642.00000
18.88200	15625.00000
18.89500	15820.00000
18.90800	15857.00000
18.92100	15839.00000
18.93400	15826.00000
18.94700	15916.00000
18.96000	16016.00000
18.97300	15949.00000
18.98600	15900.00000
18.99900	15691.00000
19.01200	15846.00000
19.02500	15733.00000
19.03800	15757.00000
19.05100	15835.00000
19.06400	15732.00000
19.07700	15674.00000
19.09000	15994.00000
19.10300	16067.00000
19.11600	16045.00000
19.12900	15762.00000
19.14200	15649.00000
19.15500	15904.00000
19.16800	15786.00000
19.18100	15760.00000
19.19400	15864.00000
19.20700	15936.00000
19.22000	16041.00000
19.23300	16125.00000
19.24600	16025.00000
19.25900	15745.00000
19.27200	15886.00000
19.28500	16119.00000
19.29800	16224.00000
19.31100	16120.00000
19.32400	16102.00000
19.33700	16130.00000
19.35000	16394.00000
19.36300	16507.00000
19.37600	16420.00000
19.38900	16633.00000
19.40200	16605.00000
19.41500	16735.00000
19.42800	16762.00000
19.44100	16684.00000
19.45400	17089.00000
19.46700	17312.00000
19.48000	17440.00000
19.49300	17848.00000
19.50600	17819.00000
19.51900	18093.00000
19.53200	18276.00000
19.54500	18978.00000
19.55800	19406.00000
19.57100	19845.00000
19.58400	20422.00000
19.59700	21120.00000
19.61000	22175.00000
19.62300	23369.00000
19.63600	23833.00000
19.64900	25099.00000
19.66200	26891.00000
19.67500	28901.00000
19.68800	31311.00000
19.70100	34445.00000
19.71400	38219.00000
19.72700	43103.00000
19.74000	48758.00000
19.75300	55763.00000
19.76600	62289.00000
19.77900	67373.00000
19.79200	70727.00000
19.80500	70823.00000
19.81800	67247.00000
19.83100	60707.00000
19.84400	52493.00000
19.85700	44054.00000
19.87000	36641.00000
19.88300	30528.00000
19.89600	25835.00000
19.90900	22842.00000
19.92200	20879.00000
19.93500	19830.00000
19.94800	19030.00000
19.96100	18417.00000
19.97400	18033.00000
19.98700	17882.00000
20.00000	17853.00000
20.01300	17839.00000
20.02600	17674.00000
20.03900	17684.00000
20.05200	17783.00000
20.06500	17729.00000
20.07800	17801.00000
20.09100	17774.00000
20.10400	17660.00000
20.11700	17681.00000
20.13000	17789.00000
20.14300	17885.00000
20.15600	17916.00000
20.16900	18105.00000
20.18200	18435.00000
20.19500	18438.00000
20.20800	18399.00000
20.22100	18534.00000
20.23400	19047.00000
20.24700	19376.00000
20.26000	19560.00000
20.27300	19934.00000
20.28600	20338.00000
20.29900	21027.00000
20.31200	21763.00000
20.32500	22545.00000
20.33800	23379.00000
20.35100	24559.00000
20.36400	25930.00000
20.37700	27394.00000
20.39000	29496.00000
20.40300	31269.00000
20.41600	33955.00000
20.42900	37631.00000
20.44200	42002.00000
20.45500	47984.00000
20.46800	56323.00000
20.48100	65799.00000
20.49400	75166.00000
20.50700	83144.00000
20.52000	87801.00000
20.53300	90315.00000
20.54600	88072.00000
20.55900	82147.00000
20.57200	72040.00000
20.58500	60643.00000
20.59800	50079.00000
20.61100	40982.00000
20.62400	33373.00000
20.63700	27613.00000
20.65000	23935.00000
20.66300	22022.00000
20.67600	20675.00000
20.68900	20306.00000
20.70200	19678.00000
20.71500	19007.00000
20.72800	18827.00000
20.74100	18844.00000
20.75400	18859.00000
20.76700	18580.00000
20.78000	18644.00000
20.79300	18541.00000
20.80600	18396.00000
20.81900	18258.00000
20.83200	18562.00000
20.84500	18579.00000
20.85800	18337.00000
20.87100	18553.00000
20.88400	18374.00000
20.89700	18309.00000
20.91000	18248.00000
20.92300	18243.00000
20.93600	18253.00000
20.94900	18152.00000
20.96200	18408.00000
20.97500	18212.00000
20.98800	18399.00000
21.00100	18440.00000
21.01400	18184.00000
21.02700	18281.00000
21.04000	18502.00000
21.05300	18529.00000
21.06600	18388.00000
21.07900	18485.00000
21.09200	18436.00000
21.10500	18363.00000
21.11800	18462.00000
21.13100	18441.00000
21.14400	18571.00000
21.15700	18383.00000
21.17000	18298.00000
21.18300	18368.00000
21.19600	18370.00000
21.20900	18505.00000
21.22200	18418.00000
21.23500	18530.00000
21.24800	18455.00000
21.26100	18372.00000
21.27400	18477.00000
21.28700	18434.00000
21.30000	18571.00000
21.31300	18762.00000
21.32600	18681.00000
21.33900	18606.00000
21.35200	18555.00000
21.36500	18669.00000
21.37800	18720.00000
21.39100	18609.00000
21.40400	18543.00000
21.41700	18471.00000
21.43000	18587.00000
21.44300	18692.00000
21.45600	18756.00000
21.46900	18773.00000
21.48200	18604.00000
21.49500	18522.00000
21.50800	18711.00000
21.52100	18916.00000
21.53400	18920.00000
21.54700	18795.00000
21.56000	18792.00000
21.57300	18726.00000
21.58600	18663.00000
21.59900	18775.00000
21.61200	18918.00000
21.62500	18914.00000
21.63800	18873.00000
21.65100	18852.00000
21.66400	18854.00000
21.67700	18815.00000
21.69000	18771.00000
21.70300	18849.00000
21.71600	18872.00000
21.72900	18689.00000
21.74200	19042.00000
21.75500	18892.00000
21.76800	19006.00000
21.78100	18949.00000
21.79400	19052.00000
21.80700	18947.00000
21.82000	19056.00000
21.83300	18981.00000
21.84600	19167.00000
21.85900	18963.00000
21.87200	19078.00000
21.88500	19263.00000
21.89800	19171.00000
21.91100	19132.00000
21.92400	19220.00000
21.93700	19305.00000
21.95000	19385.00000
21.96300	19414.00000
21.97600	19267.00000
21.98900	19335.00000
22.00200	19385.00000
22.01500	19272.00000
22.02800	19226.00000
22.04100	19299.00000
22.05400	19498.00000
22.06700	19241.00000
22.08000	19413.00000
22.09300	19399.00000
22.10600	19397.00000
22.11900	19425.00000
22.13200	19291.00000
22.14500	19635.00000
22.15800	19627.00000
22.17100	19415.00000
22.18400	19758.00000
22.19700	19854.00000
22.21000	19641.00000
22.22300	19641.00000
22.23600	19618.00000
22.24900	19581.00000
22.26200	19786.00000
22.27500	19469.00000
22.28800	19624.00000
22.30100	19906.00000
22.31400	19837.00000
22.32700	19585.00000
22.34000	19712.00000
22.35300	19758.00000
22.36600	19668.00000
22.37900	19884.00000
22.39200	19811.00000
22.40500	19730.00000
22.41800	19738.00000
22.43100	19874.00000
22.44400	20018.00000
22.45700	19884.00000
22.47000	19977.00000
22.48300	19972.00000
22.49600	20002.00000
22.50900	20020.00000
22.52200	20014.00000
22.53500	20110.00000
22.54800	20133.00000
22.56100	20090.00000
22.57400	20232.00000
22.58700	20200.00000
22.60000	20046.00000
22.61300	20022.00000
22.62600	20179.00000
22.63900	20231.00000
22.65200	20154.00000
22.66500	20086.00000
22.67800	20169.00000
22.69100	20317.00000
22.70400	20315.00000
22.71700	20123.00000
22.73000	20115.00000
22.74300	20468.00000
22.75600	20549.00000
22.76900	20377.00000
22.78200	20397.00000
22.79500	20698.00000
22.80800	20637.00000
22.82100	20430.00000
22.83400	20476.00000
22.84700	20381.00000
22.86000	20333.00000
22.87300	20534.00000
22.88600	20459.00000
22.89900	20280.00000
22.91200	20387.00000
22.92500	20424.00000
22.93800	20304.00000
22.95100	20461.00000
22.96400	20684.00000
22.97700	20496.00000
22.99000	20374.00000
23.00300	20405.00000
23.01600	20694.00000
23.02900	20769.00000
23.04200	20786.00000
23.05500	20756.00000
23.06800	20530.00000
23.08100	20483.00000
23.09400	20707.00000
23.10700	20666.00000
23.12000	20677.00000
23.13300	21014.00000
23.14600	20876.00000
23.15900	20685.00000
23.17200	20748.00000
23.18500	20762.00000
23.19800	20817.00000
23.21100	20684.00000
23.22400	20891.00000
23.23700	20777.00000
23.25000	20779.00000
23.26300	20665.00000
23.27600	20829.00000
23.28900	20723.00000
23.30200	20897.00000
23.31500	20863.00000
23.32800	20896.00000
23.34100	20583.00000
23.35400	20869.00000
23.36700	20820.00000
23.38000	21028.00000
23.39300	20878.00000
23.40600	21089.00000
23.41900	21083.00000
23.43200	20922.00000
23.44500	20825.00000
23.45800	20982.00000
23.47100	20844.00000
23.48400	20997.00000
23.49700	21149.00000
23.51000	21159.00000
23.52300	20967.00000
23.53600	21039.00000
23.54900	21141.00000
23.56200	21064.00000
23.57500	20982.00000
23.58800	21243.00000
23.60100	21083.00000
23.61400	20969.00000
23.62700	21008.00000
23.64000	21137.00000
23.65300	21222.00000
23.66600	21208.00000
23.67900	21298.00000
23.69200	21064.00000
23.70500	21146.00000
23.71800	21179.00000
23.73100	21395.00000
23.74400	21370.00000
23.75700	21184.00000
23.77000	21127.00000
23.78300	21337.00000
23.79600	21412.00000
23.80900	21351.00000
23.82200	21224.00000
23.83500	21275.00000
23.84800	21378.00000
23.86100	21458.00000
23.87400	21324.00000
23.88700	21227.00000
23.90000	21409.00000
23.91300	21504.00000
23.92600	21484.00000
23.93900	21557.00000
23.95200	21604.00000
23.96500	21723.00000
23.97800	21681.00000
23.99100	21497.00000
24.00400	21515.00000
24.01700	21471.00000
24.03000	21441.00000
24.04300	21505.00000
24.05600	21616.00000
24.06900	21601.00000
24.08200	21381.00000
24.09500	21488.00000
24.10800	21552.00000
24.12100	21450.00000
24.13400	21547.00000
24.14700	21776.00000
24.16000	21960.00000
24.17300	21862.00000
24.18600	21822.00000
24.19900	21768.00000
24.21200	21682.00000
24.22500	21624.00000
24.23800	21658.00000
24.25100	21565.00000
24.26400	21730.00000
24.27700	21710.00000
24.29000	21546.00000
24.30300	21509.00000
24.31600	21390.00000
24.32900	21485.00000
24.34200	21577.00000
24.35500	21628.00000
24.36800	21640.00000
24.38100	21593.00000
24.39400	21519.00000
24.40700	21529.00000
24.42000	21408.00000
24.43300	21634.00000
24.44600	21830.00000
24.45900	21526.00000
24.47200	21431.00000
24.48500	21523.00000
24.49800	21417.00000
24.51100	21543.00000
24.52400	21679.00000
24.53700	21409.00000
24.55000	21502.00000
24.56300	21562.00000
24.57600	21509.00000
24.58900	21412.00000
24.60200	21401.00000
24.61500	21412.00000
24.62800	21582.00000
24.64100	21433.00000
24.65400	21442.00000
24.66700	21322.00000
24.68000	21671.00000
24.69300	21366.00000
24.70600	21756.00000
24.71900	21463.00000
24.73200	21502.00000
24.74500	21207.00000
24.75800	21621.00000
24.77100	21640.00000
24.78400	21412.00000
24.79700	21366.00000
24.81000	21242.00000
24.82300	21234.00000
24.83600	21365.00000
24.84900	21487.00000
24.86200	21172.00000
24.87500	21248.00000
24.88800	21345.00000
24.90100	21343.00000
24.91400	21489.00000
24.92700	21351.00000
24.94000	21375.00000
24.95300	21482.00000
24.96600	21482.00000
24.97900	21334.00000
24.99200	21272.00000
25.00500	21267.00000
25.01800	21245.00000
25.03100	21165.00000
25.04400	21242.00000
25.05700	21219.00000
25.07000	21178.00000
25.08300	21289.00000
25.09600	21202.00000
25.10900	21170.00000
25.12200	21155.00000
25.13500	21314.00000
25.14800	21333.00000
25.16100	21171.00000
25.17400	21142.00000
25.18700	21066.00000
25.20000	21078.00000
25.21300	21249.00000
25.22600	21154.00000
25.23900	21079.00000
25.25200	21074.00000
25.26500	21145.00000
25.27800	21200.00000
25.29100	21171.00000
25.30400	21115.00000
25.31700	21039.00000
25.33000	21083.00000
25.34300	21064.00000
25.35600	21157.00000
25.36900	21316.00000
25.38200	21130.00000
25.39500	20941.00000
25.40800	20940.00000
25.42100	20975.00000
25.43400	21100.00000
25.44700	21058.00000
25.46000	20911.00000
25.47300	20895.00000
25.48600	20998.00000
25.49900	20959.00000
25.51200	20778.00000
25.52500	20693.00000
25.53800	20894.00000
25.55100	20978.00000
25.56400	21034.00000
25.57700	20952.00000
25.59000	20880.00000
25.60300	20850.00000
25.61600	20877.00000
25.62900	20795.00000
25.64200	20875.00000
25.65500	20915.00000
25.66800	20752.00000
25.68100	20881.00000
25.69400	20714.00000
25.70700	20673.00000
25.72000	20689.00000
25.73300	20540.00000
25.74600	20599.00000
25.75900	20431.00000
25.77200	20467.00000
25.78500	20860.00000
25.79800	20649.00000
25.81100	20614.00000
25.82400	20716.00000
25.83700	20734.00000
25.85000	20708.00000
25.86300	20689.00000
25.87600	20625.00000
25.88900	20647.00000
25.90200	20424.00000
25.91500	20641.00000
25.92800	20623.00000
25.94100	20649.00000
25.95400	20451.00000
25.96700	20511.00000
25.98000	20642.00000
25.99300	20675.00000
26.00600	20589.00000
26.01900	20580.00000
26.03200	20404.00000
26.04500	20688.00000
26.05800	20636.00000
26.07100	20437.00000
26.08400	20402.00000
26.09700	20449.00000
26.11000	20320.00000
26.12300	20263.00000
26.13600	20351.00000
26.14900	20296.00000
26.16200	20281.00000
26.17500	20463.00000
26.18800	20329.00000
26.20100	20334.00000
26.21400	20521.00000
26.22700	20318.00000
26.24000	20160.00000
26.25300	20261.00000
26.26600	20457.00000
26.27900	20474.00000
26.29200	20503.00000
26.30500	20431.00000
26.31800	20221.00000
26.33100	20426.00000
26.34400	20356.00000
26.35700	20488.00000
26.37000	20598.00000
26.38300	20497.00000
26.39600	20526.00000
26.40900	20431.00000
26.42200	20728.00000
26.43500	21062.00000
26.44800	21323.00000
26.46100	21426.00000
26.47400	21794.00000
26.48700	22144.00000
26.50000	22680.00000
26.51300	23066.00000
26.52600	23639.00000
26.53900	24356.00000
26.55200	25235.00000
26.56500	26298.00000
26.57800	27593.00000
26.59100	29222.00000
26.60400	31237.00000
26.61700	33605.00000
26.63000	36529.00000
26.64300	40353.00000
26.65600	44841.00000
26.66900	49915.00000
26.68200	54835.00000
26.69500	59086.00000
26.70800	62669.00000
26.72100	64245.00000
26.73400	63503.00000
26.74700	60980.00000
26.76000	56411.00000
26.77300	51483.00000
26.78600	46587.00000
26.79900	41321.00000
26.81200	36232.00000
26.82500	31848.00000
26.83800	28443.00000
26.85100	25605.00000
26.86400	23982.00000
26.87700	22744.00000
26.89000	21808.00000
26.90300	21292.00000
26.91600	20783.00000
26.92900	20439.00000
26.94200	20262.00000
26.95500	20262.00000
26.96800	20218.00000
26.98100	20048.00000
26.99400	19887.00000
27.00700	19749.00000
27.02000	19574.00000
27.03300	19687.00000
27.04600	19658.00000
27.05900	19586.00000
27.07200	19451.00000
27.08500	19311.00000
27.09800	19497.00000
27.11100	19409.00000
27.12400	19315.00000
27.13700	19280.00000
27.15000	19146.00000
27.16300	19048.00000
27.17600	19198.00000
27.18900	19354.00000
27.20200	19179.00000
27.21500	18872.00000
27.22800	18822.00000
27.24100	18915.00000
27.25400	18802.00000
27.26700	18864.00000
27.28000	18980.00000
27.29300	18783.00000
27.30600	18881.00000
27.31900	18639.00000
27.33200	18952.00000
27.34500	18668.00000
27.35800	18721.00000
27.37100	18861.00000
27.38400	18699.00000
27.39700	18752.00000
27.41000	18774.00000
27.42300	18498.00000
27.43600	18487.00000
27.44900	18379.00000
27.46200	18615.00000
27.47500	18602.00000
27.48800	18526.00000
27.50100	18557.00000
27.51400	18308.00000
27.52700	18411.00000
27.54000	18267.00000
27.55300	18160.00000
27.56600	18345.00000
27.57900	18461.00000
27.59200	18330.00000
27.60500	18310.00000
27.61800	18217.00000
27.63100	18245.00000
27.64400	18048.00000
27.65700	18045.00000
27.67000	18029.00000
27.68300	18118.00000
27.69600	18214.00000
27.70900	18168.00000
27.72200	18054.00000
27.73500	17953.00000
27.74800	17913.00000
27.76100	17847.00000
27.77400	17878.00000
27.78700	17910.00000
27.80000	17862.00000
27.81300	17832.00000
27.82600	17840.00000
27.83900	17816.00000
27.85200	17759.00000
27.86500	17822.00000
27.87800	17715.00000
27.89100	17617.00000
27.90400	17654.00000
27.91700	17606.00000
27.93000	17688.00000
27.94300	17832.00000
27.95600	17753.00000
27.96900	17597.00000
27.98200	17528.00000
27.99500	17545.00000
28.00800	17585.00000
28.02100	17519.00000
28.03400	17571.00000
28.04700	17560.00000
28.06000	17433.00000
28.07300	17431.00000
28.08600	17367.00000
28.09900	17487.00000
28.11200	17359.00000
28.12500	17410.00000
28.13800	17383.00000
28.15100	17256.00000
28.16400	17201.00000
28.17700	17278.00000
28.19000	17315.00000
28.20300	17256.00000
28.21600	17054.00000
28.22900	17200.00000
28.24200	17304.00000
28.25500	17314.00000
28.26800	17001.00000
28.28100	17177.00000
28.29400	17341.00000
28.30700	17345.00000
28.32000	17284.00000
28.33300	17028.00000
28.34600	16886.00000
28.35900	17095.00000
28.37200	17037.00000
28.38500	16839.00000
28.39800	17090.00000
28.41100	17086.00000
28.42400	16993.00000
28.43700	16625.00000
28.45000	16914.00000
28.46300	16873.00000
28.47600	17079.00000
28.48900	17074.00000
28.50200	16881.00000
28.51500	16750.00000
28.52800	16859.00000
28.54100	16751.00000
28.55400	16847.00000
28.56700	16732.00000
28.58000	16770.00000
28.59300	16853.00000
28.60600	16596.00000
28.61900	16700.00000
28.63200	16743.00000
28.64500	16659.00000
28.65800	16748.00000
28.67100	16727.00000
28.68400	16751.00000
28.69700	16686.00000
28.71000	16641.00000
28.72300	16742.00000
28.73600	16443.00000
28.74900	16515.00000
28.76200	16682.00000
28.77500	16294.00000
28.78800	16598.00000
28.80100	16683.00000
28.81400	16449.00000
28.82700	16489.00000
28.84000	16505.00000
28.85300	16312.00000
28.86600	16363.00000
28.87900	16485.00000
28.89200	16590.00000
28.90500	16521.00000
28.91800	16473.00000
28.93100	16514.00000
28.94400	16441.00000
28.95700	16520.00000
28.97000	16654.00000
28.98300	16409.00000
28.99600	16268.00000
29.00900	16363.00000
29.02200	16493.00000
29.03500	16431.00000
29.04800	16322.00000
29.06100	16393.00000
29.07400	16459.00000
29.08700	16436.00000
29.10000	16373.00000
29.11300	16390.00000
29.12600	16475.00000
29.13900	16588.00000
29.15200	16669.00000
29.16500	16772.00000
29.17800	16636.00000
29.19100	16592.00000
29.20400	17044.00000
29.21700	17340.00000
29.23000	17433.00000
29.24300	17804.00000
29.25600	18077.00000
29.26900	18379.00000
29.28200	19055.00000
29.29500	19808.00000
29.30800	20545.00000
29.32100	21420.00000
29.33400	22835.00000
29.34700	24573.00000
29.36000	26480.00000
29.37300	28944.00000
29.38600	32001.00000
29.39900	35725.00000
29.41200	40555.00000
29.42500	46825.00000
29.43800	54306.00000
29.45100	63528.00000
29.46400	74474.00000
29.47700	85007.00000
29.49000	93356.00000
29.50300	98868.00000
29.51600	100629.00000
29.52900	97757.00000
29.54200	90297.00000
29.55500	80890.00000
29.56800	71272.00000
29.58100	63033.00000
29.59400	54599.00000
29.60700	45803.00000
29.62000	37342.00000
29.63300	30324.00000
29.64600	26032.00000
29.65900	23016.00000
29.67200	20926.00000
29.68500	19421.00000
29.69800	18708.00000
29.71100	17963.00000
29.72400	17474.00000
29.73700	17247.00000
29.75000	17009.00000
29.76300	16734.00000
29.77600	16316.00000
29.78900	16217.00000
29.80200	16188.00000
29.81500	16274.00000
29.82800	16077.00000
29.84100	16103.00000
29.85400	16141.00000
29.86700	15737.00000
29.88000	15816.00000
29.89300	15813.00000
29.90600	15628.00000
29.91900	15322.00000
29.93200	15403.00000
29.94500	15337.00000
29.95800	15219.00000
29.97100	15499.00000
29.98400	15545.00000
29.99700	15398.00000
30.01000	15190.00000
30.02300	15218.00000
30.03600	15222.00000
30.04900	15118.00000
30.06200	15221.00000
30.07500	15034.00000
30.08800	14989.00000
30.10100	14922.00000
30.11400	15065.00000
30.12700	14868.00000
30.14000	15030.00000
30.15300	14988.00000
30.16600	14963.00000
30.17900	14924.00000
30.19210	14882.00000
30.20500	14809.00000
30.21800	14956.00000
30.23100	14975.00000
30.24400	14872.00000
30.25700	14869.00000
30.27000	14575.00000
30.28300	14554.00000
30.29600	14521.00000
30.30900	14411.00000
30.32200	14459.00000
30.33500	14358.00000
30.34800	14305.00000
30.36100	14422.00000
30.37400	14398.00000
30.38700	14475.00000
30.40000	14467.00000
30.41300	14459.00000
30.42600	14339.00000
30.43900	14241.00000
30.45200	14298.00000
30.46500	14380.00000
30.47800	14396.00000
30.49100	14484.00000
30.50400	14468.00000
30.51700	14359.00000
30.53000	14350.00000
30.54300	14193.00000
30.55600	14094.00000
30.56900	14115.00000
30.58200	14021.00000
30.59500	14020.00000
30.60800	14063.00000
30.62100	14004.00000
30.63400	13945.00000
30.64710	13947.00000
30.66000	13907.00000
30.67300	13987.00000
30.68600	14074.00000
30.69900	13961.00000
30.71200	13959.00000
30.72500	13865.00000
30.73800	13851.00000
30.75110	13822.00000
30.76400	13964.00000
30.77700	13977.00000
30.79000	13932.00000
30.80300	13992.00000
30.81600	13852.00000
30.82900	13856.00000
30.84200	13865.00000
30.85500	13782.00000
30.86800	13734.00000
30.88100	13785.00000
30.89400	13936.00000
30.90700	13760.00000
30.92000	13861.00000
30.93300	13787.00000
30.94600	13711.00000
30.95900	13600.00000
30.97200	13552.00000
30.98500	13751.00000
30.99800	13443.00000
31.01100	13577.00000
31.02400	13263.00000
31.03700	13455.00000
31.05000	13437.00000
31.06300	13472.00000
31.07600	13418.00000
31.08900	13306.00000
31.10210	13453.00000
31.11500	13522.00000
31.12800	13260.00000
31.14100	13262.00000
31.15400	13268.00000
31.16700	13214.00000
31.18000	13441.00000
31.19300	13327.00000
31.20610	13160.00000
31.21900	13127.00000
31.23200	13230.00000
31.24500	13129.00000
31.25800	13076.00000
31.27100	13350.00000
31.28400	13215.00000
31.29700	12953.00000
31.31000	13246.00000
31.32300	13071.00000
31.33600	13355.00000
31.34900	13155.00000
31.36200	13012.00000
31.37500	13026.00000
31.38800	13192.00000
31.40100	13138.00000
31.41400	13055.00000
31.42700	13008.00000
31.44000	12939.00000
31.45300	12921.00000
31.46600	12837.00000
31.47900	12870.00000
31.49200	13014.00000
31.50500	12952.00000
31.51800	12885.00000
31.53100	12993.00000
31.54400	12816.00000
31.55700	12808.00000
31.57000	12874.00000
31.58300	12864.00000
31.59600	12679.00000
31.60900	12809.00000
31.62200	12838.00000
31.63500	12764.00000
31.64800	12600.00000
31.66110	12604.00000
31.67400	12627.00000
31.68700	12591.00000
31.70000	12686.00000
31.71300	12668.00000
31.72600	12770.00000
31.73900	12807.00000
31.75200	12693.00000
31.76510	12605.00000
31.77800	12748.00000
31.79100	12722.00000
31.80400	12552.00000
31.81700	12573.00000
31.83000	12508.00000
31.84300	12488.00000
31.85600	12614.00000
31.86900	12568.00000
31.88200	12566.00000
31.89500	12618.00000
31.90800	12578.00000
31.92100	12585.00000
31.93400	12580.00000
31.94700	12634.00000
31.96000	12668.00000
31.97300	12680.00000
31.98600	12630.00000
31.99900	12522.00000
32.01200	12432.00000
32.02500	12555.00000
32.03800	12640.00000
32.05100	12630.00000
32.06400	12609.00000
32.07700	12534.00000
32.09000	12520.00000
32.10300	12554.00000
32.11600	12641.00000
32.12900	12633.00000
32.14200	12488.00000
32.15500	12495.00000
32.16800	12481.00000
32.18100	12451.00000
32.19400	12439.00000
32.20700	12352.00000
32.22000	12230.00000
32.23300	12172.00000
32.24600	12176.00000
32.25900	12193.00000
32.27200	12202.00000
32.28500	12360.00000
32.29800	12405.00000
32.31100	12231.00000
32.32400	12351.00000
32.33700	12452.00000
32.35000	12405.00000
32.36300	12037.00000
32.37600	12215.00000
32.38900	12171.00000
32.40200	12151.00000
32.41500	12401.00000
32.42800	12036.00000
32.44100	12297.00000
32.45400	12286.00000
32.46700	12187.00000
32.48000	12093.00000
32.49300	12245.00000
32.50600	12172.00000
32.51900	11955.00000
32.53200	12086.00000
32.54500	12155.00000
32.55800	12257.00000
32.57100	12137.00000
32.58400	12108.00000
32.59700	12059.00000
32.61000	12180.00000
32.62300	12075.00000
32.63600	12091.00000
32.64900	12160.00000
32.66200	12223.00000
32.67500	12025.00000
32.68800	12309.00000
32.70100	12220.00000
32.71400	12293.00000
32.72700	12320.00000
32.74000	12162.00000
32.75300	12158.00000
32.76600	12052.00000
32.77900	11986.00000
32.79200	12006.00000
32.80500	12121.00000
32.81800	12003.00000
32.83100	11865.00000
32.84400	11848.00000
32.85700	11881.00000
32.87000	11807.00000
32.88300	11760.00000
32.89600	11786.00000
32.90900	11780.00000
32.92200	11806.00000
32.93500	11725.00000
32.94800	11741.00000
32.96100	11787.00000
32.97400	11814.00000
32.98700	11723.00000
33.00000	11678.00000
33.01300	11815.00000
33.02600	11881.00000
33.03900	11806.00000
33.05200	11736.00000
33.06500	11877.00000
33.07800	11800.00000
33.09100	11599.00000
33.10400	11738.00000
33.11700	11724.00000
33.13000	11752.00000
33.14300	11771.00000
33.15600	11558.00000
33.16900	11553.00000
33.18200	11645.00000
33.19500	11671.00000
33.20800	11621.00000
33.22100	11608.00000
33.23400	11634.00000
33.24700	11613.00000
33.26000	11677.00000
33.27300	11651.00000
33.28600	11719.00000
33.29900	11796.00000
33.31200	11681.00000
33.32500	11689.00000
33.33800	11522.00000
33.35100	11594.00000
33.36400	11582.00000
33.37700	11673.00000
33.39000	11541.00000
33.40300	11495.00000
33.41600	11583.00000
33.42900	11568.00000
33.44200	11718.00000
33.45500	11530.00000
33.46800	11496.00000
33.48100	11428.00000
33.49400	11546.00000
33.50700	11450.00000
33.52000	11515.00000
33.53300	11319.00000
33.54600	11523.00000
33.55900	11520.00000
33.57200	11462.00000
33.58500	11513.00000
33.59800	11467.00000
33.61100	11445.00000
33.62400	11566.00000
33.63700	11504.00000
33.65000	11535.00000
33.66300	11336.00000
33.67600	11460.00000
33.68900	11267.00000
33.70200	11278.00000
33.71500	11320.00000
33.72800	11483.00000
33.74100	11335.00000
33.75400	11496.00000
33.76700	11457.00000
33.78000	11601.00000
33.79300	11579.00000
33.80600	11558.00000
33.81900	11712.00000
33.83200	11525.00000
33.84500	11571.00000
33.85800	11401.00000
33.87100	11619.00000
33.88400	11580.00000
33.89700	11531.00000
33.91000	11554.00000
33.92300	11455.00000
33.93600	11952.00000
33.94900	12069.00000
33.96200	12109.00000
33.97500	12269.00000
33.98800	12388.00000
34.00100	12552.00000
34.01400	13002.00000
34.02700	13344.00000
34.04000	13781.00000
34.05300	14337.00000
34.06600	15012.00000
34.07900	15951.00000
34.09200	17246.00000
34.10500	18711.00000
34.11800	20589.00000
34.13100	22971.00000
34.14400	25845.00000
34.15700	29538.00000
34.17000	33179.00000
34.18300	36437.00000
34.19600	39337.00000
34.20900	40330.00000
34.22200	39190.00000
34.23500	36997.00000
34.24800	34516.00000
34.26100	32276.00000
34.27400	29808.00000
34.28700	27583.00000
34.30000	25118.00000
34.31300	22145.00000
34.32600	19449.00000
34.33900	17183.00000
34.35200	15331.00000
34.36500	14196.00000
34.37800	13429.00000
34.39100	12735.00000
34.40400	12376.00000
34.41700	12147.00000
34.43000	12002.00000
34.44300	11909.00000
34.45600	11665.00000
34.46900	11597.00000
34.48200	11564.00000
34.49500	11506.00000
34.50800	11483.00000
34.52100	11441.00000
34.53400	11577.00000
34.54700	11534.00000
34.56000	11401.00000
34.57300	11410.00000
34.58600	11290.00000
34.59900	11163.00000
34.61200	11298.00000
34.62500	11348.00000
34.63800	11307.00000
34.65100	11352.00000
34.66400	11360.00000
34.67700	11349.00000
34.69000	11268.00000
34.70300	11110.00000
34.71600	11119.00000
34.72900	11213.00000
34.74200	11201.00000
34.75500	11223.00000
34.76800	11207.00000
34.78100	11354.00000
34.79400	11246.00000
34.80700	11323.00000
34.82000	11151.00000
34.83300	11223.00000
34.84600	11173.00000
34.85900	11200.00000
34.87200	11176.00000
34.88500	11107.00000
34.89800	11198.00000
34.91100	11166.00000
34.92400	11390.00000
34.93700	11070.00000
34.95000	11058.00000
34.96300	11220.00000
34.97600	11231.00000
34.98900	11181.00000
35.00200	11264.00000
35.01500	11244.00000
35.02800	11224.00000
35.04100	11552.00000
35.05400	11205.00000
35.06700	11331.00000
35.08000	11420.00000
35.09300	11531.00000
35.10600	11334.00000
35.11900	11441.00000
35.13200	11491.00000
35.14500	11472.00000
35.15800	11444.00000
35.17100	11511.00000
35.18400	11577.00000
35.19700	11471.00000
35.21000	11779.00000
35.22300	11913.00000
35.23600	12031.00000
35.24900	12210.00000
35.26200	12349.00000
35.27500	12563.00000
35.28800	12898.00000
35.30100	13291.00000
35.31400	13691.00000
35.32700	14308.00000
35.34000	14968.00000
35.35300	15776.00000
35.36600	16718.00000
35.37900	18069.00000
35.39200	19542.00000
35.40500	21431.00000
35.41800	24191.00000
35.43100	27237.00000
35.44400	31571.00000
35.45700	36438.00000
35.47000	42453.00000
35.48300	49096.00000
35.49600	55763.00000
35.50900	61744.00000
35.52200	66538.00000
35.53500	69320.00000
35.54800	69668.00000
35.56100	67503.00000
35.57400	63630.00000
35.58700	59130.00000
35.60000	54659.00000
35.61300	50270.00000
35.62600	45928.00000
35.63900	41256.00000
35.65200	36485.00000
35.66500	32101.00000
35.67800	28733.00000
35.69100	26775.00000
35.70400	25851.00000
35.71700	25749.00000
35.73000	26798.00000
35.74300	28697.00000
35.75600	30813.00000
35.76900	33033.00000
35.78200	34771.00000
35.79500	35387.00000
35.80800	35040.00000
35.82100	33598.00000
35.83400	31516.00000
35.84700	29609.00000
35.86000	27873.00000
35.87300	26288.00000
35.88600	24556.00000
35.89900	22470.00000
35.91200	20174.00000
35.92500	18300.00000
35.93800	16987.00000
35.95100	15982.00000
35.96400	15327.00000
35.97700	15138.00000
35.99000	15019.00000
36.00300	15323.00000
36.01600	15711.00000
36.02900	16227.00000
36.04200	17054.00000
36.05500	17968.00000
36.06800	19110.00000
36.08100	20720.00000
36.09400	22747.00000
36.10700	25581.00000
36.12000	28931.00000
36.13300	32849.00000
36.14600	38023.00000
36.15900	44454.00000
36.17200	51045.00000
36.18500	58838.00000
36.19800	65264.00000
36.21100	70289.00000
36.22400	73190.00000
36.23700	73139.00000
36.25000	70760.00000
36.26300	66701.00000
36.27600	61792.00000
36.28900	56879.00000
36.30200	51906.00000
36.31500	46977.00000
36.32800	41879.00000
36.34100	36189.00000
36.35400	30841.00000
36.36700	25996.00000
36.38000	22096.00000
36.39300	19198.00000
36.40600	17331.00000
36.41900	15893.00000
36.43200	14724.00000
36.44500	14021.00000
36.45800	13570.00000
36.47100	12878.00000
36.48400	12295.00000
36.49700	12285.00000
36.51000	12184.00000
36.52300	11682.00000
36.53600	11687.00000
36.54900	11403.00000
36.56200	11291.00000
36.57500	11143.00000
36.58800	11121.00000
36.60100	10786.00000
36.61400	10768.00000
36.62700	10833.00000
36.64000	10747.00000
36.65300	10590.00000
36.66600	10619.00000
36.67900	10643.00000
36.69200	10560.00000
36.70500	10512.00000
36.71800	10505.00000
36.73100	10496.00000
36.74400	10411.00000
36.75700	10437.00000
36.77000	10330.00000
36.78300	10436.00000
36.79600	10416.00000
36.80900	10386.00000
36.82200	10320.00000
36.83500	10229.00000
36.84800	10143.00000
36.86100	10207.00000
36.87400	10176.00000
36.88700	10105.00000
36.90000	10005.00000
36.91300	10115.00000
36.92600	10152.00000
36.93900	10173.00000
36.95200	10137.00000
36.96500	10135.00000
36.97800	9943.00000
36.99100	9952.00000
37.00400	9883.00000
37.01700	9807.00000
37.03000	9921.00000
37.04300	9965.00000
37.05600	9892.00000
37.06900	9867.00000
37.08200	9824.00000
37.09500	9752.00000
37.10800	9644.00000
37.12100	9581.00000
37.13400	9708.00000
37.14700	9693.00000
37.16000	9642.00000
37.17300	9652.00000
37.18600	9582.00000
37.19900	9604.00000
37.21200	9540.00000
37.22500	9375.00000
37.23800	9485.00000
37.25100	9596.00000
37.26400	9559.00000
37.27700	9567.00000
37.29000	9603.00000
37.30300	9612.00000
37.31600	9571.00000
37.32900	9483.00000
37.34200	9358.00000
37.35500	9400.00000
37.36800	9355.00000
37.38100	9320.00000
37.39400	9277.00000
37.40700	9316.00000
37.42000	9361.00000
37.43300	9296.00000
37.44600	9276.00000
37.45900	9347.00000
37.47200	9403.00000
37.48500	9195.00000
37.49800	9238.00000
37.51100	9264.00000
37.52400	9283.00000
37.53700	9238.00000
37.55000	9181.00000
37.56300	9082.00000
37.57600	9086.00000
37.58900	8967.00000
37.60200	9050.00000
37.61500	9102.00000
37.62800	9231.00000
37.64100	9290.00000
37.65400	9053.00000
37.66700	8900.00000
37.68000	9152.00000
37.69300	8955.00000
37.70600	8884.00000
37.71900	9044.00000
37.73200	8911.00000
37.74500	8877.00000
37.75800	8816.00000
37.77100	8774.00000
37.78400	8906.00000
37.79700	8989.00000
37.81000	8840.00000
37.82300	8820.00000
37.83600	8980.00000
37.84900	8909.00000
37.86200	8787.00000
37.87500	8859.00000
37.88800	8905.00000
37.90100	8886.00000
37.91400	8824.00000
37.92700	8831.00000
37.94000	8925.00000
37.95300	8868.00000
37.96600	8736.00000
37.97900	8785.00000
37.99200	8818.00000
38.00500	8736.00000
38.01800	8823.00000
38.03100	8746.00000
38.04400	8812.00000
38.05700	8680.00000
38.07000	8689.00000
38.08300	8640.00000
38.09600	8613.00000
38.10900	8765.00000
38.12200	8841.00000
38.13500	8727.00000
38.14800	8705.00000
38.16100	8684.00000
38.17400	8663.00000
38.18700	8493.00000
38.20000	8614.00000
38.21300	8665.00000
38.22600	8719.00000
38.23900	8654.00000
38.25200	8584.00000
38.26500	8515.00000
38.27800	8581.00000
38.29100	8522.00000
38.30400	8446.00000
38.31700	8550.00000
38.33000	8533.00000
38.34300	8497.00000
38.35600	8459.00000
38.36900	8495.00000
38.38200	8583.00000
38.39500	8488.00000
38.40800	8446.00000
38.42100	8498.00000
38.43400	8495.00000
38.44700	8461.00000
38.46000	8435.00000
38.47300	8487.00000
38.48600	8499.00000
38.49900	8461.00000
38.51200	8468.00000
38.52500	8446.00000
38.53800	8406.00000
38.55100	8397.00000
38.56400	8376.00000
38.57700	8425.00000
38.59000	8440.00000
38.60300	8360.00000
38.61600	8278.00000
38.62900	8256.00000
38.64200	8285.00000
38.65500	8264.00000
38.66800	8258.00000
38.68100	8250.00000
38.69400	8286.00000
38.70700	8273.00000
38.72000	8157.00000
38.73300	8270.00000
38.74600	8346.00000
38.75900	8299.00000
38.77200	8434.00000
38.78500	8283.00000
38.79800	8232.00000
38.81100	8211.00000
38.82400	8311.00000
38.83700	8290.00000
38.85000	8250.00000
38.86300	8208.00000
38.87600	8065.00000
38.88900	8180.00000
38.90200	8186.00000
38.91500	7970.00000
38.92800	8264.00000
38.94100	8245.00000
38.95400	8101.00000
38.96700	8166.00000
38.98000	8061.00000
38.99300	7912.00000
39.00600	7923.00000
39.01900	7925.00000
39.03200	8170.00000
39.04500	7959.00000
39.05800	8330.00000
39.07100	8086.00000
39.08400	7932.00000
39.09700	7960.00000
39.11000	8025.00000
39.12300	8067.00000
39.13600	8012.00000
39.14900	8028.00000
39.16200	7983.00000
39.17500	8025.00000
39.18800	8204.00000
39.20100	8074.00000
39.21400	8074.00000
39.22700	7964.00000
39.24000	7984.00000
39.25300	7992.00000
39.26600	7930.00000
39.27900	7935.00000
39.29200	8072.00000
39.30500	7936.00000
39.31800	8005.00000
39.33100	8115.00000
39.34400	8042.00000
39.35700	7934.00000
39.37000	7935.00000
39.38300	7985.00000
39.39600	7935.00000
39.40900	7881.00000
39.42200	7859.00000
39.43500	7833.00000
39.44800	7906.00000
39.46100	7941.00000
39.47400	7999.00000
39.48700	7838.00000
39.50000	7927.00000
39.51300	7820.00000
39.52600	7775.00000
39.53900	7798.00000
39.55200	7767.00000
39.56500	7837.00000
39.57800	7831.00000
39.59100	7702.00000
39.60400	7670.00000
39.61700	7832.00000
39.63000	7814.00000
39.64300	7699.00000
39.65600	7742.00000
39.66900	7851.00000
39.68200	7831.00000
39.69500	7795.00000
39.70800	7878.00000
39.72100	7820.00000
39.73400	7773.00000
39.74700	7840.00000
39.76000	7756.00000
39.77300	7803.00000
39.78600	7852.00000
39.79900	7762.00000
39.81200	7808.00000
39.82500	7813.00000
39.83800	7863.00000
39.85100	7799.00000
39.86400	7815.00000
39.87700	7859.00000
39.89000	7791.00000
39.90300	7794.00000
39.91600	7893.00000
39.92900	7889.00000
39.94200	8014.00000
39.95500	7934.00000
39.96800	7969.00000
39.98100	8035.00000
39.99400	7990.00000
40.00700	8105.00000
40.02000	8197.00000
40.03300	8350.00000
40.04600	8464.00000
40.05900	8716.00000
40.07200	8880.00000
40.08500	9181.00000
40.09800	9396.00000
40.11100	9673.00000
40.12400	10312.00000
40.13700	10906.00000
40.15000	11998.00000
40.16300	12866.00000
40.17600	13813.00000
40.18900	14910.00000
40.20200	16187.00000
40.21500	17001.00000
40.22800	17728.00000
40.24100	17732.00000
40.25400	17112.00000
40.26700	16707.00000
40.28000	15700.00000
40.29300	15121.00000
40.30600	14738.00000
40.31900	14063.00000
40.33200	13263.00000
40.34500	12337.00000
40.35800	11620.00000
40.37100	10736.00000
40.38400	10125.00000
40.39700	9347.00000
40.41000	9073.00000
40.42300	8567.00000
40.43600	8440.00000
40.44900	8210.00000
40.46200	8038.00000
40.47500	7888.00000
40.48800	7927.00000
40.50100	7753.00000
40.51400	7742.00000
40.52700	7691.00000
40.54000	7559.00000
40.55300	7658.00000
40.56600	7473.00000
40.57900	7569.00000
40.59200	7559.00000
40.60500	7501.00000
40.61800	7532.00000
40.63100	7504.00000
40.64400	7489.00000
40.65700	7495.00000
40.67000	7462.00000
40.68300	7423.00000
40.69600	7334.00000
40.70900	7380.00000
40.72200	7280.00000
40.73500	7306.00000
40.74800	7387.00000
40.76100	7487.00000
40.77400	7413.00000
40.78700	7235.00000
40.80000	7322.00000
40.81300	7341.00000
40.82600	7310.00000
40.83900	7274.00000
40.85200	7322.00000
40.86500	7330.00000
40.87800	7236.00000
40.89100	7166.00000
40.90400	7242.00000
40.91700	7371.00000
40.93000	7343.00000
40.94300	7248.00000
40.95600	7213.00000
40.96900	7220.00000
40.98200	7266.00000
40.99500	7338.00000
41.00800	7301.00000
41.02100	7181.00000
41.03400	7147.00000
41.04700	7226.00000
41.06000	7302.00000
41.07300	7178.00000
41.08600	7101.00000
41.09900	7176.00000
41.11200	7184.00000
41.12500	7177.00000
41.13800	7077.00000
41.15100	7042.00000
41.16400	7058.00000
41.17700	7134.00000
41.19000	7056.00000
41.20300	7055.00000
41.21600	7194.00000
41.22900	7104.00000
41.24200	7052.00000
41.25500	7220.00000
41.26800	7181.00000
41.28100	7143.00000
41.29400	7029.00000
41.30700	7090.00000
41.32000	7073.00000
41.33300	6957.00000
41.34600	6927.00000
41.35900	7092.00000
41.37200	7185.00000
41.38500	7063.00000
41.39800	6935.00000
41.41100	7031.00000
41.42400	7106.00000
41.43700	7095.00000
41.45000	7125.00000
41.46300	7118.00000
41.47600	6959.00000
41.48900	6965.00000
41.50200	7066.00000
41.51500	6982.00000
41.52800	7030.00000
41.54100	6869.00000
41.55400	7040.00000
41.56700	7009.00000
41.58000	7030.00000
41.59300	6957.00000
41.60600	6838.00000
41.61900	6885.00000
41.63200	7041.00000
41.64500	6944.00000
41.65800	7103.00000
41.67100	7051.00000
41.68400	7115.00000
41.69700	7095.00000
41.71000	7126.00000
41.72300	7204.00000
41.73600	7180.00000
41.74900	7204.00000
41.76200	7273.00000
41.77500	7180.00000
41.78800	7313.00000
41.80100	7253.00000
41.81400	7081.00000
41.82700	7029.00000
41.84000	7128.00000
41.85300	7140.00000
41.86600	6950.00000
41.87900	7062.00000
41.89200	6916.00000
41.90500	7015.00000
41.91800	6950.00000
41.93100	7044.00000
41.94400	6958.00000
41.95700	6888.00000
41.97000	6895.00000
41.98300	6780.00000
41.99600	6746.00000
42.00900	6741.00000
42.02200	6731.00000
42.03500	6788.00000
42.04800	6745.00000
42.06100	6663.00000
42.07400	6735.00000
42.08700	6813.00000
42.10000	6714.00000
42.11300	6737.00000
42.12600	6770.00000
42.13900	6786.00000
42.15200	6824.00000
42.16500	6873.00000
42.17800	6846.00000
42.19100	6783.00000
42.20400	6693.00000
42.21700	6641.00000
42.23000	6715.00000
42.24300	6757.00000
42.25600	6743.00000
42.26900	6685.00000
42.28200	6707.00000
42.29500	6724.00000
42.30800	6701.00000
42.32100	6706.00000
42.33400	6725.00000
42.34700	6717.00000
42.36000	6665.00000
42.37300	6697.00000
42.38600	6731.00000
42.39900	6670.00000
42.41200	6651.00000
42.42500	6668.00000
42.43800	6655.00000
42.45100	6682.00000
42.46400	6668.00000
42.47700	6603.00000
42.49000	6640.00000
42.50300	6723.00000
42.51600	6586.00000
42.52900	6531.00000
42.54200	6633.00000
42.55500	6664.00000
42.56800	6631.00000
42.58100	6563.00000
42.59400	6508.00000
42.60700	6599.00000
42.62000	6592.00000
42.63300	6470.00000
42.64600	6398.00000
42.65900	6451.00000
42.67200	6453.00000
42.68500	6550.00000
42.69800	6478.00000
42.71100	6451.00000
42.72400	6491.00000
42.73700	6442.00000
42.75000	6507.00000
42.76300	6490.00000
42.77600	6547.00000
42.78900	6489.00000
42.80200	6480.00000
42.81500	6410.00000
42.82800	6497.00000
42.84100	6527.00000
42.85400	6464.00000
42.86700	6532.00000
42.88000	6393.00000
42.89300	6416.00000
42.90600	6494.00000
42.91900	6341.00000
42.93200	6378.00000
42.94500	6420.00000
42.95800	6458.00000
42.97100	6447.00000
42.98400	6420.00000
42.99700	6423.00000
43.01000	6467.00000
43.02300	6353.00000
43.03600	6356.00000
43.04900	6393.00000
43.06200	6172.00000
43.07500	6342.00000
43.08800	6434.00000
43.10100	6376.00000
43.11400	6325.00000
43.12700	6370.00000
43.14000	6334.00000
43.15300	6319.00000
43.16600	6338.00000
43.17900	6340.00000
43.19200	6364.00000
43.20500	6213.00000
43.21800	6310.00000
43.23100	6326.00000
43.24400	6230.00000
43.25700	6390.00000
43.27000	6270.00000
43.28300	6414.00000
43.29600	6386.00000
43.30900	6419.00000
43.32200	6390.00000
43.33500	6341.00000
43.34800	6303.00000
43.36100	6275.00000
43.37400	6306.00000
43.38700	6263.00000
43.40000	6249.00000
43.41300	6352.00000
43.42600	6435.00000
43.43900	6334.00000
43.45200	6212.00000
43.46500	6254.00000
43.47800	6258.00000
43.49100	6264.00000
43.50400	6272.00000
43.51700	6241.00000
43.53000	6314.00000
43.54300	6269.00000
43.55600	6215.00000
43.56900	6222.00000
43.58200	6187.00000
43.59500	6192.00000
43.60800	6142.00000
43.62100	6189.00000
43.63400	6283.00000
43.64700	6294.00000
43.66000	6209.00000
43.67300	6114.00000
43.68600	6112.00000
43.69900	6134.00000
43.71200	6261.00000
43.72500	6257.00000
43.73800	6112.00000
43.75100	6056.00000
43.76400	6097.00000
43.77700	6183.00000
43.79000	6105.00000
43.80300	6000.00000
43.81600	6207.00000
43.82900	6204.00000
43.84200	6172.00000
43.85500	6173.00000
43.86800	6110.00000
43.88100	6173.00000
43.89400	5992.00000
43.90700	5976.00000
43.92000	6021.00000
43.93300	6111.00000
43.94600	6074.00000
43.95900	6109.00000
43.97200	6139.00000
43.98500	6059.00000
43.99800	6152.00000
44.01100	5975.00000
44.02400	6051.00000
44.03700	5973.00000
44.05000	5998.00000
44.06300	6169.00000
44.07600	6145.00000
44.08900	6038.00000
44.10200	6020.00000
44.11500	5984.00000
44.12800	6039.00000
44.14100	6027.00000
44.15400	6024.00000
44.16700	6096.00000
44.18000	6091.00000
44.19300	6041.00000
44.20600	6054.00000
44.21900	5996.00000
44.23200	6039.00000
44.24500	6090.00000
44.25800	5883.00000
44.27100	5843.00000
44.28400	5958.00000
44.29700	5956.00000
44.31000	5809.00000
44.32300	6064.00000
44.33600	5965.00000
44.34900	6000.00000
44.36200	6118.00000
44.37500	6008.00000
44.38800	5892.00000
44.40100	5980.00000
44.41400	6033.00000
44.42700	6021.00000
44.44000	5962.00000
44.45300	6023.00000
44.46600	5932.00000
44.47900	6023.00000
44.49200	6015.00000
44.50500	5822.00000
44.51800	5844.00000
44.53100	5940.00000
44.54400	5856.00000
44.55700	5925.00000
44.57000	5996.00000
44.58300	6063.00000
44.59600	5913.00000
44.60900	6045.00000
44.62200	6009.00000
44.63500	5869.00000
44.64800	5908.00000
44.66100	5905.00000
44.67400	5884.00000
44.68700	5882.00000
44.70000	5913.00000
44.71300	5913.00000
44.72600	5931.00000
44.73900	5845.00000
44.75200	5941.00000
44.76500	5857.00000
44.77800	5853.00000
44.79100	5888.00000
44.80400	5896.00000
44.81700	5919.00000
44.83000	5928.00000
44.84300	5975.00000
44.85600	5934.00000
44.86900	5774.00000
44.88200	5822.00000
44.89500	5866.00000
44.90800	5815.00000
44.92100	5816.00000
44.93400	5740.00000
44.94700	5754.00000
44.96000	5822.00000
44.97300	5777.00000
44.98600	5836.00000
44.99900	5860.00000
45.01200	5798.00000
45.02500	5870.00000
45.03800	5948.00000
45.05100	5894.00000
45.06400	5772.00000
45.07700	5813.00000
45.09000	5863.00000
45.10300	5844.00000
45.11600	5828.00000
45.12900	5769.00000
45.14200	5827.00000
45.15500	5820.00000
45.16800	5945.00000
45.18100	5877.00000
45.19400	5953.00000
45.20700	6042.00000
45.22000	6034.00000
45.23300	6143.00000
45.24600	6210.00000
45.25900	6077.00000
45.27200	6200.00000
45.28500	6264.00000
45.29800	6528.00000
45.31100	6645.00000
45.32400	6808.00000
45.33700	7015.00000
45.35000	7146.00000
45.36300	7322.00000
45.37600	7440.00000
45.38900	7334.00000
45.40200	7198.00000
45.41500	7225.00000
45.42800	7121.00000
45.44100	7007.00000
45.45400	6896.00000
45.46700	6841.00000
45.48000	6790.00000
45.49300	6776.00000
45.50600	6670.00000
45.51900	6535.00000
45.53200	6366.00000
45.54500	6260.00000
45.55800	6294.00000
45.57100	6296.00000
45.58400	6204.00000
45.59700	6231.00000
45.61000	6195.00000
45.62300	6302.00000
45.63600	6359.00000
45.64900	6393.00000
45.66200	6467.00000
45.67500	6580.00000
45.68800	6844.00000
45.70100	7132.00000
45.71400	7349.00000
45.72700	7857.00000
45.74000	8561.00000
45.75300	9074.00000
45.76600	9569.00000
45.77900	9938.00000
45.79200	10218.00000
45.80500	10152.00000
45.81800	9931.00000
45.83100	9632.00000
45.84400	9323.00000
45.85700	9089.00000
45.87000	8906.00000
45.88300	8673.00000
45.89600	8470.00000
45.90900	8224.00000
45.92200	8007.00000
45.93500	7596.00000
45.94800	7161.00000
45.96100	6863.00000
45.97400	6635.00000
45.98700	6433.00000
46.00000	6241.00000
46.01300	6062.00000
46.02600	5998.00000
46.03900	5964.00000
46.05200	5952.00000
46.06500	5947.00000
46.07800	5865.00000
46.09100	5862.00000
46.10400	5853.00000
46.11700	5831.00000
46.13000	5804.00000
46.14300	5766.00000
46.15600	5788.00000
46.16900	5829.00000
46.18200	5817.00000
46.19500	5788.00000
46.20800	5835.00000
46.22100	5817.00000
46.23400	5710.00000
46.24700	5781.00000
46.26000	5822.00000
46.27300	5774.00000
46.28600	5798.00000
46.29900	5733.00000
46.31200	5698.00000
46.32500	5687.00000
46.33800	5655.00000
46.35100	5658.00000
46.36400	5603.00000
46.37700	5652.00000
46.39000	5702.00000
46.40300	5696.00000
46.41600	5686.00000
46.42900	5651.00000
46.44200	5712.00000
46.45500	5744.00000
46.46800	5783.00000
46.48100	5665.00000
46.49400	5700.00000
46.50700	5818.00000
46.52000	5845.00000
46.53300	5862.00000
46.54600	5731.00000
46.55900	5836.00000
46.57200	5873.00000
46.58500	5856.00000
46.59800	6000.00000
46.61100	5954.00000
46.62400	6087.00000
46.63700	6085.00000
46.65000	6135.00000
46.66300	6342.00000
46.67600	6413.00000
46.68900	6423.00000
46.70200	6686.00000
46.71500	6942.00000
46.72800	7302.00000
46.74100	7517.00000
46.75400	8051.00000
46.76700	8523.00000
46.78000	8955.00000
46.79300	9733.00000
46.80600	10278.00000
46.81900	11076.00000
46.83200	11521.00000
46.84500	11838.00000
46.85800	11942.00000
46.87100	11803.00000
46.88400	11509.00000
46.89700	11073.00000
46.91000	11103.00000
46.92300	11115.00000
46.93600	11347.00000
46.94900	11272.00000
46.96200	11472.00000
46.97500	11633.00000
46.98800	12159.00000
47.00100	12631.00000
47.01400	12824.00000
47.02700	13372.00000
47.04000	13641.00000
47.05300	13663.00000
47.06600	13426.00000
47.07900	12864.00000
47.09200	12124.00000
47.10500	11485.00000
47.11800	11163.00000
47.13100	10813.00000
47.14400	10547.00000
47.15700	10379.00000
47.17000	9891.00000
47.18300	9406.00000
47.19600	8764.00000
47.20900	8101.00000
47.22200	7575.00000
47.23500	7094.00000
47.24800	6840.00000
47.26100	6693.00000
47.27400	6388.00000
47.28700	6194.00000
47.30000	6090.00000
47.31300	5927.00000
47.32600	5885.00000
47.33900	5884.00000
47.35200	5854.00000
47.36500	5695.00000
47.37800	5755.00000
47.39100	5791.00000
47.40400	5807.00000
47.41700	5745.00000
47.43000	5719.00000
47.44300	5721.00000
47.45600	5627.00000
47.46900	5661.00000
47.48200	5792.00000
47.49500	5717.00000
47.50800	5643.00000
47.52100	5622.00000
47.53400	5619.00000
47.54700	5604.00000
47.56000	5580.00000
47.57300	5563.00000
47.58600	5535.00000
47.59900	5558.00000
47.61200	5561.00000
47.62500	5552.00000
47.63800	5570.00000
47.65100	5580.00000
47.66400	5532.00000
47.67700	5479.00000
47.69000	5476.00000
47.70300	5468.00000
47.71600	5447.00000
47.72900	5424.00000
47.74200	5448.00000
47.75500	5472.00000
47.76800	5428.00000
47.78100	5464.00000
47.79400	5524.00000
47.80700	5424.00000
47.82000	5413.00000
47.83300	5469.00000
47.84600	5539.00000
47.85900	5464.00000
47.87200	5433.00000
47.88500	5489.00000
47.89800	5452.00000
47.91100	5433.00000
47.92400	5415.00000
47.93700	5486.00000
47.95000	5491.00000
47.96300	5364.00000
47.97600	5487.00000
47.98900	5436.00000
48.00200	5423.00000
48.01500	5434.00000
48.02800	5496.00000
48.04100	5523.00000
48.05400	5405.00000
48.06700	5438.00000
48.08000	5419.00000
48.09300	5378.00000
48.10600	5381.00000
48.11900	5485.00000
48.13200	5365.00000
48.14500	5497.00000
48.15800	5352.00000
48.17100	5341.00000
48.18400	5487.00000
48.19700	5366.00000
48.21000	5451.00000
48.22300	5352.00000
48.23600	5408.00000
48.24900	5547.00000
48.26200	5357.00000
48.27500	5452.00000
48.28800	5387.00000
48.30100	5437.00000
48.31400	5356.00000
48.32700	5424.00000
48.34000	5507.00000
48.35300	5395.00000
48.36600	5309.00000
48.37900	5172.00000
48.39200	5395.00000
48.40500	5416.00000
48.41800	5358.00000
48.43100	5462.00000
48.44400	5484.00000
48.45700	5483.00000
48.47000	5370.00000
48.48300	5261.00000
48.49600	5408.00000
48.50900	5472.00000
48.52200	5536.00000
48.53500	5495.00000
48.54800	5389.00000
48.56100	5390.00000
48.57400	5384.00000
48.58700	5336.00000
48.60000	5319.00000
48.61300	5300.00000
48.62600	5308.00000
48.63900	5323.00000
48.65200	5258.00000
48.66500	5411.00000
48.67800	5403.00000
48.69100	5398.00000
48.70400	5383.00000
48.71700	5365.00000
48.73000	5353.00000
48.74300	5360.00000
48.75600	5403.00000
48.76900	5390.00000
48.78200	5421.00000
48.79500	5412.00000
48.80800	5279.00000
48.82100	5358.00000
48.83400	5458.00000
48.84700	5382.00000
48.86000	5350.00000
48.87300	5356.00000
48.88600	5449.00000
48.89900	5449.00000
48.91200	5400.00000
48.92500	5417.00000
48.93800	5342.00000
48.95100	5317.00000
48.96400	5311.00000
48.97700	5328.00000
48.99000	5297.00000
49.00300	5246.00000
49.01600	5312.00000
49.02900	5407.00000
49.04200	5420.00000
49.05500	5327.00000
49.06800	5324.00000
49.08100	5302.00000
49.09400	5313.00000
49.10700	5355.00000
49.12000	5288.00000
49.13300	5318.00000
49.14600	5313.00000
49.15900	5401.00000
49.17200	5361.00000
49.18500	5342.00000
49.19800	5313.00000
49.21100	5296.00000
49.22400	5352.00000
49.23700	5394.00000
49.25000	5390.00000
49.26300	5252.00000
49.27600	5249.00000
49.28900	5374.00000
49.30200	5397.00000
49.31500	5342.00000
49.32800	5351.00000
49.34100	5372.00000
49.35400	5331.00000
49.36700	5388.00000
49.38000	5282.00000
49.39300	5310.00000
49.40600	5275.00000
49.41900	5320.00000
49.43200	5361.00000
49.44500	5415.00000
49.45800	5304.00000
49.47100	5282.00000
49.48400	5404.00000
49.49700	5268.00000
49.51000	5486.00000
49.52300	5263.00000
49.53600	5142.00000
49.54900	5280.00000
49.56200	5376.00000
49.57500	5299.00000
49.58800	5325.00000
49.60100	5389.00000
49.61400	5315.00000
49.62700	5339.00000
49.64000	5312.00000
49.65300	5392.00000
49.66600	5239.00000
49.67900	5256.00000
49.69200	5211.00000
49.70500	5278.00000
49.71800	5314.00000
49.73100	5429.00000
49.74400	5458.00000
49.75700	5467.00000
49.77000	5313.00000
49.78300	5349.00000
49.79600	5344.00000
49.80900	5342.00000
49.82200	5365.00000
49.83500	5337.00000
49.84800	5396.00000
49.86100	5454.00000
49.87400	5377.00000
49.88700	5403.00000
49.90000	5365.00000
49.91300	5358.00000
49.92600	5325.00000
49.93900	5444.00000
49.95200	5435.00000
49.96500	5346.00000
49.97800	5316.00000
49.99100	5333.00000
50.00400	5305.00000
50.01700	5406.00000
50.03000	5454.00000
50.04300	5374.00000
50.05600	5374.00000
50.06900	5413.00000
50.08200	5417.00000
50.09500	5392.00000
50.10800	5415.00000
50.12100	5388.00000
50.13400	5393.00000
50.14700	5485.00000
50.16000	5488.00000
50.17300	5461.00000
50.18600	5489.00000
50.19900	5436.00000
50.21200	5431.00000
50.22500	5541.00000
50.23800	5558.00000
50.25100	5499.00000
50.26400	5497.00000
50.27700	5578.00000
50.29000	5567.00000
50.30300	5545.00000
50.31600	5591.00000
50.32900	5573.00000
50.34200	5624.00000
50.35500	5623.00000
50.36800	5574.00000
50.38100	5682.00000
50.39400	5771.00000
50.40700	5720.00000
50.42000	5896.00000
50.43300	5841.00000
50.44600	5864.00000
50.45900	5990.00000
50.47200	6015.00000
50.48500	6178.00000
50.49800	6284.00000
50.51100	6579.00000
50.52400	6725.00000
50.53700	6877.00000
50.55000	7228.00000
50.56300	7537.00000
50.57600	8055.00000
50.58900	8668.00000
50.60200	9450.00000
50.61500	10303.00000
50.62800	11376.00000
50.64100	12414.00000
50.65400	13453.00000
50.66700	14323.00000
50.68000	14423.00000
50.69300	14394.00000
50.70600	14115.00000
50.71900	13444.00000
50.73200	12883.00000
50.74500	12478.00000
50.75800	11880.00000
50.77100	11796.00000
50.78400	11504.00000
50.79700	11165.00000
50.81000	10651.00000
50.82300	10105.00000
50.83600	9668.00000
50.84900	8877.00000
50.86200	8212.00000
50.87500	7574.00000
50.88800	7109.00000
50.90100	6991.00000
50.91400	6609.00000
50.92700	6404.00000
50.94000	6275.00000
50.95300	6134.00000
50.96600	5988.00000
50.97900	5919.00000
50.99200	5856.00000
51.00500	5824.00000
51.01800	5762.00000
51.03100	5892.00000
51.04400	5831.00000
51.05700	5655.00000
51.07000	5730.00000
51.08300	5737.00000
51.09600	5614.00000
51.10900	5599.00000
51.12200	5526.00000
51.13500	5613.00000
51.14800	5670.00000
51.16100	5801.00000
51.17400	5730.00000
51.18700	5589.00000
51.20000	5582.00000
51.21300	5562.00000
51.22600	5572.00000
51.23900	5576.00000
51.25200	5619.00000
51.26500	5633.00000
51.27800	5496.00000
51.29100	5446.00000
51.30400	5507.00000
51.31700	5524.00000
51.33000	5468.00000
51.34300	5524.00000
51.35600	5549.00000
51.36900	5582.00000
51.38200	5554.00000
51.39500	5522.00000
51.40800	5466.00000
51.42100	5500.00000
51.43400	5561.00000
51.44700	5553.00000
51.46000	5501.00000
51.47300	5461.00000
51.48600	5535.00000
51.49900	5540.00000
51.51200	5554.00000
51.52500	5597.00000
51.53800	5611.00000
51.55100	5594.00000
51.56400	5542.00000
51.57700	5596.00000
51.59000	5565.00000
51.60300	5490.00000
51.61600	5545.00000
51.62900	5646.00000
51.64200	5574.00000
51.65500	5605.00000
51.66800	5653.00000
51.68100	5633.00000
51.69400	5700.00000
51.70700	5693.00000
51.72000	5672.00000
51.73300	5598.00000
51.74600	5724.00000
51.75900	5762.00000
51.77200	5699.00000
51.78500	5839.00000
51.79800	5892.00000
51.81100	6061.00000
51.82400	6314.00000
51.83700	6475.00000
51.85000	6488.00000
51.86300	6775.00000
51.87600	6925.00000
51.88900	7274.00000
51.90200	7452.00000
51.91500	7875.00000
51.92800	8320.00000
51.94100	8997.00000
51.95400	9251.00000
51.96700	9475.00000
51.98000	9780.00000
51.99300	9720.00000
52.00600	9594.00000
52.01900	9307.00000
52.03200	9230.00000
52.04500	8905.00000
52.05800	8534.00000
52.07100	8680.00000
52.08400	8595.00000
52.09700	8658.00000
52.11000	8103.00000
52.12300	8028.00000
52.13600	7928.00000
52.14900	7717.00000
52.16200	7297.00000
52.17500	7093.00000
52.18800	7008.00000
52.20100	7027.00000
52.21400	7375.00000
52.22700	7292.00000
52.24000	7481.00000
52.25300	7849.00000
52.26600	8307.00000
52.27900	9014.00000
52.29200	9820.00000
52.30500	10705.00000
52.31800	11755.00000
52.33100	12752.00000
52.34400	13708.00000
52.35700	14160.00000
52.37000	14301.00000
52.38300	13472.00000
52.39600	12964.00000
52.40900	12057.00000
52.42200	11484.00000
52.43500	11173.00000
52.44800	11000.00000
52.46100	11085.00000
52.47400	10984.00000
52.48700	10779.00000
52.50000	10232.00000
52.51300	9637.00000
52.52600	8786.00000
52.53900	8124.00000
52.55200	7581.00000
52.56500	7079.00000
52.57800	6754.00000
52.59100	6559.00000
52.60400	6377.00000
52.61700	6218.00000
52.63000	6021.00000
52.64300	5967.00000
52.65600	5950.00000
52.66900	5873.00000
52.68200	5737.00000
52.69500	5725.00000
52.70800	5734.00000
52.72100	5754.00000
52.73400	5709.00000
52.74700	5657.00000
52.76000	5654.00000
52.77300	5611.00000
52.78600	5591.00000
52.79900	5614.00000
52.81200	5637.00000
52.82500	5666.00000
52.83800	5641.00000
52.85100	5623.00000
52.86400	5630.00000
52.87700	5581.00000
52.89000	5541.00000
52.90300	5465.00000
52.91600	5451.00000
52.92900	5573.00000
52.94200	5565.00000
52.95500	5449.00000
52.96800	5469.00000
52.98100	5429.00000
52.99400	5422.00000
53.00700	5372.00000
53.02000	5488.00000
53.03300	5470.00000
53.04600	5446.00000
53.05900	5501.00000
53.07200	5499.00000
53.08500	5474.00000
53.09800	5492.00000
53.11100	5375.00000
53.12400	5515.00000
53.13700	5445.00000
53.15000	5492.00000
53.16300	5471.00000
53.17600	5492.00000
53.18900	5507.00000
53.20200	5409.00000
53.21500	5490.00000
53.22800	5474.00000
53.24100	5588.00000
53.25400	5510.00000
53.26700	5625.00000
53.28000	5381.00000
53.29300	5483.00000
53.30600	5540.00000
53.31900	5577.00000
53.33200	5571.00000
53.34500	5459.00000
53.35800	5480.00000
53.37100	5458.00000
53.38400	5515.00000
53.39700	5603.00000
53.41000	5737.00000
53.42300	5624.00000
53.43600	5627.00000
53.44900	5586.00000
53.46200	5836.00000
53.47500	5926.00000
53.48800	5825.00000
53.50100	5939.00000
53.51400	6060.00000
53.52700	5869.00000
53.54000	5801.00000
53.55300	5831.00000
53.56600	5745.00000
53.57900	5781.00000
53.59200	5736.00000
53.60500	5674.00000
53.61800	5808.00000
53.63100	5776.00000
53.64400	5806.00000
53.65700	5801.00000
53.67000	5596.00000
53.68300	5458.00000
53.69600	5574.00000
53.70900	5446.00000
53.72200	5485.00000
53.73500	5484.00000
53.74800	5488.00000
53.76100	5513.00000
53.77400	5368.00000
53.78700	5401.00000
53.80000	5490.00000
53.81300	5396.00000
53.82600	5321.00000
53.83900	5375.00000
53.85200	5312.00000
53.86500	5354.00000
53.87800	5496.00000
53.89100	5489.00000
53.90400	5409.00000
53.91700	5358.00000
53.93000	5361.00000
53.94300	5397.00000
53.95600	5373.00000
53.96900	5397.00000
53.98200	5372.00000
53.99500	5436.00000
54.00800	5431.00000
54.02100	5333.00000
54.03400	5288.00000
54.04700	5348.00000
54.06000	5306.00000
54.07300	5333.00000
54.08600	5420.00000
54.09900	5389.00000
54.11200	5394.00000
54.12500	5311.00000
54.13800	5213.00000
54.15100	5308.00000
54.16400	5427.00000
54.17700	5377.00000
54.19000	5343.00000
54.20300	5402.00000
54.21600	5370.00000
54.22900	5350.00000
54.24200	5335.00000
54.25500	5335.00000
54.26800	5324.00000
54.28100	5348.00000
54.29400	5369.00000
54.30700	5382.00000
54.32000	5339.00000
54.33300	5346.00000
54.34600	5389.00000
54.35900	5470.00000
54.37200	5347.00000
54.38500	5409.00000
54.39800	5575.00000
54.41100	5490.00000
54.42400	5408.00000
54.43700	5437.00000
54.45000	5363.00000
54.46300	5372.00000
54.47600	5497.00000
54.48900	5421.00000
54.50200	5384.00000
54.51500	5334.00000
54.52800	5423.00000
54.54100	5317.00000
54.55400	5382.00000
54.56700	5370.00000
54.58000	5488.00000
54.59300	5404.00000
54.60600	5430.00000
54.61900	5384.00000
54.63200	5387.00000
54.64500	5339.00000
54.65800	5362.00000
54.67100	5407.00000
54.68400	5283.00000
54.69700	5392.00000
54.71000	5339.00000
54.72300	5405.00000
54.73600	5516.00000
54.74900	5406.00000
54.76200	5535.00000
54.77500	5424.00000
54.78800	5442.00000
54.80100	5348.00000
54.81400	5523.00000
54.82700	5304.00000
54.84000	5361.00000
54.85300	5419.00000
54.86600	5339.00000
54.87900	5411.00000
54.89200	5299.00000
54.90500	5280.00000
54.91800	5404.00000
54.93100	5597.00000
54.94400	5440.00000
54.95700	5511.00000
54.97000	5480.00000
54.98300	5547.00000
54.99600	5484.00000
55.00900	5651.00000
55.02200	5660.00000
55.03500	5610.00000
55.04800	5651.00000
55.06100	5715.00000
55.07400	5674.00000
55.08700	5618.00000
55.10000	5627.00000
55.11300	5536.00000
55.12600	5537.00000
55.13900	5700.00000
55.15200	5677.00000
55.16500	5650.00000
55.17800	5616.00000
55.19100	5689.00000
55.20400	5662.00000
55.21700	5598.00000
55.23000	5499.00000
55.24300	5709.00000
55.25600	5648.00000
55.26900	5508.00000
55.28200	5528.00000
55.29500	5550.00000
55.30800	5516.00000
55.32100	5402.00000
55.33400	5436.00000
55.34700	5568.00000
55.36000	5595.00000
55.37300	5562.00000
55.38600	5480.00000
55.39900	5449.00000
55.41200	5490.00000
55.42500	5609.00000
55.43800	5644.00000
55.45100	5588.00000
55.46400	5626.00000
55.47700	5563.00000
55.49000	5494.00000
55.50300	5595.00000
55.51600	5557.00000
55.52900	5460.00000
55.54200	5515.00000
55.55500	5510.00000
55.56800	5603.00000
55.58100	5706.00000
55.59400	5621.00000
55.60700	5637.00000
55.62000	5706.00000
55.63300	5735.00000
55.64600	5712.00000
55.65900	5755.00000
55.67200	5837.00000
55.68500	5945.00000
55.69800	5844.00000
55.71100	5917.00000
55.72400	5987.00000
55.73700	6066.00000
55.75000	6015.00000
55.76300	6141.00000
55.77600	6271.00000
55.78900	6300.00000
55.80200	6518.00000
55.81500	6690.00000
55.82800	6919.00000
55.84100	7008.00000
55.85400	7385.00000
55.86700	7787.00000
55.88000	8306.00000
55.89300	8784.00000
55.90600	9738.00000
55.91900	10689.00000
55.93200	11774.00000
55.94500	12960.00000
55.95800	13881.00000
55.97100	14731.00000
55.98400	15128.00000
55.99700	15545.00000
56.01000	14797.00000
56.02300	14159.00000
56.03600	13454.00000
56.04900	12721.00000
56.06200	12530.00000
56.07500	12232.00000
56.08800	12426.00000
56.10100	12522.00000
56.11400	12310.00000
56.12700	11946.00000
56.14000	11657.00000
56.15300	11131.00000
56.16600	10446.00000
56.17900	9960.00000
56.19200	9680.00000
56.20500	9658.00000
56.21800	9669.00000
56.23100	9677.00000
56.24400	10009.00000
56.25700	10715.00000
56.27000	11167.00000
56.28300	12074.00000
56.29600	13122.00000
56.30900	14145.00000
56.32200	15090.00000
56.33500	15770.00000
56.34800	15865.00000
56.36100	15830.00000
56.37400	15650.00000
56.38700	14867.00000
56.40000	14069.00000
56.41300	13392.00000
56.42600	13064.00000
56.43900	12931.00000
56.45200	12865.00000
56.46500	12734.00000
56.47800	12469.00000
56.49100	12095.00000
56.50400	11329.00000
56.51700	10664.00000
56.53000	10078.00000
56.54300	9538.00000
56.55600	8862.00000
56.56900	8352.00000
56.58200	8029.00000
56.59500	7757.00000
56.60800	7547.00000
56.62100	7449.00000
56.63400	7379.00000
56.64700	7289.00000
56.66000	7380.00000
56.67300	7511.00000
56.68600	7669.00000
56.69900	7900.00000
56.71200	8123.00000
56.72500	8516.00000
56.73800	9073.00000
56.75100	9748.00000
56.76400	10555.00000
56.77700	11390.00000
56.79000	12342.00000
56.80300	13304.00000
56.81600	13950.00000
56.82900	14279.00000
56.84200	14238.00000
56.85500	13871.00000
56.86800	13314.00000
56.88100	12602.00000
56.89400	12091.00000
56.90700	11730.00000
56.92000	11580.00000
56.93300	11336.00000
56.94600	11105.00000
56.95900	11129.00000
56.97200	10805.00000
56.98500	10264.00000
56.99800	9691.00000
57.01100	9081.00000
57.02400	8490.00000
57.03700	8007.00000
57.05000	7588.00000
57.06300	7230.00000
57.07600	7009.00000
57.08900	6715.00000
57.10200	6351.00000
57.11500	6241.00000
57.12800	6206.00000
57.14100	6037.00000
57.15400	5937.00000
57.16700	5851.00000
57.18000	5841.00000
57.19300	5736.00000
57.20600	5594.00000
57.21900	5769.00000
57.23200	5710.00000
57.24500	5553.00000
57.25800	5631.00000
57.27100	5474.00000
57.28400	5629.00000
57.29700	5575.00000
57.31000	5504.00000
57.32300	5522.00000
57.33600	5467.00000
57.34900	5491.00000
57.36200	5523.00000
57.37500	5371.00000
57.38800	5566.00000
57.40110	5342.00000
57.41400	5365.00000
57.42700	5270.00000
57.44000	5522.00000
57.45300	5393.00000
57.46600	5266.00000
57.47900	5438.00000
57.49210	5397.00000
57.50500	5350.00000
57.51800	5291.00000
57.53100	5294.00000
57.54400	5316.00000
57.55700	5260.00000
57.57000	5339.00000
57.58300	5311.00000
57.59600	5277.00000
57.60910	5228.00000
57.62200	5285.00000
57.63500	5286.00000
57.64800	5186.00000
57.66100	5207.00000
57.67400	5201.00000
57.68700	5142.00000
57.70000	5162.00000
57.71300	5219.00000
57.72600	5137.00000
57.73900	5117.00000
57.75200	5168.00000
57.76500	5277.00000
57.77800	5262.00000
57.79100	5280.00000
57.80400	5253.00000
57.81710	5222.00000
57.83000	5205.00000
57.84300	5216.00000
57.85600	5170.00000
57.86900	5171.00000
57.88200	5232.00000
57.89500	5197.00000
57.90800	5183.00000
57.92100	5143.00000
57.93410	5173.00000
57.94700	5144.00000
57.96000	5119.00000
57.97300	5174.00000
57.98600	5172.00000
57.99900	5119.00000
58.01200	5159.00000
58.02510	5124.00000
58.03800	5088.00000
58.05100	5076.00000
58.06400	5066.00000
58.07700	5130.00000
58.09000	5127.00000
58.10300	5104.00000
58.11600	5109.00000
58.12900	5105.00000
58.14210	5068.00000
58.15500	5138.00000
58.16800	5148.00000
58.18100	5057.00000
58.19400	5165.00000
58.20700	5186.00000
58.22000	5086.00000
58.23300	5036.00000
58.24600	5059.00000
58.25900	5099.00000
58.27200	5100.00000
58.28500	5161.00000
58.29800	5153.00000
58.31110	5057.00000
58.32400	5015.00000
58.33700	5017.00000
58.35010	5084.00000
58.36300	5020.00000
58.37600	4991.00000
58.38900	5025.00000
58.40210	4988.00000
58.41500	5024.00000
58.42800	5097.00000
58.44100	5049.00000
58.45400	5034.00000
58.46700	5040.00000
58.48000	5011.00000
58.49300	5030.00000
58.50600	5037.00000
58.51910	4963.00000
58.53200	4975.00000
58.54500	5056.00000
58.55800	5059.00000
58.57100	5087.00000
58.58400	4867.00000
58.59700	5081.00000
58.61000	5055.00000
58.62300	5007.00000
58.63610	5080.00000
58.64900	4981.00000
58.66200	4978.00000
58.67500	4947.00000
58.68800	4923.00000
58.70100	4980.00000
58.71400	4927.00000
58.72710	4980.00000
58.74000	4989.00000
58.75300	4901.00000
58.76600	5008.00000
58.77900	4915.00000
58.79200	5044.00000
58.80500	5009.00000
58.81800	5015.00000
58.83100	5012.00000
58.84410	5069.00000
58.85700	4865.00000
58.87000	4963.00000
58.88300	4858.00000
58.89600	4945.00000
58.90900	5027.00000
58.92200	5043.00000
58.93510	4972.00000
58.94800	4971.00000
58.96100	4925.00000
58.97400	4879.00000
58.98700	4924.00000
59.00000	4917.00000
59.01300	4869.00000
59.02600	5017.00000
59.03900	4935.00000
59.05210	4808.00000
59.06500	4878.00000
59.07800	4880.00000
59.09100	4881.00000
59.10400	4954.00000
59.11700	4910.00000
59.13000	4916.00000
59.14300	4888.00000
59.15600	4932.00000
59.16900	4892.00000
59.18200	4824.00000
59.19500	4860.00000
59.20800	4861.00000
59.22110	4837.00000
59.23400	4874.00000
59.24700	4914.00000
59.26010	4893.00000
59.27300	4875.00000
59.28600	4936.00000
59.29900	4934.00000
59.31200	4902.00000
59.32500	4885.00000
59.33800	4843.00000
59.35100	4832.00000
59.36400	4855.00000
59.37700	4862.00000
59.39000	4867.00000
59.40300	4878.00000
59.41600	4853.00000
59.42910	4865.00000
59.44200	4897.00000
59.45500	4913.00000
59.46800	4948.00000
59.48100	4874.00000
59.49400	4844.00000
59.50700	4891.00000
59.52000	4834.00000
59.53300	4852.00000
59.54610	4868.00000
59.55900	4864.00000
59.57200	4750.00000
59.58500	4871.00000
59.59800	4857.00000
59.61100	4892.00000
59.62400	4854.00000
59.63710	4853.00000
59.65000	4821.00000
59.66300	4835.00000
59.67600	4973.00000
59.68900	4738.00000
59.70200	4770.00000
59.71500	4790.00000
59.72800	4951.00000
59.74100	4875.00000
59.75410	4981.00000
59.76700	4868.00000
59.78000	4857.00000
59.79300	4816.00000
59.80600	4761.00000
59.81900	4763.00000
59.83200	4854.00000
59.84500	4727.00000
59.85800	4772.00000
59.87110	4870.00000
59.88400	4833.00000
59.89700	4752.00000
59.91000	4867.00000
59.92300	4904.00000
59.93600	4990.00000
59.94900	4936.00000
59.96210	4884.00000
59.97500	4785.00000
59.98800	4966.00000
60.00100	4910.00000
60.01400	4746.00000
60.02700	4856.00000
60.04000	4892.00000
60.05300	4884.00000
60.06600	4882.00000
60.07900	4787.00000
60.09200	4797.00000
60.10500	4791.00000
60.11800	4764.00000
60.13110	4828.00000
60.14400	4988.00000
60.15700	4890.00000
60.17010	4790.00000
60.18300	4842.00000
60.19600	4807.00000
60.20900	4850.00000
60.22200	4826.00000
60.23500	4830.00000
60.24800	4839.00000
60.26100	4780.00000
60.27400	4823.00000
60.28700	4844.00000
60.30000	4738.00000
60.31300	4782.00000
60.32600	4823.00000
60.33910	4756.00000
60.35200	4681.00000
60.36500	4757.00000
60.37800	4881.00000
60.39100	4939.00000
60.40400	4953.00000
60.41700	4842.00000
60.43000	4849.00000
60.44300	4861.00000
60.45610	4769.00000
60.46900	4804.00000
60.48200	4814.00000
60.49500	4796.00000
60.50800	4786.00000
60.52100	4758.00000
60.53400	4823.00000
60.54710	4868.00000
60.56000	4853.00000
60.57300	4873.00000
60.58600	4837.00000
60.59900	4886.00000
60.61200	4849.00000
60.62500	4771.00000
60.63800	4832.00000
60.65100	4926.00000
60.66410	4885.00000
60.67700	4816.00000
60.69000	4850.00000
60.70300	4777.00000
60.71600	4770.00000
60.72900	4920.00000
60.74200	5000.00000
60.75500	5033.00000
60.76800	5017.00000
60.78110	4959.00000
60.79400	4924.00000
60.80700	4920.00000
60.82000	4977.00000
60.83300	5017.00000
60.84600	4981.00000
60.85900	5023.00000
60.87210	4948.00000
60.88500	4848.00000
60.89800	4961.00000
60.91100	4975.00000
60.92400	4963.00000
60.93700	4997.00000
60.95000	5039.00000
60.96300	5090.00000
60.97600	5067.00000
60.98910	4978.00000
61.00200	5031.00000
61.01500	5153.00000
61.02800	5313.00000
61.04100	5343.00000
61.05400	5300.00000
61.06700	5432.00000
61.08010	5346.00000
61.09300	5430.00000
61.10600	5612.00000
61.11900	5869.00000
61.13200	5998.00000
61.14500	6147.00000
61.15800	6568.00000
61.17100	6893.00000
61.18400	7601.00000
61.19700	8206.00000
61.21000	8839.00000
61.22300	9473.00000
61.23600	10163.00000
61.24910	10508.00000
61.26200	10778.00000
61.27500	10466.00000
61.28800	10113.00000
61.30100	9320.00000
61.31400	9004.00000
61.32700	8437.00000
61.34000	8528.00000
61.35300	8286.00000
61.36610	8389.00000
61.37900	8447.00000
61.39200	8437.00000
61.40500	8395.00000
61.41800	8297.00000
61.43100	7892.00000
61.44400	7383.00000
61.45710	6978.00000
61.47000	6571.00000
61.48300	6328.00000
61.49600	6053.00000
61.50900	5852.00000
61.52200	5594.00000
61.53500	5527.00000
61.54800	5288.00000
61.56100	5429.00000
61.57410	5343.00000
61.58700	5264.00000
61.60000	5186.00000
61.61300	5180.00000
61.62600	5155.00000
61.63900	5117.00000
61.65200	5079.00000
61.66500	4950.00000
61.67800	5021.00000
61.69110	4922.00000
61.70400	4988.00000
61.71700	4870.00000
61.73000	4904.00000
61.74300	4904.00000
61.75600	4933.00000
61.76900	4928.00000
61.78210	4885.00000
61.79500	4893.00000
61.80800	4910.00000
61.82100	4970.00000
61.83400	4913.00000
61.84700	4853.00000
61.86000	4899.00000
61.87300	4878.00000
61.88600	4903.00000
61.89910	4955.00000
61.91200	4890.00000
61.92500	4869.00000
61.93800	4917.00000
61.95100	4924.00000
61.96400	4912.00000
61.97700	4840.00000
61.99000	4810.00000
62.00300	4803.00000
62.01600	4844.00000
62.02900	4921.00000
62.04200	4876.00000
62.05500	4790.00000
62.06800	4776.00000
62.08100	4891.00000
62.09400	4986.00000
62.10710	5003.00000
62.12000	4916.00000
62.13300	4927.00000
62.14600	4908.00000
62.15900	4889.00000
62.17200	4925.00000
62.18500	4931.00000
62.19800	4933.00000
62.21100	4907.00000
62.22400	4941.00000
62.23700	4984.00000
62.25000	4906.00000
62.26300	4905.00000
62.27610	4879.00000
62.28900	4721.00000
62.30200	4802.00000
62.31500	4952.00000
62.32800	4841.00000
62.34100	4786.00000
62.35400	4831.00000
62.36710	4724.00000
62.38000	4669.00000
62.39300	4643.00000
62.40600	4776.00000
62.41900	4730.00000
62.43200	4861.00000
62.44500	4770.00000
62.45800	4640.00000
62.47100	4612.00000
62.48410	4724.00000
62.49700	4817.00000
62.51000	4836.00000
62.52300	4704.00000
62.53600	4795.00000
62.54900	4876.00000
62.56200	4690.00000
62.57500	4811.00000
62.58800	4824.00000
62.60110	4744.00000
62.61400	4851.00000
62.62700	4684.00000
62.64000	4854.00000
62.65300	4676.00000
62.66600	4825.00000
62.67900	4796.00000
62.69210	4849.00000
62.70500	4684.00000
62.71800	4556.00000
62.73100	4803.00000
62.74400	4785.00000
62.75700	4721.00000
62.77000	4843.00000
62.78300	4687.00000
62.79600	4850.00000
62.80910	4685.00000
62.82200	4785.00000
62.83500	4681.00000
62.84800	4849.00000
62.86100	4699.00000
62.87400	4711.00000
62.88700	4595.00000
62.90000	4674.00000
62.91300	4680.00000
62.92600	4718.00000
62.93900	4674.00000
62.95200	4670.00000
62.96500	4591.00000
62.97810	4667.00000
62.99100	4693.00000
63.00400	4736.00000
63.01710	4795.00000
63.03000	4759.00000
63.04300	4745.00000
63.05600	4747.00000
63.06900	4720.00000
63.08200	4790.00000
63.09500	4671.00000
63.10800	4643.00000
63.12100	4735.00000
63.13400	4750.00000
63.14700	4782.00000
63.16000	4742.00000
63.17300	4732.00000
63.18610	4804.00000
63.19900	4790.00000
63.21200	4795.00000
63.22500	4853.00000
63.23800	4834.00000
63.25100	4850.00000
63.26400	4844.00000
63.27710	4802.00000
63.29000	4726.00000
63.30300	4798.00000
63.31600	4884.00000
63.32900	4746.00000
63.34200	4791.00000
63.35500	4886.00000
63.36800	4773.00000
63.38100	4724.00000
63.39410	4725.00000
63.40700	4715.00000
63.42000	4840.00000
63.43300	4833.00000
63.44600	4813.00000
63.45900	4917.00000
63.47200	4906.00000
63.48500	4859.00000
63.49800	4879.00000
63.51110	4912.00000
63.52400	4978.00000
63.53700	4950.00000
63.55000	5010.00000
63.56300	4953.00000
63.57600	5008.00000
63.58900	5075.00000
63.60210	5125.00000
63.61500	5284.00000
63.62800	5402.00000
63.64100	5357.00000
63.65400	5546.00000
63.66700	5595.00000
63.68000	5660.00000
63.69300	5850.00000
63.70600	5926.00000
63.71910	6012.00000
63.73200	5892.00000
63.74500	5822.00000
63.75800	5736.00000
63.77100	5859.00000
63.78400	5865.00000
63.79700	5772.00000
63.81000	5674.00000
63.82300	5671.00000
63.83600	5697.00000
63.84900	5614.00000
63.86200	5744.00000
63.87500	5743.00000
63.88810	5783.00000
63.90100	5554.00000
63.91400	5707.00000
63.92710	5582.00000
63.94000	5767.00000
63.95300	5841.00000
63.96600	5898.00000
63.97900	6085.00000
63.99200	6364.00000
64.00500	6482.00000
64.01800	6758.00000
64.03100	7111.00000
64.04400	6933.00000
64.05700	7041.00000
64.07010	6869.00000
64.08310	6579.00000
64.09600	6471.00000
64.10900	6320.00000
64.12200	6129.00000
64.13500	6204.00000
64.14800	6060.00000
64.16100	6195.00000
64.17400	6195.00000
64.18700	6297.00000
64.20000	6279.00000
64.21300	6281.00000
64.22600	6095.00000
64.23900	5919.00000
64.25200	5770.00000
64.26510	5672.00000
64.27810	5517.00000
64.29110	5351.00000
64.30400	5401.00000
64.31700	5551.00000
64.33000	5442.00000
64.34300	5407.00000
64.35600	5437.00000
64.36900	5461.00000
64.38200	5507.00000
64.39500	5586.00000
64.40800	5608.00000
64.42100	5908.00000
64.43400	6164.00000
64.44700	6270.00000
64.46000	6520.00000
64.47310	6808.00000
64.48610	7118.00000
64.49900	7487.00000
64.51200	7938.00000
64.52500	8373.00000
64.53800	8648.00000
64.55100	8866.00000
64.56400	8941.00000
64.57700	8896.00000
64.59000	8760.00000
64.60300	8532.00000
64.61600	8346.00000
64.62900	8159.00000
64.64200	7999.00000
64.65500	7907.00000
64.66810	7911.00000
64.68110	7929.00000
64.69410	7831.00000
64.70700	7700.00000
64.72000	7536.00000
64.73300	7399.00000
64.74600	7157.00000
64.75900	6858.00000
64.77200	6744.00000
64.78500	6598.00000
64.79800	6349.00000
64.81100	6142.00000
64.82400	6001.00000
64.83700	5951.00000
64.85000	5915.00000
64.86300	5753.00000
64.87610	5677.00000
64.88910	5525.00000
64.90200	5461.00000
64.91500	5501.00000
64.92800	5466.00000
64.94100	5577.00000
64.95400	5574.00000
64.96700	5554.00000
64.98000	5693.00000
64.99300	5859.00000
65.00600	6030.00000
65.01900	6201.00000
65.03200	6399.00000
65.04500	6396.00000
65.05800	6541.00000
65.07100	6505.00000
65.08410	6527.00000
65.09710	6242.00000
65.11000	6240.00000
65.12300	6135.00000
65.13600	6161.00000
65.14900	6154.00000
65.16200	6065.00000
65.17500	6451.00000
65.18800	6370.00000
65.20100	6533.00000
65.21400	6717.00000
65.22700	6690.00000
65.24000	6958.00000
65.25300	7308.00000
65.26600	7314.00000
65.27910	7735.00000
65.29210	7888.00000
65.30510	8174.00000
65.31800	8445.00000
65.33100	8485.00000
65.34400	8592.00000
65.35700	8386.00000
65.37000	8080.00000
65.38300	7942.00000
65.39600	7535.00000
65.40900	7471.00000
65.42200	7237.00000
65.43500	7112.00000
65.44800	6943.00000
65.46100	7142.00000
65.47400	7054.00000
65.48710	7189.00000
65.50010	7071.00000
65.51300	6805.00000
65.52600	6636.00000
65.53900	6339.00000
65.55200	6158.00000
65.56500	5895.00000
65.57800	5651.00000
65.59100	5531.00000
65.60400	5419.00000
65.61700	5379.00000
65.63000	5276.00000
65.64300	5214.00000
65.65600	5142.00000
65.66900	5079.00000
65.68200	5086.00000
65.69510	5111.00000
65.70810	5039.00000
65.72100	4973.00000
65.73400	4904.00000
65.74700	4894.00000
65.76000	4918.00000
65.77300	4940.00000
65.78600	4864.00000
65.79900	4747.00000
65.81200	4785.00000
65.82500	4830.00000
65.83800	4785.00000
65.85100	4778.00000
65.86400	4792.00000
65.87700	4761.00000
65.89010	4713.00000
65.90310	4686.00000
65.91610	4692.00000
65.92900	4723.00000
65.94200	4784.00000
65.95500	4850.00000
65.96800	4804.00000
65.98100	4738.00000
65.99400	4783.00000
66.00700	4788.00000
66.02000	4756.00000
66.03300	4714.00000
66.04600	4639.00000
66.05900	4623.00000
66.07200	4667.00000
66.08500	4663.00000
66.09810	4624.00000
66.11110	4659.00000
66.12400	4685.00000
66.13700	4722.00000
66.15000	4659.00000
66.16300	4668.00000
66.17600	4641.00000
66.18900	4724.00000
66.20200	4714.00000
66.21500	4671.00000
66.22800	4592.00000
66.24100	4618.00000
66.25400	4621.00000
66.26700	4657.00000
66.28000	4666.00000
66.29310	4618.00000
66.30610	4636.00000
66.31910	4568.00000
66.33200	4659.00000
66.34500	4631.00000
66.35800	4528.00000
66.37100	4580.00000
66.38400	4711.00000
66.39700	4735.00000
66.41000	4646.00000
66.42300	4573.00000
66.43600	4597.00000
66.44900	4684.00000
66.46200	4726.00000
66.47500	4582.00000
66.48800	4523.00000
66.50110	4608.00000
66.51410	4592.00000
66.52700	4619.00000
66.54000	4702.00000
66.55300	4683.00000
66.56600	4598.00000
66.57900	4588.00000
66.59200	4646.00000
66.60500	4667.00000
66.61800	4676.00000
66.63100	4541.00000
66.64400	4709.00000
66.65700	4583.00000
66.67000	4442.00000
66.68300	4546.00000
66.69600	4628.00000
66.70910	4536.00000
66.72210	4645.00000
66.73500	4593.00000
66.74800	4512.00000
66.76100	4544.00000
66.77400	4550.00000
66.78700	4635.00000
66.80000	4664.00000
66.81300	4501.00000
66.82600	4573.00000
66.83900	4470.00000
66.85200	4557.00000
66.86500	4544.00000
66.87800	4458.00000
66.89100	4609.00000
66.90410	4639.00000
66.91710	4621.00000
66.93010	4666.00000
66.94300	4593.00000
66.95600	4595.00000
66.96900	4520.00000
66.98200	4504.00000
66.99500	4637.00000
67.00800	4686.00000
67.02100	4573.00000
67.03400	4558.00000
67.04700	4544.00000
67.06000	4577.00000
67.07300	4634.00000
67.08600	4556.00000
67.09900	4584.00000
67.11210	4605.00000
67.12510	4613.00000
67.13800	4586.00000
67.15100	4534.00000
67.16400	4548.00000
67.17700	4570.00000
67.19000	4468.00000
67.20300	4463.00000
67.21600	4609.00000
67.22900	4606.00000
67.24200	4577.00000
67.25500	4640.00000
67.26800	4646.00000
67.28100	4654.00000
67.29400	4612.00000
67.30700	4572.00000
67.32010	4638.00000
67.33310	4651.00000
67.34600	4673.00000
67.35900	4660.00000
67.37200	4775.00000
67.38500	4811.00000
67.39800	4791.00000
67.41100	4725.00000
67.42400	4718.00000
67.43700	4708.00000
67.45000	4676.00000
67.46300	4712.00000
67.47600	4630.00000
67.48900	4523.00000
67.50200	4627.00000
67.51510	4684.00000
67.52810	4745.00000
67.54110	4735.00000
67.55400	4699.00000
67.56700	4692.00000
67.58000	4684.00000
67.59300	4662.00000
67.60600	4620.00000
67.61900	4705.00000
67.63200	4713.00000
67.64500	4584.00000
67.65800	4641.00000
67.67100	4682.00000
67.68400	4672.00000
67.69700	4530.00000
67.71000	4601.00000
67.72310	4693.00000
67.73610	4532.00000
67.74900	4645.00000
67.76200	4658.00000
67.77500	4609.00000
67.78800	4649.00000
67.80100	4646.00000
67.81400	4723.00000
67.82700	4690.00000
67.84000	4739.00000
67.85300	4721.00000
67.86600	4865.00000
67.87900	4899.00000
67.89200	4906.00000
67.90500	5028.00000
67.91810	4950.00000
67.93110	5152.00000
67.94410	5211.00000
67.95700	5258.00000
67.97000	5570.00000
67.98300	5648.00000
67.99600	5775.00000
68.00900	6005.00000
68.02200	5999.00000
68.03500	6096.00000
68.04800	6128.00000
68.06100	6091.00000
68.07400	5930.00000
68.08700	6006.00000
68.10000	5713.00000
68.11300	5561.00000
68.12610	5631.00000
68.13910	5554.00000
68.15200	5526.00000
68.16500	5729.00000
68.17800	5657.00000
68.19100	5586.00000
68.20400	5512.00000
68.21700	5478.00000
68.23000	5481.00000
68.24300	5343.00000
68.25600	5225.00000
68.26900	5128.00000
68.28200	5071.00000
68.29500	4832.00000
68.30800	4760.00000
68.32100	4798.00000
68.33410	4833.00000
68.34710	4751.00000
68.36000	4602.00000
68.37300	4607.00000
68.38600	4650.00000
68.39900	4644.00000
68.41200	4667.00000
68.42500	4639.00000
68.43800	4588.00000
68.45100	4580.00000
68.46400	4586.00000
68.47700	4567.00000
68.49000	4531.00000
68.50300	4526.00000
68.51600	4577.00000
68.52910	4570.00000
68.54210	4537.00000
68.55510	4531.00000
68.56800	4494.00000
68.58100	4513.00000
68.59400	4551.00000
68.60700	4579.00000
68.62000	4630.00000
68.63300	4636.00000
68.64600	4608.00000
68.65900	4545.00000
68.67200	4564.00000
68.68500	4592.00000
68.69800	4561.00000
68.71100	4531.00000
68.72400	4498.00000
68.73710	4546.00000
68.75010	4566.00000
68.76300	4573.00000
68.77600	4617.00000
68.78900	4725.00000
68.80200	4764.00000
68.81500	4715.00000
68.82800	4637.00000
68.84100	4702.00000
68.85400	4694.00000
68.86700	4657.00000
68.88000	4616.00000
68.89300	4589.00000
68.90600	4542.00000
68.91900	4586.00000
68.93200	4696.00000
68.94510	4703.00000
68.95810	4812.00000
68.97100	4782.00000
68.98400	4887.00000
68.99700	4885.00000
69.01000	4912.00000
69.02300	4958.00000
69.03600	4978.00000
69.04900	5038.00000
69.06200	5150.00000
69.07500	5183.00000
69.08800	5362.00000
69.10100	5464.00000
69.11400	5413.00000
69.12700	5330.00000
69.14010	5423.00000
69.15310	5458.00000
69.16610	5461.00000
69.17900	5275.00000
69.19200	5297.00000
69.20500	5212.00000
69.21800	5192.00000
69.23100	5119.00000
69.24400	5156.00000
69.25700	5160.00000
69.27000	5166.00000
69.28300	5166.00000
69.29600	5118.00000
69.30900	5091.00000
69.32200	4998.00000
69.33500	5011.00000
69.34810	5032.00000
69.36110	4957.00000
69.37400	4957.00000
69.38700	4793.00000
69.40000	4813.00000
69.41300	4741.00000
69.42600	4573.00000
69.43900	4681.00000
69.45200	4787.00000
69.46500	4659.00000
69.47800	4594.00000
69.49100	4697.00000
69.50400	4594.00000
69.51700	4548.00000
69.53000	4577.00000
69.54310	4645.00000
69.55610	4730.00000
69.56910	4639.00000
69.58200	4487.00000
69.59500	4607.00000
69.60800	4637.00000
69.62100	4599.00000
69.63400	4555.00000
69.64700	4626.00000
69.66000	4620.00000
69.67300	4565.00000
69.68600	4519.00000
69.69900	4548.00000
69.71200	4546.00000
69.72500	4576.00000
69.73800	4668.00000
69.75110	4663.00000
69.76410	4592.00000
69.77700	4617.00000
69.79000	4569.00000
69.80300	4510.00000
69.81600	4465.00000
69.82900	4507.00000
69.84200	4535.00000
69.85500	4557.00000
69.86800	4601.00000
69.88100	4560.00000
69.89400	4596.00000
69.90700	4580.00000
69.92000	4515.00000
69.93300	4493.00000
69.94600	4549.00000
69.95910	4643.00000
69.97210	4643.00000
69.98500	4528.00000
69.99800	4473.00000
70.01100	4528.00000
70.02400	4587.00000
70.03700	4608.00000
70.05000	4605.00000
70.06300	4599.00000
70.07600	4601.00000
70.08900	4641.00000
70.10200	4680.00000
70.11500	4643.00000
70.12800	4563.00000
70.14100	4541.00000
70.15410	4558.00000
70.16710	4560.00000
70.18010	4617.00000
70.19300	4535.00000
70.20600	4549.00000
70.21900	4602.00000
70.23200	4626.00000
70.24500	4588.00000
70.25800	4529.00000
70.27100	4596.00000
70.28400	4622.00000
70.29700	4627.00000
70.31000	4566.00000
70.32300	4572.00000
70.33600	4575.00000
70.34900	4657.00000
70.36210	4573.00000
70.37510	4637.00000
70.38800	4488.00000
70.40100	4647.00000
70.41400	4679.00000
70.42700	4608.00000
70.44000	4563.00000
70.45300	4606.00000
70.46600	4559.00000
70.47900	4545.00000
70.49200	4631.00000
70.50500	4556.00000
70.51800	4554.00000
70.53100	4588.00000
70.54400	4600.00000
70.55700	4518.00000
70.57010	4629.00000
70.58310	4536.00000
70.59600	4684.00000
70.60900	4523.00000
70.62200	4543.00000
70.63500	4546.00000
70.64800	4532.00000
70.66100	4523.00000
70.67400	4487.00000
70.68700	4673.00000
70.70000	4621.00000
70.71300	4547.00000
70.72600	4562.00000
70.73900	4608.00000
70.75200	4662.00000
70.76510	4607.00000
70.77810	4510.00000
70.79110	4588.00000
70.80400	4574.00000
70.81700	4598.00000
70.83000	4565.00000
70.84300	4544.00000
70.85600	4535.00000
70.86900	4628.00000
70.88200	4582.00000
70.89500	4526.00000
70.90800	4601.00000
70.92100	4634.00000
70.93400	4597.00000
70.94700	4600.00000
70.96000	4563.00000
70.97310	4632.00000
70.98610	4660.00000
70.99900	4625.00000
71.01200	4603.00000
71.02500	4619.00000
71.03800	4627.00000
71.05100	4598.00000
71.06400	4556.00000
71.07700	4589.00000
71.09000	4665.00000
71.10300	4582.00000
71.11600	4478.00000
71.12900	4521.00000
71.14200	4621.00000
71.15500	4623.00000
71.16810	4618.00000
71.18110	4603.00000
71.19410	4573.00000
71.20700	4620.00000
71.22000	4612.00000
71.23300	4641.00000
71.24600	4719.00000
71.25900	4691.00000
71.27200	4572.00000
71.28500	4574.00000
71.29800	4617.00000
71.31100	4623.00000
71.32400	4703.00000
71.33700	4583.00000
71.35000	4491.00000
71.36300	4605.00000
71.37610	4609.00000
71.38910	4586.00000
71.40200	4608.00000
71.41500	4634.00000
71.42800	4615.00000
71.44100	4741.00000
71.45400	4703.00000
71.46700	4618.00000
71.48000	4687.00000
71.49300	4613.00000
71.50600	4575.00000
71.51900	4614.00000
71.53200	4579.00000
71.54500	4615.00000
71.55800	4623.00000
71.57100	4653.00000
71.58410	4593.00000
71.59710	4496.00000
71.61000	4742.00000
71.62300	4648.00000
71.63600	4715.00000
71.64900	4889.00000
71.66200	4761.00000
71.67500	4649.00000
71.68800	4697.00000
71.70100	4701.00000
71.71400	4795.00000
71.72700	4705.00000
71.74000	4766.00000
71.75300	4683.00000
71.76600	4789.00000
71.77910	4762.00000
71.79210	4563.00000
71.80510	4714.00000
71.81800	4723.00000
71.83100	4790.00000
71.84400	4804.00000
71.85700	4591.00000
71.87000	4839.00000
71.88300	4763.00000
71.89600	4719.00000
71.90900	4863.00000
71.92200	4887.00000
71.93500	4966.00000
71.94800	4879.00000
71.96100	4917.00000
71.97400	4770.00000
71.98710	4975.00000
72.00010	5025.00000
72.01300	5065.00000
72.02600	5244.00000
72.03900	5213.00000
72.05200	5234.00000
72.06500	5393.00000
72.07800	5387.00000
72.09100	5370.00000
72.10400	5265.00000
72.11700	5192.00000
72.13000	5231.00000
72.14300	5156.00000
72.15600	5237.00000
72.16900	5172.00000
72.18200	5145.00000
72.19510	5159.00000
72.20810	5244.00000
72.22100	5336.00000
72.23400	5352.00000
72.24700	5353.00000
72.26000	5384.00000
72.27300	5355.00000
72.28600	5419.00000
72.29900	5421.00000
72.31200	5331.00000
72.32500	5345.00000
72.33800	5435.00000
72.35100	5472.00000
72.36400	5538.00000
72.37700	5621.00000
72.39010	5802.00000
72.40310	5884.00000
72.41610	5995.00000
72.42900	6260.00000
72.44200	6475.00000
72.45500	6692.00000
72.46800	6914.00000
72.48100	7216.00000
72.49400	7646.00000
72.50700	8056.00000
72.52000	8465.00000
72.53300	8712.00000
72.54600	8851.00000
72.55900	9093.00000
72.57200	9169.00000
72.58500	9084.00000
72.59810	8856.00000
72.61110	8618.00000
72.62400	8401.00000
72.63700	8282.00000
72.65000	8205.00000
72.66300	8083.00000
72.67600	8095.00000
72.68900	8209.00000
72.70200	8273.00000
72.71500	8354.00000
72.72800	8234.00000
72.74100	8399.00000
72.75400	8336.00000
72.76700	8408.00000
72.78000	8364.00000
72.79310	8345.00000
72.80610	8322.00000
72.81910	8312.00000
72.83200	8437.00000
72.84500	8530.00000
72.85800	8532.00000
72.87100	8590.00000
72.88400	8565.00000
72.89700	8353.00000
72.91000	8093.00000
72.92300	7842.00000
72.93600	7656.00000
72.94900	7697.00000
72.96200	7240.00000
72.97500	7274.00000
72.98800	7179.00000
73.00110	7239.00000
73.01410	7327.00000
73.02700	7268.00000
73.04000	7392.00000
73.05300	7208.00000
73.06600	7092.00000
73.07900	6828.00000
73.09200	6813.00000
73.10500	6471.00000
73.11800	6577.00000
73.13100	6066.00000
73.14400	5971.00000
73.15700	5921.00000
73.17000	5825.00000
73.18300	5787.00000
73.19600	5661.00000
73.20910	5650.00000
73.22210	5543.00000
73.23500	5421.00000
73.24800	5432.00000
73.26100	5308.00000
73.27400	5282.00000
73.28700	5194.00000
73.30000	5172.00000
73.31300	5115.00000
73.32600	4978.00000
73.33900	5000.00000
73.35200	5111.00000
73.36500	4941.00000
73.37800	4954.00000
73.39100	5019.00000
73.40410	4987.00000
73.41710	4921.00000
73.43010	4919.00000
73.44300	4968.00000
73.45600	4888.00000
73.46900	4926.00000
73.48200	4890.00000
73.49500	4816.00000
73.50800	4772.00000
73.52100	4810.00000
73.53400	4841.00000
73.54700	4795.00000
73.56000	4839.00000
73.57300	4913.00000
73.58600	4974.00000
73.59900	4923.00000
73.61210	4874.00000
73.62510	4860.00000
73.63800	4828.00000
73.65100	4784.00000
73.66400	4782.00000
73.67700	4728.00000
73.69000	4636.00000
73.70300	4758.00000
73.71600	4814.00000
73.72900	4768.00000
73.74200	4769.00000
73.75500	4781.00000
73.76800	4740.00000
73.78100	4729.00000
73.79400	4788.00000
73.80700	4774.00000
73.82010	4763.00000
73.83310	4768.00000
73.84600	4739.00000
73.85900	4763.00000
73.87200	4805.00000
73.88500	4739.00000
73.89800	4698.00000
73.91100	4740.00000
73.92400	4728.00000
73.93700	4780.00000
73.95000	4781.00000
73.96300	4688.00000
73.97600	4698.00000
73.98900	4738.00000
74.00200	4830.00000
74.01510	4872.00000
74.02810	4808.00000
74.04110	4808.00000
74.05400	4751.00000
74.06700	4759.00000
74.08000	4795.00000
74.09300	4756.00000
74.10600	4785.00000
74.11900	4739.00000
74.13200	4625.00000
74.14500	4691.00000
74.15800	4768.00000
74.17100	4688.00000
74.18400	4638.00000
74.19700	4659.00000
74.21000	4742.00000
74.22310	4623.00000
74.23610	4637.00000
74.24900	4699.00000
74.26200	4679.00000
74.27500	4708.00000
74.28800	4609.00000
74.30100	4663.00000
74.31400	4760.00000
74.32700	4691.00000
74.34000	4668.00000
74.35300	4617.00000
74.36600	4801.00000
74.37900	4687.00000
74.39200	4851.00000
74.40500	4790.00000
74.41810	4751.00000
74.43110	4767.00000
74.44410	4691.00000
74.45700	4553.00000
74.47000	4620.00000
74.48300	4621.00000
74.49600	4712.00000
74.50900	4705.00000
74.52200	4617.00000
74.53500	4710.00000
74.54800	4711.00000
74.56100	4757.00000
74.57400	4756.00000
74.58700	4665.00000
74.60000	4634.00000
74.61300	4622.00000
74.62610	4650.00000
74.63910	4781.00000
74.65200	4733.00000
74.66500	4685.00000
74.67800	4782.00000
74.69100	4746.00000
74.70400	4685.00000
74.71700	4633.00000
74.73000	4761.00000
74.74300	4692.00000
74.75600	4737.00000
74.76900	4735.00000
74.78200	4723.00000
74.79500	4752.00000
74.80800	4698.00000
74.82100	4713.00000
74.83410	4695.00000
74.84710	4660.00000
74.86000	4638.00000
74.87300	4619.00000
74.88600	4660.00000
74.89900	4738.00000
74.91200	4700.00000
74.92500	4653.00000
74.93800	4694.00000
74.95100	4660.00000
74.96400	4709.00000
74.97700	4689.00000
74.99000	4681.00000
75.00300	4711.00000
75.01600	4729.00000
75.02910	4720.00000
75.04210	4739.00000
75.05510	4771.00000
75.06800	4715.00000
75.08100	4714.00000
75.09400	4736.00000
75.10700	4724.00000
75.12000	4758.00000
75.13300	4758.00000
75.14600	4721.00000
75.15900	4734.00000
75.17200	4751.00000
75.18500	4763.00000
75.19800	4798.00000
75.21100	4831.00000
75.22400	4844.00000
75.23710	4748.00000
75.25010	4782.00000
75.26300	4896.00000
75.27600	4927.00000
75.28900	4817.00000
75.30200	4762.00000
75.31500	4783.00000
75.32800	4751.00000
75.34100	4875.00000
75.35400	4824.00000
75.36700	4749.00000
75.38000	4824.00000
75.39300	4768.00000
75.40600	4791.00000
75.41900	4786.00000
75.43200	4755.00000
75.44510	4780.00000
75.45810	4784.00000
75.47100	4731.00000
75.48400	4793.00000
75.49700	4705.00000
75.51000	4689.00000
75.52300	4709.00000
75.53600	4723.00000
75.54900	4820.00000
75.56200	4695.00000
75.57500	4686.00000
75.58800	4627.00000
75.60100	4668.00000
75.61400	4752.00000
75.62700	4736.00000
75.64010	4670.00000
75.65310	4756.00000
75.66610	4691.00000
75.67900	4742.00000
75.69200	4579.00000
75.70500	4684.00000
75.71800	4811.00000
75.73100	4730.00000
75.74400	4757.00000
75.75700	4807.00000
75.77000	4745.00000
75.78300	4909.00000
75.79600	4868.00000
75.80900	4938.00000
75.82200	4996.00000
75.83500	5068.00000
75.84810	5037.00000
75.86110	5096.00000
75.87400	5002.00000
75.88700	5003.00000
75.90000	5039.00000
75.91300	5000.00000
75.92600	4942.00000
75.93900	4865.00000
75.95200	4951.00000
75.96500	4978.00000
75.97800	4858.00000
75.99100	4807.00000
76.00400	4806.00000
76.01700	4874.00000
76.03000	4934.00000
76.04310	4909.00000
76.05610	4838.00000
76.06910	4896.00000
76.08200	4857.00000
76.09500	4776.00000
76.10800	4796.00000
76.12100	4794.00000
76.13400	4771.00000
76.14700	4799.00000
76.16000	4757.00000
76.17300	4751.00000
76.18600	4707.00000
76.19900	4757.00000
76.21200	4712.00000
76.22500	4692.00000
76.23800	4653.00000
76.25110	4684.00000
76.26410	4750.00000
76.27700	4716.00000
76.29000	4677.00000
76.30300	4684.00000
76.31600	4637.00000
76.32900	4614.00000
76.34200	4666.00000
76.35500	4740.00000
76.36800	4749.00000
76.38100	4724.00000
76.39400	4613.00000
76.40700	4555.00000
76.42000	4601.00000
76.43300	4675.00000
76.44600	4779.00000
76.45910	4710.00000
76.47210	4615.00000
76.48500	4725.00000
76.49800	4769.00000
76.51100	4677.00000
76.52400	4741.00000
76.53700	4699.00000
76.55000	4686.00000
76.56300	4627.00000
76.57600	4631.00000
76.58900	4630.00000
76.60200	4582.00000
76.61500	4599.00000
76.62800	4643.00000
76.64100	4699.00000
76.65410	4674.00000
76.66710	4625.00000
76.68010	4698.00000
76.69300	4725.00000
76.70600	4665.00000
76.71900	4639.00000
76.73200	4714.00000
76.74500	4751.00000
76.75800	4688.00000
76.77100	4646.00000
76.78400	4780.00000
76.79700	4789.00000
76.81000	4772.00000
76.82300	4792.00000
76.83600	4851.00000
76.84900	4839.00000
76.86210	4862.00000
76.87510	4855.00000
76.88800	4746.00000
76.90100	4776.00000
76.91400	4910.00000
76.92700	4931.00000
76.94000	4947.00000
76.95300	4956.00000
76.96600	4949.00000
76.97900	4906.00000
76.99200	5024.00000
77.00500	4860.00000
77.01800	4832.00000
77.03100	4793.00000
77.04400	4747.00000
77.05700	4985.00000
77.07010	4731.00000
77.08310	4881.00000
77.09600	4833.00000
77.10900	4860.00000
77.12200	4742.00000
77.13500	4758.00000
77.14800	4749.00000
77.16100	4650.00000
77.17400	4701.00000
77.18700	4676.00000
77.20000	4696.00000
77.21300	4697.00000
77.22600	4528.00000
77.23900	4694.00000
77.25200	4703.00000
77.26510	4703.00000
77.27810	4673.00000
77.29110	4647.00000
77.30400	4613.00000
77.31700	4606.00000
77.33000	4656.00000
77.34300	4648.00000
77.35600	4625.00000
77.36900	4589.00000
77.38200	4560.00000
77.39500	4604.00000
77.40800	4638.00000
77.42100	4641.00000
77.43400	4708.00000
77.44700	4615.00000
77.46000	4575.00000
77.47310	4685.00000
77.48610	4635.00000
77.49900	4577.00000
77.51200	4614.00000
77.52500	4628.00000
77.53800	4555.00000
77.55100	4578.00000
77.56400	4620.00000
77.57700	4632.00000
77.59000	4665.00000
77.60300	4662.00000
77.61600	4624.00000
77.62900	4603.00000
77.64200	4658.00000
77.65500	4700.00000
77.66810	4662.00000
77.68110	4651.00000
77.69410	4649.00000
77.70700	4604.00000
77.72000	4569.00000
77.73300	4602.00000
77.74600	4663.00000
77.75900	4728.00000
77.77200	4747.00000
77.78500	4690.00000
77.79800	4636.00000
77.81100	4610.00000
77.82400	4664.00000
77.83700	4707.00000
77.85000	4697.00000
77.86300	4637.00000
77.87610	4680.00000
77.88910	4707.00000
77.90200	4599.00000
77.91500	4578.00000
77.92800	4640.00000
77.94100	4610.00000
77.95400	4701.00000
77.96700	4692.00000
77.98000	4706.00000
77.99300	4710.00000
78.00600	4646.00000
78.01900	4671.00000
78.03200	4634.00000
78.04500	4620.00000
78.05800	4617.00000
78.07100	4634.00000
78.08410	4676.00000
78.09710	4615.00000
78.11000	4518.00000
78.12300	4536.00000
78.13600	4637.00000
78.14900	4684.00000
78.16200	4614.00000
78.17500	4557.00000
78.18800	4642.00000
78.20100	4652.00000
78.21400	4691.00000
78.22700	4605.00000
78.24000	4663.00000
78.25300	4762.00000
78.26600	4695.00000
78.27910	4671.00000
78.29210	4534.00000
78.30510	4693.00000
78.31800	4677.00000
78.33100	4612.00000
78.34400	4621.00000
78.35700	4757.00000
78.37000	4730.00000
78.38300	4638.00000
78.39600	4618.00000
78.40900	4619.00000
78.42200	4643.00000
78.43500	4538.00000
78.44800	4774.00000
78.46100	4651.00000
78.47400	4593.00000
78.48710	4675.00000
78.50010	4622.00000
78.51300	4627.00000
78.52600	4673.00000
78.53900	4713.00000
78.55200	4568.00000
78.56500	4700.00000
78.57800	4637.00000
78.59100	4611.00000
78.60400	4719.00000
78.61700	4608.00000
78.63000	4667.00000
78.64300	4767.00000
78.65600	4677.00000
78.66900	4631.00000
78.68200	4711.00000
78.69510	4626.00000
78.70810	4618.00000
78.72100	4677.00000
78.73400	4618.00000
78.74700	4681.00000
78.76000	4672.00000
78.77300	4645.00000
78.78600	4694.00000
78.79900	4681.00000
78.81200	4641.00000
78.82500	4657.00000
78.83800	4684.00000
78.85100	4692.00000
78.86400	4626.00000
78.87700	4607.00000
78.89010	4623.00000
78.90310	4613.00000
78.91610	4626.00000
78.92900	4648.00000
78.94200	4656.00000
78.95500	4663.00000
78.96800	4663.00000
78.98100	4744.00000
78.99400	4759.00000
79.00700	4739.00000
79.02000	4721.00000
79.03300	4626.00000
79.04600	4668.00000
79.05900	4728.00000
79.07200	4676.00000
79.08500	4686.00000
79.09810	4711.00000
79.11110	4681.00000
79.12400	4671.00000
79.13700	4685.00000
79.15000	4727.00000
79.16300	4691.00000
79.17600	4702.00000
79.18900	4838.00000
79.20200	4768.00000
79.21500	4683.00000
79.22800	4719.00000
79.24100	4692.00000
79.25400	4728.00000
79.26700	4739.00000
79.28000	4779.00000
79.29310	4745.00000
79.30610	4601.00000
79.31910	4680.00000
79.33200	4803.00000
79.34500	4684.00000
79.35800	4765.00000
79.37100	4766.00000
79.38400	4789.00000
79.39700	4821.00000
79.41000	4869.00000
79.42300	4809.00000
79.43600	4857.00000
79.44900	4932.00000
79.46200	4969.00000
79.47500	4890.00000
79.48800	4920.00000
79.50110	4961.00000
79.51410	4838.00000
79.52700	4886.00000
79.54000	4911.00000
79.55300	4873.00000
79.56600	4937.00000
79.57900	5081.00000
79.59200	5141.00000
79.60500	5182.00000
79.61800	5154.00000
79.63100	5225.00000
79.64400	5158.00000
79.65700	5367.00000
79.67000	5441.00000
79.68300	5382.00000
79.69600	5771.00000
79.70910	5984.00000
79.72210	6124.00000
79.73500	6269.00000
79.74800	6272.00000
79.76100	6329.00000
79.77400	6338.00000
79.78700	6107.00000
79.80000	6070.00000
79.81300	5970.00000
79.82600	5808.00000
79.83900	5571.00000
79.85200	5641.00000
79.86500	5498.00000
79.87800	5419.00000
79.89100	5552.00000
79.90410	5513.00000
79.91710	5508.00000
79.93010	5638.00000
79.94300	5643.00000
79.95600	5708.00000
79.96900	5651.00000
79.98200	5649.00000
79.99500	5626.00000
80.00800	5326.00000
80.02100	5257.00000
80.03400	5247.00000
80.04700	5122.00000
80.06000	5000.00000
80.07300	4974.00000
80.08600	4934.00000
80.09900	4984.00000
80.11210	4927.00000
80.12510	4904.00000
80.13800	4927.00000
80.15100	4909.00000
80.16400	4985.00000
80.17700	4963.00000
80.19000	4858.00000
80.20300	4799.00000
80.21600	4864.00000
80.22900	4859.00000
80.24200	4803.00000
80.25500	4830.00000
80.26800	4861.00000
80.28100	4883.00000
80.29400	4826.00000
80.30700	4739.00000
80.32010	4726.00000
80.33310	4722.00000
80.34600	4774.00000
80.35900	4791.00000
80.37200	4850.00000
80.38500	4909.00000
80.39800	4867.00000
80.41100	4973.00000
80.42400	5026.00000
80.43700	4986.00000
80.45000	5014.00000
80.46300	5195.00000
80.47600	5205.00000
80.48900	5155.00000
80.50200	5231.00000
80.51510	5296.00000
80.52810	5360.00000
80.54110	5275.00000
80.55400	5264.00000
80.56700	5313.00000
80.58000	5260.00000
80.59300	5339.00000
80.60600	5382.00000
80.61900	5451.00000
80.63200	5378.00000
80.64500	5447.00000
80.65800	5457.00000
80.67100	5493.00000
80.68400	5416.00000
80.69700	5391.00000
80.71000	5384.00000
80.72310	5395.00000
80.73610	5341.00000
80.74900	5260.00000
80.76200	5308.00000
80.77500	5180.00000
80.78800	5222.00000
80.80100	5197.00000
80.81400	5121.00000
80.82700	5095.00000
80.84000	5135.00000
80.85300	5103.00000
80.86600	5106.00000
80.87900	5168.00000
80.89200	5033.00000
80.90500	5049.00000
80.91810	5052.00000
80.93110	5000.00000
80.94410	4848.00000
80.95700	4881.00000
80.97000	4820.00000
80.98300	4903.00000
80.99600	4796.00000
81.00900	4873.00000
81.02200	4815.00000
81.03500	4859.00000
81.04800	4658.00000
81.06100	4653.00000
81.07400	4710.00000
81.08700	4613.00000
81.10000	4695.00000
81.11300	4666.00000
81.12610	4615.00000
81.13910	4729.00000
81.15200	4698.00000
81.16500	4711.00000
81.17800	4725.00000
81.19100	4720.00000
81.20400	4731.00000
81.21700	4741.00000
81.23000	4766.00000
81.24300	4663.00000
81.25600	4624.00000
81.26900	4678.00000
81.28200	4694.00000
81.29500	4727.00000
81.30800	4746.00000
81.32100	4764.00000
81.33410	4745.00000
81.34710	4772.00000
81.36000	4749.00000
81.37300	4610.00000
81.38600	4656.00000
81.39900	4633.00000
81.41200	4643.00000
81.42500	4707.00000
81.43800	4725.00000
81.45100	4674.00000
81.46400	4707.00000
81.47700	4690.00000
81.49000	4654.00000
81.50300	4681.00000
81.51600	4630.00000
81.52910	4603.00000
81.54210	4607.00000
81.55510	4600.00000
81.56800	4649.00000
81.58100	4660.00000
81.59400	4685.00000
81.60700	4769.00000
81.62000	4752.00000
81.63300	4667.00000
81.64600	4647.00000
81.65900	4685.00000
81.67200	4716.00000
81.68500	4650.00000
81.69800	4660.00000
81.71100	4757.00000
81.72400	4687.00000
81.73710	4693.00000
81.75010	4763.00000
81.76300	4686.00000
81.77600	4633.00000
81.78900	4663.00000
81.80200	4697.00000
81.81500	4681.00000
81.82800	4658.00000
81.84100	4707.00000
81.85400	4723.00000
81.86700	4599.00000
81.88000	4596.00000
81.89300	4651.00000
81.90600	4667.00000
81.91900	4702.00000
81.93200	4662.00000
81.94510	4672.00000
81.95810	4659.00000
81.97100	4520.00000
81.98400	4599.00000
81.99700	4674.00000
82.01000	4627.00000
82.02300	4645.00000
82.03600	4660.00000
82.04900	4531.00000
82.06200	4678.00000
82.07500	4608.00000
82.08800	4651.00000
82.10100	4617.00000
82.11400	4659.00000
82.12700	4671.00000
82.14010	4727.00000
82.15310	4692.00000
82.16610	4764.00000
82.17900	4794.00000
82.19200	4712.00000
82.20500	4648.00000
82.21800	4621.00000
82.23100	4586.00000
82.24400	4688.00000
82.25700	4795.00000
82.27000	4665.00000
82.28300	4698.00000
82.29600	4616.00000
82.30900	4590.00000
82.32200	4681.00000
82.33500	4677.00000
82.34810	4815.00000
82.36110	4719.00000
82.37400	4595.00000
82.38700	4704.00000
82.40000	4647.00000
82.41300	4622.00000
82.42600	4667.00000
82.43900	4647.00000
82.45200	4736.00000
82.46500	4693.00000
82.47800	4793.00000
82.49100	4666.00000
82.50400	4727.00000
82.51700	4692.00000
82.53000	4702.00000
82.54310	4714.00000
82.55610	4716.00000
82.56910	4700.00000
82.58200	4663.00000
82.59500	4725.00000
82.60800	4703.00000
82.62100	4779.00000
82.63400	4743.00000
82.64700	4677.00000
82.66000	4718.00000
82.67300	4763.00000
82.68600	4702.00000
82.69900	4712.00000
82.71200	4759.00000
82.72500	4670.00000
82.73800	4644.00000
82.75110	4731.00000
82.76410	4772.00000
82.77700	4754.00000
82.79000	4709.00000
82.80300	4734.00000
82.81600	4733.00000
82.82900	4704.00000
82.84200	4708.00000
82.85500	4697.00000
82.86800	4684.00000
82.88100	4700.00000
82.89400	4718.00000
82.90700	4720.00000
82.92000	4711.00000
82.93300	4670.00000
82.94600	4723.00000
82.95910	4787.00000
82.97210	4665.00000
82.98500	4651.00000
82.99800	4751.00000
83.01100	4734.00000
83.02400	4750.00000
83.03700	4728.00000
83.05000	4640.00000
83.06300	4669.00000
83.07600	4783.00000
83.08900	4835.00000
83.10200	4764.00000
83.11500	4771.00000
83.12800	4744.00000
83.14100	4666.00000
83.15410	4714.00000
83.16710	4804.00000
83.18010	4821.00000
83.19300	4689.00000
83.20600	4794.00000
83.21900	4825.00000
83.23200	4643.00000
83.24500	4670.00000
83.25800	4809.00000
83.27100	4811.00000
83.28400	4720.00000
83.29700	4826.00000
83.31000	4821.00000
83.32300	4883.00000
83.33600	4913.00000
83.34900	4934.00000
83.36210	4976.00000
83.37510	5030.00000
83.38800	5028.00000
83.40100	5088.00000
83.41400	5224.00000
83.42700	5159.00000
83.44000	5171.00000
83.45300	5189.00000
83.46600	5089.00000
83.47900	5137.00000
83.49200	4946.00000
83.50500	4995.00000
83.51800	5057.00000
83.53100	5025.00000
83.54400	5035.00000
83.55700	5047.00000
83.57010	5030.00000
83.58310	5059.00000
83.59600	4980.00000
83.60900	5060.00000
83.62200	5074.00000
83.63500	5049.00000
83.64800	5086.00000
83.66100	5037.00000
83.67400	4934.00000
83.68700	4973.00000
83.70000	4922.00000
83.71300	4917.00000
83.72600	4932.00000
83.73900	4872.00000
83.75200	4971.00000
83.76510	4882.00000
83.77810	4722.00000
83.79110	4725.00000
83.80400	4881.00000
83.81700	4853.00000
83.83000	4802.00000
83.84300	4787.00000
83.85600	4792.00000
83.86900	4718.00000
83.88200	4797.00000
83.89500	4779.00000
83.90800	4844.00000
83.92100	4732.00000
83.93400	4737.00000
83.94700	4789.00000
83.96000	4761.00000
83.97310	4799.00000
83.98610	4749.00000
83.99900	4725.00000
84.01200	4738.00000
84.02500	4750.00000
84.03800	4655.00000
84.05100	4668.00000
84.06400	4711.00000
84.07700	4719.00000
84.09000	4720.00000
84.10300	4797.00000
84.11600	4826.00000
84.12900	4815.00000
84.14200	4828.00000
84.15500	4748.00000
84.16810	4823.00000
84.18110	4834.00000
84.19410	4752.00000
84.20700	4786.00000
84.22000	4812.00000
84.23300	4758.00000
84.24600	4706.00000
84.25900	4712.00000
84.27200	4765.00000
84.28500	4784.00000
84.29800	4781.00000
84.31100	4821.00000
84.32400	4811.00000
84.33700	4797.00000
84.35000	4779.00000
84.36300	4785.00000
84.37610	4843.00000
84.38910	4836.00000
84.40200	4811.00000
84.41500	4809.00000
84.42800	4828.00000
84.44100	4858.00000
84.45400	4876.00000
84.46700	4864.00000
84.48000	4811.00000
84.49300	4803.00000
84.50600	4851.00000
84.51900	4866.00000
84.53200	4992.00000
84.54500	5043.00000
84.55800	4918.00000
84.57100	4894.00000
84.58410	4986.00000
84.59710	4988.00000
84.61000	5086.00000
84.62300	5115.00000
84.63600	5186.00000
84.64900	5257.00000
84.66200	5413.00000
84.67500	5587.00000
84.68800	5661.00000
84.70100	5768.00000
84.71400	5885.00000
84.72700	6040.00000
84.74000	6227.00000
84.75300	6198.00000
84.76600	6129.00000
84.77910	6032.00000
84.79210	6106.00000
84.80510	5965.00000
84.81800	6028.00000
84.83100	5671.00000
84.84400	5639.00000
84.85700	5617.00000
84.87000	5564.00000
84.88300	5342.00000
84.89600	5612.00000
84.90900	5484.00000
84.92200	5481.00000
84.93500	5624.00000
84.94800	5636.00000
84.96100	5534.00000
84.97400	5600.00000
84.98710	5622.00000
85.00010	5634.00000
85.01300	5642.00000
85.02600	5619.00000
85.03900	5337.00000
85.05200	5313.00000
85.06500	5254.00000
85.07800	5209.00000
85.09100	5075.00000
85.10400	5050.00000
85.11700	5057.00000
85.13000	4863.00000
85.14300	4969.00000
85.15600	4982.00000
85.16900	5027.00000
85.18200	4842.00000
85.19510	4886.00000
85.20810	4855.00000
85.22100	4817.00000
85.23400	4812.00000
85.24700	4879.00000
85.26000	4918.00000
85.27300	4898.00000
85.28600	4771.00000
85.29900	4733.00000
85.31200	4845.00000
85.32500	4870.00000
85.33800	4817.00000
85.35100	4856.00000
85.36400	4874.00000
85.37700	4852.00000
85.39010	4798.00000
85.40310	4849.00000
85.41610	4843.00000
85.42900	4848.00000
85.44200	4780.00000
85.45500	4772.00000
85.46800	4842.00000
85.48100	4861.00000
85.49400	4864.00000
85.50700	4852.00000
85.52000	4827.00000
85.53300	4828.00000
85.54600	4835.00000
85.55900	4755.00000
85.57200	4762.00000
85.58500	4882.00000
85.59810	4907.00000
85.61110	4822.00000
85.62400	4808.00000
85.63700	4936.00000
85.65000	4920.00000
85.66300	4850.00000
85.67600	4891.00000
85.68900	4832.00000
85.70200	4814.00000
85.71500	4926.00000
85.72800	4849.00000
85.74100	4824.00000
85.75400	4828.00000
85.76700	4885.00000
85.78000	4867.00000
85.79310	4813.00000
85.80610	4789.00000
85.81910	4804.00000
85.83200	4849.00000
85.84500	4779.00000
85.85800	4875.00000
85.87100	4936.00000
85.88400	4777.00000
85.89700	4770.00000
85.91000	4782.00000
85.92300	4791.00000
85.93600	4780.00000
85.94900	4792.00000
85.96200	4773.00000
85.97500	4874.00000
85.98800	4863.00000
86.00110	4810.00000
86.01410	4840.00000
86.02700	4831.00000
86.04000	4740.00000
86.05300	4867.00000
86.06600	4752.00000
86.07900	4869.00000
86.09200	4717.00000
86.10500	4860.00000
86.11800	4818.00000
86.13100	4748.00000
86.14400	4723.00000
86.15700	4829.00000
86.17000	4863.00000
86.18300	4909.00000
86.19600	4862.00000
86.20910	4894.00000
86.22210	4943.00000
86.23500	4850.00000
86.24800	4777.00000
86.26100	4784.00000
86.27400	4750.00000
86.28700	4755.00000
86.30000	4805.00000
86.31300	4820.00000
86.32600	4927.00000
86.33900	4819.00000
86.35200	4735.00000
86.36500	4812.00000
86.37800	4814.00000
86.39100	4858.00000
86.40410	4796.00000
86.41710	4909.00000
86.43010	4817.00000
86.44300	4779.00000
86.45600	4701.00000
86.46900	4836.00000
86.48200	4926.00000
86.49500	4913.00000
86.50800	4779.00000
86.52100	4813.00000
86.53400	4864.00000
86.54700	4888.00000
86.56000	4921.00000
86.57300	4865.00000
86.58600	4900.00000
86.59900	5026.00000
86.61210	5024.00000
86.62510	4870.00000
86.63800	4806.00000
86.65100	4883.00000
86.66400	4926.00000
86.67700	4947.00000
86.69000	4879.00000
86.70300	4913.00000
86.71600	4930.00000
86.72900	4935.00000
86.74200	4903.00000
86.75500	4966.00000
86.76800	4902.00000
86.78100	4927.00000
86.79400	4960.00000
86.80700	4936.00000
86.82010	4867.00000
86.83310	4858.00000
86.84600	4888.00000
86.85900	4897.00000
86.87200	4946.00000
86.88500	4967.00000
86.89800	4985.00000
86.91100	4938.00000
86.92400	4867.00000
86.93700	4915.00000
86.95000	4939.00000
86.96300	4906.00000
86.97600	4995.00000
86.98900	5040.00000
87.00200	4947.00000
87.01510	4921.00000
87.02810	5044.00000
87.04110	5118.00000
87.05400	5023.00000
87.06700	5048.00000
87.08000	5111.00000
87.09300	5201.00000
87.10600	5131.00000
87.11900	5193.00000
87.13200	5257.00000
87.14500	5270.00000
87.15800	5350.00000
87.17100	5466.00000
87.18400	5410.00000
87.19700	5506.00000
87.21000	5617.00000
87.22310	5544.00000
87.23610	5670.00000
87.24900	5618.00000
87.26200	5662.00000
87.27500	5686.00000
87.28800	5621.00000
87.30100	5623.00000
87.31400	5506.00000
87.32700	5467.00000
87.34000	5570.00000
87.35300	5466.00000
87.36600	5540.00000
87.37900	5496.00000
87.39200	5394.00000
87.40500	5490.00000
87.41810	5520.00000
87.43110	5434.00000
87.44410	5618.00000
87.45700	5561.00000
87.47000	5732.00000
87.48300	5633.00000
87.49600	5638.00000
87.50900	5678.00000
87.52200	5665.00000
87.53500	5776.00000
87.54800	5975.00000
87.56100	5751.00000
87.57400	5708.00000
87.58700	5886.00000
87.60000	5883.00000
87.61300	6050.00000
87.62610	6081.00000
87.63910	6030.00000
87.65200	6252.00000
87.66500	6281.00000
87.67800	6393.00000
87.69100	6453.00000
87.70400	6438.00000
87.71700	6709.00000
87.73000	6618.00000
87.74300	6516.00000
87.75600	6406.00000
87.76900	6370.00000
87.78200	6238.00000
87.79500	6236.00000
87.80800	6223.00000
87.82100	6341.00000
87.83410	6340.00000
87.84710	6464.00000
87.86000	6278.00000
87.87300	6327.00000
87.88600	6462.00000
87.89900	6523.00000
87.91200	6717.00000
87.92500	6671.00000
87.93800	6754.00000
87.95100	6744.00000
87.96400	6783.00000
87.97700	6913.00000
87.99000	7017.00000
88.00300	6921.00000
88.01600	6935.00000
88.02910	6758.00000
88.04210	6658.00000
88.05510	6548.00000
88.06800	6467.00000
88.08100	6429.00000
88.09400	6340.00000
88.10700	6254.00000
88.12000	6165.00000
88.13300	6101.00000
88.14600	6053.00000
88.15900	6063.00000
88.17200	6045.00000
88.18500	6071.00000
88.19800	6178.00000
88.21100	6112.00000
88.22400	6108.00000
88.23710	6273.00000
88.25010	6294.00000
88.26300	6252.00000
88.27600	6261.00000
88.28900	6268.00000
88.30200	6276.00000
88.31500	6338.00000
88.32800	6385.00000
88.34100	6411.00000
88.35400	6567.00000
88.36700	6680.00000
88.38000	6740.00000
88.39300	6844.00000
88.40600	6890.00000
88.41900	6790.00000
88.43200	6723.00000
88.44510	6651.00000
88.45810	6459.00000
88.47100	6269.00000
88.48400	6113.00000
88.49700	6113.00000
88.51000	6157.00000
88.52300	5973.00000
88.53600	5957.00000
88.54900	5947.00000
88.56200	5913.00000
88.57500	5766.00000
88.58800	5811.00000
88.60100	5984.00000
88.61400	5851.00000
88.62700	5976.00000
88.64010	6010.00000
88.65310	6026.00000
88.66610	5893.00000
88.67900	5709.00000
88.69200	5796.00000
88.70500	5658.00000
88.71800	5605.00000
88.73100	5543.00000
88.74400	5376.00000
88.75700	5296.00000
88.77000	5422.00000
88.78300	5449.00000
88.79600	5241.00000
88.80900	5246.00000
88.82200	5175.00000
88.83500	5249.00000
88.84810	5046.00000
88.86110	5087.00000
88.87400	4987.00000
88.88700	5227.00000
88.90000	5098.00000
88.91300	5055.00000
88.92600	5096.00000
88.93900	5018.00000
88.95200	4975.00000
88.96500	5067.00000
88.97800	4966.00000
88.99100	5115.00000
89.00400	4987.00000
89.01700	4939.00000
89.03000	5024.00000
89.04310	5069.00000
89.05610	4915.00000
89.06910	4852.00000
89.08200	4998.00000
89.09500	4968.00000
89.10800	5065.00000
89.12100	5099.00000
89.13400	4981.00000
89.14700	4864.00000
89.16000	4929.00000
89.17300	5077.00000
89.18600	5003.00000
89.19900	4965.00000
89.21200	4917.00000
89.22500	4905.00000
89.23800	4933.00000
89.25110	4867.00000
89.26410	4872.00000
89.27700	4875.00000
89.29000	4914.00000
89.30300	4865.00000
89.31600	4847.00000
89.32900	4962.00000
89.34200	4956.00000
89.35500	4887.00000
89.36800	4900.00000
89.38100	4935.00000
89.39400	4888.00000
89.40700	4903.00000
89.42000	4945.00000
89.43300	4875.00000
89.44600	4906.00000
89.45910	4910.00000
89.47210	4918.00000
89.48500	4971.00000
89.49800	4943.00000
89.51100	4880.00000
89.52400	4861.00000
89.53700	4961.00000
89.55000	4987.00000
89.56300	4889.00000
89.57600	4880.00000
89.58900	4905.00000
89.60200	4875.00000
89.61500	4844.00000
89.62800	4850.00000
89.64100	4947.00000
89.65410	4930.00000
89.66710	4897.00000
89.68010	4944.00000
89.69300	4912.00000
89.70600	4889.00000
89.71900	4884.00000
89.73200	4921.00000
89.74500	4878.00000
89.75800	4918.00000
89.77100	4906.00000
89.78400	4853.00000
89.79700	4845.00000
89.81000	4837.00000
89.82300	4957.00000
89.83600	4825.00000
89.84900	4867.00000
89.86210	4805.00000
89.87510	4917.00000
89.88800	4884.00000
89.90100	4833.00000
89.91400	4913.00000
89.92700	4960.00000
89.94000	4962.00000
89.95300	4909.00000
89.96600	4892.00000
