4.00000	321.00000
4.00500	336.00000
4.01000	308.00000
4.01500	309.00000
4.02000	327.00000
4.02500	321.00000
4.03000	315.00000
4.03500	314.00000
4.04000	335.00000
4.04500	324.00000
4.05000	314.00000
4.05500	333.00000
4.06000	317.00000
4.06500	331.00000
4.07000	316.00000
4.07500	334.00000
4.08000	319.00000
4.08500	320.00000
4.09000	318.00000
4.09500	311.00000
4.10000	318.00000
4.10500	331.00000
4.11000	320.00000
4.11500	333.00000
4.12000	314.00000
4.12500	320.00000
4.13000	303.00000
4.13500	327.00000
4.14000	316.00000
4.14500	324.00000
4.15000	322.00000
4.15500	311.00000
4.16000	314.00000
4.16500	322.00000
4.17000	343.00000
4.17500	328.00000
4.18000	326.00000
4.18500	317.00000
4.19000	319.00000
4.19500	312.00000
4.20000	333.00000
4.20500	306.00000
4.21000	320.00000
4.21500	317.00000
4.22000	332.00000
4.22500	315.00000
4.23000	312.00000
4.23500	323.00000
4.24000	326.00000
4.24500	328.00000
4.25000	321.00000
4.25500	322.00000
4.26000	328.00000
4.26500	317.00000
4.27000	319.00000
4.27500	320.00000
4.28000	321.00000
4.28500	310.00000
4.29000	319.00000
4.29500	317.00000
4.30000	324.00000
4.30500	307.00000
4.31000	324.00000
4.31500	326.00000
4.32000	340.00000
4.32500	328.00000
4.33000	320.00000
4.33500	336.00000
4.34000	332.00000
4.34500	322.00000
4.35000	322.00000
4.35500	332.00000
4.36000	329.00000
4.36500	329.00000
4.37000	321.00000
4.37500	324.00000
4.38000	328.00000
4.38500	319.00000
4.39000	321.00000
4.39500	321.00000
4.40000	335.00000
4.40500	337.00000
4.41000	309.00000
4.41500	317.00000
4.42000	316.00000
4.42500	341.00000
4.43000	337.00000
4.43500	321.00000
4.44000	333.00000
4.44500	324.00000
4.45000	328.00000
4.45500	324.00000
4.46000	323.00000
4.46500	322.00000
4.47000	320.00000
4.47500	329.00000
4.48000	332.00000
4.48500	330.00000
4.49000	334.00000
4.49500	328.00000
4.50000	327.00000
4.50500	342.00000
4.51000	333.00000
4.51500	334.00000
4.52000	320.00000
4.52500	323.00000
4.53000	334.00000
4.53500	336.00000
4.54000	339.00000
4.54500	352.00000
4.55000	347.00000
4.55500	318.00000
4.56000	336.00000
4.56500	318.00000
4.57000	335.00000
4.57500	334.00000
4.58000	336.00000
4.58500	342.00000
4.59000	347.00000
4.59500	345.00000
4.60000	318.00000
4.60500	339.00000
4.61000	323.00000
4.61500	346.00000
4.62000	345.00000
4.62500	344.00000
4.63000	350.00000
4.63500	336.00000
4.64000	342.00000
4.64500	354.00000
4.65000	344.00000
4.65500	353.00000
4.66000	335.00000
4.66500	354.00000
4.67000	355.00000
4.67500	352.00000
4.68000	347.00000
4.68500	362.00000
4.69000	353.00000
4.69500	379.00000
4.70000	355.00000
4.70500	371.00000
4.71000	372.00000
4.71500	371.00000
4.72000	378.00000
4.72500	358.00000
4.73000	395.00000
4.73500	365.00000
4.74000	388.00000
4.74500	387.00000
4.75000	395.00000
4.75500	393.00000
4.76000	408.00000
4.76500	399.00000
4.77000	421.00000
4.77500	428.00000
4.78000	430.00000
4.78500	431.00000
4.79000	445.00000
4.79500	454.00000
4.80000	470.00000
4.80500	499.00000
4.81000	492.00000
4.81500	494.00000
4.82000	530.00000
4.82500	559.00000
4.83000	549.00000
4.83500	608.00000
4.84000	594.00000
4.84500	666.00000
4.85000	621.00000
4.85500	663.00000
4.86000	759.00000
4.86500	786.00000
4.87000	783.00000
4.87500	810.00000
4.88000	853.00000
4.88500	941.00000
4.89000	962.00000
4.89500	961.00000
4.90000	1028.00000
4.90500	1067.00000
4.91000	1145.00000
4.91500	1253.00000
4.92000	1329.00000
4.92500	1426.00000
4.93000	1533.00000
4.93500	1643.00000
4.94000	1791.00000
4.94500	1832.00000
4.95000	1863.00000
4.95500	1849.00000
4.96000	2002.00000
4.96500	1721.00000
4.97000	1516.00000
4.97500	1301.00000
4.98000	1260.00000
4.98500	1204.00000
4.99000	1089.00000
4.99500	1090.00000
5.00000	1023.00000
5.00500	1032.00000
5.01000	1060.00000
5.01500	1086.00000
5.02000	1062.00000
5.02500	1167.00000
5.03000	1228.00000
5.03500	1231.00000
5.04000	1304.00000
5.04500	1372.00000
5.05000	1444.00000
5.05500	1494.00000
5.06000	1579.00000
5.06500	1656.00000
5.07000	1727.00000
5.07500	1710.00000
5.08000	1890.00000
5.08500	1851.00000
5.09000	1991.00000
5.09500	2103.00000
5.10000	2182.00000
5.10500	2283.00000
5.11000	2324.00000
5.11500	2391.00000
5.12000	2545.00000
5.12500	2522.00000
5.13000	2599.00000
5.13500	2646.00000
5.14000	2693.00000
5.14500	2792.00000
5.15000	2623.00000
5.15500	2825.00000
5.16000	2553.00000
5.16500	2549.00000
5.17000	2446.00000
5.17500	2272.00000
5.18000	2208.00000
5.18500	2047.00000
5.19000	1893.00000
5.19500	1841.00000
5.20000	1689.00000
5.20500	1599.00000
5.21000	1486.00000
5.21500	1296.00000
5.22000	1151.00000
5.22500	1226.00000
5.23000	1131.00000
5.23500	1082.00000
5.24000	990.00000
5.24500	878.00000
5.25000	890.00000
5.25500	844.00000
5.26000	786.00000
5.26500	684.00000
5.27000	684.00000
5.27500	677.00000
5.28000	631.00000
5.28500	628.00000
5.29000	590.00000
5.29500	553.00000
5.30000	555.00000
5.30500	533.00000
5.31000	532.00000
5.31500	490.00000
5.32000	532.00000
5.32500	467.00000
5.33000	460.00000
5.33500	472.00000
5.34000	454.00000
5.34500	436.00000
5.35000	438.00000
5.35500	417.00000
5.36000	434.00000
5.36500	414.00000
5.37000	430.00000
5.37500	404.00000
5.38000	404.00000
5.38500	394.00000
5.39000	433.00000
5.39500	388.00000
5.40000	381.00000
5.40500	393.00000
5.41000	377.00000
5.41500	395.00000
5.42000	388.00000
5.42500	377.00000
5.43000	371.00000
5.43500	389.00000
5.44000	380.00000
5.44500	395.00000
5.45000	384.00000
5.45500	384.00000
5.46000	382.00000
5.46500	361.00000
5.47000	380.00000
5.47500	393.00000
5.48000	385.00000
5.48500	359.00000
5.49000	366.00000
5.49500	389.00000
5.50000	374.00000
5.50500	381.00000
5.51000	363.00000
5.51500	362.00000
5.52000	383.00000
5.52500	387.00000
5.53000	378.00000
5.53500	374.00000
5.54000	359.00000
5.54500	345.00000
5.55000	363.00000
5.55500	326.00000
5.56000	360.00000
5.56500	365.00000
5.57000	353.00000
5.57500	347.00000
5.58000	317.00000
5.58500	316.00000
5.59000	346.00000
5.59500	361.00000
5.60000	342.00000
5.60500	342.00000
5.61000	346.00000
5.61500	347.00000
5.62000	341.00000
5.62500	335.00000
5.63000	331.00000
5.63500	326.00000
5.64000	342.00000
5.64500	328.00000
5.65000	338.00000
5.65500	344.00000
5.66000	339.00000
5.66500	311.00000
5.67000	305.00000
5.67500	321.00000
5.68000	329.00000
5.68500	305.00000
5.69000	346.00000
5.69500	323.00000
5.70000	315.00000
5.70500	338.00000
5.71000	328.00000
5.71500	329.00000
5.72000	324.00000
5.72500	328.00000
5.73000	346.00000
5.73500	319.00000
5.74000	330.00000
5.74500	316.00000
5.75000	324.00000
5.75500	342.00000
5.76000	342.00000
5.76500	323.00000
5.77000	331.00000
5.77500	327.00000
5.78000	334.00000
5.78500	327.00000
5.79000	303.00000
5.79500	304.00000
5.80000	330.00000
5.80500	331.00000
5.81000	308.00000
5.81500	329.00000
5.82000	312.00000
5.82500	332.00000
5.83000	333.00000
5.83500	312.00000
5.84000	320.00000
5.84500	321.00000
5.85000	317.00000
5.85500	325.00000
5.86000	332.00000
5.86500	315.00000
5.87000	320.00000
5.87500	328.00000
5.88000	329.00000
5.88500	323.00000
5.89000	303.00000
5.89500	322.00000
5.90000	316.00000
5.90500	327.00000
5.91000	318.00000
5.91500	315.00000
5.92000	303.00000
5.92500	309.00000
5.93000	314.00000
5.93500	302.00000
5.94000	327.00000
5.94500	311.00000
5.95000	337.00000
5.95500	320.00000
5.96000	315.00000
5.96500	314.00000
5.97000	313.00000
5.97500	302.00000
5.98000	314.00000
5.98500	314.00000
5.99000	311.00000
5.99500	330.00000
6.00000	316.00000
6.00500	298.00000
6.01000	336.00000
6.01500	328.00000
6.02000	297.00000
6.02500	319.00000
6.03000	305.00000
6.03500	312.00000
6.04000	335.00000
6.04500	324.00000
6.05000	302.00000
6.05500	312.00000
6.06000	306.00000
6.06500	321.00000
6.07000	304.00000
6.07500	315.00000
6.08000	331.00000
6.08500	302.00000
6.09000	325.00000
6.09500	319.00000
6.10000	319.00000
6.10500	324.00000
6.11000	323.00000
6.11500	326.00000
6.12000	340.00000
6.12500	327.00000
6.13000	317.00000
6.13500	333.00000
6.14000	327.00000
6.14500	325.00000
6.15000	337.00000
6.15500	338.00000
6.16000	321.00000
6.16500	327.00000
6.17000	331.00000
6.17500	318.00000
6.18000	329.00000
6.18500	347.00000
6.19000	341.00000
6.19500	330.00000
6.20000	318.00000
6.20500	327.00000
6.21000	335.00000
6.21500	352.00000
6.22000	333.00000
6.22500	343.00000
6.23000	329.00000
6.23500	346.00000
6.24000	351.00000
6.24500	333.00000
6.25000	332.00000
6.25500	334.00000
6.26000	334.00000
6.26500	332.00000
6.27000	323.00000
6.27500	330.00000
6.28000	326.00000
6.28500	321.00000
6.29000	329.00000
6.29500	320.00000
6.30000	335.00000
6.30500	343.00000
6.31000	330.00000
6.31500	325.00000
6.32000	328.00000
6.32500	325.00000
6.33000	314.00000
6.33500	306.00000
6.34000	321.00000
6.34500	319.00000
6.35000	321.00000
6.35500	337.00000
6.36000	322.00000
6.36500	346.00000
6.37000	320.00000
6.37500	309.00000
6.38000	332.00000
6.38500	321.00000
6.39000	309.00000
6.39500	337.00000
6.40000	329.00000
6.40500	325.00000
6.41000	344.00000
6.41500	335.00000
6.42000	323.00000
6.42500	323.00000
6.43000	324.00000
6.43500	342.00000
6.44000	323.00000
6.44500	320.00000
6.45000	331.00000
6.45500	331.00000
6.46000	334.00000
6.46500	326.00000
6.47000	317.00000
6.47500	335.00000
6.48000	339.00000
6.48500	315.00000
6.49000	334.00000
6.49500	350.00000
6.50000	330.00000
6.50500	332.00000
6.51000	328.00000
6.51500	328.00000
6.52000	336.00000
6.52500	337.00000
6.53000	345.00000
6.53500	335.00000
6.54000	315.00000
6.54500	319.00000
6.55000	333.00000
6.55500	328.00000
6.56000	335.00000
6.56500	337.00000
6.57000	336.00000
6.57500	332.00000
6.58000	364.00000
6.58500	336.00000
6.59000	349.00000
6.59500	322.00000
6.60000	339.00000
6.60500	331.00000
6.61000	344.00000
6.61500	346.00000
6.62000	344.00000
6.62500	343.00000
6.63000	373.00000
6.63500	364.00000
6.64000	337.00000
6.64500	335.00000
6.65000	350.00000
6.65500	346.00000
6.66000	349.00000
6.66500	327.00000
6.67000	350.00000
6.67500	357.00000
6.68000	350.00000
6.68500	356.00000
6.69000	353.00000
6.69500	346.00000
6.70000	359.00000
6.70500	347.00000
6.71000	352.00000
6.71500	354.00000
6.72000	371.00000
6.72500	357.00000
6.73000	362.00000
6.73500	360.00000
6.74000	356.00000
6.74500	366.00000
6.75000	377.00000
6.75500	363.00000
6.76000	368.00000
6.76500	388.00000
6.77000	365.00000
6.77500	355.00000
6.78000	366.00000
6.78500	368.00000
6.79000	408.00000
6.79500	401.00000
6.80000	380.00000
6.80500	396.00000
6.81000	396.00000
6.81500	387.00000
6.82000	414.00000
6.82500	401.00000
6.83000	421.00000
6.83500	432.00000
6.84000	431.00000
6.84500	446.00000
6.85000	449.00000
6.85500	477.00000
6.86000	498.00000
6.86500	516.00000
6.87000	569.00000
6.87500	593.00000
6.88000	615.00000
6.88500	662.00000
6.89000	691.00000
6.89500	739.00000
6.90000	805.00000
6.90500	861.00000
6.91000	943.00000
6.91500	1027.00000
6.92000	1162.00000
6.92500	1246.00000
6.93000	1363.00000
6.93500	1447.00000
6.94000	1580.00000
6.94500	1730.00000
6.95000	1981.00000
6.95500	2144.00000
6.96000	2371.00000
6.96500	2618.00000
6.97000	2898.00000
6.97500	3232.00000
6.98000	3534.00000
6.98500	3986.00000
6.99000	4191.00000
6.99500	4395.00000
7.00000	4484.00000
7.00500	4408.00000
7.01000	4269.00000
7.01500	4098.00000
7.02000	3841.00000
7.02500	3552.00000
7.03000	3411.00000
7.03500	3185.00000
7.04000	2831.00000
7.04500	2516.00000
7.05000	2174.00000
7.05500	1881.00000
7.06000	1609.00000
7.06500	1386.00000
7.07000	1236.00000
7.07500	1107.00000
7.08000	938.00000
7.08500	847.00000
7.09000	774.00000
7.09500	705.00000
7.10000	690.00000
7.10500	625.00000
7.11000	593.00000
7.11500	585.00000
7.12000	544.00000
7.12500	562.00000
7.13000	518.00000
7.13500	490.00000
7.14000	491.00000
7.14500	489.00000
7.15000	463.00000
7.15500	462.00000
7.16000	443.00000
7.16500	452.00000
7.17000	443.00000
7.17500	437.00000
7.18000	433.00000
7.18500	428.00000
7.19000	437.00000
7.19500	430.00000
7.20000	419.00000
7.20500	442.00000
7.21000	433.00000
7.21500	439.00000
7.22000	437.00000
7.22500	418.00000
7.23000	417.00000
7.23500	388.00000
7.24000	402.00000
7.24500	425.00000
7.25000	414.00000
7.25500	410.00000
7.26000	396.00000
7.26500	389.00000
7.27000	384.00000
7.27500	407.00000
7.28000	398.00000
7.28500	392.00000
7.29000	397.00000
7.29500	381.00000
7.30000	383.00000
7.30500	406.00000
7.31000	378.00000
7.31500	413.00000
7.32000	399.00000
7.32500	404.00000
7.33000	399.00000
7.33500	405.00000
7.34000	403.00000
7.34500	402.00000
7.35000	395.00000
7.35500	381.00000
7.36000	397.00000
7.36500	406.00000
7.37000	402.00000
7.37500	406.00000
7.38000	402.00000
7.38500	399.00000
7.39000	395.00000
7.39500	400.00000
7.40000	393.00000
7.40500	398.00000
7.41000	399.00000
7.41500	404.00000
7.42000	408.00000
7.42500	383.00000
7.43000	403.00000
7.43500	394.00000
7.44000	403.00000
7.44500	407.00000
7.45000	397.00000
7.45500	397.00000
7.46000	392.00000
7.46500	418.00000
7.47000	402.00000
7.47500	401.00000
7.48000	404.00000
7.48500	404.00000
7.49000	408.00000
7.49500	387.00000
7.50000	420.00000
7.50500	405.00000
7.51000	416.00000
7.51500	410.00000
7.52000	436.00000
7.52500	417.00000
7.53000	422.00000
7.53500	435.00000
7.54000	423.00000
7.54500	415.00000
7.55000	422.00000
7.55500	432.00000
7.56000	440.00000
7.56500	420.00000
7.57000	433.00000
7.57500	446.00000
7.58000	429.00000
7.58500	445.00000
7.59000	429.00000
7.59500	437.00000
7.60000	443.00000
7.60500	439.00000
7.61000	455.00000
7.61500	445.00000
7.62000	452.00000
7.62500	436.00000
7.63000	448.00000
7.63500	449.00000
7.64000	448.00000
7.64500	447.00000
7.65000	463.00000
7.65500	468.00000
7.66000	451.00000
7.66500	480.00000
7.67000	461.00000
7.67500	452.00000
7.68000	453.00000
7.68500	466.00000
7.69000	466.00000
7.69500	485.00000
7.70000	465.00000
7.70500	454.00000
7.71000	481.00000
7.71500	453.00000
7.72000	490.00000
7.72500	484.00000
7.73000	504.00000
7.73500	514.00000
7.74000	518.00000
7.74500	507.00000
7.75000	524.00000
7.75500	526.00000
7.76000	571.00000
7.76500	571.00000
7.77000	581.00000
7.77500	588.00000
7.78000	603.00000
7.78500	637.00000
7.79000	664.00000
7.79500	679.00000
7.80000	682.00000
7.80500	711.00000
7.81000	751.00000
7.81500	755.00000
7.82000	797.00000
7.82500	859.00000
7.83000	822.00000
7.83500	789.00000
7.84000	812.00000
7.84500	791.00000
7.85000	807.00000
7.85500	805.00000
7.86000	822.00000
7.86500	813.00000
7.87000	786.00000
7.87500	773.00000
7.88000	801.00000
7.88500	839.00000
7.89000	821.00000
7.89500	853.00000
7.90000	860.00000
7.90500	857.00000
7.91000	890.00000
7.91500	887.00000
7.92000	882.00000
7.92500	928.00000
7.93000	944.00000
7.93500	933.00000
7.94000	916.00000
7.94500	925.00000
7.95000	924.00000
7.95500	963.00000
7.96000	924.00000
7.96500	894.00000
7.97000	956.00000
7.97500	879.00000
7.98000	843.00000
7.98500	809.00000
7.99000	809.00000
7.99500	790.00000
8.00000	758.00000
8.00500	774.00000
8.01000	732.00000
8.01500	725.00000
8.02000	699.00000
8.02500	681.00000
8.03000	668.00000
8.03500	624.00000
8.04000	611.00000
8.04500	605.00000
8.05000	619.00000
8.05500	620.00000
8.06000	569.00000
8.06500	595.00000
8.07000	584.00000
8.07500	585.00000
8.08000	574.00000
8.08500	549.00000
8.09000	562.00000
8.09500	522.00000
8.10000	517.00000
8.10500	548.00000
8.11000	538.00000
8.11500	553.00000
8.12000	505.00000
8.12500	526.00000
8.13000	526.00000
8.13500	497.00000
8.14000	514.00000
8.14500	525.00000
8.15000	518.00000
8.15500	491.00000
8.16000	514.00000
8.16500	512.00000
8.17000	509.00000
8.17500	515.00000
8.18000	503.00000
8.18500	519.00000
8.19000	522.00000
8.19500	521.00000
8.20000	503.00000
8.20500	522.00000
8.21000	503.00000
8.21500	509.00000
8.22000	485.00000
8.22500	523.00000
8.23000	514.00000
8.23500	517.00000
8.24000	508.00000
8.24500	505.00000
8.25000	504.00000
8.25500	494.00000
8.26000	512.00000
8.26500	521.00000
8.27000	482.00000
8.27500	519.00000
8.28000	515.00000
8.28500	494.00000
8.29000	525.00000
8.29500	517.00000
8.30000	518.00000
8.30500	510.00000
8.31000	484.00000
8.31500	516.00000
8.32000	519.00000
8.32500	536.00000
8.33000	508.00000
8.33500	522.00000
8.34000	521.00000
8.34500	515.00000
8.35000	509.00000
8.35500	495.00000
8.36000	507.00000
8.36500	531.00000
8.37000	535.00000
8.37500	526.00000
8.38000	536.00000
8.38500	511.00000
8.39000	549.00000
8.39500	536.00000
8.40000	511.00000
8.40500	540.00000
8.41000	555.00000
8.41500	551.00000
8.42000	534.00000
8.42500	517.00000
8.43000	548.00000
8.43500	546.00000
8.44000	558.00000
8.44500	563.00000
8.45000	571.00000
8.45500	544.00000
8.46000	551.00000
8.46500	548.00000
8.47000	569.00000
8.47500	578.00000
8.48000	561.00000
8.48500	571.00000
8.49000	571.00000
8.49500	578.00000
8.50000	588.00000
8.50500	601.00000
8.51000	607.00000
8.51500	607.00000
8.52000	601.00000
8.52500	609.00000
8.53000	620.00000
8.53500	610.00000
8.54000	639.00000
8.54500	617.00000
8.55000	642.00000
8.55500	615.00000
8.56000	689.00000
8.56500	662.00000
8.57000	670.00000
8.57500	728.00000
8.58000	724.00000
8.58500	762.00000
8.59000	723.00000
8.59500	810.00000
8.60000	835.00000
8.60500	801.00000
8.61000	818.00000
8.61500	941.00000
8.62000	961.00000
8.62500	929.00000
8.63000	1064.00000
8.63500	1084.00000
8.64000	1043.00000
8.64500	1159.00000
8.65000	1194.00000
8.65500	1244.00000
8.66000	1280.00000
8.66500	1306.00000
8.67000	1346.00000
8.67500	1342.00000
8.68000	1424.00000
8.68500	1373.00000
8.69000	1395.00000
8.69500	1429.00000
8.70000	1359.00000
8.70500	1324.00000
8.71000	1363.00000
8.71500	1235.00000
8.72000	1200.00000
8.72500	1149.00000
8.73000	1100.00000
8.73500	1050.00000
8.74000	1019.00000
8.74500	956.00000
8.75000	942.00000
8.75500	892.00000
8.76000	859.00000
8.76500	832.00000
8.77000	817.00000
8.77500	810.00000
8.78000	764.00000
8.78500	761.00000
8.79000	738.00000
8.79500	710.00000
8.80000	728.00000
8.80500	703.00000
8.81000	698.00000
8.81500	674.00000
8.82000	679.00000
8.82500	683.00000
8.83000	668.00000
8.83500	644.00000
8.84000	647.00000
8.84500	616.00000
8.85000	649.00000
8.85500	626.00000
8.86000	657.00000
8.86500	635.00000
8.87000	639.00000
8.87500	633.00000
8.88000	614.00000
8.88500	630.00000
8.89000	633.00000
8.89500	641.00000
8.90000	633.00000
8.90500	625.00000
8.91000	644.00000
8.91500	636.00000
8.92000	607.00000
8.92500	655.00000
8.93000	629.00000
8.93500	635.00000
8.94000	646.00000
8.94500	663.00000
8.95000	653.00000
8.95500	680.00000
8.96000	657.00000
8.96500	651.00000
8.97000	655.00000
8.97500	657.00000
8.98000	696.00000
8.98500	677.00000
8.99000	692.00000
8.99500	671.00000
9.00000	685.00000
9.00500	675.00000
9.01000	685.00000
9.01500	677.00000
9.02000	700.00000
9.02500	710.00000
9.03000	694.00000
9.03500	740.00000
9.04000	685.00000
9.04500	685.00000
9.05000	677.00000
9.05500	683.00000
9.06000	666.00000
9.06500	664.00000
9.07000	687.00000
9.07500	645.00000
9.08000	652.00000
9.08500	642.00000
9.09000	647.00000
9.09500	613.00000
9.10000	639.00000
9.10500	641.00000
9.11000	633.00000
9.11500	626.00000
9.12000	621.00000
9.12500	621.00000
9.13000	615.00000
9.13500	606.00000
9.14000	613.00000
9.14500	622.00000
9.15000	637.00000
9.15500	613.00000
9.16000	636.00000
9.16500	621.00000
9.17000	639.00000
9.17500	632.00000
9.18000	624.00000
9.18500	610.00000
9.19000	621.00000
9.19500	614.00000
9.20000	625.00000
9.20500	609.00000
9.21000	603.00000
9.21500	606.00000
9.22000	625.00000
9.22500	638.00000
9.23000	605.00000
9.23500	619.00000
9.24000	625.00000
9.24500	616.00000
9.25000	628.00000
9.25500	621.00000
9.26000	624.00000
9.26500	593.00000
9.27000	623.00000
9.27500	620.00000
9.28000	617.00000
9.28500	622.00000
9.29000	625.00000
9.29500	622.00000
9.30000	600.00000
9.30500	617.00000
9.31000	605.00000
9.31500	592.00000
9.32000	641.00000
9.32500	624.00000
9.33000	624.00000
9.33500	611.00000
9.34000	627.00000
9.34500	625.00000
9.35000	617.00000
9.35500	632.00000
9.36000	617.00000
9.36500	622.00000
9.37000	621.00000
9.37500	630.00000
9.38000	620.00000
9.38500	632.00000
9.39000	647.00000
9.39500	603.00000
9.40000	633.00000
9.40500	637.00000
9.41000	617.00000
9.41500	616.00000
9.42000	623.00000
9.42500	619.00000
9.43000	633.00000
9.43500	631.00000
9.44000	629.00000
9.44500	617.00000
9.45000	628.00000
9.45500	638.00000
9.46000	644.00000
9.46500	607.00000
9.47000	646.00000
9.47500	644.00000
9.48000	662.00000
9.48500	634.00000
9.49000	622.00000
9.49500	647.00000
9.50000	643.00000
9.50500	643.00000
9.51000	642.00000
9.51500	632.00000
9.52000	636.00000
9.52500	634.00000
9.53000	648.00000
9.53500	651.00000
9.54000	648.00000
9.54500	658.00000
9.55000	656.00000
9.55500	640.00000
9.56000	649.00000
9.56500	664.00000
9.57000	663.00000
9.57500	662.00000
9.58000	629.00000
9.58500	636.00000
9.59000	672.00000
9.59500	670.00000
9.60000	692.00000
9.60500	683.00000
9.61000	682.00000
9.61500	680.00000
9.62000	693.00000
9.62500	687.00000
9.63000	712.00000
9.63500	727.00000
9.64000	682.00000
9.64500	719.00000
9.65000	730.00000
9.65500	726.00000
9.66000	727.00000
9.66500	755.00000
9.67000	742.00000
9.67500	791.00000
9.68000	763.00000
9.68500	780.00000
9.69000	791.00000
9.69500	810.00000
9.70000	811.00000
9.70500	795.00000
9.71000	810.00000
9.71500	862.00000
9.72000	816.00000
9.72500	837.00000
9.73000	813.00000
9.73500	811.00000
9.74000	789.00000
9.74500	772.00000
9.75000	782.00000
9.75500	780.00000
9.76000	750.00000
9.76500	753.00000
9.77000	776.00000
9.77500	727.00000
9.78000	739.00000
9.78500	724.00000
9.79000	732.00000
9.79500	710.00000
9.80000	716.00000
9.80500	710.00000
9.81000	710.00000
9.81500	716.00000
9.82000	719.00000
9.82500	726.00000
9.83000	726.00000
9.83500	714.00000
9.84000	740.00000
9.84500	745.00000
9.85000	743.00000
9.85500	765.00000
9.86000	772.00000
9.86500	799.00000
9.87000	831.00000
9.87500	845.00000
9.88000	879.00000
9.88500	908.00000
9.89000	939.00000
9.89500	966.00000
9.90000	1063.00000
9.90500	1040.00000
9.91000	1103.00000
9.91500	1148.00000
9.92000	1185.00000
9.92500	1246.00000
9.93000	1220.00000
9.93500	1157.00000
9.94000	1121.00000
9.94500	1043.00000
9.95000	978.00000
9.95500	960.00000
9.96000	916.00000
9.96500	840.00000
9.97000	815.00000
9.97500	798.00000
9.98000	778.00000
9.98500	763.00000
9.99000	758.00000
9.99500	783.00000
10.00000	745.00000
10.00500	743.00000
10.01000	742.00000
10.01500	755.00000
10.02000	750.00000
10.02500	754.00000
10.03000	772.00000
10.03500	799.00000
10.04000	756.00000
10.04500	776.00000
10.05000	769.00000
10.05500	783.00000
10.06000	761.00000
10.06500	768.00000
10.07000	772.00000
10.07500	767.00000
10.08000	785.00000
10.08500	792.00000
10.09000	731.00000
10.09500	711.00000
10.10000	753.00000
10.10500	715.00000
10.11000	746.00000
10.11500	735.00000
10.12000	724.00000
10.12500	727.00000
10.13000	710.00000
10.13500	715.00000
10.14000	675.00000
10.14500	696.00000
10.15000	682.00000
10.15500	694.00000
10.16000	694.00000
10.16500	708.00000
10.17000	679.00000
10.17500	682.00000
10.18000	699.00000
10.18500	666.00000
10.19000	690.00000
10.19500	720.00000
10.20000	685.00000
10.20500	715.00000
10.21000	701.00000
10.21500	716.00000
10.22000	714.00000
10.22500	705.00000
10.23000	725.00000
10.23500	701.00000
10.24000	744.00000
10.24500	737.00000
10.25000	745.00000
10.25500	707.00000
10.26000	747.00000
10.26500	777.00000
10.27000	765.00000
10.27500	778.00000
10.28000	778.00000
10.28500	785.00000
10.29000	760.00000
10.29500	813.00000
10.30000	802.00000
10.30500	765.00000
10.31000	778.00000
10.31500	841.00000
10.32000	835.00000
10.32500	837.00000
10.33000	825.00000
10.33500	834.00000
10.34000	794.00000
10.34500	804.00000
10.35000	815.00000
10.35500	787.00000
10.36000	807.00000
10.36500	782.00000
10.37000	766.00000
10.37500	771.00000
10.38000	748.00000
10.38500	740.00000
10.39000	729.00000
10.39500	706.00000
10.40000	726.00000
10.40500	703.00000
10.41000	679.00000
10.41500	718.00000
10.42000	691.00000
10.42500	702.00000
10.43000	704.00000
10.43500	662.00000
10.44000	662.00000
10.44500	652.00000
10.45000	662.00000
10.45500	642.00000
10.46000	635.00000
10.46500	646.00000
10.47000	638.00000
10.47500	656.00000
10.48000	647.00000
10.48500	653.00000
10.49000	628.00000
10.49500	636.00000
10.50000	637.00000
10.50500	636.00000
10.51000	635.00000
10.51500	647.00000
10.52000	651.00000
10.52500	631.00000
10.53000	633.00000
10.53500	652.00000
10.54000	680.00000
10.54500	666.00000
10.55000	671.00000
10.55500	693.00000
10.56000	693.00000
10.56500	681.00000
10.57000	653.00000
10.57500	686.00000
10.58000	689.00000
10.58500	717.00000
10.59000	698.00000
10.59500	712.00000
10.60000	686.00000
10.60500	690.00000
10.61000	713.00000
10.61500	680.00000
10.62000	685.00000
10.62500	677.00000
10.63000	683.00000
10.63500	676.00000
10.64000	658.00000
10.64500	642.00000
10.65000	653.00000
10.65500	638.00000
10.66000	607.00000
10.66500	646.00000
10.67000	638.00000
10.67500	633.00000
10.68000	629.00000
10.68500	590.00000
10.69000	601.00000
10.69500	607.00000
10.70000	601.00000
10.70500	596.00000
10.71000	584.00000
10.71500	610.00000
10.72000	576.00000
10.72500	593.00000
10.73000	583.00000
10.73500	588.00000
10.74000	588.00000
10.74500	624.00000
10.75000	620.00000
10.75500	602.00000
10.76000	599.00000
10.76500	595.00000
10.77000	593.00000
10.77500	593.00000
10.78000	613.00000
10.78500	621.00000
10.79000	616.00000
10.79500	610.00000
10.80000	614.00000
10.80500	604.00000
10.81000	614.00000
10.81500	633.00000
10.82000	619.00000
10.82500	620.00000
10.83000	634.00000
10.83500	625.00000
10.84000	637.00000
10.84500	667.00000
10.85000	676.00000
10.85500	664.00000
10.86000	691.00000
10.86500	672.00000
10.87000	704.00000
10.87500	690.00000
10.88000	699.00000
10.88500	683.00000
10.89000	706.00000
10.89500	704.00000
10.90000	690.00000
10.90500	714.00000
10.91000	704.00000
10.91500	690.00000
10.92000	684.00000
10.92500	694.00000
10.93000	687.00000
10.93500	686.00000
10.94000	678.00000
10.94500	678.00000
10.95000	633.00000
10.95500	666.00000
10.96000	661.00000
10.96500	640.00000
10.97000	623.00000
10.97500	621.00000
10.98000	624.00000
10.98500	608.00000
10.99000	627.00000
10.99500	621.00000
11.00000	626.00000
11.00500	589.00000
11.01000	620.00000
11.01500	617.00000
11.02000	608.00000
11.02500	585.00000
11.03000	616.00000
11.03500	627.00000
11.04000	602.00000
11.04500	608.00000
11.05000	600.00000
11.05500	624.00000
11.06000	625.00000
11.06500	651.00000
11.07000	671.00000
11.07500	654.00000
11.08000	662.00000
11.08500	652.00000
11.09000	708.00000
11.09500	707.00000
11.10000	711.00000
11.10500	740.00000
11.11000	758.00000
11.11500	732.00000
11.12000	735.00000
11.12500	745.00000
11.13000	744.00000
11.13500	763.00000
11.14000	742.00000
11.14500	737.00000
11.15000	701.00000
11.15500	663.00000
11.16000	662.00000
11.16500	648.00000
11.17000	623.00000
11.17500	624.00000
11.18000	600.00000
11.18500	556.00000
11.19000	563.00000
11.19500	570.00000
11.20000	568.00000
11.20500	553.00000
11.21000	568.00000
11.21500	561.00000
11.22000	554.00000
11.22500	539.00000
11.23000	547.00000
11.23500	541.00000
11.24000	546.00000
11.24500	517.00000
11.25000	545.00000
11.25500	532.00000
11.26000	540.00000
11.26500	554.00000
11.27000	537.00000
11.27500	545.00000
11.28000	551.00000
11.28500	557.00000
11.29000	541.00000
11.29500	548.00000
11.30000	553.00000
11.30500	570.00000
11.31000	586.00000
11.31500	571.00000
11.32000	550.00000
11.32500	588.00000
11.33000	567.00000
11.33500	580.00000
11.34000	597.00000
11.34500	609.00000
11.35000	634.00000
11.35500	618.00000
11.36000	627.00000
11.36500	630.00000
11.37000	652.00000
11.37500	659.00000
11.38000	681.00000
11.38500	704.00000
11.39000	697.00000
11.39500	731.00000
11.40000	745.00000
11.40500	735.00000
11.41000	792.00000
11.41500	788.00000
11.42000	798.00000
11.42500	817.00000
11.43000	817.00000
11.43500	816.00000
11.44000	850.00000
11.44500	820.00000
11.45000	844.00000
11.45500	852.00000
11.46000	840.00000
11.46500	855.00000
11.47000	863.00000
11.47500	806.00000
11.48000	832.00000
11.48500	812.00000
11.49000	762.00000
11.49500	742.00000
11.50000	748.00000
11.50500	713.00000
11.51000	692.00000
11.51500	712.00000
11.52000	674.00000
11.52500	660.00000
11.53000	640.00000
11.53500	656.00000
11.54000	621.00000
11.54500	580.00000
11.55000	620.00000
11.55500	607.00000
11.56000	590.00000
11.56500	582.00000
11.57000	572.00000
11.57500	564.00000
11.58000	564.00000
11.58500	569.00000
11.59000	567.00000
11.59500	536.00000
11.60000	548.00000
11.60500	553.00000
11.61000	534.00000
11.61500	563.00000
11.62000	566.00000
11.62500	561.00000
11.63000	573.00000
11.63500	532.00000
11.64000	534.00000
11.64500	560.00000
11.65000	574.00000
11.65500	575.00000
11.66000	560.00000
11.66500	582.00000
11.67000	571.00000
11.67500	575.00000
11.68000	572.00000
11.68500	594.00000
11.69000	593.00000
11.69500	598.00000
11.70000	583.00000
11.70500	633.00000
11.71000	616.00000
11.71500	636.00000
11.72000	632.00000
11.72500	635.00000
11.73000	649.00000
11.73500	647.00000
11.74000	674.00000
11.74500	723.00000
11.75000	655.00000
11.75500	660.00000
11.76000	678.00000
11.76500	716.00000
11.77000	671.00000
11.77500	708.00000
11.78000	685.00000
11.78500	665.00000
11.79000	665.00000
11.79500	649.00000
11.80000	641.00000
11.80500	664.00000
11.81000	649.00000
11.81500	645.00000
11.82000	636.00000
11.82500	644.00000
11.83000	656.00000
11.83500	653.00000
11.84000	649.00000
11.84500	674.00000
11.85000	657.00000
11.85500	678.00000
11.86000	673.00000
11.86500	699.00000
11.87000	723.00000
11.87500	719.00000
11.88000	732.00000
11.88500	759.00000
11.89000	781.00000
11.89500	811.00000
11.90000	845.00000
11.90500	845.00000
11.91000	910.00000
11.91500	951.00000
11.92000	942.00000
11.92500	994.00000
11.93000	1065.00000
11.93500	1084.00000
11.94000	1136.00000
11.94500	1169.00000
11.95000	1200.00000
11.95500	1179.00000
11.96000	1273.00000
11.96500	1262.00000
11.97000	1245.00000
11.97500	1268.00000
11.98000	1285.00000
11.98500	1267.00000
11.99000	1269.00000
11.99500	1250.00000
12.00000	1246.00000
12.00500	1226.00000
12.01000	1215.00000
12.01500	1220.00000
12.02000	1139.00000
12.02500	1098.00000
12.03000	1127.00000
12.03500	1028.00000
12.04000	1092.00000
12.04500	997.00000
12.05000	1008.00000
12.05500	921.00000
12.06000	957.00000
12.06500	948.00000
12.07000	896.00000
12.07500	854.00000
12.08000	825.00000
12.08500	803.00000
12.09000	774.00000
12.09500	722.00000
12.10000	717.00000
12.10500	690.00000
12.11000	721.00000
12.11500	648.00000
12.12000	654.00000
12.12500	636.00000
12.13000	624.00000
12.13500	599.00000
12.14000	579.00000
12.14500	617.00000
12.15000	577.00000
12.15500	540.00000
12.16000	574.00000
12.16500	520.00000
12.17000	512.00000
12.17500	567.00000
12.18000	537.00000
12.18500	513.00000
12.19000	503.00000
12.19500	495.00000
12.20000	488.00000
12.20500	518.00000
12.21000	537.00000
12.21500	487.00000
12.22000	486.00000
12.22500	488.00000
12.23000	478.00000
12.23500	515.00000
12.24000	526.00000
12.24500	473.00000
12.25000	485.00000
12.25500	479.00000
12.26000	483.00000
12.26500	489.00000
12.27000	479.00000
12.27500	489.00000
12.28000	490.00000
12.28500	523.00000
12.29000	497.00000
12.29500	496.00000
12.30000	497.00000
12.30500	493.00000
12.31000	523.00000
12.31500	513.00000
12.32000	523.00000
12.32500	544.00000
12.33000	548.00000
12.33500	551.00000
12.34000	543.00000
12.34500	567.00000
12.35000	585.00000
12.35500	575.00000
12.36000	606.00000
12.36500	612.00000
12.37000	615.00000
12.37500	651.00000
12.38000	630.00000
12.38500	682.00000
12.39000	685.00000
12.39500	661.00000
12.40000	727.00000
12.40500	708.00000
12.41000	763.00000
12.41500	788.00000
12.42000	795.00000
12.42500	833.00000
12.43000	861.00000
12.43500	871.00000
12.44000	897.00000
12.44500	884.00000
12.45000	902.00000
12.45500	917.00000
12.46000	922.00000
12.46500	956.00000
12.47000	943.00000
12.47500	900.00000
12.48000	920.00000
12.48500	934.00000
12.49000	918.00000
12.49500	929.00000
12.50000	893.00000
12.50500	880.00000
12.51000	877.00000
12.51500	836.00000
12.52000	830.00000
12.52500	810.00000
12.53000	778.00000
12.53500	784.00000
12.54000	743.00000
12.54500	734.00000
12.55000	735.00000
12.55500	715.00000
12.56000	708.00000
12.56500	697.00000
12.57000	742.00000
12.57500	750.00000
12.58000	720.00000
12.58500	747.00000
12.59000	762.00000
12.59500	774.00000
12.60000	807.00000
12.60500	840.00000
12.61000	864.00000
12.61500	949.00000
12.62000	985.00000
12.62500	1067.00000
12.63000	1071.00000
12.63500	1162.00000
12.64000	1193.00000
12.64500	1261.00000
12.65000	1302.00000
12.65500	1331.00000
12.66000	1305.00000
12.66500	1287.00000
12.67000	1245.00000
12.67500	1130.00000
12.68000	1070.00000
12.68500	1006.00000
12.69000	912.00000
12.69500	821.00000
12.70000	786.00000
12.70500	707.00000
12.71000	651.00000
12.71500	683.00000
12.72000	587.00000
12.72500	565.00000
12.73000	540.00000
12.73500	514.00000
12.74000	541.00000
12.74500	510.00000
12.75000	468.00000
12.75500	504.00000
12.76000	466.00000
12.76500	443.00000
12.77000	470.00000
12.77500	433.00000
12.78000	416.00000
12.78500	411.00000
12.79000	434.00000
12.79500	403.00000
12.80000	397.00000
12.80500	433.00000
12.81000	395.00000
12.81500	400.00000
12.82000	426.00000
12.82500	411.00000
12.83000	381.00000
12.83500	391.00000
12.84000	404.00000
12.84500	384.00000
12.85000	388.00000
12.85500	382.00000
12.86000	405.00000
12.86500	391.00000
12.87000	420.00000
12.87500	400.00000
12.88000	395.00000
12.88500	390.00000
12.89000	410.00000
12.89500	432.00000
12.90000	401.00000
12.90500	423.00000
12.91000	429.00000
12.91500	438.00000
12.92000	449.00000
12.92500	434.00000
12.93000	457.00000
12.93500	487.00000
12.94000	488.00000
12.94500	477.00000
12.95000	481.00000
12.95500	505.00000
12.96000	477.00000
12.96500	510.00000
12.97000	504.00000
12.97500	503.00000
12.98000	502.00000
12.98500	504.00000
12.99000	487.00000
12.99500	475.00000
13.00000	465.00000
13.00500	469.00000
13.01000	443.00000
13.01500	446.00000
13.02000	440.00000
13.02500	440.00000
13.03000	417.00000
13.03500	409.00000
13.04000	397.00000
13.04500	397.00000
13.05000	396.00000
13.05500	383.00000
13.06000	394.00000
13.06500	382.00000
13.07000	368.00000
13.07500	363.00000
13.08000	365.00000
13.08500	365.00000
13.09000	363.00000
13.09500	352.00000
13.10000	354.00000
13.10500	363.00000
13.11000	353.00000
13.11500	362.00000
13.12000	360.00000
13.12500	348.00000
13.13000	343.00000
13.13500	358.00000
13.14000	358.00000
13.14500	353.00000
13.15000	346.00000
13.15500	343.00000
13.16000	350.00000
13.16500	345.00000
13.17000	341.00000
13.17500	340.00000
13.18000	346.00000
13.18500	325.00000
13.19000	344.00000
13.19500	356.00000
13.20000	342.00000
13.20500	336.00000
13.21000	332.00000
13.21500	345.00000
13.22000	308.00000
13.22500	344.00000
13.23000	334.00000
13.23500	334.00000
13.24000	336.00000
13.24500	335.00000
13.25000	348.00000
13.25500	334.00000
13.26000	344.00000
13.26500	344.00000
13.27000	331.00000
13.27500	342.00000
13.28000	313.00000
13.28500	312.00000
13.29000	322.00000
13.29500	343.00000
13.30000	337.00000
13.30500	341.00000
13.31000	318.00000
13.31500	345.00000
13.32000	342.00000
13.32500	331.00000
13.33000	335.00000
13.33500	349.00000
13.34000	347.00000
13.34500	322.00000
13.35000	355.00000
13.35500	349.00000
13.36000	348.00000
13.36500	358.00000
13.37000	367.00000
13.37500	361.00000
13.38000	362.00000
13.38500	335.00000
13.39000	368.00000
13.39500	364.00000
13.40000	355.00000
13.40500	370.00000
13.41000	352.00000
13.41500	377.00000
13.42000	367.00000
13.42500	375.00000
13.43000	377.00000
13.43500	371.00000
13.44000	380.00000
13.44500	364.00000
13.45000	365.00000
13.45500	368.00000
13.46000	374.00000
13.46500	364.00000
13.47000	371.00000
13.47500	393.00000
13.48000	371.00000
13.48500	369.00000
13.49000	385.00000
13.49500	366.00000
13.50000	367.00000
13.50500	370.00000
13.51000	359.00000
13.51500	365.00000
13.52000	365.00000
13.52500	350.00000
13.53000	357.00000
13.53500	355.00000
13.54000	360.00000
13.54500	350.00000
13.55000	342.00000
13.55500	362.00000
13.56000	331.00000
13.56500	325.00000
13.57000	333.00000
13.57500	338.00000
13.58000	341.00000
13.58500	333.00000
13.59000	326.00000
13.59500	332.00000
13.60000	325.00000
13.60500	310.00000
13.61000	334.00000
13.61500	322.00000
13.62000	332.00000
13.62500	327.00000
13.63000	334.00000
13.63500	330.00000
13.64000	320.00000
13.64500	329.00000
13.65000	322.00000
13.65500	323.00000
13.66000	325.00000
13.66500	323.00000
13.67000	312.00000
13.67500	316.00000
13.68000	300.00000
13.68500	311.00000
13.69000	321.00000
13.69500	317.00000
13.70000	305.00000
13.70500	323.00000
13.71000	322.00000
13.71500	311.00000
13.72000	324.00000
13.72500	325.00000
13.73000	329.00000
13.73500	317.00000
13.74000	325.00000
13.74500	320.00000
13.75000	324.00000
13.75500	328.00000
13.76000	319.00000
13.76500	344.00000
13.77000	323.00000
13.77500	319.00000
13.78000	329.00000
13.78500	329.00000
13.79000	332.00000
13.79500	330.00000
13.80000	334.00000
13.80500	320.00000
13.81000	342.00000
13.81500	350.00000
13.82000	332.00000
13.82500	342.00000
13.83000	341.00000
13.83500	342.00000
13.84000	345.00000
13.84500	351.00000
13.85000	373.00000
13.85500	358.00000
13.86000	350.00000
13.86500	380.00000
13.87000	353.00000
13.87500	370.00000
13.88000	403.00000
13.88500	385.00000
13.89000	379.00000
13.89500	401.00000
13.90000	385.00000
13.90500	414.00000
13.91000	407.00000
13.91500	391.00000
13.92000	404.00000
13.92500	412.00000
13.93000	411.00000
13.93500	425.00000
13.94000	401.00000
13.94500	416.00000
13.95000	421.00000
13.95500	420.00000
13.96000	418.00000
13.96500	421.00000
13.97000	411.00000
13.97500	425.00000
13.98000	428.00000
13.98500	395.00000
13.99000	414.00000
13.99500	425.00000
14.00000	421.00000
14.00500	383.00000
14.01000	374.00000
14.01500	392.00000
14.02000	380.00000
14.02500	384.00000
14.03000	379.00000
14.03500	372.00000
14.04000	370.00000
14.04500	360.00000
14.05000	359.00000
14.05500	339.00000
14.06000	358.00000
14.06500	332.00000
14.07000	341.00000
14.07500	349.00000
14.08000	330.00000
14.08500	335.00000
14.09000	330.00000
14.09500	335.00000
14.10000	342.00000
14.10500	328.00000
14.11000	334.00000
14.11500	323.00000
14.12000	325.00000
14.12500	325.00000
14.13000	326.00000
14.13500	334.00000
14.14000	331.00000
14.14500	315.00000
14.15000	323.00000
14.15500	324.00000
14.16000	321.00000
14.16500	323.00000
14.17000	308.00000
14.17500	312.00000
14.18000	315.00000
14.18500	302.00000
14.19000	306.00000
14.19500	316.00000
14.20000	312.00000
14.20500	304.00000
14.21000	301.00000
14.21500	288.00000
14.22000	293.00000
14.22500	310.00000
14.23000	291.00000
14.23500	298.00000
14.24000	285.00000
14.24500	291.00000
14.25000	281.00000
14.25500	290.00000
14.26000	305.00000
14.26500	292.00000
14.27000	294.00000
14.27500	298.00000
14.28000	315.00000
14.28500	311.00000
14.29000	315.00000
14.29500	293.00000
14.30000	291.00000
14.30500	295.00000
14.31000	311.00000
14.31500	297.00000
14.32000	288.00000
14.32500	292.00000
14.33000	292.00000
14.33500	291.00000
14.34000	289.00000
14.34500	301.00000
14.35000	300.00000
14.35500	313.00000
14.36000	305.00000
14.36500	316.00000
14.37000	323.00000
14.37500	321.00000
14.38000	317.00000
14.38500	343.00000
14.39000	315.00000
14.39500	340.00000
14.40000	336.00000
14.40500	361.00000
14.41000	382.00000
14.41500	383.00000
14.42000	387.00000
14.42500	408.00000
14.43000	409.00000
14.43500	447.00000
14.44000	456.00000
14.44500	483.00000
14.45000	503.00000
14.45500	510.00000
14.46000	537.00000
14.46500	542.00000
14.47000	519.00000
14.47500	515.00000
14.48000	467.00000
14.48500	460.00000
14.49000	440.00000
14.49500	446.00000
14.50000	436.00000
14.50500	449.00000
14.51000	416.00000
14.51500	419.00000
14.52000	404.00000
14.52500	410.00000
14.53000	429.00000
14.53500	395.00000
14.54000	416.00000
14.54500	384.00000
14.55000	393.00000
14.55500	377.00000
14.56000	392.00000
14.56500	373.00000
14.57000	377.00000
14.57500	334.00000
14.58000	316.00000
14.58500	361.00000
14.59000	321.00000
14.59500	349.00000
14.60000	306.00000
14.60500	329.00000
14.61000	321.00000
14.61500	309.00000
14.62000	320.00000
14.62500	308.00000
14.63000	305.00000
14.63500	285.00000
14.64000	306.00000
14.64500	306.00000
14.65000	296.00000
14.65500	298.00000
14.66000	302.00000
14.66500	288.00000
14.67000	293.00000
14.67500	292.00000
14.68000	302.00000
14.68500	302.00000
14.69000	295.00000
14.69500	295.00000
14.70000	276.00000
14.70500	291.00000
14.71000	297.00000
14.71500	271.00000
14.72000	298.00000
14.72500	289.00000
14.73000	289.00000
14.73500	294.00000
14.74000	277.00000
14.74500	267.00000
14.75000	292.00000
14.75500	262.00000
14.76000	290.00000
14.76500	282.00000
14.77000	289.00000
14.77500	280.00000
14.78000	297.00000
14.78500	275.00000
14.79000	283.00000
14.79500	289.00000
14.80000	280.00000
14.80500	281.00000
14.81000	280.00000
14.81500	295.00000
14.82000	297.00000
14.82500	293.00000
14.83000	295.00000
14.83500	298.00000
14.84000	284.00000
14.84500	292.00000
14.85000	297.00000
14.85500	300.00000
14.86000	302.00000
14.86500	317.00000
14.87000	294.00000
14.87500	324.00000
14.88000	315.00000
14.88500	328.00000
14.89000	343.00000
14.89500	336.00000
14.90000	368.00000
14.90500	370.00000
14.91000	391.00000
14.91500	399.00000
14.92000	394.00000
14.92500	398.00000
14.93000	420.00000
14.93500	432.00000
14.94000	405.00000
14.94500	401.00000
14.95000	412.00000
14.95500	406.00000
14.96000	420.00000
14.96500	412.00000
14.97000	424.00000
14.97500	379.00000
14.98000	374.00000
14.98500	360.00000
14.99000	349.00000
14.99500	331.00000
15.00000	327.00000
15.00500	330.00000
15.01000	323.00000
15.01500	304.00000
15.02000	310.00000
15.02500	311.00000
15.03000	299.00000
15.03500	296.00000
15.04000	294.00000
15.04500	289.00000
15.05000	284.00000
15.05500	281.00000
15.06000	285.00000
15.06500	291.00000
15.07000	279.00000
15.07500	276.00000
15.08000	285.00000
15.08500	288.00000
15.09000	286.00000
15.09500	300.00000
15.10000	300.00000
15.10500	290.00000
15.11000	292.00000
15.11500	287.00000
15.12000	292.00000
15.12500	304.00000
15.13000	297.00000
15.13500	303.00000
15.14000	300.00000
15.14500	292.00000
15.15000	309.00000
15.15500	301.00000
15.16000	319.00000
15.16500	291.00000
15.17000	301.00000
15.17500	305.00000
15.18000	296.00000
15.18500	288.00000
15.19000	302.00000
15.19500	283.00000
15.20000	286.00000
15.20500	290.00000
15.21000	287.00000
15.21500	291.00000
15.22000	289.00000
15.22500	281.00000
15.23000	265.00000
15.23500	286.00000
15.24000	288.00000
15.24500	280.00000
15.25000	279.00000
15.25500	283.00000
15.26000	278.00000
15.26500	279.00000
15.27000	259.00000
15.27500	289.00000
15.28000	275.00000
15.28500	272.00000
15.29000	279.00000
15.29500	276.00000
15.30000	276.00000
15.30500	262.00000
15.31000	255.00000
15.31500	278.00000
15.32000	272.00000
15.32500	277.00000
15.33000	275.00000
15.33500	294.00000
15.34000	277.00000
15.34500	281.00000
15.35000	280.00000
15.35500	280.00000
15.36000	297.00000
15.36500	283.00000
15.37000	285.00000
15.37500	292.00000
15.38000	286.00000
15.38500	294.00000
15.39000	295.00000
15.39500	297.00000
15.40000	302.00000
15.40500	297.00000
15.41000	301.00000
15.41500	285.00000
15.42000	309.00000
15.42500	290.00000
15.43000	309.00000
15.43500	309.00000
15.44000	316.00000
15.44500	325.00000
15.45000	323.00000
15.45500	324.00000
15.46000	321.00000
15.46500	345.00000
15.47000	314.00000
15.47500	357.00000
15.48000	367.00000
15.48500	362.00000
15.49000	383.00000
15.49500	379.00000
15.50000	374.00000
15.50500	419.00000
15.51000	423.00000
15.51500	439.00000
15.52000	400.00000
15.52500	460.00000
15.53000	475.00000
15.53500	487.00000
15.54000	450.00000
15.54500	492.00000
15.55000	529.00000
15.55500	489.00000
15.56000	522.00000
15.56500	534.00000
15.57000	538.00000
15.57500	537.00000
15.58000	542.00000
15.58500	560.00000
15.59000	542.00000
15.59500	515.00000
15.60000	509.00000
15.60500	519.00000
15.61000	496.00000
15.61500	478.00000
15.62000	460.00000
15.62500	464.00000
15.63000	483.00000
15.63500	450.00000
15.64000	493.00000
15.64500	501.00000
15.65000	503.00000
15.65500	498.00000
15.66000	501.00000
15.66500	533.00000
15.67000	542.00000
15.67500	542.00000
15.68000	579.00000
15.68500	616.00000
15.69000	651.00000
15.69500	665.00000
15.70000	697.00000
15.70500	687.00000
15.71000	714.00000
15.71500	719.00000
15.72000	701.00000
15.72500	717.00000
15.73000	731.00000
15.73500	725.00000
15.74000	704.00000
15.74500	702.00000
15.75000	716.00000
15.75500	693.00000
15.76000	719.00000
15.76500	698.00000
15.77000	694.00000
15.77500	710.00000
15.78000	704.00000
15.78500	701.00000
15.79000	652.00000
15.79500	675.00000
15.80000	662.00000
15.80500	638.00000
15.81000	616.00000
15.81500	601.00000
15.82000	585.00000
15.82500	578.00000
15.83000	554.00000
15.83500	492.00000
15.84000	517.00000
15.84500	508.00000
15.85000	489.00000
15.85500	454.00000
15.86000	454.00000
15.86500	463.00000
15.87000	429.00000
15.87500	422.00000
15.88000	398.00000
15.88500	447.00000
15.89000	440.00000
15.89500	432.00000
15.90000	424.00000
15.90500	392.00000
15.91000	428.00000
15.91500	374.00000
15.92000	382.00000
15.92500	413.00000
15.93000	400.00000
15.93500	402.00000
15.94000	364.00000
15.94500	407.00000
15.95000	398.00000
15.95500	400.00000
15.96000	392.00000
15.96500	393.00000
15.97000	381.00000
15.97500	358.00000
15.98000	390.00000
15.98500	355.00000
15.99000	369.00000
15.99500	344.00000
16.00000	333.00000
16.00500	369.00000
16.01000	357.00000
16.01500	356.00000
16.02000	348.00000
16.02500	340.00000
16.03000	341.00000
16.03500	359.00000
16.04000	343.00000
16.04500	347.00000
16.05000	310.00000
16.05500	341.00000
16.06000	341.00000
16.06500	329.00000
16.07000	349.00000
16.07500	343.00000
16.08000	326.00000
16.08500	339.00000
16.09000	351.00000
16.09500	355.00000
16.10000	354.00000
16.10500	361.00000
16.11000	357.00000
16.11500	374.00000
16.12000	385.00000
16.12500	372.00000
16.13000	373.00000
16.13500	376.00000
16.14000	377.00000
16.14500	378.00000
16.15000	382.00000
16.15500	368.00000
16.16000	372.00000
16.16500	359.00000
16.17000	351.00000
16.17500	345.00000
16.18000	343.00000
16.18500	328.00000
16.19000	330.00000
16.19500	344.00000
16.20000	322.00000
16.20500	314.00000
16.21000	318.00000
16.21500	308.00000
16.22000	326.00000
16.22500	313.00000
16.23000	302.00000
16.23500	296.00000
16.24000	284.00000
16.24500	293.00000
16.25000	285.00000
16.25500	296.00000
16.26000	288.00000
16.26500	293.00000
16.27000	286.00000
16.27500	294.00000
16.28000	295.00000
16.28500	293.00000
16.29000	290.00000
16.29500	288.00000
16.30000	293.00000
16.30500	290.00000
16.31000	298.00000
16.31500	275.00000
16.32000	294.00000
16.32500	281.00000
16.33000	293.00000
16.33500	271.00000
16.34000	288.00000
16.34500	290.00000
16.35000	286.00000
16.35500	288.00000
16.36000	284.00000
16.36500	283.00000
16.37000	269.00000
16.37500	284.00000
16.38000	269.00000
16.38500	270.00000
16.39000	268.00000
16.39500	269.00000
16.40000	281.00000
16.40500	293.00000
16.41000	268.00000
16.41500	280.00000
16.42000	275.00000
16.42500	299.00000
16.43000	272.00000
16.43500	274.00000
16.44000	269.00000
16.44500	273.00000
16.45000	272.00000
16.45500	269.00000
16.46000	283.00000
16.46500	267.00000
16.47000	266.00000
16.47500	258.00000
16.48000	283.00000
16.48500	268.00000
16.49000	278.00000
16.49500	264.00000
16.50000	253.00000
16.50500	259.00000
16.51000	266.00000
16.51500	267.00000
16.52000	254.00000
16.52500	250.00000
16.53000	258.00000
16.53500	247.00000
16.54000	280.00000
16.54500	264.00000
16.55000	257.00000
16.55500	246.00000
16.56000	265.00000
16.56500	248.00000
16.57000	245.00000
16.57500	263.00000
16.58000	263.00000
16.58500	245.00000
16.59000	256.00000
16.59500	253.00000
16.60000	258.00000
16.60500	255.00000
16.61000	254.00000
16.61500	257.00000
16.62000	262.00000
16.62500	247.00000
16.63000	249.00000
16.63500	249.00000
16.64000	258.00000
16.64500	276.00000
16.65000	272.00000
16.65500	265.00000
16.66000	270.00000
16.66500	266.00000
16.67000	250.00000
16.67500	262.00000
16.68000	266.00000
16.68500	255.00000
16.69000	261.00000
16.69500	261.00000
16.70000	262.00000
16.70500	265.00000
16.71000	290.00000
16.71500	260.00000
16.72000	265.00000
16.72500	267.00000
16.73000	275.00000
16.73500	276.00000
16.74000	297.00000
16.74500	288.00000
16.75000	293.00000
16.75500	283.00000
16.76000	317.00000
16.76500	298.00000
16.77000	320.00000
16.77500	302.00000
16.78000	319.00000
16.78500	307.00000
16.79000	312.00000
16.79500	324.00000
16.80000	355.00000
16.80500	334.00000
16.81000	332.00000
16.81500	342.00000
16.82000	343.00000
16.82500	360.00000
16.83000	347.00000
16.83500	379.00000
16.84000	385.00000
16.84500	389.00000
16.85000	384.00000
16.85500	404.00000
16.86000	421.00000
16.86500	425.00000
16.87000	438.00000
16.87500	454.00000
16.88000	466.00000
16.88500	423.00000
16.89000	474.00000
16.89500	444.00000
16.90000	495.00000
16.90500	501.00000
16.91000	489.00000
16.91500	518.00000
16.92000	509.00000
16.92500	508.00000
16.93000	516.00000
16.93500	505.00000
16.94000	493.00000
16.94500	459.00000
16.95000	485.00000
16.95500	487.00000
16.96000	464.00000
16.96500	465.00000
16.97000	443.00000
16.97500	426.00000
16.98000	425.00000
16.98500	408.00000
16.99000	408.00000
16.99500	405.00000
17.00000	392.00000
17.00500	402.00000
17.01000	374.00000
17.01500	362.00000
17.02000	358.00000
17.02500	362.00000
17.03000	349.00000
17.03500	357.00000
17.04000	348.00000
17.04500	347.00000
17.05000	343.00000
17.05500	358.00000
17.06000	329.00000
17.06500	326.00000
17.07000	317.00000
17.07500	326.00000
17.08000	308.00000
17.08500	320.00000
17.09000	315.00000
17.09500	319.00000
17.10000	295.00000
17.10500	297.00000
17.11000	283.00000
17.11500	282.00000
17.12000	281.00000
17.12500	285.00000
17.13000	279.00000
17.13500	280.00000
17.14000	281.00000
17.14500	278.00000
17.15000	265.00000
17.15500	272.00000
17.16000	263.00000
17.16500	264.00000
17.17000	279.00000
17.17500	256.00000
17.18000	271.00000
17.18500	268.00000
17.19000	260.00000
17.19500	266.00000
17.20000	261.00000
17.20500	275.00000
17.21000	266.00000
17.21500	245.00000
17.22000	258.00000
17.22500	259.00000
17.23000	257.00000
17.23500	260.00000
17.24000	280.00000
17.24500	277.00000
17.25000	263.00000
17.25500	256.00000
17.26000	253.00000
17.26500	283.00000
17.27000	287.00000
17.27500	244.00000
17.28000	267.00000
17.28500	258.00000
17.29000	287.00000
17.29500	266.00000
17.30000	273.00000
17.30500	270.00000
17.31000	275.00000
17.31500	272.00000
17.32000	297.00000
17.32500	286.00000
17.33000	279.00000
17.33500	279.00000
17.34000	285.00000
17.34500	312.00000
17.35000	283.00000
17.35500	285.00000
17.36000	304.00000
17.36500	308.00000
17.37000	303.00000
17.37500	312.00000
17.38000	307.00000
17.38500	306.00000
17.39000	307.00000
17.39500	322.00000
17.40000	316.00000
17.40500	312.00000
17.41000	317.00000
17.41500	318.00000
17.42000	327.00000
17.42500	317.00000
17.43000	319.00000
17.43500	310.00000
17.44000	300.00000
17.44500	298.00000
17.45000	290.00000
17.45500	317.00000
17.46000	314.00000
17.46500	290.00000
17.47000	284.00000
17.47500	303.00000
17.48000	286.00000
17.48500	303.00000
17.49000	277.00000
17.49500	296.00000
17.50000	271.00000
17.50500	269.00000
17.51000	294.00000
17.51500	296.00000
17.52000	280.00000
17.52500	279.00000
17.53000	271.00000
17.53500	267.00000
17.54000	272.00000
17.54500	255.00000
17.55000	263.00000
17.55500	257.00000
17.56000	263.00000
17.56500	257.00000
17.57000	264.00000
17.57500	256.00000
17.58000	265.00000
17.58500	276.00000
17.59000	262.00000
17.59500	258.00000
17.60000	292.00000
17.60500	272.00000
17.61000	268.00000
17.61500	270.00000
17.62000	253.00000
17.62500	273.00000
17.63000	297.00000
17.63500	282.00000
17.64000	254.00000
17.64500	263.00000
17.65000	253.00000
17.65500	249.00000
17.66000	247.00000
17.66500	243.00000
17.67000	251.00000
17.67500	273.00000
17.68000	246.00000
17.68500	263.00000
17.69000	238.00000
17.69500	245.00000
17.70000	240.00000
17.70500	242.00000
17.71000	235.00000
17.71500	251.00000
17.72000	240.00000
17.72500	251.00000
17.73000	258.00000
17.73500	261.00000
17.74000	239.00000
17.74500	249.00000
17.75000	245.00000
17.75500	263.00000
17.76000	287.00000
17.76500	294.00000
17.77000	266.00000
17.77500	271.00000
17.78000	272.00000
17.78500	287.00000
17.79000	317.00000
17.79500	294.00000
17.80000	308.00000
17.80500	320.00000
17.81000	314.00000
17.81500	363.00000
17.82000	345.00000
17.82500	360.00000
17.83000	346.00000
17.83500	395.00000
17.84000	377.00000
17.84500	396.00000
17.85000	411.00000
17.85500	420.00000
17.86000	417.00000
17.86500	426.00000
17.87000	438.00000
17.87500	438.00000
17.88000	445.00000
17.88500	436.00000
17.89000	462.00000
17.89500	446.00000
17.90000	435.00000
17.90500	442.00000
17.91000	460.00000
17.91500	436.00000
17.92000	463.00000
17.92500	433.00000
17.93000	406.00000
17.93500	401.00000
17.94000	375.00000
17.94500	382.00000
17.95000	370.00000
17.95500	377.00000
17.96000	375.00000
17.96500	362.00000
17.97000	366.00000
17.97500	362.00000
17.98000	363.00000
17.98500	413.00000
17.99000	394.00000
17.99500	358.00000
18.00000	421.00000
18.00500	372.00000
18.01000	387.00000
18.01500	365.00000
18.02000	374.00000
18.02500	369.00000
18.03000	356.00000
18.03500	346.00000
18.04000	344.00000
18.04500	331.00000
18.05000	328.00000
18.05500	295.00000
18.06000	317.00000
18.06500	311.00000
18.07000	309.00000
18.07500	302.00000
18.08000	293.00000
18.08500	289.00000
18.09000	264.00000
18.09500	294.00000
18.10000	283.00000
18.10500	279.00000
18.11000	288.00000
18.11500	279.00000
18.12000	288.00000
18.12500	269.00000
18.13000	283.00000
18.13500	265.00000
18.14000	293.00000
18.14500	270.00000
18.15000	273.00000
18.15500	261.00000
18.16000	266.00000
18.16500	263.00000
18.17000	262.00000
18.17500	259.00000
18.18000	260.00000
18.18500	263.00000
18.19000	238.00000
18.19500	275.00000
18.20000	245.00000
18.20500	240.00000
18.21000	245.00000
18.21500	233.00000
18.22000	246.00000
18.22500	255.00000
18.23000	230.00000
18.23500	237.00000
18.24000	253.00000
18.24500	228.00000
18.25000	224.00000
18.25500	221.00000
18.26000	228.00000
18.26500	229.00000
18.27000	226.00000
18.27500	220.00000
18.28000	233.00000
18.28500	237.00000
18.29000	222.00000
18.29500	224.00000
18.30000	222.00000
18.30500	243.00000
18.31000	217.00000
18.31500	216.00000
18.32000	219.00000
18.32500	225.00000
18.33000	220.00000
18.33500	215.00000
18.34000	220.00000
18.34500	216.00000
18.35000	215.00000
18.35500	220.00000
18.36000	225.00000
18.36500	225.00000
18.37000	216.00000
18.37500	219.00000
18.38000	229.00000
18.38500	223.00000
18.39000	225.00000
18.39500	225.00000
18.40000	229.00000
18.40500	217.00000
18.41000	226.00000
18.41500	210.00000
18.42000	216.00000
18.42500	240.00000
18.43000	247.00000
18.43500	243.00000
18.44000	251.00000
18.44500	244.00000
18.45000	255.00000
18.45500	263.00000
18.46000	255.00000
18.46500	273.00000
18.47000	268.00000
18.47500	258.00000
18.48000	268.00000
18.48500	271.00000
18.49000	256.00000
18.49500	239.00000
18.50000	255.00000
18.50500	248.00000
18.51000	246.00000
18.51500	246.00000
18.52000	247.00000
18.52500	238.00000
18.53000	245.00000
18.53500	238.00000
18.54000	231.00000
18.54500	239.00000
18.55000	213.00000
18.55500	222.00000
18.56000	213.00000
18.56500	238.00000
18.57000	235.00000
18.57500	228.00000
18.58000	218.00000
18.58500	219.00000
18.59000	227.00000
18.59500	228.00000
18.60000	228.00000
18.60500	228.00000
18.61000	232.00000
18.61500	229.00000
18.62000	232.00000
18.62500	230.00000
18.63000	214.00000
18.63500	223.00000
18.64000	229.00000
18.64500	228.00000
18.65000	230.00000
18.65500	234.00000
18.66000	235.00000
18.66500	218.00000
18.67000	216.00000
18.67500	219.00000
18.68000	220.00000
18.68500	234.00000
18.69000	225.00000
18.69500	222.00000
18.70000	212.00000
18.70500	235.00000
18.71000	226.00000
18.71500	228.00000
18.72000	227.00000
18.72500	231.00000
18.73000	239.00000
18.73500	242.00000
18.74000	214.00000
18.74500	239.00000
18.75000	240.00000
18.75500	232.00000
18.76000	245.00000
18.76500	234.00000
18.77000	244.00000
18.77500	244.00000
18.78000	253.00000
18.78500	245.00000
18.79000	260.00000
18.79500	271.00000
18.80000	267.00000
18.80500	259.00000
18.81000	271.00000
18.81500	272.00000
18.82000	279.00000
18.82500	272.00000
18.83000	277.00000
18.83500	252.00000
18.84000	288.00000
18.84500	262.00000
18.85000	277.00000
18.85500	258.00000
18.86000	269.00000
18.86500	256.00000
18.87000	251.00000
18.87500	242.00000
18.88000	265.00000
18.88500	233.00000
18.89000	253.00000
18.89500	254.00000
18.90000	247.00000
18.90500	254.00000
18.91000	260.00000
18.91500	246.00000
18.92000	254.00000
18.92500	257.00000
18.93000	247.00000
18.93500	266.00000
18.94000	244.00000
18.94500	242.00000
18.95000	263.00000
18.95500	256.00000
18.96000	233.00000
18.96500	267.00000
18.97000	230.00000
18.97500	262.00000
18.98000	261.00000
18.98500	265.00000
18.99000	271.00000
18.99500	263.00000
19.00000	256.00000
19.00500	263.00000
19.01000	267.00000
19.01500	260.00000
19.02000	250.00000
19.02500	257.00000
19.03000	256.00000
19.03500	259.00000
19.04000	240.00000
19.04500	248.00000
19.05000	252.00000
19.05500	258.00000
19.06000	257.00000
19.06500	259.00000
19.07000	263.00000
19.07500	259.00000
19.08000	267.00000
19.08500	253.00000
19.09000	258.00000
19.09500	257.00000
19.10000	251.00000
19.10500	262.00000
19.11000	244.00000
19.11500	257.00000
19.12000	261.00000
19.12500	265.00000
19.13000	265.00000
19.13500	266.00000
19.14000	278.00000
19.14500	271.00000
19.15000	273.00000
19.15500	272.00000
19.16000	281.00000
19.16500	268.00000
19.17000	265.00000
19.17500	271.00000
19.18000	267.00000
19.18500	268.00000
19.19000	272.00000
19.19500	271.00000
19.20000	256.00000
19.20500	257.00000
19.21000	272.00000
19.21500	262.00000
19.22000	268.00000
19.22500	253.00000
19.23000	271.00000
19.23500	265.00000
19.24000	260.00000
19.24500	265.00000
19.25000	264.00000
19.25500	257.00000
19.26000	264.00000
19.26500	280.00000
19.27000	248.00000
19.27500	262.00000
19.28000	256.00000
19.28500	256.00000
19.29000	267.00000
19.29500	243.00000
19.30000	246.00000
19.30500	252.00000
19.31000	263.00000
19.31500	238.00000
19.32000	250.00000
19.32500	251.00000
19.33000	257.00000
19.33500	244.00000
19.34000	259.00000
19.34500	258.00000
19.35000	248.00000
19.35500	246.00000
19.36000	237.00000
19.36500	246.00000
19.37000	250.00000
19.37500	246.00000
19.38000	237.00000
19.38500	231.00000
19.39000	235.00000
19.39500	232.00000
19.40000	247.00000
19.40500	247.00000
19.41000	247.00000
19.41500	245.00000
19.42000	245.00000
19.42500	250.00000
19.43000	239.00000
19.43500	250.00000
19.44000	269.00000
19.44500	254.00000
19.45000	249.00000
19.45500	251.00000
19.46000	265.00000
19.46500	256.00000
19.47000	250.00000
19.47500	273.00000
19.48000	261.00000
19.48500	278.00000
19.49000	267.00000
19.49500	270.00000
19.50000	283.00000
19.50500	271.00000
19.51000	288.00000
19.51500	281.00000
19.52000	288.00000
19.52500	268.00000
19.53000	273.00000
19.53500	283.00000
19.54000	282.00000
19.54500	290.00000
19.55000	278.00000
19.55500	279.00000
19.56000	268.00000
19.56500	270.00000
19.57000	281.00000
19.57500	268.00000
19.58000	267.00000
19.58500	251.00000
19.59000	279.00000
19.59500	255.00000
19.60000	272.00000
19.60500	273.00000
19.61000	270.00000
19.61500	285.00000
19.62000	274.00000
19.62500	272.00000
19.63000	251.00000
19.63500	270.00000
19.64000	267.00000
19.64500	264.00000
19.65000	257.00000
19.65500	260.00000
19.66000	268.00000
19.66500	256.00000
19.67000	248.00000
19.67500	258.00000
19.68000	228.00000
19.68500	249.00000
19.69000	245.00000
19.69500	256.00000
19.70000	253.00000
19.70500	244.00000
19.71000	218.00000
19.71500	242.00000
19.72000	216.00000
19.72500	228.00000
19.73000	243.00000
19.73500	229.00000
19.74000	232.00000
19.74500	229.00000
19.75000	234.00000
19.75500	234.00000
19.76000	216.00000
19.76500	228.00000
19.77000	221.00000
19.77500	224.00000
19.78000	221.00000
19.78500	231.00000
19.79000	241.00000
19.79500	236.00000
19.80000	210.00000
19.80500	236.00000
19.81000	230.00000
19.81500	244.00000
19.82000	221.00000
19.82500	233.00000
19.83000	239.00000
19.83500	246.00000
19.84000	234.00000
19.84500	231.00000
19.85000	240.00000
19.85500	238.00000
19.86000	244.00000
19.86500	250.00000
19.87000	258.00000
19.87500	263.00000
19.88000	245.00000
19.88500	260.00000
19.89000	275.00000
19.89500	286.00000
19.90000	285.00000
19.90500	306.00000
19.91000	306.00000
19.91500	323.00000
19.92000	321.00000
19.92500	348.00000
19.93000	342.00000
19.93500	353.00000
19.94000	358.00000
19.94500	360.00000
19.95000	370.00000
19.95500	370.00000
19.96000	365.00000
19.96500	370.00000
19.97000	365.00000
19.97500	348.00000
19.98000	348.00000
19.98500	327.00000
19.99000	333.00000
19.99500	312.00000
20.00000	305.00000
20.00500	293.00000
20.01000	284.00000
20.01500	284.00000
20.02000	277.00000
20.02500	280.00000
20.03000	281.00000
20.03500	277.00000
20.04000	259.00000
20.04500	256.00000
20.05000	259.00000
20.05500	251.00000
20.06000	256.00000
20.06500	254.00000
20.07000	244.00000
20.07500	264.00000
20.08000	249.00000
20.08500	241.00000
20.09000	250.00000
20.09500	235.00000
20.10000	244.00000
20.10500	240.00000
20.11000	244.00000
20.11500	254.00000
20.12000	240.00000
20.12500	254.00000
20.13000	253.00000
20.13500	249.00000
20.14000	248.00000
20.14500	254.00000
20.15000	235.00000
20.15500	244.00000
20.16000	250.00000
20.16500	247.00000
20.17000	235.00000
20.17500	236.00000
20.18000	246.00000
20.18500	241.00000
20.19000	244.00000
20.19500	232.00000
20.20000	248.00000
20.20500	244.00000
20.21000	238.00000
20.21500	234.00000
20.22000	245.00000
20.22500	244.00000
20.23000	229.00000
20.23500	247.00000
20.24000	244.00000
20.24500	237.00000
20.25000	236.00000
20.25500	245.00000
20.26000	252.00000
20.26500	241.00000
20.27000	236.00000
20.27500	244.00000
20.28000	245.00000
20.28500	246.00000
20.29000	238.00000
20.29500	248.00000
20.30000	235.00000
20.30500	253.00000
20.31000	249.00000
20.31500	246.00000
20.32000	256.00000
20.32500	244.00000
20.33000	258.00000
20.33500	264.00000
20.34000	266.00000
20.34500	255.00000
20.35000	241.00000
20.35500	264.00000
20.36000	253.00000
20.36500	266.00000
20.37000	277.00000
20.37500	277.00000
20.38000	279.00000
20.38500	262.00000
20.39000	293.00000
20.39500	281.00000
20.40000	274.00000
20.40500	292.00000
20.41000	288.00000
20.41500	267.00000
20.42000	289.00000
20.42500	283.00000
20.43000	290.00000
20.43500	289.00000
20.44000	294.00000
20.44500	290.00000
20.45000	279.00000
20.45500	294.00000
20.46000	289.00000
20.46500	296.00000
20.47000	285.00000
20.47500	297.00000
20.48000	294.00000
20.48500	289.00000
20.49000	300.00000
20.49500	289.00000
20.50000	297.00000
20.50500	295.00000
20.51000	301.00000
20.51500	316.00000
20.52000	303.00000
20.52500	302.00000
20.53000	311.00000
20.53500	303.00000
20.54000	300.00000
20.54500	305.00000
20.55000	304.00000
20.55500	307.00000
20.56000	304.00000
20.56500	304.00000
20.57000	292.00000
20.57500	302.00000
20.58000	295.00000
20.58500	293.00000
20.59000	291.00000
20.59500	281.00000
20.60000	287.00000
20.60500	278.00000
20.61000	279.00000
20.61500	282.00000
20.62000	282.00000
20.62500	279.00000
20.63000	283.00000
20.63500	273.00000
20.64000	283.00000
20.64500	275.00000
20.65000	278.00000
20.65500	267.00000
20.66000	278.00000
20.66500	278.00000
20.67000	271.00000
20.67500	267.00000
20.68000	262.00000
20.68500	255.00000
20.69000	266.00000
20.69500	267.00000
20.70000	264.00000
20.70500	269.00000
20.71000	271.00000
20.71500	262.00000
20.72000	266.00000
20.72500	271.00000
20.73000	267.00000
20.73500	265.00000
20.74000	266.00000
20.74500	267.00000
20.75000	266.00000
20.75500	265.00000
20.76000	267.00000
20.76500	267.00000
20.77000	268.00000
20.77500	260.00000
20.78000	258.00000
20.78500	271.00000
20.79000	259.00000
20.79500	267.00000
20.80000	268.00000
20.80500	264.00000
20.81000	256.00000
20.81500	257.00000
20.82000	269.00000
20.82500	260.00000
20.83000	257.00000
20.83500	258.00000
20.84000	241.00000
20.84500	249.00000
20.85000	249.00000
20.85500	249.00000
20.86000	251.00000
20.86500	249.00000
20.87000	239.00000
20.87500	248.00000
20.88000	247.00000
20.88500	242.00000
20.89000	248.00000
20.89500	239.00000
20.90000	250.00000
20.90500	253.00000
20.91000	239.00000
20.91500	244.00000
20.92000	246.00000
20.92500	241.00000
20.93000	257.00000
20.93500	254.00000
20.94000	252.00000
20.94500	251.00000
20.95000	250.00000
20.95500	258.00000
20.96000	251.00000
20.96500	249.00000
20.97000	244.00000
20.97500	245.00000
20.98000	258.00000
20.98500	261.00000
20.99000	249.00000
20.99500	254.00000
21.00000	258.00000
21.00500	258.00000
21.01000	262.00000
21.01500	258.00000
21.02000	255.00000
21.02500	249.00000
21.03000	261.00000
21.03500	248.00000
21.04000	250.00000
21.04500	248.00000
21.05000	254.00000
21.05500	251.00000
21.06000	269.00000
21.06500	264.00000
21.07000	238.00000
21.07500	238.00000
21.08000	237.00000
21.08500	258.00000
21.09000	249.00000
21.09500	254.00000
21.10000	244.00000
21.10500	232.00000
21.11000	231.00000
21.11500	248.00000
21.12000	242.00000
21.12500	252.00000
21.13000	246.00000
21.13500	244.00000
21.14000	237.00000
21.14500	242.00000
21.15000	240.00000
21.15500	231.00000
21.16000	234.00000
21.16500	242.00000
21.17000	239.00000
21.17500	229.00000
21.18000	243.00000
21.18500	245.00000
21.19000	242.00000
21.19500	240.00000
21.20000	246.00000
21.20500	249.00000
21.21000	244.00000
21.21500	245.00000
21.22000	238.00000
21.22500	246.00000
21.23000	264.00000
21.23500	246.00000
21.24000	247.00000
21.24500	255.00000
21.25000	263.00000
21.25500	254.00000
21.26000	258.00000
21.26500	255.00000
21.27000	248.00000
21.27500	246.00000
21.28000	253.00000
21.28500	258.00000
21.29000	246.00000
21.29500	247.00000
21.30000	254.00000
21.30500	231.00000
21.31000	247.00000
21.31500	252.00000
21.32000	244.00000
21.32500	247.00000
21.33000	240.00000
21.33500	242.00000
21.34000	245.00000
21.34500	243.00000
21.35000	237.00000
21.35500	235.00000
21.36000	218.00000
21.36500	230.00000
21.37000	235.00000
21.37500	236.00000
21.38000	215.00000
21.38500	236.00000
21.39000	227.00000
21.39500	229.00000
21.40000	224.00000
21.40500	231.00000
21.41000	223.00000
21.41500	217.00000
21.42000	226.00000
21.42500	225.00000
21.43000	232.00000
21.43500	208.00000
21.44000	218.00000
21.44500	221.00000
21.45000	221.00000
21.45500	220.00000
21.46000	216.00000
21.46500	221.00000
21.47000	215.00000
21.47500	222.00000
21.48000	217.00000
21.48500	218.00000
21.49000	222.00000
21.49500	223.00000
21.50000	216.00000
21.50500	224.00000
21.51000	218.00000
21.51500	211.00000
21.52000	213.00000
21.52500	224.00000
21.53000	210.00000
21.53500	220.00000
21.54000	223.00000
21.54500	217.00000
21.55000	233.00000
21.55500	224.00000
21.56000	233.00000
21.56500	232.00000
21.57000	230.00000
21.57500	216.00000
21.58000	227.00000
21.58500	233.00000
21.59000	234.00000
21.59500	232.00000
21.60000	248.00000
21.60500	247.00000
21.61000	229.00000
21.61500	235.00000
21.62000	232.00000
21.62500	239.00000
21.63000	256.00000
21.63500	244.00000
21.64000	257.00000
21.64500	246.00000
21.65000	244.00000
21.65500	247.00000
21.66000	243.00000
21.66500	245.00000
21.67000	243.00000
21.67500	244.00000
21.68000	247.00000
21.68500	249.00000
21.69000	264.00000
21.69500	265.00000
21.70000	258.00000
21.70500	253.00000
21.71000	265.00000
21.71500	254.00000
21.72000	258.00000
21.72500	256.00000
21.73000	265.00000
21.73500	262.00000
21.74000	278.00000
21.74500	266.00000
21.75000	264.00000
21.75500	260.00000
21.76000	259.00000
21.76500	258.00000
21.77000	247.00000
21.77500	275.00000
21.78000	254.00000
21.78500	258.00000
21.79000	260.00000
21.79500	273.00000
21.80000	270.00000
21.80500	247.00000
21.81000	257.00000
21.81500	261.00000
21.82000	256.00000
21.82500	254.00000
21.83000	269.00000
21.83500	250.00000
21.84000	268.00000
21.84500	260.00000
21.85000	261.00000
21.85500	261.00000
21.86000	267.00000
21.86500	269.00000
21.87000	260.00000
21.87500	270.00000
21.88000	267.00000
21.88500	270.00000
21.89000	279.00000
21.89500	274.00000
21.90000	272.00000
21.90500	272.00000
21.91000	285.00000
21.91500	287.00000
21.92000	284.00000
21.92500	293.00000
21.93000	286.00000
21.93500	288.00000
21.94000	296.00000
21.94500	293.00000
21.95000	301.00000
21.95500	295.00000
21.96000	300.00000
21.96500	291.00000
21.97000	304.00000
21.97500	289.00000
21.98000	298.00000
21.98500	305.00000
21.99000	292.00000
21.99500	301.00000
22.00000	287.00000
22.00500	298.00000
22.01000	297.00000
22.01500	295.00000
22.02000	300.00000
22.02500	300.00000
22.03000	320.00000
22.03500	294.00000
22.04000	324.00000
22.04500	306.00000
22.05000	303.00000
22.05500	306.00000
22.06000	310.00000
22.06500	314.00000
22.07000	313.00000
22.07500	318.00000
22.08000	327.00000
22.08500	323.00000
22.09000	337.00000
22.09500	330.00000
22.10000	351.00000
22.10500	339.00000
22.11000	352.00000
22.11500	330.00000
22.12000	347.00000
22.12500	359.00000
22.13000	354.00000
22.13500	316.00000
22.14000	355.00000
22.14500	346.00000
22.15000	358.00000
22.15500	320.00000
22.16000	342.00000
22.16500	335.00000
22.17000	332.00000
22.17500	305.00000
22.18000	322.00000
22.18500	323.00000
22.19000	326.00000
22.19500	308.00000
22.20000	304.00000
22.20500	280.00000
22.21000	308.00000
22.21500	308.00000
22.22000	280.00000
22.22500	279.00000
22.23000	281.00000
22.23500	295.00000
22.24000	297.00000
22.24500	289.00000
22.25000	306.00000
22.25500	301.00000
22.26000	294.00000
22.26500	291.00000
22.27000	315.00000
22.27500	316.00000
22.28000	307.00000
22.28500	300.00000
22.29000	307.00000
22.29500	283.00000
22.30000	289.00000
22.30500	273.00000
22.31000	283.00000
22.31500	273.00000
22.32000	269.00000
22.32500	273.00000
22.33000	271.00000
22.33500	273.00000
22.34000	260.00000
22.34500	268.00000
22.35000	263.00000
22.35500	258.00000
22.36000	262.00000
22.36500	262.00000
22.37000	261.00000
22.37500	263.00000
22.38000	257.00000
22.38500	259.00000
22.39000	259.00000
22.39500	259.00000
22.40000	253.00000
22.40500	257.00000
22.41000	260.00000
22.41500	249.00000
22.42000	241.00000
22.42500	234.00000
22.43000	249.00000
22.43500	228.00000
22.44000	246.00000
22.44500	230.00000
22.45000	232.00000
22.45500	220.00000
22.46000	240.00000
22.46500	240.00000
22.47000	236.00000
22.47500	238.00000
22.48000	230.00000
22.48500	242.00000
22.49000	233.00000
22.49500	220.00000
22.50000	237.00000
22.50500	237.00000
22.51000	242.00000
22.51500	242.00000
22.52000	231.00000
22.52500	244.00000
22.53000	243.00000
22.53500	251.00000
22.54000	267.00000
22.54500	247.00000
22.55000	276.00000
22.55500	275.00000
22.56000	263.00000
22.56500	276.00000
22.57000	275.00000
22.57500	281.00000
22.58000	301.00000
22.58500	300.00000
22.59000	283.00000
22.59500	288.00000
22.60000	295.00000
22.60500	313.00000
22.61000	316.00000
22.61500	294.00000
22.62000	273.00000
22.62500	266.00000
22.63000	263.00000
22.63500	254.00000
22.64000	261.00000
22.64500	268.00000
22.65000	237.00000
22.65500	237.00000
22.66000	230.00000
22.66500	237.00000
22.67000	248.00000
22.67500	227.00000
22.68000	222.00000
22.68500	239.00000
22.69000	221.00000
22.69500	230.00000
22.70000	224.00000
22.70500	235.00000
22.71000	229.00000
22.71500	229.00000
22.72000	227.00000
22.72500	231.00000
22.73000	218.00000
22.73500	222.00000
22.74000	239.00000
22.74500	220.00000
22.75000	220.00000
22.75500	218.00000
22.76000	224.00000
22.76500	236.00000
22.77000	220.00000
22.77500	241.00000
22.78000	231.00000
22.78500	229.00000
22.79000	222.00000
22.79500	225.00000
22.80000	229.00000
22.80500	234.00000
22.81000	233.00000
22.81500	227.00000
22.82000	235.00000
22.82500	230.00000
22.83000	237.00000
22.83500	237.00000
22.84000	234.00000
22.84500	238.00000
22.85000	239.00000
22.85500	238.00000
22.86000	241.00000
22.86500	241.00000
22.87000	237.00000
22.87500	237.00000
22.88000	254.00000
22.88500	246.00000
22.89000	237.00000
22.89500	244.00000
22.90000	238.00000
22.90500	249.00000
22.91000	250.00000
22.91500	251.00000
22.92000	251.00000
22.92500	259.00000
22.93000	263.00000
22.93500	253.00000
22.94000	263.00000
22.94500	266.00000
22.95000	264.00000
22.95500	273.00000
22.96000	270.00000
22.96500	266.00000
22.97000	276.00000
22.97500	267.00000
22.98000	278.00000
22.98500	281.00000
22.99000	280.00000
22.99500	276.00000
23.00000	276.00000
23.00500	274.00000
23.01000	279.00000
23.01500	284.00000
23.02000	277.00000
23.02500	282.00000
23.03000	283.00000
23.03500	284.00000
23.04000	284.00000
23.04500	276.00000
23.05000	291.00000
23.05500	285.00000
23.06000	276.00000
23.06500	282.00000
23.07000	283.00000
23.07500	284.00000
23.08000	268.00000
23.08500	281.00000
23.09000	277.00000
23.09500	265.00000
23.10000	275.00000
23.10500	279.00000
23.11000	275.00000
23.11500	269.00000
23.12000	273.00000
23.12500	281.00000
23.13000	279.00000
23.13500	275.00000
23.14000	265.00000
23.14500	252.00000
23.15000	269.00000
23.15500	260.00000
23.16000	268.00000
23.16500	266.00000
23.17000	252.00000
23.17500	262.00000
23.18000	260.00000
23.18500	263.00000
23.19000	257.00000
23.19500	260.00000
23.20000	265.00000
23.20500	255.00000
23.21000	243.00000
23.21500	244.00000
23.22000	247.00000
23.22500	254.00000
23.23000	243.00000
23.23500	239.00000
23.24000	247.00000
23.24500	251.00000
23.25000	243.00000
23.25500	238.00000
23.26000	242.00000
23.26500	235.00000
23.27000	240.00000
23.27500	235.00000
23.28000	238.00000
23.28500	250.00000
23.29000	245.00000
23.29500	233.00000
23.30000	233.00000
23.30500	230.00000
23.31000	233.00000
23.31500	231.00000
23.32000	227.00000
23.32500	250.00000
23.33000	228.00000
23.33500	245.00000
23.34000	233.00000
23.34500	229.00000
23.35000	235.00000
23.35500	229.00000
23.36000	243.00000
23.36500	232.00000
23.37000	230.00000
23.37500	231.00000
23.38000	236.00000
23.38500	226.00000
23.39000	224.00000
23.39500	237.00000
23.40000	248.00000
23.40500	228.00000
23.41000	243.00000
23.41500	231.00000
23.42000	244.00000
23.42500	226.00000
23.43000	224.00000
23.43500	225.00000
23.44000	230.00000
23.44500	221.00000
23.45000	220.00000
23.45500	224.00000
23.46000	231.00000
23.46500	218.00000
23.47000	218.00000
23.47500	220.00000
23.48000	226.00000
23.48500	229.00000
23.49000	223.00000
23.49500	231.00000
23.50000	221.00000
23.50500	220.00000
23.51000	228.00000
23.51500	232.00000
23.52000	223.00000
23.52500	236.00000
23.53000	233.00000
23.53500	231.00000
23.54000	227.00000
23.54500	229.00000
23.55000	230.00000
23.55500	228.00000
23.56000	225.00000
23.56500	231.00000
23.57000	233.00000
23.57500	230.00000
23.58000	229.00000
23.58500	232.00000
23.59000	227.00000
23.59500	226.00000
23.60000	231.00000
23.60500	226.00000
23.61000	213.00000
23.61500	222.00000
23.62000	226.00000
23.62500	224.00000
23.63000	225.00000
23.63500	216.00000
23.64000	217.00000
23.64500	225.00000
23.65000	220.00000
23.65500	234.00000
23.66000	220.00000
23.66500	223.00000
23.67000	225.00000
23.67500	230.00000
23.68000	232.00000
23.68500	227.00000
23.69000	221.00000
23.69500	236.00000
23.70000	234.00000
23.70500	230.00000
23.71000	219.00000
23.71500	225.00000
23.72000	228.00000
23.72500	229.00000
23.73000	227.00000
23.73500	224.00000
23.74000	221.00000
23.74500	232.00000
23.75000	230.00000
23.75500	230.00000
23.76000	235.00000
23.76500	234.00000
23.77000	232.00000
23.77500	253.00000
23.78000	234.00000
23.78500	239.00000
23.79000	238.00000
23.79500	241.00000
23.80000	260.00000
23.80500	242.00000
23.81000	261.00000
23.81500	262.00000
23.82000	246.00000
23.82500	248.00000
23.83000	260.00000
23.83500	251.00000
23.84000	253.00000
23.84500	242.00000
23.85000	244.00000
23.85500	246.00000
23.86000	246.00000
23.86500	248.00000
23.87000	251.00000
23.87500	239.00000
23.88000	243.00000
23.88500	249.00000
23.89000	254.00000
23.89500	254.00000
23.90000	253.00000
23.90500	255.00000
23.91000	255.00000
23.91500	256.00000
23.92000	248.00000
23.92500	255.00000
23.93000	249.00000
23.93500	258.00000
23.94000	251.00000
23.94500	254.00000
23.95000	255.00000
23.95500	256.00000
23.96000	262.00000
23.96500	257.00000
23.97000	258.00000
23.97500	261.00000
23.98000	260.00000
23.98500	251.00000
23.99000	274.00000
23.99500	265.00000
24.00000	271.00000
24.00500	281.00000
24.01000	271.00000
24.01500	275.00000
24.02000	271.00000
24.02500	280.00000
24.03000	289.00000
24.03500	287.00000
24.04000	270.00000
24.04500	278.00000
24.05000	292.00000
24.05500	294.00000
24.06000	288.00000
24.06500	307.00000
24.07000	304.00000
24.07500	302.00000
24.08000	297.00000
24.08500	310.00000
24.09000	305.00000
24.09500	296.00000
24.10000	294.00000
24.10500	295.00000
24.11000	304.00000
24.11500	283.00000
24.12000	274.00000
24.12500	299.00000
24.13000	293.00000
24.13500	280.00000
24.14000	292.00000
24.14500	288.00000
24.15000	280.00000
24.15500	269.00000
24.16000	278.00000
24.16500	277.00000
24.17000	267.00000
24.17500	269.00000
24.18000	278.00000
24.18500	271.00000
24.19000	254.00000
24.19500	272.00000
24.20000	247.00000
24.20500	262.00000
24.21000	263.00000
24.21500	259.00000
24.22000	258.00000
24.22500	260.00000
24.23000	252.00000
24.23500	253.00000
24.24000	255.00000
24.24500	247.00000
24.25000	255.00000
24.25500	246.00000
24.26000	243.00000
24.26500	244.00000
24.27000	229.00000
24.27500	249.00000
24.28000	243.00000
24.28500	233.00000
24.29000	239.00000
24.29500	235.00000
24.30000	234.00000
24.30500	223.00000
24.31000	230.00000
24.31500	242.00000
24.32000	223.00000
24.32500	233.00000
24.33000	224.00000
24.33500	223.00000
24.34000	237.00000
24.34500	228.00000
24.35000	218.00000
24.35500	223.00000
24.36000	223.00000
24.36500	226.00000
24.37000	238.00000
24.37500	236.00000
24.38000	218.00000
24.38500	223.00000
24.39000	230.00000
24.39500	227.00000
24.40000	226.00000
24.40500	216.00000
24.41000	238.00000
24.41500	227.00000
24.42000	219.00000
24.42500	213.00000
24.43000	227.00000
24.43500	225.00000
24.44000	222.00000
24.44500	223.00000
24.45000	224.00000
24.45500	232.00000
24.46000	225.00000
24.46500	236.00000
24.47000	220.00000
24.47500	237.00000
24.48000	222.00000
24.48500	219.00000
24.49000	223.00000
24.49500	224.00000
24.50000	221.00000
24.50500	223.00000
24.51000	223.00000
24.51500	224.00000
24.52000	229.00000
24.52500	233.00000
24.53000	218.00000
24.53500	231.00000
24.54000	226.00000
24.54500	222.00000
24.55000	215.00000
24.55500	224.00000
24.56000	228.00000
24.56500	231.00000
24.57000	224.00000
24.57500	227.00000
24.58000	224.00000
24.58500	225.00000
24.59000	221.00000
24.59500	223.00000
24.60000	233.00000
24.60500	228.00000
24.61000	224.00000
24.61500	223.00000
24.62000	230.00000
24.62500	229.00000
24.63000	227.00000
24.63500	246.00000
24.64000	232.00000
24.64500	232.00000
24.65000	243.00000
24.65500	233.00000
24.66000	240.00000
24.66500	236.00000
24.67000	238.00000
24.67500	237.00000
24.68000	239.00000
24.68500	241.00000
24.69000	240.00000
24.69500	240.00000
24.70000	239.00000
24.70500	246.00000
24.71000	243.00000
24.71500	248.00000
24.72000	236.00000
24.72500	250.00000
24.73000	247.00000
24.73500	248.00000
24.74000	248.00000
24.74500	233.00000
24.75000	238.00000
24.75500	239.00000
24.76000	243.00000
24.76500	235.00000
24.77000	239.00000
24.77500	224.00000
24.78000	227.00000
24.78500	230.00000
24.79000	219.00000
24.79500	239.00000
24.80000	232.00000
24.80500	223.00000
24.81000	227.00000
24.81500	224.00000
24.82000	230.00000
24.82500	229.00000
24.83000	229.00000
24.83500	214.00000
24.84000	235.00000
24.84500	230.00000
24.85000	228.00000
24.85500	231.00000
24.86000	232.00000
24.86500	231.00000
24.87000	237.00000
24.87500	235.00000
24.88000	231.00000
24.88500	238.00000
24.89000	239.00000
24.89500	241.00000
24.90000	245.00000
24.90500	242.00000
24.91000	241.00000
24.91500	250.00000
24.92000	252.00000
24.92500	262.00000
24.93000	254.00000
24.93500	257.00000
24.94000	257.00000
24.94500	257.00000
24.95000	256.00000
24.95500	269.00000
24.96000	252.00000
24.96500	250.00000
24.97000	258.00000
24.97500	250.00000
24.98000	259.00000
24.98500	261.00000
24.99000	253.00000
24.99500	260.00000
25.00000	252.00000
25.00500	262.00000
25.01000	256.00000
25.01500	252.00000
25.02000	256.00000
25.02500	267.00000
25.03000	258.00000
25.03500	277.00000
25.04000	263.00000
25.04500	277.00000
25.05000	264.00000
25.05500	269.00000
25.06000	274.00000
25.06500	269.00000
25.07000	282.00000
25.07500	267.00000
25.08000	280.00000
25.08500	283.00000
25.09000	286.00000
25.09500	284.00000
25.10000	281.00000
25.10500	300.00000
25.11000	282.00000
25.11500	297.00000
25.12000	289.00000
25.12500	295.00000
25.13000	279.00000
25.13500	289.00000
25.14000	289.00000
25.14500	307.00000
25.15000	292.00000
25.15500	293.00000
25.16000	287.00000
25.16500	277.00000
25.17000	299.00000
25.17500	295.00000
25.18000	287.00000
25.18500	284.00000
25.19000	287.00000
25.19500	280.00000
25.20000	294.00000
25.20500	287.00000
25.21000	272.00000
25.21500	271.00000
25.22000	270.00000
25.22500	280.00000
25.23000	279.00000
25.23500	270.00000
25.24000	271.00000
25.24500	269.00000
25.25000	283.00000
25.25500	284.00000
25.26000	266.00000
25.26500	276.00000
25.27000	260.00000
25.27500	271.00000
25.28000	269.00000
25.28500	268.00000
25.29000	269.00000
25.29500	268.00000
25.30000	275.00000
25.30500	279.00000
25.31000	279.00000
25.31500	284.00000
25.32000	273.00000
25.32500	276.00000
25.33000	267.00000
25.33500	279.00000
25.34000	262.00000
25.34500	263.00000
25.35000	268.00000
25.35500	268.00000
25.36000	273.00000
25.36500	267.00000
25.37000	273.00000
25.37500	274.00000
25.38000	269.00000
25.38500	256.00000
25.39000	267.00000
25.39500	263.00000
25.40000	262.00000
25.40500	259.00000
25.41000	261.00000
25.41500	266.00000
25.42000	279.00000
25.42500	279.00000
25.43000	262.00000
25.43500	284.00000
25.44000	269.00000
25.44500	269.00000
25.45000	285.00000
25.45500	276.00000
25.46000	271.00000
25.46500	271.00000
25.47000	280.00000
25.47500	282.00000
25.48000	284.00000
25.48500	279.00000
25.49000	303.00000
25.49500	280.00000
25.50000	284.00000
25.50500	291.00000
25.51000	278.00000
25.51500	276.00000
25.52000	279.00000
25.52500	281.00000
25.53000	296.00000
25.53500	276.00000
25.54000	272.00000
25.54500	265.00000
25.55000	266.00000
25.55500	261.00000
25.56000	267.00000
25.56500	268.00000
25.57000	268.00000
25.57500	264.00000
25.58000	249.00000
25.58500	263.00000
25.59000	253.00000
25.59500	267.00000
25.60000	254.00000
25.60500	259.00000
25.61000	256.00000
25.61500	249.00000
25.62000	263.00000
25.62500	251.00000
25.63000	244.00000
25.63500	247.00000
25.64000	236.00000
25.64500	245.00000
25.65000	239.00000
25.65500	241.00000
25.66000	246.00000
25.66500	250.00000
25.67000	237.00000
25.67500	241.00000
25.68000	233.00000
25.68500	239.00000
25.69000	232.00000
25.69500	238.00000
25.70000	232.00000
25.70500	238.00000
25.71000	234.00000
25.71500	237.00000
25.72000	237.00000
25.72500	234.00000
25.73000	248.00000
25.73500	235.00000
25.74000	236.00000
25.74500	240.00000
25.75000	244.00000
25.75500	241.00000
25.76000	241.00000
25.76500	250.00000
25.77000	233.00000
25.77500	241.00000
25.78000	234.00000
25.78500	246.00000
25.79000	234.00000
25.79500	239.00000
25.80000	254.00000
25.80500	248.00000
25.81000	257.00000
25.81500	250.00000
25.82000	253.00000
25.82500	238.00000
25.83000	263.00000
25.83500	247.00000
25.84000	263.00000
25.84500	251.00000
25.85000	248.00000
25.85500	255.00000
25.86000	258.00000
25.86500	252.00000
25.87000	260.00000
25.87500	258.00000
25.88000	254.00000
25.88500	256.00000
25.89000	253.00000
25.89500	259.00000
25.90000	259.00000
25.90500	264.00000
25.91000	252.00000
25.91500	258.00000
25.92000	270.00000
25.92500	263.00000
25.93000	262.00000
25.93500	269.00000
25.94000	267.00000
25.94500	271.00000
25.95000	265.00000
25.95500	269.00000
25.96000	261.00000
25.96500	264.00000
25.97000	251.00000
25.97500	258.00000
25.98000	262.00000
25.98500	262.00000
25.99000	258.00000
25.99500	257.00000
26.00000	255.00000
26.00500	255.00000
26.01000	256.00000
26.01500	248.00000
26.02000	247.00000
26.02500	265.00000
26.03000	256.00000
26.03500	249.00000
26.04000	254.00000
26.04500	252.00000
26.05000	254.00000
26.05500	251.00000
26.06000	256.00000
26.06500	255.00000
26.07000	252.00000
26.07500	253.00000
26.08000	255.00000
26.08500	255.00000
26.09000	247.00000
26.09500	261.00000
26.10000	264.00000
26.10500	249.00000
26.11000	259.00000
26.11500	254.00000
26.12000	264.00000
26.12500	269.00000
26.13000	260.00000
26.13500	258.00000
26.14000	267.00000
26.14500	261.00000
26.15000	272.00000
26.15500	260.00000
26.16000	265.00000
26.16500	263.00000
26.17000	254.00000
26.17500	260.00000
26.18000	265.00000
26.18500	269.00000
26.19000	252.00000
26.19500	252.00000
26.20000	252.00000
26.20500	261.00000
26.21000	264.00000
26.21500	260.00000
26.22000	269.00000
26.22500	259.00000
26.23000	257.00000
26.23500	255.00000
26.24000	251.00000
26.24500	252.00000
26.25000	252.00000
26.25500	264.00000
26.26000	249.00000
26.26500	245.00000
26.27000	253.00000
26.27500	255.00000
26.28000	247.00000
26.28500	249.00000
26.29000	256.00000
26.29500	253.00000
26.30000	248.00000
26.30500	240.00000
26.31000	248.00000
26.31500	256.00000
26.32000	235.00000
26.32500	247.00000
26.33000	248.00000
26.33500	244.00000
26.34000	247.00000
26.34500	244.00000
26.35000	240.00000
26.35500	242.00000
26.36000	249.00000
26.36500	241.00000
26.37000	231.00000
26.37500	234.00000
26.38000	242.00000
26.38500	248.00000
26.39000	250.00000
26.39500	244.00000
26.40000	253.00000
26.40500	245.00000
26.41000	247.00000
26.41500	235.00000
26.42000	253.00000
26.42500	248.00000
26.43000	245.00000
26.43500	258.00000
26.44000	250.00000
26.44500	241.00000
26.45000	260.00000
26.45500	255.00000
26.46000	254.00000
26.46500	237.00000
26.47000	240.00000
26.47500	257.00000
26.48000	267.00000
26.48500	260.00000
26.49000	264.00000
26.49500	257.00000
26.50000	252.00000
26.50500	259.00000
26.51000	263.00000
26.51500	266.00000
26.52000	265.00000
26.52500	268.00000
26.53000	266.00000
26.53500	275.00000
26.54000	267.00000
26.54500	259.00000
26.55000	263.00000
26.55500	275.00000
26.56000	275.00000
26.56500	270.00000
26.57000	256.00000
26.57500	275.00000
26.58000	262.00000
26.58500	269.00000
26.59000	273.00000
26.59500	270.00000
26.60000	262.00000
26.60500	280.00000
26.61000	270.00000
26.61500	275.00000
26.62000	287.00000
26.62500	267.00000
26.63000	284.00000
26.63500	266.00000
26.64000	276.00000
26.64500	270.00000
26.65000	274.00000
26.65500	272.00000
26.66000	276.00000
26.66500	281.00000
26.67000	279.00000
26.67500	284.00000
26.68000	281.00000
26.68500	276.00000
26.69000	286.00000
26.69500	283.00000
26.70000	282.00000
26.70500	275.00000
26.71000	280.00000
26.71500	274.00000
26.72000	276.00000
26.72500	271.00000
26.73000	266.00000
26.73500	267.00000
26.74000	269.00000
26.74500	266.00000
26.75000	265.00000
26.75500	268.00000
26.76000	271.00000
26.76500	269.00000
26.77000	266.00000
26.77500	270.00000
26.78000	263.00000
26.78500	265.00000
26.79000	274.00000
26.79500	259.00000
26.80000	272.00000
26.80500	254.00000
26.81000	273.00000
26.81500	271.00000
26.82000	263.00000
26.82500	270.00000
26.83000	270.00000
26.83500	276.00000
26.84000	276.00000
26.84500	264.00000
26.85000	252.00000
26.85500	277.00000
26.86000	281.00000
26.86500	283.00000
26.87000	279.00000
26.87500	284.00000
26.88000	285.00000
26.88500	287.00000
26.89000	285.00000
26.89500	285.00000
26.90000	279.00000
26.90500	280.00000
26.91000	294.00000
26.91500	295.00000
26.92000	298.00000
26.92500	296.00000
26.93000	275.00000
26.93500	291.00000
26.94000	275.00000
26.94500	276.00000
26.95000	292.00000
26.95500	288.00000
26.96000	298.00000
26.96500	294.00000
26.97000	289.00000
26.97500	287.00000
26.98000	299.00000
26.98500	292.00000
26.99000	301.00000
26.99500	295.00000
27.00000	300.00000
27.00500	307.00000
27.01000	300.00000
27.01500	309.00000
27.02000	315.00000
27.02500	308.00000
27.03000	300.00000
27.03500	298.00000
27.04000	312.00000
27.04500	299.00000
27.05000	309.00000
27.05500	305.00000
27.06000	314.00000
27.06500	290.00000
27.07000	301.00000
27.07500	308.00000
27.08000	308.00000
27.08500	308.00000
27.09000	296.00000
27.09500	296.00000
27.10000	289.00000
27.10500	298.00000
27.11000	286.00000
27.11500	277.00000
27.12000	285.00000
27.12500	290.00000
27.13000	287.00000
27.13500	289.00000
27.14000	284.00000
27.14500	289.00000
27.15000	279.00000
27.15500	262.00000
27.16000	274.00000
27.16500	259.00000
27.17000	278.00000
27.17500	268.00000
27.18000	277.00000
27.18500	257.00000
27.19000	277.00000
27.19500	279.00000
27.20000	271.00000
27.20500	275.00000
27.21000	269.00000
27.21500	269.00000
27.22000	275.00000
27.22500	270.00000
27.23000	271.00000
27.23500	268.00000
27.24000	264.00000
27.24500	270.00000
27.25000	269.00000
27.25500	251.00000
27.26000	267.00000
27.26500	257.00000
27.27000	261.00000
27.27500	273.00000
27.28000	264.00000
27.28500	270.00000
27.29000	257.00000
27.29500	243.00000
27.30000	261.00000
27.30500	245.00000
27.31000	259.00000
27.31500	249.00000
27.32000	253.00000
27.32500	255.00000
27.33000	248.00000
27.33500	261.00000
27.34000	259.00000
27.34500	259.00000
27.35000	259.00000
27.35500	254.00000
27.36000	243.00000
27.36500	261.00000
27.37000	234.00000
27.37500	251.00000
27.38000	252.00000
27.38500	248.00000
27.39000	246.00000
27.39500	249.00000
27.40000	254.00000
27.40500	251.00000
27.41000	247.00000
27.41500	248.00000
27.42000	247.00000
27.42500	252.00000
27.43000	246.00000
27.43500	243.00000
27.44000	242.00000
27.44500	227.00000
27.45000	248.00000
27.45500	242.00000
27.46000	243.00000
27.46500	248.00000
27.47000	235.00000
27.47500	245.00000
27.48000	244.00000
27.48500	227.00000
27.49000	233.00000
27.49500	237.00000
27.50000	240.00000
27.50500	238.00000
27.51000	242.00000
27.51500	245.00000
27.52000	235.00000
27.52500	241.00000
27.53000	231.00000
27.53500	238.00000
27.54000	238.00000
27.54500	238.00000
27.55000	236.00000
27.55500	225.00000
27.56000	241.00000
27.56500	246.00000
27.57000	232.00000
27.57500	235.00000
27.58000	243.00000
27.58500	238.00000
27.59000	230.00000
27.59500	244.00000
27.60000	249.00000
27.60500	236.00000
27.61000	241.00000
27.61500	233.00000
27.62000	240.00000
27.62500	249.00000
27.63000	242.00000
27.63500	241.00000
27.64000	251.00000
27.64500	240.00000
27.65000	242.00000
27.65500	243.00000
27.66000	255.00000
27.66500	242.00000
27.67000	251.00000
27.67500	244.00000
27.68000	240.00000
27.68500	245.00000
27.69000	244.00000
27.69500	244.00000
27.70000	245.00000
27.70500	241.00000
27.71000	252.00000
27.71500	262.00000
27.72000	245.00000
27.72500	254.00000
27.73000	261.00000
27.73500	255.00000
27.74000	267.00000
27.74500	247.00000
27.75000	256.00000
27.75500	255.00000
27.76000	256.00000
27.76500	259.00000
27.77000	264.00000
27.77500	264.00000
27.78000	274.00000
27.78500	265.00000
27.79000	268.00000
27.79500	275.00000
27.80000	264.00000
27.80500	270.00000
27.81000	261.00000
27.81500	257.00000
27.82000	266.00000
27.82500	281.00000
27.83000	262.00000
27.83500	262.00000
27.84000	257.00000
27.84500	272.00000
27.85000	267.00000
27.85500	265.00000
27.86000	262.00000
27.86500	270.00000
27.87000	266.00000
27.87500	259.00000
27.88000	275.00000
27.88500	267.00000
27.89000	268.00000
27.89500	260.00000
27.90000	261.00000
27.90500	269.00000
27.91000	257.00000
27.91500	256.00000
27.92000	261.00000
27.92500	276.00000
27.93000	265.00000
27.93500	264.00000
27.94000	274.00000
27.94500	286.00000
27.95000	261.00000
27.95500	265.00000
27.96000	277.00000
27.96500	269.00000
27.97000	289.00000
27.97500	267.00000
27.98000	281.00000
27.98500	261.00000
27.99000	264.00000
27.99500	266.00000
28.00000	278.00000
28.00500	261.00000
28.01000	264.00000
28.01500	262.00000
28.02000	277.00000
28.02500	265.00000
28.03000	266.00000
28.03500	266.00000
28.04000	256.00000
28.04500	257.00000
28.05000	261.00000
28.05500	261.00000
28.06000	257.00000
28.06500	261.00000
28.07000	261.00000
28.07500	249.00000
28.08000	261.00000
28.08500	247.00000
28.09000	259.00000
28.09500	256.00000
28.10000	255.00000
28.10500	254.00000
28.11000	260.00000
28.11500	246.00000
28.12000	249.00000
28.12500	252.00000
28.13000	251.00000
28.13500	255.00000
28.14000	260.00000
28.14500	259.00000
28.15000	247.00000
28.15500	263.00000
28.16000	263.00000
28.16500	262.00000
28.17000	264.00000
28.17500	256.00000
28.18000	262.00000
28.18500	255.00000
28.19000	260.00000
28.19500	258.00000
28.20000	255.00000
28.20500	266.00000
28.21000	260.00000
28.21500	260.00000
28.22000	261.00000
28.22500	261.00000
28.23000	257.00000
28.23500	258.00000
28.24000	259.00000
28.24500	254.00000
28.25000	252.00000
28.25500	263.00000
28.26000	256.00000
28.26500	262.00000
28.27000	250.00000
28.27500	259.00000
28.28000	253.00000
28.28500	255.00000
28.29000	261.00000
28.29500	249.00000
28.30000	254.00000
28.30500	251.00000
28.31000	245.00000
28.31500	258.00000
28.32000	249.00000
28.32500	244.00000
28.33000	247.00000
28.33500	254.00000
28.34000	255.00000
28.34500	247.00000
28.35000	253.00000
28.35500	243.00000
28.36000	241.00000
28.36500	246.00000
28.37000	248.00000
28.37500	259.00000
28.38000	246.00000
28.38500	246.00000
28.39000	246.00000
28.39500	246.00000
28.40000	248.00000
28.40500	248.00000
28.41000	239.00000
28.41500	253.00000
28.42000	251.00000
28.42500	248.00000
28.43000	249.00000
28.43500	247.00000
28.44000	245.00000
28.44500	258.00000
28.45000	253.00000
28.45500	248.00000
28.46000	246.00000
28.46500	247.00000
28.47000	234.00000
28.47500	249.00000
28.48000	243.00000
28.48500	239.00000
28.49000	260.00000
28.49500	248.00000
28.50000	252.00000
28.50500	245.00000
28.51000	247.00000
28.51500	247.00000
28.52000	253.00000
28.52500	255.00000
28.53000	253.00000
28.53500	247.00000
28.54000	235.00000
28.54500	246.00000
28.55000	253.00000
28.55500	246.00000
28.56000	249.00000
28.56500	246.00000
28.57000	240.00000
28.57500	249.00000
28.58000	246.00000
28.58500	247.00000
28.59000	248.00000
28.59500	236.00000
28.60000	244.00000
28.60500	251.00000
28.61000	245.00000
28.61500	249.00000
28.62000	247.00000
28.62500	254.00000
28.63000	246.00000
28.63500	248.00000
28.64000	235.00000
28.64500	237.00000
28.65000	233.00000
28.65500	237.00000
28.66000	244.00000
28.66500	236.00000
28.67000	239.00000
28.67500	242.00000
28.68000	246.00000
28.68500	243.00000
28.69000	236.00000
28.69500	241.00000
28.70000	245.00000
28.70500	234.00000
28.71000	227.00000
28.71500	235.00000
28.72000	240.00000
28.72500	234.00000
28.73000	239.00000
28.73500	241.00000
28.74000	240.00000
28.74500	234.00000
28.75000	241.00000
28.75500	238.00000
28.76000	241.00000
28.76500	239.00000
28.77000	234.00000
28.77500	236.00000
28.78000	243.00000
28.78500	247.00000
28.79000	244.00000
28.79500	236.00000
28.80000	234.00000
28.80500	248.00000
28.81000	239.00000
28.81500	240.00000
28.82000	238.00000
28.82500	234.00000
28.83000	235.00000
28.83500	237.00000
28.84000	248.00000
28.84500	245.00000
28.85000	238.00000
28.85500	235.00000
28.86000	241.00000
28.86500	231.00000
28.87000	249.00000
28.87500	235.00000
28.88000	245.00000
28.88500	235.00000
28.89000	237.00000
28.89500	237.00000
28.90000	248.00000
28.90500	252.00000
28.91000	239.00000
28.91500	246.00000
28.92000	249.00000
28.92500	243.00000
28.93000	241.00000
28.93500	238.00000
28.94000	246.00000
28.94500	248.00000
28.95000	234.00000
28.95500	237.00000
28.96000	238.00000
28.96500	237.00000
28.97000	246.00000
28.97500	233.00000
28.98000	232.00000
28.98500	247.00000
28.99000	230.00000
28.99500	240.00000
29.00000	240.00000
29.00500	236.00000
29.01000	240.00000
29.01500	227.00000
29.02000	244.00000
29.02500	231.00000
29.03000	228.00000
29.03500	244.00000
29.04000	226.00000
29.04500	240.00000
29.05000	235.00000
29.05500	240.00000
29.06000	240.00000
29.06500	245.00000
29.07000	241.00000
29.07500	232.00000
29.08000	232.00000
29.08500	246.00000
29.09000	244.00000
29.09500	242.00000
29.10000	248.00000
29.10500	228.00000
29.11000	243.00000
29.11500	243.00000
29.12000	233.00000
29.12500	244.00000
29.13000	257.00000
29.13500	245.00000
29.14000	242.00000
29.14500	251.00000
29.15000	244.00000
29.15500	248.00000
29.16000	249.00000
29.16500	252.00000
29.17000	245.00000
29.17500	250.00000
29.18000	239.00000
29.18500	243.00000
29.19000	239.00000
29.19500	246.00000
29.20000	250.00000
29.20500	237.00000
29.21000	239.00000
29.21500	248.00000
29.22000	237.00000
29.22500	241.00000
29.23000	234.00000
29.23500	229.00000
29.24000	244.00000
29.24500	228.00000
29.25000	239.00000
29.25500	242.00000
29.26000	243.00000
29.26500	239.00000
29.27000	236.00000
29.27500	247.00000
29.28000	239.00000
29.28500	238.00000
29.29000	229.00000
29.29500	236.00000
29.30000	240.00000
29.30500	240.00000
29.31000	244.00000
29.31500	245.00000
29.32000	247.00000
29.32500	253.00000
29.33000	241.00000
29.33500	246.00000
29.34000	242.00000
29.34500	241.00000
29.35000	247.00000
29.35500	248.00000
29.36000	251.00000
29.36500	240.00000
29.37000	254.00000
29.37500	243.00000
29.38000	255.00000
29.38500	247.00000
29.39000	260.00000
29.39500	253.00000
29.40000	254.00000
29.40500	257.00000
29.41000	256.00000
29.41500	262.00000
29.42000	251.00000
29.42500	259.00000
29.43000	247.00000
29.43500	242.00000
29.44000	259.00000
29.44500	250.00000
29.45000	253.00000
29.45500	253.00000
29.46000	249.00000
29.46500	254.00000
29.47000	248.00000
29.47500	245.00000
29.48000	246.00000
29.48500	255.00000
29.49000	248.00000
29.49500	253.00000
29.50000	246.00000
29.50500	249.00000
29.51000	237.00000
29.51500	238.00000
29.52000	239.00000
29.52500	248.00000
29.53000	233.00000
29.53500	231.00000
29.54000	238.00000
29.54500	226.00000
29.55000	226.00000
29.55500	225.00000
29.56000	238.00000
29.56500	229.00000
29.57000	248.00000
29.57500	238.00000
29.58000	243.00000
29.58500	231.00000
29.59000	237.00000
29.59500	236.00000
29.60000	241.00000
29.60500	236.00000
29.61000	225.00000
29.61500	243.00000
29.62000	226.00000
29.62500	237.00000
29.63000	229.00000
29.63500	234.00000
29.64000	236.00000
29.64500	239.00000
29.65000	237.00000
29.65500	238.00000
29.66000	239.00000
29.66500	234.00000
29.67000	240.00000
29.67500	230.00000
29.68000	235.00000
29.68500	238.00000
29.69000	222.00000
29.69500	241.00000
29.70000	233.00000
29.70500	233.00000
29.71000	225.00000
29.71500	238.00000
29.72000	242.00000
29.72500	234.00000
29.73000	238.00000
29.73500	233.00000
29.74000	236.00000
29.74500	223.00000
29.75000	238.00000
29.75500	230.00000
29.76000	230.00000
29.76500	238.00000
29.77000	235.00000
29.77500	243.00000
29.78000	232.00000
29.78500	242.00000
29.79000	238.00000
29.79500	251.00000
29.80000	240.00000
29.80500	239.00000
29.81000	243.00000
29.81500	236.00000
29.82000	245.00000
29.82500	245.00000
29.83000	254.00000
29.83500	242.00000
29.84000	245.00000
29.84500	248.00000
29.85000	245.00000
29.85500	245.00000
29.86000	249.00000
29.86500	257.00000
29.87000	240.00000
29.87500	250.00000
29.88000	245.00000
29.88500	245.00000
29.89000	260.00000
29.89500	252.00000
29.90000	255.00000
29.90500	240.00000
29.91000	255.00000
29.91500	254.00000
29.92000	246.00000
29.92500	250.00000
29.93000	253.00000
29.93500	246.00000
29.94000	253.00000
29.94500	245.00000
29.95000	246.00000
29.95500	237.00000
29.96000	243.00000
29.96500	246.00000
29.97000	249.00000
29.97500	244.00000
29.98000	247.00000
29.98500	251.00000
29.99000	239.00000
29.99500	239.00000
30.00000	234.00000
30.00500	237.00000
30.01000	237.00000
30.01500	238.00000
30.02000	235.00000
30.02500	237.00000
30.03000	229.00000
30.03500	236.00000
30.04000	243.00000
30.04500	236.00000
30.05000	241.00000
30.05500	233.00000
30.06000	240.00000
30.06500	249.00000
30.07000	244.00000
30.07500	243.00000
30.08000	244.00000
30.08500	247.00000
30.09000	247.00000
30.09500	242.00000
30.10000	253.00000
30.10500	246.00000
30.11000	245.00000
30.11500	252.00000
30.12000	254.00000
30.12500	258.00000
30.13000	246.00000
30.13500	256.00000
30.14000	241.00000
30.14500	257.00000
30.15000	254.00000
30.15500	262.00000
30.16000	253.00000
30.16500	258.00000
30.17000	260.00000
30.17500	252.00000
30.18000	253.00000
30.18500	247.00000
30.19000	255.00000
30.19500	251.00000
30.20000	241.00000
30.20500	250.00000
30.21000	248.00000
30.21500	247.00000
30.22000	256.00000
30.22500	245.00000
30.23000	251.00000
30.23500	243.00000
30.24000	247.00000
30.24500	236.00000
30.25000	240.00000
30.25500	249.00000
30.26000	245.00000
30.26500	248.00000
30.27000	234.00000
30.27500	232.00000
30.28000	243.00000
30.28500	242.00000
30.29000	239.00000
30.29500	235.00000
30.30000	246.00000
30.30500	235.00000
30.31000	239.00000
30.31500	227.00000
30.32000	228.00000
30.32500	235.00000
30.33000	242.00000
30.33500	237.00000
30.34000	228.00000
30.34500	232.00000
30.35000	231.00000
30.35500	235.00000
30.36000	228.00000
30.36500	237.00000
30.37000	236.00000
30.37500	237.00000
30.38000	235.00000
30.38500	239.00000
30.39000	234.00000
30.39500	234.00000
30.40000	239.00000
30.40500	237.00000
30.41000	237.00000
30.41500	242.00000
30.42000	234.00000
30.42500	240.00000
30.43000	236.00000
30.43500	237.00000
30.44000	246.00000
30.44500	238.00000
30.45000	249.00000
30.45500	239.00000
30.46000	239.00000
30.46500	244.00000
30.47000	234.00000
30.47500	243.00000
30.48000	241.00000
30.48500	245.00000
30.49000	250.00000
30.49500	247.00000
30.50000	244.00000
30.50500	254.00000
30.51000	251.00000
30.51500	251.00000
30.52000	253.00000
30.52500	241.00000
30.53000	249.00000
30.53500	244.00000
30.54000	261.00000
30.54500	258.00000
30.55000	258.00000
30.55500	255.00000
30.56000	256.00000
30.56500	262.00000
30.57000	262.00000
30.57500	273.00000
30.58000	265.00000
30.58500	266.00000
30.59000	255.00000
30.59500	266.00000
30.60000	258.00000
30.60500	267.00000
30.61000	269.00000
30.61500	263.00000
30.62000	274.00000
30.62500	256.00000
30.63000	262.00000
30.63500	262.00000
30.64000	264.00000
30.64500	259.00000
30.65000	273.00000
30.65500	251.00000
30.66000	260.00000
30.66500	255.00000
30.67000	256.00000
30.67500	254.00000
30.68000	254.00000
30.68500	250.00000
30.69000	252.00000
30.69500	251.00000
30.70000	252.00000
30.70500	251.00000
30.71000	249.00000
30.71500	248.00000
30.72000	265.00000
30.72500	259.00000
30.73000	253.00000
30.73500	248.00000
30.74000	259.00000
30.74500	245.00000
30.75000	247.00000
30.75500	262.00000
30.76000	247.00000
30.76500	248.00000
30.77000	242.00000
30.77500	254.00000
30.78000	242.00000
30.78500	238.00000
30.79000	246.00000
30.79500	244.00000
30.80000	243.00000
30.80500	250.00000
30.81000	245.00000
30.81500	245.00000
30.82000	244.00000
30.82500	251.00000
30.83000	245.00000
30.83500	238.00000
30.84000	249.00000
30.84500	234.00000
30.85000	240.00000
30.85500	245.00000
30.86000	232.00000
30.86500	241.00000
30.87000	241.00000
30.87500	240.00000
30.88000	243.00000
30.88500	232.00000
30.89000	238.00000
30.89500	246.00000
30.90000	248.00000
30.90500	242.00000
30.91000	232.00000
30.91500	232.00000
30.92000	234.00000
30.92500	234.00000
30.93000	233.00000
30.93500	227.00000
30.94000	239.00000
30.94500	241.00000
30.95000	234.00000
30.95500	241.00000
30.96000	241.00000
30.96500	241.00000
30.97000	238.00000
30.97500	235.00000
30.98000	239.00000
30.98500	237.00000
30.99000	226.00000
30.99500	230.00000
31.00000	241.00000
31.00500	232.00000
31.01000	234.00000
31.01500	225.00000
31.02000	240.00000
31.02500	236.00000
31.03000	232.00000
31.03500	232.00000
31.04000	226.00000
31.04500	232.00000
31.05000	227.00000
31.05500	234.00000
31.06000	234.00000
31.06500	223.00000
31.07000	221.00000
31.07500	232.00000
31.08000	230.00000
31.08500	227.00000
31.09000	236.00000
31.09500	239.00000
31.10000	239.00000
31.10500	224.00000
31.11000	227.00000
31.11500	226.00000
31.12000	233.00000
31.12500	235.00000
31.13000	241.00000
31.13500	223.00000
31.14000	233.00000
31.14500	234.00000
31.15000	235.00000
31.15500	232.00000
31.16000	232.00000
31.16500	235.00000
31.17000	235.00000
31.17500	231.00000
31.18000	241.00000
31.18500	234.00000
31.19000	239.00000
31.19500	234.00000
31.20000	236.00000
31.20500	241.00000
31.21000	238.00000
31.21500	245.00000
31.22000	230.00000
31.22500	243.00000
31.23000	243.00000
31.23500	239.00000
31.24000	235.00000
31.24500	237.00000
31.25000	242.00000
31.25500	239.00000
31.26000	241.00000
31.26500	238.00000
31.27000	240.00000
31.27500	241.00000
31.28000	238.00000
31.28500	237.00000
31.29000	229.00000
31.29500	228.00000
31.30000	239.00000
31.30500	232.00000
31.31000	233.00000
31.31500	236.00000
31.32000	235.00000
31.32500	237.00000
31.33000	231.00000
31.33500	243.00000
31.34000	234.00000
31.34500	237.00000
31.35000	240.00000
31.35500	246.00000
31.36000	239.00000
31.36500	239.00000
31.37000	242.00000
31.37500	242.00000
31.38000	242.00000
31.38500	235.00000
31.39000	237.00000
31.39500	236.00000
31.40000	230.00000
31.40500	236.00000
31.41000	244.00000
31.41500	240.00000
31.42000	242.00000
31.42500	242.00000
31.43000	236.00000
31.43500	235.00000
31.44000	252.00000
31.44500	237.00000
31.45000	242.00000
31.45500	236.00000
31.46000	242.00000
31.46500	244.00000
31.47000	242.00000
31.47500	241.00000
31.48000	247.00000
31.48500	243.00000
31.49000	235.00000
31.49500	240.00000
31.50000	244.00000
31.50500	234.00000
31.51000	240.00000
31.51500	238.00000
31.52000	237.00000
31.52500	235.00000
31.53000	243.00000
31.53500	241.00000
31.54000	239.00000
31.54500	241.00000
31.55000	239.00000
31.55500	240.00000
31.56000	232.00000
31.56500	248.00000
31.57000	231.00000
31.57500	234.00000
31.58000	248.00000
31.58500	236.00000
31.59000	233.00000
31.59500	235.00000
31.60000	238.00000
31.60500	234.00000
31.61000	231.00000
31.61500	233.00000
31.62000	236.00000
31.62500	233.00000
31.63000	233.00000
31.63500	235.00000
31.64000	233.00000
31.64500	235.00000
31.65000	233.00000
31.65500	226.00000
31.66000	230.00000
31.66500	237.00000
31.67000	234.00000
31.67500	238.00000
31.68000	235.00000
31.68500	231.00000
31.69000	234.00000
31.69500	232.00000
31.70000	245.00000
31.70500	237.00000
31.71000	248.00000
31.71500	232.00000
31.72000	243.00000
31.72500	235.00000
31.73000	260.00000
31.73500	233.00000
31.74000	250.00000
31.74500	237.00000
31.75000	261.00000
31.75500	243.00000
31.76000	242.00000
31.76500	242.00000
31.77000	234.00000
31.77500	234.00000
31.78000	245.00000
31.78500	236.00000
31.79000	239.00000
31.79500	246.00000
31.80000	232.00000
31.80500	239.00000
31.81000	239.00000
31.81500	247.00000
31.82000	252.00000
31.82500	236.00000
31.83000	255.00000
31.83500	246.00000
31.84000	240.00000
31.84500	238.00000
31.85000	240.00000
31.85500	243.00000
31.86000	246.00000
31.86500	237.00000
31.87000	244.00000
31.87500	239.00000
31.88000	238.00000
31.88500	233.00000
31.89000	238.00000
31.89500	240.00000
31.90000	241.00000
31.90500	243.00000
31.91000	240.00000
31.91500	236.00000
31.92000	242.00000
31.92500	236.00000
31.93000	239.00000
31.93500	234.00000
31.94000	240.00000
31.94500	230.00000
31.95000	235.00000
31.95500	231.00000
31.96000	235.00000
31.96500	228.00000
31.97000	241.00000
31.97500	230.00000
31.98000	235.00000
31.98500	234.00000
31.99000	226.00000
31.99500	225.00000
32.00000	234.00000
32.00500	234.00000
32.01000	229.00000
32.01500	240.00000
32.02000	236.00000
32.02500	234.00000
32.03000	234.00000
32.03500	228.00000
32.04000	226.00000
32.04500	236.00000
32.05000	236.00000
32.05500	225.00000
32.06000	240.00000
32.06500	236.00000
32.07000	237.00000
32.07500	232.00000
32.08000	231.00000
32.08500	228.00000
32.09000	246.00000
32.09500	237.00000
32.10000	234.00000
32.10500	234.00000
32.11000	242.00000
32.11500	238.00000
32.12000	226.00000
32.12500	228.00000
32.13000	241.00000
32.13500	232.00000
32.14000	235.00000
32.14500	235.00000
32.15000	236.00000
32.15500	240.00000
32.16000	235.00000
32.16500	234.00000
32.17000	228.00000
32.17500	233.00000
32.18000	240.00000
32.18500	235.00000
32.19000	235.00000
32.19500	229.00000
32.20000	230.00000
32.20500	237.00000
32.21000	234.00000
32.21500	233.00000
32.22000	239.00000
32.22500	240.00000
32.23000	237.00000
32.23500	235.00000
32.24000	229.00000
32.24500	238.00000
32.25000	237.00000
32.25500	236.00000
32.26000	239.00000
32.26500	238.00000
32.27000	240.00000
32.27500	233.00000
32.28000	239.00000
32.28500	238.00000
32.29000	236.00000
32.29500	231.00000
32.30000	244.00000
32.30500	231.00000
32.31000	231.00000
32.31500	236.00000
32.32000	246.00000
32.32500	240.00000
32.33000	233.00000
32.33500	226.00000
32.34000	230.00000
32.34500	234.00000
32.35000	246.00000
32.35500	225.00000
32.36000	236.00000
32.36500	233.00000
32.37000	237.00000
32.37500	239.00000
32.38000	229.00000
32.38500	235.00000
32.39000	232.00000
32.39500	234.00000
32.40000	237.00000
32.40500	233.00000
32.41000	236.00000
32.41500	225.00000
32.42000	233.00000
32.42500	236.00000
32.43000	242.00000
32.43500	237.00000
32.44000	237.00000
32.44500	235.00000
32.45000	245.00000
32.45500	230.00000
32.46000	244.00000
32.46500	239.00000
32.47000	240.00000
32.47500	246.00000
32.48000	233.00000
32.48500	244.00000
32.49000	238.00000
32.49500	237.00000
32.50000	237.00000
32.50500	238.00000
32.51000	243.00000
32.51500	242.00000
32.52000	238.00000
32.52500	245.00000
32.53000	241.00000
32.53500	242.00000
32.54000	248.00000
32.54500	239.00000
32.55000	248.00000
32.55500	243.00000
32.56000	250.00000
32.56500	244.00000
32.57000	235.00000
32.57500	248.00000
32.58000	229.00000
32.58500	229.00000
32.59000	241.00000
32.59500	241.00000
32.60000	232.00000
32.60500	243.00000
32.61000	231.00000
32.61500	251.00000
32.62000	240.00000
32.62500	242.00000
32.63000	236.00000
32.63500	240.00000
32.64000	242.00000
32.64500	235.00000
32.65000	239.00000
32.65500	240.00000
32.66000	247.00000
32.66500	239.00000
32.67000	236.00000
32.67500	240.00000
32.68000	242.00000
32.68500	233.00000
32.69000	238.00000
32.69500	239.00000
32.70000	246.00000
32.70500	233.00000
32.71000	239.00000
32.71500	238.00000
32.72000	243.00000
32.72500	240.00000
32.73000	234.00000
32.73500	233.00000
32.74000	238.00000
32.74500	234.00000
32.75000	241.00000
32.75500	233.00000
32.76000	236.00000
32.76500	244.00000
32.77000	234.00000
32.77500	231.00000
32.78000	224.00000
32.78500	235.00000
32.79000	235.00000
32.79500	232.00000
32.80000	233.00000
32.80500	230.00000
32.81000	230.00000
32.81500	229.00000
32.82000	232.00000
32.82500	226.00000
32.83000	231.00000
32.83500	235.00000
32.84000	231.00000
32.84500	231.00000
32.85000	234.00000
32.85500	230.00000
32.86000	231.00000
32.86500	231.00000
32.87000	237.00000
32.87500	234.00000
32.88000	237.00000
32.88500	222.00000
32.89000	222.00000
32.89500	239.00000
32.90000	238.00000
32.90500	235.00000
32.91000	230.00000
32.91500	232.00000
32.92000	232.00000
32.92500	239.00000
32.93000	228.00000
32.93500	229.00000
32.94000	240.00000
32.94500	224.00000
32.95000	234.00000
32.95500	232.00000
32.96000	234.00000
32.96500	236.00000
32.97000	228.00000
32.97500	234.00000
32.98000	232.00000
32.98500	237.00000
32.99000	242.00000
32.99500	230.00000
33.00000	234.00000
33.00500	228.00000
33.01000	240.00000
33.01500	224.00000
33.02000	239.00000
33.02500	231.00000
33.03000	229.00000
33.03500	235.00000
33.04000	241.00000
33.04500	237.00000
33.05000	237.00000
33.05500	236.00000
33.06000	229.00000
33.06500	241.00000
33.07000	231.00000
33.07500	230.00000
33.08000	235.00000
33.08500	234.00000
33.09000	229.00000
33.09500	230.00000
33.10000	229.00000
33.10500	229.00000
33.11000	233.00000
33.11500	223.00000
33.12000	229.00000
33.12500	229.00000
33.13000	233.00000
33.13500	230.00000
33.14000	230.00000
33.14500	238.00000
33.15000	236.00000
33.15500	231.00000
33.16000	230.00000
33.16500	233.00000
33.17000	229.00000
33.17500	235.00000
33.18000	238.00000
33.18500	234.00000
33.19000	229.00000
33.19500	230.00000
33.20000	229.00000
33.20500	233.00000
33.21000	220.00000
33.21500	222.00000
33.22000	240.00000
33.22500	240.00000
33.23000	242.00000
33.23500	233.00000
33.24000	235.00000
33.24500	225.00000
33.25000	235.00000
33.25500	228.00000
33.26000	230.00000
33.26500	231.00000
33.27000	234.00000
33.27500	223.00000
33.28000	234.00000
33.28500	241.00000
33.29000	227.00000
33.29500	237.00000
33.30000	232.00000
33.30500	234.00000
33.31000	233.00000
33.31500	229.00000
33.32000	236.00000
33.32500	230.00000
33.33000	239.00000
33.33500	226.00000
33.34000	235.00000
33.34500	234.00000
33.35000	239.00000
33.35500	238.00000
33.36000	232.00000
33.36500	248.00000
33.37000	244.00000
33.37500	241.00000
33.38000	237.00000
33.38500	233.00000
33.39000	225.00000
33.39500	234.00000
33.40000	240.00000
33.40500	239.00000
33.41000	236.00000
33.41500	237.00000
33.42000	235.00000
33.42500	235.00000
33.43000	231.00000
33.43500	233.00000
33.44000	234.00000
33.44500	226.00000
33.45000	238.00000
33.45500	232.00000
33.46000	232.00000
33.46500	225.00000
33.47000	234.00000
33.47500	231.00000
33.48000	229.00000
33.48500	235.00000
33.49000	227.00000
33.49500	231.00000
33.50000	222.00000
33.50500	234.00000
33.51000	226.00000
33.51500	228.00000
33.52000	223.00000
33.52500	226.00000
33.53000	232.00000
33.53500	221.00000
33.54000	229.00000
33.54500	227.00000
33.55000	221.00000
33.55500	227.00000
33.56000	229.00000
33.56500	231.00000
33.57000	230.00000
33.57500	229.00000
33.58000	230.00000
33.58500	219.00000
33.59000	227.00000
33.59500	230.00000
33.60000	225.00000
33.60500	230.00000
33.61000	239.00000
33.61500	232.00000
33.62000	230.00000
33.62500	233.00000
33.63000	228.00000
33.63500	237.00000
33.64000	232.00000
33.64500	234.00000
33.65000	241.00000
33.65500	227.00000
33.66000	238.00000
33.66500	232.00000
33.67000	231.00000
33.67500	236.00000
33.68000	229.00000
33.68500	247.00000
33.69000	229.00000
33.69500	242.00000
33.70000	230.00000
33.70500	236.00000
33.71000	234.00000
33.71500	231.00000
33.72000	239.00000
33.72500	240.00000
33.73000	237.00000
33.73500	251.00000
33.74000	234.00000
33.74500	245.00000
33.75000	240.00000
33.75500	245.00000
33.76000	247.00000
33.76500	239.00000
33.77000	234.00000
33.77500	239.00000
33.78000	239.00000
33.78500	239.00000
33.79000	231.00000
33.79500	227.00000
33.80000	242.00000
33.80500	240.00000
33.81000	228.00000
33.81500	246.00000
33.82000	231.00000
33.82500	242.00000
33.83000	240.00000
33.83500	235.00000
33.84000	238.00000
33.84500	237.00000
33.85000	234.00000
33.85500	241.00000
33.86000	242.00000
33.86500	234.00000
33.87000	239.00000
33.87500	227.00000
33.88000	235.00000
33.88500	235.00000
33.89000	241.00000
33.89500	235.00000
33.90000	218.00000
33.90500	229.00000
33.91000	233.00000
33.91500	234.00000
33.92000	226.00000
33.92500	233.00000
33.93000	230.00000
33.93500	233.00000
33.94000	232.00000
33.94500	235.00000
33.95000	230.00000
33.95500	231.00000
33.96000	227.00000
33.96500	223.00000
33.97000	227.00000
33.97500	225.00000
33.98000	230.00000
33.98500	231.00000
33.99000	224.00000
33.99500	224.00000
34.00000	229.00000
34.00500	223.00000
34.01000	215.00000
34.01500	222.00000
34.02000	226.00000
34.02500	226.00000
34.03000	223.00000
34.03500	216.00000
34.04000	227.00000
34.04500	221.00000
34.05000	219.00000
34.05500	220.00000
34.06000	223.00000
34.06500	225.00000
34.07000	222.00000
34.07500	223.00000
34.08000	214.00000
34.08500	225.00000
34.09000	215.00000
34.09500	220.00000
34.10000	217.00000
34.10500	225.00000
34.11000	212.00000
34.11500	220.00000
34.12000	209.00000
34.12500	223.00000
34.13000	216.00000
34.13500	223.00000
34.14000	217.00000
34.14500	220.00000
34.15000	220.00000
34.15500	217.00000
34.16000	208.00000
34.16500	210.00000
34.17000	222.00000
34.17500	218.00000
34.18000	211.00000
34.18500	221.00000
34.19000	207.00000
34.19500	219.00000
34.20000	215.00000
34.20500	219.00000
34.21000	219.00000
34.21500	208.00000
34.22000	221.00000
34.22500	211.00000
34.23000	219.00000
34.23500	213.00000
34.24000	220.00000
34.24500	218.00000
34.25000	219.00000
34.25500	212.00000
34.26000	221.00000
34.26500	206.00000
34.27000	220.00000
34.27500	218.00000
34.28000	217.00000
34.28500	206.00000
34.29000	222.00000
34.29500	219.00000
34.30000	220.00000
34.30500	216.00000
34.31000	220.00000
34.31500	224.00000
34.32000	222.00000
34.32500	221.00000
34.33000	226.00000
34.33500	213.00000
34.34000	222.00000
34.34500	218.00000
34.35000	217.00000
34.35500	219.00000
34.36000	222.00000
34.36500	211.00000
34.37000	227.00000
34.37500	220.00000
34.38000	220.00000
34.38500	219.00000
34.39000	224.00000
34.39500	224.00000
34.40000	229.00000
34.40500	223.00000
34.41000	226.00000
34.41500	217.00000
34.42000	223.00000
34.42500	216.00000
34.43000	218.00000
34.43500	221.00000
34.44000	219.00000
34.44500	213.00000
34.45000	217.00000
34.45500	212.00000
34.46000	220.00000
34.46500	216.00000
34.47000	218.00000
34.47500	216.00000
34.48000	208.00000
34.48500	221.00000
34.49000	213.00000
34.49500	219.00000
34.50000	217.00000
34.50500	212.00000
34.51000	213.00000
34.51500	221.00000
34.52000	214.00000
34.52500	210.00000
34.53000	213.00000
34.53500	202.00000
34.54000	213.00000
34.54500	209.00000
34.55000	210.00000
34.55500	203.00000
34.56000	208.00000
34.56500	204.00000
34.57000	209.00000
34.57500	207.00000
34.58000	208.00000
34.58500	208.00000
34.59000	206.00000
34.59500	210.00000
34.60000	210.00000
34.60500	210.00000
34.61000	212.00000
34.61500	209.00000
34.62000	217.00000
34.62500	204.00000
34.63000	203.00000
34.63500	214.00000
34.64000	202.00000
34.64500	213.00000
34.65000	208.00000
34.65500	207.00000
34.66000	208.00000
34.66500	199.00000
34.67000	204.00000
34.67500	204.00000
34.68000	214.00000
34.68500	205.00000
34.69000	206.00000
34.69500	202.00000
34.70000	207.00000
34.70500	215.00000
34.71000	204.00000
34.71500	201.00000
34.72000	209.00000
34.72500	216.00000
34.73000	208.00000
34.73500	203.00000
34.74000	203.00000
34.74500	215.00000
34.75000	205.00000
34.75500	214.00000
34.76000	199.00000
34.76500	203.00000
34.77000	207.00000
34.77500	202.00000
34.78000	203.00000
34.78500	212.00000
34.79000	199.00000
34.79500	203.00000
34.80000	202.00000
34.80500	200.00000
34.81000	206.00000
34.81500	207.00000
34.82000	202.00000
34.82500	198.00000
34.83000	204.00000
34.83500	205.00000
34.84000	202.00000
34.84500	213.00000
34.85000	197.00000
34.85500	198.00000
34.86000	201.00000
34.86500	200.00000
34.87000	204.00000
34.87500	210.00000
34.88000	211.00000
34.88500	201.00000
34.89000	201.00000
34.89500	200.00000
34.90000	210.00000
34.90500	204.00000
34.91000	197.00000
34.91500	213.00000
34.92000	195.00000
34.92500	203.00000
34.93000	201.00000
34.93500	202.00000
34.94000	199.00000
34.94500	199.00000
34.95000	202.00000
34.95500	212.00000
34.96000	201.00000
34.96500	211.00000
34.97000	195.00000
34.97500	209.00000
34.98000	207.00000
34.98500	205.00000
34.99000	196.00000
34.99500	207.00000
35.00000	196.00000
