4.39000	8010.00000
4.40000	8009.00000
4.41000	8046.00000
4.42000	8066.00000
4.43000	8036.00000
4.44000	8026.00000
4.45000	8011.00000
4.46000	8024.00000
4.47000	8091.00000
4.48000	8051.00000
4.49000	8017.00000
4.50000	7980.00000
4.51000	8010.00000
4.52000	8009.00000
4.53000	8089.00000
4.54000	7993.00000
4.55000	7982.00000
4.56000	8040.00000
4.57000	8040.00000
4.58000	8015.00000
4.59000	8119.00000
4.60000	8026.00000
4.61000	8032.00000
4.62000	8031.00000
4.63000	8032.00000
4.64000	8058.00000
4.65000	8111.00000
4.66000	8138.00000
4.67000	8086.00000
4.68000	8152.00000
4.69000	8083.00000
4.70000	8136.00000
4.71000	8165.00000
4.72000	8100.00000
4.73000	8053.00000
4.74000	8031.00000
4.75000	8016.00000
4.76000	8025.00000
4.77000	8067.00000
4.78000	8110.00000
4.79000	7983.00000
4.80000	8036.00000
4.81000	7965.00000
4.82000	8020.00000
4.83000	8074.00000
4.84000	8115.00000
4.85000	8053.00000
4.86000	8146.00000
4.87000	8054.00000
4.88000	8092.00000
4.89000	8143.00000
4.90000	8140.00000
4.91000	8072.00000
4.92000	8134.00000
4.93000	8170.00000
4.94000	8265.00000
4.95000	8430.00000
4.96000	8588.00000
4.97000	8996.00000
4.98000	9691.00000
4.99000	10781.00000
5.00000	11998.00000
5.01000	12439.00000
5.02000	11485.00000
5.03000	10024.00000
5.04000	8997.00000
5.05000	8458.00000
5.06000	8186.00000
5.07000	8129.00000
5.08000	8032.00000
5.09000	7971.00000
5.10000	7972.00000
5.11000	7997.00000
5.12000	7944.00000
5.13000	7993.00000
5.14000	8001.00000
5.15000	7938.00000
5.16000	7971.00000
5.17000	7976.00000
5.18000	8023.00000
5.19000	8033.00000
5.20000	7978.00000
5.21000	7977.00000
5.22000	7963.00000
5.23000	7968.00000
5.24000	7987.00000
5.25000	7994.00000
5.26000	7988.00000
5.27000	7943.00000
5.28000	7998.00000
5.29000	7924.00000
5.30000	7932.00000
5.31000	7968.00000
5.32000	7979.00000
5.33000	7907.00000
5.34000	7932.00000
5.35000	7937.00000
5.36000	7971.00000
5.37000	7936.00000
5.38000	7989.00000
5.39000	7938.00000
5.40000	7973.00000
5.41000	7904.00000
5.42000	7969.00000
5.43000	8013.00000
5.44000	7939.00000
5.45000	7920.00000
5.46000	7934.00000
5.47000	7958.00000
5.48000	7976.00000
5.49000	7995.00000
5.50000	7922.00000
5.51000	7927.00000
5.52000	7932.00000
5.53000	7921.00000
5.54000	7941.00000
5.55000	8033.00000
5.56000	7982.00000
5.57000	7900.00000
5.58000	7955.00000
5.59000	7937.00000
5.60000	8006.00000
5.61000	7983.00000
5.62000	7956.00000
5.63000	7913.00000
5.64000	7910.00000
5.65000	7941.00000
5.66000	7943.00000
5.67000	7961.00000
5.68000	7940.00000
5.69000	7934.00000
5.70000	7931.00000
5.71000	7949.00000
5.72000	7939.00000
5.73000	7987.00000
5.74000	7969.00000
5.75000	7931.00000
5.76000	7959.00000
5.77000	7869.00000
5.78000	7960.00000
5.79000	7973.00000
5.80000	7975.00000
5.81000	7930.00000
5.82000	7901.00000
5.83000	7915.00000
5.84000	7963.00000
5.85000	7974.00000
5.86000	7952.00000
5.87000	7879.00000
5.88000	7911.00000
5.89000	7905.00000
5.90000	7929.00000
5.91000	7961.00000
5.92000	7936.00000
5.93000	7939.00000
5.94000	7974.00000
5.95000	7902.00000
5.96000	7940.00000
5.97000	7999.00000
5.98000	7960.00000
5.99000	7905.00000
6.00000	7948.00000
6.01000	7962.00000
6.02000	7971.00000
6.03000	8002.00000
6.04000	7945.00000
6.05000	7884.00000
6.06000	7916.00000
6.07000	7940.00000
6.08000	7971.00000
6.09000	7977.00000
6.10000	8001.00000
6.11000	7901.00000
6.12000	7959.00000
6.13000	7914.00000
6.14000	7976.00000
6.15000	7987.00000
6.16000	7969.00000
6.17000	7927.00000
6.18000	7946.00000
6.19000	7890.00000
6.20000	7942.00000
6.21000	8004.00000
6.22000	7978.00000
6.23000	7945.00000
6.24000	7957.00000
6.25000	7916.00000
6.26000	7960.00000
6.27000	7966.00000
6.28000	7975.00000
6.29000	7935.00000
6.30000	8005.00000
6.31000	7968.00000
6.32000	8022.00000
6.33000	8030.00000
6.34000	8009.00000
6.35000	7961.00000
6.36000	8002.00000
6.37000	7916.00000
6.38000	7973.00000
6.39000	7989.00000
6.40000	8022.00000
6.41000	7962.00000
6.42000	8003.00000
6.43000	7994.00000
6.44000	7998.00000
6.45000	8068.00000
6.46000	8024.00000
6.47000	7947.00000
6.48000	7937.00000
6.49000	7948.00000
6.50000	8005.00000
6.51000	8071.00000
6.52000	8037.00000
6.53000	7965.00000
6.54000	7961.00000
6.55000	7966.00000
6.56000	7959.00000
6.57000	8056.00000
6.58000	7988.00000
6.59000	7982.00000
6.60000	7941.00000
6.61000	7952.00000
6.62000	7970.00000
6.63000	8035.00000
6.64000	8031.00000
6.65000	7951.00000
6.66000	8042.00000
6.67000	7946.00000
6.68000	8001.00000
6.69000	8038.00000
6.70000	8028.00000
6.71000	7977.00000
6.72000	8040.00000
6.73000	8044.00000
6.74000	8060.00000
6.75000	8138.00000
6.76000	8179.00000
6.77000	8068.00000
6.78000	8135.00000
6.79000	8143.00000
6.80000	8227.00000
6.81000	8275.00000
6.82000	8442.00000
6.83000	8451.00000
6.84000	8667.00000
6.85000	8971.00000
6.86000	9567.00000
6.87000	10311.00000
6.88000	11359.00000
6.89000	12537.00000
6.90000	13778.00000
6.91000	14552.00000
6.92000	14415.00000
6.93000	13622.00000
6.94000	12414.00000
6.95000	11200.00000
6.96000	10363.00000
6.97000	9678.00000
6.98000	9246.00000
6.99000	9034.00000
7.00000	8783.00000
7.01000	8594.00000
7.02000	8477.00000
7.03000	8378.00000
7.04000	8359.00000
7.05000	8280.00000
7.06000	8271.00000
7.07000	8224.00000
7.08000	8204.00000
7.09000	8191.00000
7.10000	8201.00000
7.11000	8181.00000
7.12000	8132.00000
7.13000	8127.00000
7.14000	8109.00000
7.15000	8088.00000
7.16000	8177.00000
7.17000	8131.00000
7.18000	8139.00000
7.19000	8029.00000
7.20000	8106.00000
7.21000	8079.00000
7.22000	8116.00000
7.23000	8149.00000
7.24000	8093.00000
7.25000	8044.00000
7.26000	8088.00000
7.27000	8017.00000
7.28000	8083.00000
7.29000	8124.00000
7.30000	8099.00000
7.31000	8062.00000
7.32000	8076.00000
7.33000	8011.00000
7.34000	8079.00000
7.35000	8113.00000
7.36000	8092.00000
7.37000	8068.00000
7.38000	8105.00000
7.39000	8113.00000
7.40000	8146.00000
7.41000	8150.00000
7.42000	8158.00000
7.43000	8078.00000
7.44000	8077.00000
7.45000	8096.00000
7.46000	8105.00000
7.47000	8157.00000
7.48000	8117.00000
7.49000	8037.00000
7.50000	8084.00000
7.51000	8077.00000
7.52000	8068.00000
7.53000	8150.00000
7.54000	8161.00000
7.55000	8084.00000
7.56000	8142.00000
7.57000	8082.00000
7.58000	8168.00000
7.59000	8224.00000
7.60000	8225.00000
7.61000	8165.00000
7.62000	8188.00000
7.63000	8188.00000
7.64000	8233.00000
7.65000	8258.00000
7.66000	8278.00000
7.67000	8274.00000
7.68000	8321.00000
7.69000	8356.00000
7.70000	8374.00000
7.71000	8328.00000
7.72000	8287.00000
7.73000	8258.00000
7.74000	8225.00000
7.75000	8215.00000
7.76000	8285.00000
7.77000	8316.00000
7.78000	8297.00000
7.79000	8221.00000
7.80000	8311.00000
7.81000	8289.00000
7.82000	8344.00000
7.83000	8389.00000
7.84000	8386.00000
7.85000	8338.00000
7.86000	8426.00000
7.87000	8388.00000
7.88000	8408.00000
7.89000	8492.00000
7.90000	8460.00000
7.91000	8403.00000
7.92000	8479.00000
7.93000	8542.00000
7.94000	8587.00000
7.95000	8717.00000
7.96000	8745.00000
7.97000	8770.00000
7.98000	8831.00000
7.99000	8939.00000
8.00000	9117.00000
8.01000	9356.00000
8.02000	9460.00000
8.03000	9646.00000
8.04000	10037.00000
8.05000	10432.00000
8.06000	11064.00000
8.07000	11994.00000
8.08000	13202.00000
8.09000	14981.00000
8.10000	17815.00000
8.11000	22082.00000
8.12000	28885.00000
8.13000	38967.00000
8.14000	50980.00000
8.15000	63032.00000
8.16000	71242.00000
8.17000	70111.00000
8.18000	60999.00000
8.19000	48175.00000
8.20000	36354.00000
8.21000	27159.00000
8.22000	20989.00000
8.23000	16948.00000
8.24000	14368.00000
8.25000	12727.00000
8.26000	11645.00000
8.27000	10746.00000
8.28000	10273.00000
8.29000	9854.00000
8.30000	9586.00000
8.31000	9376.00000
8.32000	9152.00000
8.33000	9024.00000
8.34000	8966.00000
8.35000	8839.00000
8.36000	8802.00000
8.37000	8878.00000
8.38000	8809.00000
8.39000	8732.00000
8.40000	8775.00000
8.41000	8752.00000
8.42000	8778.00000
8.43000	8930.00000
8.44000	9001.00000
8.45000	9017.00000
8.46000	9176.00000
8.47000	9397.00000
8.48000	9805.00000
8.49000	10394.00000
8.50000	11170.00000
8.51000	12430.00000
8.52000	14368.00000
8.53000	17227.00000
8.54000	21104.00000
8.55000	25339.00000
8.56000	27903.00000
8.57000	27418.00000
8.58000	24298.00000
8.59000	19745.00000
8.60000	15863.00000
8.61000	13142.00000
8.62000	11344.00000
8.63000	10200.00000
8.64000	9560.00000
8.65000	9138.00000
8.66000	8960.00000
8.67000	8759.00000
8.68000	8575.00000
8.69000	8389.00000
8.70000	8365.00000
8.71000	8308.00000
8.72000	8279.00000
8.73000	8333.00000
8.74000	8324.00000
8.75000	8220.00000
8.76000	8221.00000
8.77000	8139.00000
8.78000	8205.00000
8.79000	8248.00000
8.80000	8232.00000
8.81000	8140.00000
8.82000	8165.00000
8.83000	8145.00000
8.84000	8172.00000
8.85000	8237.00000
8.86000	8219.00000
8.87000	8194.00000
8.88000	8168.00000
8.89000	8174.00000
8.90000	8162.00000
8.91000	8161.00000
8.92000	8198.00000
8.93000	8122.00000
8.94000	8166.00000
8.95000	8135.00000
8.96000	8185.00000
8.97000	8212.00000
8.98000	8227.00000
8.99000	8152.00000
9.00000	8212.00000
9.01000	8166.00000
9.02000	8207.00000
9.03000	8202.00000
9.04000	8195.00000
9.05000	8175.00000
9.06000	8235.00000
9.07000	8165.00000
9.08000	8224.00000
9.09000	8235.00000
9.10000	8258.00000
9.11000	8233.00000
9.12000	8273.00000
9.13000	8255.00000
9.14000	8277.00000
9.15000	8331.00000
9.16000	8351.00000
9.17000	8299.00000
9.18000	8406.00000
9.19000	8378.00000
9.20000	8417.00000
9.21000	8497.00000
9.22000	8515.00000
9.23000	8498.00000
9.24000	8563.00000
9.25000	8638.00000
9.26000	8658.00000
9.27000	8792.00000
9.28000	8794.00000
9.29000	8815.00000
9.30000	8962.00000
9.31000	9096.00000
9.32000	9223.00000
9.33000	9436.00000
9.34000	9641.00000
9.35000	9821.00000
9.36000	10206.00000
9.37000	10665.00000
9.38000	11399.00000
9.39000	12537.00000
9.40000	14158.00000
9.41000	16618.00000
9.42000	20876.00000
9.43000	27813.00000
9.44000	39163.00000
9.45000	55561.00000
9.46000	74859.00000
9.47000	90395.00000
9.48000	93341.00000
9.49000	81229.00000
9.50000	61835.00000
9.51000	44006.00000
9.52000	31254.00000
9.53000	23123.00000
9.54000	18500.00000
9.55000	15698.00000
9.56000	14109.00000
9.57000	13235.00000
9.58000	12725.00000
9.59000	12533.00000
9.60000	12621.00000
9.61000	12788.00000
9.62000	12984.00000
9.63000	13234.00000
9.64000	13502.00000
9.65000	13823.00000
9.66000	14596.00000
9.67000	15426.00000
9.68000	16871.00000
9.69000	18788.00000
9.70000	21413.00000
9.71000	25015.00000
9.72000	30717.00000
9.73000	39219.00000
9.74000	53391.00000
9.75000	76793.00000
9.76000	113649.00000
9.77000	169392.00000
9.78000	247862.00000
9.79000	333664.00000
9.80000	392775.00000
9.81000	385497.00000
9.82000	313558.00000
9.83000	223642.00000
9.84000	149617.00000
9.85000	99145.00000
9.86000	67952.00000
9.87000	50059.00000
9.88000	39396.00000
9.89000	33291.00000
9.90000	29712.00000
9.91000	27231.00000
9.92000	25455.00000
9.93000	24297.00000
9.94000	24027.00000
9.95000	24959.00000
9.96000	27951.00000
9.97000	33960.00000
9.98000	45562.00000
9.99000	67162.00000
10.00000	104863.00000
10.01000	163057.00000
10.02000	227748.00000
10.03000	256112.00000
10.04000	228207.00000
10.05000	161374.00000
10.06000	96559.00000
10.07000	55831.00000
10.08000	34955.00000
10.09000	24186.00000
10.10000	18604.00000
10.11000	15517.00000
10.12000	13569.00000
10.13000	12232.00000
10.14000	11434.00000
10.15000	10753.00000
10.16000	10292.00000
10.17000	10064.00000
10.18000	9733.00000
10.19000	9428.00000
10.20000	9303.00000
10.21000	9097.00000
10.22000	9043.00000
10.23000	8928.00000
10.24000	8829.00000
10.25000	8686.00000
10.26000	8654.00000
10.27000	8552.00000
10.28000	8479.00000
10.29000	8390.00000
10.30000	8327.00000
10.31000	8274.00000
10.32000	8249.00000
10.33000	8179.00000
10.34000	8130.00000
10.35000	8203.00000
10.36000	8085.00000
10.37000	8017.00000
10.38000	8000.00000
10.39000	7929.00000
10.40000	7988.00000
10.41000	7961.00000
10.42000	7973.00000
10.43000	7878.00000
10.44000	7870.00000
10.45000	7876.00000
10.46000	7848.00000
10.47000	7914.00000
10.48000	7874.00000
10.49000	7775.00000
10.50000	7846.00000
10.51000	7751.00000
10.52000	7774.00000
10.53000	7780.00000
10.54000	7784.00000
10.55000	7674.00000
10.56000	7673.00000
10.57000	7677.00000
10.58000	7741.00000
10.59000	7734.00000
10.60000	7703.00000
10.61000	7669.00000
10.62000	7690.00000
10.63000	7673.00000
10.64000	7680.00000
10.65000	7693.00000
10.66000	7666.00000
10.67000	7597.00000
10.68000	7675.00000
10.69000	7669.00000
10.70000	7785.00000
10.71000	7859.00000
10.72000	7904.00000
10.73000	7869.00000
10.74000	7834.00000
10.75000	7760.00000
10.76000	7690.00000
10.77000	7742.00000
10.78000	7662.00000
10.79000	7596.00000
10.80000	7592.00000
10.81000	7513.00000
10.82000	7590.00000
10.83000	7590.00000
10.84000	7545.00000
10.85000	7555.00000
10.86000	7561.00000
10.87000	7563.00000
10.88000	7571.00000
10.89000	7636.00000
10.90000	7539.00000
10.91000	7485.00000
10.92000	7529.00000
10.93000	7517.00000
10.94000	7498.00000
10.95000	7561.00000
10.96000	7526.00000
10.97000	7483.00000
10.98000	7466.00000
10.99000	7487.00000
11.00000	7488.00000
11.01000	7481.00000
11.02000	7482.00000
11.03000	7403.00000
11.04000	7393.00000
11.05000	7371.00000
11.06000	7409.00000
11.07000	7428.00000
11.08000	7431.00000
11.09000	7378.00000
11.10000	7385.00000
11.11000	7356.00000
11.12000	7367.00000
11.13000	7399.00000
11.14000	7390.00000
11.15000	7342.00000
11.16000	7385.00000
11.17000	7356.00000
11.18000	7386.00000
11.19000	7405.00000
11.20000	7352.00000
11.21000	7269.00000
11.22000	7331.00000
11.23000	7329.00000
11.24000	7323.00000
11.25000	7366.00000
11.26000	7342.00000
11.27000	7310.00000
11.28000	7318.00000
11.29000	7297.00000
11.30000	7304.00000
11.31000	7366.00000
11.32000	7314.00000
11.33000	7262.00000
11.34000	7244.00000
11.35000	7261.00000
11.36000	7277.00000
11.37000	7291.00000
11.38000	7265.00000
11.39000	7258.00000
11.40000	7311.00000
11.41000	7299.00000
11.42000	7433.00000
11.43000	7401.00000
11.44000	7347.00000
11.45000	7283.00000
11.46000	7297.00000
11.47000	7270.00000
11.48000	7293.00000
11.49000	7336.00000
11.50000	7256.00000
11.51000	7245.00000
11.52000	7289.00000
11.53000	7227.00000
11.54000	7213.00000
11.55000	7305.00000
11.56000	7292.00000
11.57000	7243.00000
11.58000	7253.00000
11.59000	7239.00000
11.60000	7303.00000
11.61000	7297.00000
11.62000	7287.00000
11.63000	7274.00000
11.64000	7268.00000
11.65000	7297.00000
11.66000	7304.00000
11.67000	7369.00000
11.68000	7385.00000
11.69000	7333.00000
11.70000	7415.00000
11.71000	7356.00000
11.72000	7373.00000
11.73000	7432.00000
11.74000	7428.00000
11.75000	7418.00000
11.76000	7453.00000
11.77000	7456.00000
11.78000	7470.00000
11.79000	7628.00000
11.80000	7606.00000
11.81000	7639.00000
11.82000	7697.00000
11.83000	7740.00000
11.84000	7848.00000
11.85000	8019.00000
11.86000	8087.00000
11.87000	8207.00000
11.88000	8475.00000
11.89000	8788.00000
11.90000	9251.00000
11.91000	9777.00000
11.92000	10305.00000
11.93000	10729.00000
11.94000	10846.00000
11.95000	10880.00000
11.96000	10903.00000
11.97000	11101.00000
11.98000	11429.00000
11.99000	12040.00000
12.00000	13004.00000
12.01000	14383.00000
12.02000	16368.00000
12.03000	19548.00000
12.04000	24079.00000
12.05000	30715.00000
12.06000	41554.00000
12.07000	56996.00000
12.08000	80099.00000
12.09000	108414.00000
12.10000	133883.00000
12.11000	144760.00000
12.12000	135890.00000
12.13000	110350.00000
12.14000	82719.00000
12.15000	60612.00000
12.16000	45934.00000
12.17000	37469.00000
12.18000	34097.00000
12.19000	33585.00000
12.20000	34547.00000
12.21000	34556.00000
12.22000	32072.00000
12.23000	27340.00000
12.24000	22346.00000
12.25000	17999.00000
12.26000	14949.00000
12.27000	12884.00000
12.28000	11432.00000
12.29000	10386.00000
12.30000	9781.00000
12.31000	9271.00000
12.32000	8968.00000
12.33000	8706.00000
12.34000	8456.00000
12.35000	8283.00000
12.36000	8157.00000
12.37000	7995.00000
12.38000	7982.00000
12.39000	7912.00000
12.40000	7806.00000
12.41000	7693.00000
12.42000	7650.00000
12.43000	7574.00000
12.44000	7628.00000
12.45000	7615.00000
12.46000	7518.00000
12.47000	7453.00000
12.48000	7448.00000
12.49000	7419.00000
12.50000	7378.00000
12.51000	7453.00000
12.52000	7434.00000
12.53000	7341.00000
12.54000	7403.00000
12.55000	7360.00000
12.56000	7389.00000
12.57000	7404.00000
12.58000	7430.00000
12.59000	7332.00000
12.60000	7427.00000
12.61000	7422.00000
12.62000	7433.00000
12.63000	7528.00000
12.64000	7471.00000
12.65000	7463.00000
12.66000	7518.00000
12.67000	7497.00000
12.68000	7568.00000
12.69000	7677.00000
12.70000	7666.00000
12.71000	7726.00000
12.72000	7841.00000
12.73000	7950.00000
12.74000	8093.00000
12.75000	8284.00000
12.76000	8453.00000
12.77000	8626.00000
12.78000	8947.00000
12.79000	9274.00000
12.80000	9843.00000
12.81000	10488.00000
12.82000	11156.00000
12.83000	12051.00000
12.84000	13223.00000
12.85000	14633.00000
12.86000	16423.00000
12.87000	18525.00000
12.88000	20579.00000
12.89000	22486.00000
12.90000	23874.00000
12.91000	24286.00000
12.92000	23894.00000
12.93000	22763.00000
12.94000	20961.00000
12.95000	19049.00000
12.96000	17442.00000
12.97000	15868.00000
12.98000	14747.00000
12.99000	13941.00000
13.00000	13164.00000
13.01000	12748.00000
13.02000	12568.00000
13.03000	12450.00000
13.04000	12690.00000
13.05000	13235.00000
13.06000	13866.00000
13.07000	14765.00000
13.08000	16162.00000
13.09000	17802.00000
13.10000	19988.00000
13.11000	22502.00000
13.12000	25123.00000
13.13000	27343.00000
13.14000	29336.00000
13.15000	29961.00000
13.16000	29479.00000
13.17000	27805.00000
13.18000	25383.00000
13.19000	22615.00000
13.20000	20041.00000
13.21000	17786.00000
13.22000	15889.00000
13.23000	14396.00000
13.24000	13044.00000
13.25000	11966.00000
13.26000	11173.00000
13.27000	10516.00000
13.28000	10007.00000
13.29000	9616.00000
13.30000	9276.00000
13.31000	8952.00000
13.32000	8772.00000
13.33000	8593.00000
13.34000	8447.00000
13.35000	8392.00000
13.36000	8275.00000
13.37000	8067.00000
13.38000	7961.00000
13.39000	7850.00000
13.40000	7834.00000
13.41000	7833.00000
13.42000	7789.00000
13.43000	7718.00000
13.44000	7689.00000
13.45000	7667.00000
13.46000	7706.00000
13.47000	7706.00000
13.48000	7765.00000
13.49000	7672.00000
13.50000	7747.00000
13.51000	7734.00000
13.52000	7729.00000
13.53000	7714.00000
13.54000	7801.00000
13.55000	7811.00000
13.56000	7827.00000
13.57000	7903.00000
13.58000	7969.00000
13.59000	8069.00000
13.60000	8165.00000
13.61000	8179.00000
13.62000	8302.00000
13.63000	8389.00000
13.64000	8569.00000
13.65000	8828.00000
13.66000	9007.00000
13.67000	9234.00000
13.68000	9577.00000
13.69000	9954.00000
13.70000	10478.00000
13.71000	11208.00000
13.72000	11987.00000
13.73000	13042.00000
13.74000	14696.00000
13.75000	16894.00000
13.76000	20277.00000
13.77000	25326.00000
13.78000	32143.00000
13.79000	41320.00000
13.80000	51806.00000
13.81000	61272.00000
13.82000	66322.00000
13.83000	65135.00000
13.84000	59438.00000
13.85000	53776.00000
13.86000	51551.00000
13.87000	52700.00000
13.88000	57105.00000
13.89000	63554.00000
13.90000	68651.00000
13.91000	70493.00000
13.92000	68130.00000
13.93000	60766.00000
13.94000	51595.00000
13.95000	42151.00000
13.96000	33970.00000
13.97000	27435.00000
13.98000	22602.00000
13.99000	19050.00000
14.00000	16541.00000
14.01000	14793.00000
14.02000	13515.00000
14.03000	12548.00000
14.04000	12159.00000
14.05000	11987.00000
14.06000	12355.00000
14.07000	13356.00000
14.08000	14924.00000
14.09000	17224.00000
14.10000	20312.00000
14.11000	22987.00000
14.12000	24050.00000
14.13000	22700.00000
14.14000	19643.00000
14.15000	16163.00000
14.16000	13407.00000
14.17000	11452.00000
14.18000	10170.00000
14.19000	9434.00000
14.20000	8874.00000
14.21000	8397.00000
14.22000	8184.00000
14.23000	7969.00000
14.24000	7833.00000
14.25000	7749.00000
14.26000	7683.00000
14.27000	7564.00000
14.28000	7472.00000
14.29000	7395.00000
14.30000	7383.00000
14.31000	7421.00000
14.32000	7361.00000
14.33000	7264.00000
14.34000	7229.00000
14.35000	7221.00000
14.36000	7256.00000
14.37000	7295.00000
14.38000	7244.00000
14.39000	7200.00000
14.40000	7198.00000
14.41000	7204.00000
14.42000	7209.00000
14.43000	7264.00000
14.44000	7199.00000
14.45000	7142.00000
14.46000	7214.00000
14.47000	7223.00000
14.48000	7251.00000
14.49000	7316.00000
14.50000	7358.00000
14.51000	7276.00000
14.52000	7355.00000
14.53000	7322.00000
14.54000	7373.00000
14.55000	7367.00000
14.56000	7359.00000
14.57000	7277.00000
14.58000	7326.00000
14.59000	7314.00000
14.60000	7351.00000
14.61000	7395.00000
14.62000	7438.00000
14.63000	7457.00000
14.64000	7499.00000
14.65000	7547.00000
14.66000	7584.00000
14.67000	7710.00000
14.68000	7771.00000
14.69000	7884.00000
14.70000	8028.00000
14.71000	8127.00000
14.72000	8344.00000
14.73000	8648.00000
14.74000	8852.00000
14.75000	9110.00000
14.76000	9602.00000
14.77000	10145.00000
14.78000	10836.00000
14.79000	11807.00000
14.80000	12818.00000
14.81000	14285.00000
14.82000	16134.00000
14.83000	18420.00000
14.84000	21464.00000
14.85000	25101.00000
14.86000	28996.00000
14.87000	32374.00000
14.88000	35454.00000
14.89000	36909.00000
14.90000	37282.00000
14.91000	36794.00000
14.92000	35922.00000
14.93000	35113.00000
14.94000	34639.00000
14.95000	33469.00000
14.96000	31938.00000
14.97000	29614.00000
14.98000	26568.00000
14.99000	23283.00000
15.00000	20513.00000
15.01000	17978.00000
15.02000	16107.00000
15.03000	14617.00000
15.04000	13445.00000
15.05000	12672.00000
15.06000	12069.00000
15.07000	11465.00000
15.08000	10998.00000
15.09000	10376.00000
15.10000	9730.00000
15.11000	9224.00000
15.12000	8929.00000
15.13000	8588.00000
15.14000	8425.00000
15.15000	8267.00000
15.16000	8108.00000
15.17000	7981.00000
15.18000	7916.00000
15.19000	7828.00000
15.20000	7742.00000
15.21000	7774.00000
15.22000	7694.00000
15.23000	7688.00000
15.24000	7649.00000
15.25000	7584.00000
15.26000	7605.00000
15.27000	7664.00000
15.28000	7640.00000
15.29000	7616.00000
15.30000	7652.00000
15.31000	7680.00000
15.32000	7719.00000
15.33000	7806.00000
15.34000	7808.00000
15.35000	7850.00000
15.36000	7980.00000
15.37000	8099.00000
15.38000	8299.00000
15.39000	8530.00000
15.40000	8776.00000
15.41000	9017.00000
15.42000	9457.00000
15.43000	9961.00000
15.44000	10746.00000
15.45000	11621.00000
15.46000	12737.00000
15.47000	13966.00000
15.48000	15485.00000
15.49000	16940.00000
15.50000	18327.00000
15.51000	19022.00000
15.52000	18916.00000
15.53000	18059.00000
15.54000	17045.00000
15.55000	15734.00000
15.56000	14588.00000
15.57000	13644.00000
15.58000	12780.00000
15.59000	12157.00000
15.60000	11829.00000
15.61000	11785.00000
15.62000	12035.00000
15.63000	12557.00000
15.64000	13382.00000
15.65000	14498.00000
15.66000	16269.00000
15.67000	18656.00000
15.68000	22316.00000
15.69000	27714.00000
15.70000	35438.00000
15.71000	46132.00000
15.72000	60424.00000
15.73000	76930.00000
15.74000	91070.00000
15.75000	96871.00000
15.76000	89680.00000
15.77000	74212.00000
15.78000	57306.00000
15.79000	42484.00000
15.80000	31835.00000
15.81000	24518.00000
15.82000	19588.00000
15.83000	16217.00000
15.84000	14015.00000
15.85000	12442.00000
15.86000	11310.00000
15.87000	10557.00000
15.88000	9911.00000
15.89000	9411.00000
15.90000	9084.00000
15.91000	8768.00000
15.92000	8587.00000
15.93000	8403.00000
15.94000	8289.00000
15.95000	8141.00000
15.96000	8141.00000
15.97000	8045.00000
15.98000	8060.00000
15.99000	8180.00000
16.00000	8190.00000
16.01000	8120.00000
16.02000	8315.00000
16.03000	8485.00000
16.04000	8757.00000
16.05000	9092.00000
16.06000	9540.00000
16.07000	10091.00000
16.08000	10923.00000
16.09000	12009.00000
16.10000	13557.00000
16.11000	15604.00000
16.12000	17948.00000
16.13000	20245.00000
16.14000	22426.00000
16.15000	23351.00000
16.16000	22746.00000
16.17000	21026.00000
16.18000	18549.00000
16.19000	16004.00000
16.20000	13913.00000
16.21000	12350.00000
16.22000	11318.00000
16.23000	10705.00000
16.24000	10235.00000
16.25000	10037.00000
16.26000	10095.00000
16.27000	10274.00000
16.28000	10677.00000
16.29000	11365.00000
16.30000	12156.00000
16.31000	13359.00000
16.32000	15024.00000
16.33000	16955.00000
16.34000	19437.00000
16.35000	22285.00000
16.36000	25035.00000
16.37000	27162.00000
16.38000	29089.00000
16.39000	29962.00000
16.40000	30108.00000
16.41000	28629.00000
16.42000	26094.00000
16.43000	22861.00000
16.44000	20414.00000
16.45000	18617.00000
16.46000	17891.00000
16.47000	17772.00000
16.48000	18007.00000
16.49000	18341.00000
16.50000	18538.00000
16.51000	18034.00000
16.52000	17210.00000
16.53000	16130.00000
16.54000	14898.00000
16.55000	13937.00000
16.56000	13376.00000
16.57000	13149.00000
16.58000	13413.00000
16.59000	13955.00000
16.60000	14400.00000
16.61000	14459.00000
16.62000	13932.00000
16.63000	12847.00000
16.64000	11574.00000
16.65000	10465.00000
16.66000	9572.00000
16.67000	8896.00000
16.68000	8461.00000
16.69000	8154.00000
16.70000	7961.00000
16.71000	7800.00000
16.72000	7682.00000
16.73000	7558.00000
16.74000	7525.00000
16.75000	7453.00000
16.76000	7427.00000
16.77000	7407.00000
16.78000	7386.00000
16.79000	7316.00000
16.80000	7358.00000
16.81000	7315.00000
16.82000	7388.00000
16.83000	7428.00000
16.84000	7442.00000
16.85000	7403.00000
16.86000	7457.00000
16.87000	7468.00000
16.88000	7485.00000
16.89000	7589.00000
16.90000	7638.00000
16.91000	7636.00000
16.92000	7704.00000
16.93000	7803.00000
16.94000	7949.00000
16.95000	8052.00000
16.96000	8221.00000
16.97000	8318.00000
16.98000	8528.00000
16.99000	8776.00000
17.00000	9074.00000
17.01000	9457.00000
17.02000	9868.00000
17.03000	10316.00000
17.04000	10907.00000
17.05000	11698.00000
17.06000	12774.00000
17.07000	14151.00000
17.08000	15803.00000
17.09000	17771.00000
17.10000	20422.00000
17.11000	23587.00000
17.12000	27789.00000
17.13000	33107.00000
17.14000	39019.00000
17.15000	45692.00000
17.16000	52502.00000
17.17000	57687.00000
17.18000	59915.00000
17.19000	58145.00000
17.20000	52185.00000
17.21000	44618.00000
17.22000	37147.00000
17.23000	30184.00000
17.24000	24682.00000
17.25000	20531.00000
17.26000	17320.00000
17.27000	14834.00000
17.28000	13126.00000
17.29000	11783.00000
17.30000	10768.00000
17.31000	10100.00000
17.32000	9540.00000
17.33000	8987.00000
17.34000	8675.00000
17.35000	8356.00000
17.36000	8170.00000
17.37000	8020.00000
17.38000	7827.00000
17.39000	7629.00000
17.40000	7559.00000
17.41000	7422.00000
17.42000	7346.00000
17.43000	7313.00000
17.44000	7213.00000
17.45000	7132.00000
17.46000	7153.00000
17.47000	7066.00000
17.48000	7095.00000
17.49000	7061.00000
17.50000	7054.00000
17.51000	6988.00000
17.52000	6960.00000
17.53000	6915.00000
17.54000	6937.00000
17.55000	6950.00000
17.56000	6921.00000
17.57000	6867.00000
17.58000	6880.00000
17.59000	6861.00000
17.60000	6884.00000
17.61000	6950.00000
17.62000	6913.00000
17.63000	6922.00000
17.64000	6941.00000
17.65000	7030.00000
17.66000	7054.00000
17.67000	7141.00000
17.68000	7176.00000
17.69000	7232.00000
17.70000	7373.00000
17.71000	7508.00000
17.72000	7795.00000
17.73000	8046.00000
17.74000	8383.00000
17.75000	8775.00000
17.76000	9404.00000
17.77000	10015.00000
17.78000	10730.00000
17.79000	11462.00000
17.80000	11871.00000
17.81000	11829.00000
17.82000	11670.00000
17.83000	11105.00000
17.84000	10455.00000
17.85000	9929.00000
17.86000	9299.00000
17.87000	8794.00000
17.88000	8453.00000
17.89000	8133.00000
17.90000	8018.00000
17.91000	7903.00000
17.92000	7946.00000
17.93000	7940.00000
17.94000	8150.00000
17.95000	8318.00000
17.96000	8618.00000
17.97000	9107.00000
17.98000	9717.00000
17.99000	10335.00000
18.00000	11315.00000
18.01000	12313.00000
18.02000	13325.00000
18.03000	14075.00000
18.04000	14245.00000
18.05000	13871.00000
18.06000	13123.00000
18.07000	12111.00000
18.08000	11184.00000
18.09000	10312.00000
18.10000	9527.00000
18.11000	8873.00000
18.12000	8411.00000
18.13000	7988.00000
18.14000	7779.00000
18.15000	7554.00000
18.16000	7373.00000
18.17000	7242.00000
18.18000	7162.00000
18.19000	7059.00000
18.20000	6944.00000
18.21000	6987.00000
18.22000	6882.00000
18.23000	6833.00000
18.24000	6812.00000
18.25000	6806.00000
18.26000	6802.00000
18.27000	6822.00000
18.28000	6831.00000
18.29000	6861.00000
18.30000	6884.00000
18.31000	6942.00000
18.32000	7040.00000
18.33000	7166.00000
18.34000	7304.00000
18.35000	7381.00000
18.36000	7431.00000
18.37000	7452.00000
18.38000	7442.00000
18.39000	7331.00000
18.40000	7231.00000
18.41000	7027.00000
18.42000	6998.00000
18.43000	6858.00000
18.44000	6832.00000
18.45000	6770.00000
18.46000	6790.00000
18.47000	6692.00000
18.48000	6729.00000
18.49000	6713.00000
18.50000	6665.00000
18.51000	6743.00000
18.52000	6754.00000
18.53000	6747.00000
18.54000	6703.00000
18.55000	6713.00000
18.56000	6728.00000
18.57000	6783.00000
18.58000	6734.00000
18.59000	6726.00000
18.60000	6731.00000
18.61000	6741.00000
18.62000	6799.00000
18.63000	6811.00000
18.64000	6793.00000
18.65000	6823.00000
18.66000	6901.00000
18.67000	6936.00000
18.68000	7005.00000
18.69000	7133.00000
18.70000	7264.00000
18.71000	7397.00000
18.72000	7739.00000
18.73000	8098.00000
18.74000	8620.00000
18.75000	9084.00000
18.76000	9304.00000
18.77000	9207.00000
18.78000	8972.00000
18.79000	8442.00000
18.80000	8080.00000
18.81000	7835.00000
18.82000	7578.00000
18.83000	7410.00000
18.84000	7396.00000
18.85000	7321.00000
18.86000	7414.00000
18.87000	7473.00000
18.88000	7594.00000
18.89000	7635.00000
18.90000	7842.00000
18.91000	8031.00000
18.92000	8365.00000
18.93000	8794.00000
18.94000	9329.00000
18.95000	9997.00000
18.96000	11058.00000
18.97000	12451.00000
18.98000	14393.00000
18.99000	16718.00000
19.00000	19125.00000
19.01000	21109.00000
19.02000	22183.00000
19.03000	21775.00000
19.04000	20155.00000
19.05000	18077.00000
19.06000	15910.00000
19.07000	14234.00000
19.08000	13133.00000
19.09000	12489.00000
19.10000	12328.00000
19.11000	12649.00000
19.12000	13307.00000
19.13000	14467.00000
19.14000	16333.00000
19.15000	18723.00000
19.16000	21816.00000
19.17000	25088.00000
19.18000	27277.00000
19.19000	27833.00000
19.20000	26577.00000
19.21000	23969.00000
19.22000	21008.00000
19.23000	18390.00000
19.24000	16345.00000
19.25000	14848.00000
19.26000	14191.00000
19.27000	14010.00000
19.28000	14393.00000
19.29000	15350.00000
19.30000	16599.00000
19.31000	18334.00000
19.32000	20530.00000
19.33000	22582.00000
19.34000	24286.00000
19.35000	24987.00000
19.36000	24215.00000
19.37000	22355.00000
19.38000	20154.00000
19.39000	17692.00000
19.40000	15624.00000
19.41000	14018.00000
19.42000	12666.00000
19.43000	11639.00000
19.44000	10964.00000
19.45000	10428.00000
19.46000	10124.00000
19.47000	10019.00000
19.48000	9909.00000
19.49000	9871.00000
19.50000	10030.00000
19.51000	10205.00000
19.52000	10455.00000
19.53000	10785.00000
19.54000	10996.00000
19.55000	11251.00000
19.56000	11442.00000
19.57000	11499.00000
19.58000	11452.00000
19.59000	11381.00000
19.60000	11113.00000
19.61000	10747.00000
19.62000	10476.00000
19.63000	10181.00000
19.64000	9983.00000
19.65000	9838.00000
19.66000	9673.00000
19.67000	9515.00000
19.68000	9403.00000
19.69000	9186.00000
19.70000	8971.00000
19.71000	8853.00000
19.72000	8758.00000
19.73000	8596.00000
19.74000	8631.00000
19.75000	8649.00000
19.76000	8773.00000
19.77000	9011.00000
19.78000	9256.00000
19.79000	9565.00000
19.80000	10119.00000
19.81000	10789.00000
19.82000	11774.00000
19.83000	12952.00000
19.84000	14248.00000
19.85000	15433.00000
19.86000	16655.00000
19.87000	17217.00000
19.88000	17399.00000
19.89000	16865.00000
19.90000	15861.00000
19.91000	14652.00000
19.92000	13676.00000
19.93000	12896.00000
19.94000	12515.00000
19.95000	12538.00000
19.96000	12822.00000
19.97000	13503.00000
19.98000	14734.00000
19.99000	16414.00000
20.00000	18537.00000
20.01000	20919.00000
20.02000	22557.00000
20.03000	23197.00000
20.04000	22729.00000
20.05000	21270.00000
20.06000	19607.00000
20.07000	18426.00000
20.08000	17715.00000
20.09000	17707.00000
20.10000	18625.00000
20.11000	20361.00000
20.12000	22913.00000
20.13000	25099.00000
20.14000	25642.00000
20.15000	23832.00000
20.16000	20713.00000
20.17000	17141.00000
20.18000	14261.00000
20.19000	12225.00000
20.20000	10834.00000
20.21000	9884.00000
20.22000	9249.00000
20.23000	8848.00000
20.24000	8578.00000
20.25000	8440.00000
20.26000	8261.00000
20.27000	8153.00000
20.28000	8133.00000
20.29000	8047.00000
20.30000	8045.00000
20.31000	8104.00000
20.32000	8201.00000
20.33000	8192.00000
20.34000	8377.00000
20.35000	8529.00000
20.36000	8862.00000
20.37000	9209.00000
20.38000	9606.00000
20.39000	10165.00000
20.40000	10994.00000
20.41000	11986.00000
20.42000	13446.00000
20.43000	15415.00000
20.44000	17663.00000
20.45000	20248.00000
20.46000	22838.00000
20.47000	24863.00000
20.48000	25648.00000
20.49000	24908.00000
20.50000	23017.00000
20.51000	20601.00000
20.52000	18534.00000
20.53000	16870.00000
20.54000	15665.00000
20.55000	15239.00000
20.56000	14895.00000
20.57000	14916.00000
20.58000	15238.00000
20.59000	15640.00000
20.60000	16255.00000
20.61000	16938.00000
20.62000	17410.00000
20.63000	17717.00000
20.64000	17896.00000
20.65000	17562.00000
20.66000	17082.00000
20.67000	16460.00000
20.68000	15693.00000
20.69000	14797.00000
20.70000	14117.00000
20.71000	13486.00000
20.72000	13104.00000
20.73000	12842.00000
20.74000	12586.00000
20.75000	12399.00000
20.76000	12474.00000
20.77000	12504.00000
20.78000	12705.00000
20.79000	13096.00000
20.80000	13289.00000
20.81000	13412.00000
20.82000	13663.00000
20.83000	13649.00000
20.84000	13717.00000
20.85000	13511.00000
20.86000	13194.00000
20.87000	12608.00000
20.88000	12109.00000
20.89000	11499.00000
20.90000	11015.00000
20.91000	10569.00000
20.92000	10158.00000
20.93000	9716.00000
20.94000	9374.00000
20.95000	9077.00000
20.96000	8905.00000
20.97000	8748.00000
20.98000	8575.00000
20.99000	8455.00000
21.00000	8396.00000
21.01000	8336.00000
21.02000	8378.00000
21.03000	8465.00000
21.04000	8545.00000
21.05000	8636.00000
21.06000	8876.00000
21.07000	9074.00000
21.08000	9292.00000
21.09000	9427.00000
21.10000	9436.00000
21.11000	9260.00000
21.12000	9162.00000
21.13000	9006.00000
21.14000	9022.00000
21.15000	9092.00000
21.16000	9113.00000
21.17000	9011.00000
21.18000	8944.00000
21.19000	8724.00000
21.20000	8619.00000
21.21000	8604.00000
21.22000	8622.00000
21.23000	8670.00000
21.24000	8954.00000
21.25000	9313.00000
21.26000	9933.00000
21.27000	10809.00000
21.28000	11850.00000
21.29000	13218.00000
21.30000	15038.00000
21.31000	16640.00000
21.32000	18129.00000
21.33000	18650.00000
21.34000	17891.00000
21.35000	16208.00000
21.36000	14426.00000
21.37000	12755.00000
21.38000	11539.00000
21.39000	10759.00000
21.40000	10201.00000
21.41000	9836.00000
21.42000	9736.00000
21.43000	9829.00000
21.44000	10059.00000
21.45000	10569.00000
21.46000	11054.00000
21.47000	11790.00000
21.48000	12911.00000
21.49000	14391.00000
21.50000	16394.00000
21.51000	18960.00000
21.52000	21544.00000
21.53000	24072.00000
21.54000	26290.00000
21.55000	27137.00000
21.56000	26924.00000
21.57000	25389.00000
21.58000	22982.00000
21.59000	20214.00000
21.60000	17791.00000
21.61000	15544.00000
21.62000	13830.00000
21.63000	12449.00000
21.64000	11350.00000
21.65000	10529.00000
21.66000	9911.00000
21.67000	9413.00000
21.68000	9163.00000
21.69000	8903.00000
21.70000	8727.00000
21.71000	8526.00000
21.72000	8509.00000
21.73000	8448.00000
21.74000	8513.00000
21.75000	8555.00000
21.76000	8658.00000
21.77000	8770.00000
21.78000	8984.00000
21.79000	9219.00000
21.80000	9596.00000
21.81000	10104.00000
21.82000	10746.00000
21.83000	11469.00000
21.84000	12529.00000
21.85000	13648.00000
21.86000	14948.00000
21.87000	16480.00000
21.88000	17618.00000
21.89000	18204.00000
21.90000	18394.00000
21.91000	18232.00000
21.92000	17673.00000
21.93000	17144.00000
21.94000	16471.00000
21.95000	15849.00000
21.96000	15505.00000
21.97000	15313.00000
21.98000	15488.00000
21.99000	16034.00000
22.00000	16837.00000
22.01000	17923.00000
22.02000	19407.00000
22.03000	21085.00000
22.04000	22947.00000
22.05000	24663.00000
22.06000	25529.00000
22.07000	25380.00000
22.08000	24699.00000
22.09000	22931.00000
22.10000	20883.00000
22.11000	18794.00000
22.12000	16788.00000
22.13000	14938.00000
22.14000	13606.00000
22.15000	12340.00000
22.16000	11490.00000
22.17000	10784.00000
22.18000	10226.00000
22.19000	9834.00000
22.20000	9615.00000
22.21000	9516.00000
22.22000	9587.00000
22.23000	9809.00000
22.24000	10081.00000
22.25000	10566.00000
22.26000	11378.00000
22.27000	12359.00000
22.28000	13634.00000
22.29000	14663.00000
22.30000	15089.00000
22.31000	14756.00000
22.32000	13875.00000
22.33000	12563.00000
22.34000	11306.00000
22.35000	10242.00000
22.36000	9388.00000
22.37000	8799.00000
22.38000	8348.00000
22.39000	8028.00000
22.40000	7786.00000
22.41000	7729.00000
22.42000	7530.00000
22.43000	7424.00000
22.44000	7366.00000
22.45000	7290.00000
22.46000	7244.00000
22.47000	7300.00000
22.48000	7227.00000
22.49000	7132.00000
22.50000	7169.00000
22.51000	7142.00000
22.52000	7146.00000
22.53000	7172.00000
22.54000	7165.00000
22.55000	7141.00000
22.56000	7145.00000
22.57000	7136.00000
22.58000	7165.00000
22.59000	7166.00000
22.60000	7214.00000
22.61000	7139.00000
22.62000	7235.00000
22.63000	7186.00000
22.64000	7286.00000
22.65000	7330.00000
22.66000	7359.00000
22.67000	7398.00000
22.68000	7483.00000
22.69000	7496.00000
22.70000	7621.00000
22.71000	7715.00000
22.72000	7838.00000
22.73000	7926.00000
22.74000	8146.00000
22.75000	8395.00000
22.76000	8724.00000
22.77000	9157.00000
22.78000	9640.00000
22.79000	10188.00000
22.80000	11057.00000
22.81000	12008.00000
22.82000	13215.00000
22.83000	14513.00000
22.84000	15504.00000
22.85000	16003.00000
22.86000	16250.00000
22.87000	15864.00000
22.88000	15265.00000
22.89000	14840.00000
22.90000	14504.00000
22.91000	14527.00000
22.92000	14805.00000
22.93000	15440.00000
22.94000	16355.00000
22.95000	17568.00000
22.96000	18778.00000
22.97000	19737.00000
22.98000	20818.00000
22.99000	21306.00000
23.00000	21601.00000
23.01000	21145.00000
23.02000	20265.00000
23.03000	19122.00000
23.04000	18072.00000
23.05000	16795.00000
23.06000	15868.00000
23.07000	15045.00000
23.08000	14406.00000
23.09000	13894.00000
23.10000	13671.00000
23.11000	13583.00000
23.12000	13871.00000
23.13000	14210.00000
23.14000	14738.00000
23.15000	15329.00000
23.16000	16240.00000
23.17000	17169.00000
23.18000	18244.00000
23.19000	19133.00000
23.20000	19550.00000
23.21000	19437.00000
23.22000	19008.00000
23.23000	18109.00000
23.24000	17060.00000
23.25000	15975.00000
23.26000	14810.00000
23.27000	13638.00000
23.28000	12709.00000
23.29000	11810.00000
23.30000	11091.00000
23.31000	10541.00000
23.32000	9987.00000
23.33000	9585.00000
23.34000	9229.00000
23.35000	9037.00000
23.36000	8906.00000
23.37000	8938.00000
23.38000	8849.00000
23.39000	8886.00000
23.40000	9040.00000
23.41000	9192.00000
23.42000	9338.00000
23.43000	9454.00000
23.44000	9376.00000
23.45000	9170.00000
23.46000	9018.00000
23.47000	8748.00000
23.48000	8583.00000
23.49000	8492.00000
23.50000	8365.00000
23.51000	8340.00000
23.52000	8384.00000
23.53000	8585.00000
23.54000	8911.00000
23.55000	9386.00000
23.56000	10034.00000
23.57000	10833.00000
23.58000	12032.00000
23.59000	13228.00000
23.60000	14395.00000
23.61000	15022.00000
23.62000	14846.00000
23.63000	13754.00000
23.64000	12502.00000
23.65000	11164.00000
23.66000	10078.00000
23.67000	9299.00000
23.68000	8713.00000
23.69000	8237.00000
23.70000	7991.00000
23.71000	7703.00000
23.72000	7584.00000
23.73000	7554.00000
23.74000	7413.00000
23.75000	7344.00000
23.76000	7326.00000
23.77000	7254.00000
23.78000	7255.00000
23.79000	7347.00000
23.80000	7298.00000
23.81000	7302.00000
23.82000	7313.00000
23.83000	7279.00000
23.84000	7299.00000
23.85000	7370.00000
23.86000	7452.00000
23.87000	7422.00000
23.88000	7546.00000
23.89000	7613.00000
23.90000	7728.00000
23.91000	7927.00000
23.92000	8130.00000
23.93000	8326.00000
23.94000	8645.00000
23.95000	8948.00000
23.96000	9502.00000
23.97000	9985.00000
23.98000	10535.00000
23.99000	10862.00000
24.00000	11349.00000
24.01000	11566.00000
24.02000	11810.00000
24.03000	12037.00000
24.04000	12300.00000
24.05000	12675.00000
24.06000	13283.00000
24.07000	13754.00000
24.08000	14445.00000
24.09000	15058.00000
24.10000	15478.00000
24.11000	15612.00000
24.12000	15696.00000
24.13000	15669.00000
24.14000	15662.00000
24.15000	15632.00000
24.16000	15352.00000
24.17000	14925.00000
24.18000	14476.00000
24.19000	13951.00000
24.20000	13501.00000
24.21000	13072.00000
24.22000	12529.00000
24.23000	12048.00000
24.24000	11632.00000
24.25000	11205.00000
24.26000	10885.00000
24.27000	10703.00000
24.28000	10417.00000
24.29000	10281.00000
24.30000	10222.00000
24.31000	10207.00000
24.32000	10386.00000
24.33000	10680.00000
24.34000	10891.00000
24.35000	11032.00000
24.36000	11110.00000
24.37000	11026.00000
24.38000	10899.00000
24.39000	10791.00000
24.40000	10678.00000
24.41000	10629.00000
24.42000	10826.00000
24.43000	11087.00000
24.44000	11599.00000
24.45000	12253.00000
24.46000	12953.00000
24.47000	13694.00000
24.48000	14661.00000
24.49000	15495.00000
24.50000	16473.00000
24.51000	17550.00000
24.52000	18459.00000
24.53000	19340.00000
24.54000	20483.00000
24.55000	21500.00000
24.56000	22404.00000
24.57000	22877.00000
24.58000	23027.00000
24.59000	22764.00000
24.60000	23102.00000
24.61000	23636.00000
24.62000	24537.00000
24.63000	25470.00000
24.64000	25514.00000
24.65000	24499.00000
24.66000	22724.00000
24.67000	20417.00000
24.68000	18181.00000
24.69000	16222.00000
24.70000	14625.00000
24.71000	13462.00000
24.72000	12650.00000
24.73000	12090.00000
24.74000	11838.00000
24.75000	11796.00000
24.76000	11832.00000
24.77000	12028.00000
24.78000	12315.00000
24.79000	12549.00000
24.80000	12578.00000
24.81000	12382.00000
24.82000	11844.00000
24.83000	11152.00000
24.84000	10585.00000
24.85000	9990.00000
24.86000	9596.00000
24.87000	9224.00000
24.88000	9015.00000
24.89000	8808.00000
24.90000	8783.00000
24.91000	8709.00000
24.92000	8848.00000
24.93000	9050.00000
24.94000	9354.00000
24.95000	9589.00000
24.96000	10144.00000
24.97000	10717.00000
24.98000	11515.00000
24.99000	12245.00000
25.00000	12822.00000
25.01000	13076.00000
25.02000	13146.00000
25.03000	12930.00000
25.04000	12599.00000
25.05000	12318.00000
25.06000	12088.00000
25.07000	11967.00000
25.08000	12148.00000
25.09000	12477.00000
25.10000	13087.00000
25.11000	13762.00000
25.12000	14541.00000
25.13000	15219.00000
25.14000	15876.00000
25.15000	16140.00000
25.16000	16363.00000
25.17000	16292.00000
25.18000	15929.00000
25.19000	15416.00000
25.20000	14831.00000
25.21000	14235.00000
25.22000	13761.00000
25.23000	13446.00000
25.24000	13281.00000
25.25000	13133.00000
25.26000	13366.00000
25.27000	13729.00000
25.28000	14297.00000
25.29000	15228.00000
25.30000	16206.00000
25.31000	17151.00000
25.32000	18004.00000
25.33000	18517.00000
25.34000	18744.00000
25.35000	18308.00000
25.36000	17515.00000
25.37000	16279.00000
25.38000	15148.00000
25.39000	13928.00000
25.40000	12979.00000
25.41000	12141.00000
25.42000	11379.00000
25.43000	10650.00000
25.44000	10067.00000
25.45000	9477.00000
25.46000	9097.00000
25.47000	8738.00000
25.48000	8446.00000
25.49000	8094.00000
25.50000	7932.00000
25.51000	7725.00000
25.52000	7591.00000
25.53000	7523.00000
25.54000	7422.00000
25.55000	7321.00000
25.56000	7258.00000
25.57000	7210.00000
25.58000	7186.00000
25.59000	7152.00000
25.60000	7125.00000
25.61000	7110.00000
25.62000	7093.00000
25.63000	7069.00000
25.64000	7080.00000
25.65000	7136.00000
25.66000	7134.00000
25.67000	7119.00000
25.68000	7165.00000
25.69000	7132.00000
25.70000	7198.00000
25.71000	7274.00000
25.72000	7359.00000
25.73000	7347.00000
25.74000	7466.00000
25.75000	7574.00000
25.76000	7784.00000
25.77000	8007.00000
25.78000	8233.00000
25.79000	8419.00000
25.80000	8718.00000
25.81000	8827.00000
25.82000	9067.00000
25.83000	9146.00000
25.84000	9075.00000
25.85000	8943.00000
25.86000	8905.00000
25.87000	8786.00000
25.88000	8807.00000
25.89000	8799.00000
25.90000	8784.00000
25.91000	8735.00000
25.92000	8856.00000
25.93000	8927.00000
25.94000	9181.00000
25.95000	9489.00000
25.96000	9889.00000
25.97000	10384.00000
25.98000	11190.00000
25.99000	12040.00000
26.00000	13062.00000
26.01000	14185.00000
26.02000	14881.00000
26.03000	15192.00000
26.04000	15159.00000
26.05000	14733.00000
26.06000	14210.00000
26.07000	13667.00000
26.08000	13028.00000
26.09000	12393.00000
26.10000	11837.00000
26.11000	11264.00000
26.12000	10837.00000
26.13000	10543.00000
26.14000	10290.00000
26.15000	10189.00000
26.16000	10327.00000
26.17000	10499.00000
26.18000	10793.00000
26.19000	11156.00000
26.20000	11341.00000
26.21000	11400.00000
26.22000	11349.00000
26.23000	11064.00000
26.24000	10816.00000
26.25000	10473.00000
26.26000	10177.00000
26.27000	9912.00000
26.28000	9828.00000
26.29000	9754.00000
26.30000	9811.00000
26.31000	9845.00000
26.32000	9756.00000
26.33000	9554.00000
26.34000	9456.00000
26.35000	9174.00000
26.36000	8964.00000
26.37000	8674.00000
26.38000	8405.00000
26.39000	8110.00000
26.40000	7970.00000
26.41000	7780.00000
26.42000	7634.00000
26.43000	7566.00000
26.44000	7476.00000
26.45000	7322.00000
26.46000	7249.00000
26.47000	7172.00000
26.48000	7113.00000
26.49000	7161.00000
26.50000	7122.00000
26.51000	7066.00000
26.52000	7081.00000
26.53000	7009.00000
26.54000	7000.00000
26.55000	7071.00000
26.56000	7002.00000
26.57000	6985.00000
26.58000	7018.00000
26.59000	7076.00000
26.60000	7132.00000
26.61000	7209.00000
26.62000	7239.00000
26.63000	7310.00000
26.64000	7432.00000
26.65000	7518.00000
26.66000	7671.00000
26.67000	7823.00000
26.68000	7904.00000
26.69000	7912.00000
26.70000	7926.00000
26.71000	7781.00000
26.72000	7709.00000
26.73000	7637.00000
26.74000	7447.00000
26.75000	7336.00000
26.76000	7240.00000
26.77000	7169.00000
26.78000	7172.00000
26.79000	7116.00000
26.80000	7089.00000
26.81000	6972.00000
26.82000	7048.00000
26.83000	6989.00000
26.84000	7009.00000
26.85000	7060.00000
26.86000	7060.00000
26.87000	7050.00000
26.88000	7114.00000
26.89000	7158.00000
26.90000	7222.00000
26.91000	7265.00000
26.92000	7374.00000
26.93000	7349.00000
26.94000	7470.00000
26.95000	7531.00000
26.96000	7683.00000
26.97000	7842.00000
26.98000	7977.00000
26.99000	8203.00000
27.00000	8396.00000
27.01000	8711.00000
27.02000	9040.00000
27.03000	9434.00000
27.04000	9813.00000
27.05000	10208.00000
27.06000	10829.00000
27.07000	11560.00000
27.08000	12539.00000
27.09000	13665.00000
27.10000	14706.00000
27.11000	15691.00000
27.12000	16484.00000
27.13000	16718.00000
27.14000	16492.00000
27.15000	15891.00000
27.16000	14865.00000
27.17000	13778.00000
27.18000	12989.00000
27.19000	12270.00000
27.20000	11861.00000
27.21000	11587.00000
27.22000	11425.00000
27.23000	11279.00000
27.24000	11342.00000
27.25000	11323.00000
27.26000	11539.00000
27.27000	11756.00000
27.28000	11900.00000
27.29000	12030.00000
27.30000	12367.00000
27.31000	12645.00000
27.32000	13135.00000
27.33000	13768.00000
27.34000	14328.00000
27.35000	14822.00000
27.36000	15529.00000
27.37000	16118.00000
27.38000	16800.00000
27.39000	17380.00000
27.40000	17670.00000
27.41000	17601.00000
27.42000	17779.00000
27.43000	17716.00000
27.44000	17696.00000
27.45000	17742.00000
27.46000	17727.00000
27.47000	17677.00000
27.48000	17987.00000
27.49000	18162.00000
27.50000	18059.00000
27.51000	17846.00000
27.52000	17010.00000
27.53000	15925.00000
27.54000	14793.00000
27.55000	13635.00000
27.56000	12573.00000
27.57000	11816.00000
27.58000	11068.00000
27.59000	10457.00000
27.60000	9992.00000
27.61000	9590.00000
27.62000	9386.00000
27.63000	9255.00000
27.64000	9115.00000
27.65000	8986.00000
27.66000	9017.00000
27.67000	8981.00000
27.68000	9141.00000
27.69000	9345.00000
27.70000	9645.00000
27.71000	9953.00000
27.72000	10375.00000
27.73000	10808.00000
27.74000	11375.00000
27.75000	11843.00000
27.76000	12263.00000
27.77000	12280.00000
27.78000	12435.00000
27.79000	12196.00000
27.80000	12108.00000
27.81000	12038.00000
27.82000	11938.00000
27.83000	11716.00000
27.84000	11495.00000
27.85000	11210.00000
27.86000	10879.00000
27.87000	10550.00000
27.88000	10161.00000
27.89000	9771.00000
27.90000	9522.00000
27.91000	9320.00000
27.92000	9247.00000
27.93000	9250.00000
27.94000	9246.00000
27.95000	9326.00000
27.96000	9499.00000
27.97000	9684.00000
27.98000	9930.00000
27.99000	10230.00000
28.00000	10463.00000
28.01000	10556.00000
28.02000	10773.00000
28.03000	10832.00000
28.04000	10820.00000
28.05000	10818.00000
28.06000	10626.00000
28.07000	10310.00000
28.08000	10088.00000
28.09000	9832.00000
28.10000	9626.00000
28.11000	9473.00000
28.12000	9285.00000
28.13000	9092.00000
28.14000	8935.00000
28.15000	8782.00000
28.16000	8671.00000
28.17000	8732.00000
28.18000	8744.00000
28.19000	8663.00000
28.20000	8775.00000
28.21000	8810.00000
28.22000	9005.00000
28.23000	9165.00000
28.24000	9304.00000
28.25000	9304.00000
28.26000	9275.00000
28.27000	9133.00000
28.28000	9010.00000
28.29000	8914.00000
28.30000	8690.00000
28.31000	8477.00000
28.32000	8408.00000
28.33000	8349.00000
28.34000	8374.00000
28.35000	8447.00000
28.36000	8547.00000
28.37000	8730.00000
28.38000	8972.00000
28.39000	9238.00000
28.40000	9625.00000
28.41000	10026.00000
28.42000	10290.00000
28.43000	10435.00000
28.44000	10515.00000
28.45000	10420.00000
28.46000	10234.00000
28.47000	9930.00000
28.48000	9527.00000
28.49000	9132.00000
28.50000	8755.00000
28.51000	8484.00000
28.52000	8315.00000
28.53000	8192.00000
28.54000	8048.00000
28.55000	7938.00000
28.56000	8016.00000
28.57000	8014.00000
28.58000	8197.00000
28.59000	8267.00000
28.60000	8363.00000
28.61000	8362.00000
28.62000	8525.00000
28.63000	8646.00000
28.64000	8979.00000
28.65000	9286.00000
28.66000	9759.00000
28.67000	10069.00000
28.68000	10533.00000
28.69000	10898.00000
28.70000	10958.00000
28.71000	10932.00000
28.72000	10559.00000
28.73000	10140.00000
28.74000	9750.00000
28.75000	9250.00000
28.76000	9038.00000
28.77000	8792.00000
28.78000	8711.00000
28.79000	8559.00000
28.80000	8466.00000
28.81000	8443.00000
28.82000	8432.00000
28.83000	8433.00000
28.84000	8417.00000
28.85000	8343.00000
28.86000	8439.00000
28.87000	8510.00000
28.88000	8675.00000
28.89000	8887.00000
28.90000	9101.00000
28.91000	9294.00000
28.92000	9666.00000
28.93000	10013.00000
28.94000	10514.00000
28.95000	10995.00000
28.96000	11478.00000
28.97000	11837.00000
28.98000	12164.00000
28.99000	12323.00000
29.00000	12402.00000
29.01000	12295.00000
29.02000	11953.00000
29.03000	11446.00000
29.04000	11086.00000
29.05000	10515.00000
29.06000	10080.00000
29.07000	9811.00000
29.08000	9492.00000
29.09000	9178.00000
29.10000	9077.00000
29.11000	8957.00000
29.12000	8952.00000
29.13000	8945.00000
29.14000	9033.00000
29.15000	9115.00000
29.16000	9304.00000
29.17000	9469.00000
29.18000	9715.00000
29.19000	9967.00000
29.20000	10111.00000
29.21000	10124.00000
29.22000	10125.00000
29.23000	10031.00000
29.24000	9798.00000
29.25000	9723.00000
29.26000	9397.00000
29.27000	9081.00000
29.28000	8781.00000
29.29000	8482.00000
29.30000	8205.00000
29.31000	8070.00000
29.32000	7898.00000
29.33000	7733.00000
29.34000	7647.00000
29.35000	7551.00000
29.36000	7475.00000
29.37000	7521.00000
29.38000	7415.00000
29.39000	7429.00000
29.40000	7422.00000
29.41000	7483.00000
29.42000	7594.00000
29.43000	7704.00000
29.44000	7714.00000
29.45000	7774.00000
29.46000	7818.00000
29.47000	7778.00000
29.48000	7792.00000
29.49000	7741.00000
29.50000	7646.00000
29.51000	7613.00000
29.52000	7535.00000
29.53000	7503.00000
29.54000	7554.00000
29.55000	7633.00000
29.56000	7719.00000
29.57000	7764.00000
29.58000	7889.00000
29.59000	7990.00000
29.60000	8229.00000
29.61000	8480.00000
29.62000	8737.00000
29.63000	8947.00000
29.64000	9328.00000
29.65000	9608.00000
29.66000	10070.00000
29.67000	10499.00000
29.68000	10815.00000
29.69000	10929.00000
29.70000	11191.00000
29.71000	11303.00000
29.72000	11524.00000
29.73000	11831.00000
29.74000	12010.00000
29.75000	12289.00000
29.76000	12618.00000
29.77000	13048.00000
29.78000	13471.00000
29.79000	13895.00000
29.80000	14217.00000
29.81000	14536.00000
29.82000	14869.00000
29.83000	15247.00000
29.84000	15519.00000
29.85000	15865.00000
29.86000	15895.00000
29.87000	15721.00000
29.88000	15604.00000
29.89000	15283.00000
29.90000	14878.00000
29.91000	14381.00000
29.92000	13802.00000
29.93000	13146.00000
29.94000	12608.00000
29.95000	11970.00000
29.96000	11380.00000
29.97000	10883.00000
29.98000	10445.00000
29.99000	9881.00000
30.00000	9549.00000
30.01000	9209.00000
30.02000	8958.00000
30.03000	8767.00000
30.04000	8531.00000
30.05000	8337.00000
30.06000	8244.00000
30.07000	8067.00000
30.08000	8070.00000
30.09000	7976.00000
30.10000	7904.00000
30.11000	7825.00000
30.12000	7800.00000
30.13000	7758.00000
30.14000	7828.00000
30.15000	7863.00000
30.16000	7770.00000
30.17000	7780.00000
30.18000	7724.00000
30.19000	7694.00000
30.20000	7704.00000
30.21000	7693.00000
30.22000	7587.00000
30.23000	7516.00000
30.24000	7489.00000
30.25000	7489.00000
30.26000	7474.00000
30.27000	7513.00000
30.28000	7490.00000
30.29000	7472.00000
30.30000	7556.00000
30.31000	7627.00000
30.32000	7724.00000
30.33000	7885.00000
30.34000	8030.00000
30.35000	8264.00000
30.36000	8496.00000
30.37000	8834.00000
30.38000	9284.00000
30.39000	9869.00000
30.40000	10374.00000
30.41000	10797.00000
30.42000	11350.00000
30.43000	11784.00000
30.44000	12303.00000
30.45000	12811.00000
30.46000	13177.00000
30.47000	13211.00000
30.48000	13159.00000
30.49000	12700.00000
30.50000	12257.00000
30.51000	11633.00000
30.52000	11027.00000
30.53000	10498.00000
30.54000	10021.00000
30.55000	9702.00000
30.56000	9350.00000
30.57000	9161.00000
30.58000	8927.00000
30.59000	8671.00000
30.60000	8476.00000
30.61000	8330.00000
30.62000	8245.00000
30.63000	8153.00000
30.64000	8059.00000
30.65000	7947.00000
30.66000	7926.00000
30.67000	7874.00000
30.68000	7892.00000
30.69000	7991.00000
30.70000	7999.00000
30.71000	8069.00000
30.72000	8236.00000
30.73000	8382.00000
30.74000	8624.00000
30.75000	8933.00000
30.76000	9220.00000
30.77000	9418.00000
30.78000	9689.00000
30.79000	9755.00000
30.80000	9861.00000
30.81000	9877.00000
30.82000	9889.00000
30.83000	9859.00000
30.84000	9950.00000
30.85000	10088.00000
30.86000	10225.00000
30.87000	10387.00000
30.88000	10656.00000
30.89000	10739.00000
30.90000	11033.00000
30.91000	11298.00000
30.92000	11713.00000
30.93000	12220.00000
30.94000	12657.00000
30.95000	12995.00000
30.96000	13461.00000
30.97000	13775.00000
30.98000	14023.00000
30.99000	14126.00000
31.00000	14129.00000
31.01000	13934.00000
31.02000	13737.00000
31.03000	13525.00000
31.04000	13405.00000
31.05000	13232.00000
31.06000	13032.00000
31.07000	12690.00000
31.08000	12454.00000
31.09000	12143.00000
31.10000	11821.00000
31.11000	11595.00000
31.12000	11143.00000
31.13000	10710.00000
31.14000	10509.00000
31.15000	10242.00000
31.16000	10177.00000
31.17000	10240.00000
31.18000	10314.00000
31.19000	10489.00000
31.20000	10812.00000
31.21000	11133.00000
31.22000	11376.00000
31.23000	11592.00000
31.24000	11454.00000
31.25000	11007.00000
31.26000	10527.00000
31.27000	9999.00000
31.28000	9528.00000
31.29000	9175.00000
31.30000	8808.00000
31.31000	8512.00000
31.32000	8385.00000
31.33000	8259.00000
31.34000	8174.00000
31.35000	8202.00000
31.36000	8193.00000
31.37000	8178.00000
31.38000	8333.00000
31.39000	8382.00000
31.40000	8521.00000
31.41000	8676.00000
31.42000	8816.00000
31.43000	8854.00000
31.44000	9006.00000
31.45000	9030.00000
31.46000	9144.00000
31.47000	9272.00000
31.48000	9305.00000
31.49000	9248.00000
31.50000	9307.00000
31.51000	9234.00000
31.52000	9168.00000
31.53000	9093.00000
31.54000	8967.00000
31.55000	8776.00000
31.56000	8629.00000
31.57000	8519.00000
31.58000	8408.00000
31.59000	8399.00000
31.60000	8292.00000
31.61000	8207.00000
31.62000	8188.00000
31.63000	8224.00000
31.64000	8285.00000
31.65000	8396.00000
31.66000	8506.00000
31.67000	8619.00000
31.68000	8844.00000
31.69000	9133.00000
31.70000	9474.00000
31.71000	9846.00000
31.72000	10205.00000
31.73000	10527.00000
31.74000	10874.00000
31.75000	11219.00000
31.76000	11421.00000
31.77000	11590.00000
31.78000	11554.00000
31.79000	11391.00000
31.80000	11292.00000
31.81000	11050.00000
31.82000	10879.00000
31.83000	10747.00000
31.84000	10574.00000
31.85000	10428.00000
31.86000	10482.00000
31.87000	10588.00000
31.88000	10837.00000
31.89000	11201.00000
31.90000	11451.00000
31.91000	11511.00000
31.92000	11636.00000
31.93000	11548.00000
31.94000	11319.00000
31.95000	11071.00000
31.96000	10723.00000
31.97000	10300.00000
31.98000	10161.00000
31.99000	9920.00000
32.00000	9904.00000
32.01000	9903.00000
32.02000	9965.00000
32.03000	9946.00000
32.04000	9989.00000
32.05000	9883.00000
32.06000	9773.00000
32.07000	9596.00000
32.08000	9252.00000
32.09000	8940.00000
32.10000	8654.00000
32.11000	8446.00000
32.12000	8240.00000
32.13000	8096.00000
32.14000	7943.00000
32.15000	7811.00000
32.16000	7690.00000
32.17000	7673.00000
32.18000	7690.00000
32.19000	7680.00000
32.20000	7661.00000
32.21000	7645.00000
32.22000	7674.00000
32.23000	7656.00000
32.24000	7731.00000
32.25000	7741.00000
32.26000	7756.00000
32.27000	7633.00000
32.28000	7586.00000
32.29000	7543.00000
32.30000	7468.00000
32.31000	7483.00000
32.32000	7393.00000
32.33000	7282.00000
32.34000	7233.00000
32.35000	7172.00000
32.36000	7183.00000
32.37000	7148.00000
32.38000	7140.00000
32.39000	7094.00000
32.40000	7100.00000
32.41000	7081.00000
32.42000	7088.00000
32.43000	7115.00000
32.44000	7195.00000
32.45000	7129.00000
32.46000	7172.00000
32.47000	7214.00000
32.48000	7290.00000
32.49000	7420.00000
32.50000	7498.00000
32.51000	7543.00000
32.52000	7702.00000
32.53000	7772.00000
32.54000	7959.00000
32.55000	8181.00000
32.56000	8415.00000
32.57000	8553.00000
32.58000	8890.00000
32.59000	9144.00000
32.60000	9417.00000
32.61000	9726.00000
32.62000	9923.00000
32.63000	9976.00000
32.64000	10024.00000
32.65000	10037.00000
32.66000	9888.00000
32.67000	9764.00000
32.68000	9552.00000
32.69000	9316.00000
32.70000	9178.00000
32.71000	8957.00000
32.72000	8821.00000
32.73000	8710.00000
32.74000	8546.00000
32.75000	8360.00000
32.76000	8280.00000
32.77000	8112.00000
32.78000	8114.00000
32.79000	7993.00000
32.80000	7929.00000
32.81000	7790.00000
32.82000	7719.00000
32.83000	7641.00000
32.84000	7676.00000
32.85000	7601.00000
32.86000	7573.00000
32.87000	7468.00000
32.88000	7429.00000
32.89000	7383.00000
32.90000	7415.00000
32.91000	7454.00000
32.92000	7420.00000
32.93000	7415.00000
32.94000	7503.00000
32.95000	7494.00000
32.96000	7576.00000
32.97000	7671.00000
32.98000	7693.00000
32.99000	7796.00000
33.00000	7789.00000
33.01000	7844.00000
33.02000	7863.00000
33.03000	7933.00000
33.04000	7888.00000
33.05000	7807.00000
33.06000	7775.00000
33.07000	7720.00000
33.08000	7640.00000
33.09000	7608.00000
33.10000	7571.00000
33.11000	7442.00000
33.12000	7479.00000
33.13000	7413.00000
33.14000	7425.00000
33.15000	7439.00000
33.16000	7456.00000
33.17000	7363.00000
33.18000	7330.00000
33.19000	7329.00000
33.20000	7365.00000
33.21000	7389.00000
33.22000	7371.00000
33.23000	7322.00000
33.24000	7430.00000
33.25000	7457.00000
33.26000	7477.00000
33.27000	7582.00000
33.28000	7656.00000
33.29000	7685.00000
33.30000	7778.00000
33.31000	7881.00000
33.32000	8015.00000
33.33000	8184.00000
33.34000	8226.00000
33.35000	8272.00000
33.36000	8372.00000
33.37000	8389.00000
33.38000	8419.00000
33.39000	8510.00000
33.40000	8507.00000
33.41000	8496.00000
33.42000	8542.00000
33.43000	8594.00000
33.44000	8645.00000
33.45000	8813.00000
33.46000	8889.00000
33.47000	8998.00000
33.48000	9186.00000
33.49000	9351.00000
33.50000	9592.00000
33.51000	9850.00000
33.52000	10060.00000
33.53000	10221.00000
33.54000	10436.00000
33.55000	10534.00000
33.56000	10687.00000
33.57000	10809.00000
33.58000	10880.00000
33.59000	10815.00000
33.60000	10892.00000
33.61000	10869.00000
33.62000	10988.00000
33.63000	11232.00000
33.64000	11450.00000
33.65000	11637.00000
33.66000	11927.00000
33.67000	12040.00000
33.68000	12141.00000
33.69000	12105.00000
33.70000	11893.00000
33.71000	11555.00000
33.72000	11442.00000
33.73000	11258.00000
33.74000	11202.00000
33.75000	11211.00000
33.76000	11230.00000
33.77000	11086.00000
33.78000	11009.00000
33.79000	10776.00000
33.80000	10662.00000
33.81000	10689.00000
33.82000	10656.00000
33.83000	10720.00000
33.84000	10943.00000
33.85000	11165.00000
33.86000	11541.00000
33.87000	12047.00000
33.88000	12518.00000
33.89000	13058.00000
33.90000	13768.00000
33.91000	14200.00000
33.92000	14705.00000
33.93000	15152.00000
33.94000	15170.00000
33.95000	15028.00000
33.96000	14951.00000
33.97000	14798.00000
33.98000	14645.00000
33.99000	14366.00000
34.00000	13869.00000
34.01000	13281.00000
34.02000	12750.00000
34.03000	12100.00000
34.04000	11543.00000
34.05000	11044.00000
34.06000	10562.00000
34.07000	10085.00000
34.08000	9777.00000
34.09000	9502.00000
34.10000	9310.00000
34.11000	9133.00000
34.12000	8959.00000
34.13000	8804.00000
34.14000	8790.00000
34.15000	8683.00000
34.16000	8653.00000
34.17000	8590.00000
34.18000	8517.00000
34.19000	8394.00000
34.20000	8378.00000
34.21000	8304.00000
34.22000	8351.00000
34.23000	8310.00000
34.24000	8257.00000
34.25000	8219.00000
34.26000	8198.00000
34.27000	8115.00000
34.28000	8095.00000
34.29000	8110.00000
34.30000	8134.00000
34.31000	8088.00000
34.32000	8174.00000
34.33000	8172.00000
34.34000	8316.00000
34.35000	8494.00000
34.36000	8643.00000
34.37000	8833.00000
34.38000	9043.00000
34.39000	9317.00000
34.40000	9572.00000
34.41000	9895.00000
34.42000	9965.00000
34.43000	9867.00000
34.44000	9739.00000
34.45000	9413.00000
34.46000	9160.00000
34.47000	8875.00000
34.48000	8605.00000
34.49000	8341.00000
34.50000	8241.00000
34.51000	8038.00000
34.52000	7993.00000
34.53000	7996.00000
34.54000	7960.00000
34.55000	7883.00000
34.56000	7943.00000
34.57000	7962.00000
34.58000	8084.00000
34.59000	8217.00000
34.60000	8295.00000
34.61000	8317.00000
34.62000	8429.00000
34.63000	8514.00000
34.64000	8639.00000
34.65000	8869.00000
34.66000	8943.00000
34.67000	9021.00000
34.68000	9233.00000
34.69000	9397.00000
34.70000	9665.00000
34.71000	9874.00000
34.72000	9932.00000
34.73000	9916.00000
34.74000	9934.00000
34.75000	9848.00000
34.76000	9859.00000
34.77000	9776.00000
34.78000	9606.00000
34.79000	9404.00000
34.80000	9274.00000
34.81000	9146.00000
34.82000	9086.00000
34.83000	9060.00000
34.84000	8989.00000
34.85000	8929.00000
34.86000	8973.00000
34.87000	8972.00000
34.88000	9064.00000
34.89000	9064.00000
34.90000	9002.00000
34.91000	8812.00000
34.92000	8729.00000
34.93000	8587.00000
34.94000	8461.00000
34.95000	8414.00000
34.96000	8246.00000
34.97000	8149.00000
34.98000	8156.00000
34.99000	8090.00000
35.00000	8233.00000
35.01000	8325.00000
35.02000	8392.00000
35.03000	8428.00000
35.04000	8619.00000
35.05000	8752.00000
35.06000	8977.00000
35.07000	9117.00000
35.08000	9237.00000
35.09000	9292.00000
35.10000	9367.00000
35.11000	9395.00000
35.12000	9482.00000
35.13000	9506.00000
35.14000	9509.00000
35.15000	9450.00000
35.16000	9548.00000
35.17000	9629.00000
35.18000	9696.00000
35.19000	9725.00000
35.20000	9706.00000
35.21000	9520.00000
35.22000	9425.00000
35.23000	9322.00000
35.24000	9264.00000
35.25000	9282.00000
35.26000	9256.00000
35.27000	9308.00000
35.28000	9490.00000
35.29000	9544.00000
35.30000	9629.00000
35.31000	9674.00000
35.32000	9612.00000
35.33000	9406.00000
35.34000	9184.00000
35.35000	8946.00000
35.36000	8786.00000
35.37000	8642.00000
35.38000	8397.00000
35.39000	8193.00000
35.40000	8119.00000
35.41000	8010.00000
35.42000	7964.00000
35.43000	7966.00000
35.44000	7916.00000
35.45000	7776.00000
35.46000	7816.00000
35.47000	7798.00000
35.48000	7867.00000
35.49000	7857.00000
35.50000	7856.00000
35.51000	7810.00000
35.52000	7825.00000
35.53000	7840.00000
35.54000	7834.00000
35.55000	7869.00000
35.56000	7916.00000
35.57000	7879.00000
35.58000	8020.00000
35.59000	7993.00000
35.60000	8047.00000
35.61000	8192.00000
35.62000	8194.00000
35.63000	8294.00000
35.64000	8385.00000
35.65000	8467.00000
35.66000	8627.00000
35.67000	8798.00000
35.68000	8873.00000
35.69000	9007.00000
35.70000	9154.00000
35.71000	9231.00000
35.72000	9351.00000
35.73000	9443.00000
35.74000	9515.00000
35.75000	9518.00000
35.76000	9580.00000
35.77000	9607.00000
35.78000	9722.00000
35.79000	9857.00000
35.80000	9981.00000
35.81000	9971.00000
35.82000	10097.00000
35.83000	10219.00000
35.84000	10395.00000
35.85000	10466.00000
35.86000	10471.00000
35.87000	10384.00000
35.88000	10399.00000
35.89000	10309.00000
35.90000	10359.00000
35.91000	10312.00000
35.92000	10326.00000
35.93000	10217.00000
35.94000	10242.00000
35.95000	10218.00000
35.96000	10203.00000
35.97000	10191.00000
35.98000	10160.00000
35.99000	9908.00000
36.00000	9823.00000
36.01000	9661.00000
36.02000	9563.00000
36.03000	9422.00000
36.04000	9262.00000
36.05000	9036.00000
36.06000	8926.00000
36.07000	8783.00000
36.08000	8674.00000
36.09000	8647.00000
36.10000	8544.00000
36.11000	8401.00000
36.12000	8372.00000
36.13000	8287.00000
36.14000	8271.00000
36.15000	8298.00000
36.16000	8280.00000
36.17000	8212.00000
36.18000	8211.00000
36.19000	8320.00000
36.20000	8460.00000
36.21000	8693.00000
36.22000	8829.00000
36.23000	8995.00000
36.24000	9316.00000
36.25000	9647.00000
36.26000	10053.00000
36.27000	10508.00000
36.28000	10814.00000
36.29000	11059.00000
36.30000	11367.00000
36.31000	11425.00000
36.32000	11450.00000
36.33000	11434.00000
36.34000	11306.00000
36.35000	10993.00000
36.36000	10753.00000
36.37000	10519.00000
36.38000	10349.00000
36.39000	10164.00000
36.40000	9987.00000
36.41000	9833.00000
36.42000	9805.00000
36.43000	9830.00000
36.44000	9842.00000
36.45000	9971.00000
36.46000	10071.00000
36.47000	10109.00000
36.48000	10208.00000
36.49000	10295.00000
36.50000	10460.00000
36.51000	10701.00000
36.52000	10851.00000
36.53000	10978.00000
36.54000	11259.00000
36.55000	11535.00000
36.56000	11889.00000
36.57000	12256.00000
36.58000	12438.00000
36.59000	12448.00000
36.60000	12422.00000
36.61000	12242.00000
36.62000	12054.00000
36.63000	11731.00000
36.64000	11425.00000
36.65000	11065.00000
36.66000	10755.00000
36.67000	10543.00000
36.68000	10430.00000
36.69000	10238.00000
36.70000	10085.00000
36.71000	9850.00000
36.72000	9652.00000
36.73000	9417.00000
36.74000	9264.00000
36.75000	9180.00000
36.76000	9054.00000
36.77000	8890.00000
36.78000	8839.00000
36.79000	8766.00000
36.80000	8755.00000
36.81000	8751.00000
36.82000	8753.00000
36.83000	8763.00000
36.84000	8872.00000
36.85000	8918.00000
36.86000	9154.00000
36.87000	9330.00000
36.88000	9462.00000
36.89000	9602.00000
36.90000	9902.00000
36.91000	10080.00000
36.92000	10442.00000
36.93000	10844.00000
36.94000	11125.00000
36.95000	11381.00000
36.96000	11720.00000
36.97000	12049.00000
36.98000	12412.00000
36.99000	12754.00000
37.00000	12908.00000
37.01000	12953.00000
37.02000	12995.00000
37.03000	12855.00000
37.04000	12670.00000
37.05000	12430.00000
37.06000	12002.00000
37.07000	11539.00000
37.08000	11169.00000
37.09000	10765.00000
37.10000	10497.00000
37.11000	10266.00000
37.12000	10071.00000
37.13000	9924.00000
37.14000	9917.00000
37.15000	9937.00000
37.16000	10068.00000
37.17000	10222.00000
37.18000	10341.00000
37.19000	10438.00000
37.20000	10607.00000
37.21000	10755.00000
37.22000	10823.00000
37.23000	10900.00000
37.24000	10802.00000
37.25000	10659.00000
37.26000	10530.00000
37.27000	10342.00000
37.28000	10197.00000
37.29000	10023.00000
37.30000	9814.00000
37.31000	9536.00000
37.32000	9418.00000
37.33000	9140.00000
37.34000	9018.00000
37.35000	8875.00000
37.36000	8743.00000
37.37000	8468.00000
37.38000	8374.00000
37.39000	8192.00000
37.40000	8096.00000
37.41000	8012.00000
37.42000	7884.00000
37.43000	7742.00000
37.44000	7655.00000
37.45000	7592.00000
37.46000	7542.00000
37.47000	7575.00000
37.48000	7510.00000
37.49000	7459.00000
37.50000	7453.00000
37.51000	7438.00000
37.52000	7458.00000
37.53000	7430.00000
37.54000	7468.00000
37.55000	7471.00000
37.56000	7473.00000
37.57000	7474.00000
37.58000	7562.00000
37.59000	7675.00000
37.60000	7735.00000
37.61000	7767.00000
37.62000	7812.00000
37.63000	7882.00000
37.64000	7974.00000
37.65000	8119.00000
37.66000	8152.00000
37.67000	8113.00000
37.68000	8208.00000
37.69000	8219.00000
37.70000	8235.00000
37.71000	8290.00000
37.72000	8273.00000
37.73000	8196.00000
37.74000	8229.00000
37.75000	8202.00000
37.76000	8241.00000
37.77000	8297.00000
37.78000	8317.00000
37.79000	8238.00000
37.80000	8313.00000
37.81000	8255.00000
37.82000	8309.00000
37.83000	8334.00000
37.84000	8311.00000
37.85000	8287.00000
37.86000	8348.00000
37.87000	8251.00000
37.88000	8417.00000
37.89000	8413.00000
37.90000	8439.00000
37.91000	8440.00000
37.92000	8525.00000
37.93000	8479.00000
37.94000	8574.00000
37.95000	8660.00000
37.96000	8693.00000
37.97000	8694.00000
37.98000	8755.00000
37.99000	8818.00000
38.00000	8887.00000
38.01000	8990.00000
38.02000	8990.00000
38.03000	8986.00000
38.04000	9016.00000
38.05000	9040.00000
38.06000	9040.00000
38.07000	9097.00000
38.08000	9020.00000
38.09000	8928.00000
38.10000	8945.00000
38.11000	8857.00000
38.12000	8836.00000
38.13000	8824.00000
38.14000	8728.00000
38.15000	8606.00000
38.16000	8539.00000
38.17000	8381.00000
38.18000	8228.00000
38.19000	8180.00000
38.20000	7984.00000
38.21000	7809.00000
38.22000	7720.00000
38.23000	7588.00000
38.24000	7537.00000
38.25000	7463.00000
38.26000	7368.00000
38.27000	7209.00000
38.28000	7206.00000
38.29000	7147.00000
38.30000	7095.00000
38.31000	7112.00000
38.32000	7113.00000
38.33000	7019.00000
38.34000	7067.00000
38.35000	7041.00000
38.36000	7104.00000
38.37000	7129.00000
38.38000	7141.00000
38.39000	7059.00000
38.40000	7082.00000
38.41000	7057.00000
38.42000	7053.00000
38.43000	7098.00000
38.44000	7064.00000
38.45000	7062.00000
38.46000	7090.00000
38.47000	7050.00000
38.48000	7072.00000
38.49000	7109.00000
38.50000	7120.00000
38.51000	7076.00000
38.52000	7128.00000
38.53000	7112.00000
38.54000	7137.00000
38.55000	7209.00000
38.56000	7230.00000
38.57000	7231.00000
38.58000	7269.00000
38.59000	7274.00000
38.60000	7349.00000
38.61000	7434.00000
38.62000	7480.00000
38.63000	7517.00000
38.64000	7589.00000
38.65000	7678.00000
38.66000	7798.00000
38.67000	7953.00000
38.68000	7970.00000
38.69000	7972.00000
38.70000	8047.00000
38.71000	8019.00000
38.72000	8063.00000
38.73000	8085.00000
38.74000	8026.00000
38.75000	7979.00000
38.76000	7954.00000
38.77000	8000.00000
38.78000	8017.00000
38.79000	8100.00000
38.80000	8062.00000
38.81000	8076.00000
38.82000	8121.00000
38.83000	8120.00000
38.84000	8049.00000
38.85000	8050.00000
38.86000	7952.00000
38.87000	7832.00000
38.88000	7727.00000
38.89000	7679.00000
38.90000	7641.00000
38.91000	7572.00000
38.92000	7502.00000
38.93000	7449.00000
38.94000	7419.00000
38.95000	7357.00000
38.96000	7444.00000
38.97000	7475.00000
38.98000	7457.00000
38.99000	7529.00000
39.00000	7569.00000
39.01000	7574.00000
39.02000	7590.00000
39.03000	7738.00000
39.04000	7722.00000
39.05000	7638.00000
39.06000	7750.00000
39.07000	7741.00000
39.08000	7746.00000
39.09000	7751.00000
39.10000	7748.00000
39.11000	7653.00000
39.12000	7618.00000
39.13000	7478.00000
39.14000	7482.00000
39.15000	7503.00000
39.16000	7452.00000
39.17000	7378.00000
39.18000	7436.00000
39.19000	7462.00000
39.20000	7591.00000
39.21000	7675.00000
39.22000	7701.00000
39.23000	7728.00000
39.24000	7853.00000
39.25000	7889.00000
39.26000	8014.00000
39.27000	8051.00000
39.28000	8080.00000
39.29000	8017.00000
39.30000	8021.00000
39.31000	7959.00000
39.32000	7866.00000
39.33000	7830.00000
39.34000	7731.00000
39.35000	7624.00000
39.36000	7561.00000
39.37000	7541.00000
39.38000	7494.00000
39.39000	7484.00000
39.40000	7393.00000
39.41000	7362.00000
39.42000	7318.00000
39.43000	7256.00000
39.44000	7310.00000
39.45000	7330.00000
39.46000	7345.00000
39.47000	7325.00000
39.48000	7335.00000
39.49000	7340.00000
39.50000	7482.00000
39.51000	7530.00000
39.52000	7554.00000
39.53000	7548.00000
39.54000	7590.00000
39.55000	7534.00000
39.56000	7518.00000
39.57000	7467.00000
39.58000	7404.00000
39.59000	7224.00000
39.60000	7193.00000
39.61000	7104.00000
39.62000	7049.00000
39.63000	7074.00000
39.64000	6997.00000
39.65000	6934.00000
39.66000	6940.00000
39.67000	6896.00000
39.68000	6935.00000
39.69000	6916.00000
39.70000	6940.00000
39.71000	6911.00000
39.72000	6957.00000
39.73000	7002.00000
39.74000	7080.00000
39.75000	7129.00000
39.76000	7152.00000
39.77000	7207.00000
39.78000	7253.00000
39.79000	7301.00000
39.80000	7426.00000
39.81000	7582.00000
39.82000	7628.00000
39.83000	7667.00000
39.84000	7775.00000
39.85000	7827.00000
39.86000	7917.00000
39.87000	8085.00000
39.88000	8086.00000
39.89000	8059.00000
39.90000	8111.00000
39.91000	8217.00000
39.92000	8293.00000
39.93000	8356.00000
39.94000	8385.00000
39.95000	8402.00000
39.96000	8553.00000
39.97000	8580.00000
39.98000	8624.00000
39.99000	8709.00000
40.00000	8707.00000
40.01000	8630.00000
40.02000	8679.00000
40.03000	8592.00000
40.04000	8601.00000
40.05000	8600.00000
40.06000	8536.00000
40.07000	8418.00000
40.08000	8438.00000
40.09000	8367.00000
40.10000	8423.00000
40.11000	8390.00000
40.12000	8382.00000
40.13000	8316.00000
40.14000	8294.00000
40.15000	8233.00000
40.16000	8266.00000
40.17000	8249.00000
40.18000	8219.00000
40.19000	8131.00000
40.20000	8074.00000
40.21000	8049.00000
40.22000	8107.00000
40.23000	8103.00000
40.24000	8096.00000
40.25000	8124.00000
40.26000	8107.00000
40.27000	8086.00000
40.28000	8153.00000
40.29000	8182.00000
40.30000	8239.00000
40.31000	8263.00000
40.32000	8346.00000
40.33000	8446.00000
40.34000	8628.00000
40.35000	8783.00000
40.36000	8879.00000
40.37000	8933.00000
40.38000	9056.00000
40.39000	9065.00000
40.40000	9127.00000
40.41000	9171.00000
40.42000	9081.00000
40.43000	8977.00000
40.44000	8911.00000
40.45000	8843.00000
40.46000	8820.00000
40.47000	8782.00000
40.48000	8698.00000
40.49000	8607.00000
40.50000	8656.00000
40.51000	8633.00000
40.52000	8685.00000
40.53000	8729.00000
40.54000	8755.00000
40.55000	8691.00000
40.56000	8624.00000
40.57000	8537.00000
40.58000	8477.00000
40.59000	8399.00000
40.60000	8283.00000
40.61000	8090.00000
40.62000	8012.00000
40.63000	7965.00000
40.64000	7930.00000
40.65000	7980.00000
40.66000	7955.00000
40.67000	7936.00000
40.68000	7930.00000
40.69000	7967.00000
40.70000	8036.00000
40.71000	8113.00000
40.72000	8072.00000
40.73000	8049.00000
40.74000	8020.00000
40.75000	7954.00000
40.76000	7894.00000
40.77000	7872.00000
40.78000	7746.00000
40.79000	7654.00000
40.80000	7652.00000
40.81000	7675.00000
40.82000	7768.00000
40.83000	7832.00000
40.84000	7851.00000
40.85000	7834.00000
40.86000	7905.00000
40.87000	7907.00000
40.88000	8011.00000
40.89000	8077.00000
40.90000	8036.00000
40.91000	7977.00000
40.92000	8029.00000
40.93000	7903.00000
40.94000	7889.00000
40.95000	7825.00000
40.96000	7753.00000
40.97000	7554.00000
40.98000	7478.00000
40.99000	7377.00000
41.00000	7374.00000
41.01000	7333.00000
41.02000	7217.00000
41.03000	7113.00000
41.04000	7065.00000
41.05000	6983.00000
41.06000	7010.00000
41.07000	6996.00000
41.08000	6936.00000
41.09000	6849.00000
41.10000	6839.00000
41.11000	6801.00000
41.12000	6852.00000
41.13000	6875.00000
41.14000	6785.00000
41.15000	6763.00000
41.16000	6773.00000
41.17000	6767.00000
41.18000	6769.00000
41.19000	6819.00000
41.20000	6796.00000
41.21000	6714.00000
41.22000	6754.00000
41.23000	6702.00000
41.24000	6762.00000
41.25000	6773.00000
41.26000	6778.00000
41.27000	6717.00000
41.28000	6724.00000
41.29000	6725.00000
41.30000	6760.00000
41.31000	6838.00000
41.32000	6850.00000
41.33000	6808.00000
41.34000	6877.00000
41.35000	6862.00000
41.36000	6940.00000
41.37000	6931.00000
41.38000	7001.00000
41.39000	6977.00000
41.40000	7085.00000
41.41000	7129.00000
41.42000	7208.00000
41.43000	7361.00000
41.44000	7450.00000
41.45000	7426.00000
41.46000	7538.00000
41.47000	7607.00000
41.48000	7724.00000
41.49000	7893.00000
41.50000	7972.00000
41.51000	8042.00000
41.52000	8153.00000
41.53000	8290.00000
41.54000	8428.00000
41.55000	8714.00000
41.56000	8825.00000
41.57000	8930.00000
41.58000	9031.00000
41.59000	9080.00000
41.60000	9179.00000
41.61000	9292.00000
41.62000	9328.00000
41.63000	9268.00000
41.64000	9261.00000
41.65000	9237.00000
41.66000	9177.00000
41.67000	9073.00000
41.68000	8909.00000
41.69000	8726.00000
41.70000	8547.00000
41.71000	8405.00000
41.72000	8290.00000
41.73000	8230.00000
41.74000	8105.00000
41.75000	7998.00000
41.76000	7967.00000
41.77000	7913.00000
41.78000	7925.00000
41.79000	8001.00000
41.80000	8061.00000
41.81000	8019.00000
41.82000	8070.00000
41.83000	8147.00000
41.84000	8274.00000
41.85000	8317.00000
41.86000	8298.00000
41.87000	8273.00000
41.88000	8275.00000
41.89000	8213.00000
41.90000	8129.00000
41.91000	8054.00000
41.92000	7933.00000
41.93000	7776.00000
41.94000	7737.00000
41.95000	7618.00000
41.96000	7571.00000
41.97000	7531.00000
41.98000	7512.00000
41.99000	7468.00000
42.00000	7447.00000
42.01000	7399.00000
42.02000	7448.00000
42.03000	7529.00000
42.04000	7524.00000
42.05000	7520.00000
42.06000	7597.00000
42.07000	7637.00000
42.08000	7773.00000
42.09000	7875.00000
42.10000	7934.00000
42.11000	7881.00000
42.12000	7925.00000
42.13000	7899.00000
42.14000	7899.00000
42.15000	7874.00000
42.16000	7818.00000
42.17000	7725.00000
42.18000	7707.00000
42.19000	7642.00000
42.20000	7640.00000
42.21000	7647.00000
42.22000	7630.00000
42.23000	7575.00000
42.24000	7629.00000
42.25000	7609.00000
42.26000	7702.00000
42.27000	7836.00000
42.28000	7802.00000
42.29000	7799.00000
42.30000	7880.00000
42.31000	7836.00000
42.32000	7886.00000
42.33000	7849.00000
42.34000	7808.00000
42.35000	7739.00000
42.36000	7711.00000
42.37000	7658.00000
42.38000	7709.00000
42.39000	7764.00000
42.40000	7746.00000
42.41000	7698.00000
42.42000	7783.00000
42.43000	7753.00000
42.44000	7861.00000
42.45000	7961.00000
42.46000	8045.00000
42.47000	8006.00000
42.48000	8098.00000
42.49000	8096.00000
42.50000	8119.00000
42.51000	8143.00000
42.52000	8119.00000
42.53000	8014.00000
42.54000	8020.00000
42.55000	8013.00000
42.56000	7971.00000
42.57000	8009.00000
42.58000	7966.00000
42.59000	7895.00000
42.60000	7879.00000
42.61000	7817.00000
42.62000	7780.00000
42.63000	7950.00000
42.64000	7929.00000
42.65000	7859.00000
42.66000	7853.00000
42.67000	7794.00000
42.68000	7815.00000
42.69000	7771.00000
42.70000	7749.00000
42.71000	7669.00000
42.72000	7641.00000
42.73000	7619.00000
42.74000	7675.00000
42.75000	7662.00000
42.76000	7659.00000
42.77000	7598.00000
42.78000	7663.00000
42.79000	7613.00000
42.80000	7684.00000
42.81000	7776.00000
42.82000	7818.00000
42.83000	7793.00000
42.84000	7826.00000
42.85000	7864.00000
42.86000	7883.00000
42.87000	7995.00000
42.88000	8015.00000
42.89000	7977.00000
42.90000	8029.00000
42.91000	8043.00000
42.92000	8060.00000
42.93000	8134.00000
42.94000	8139.00000
42.95000	8145.00000
42.96000	8206.00000
42.97000	8206.00000
42.98000	8301.00000
42.99000	8379.00000
43.00000	8399.00000
43.01000	8510.00000
43.02000	8657.00000
43.03000	8780.00000
43.04000	8861.00000
43.05000	9097.00000
43.06000	9147.00000
43.07000	9142.00000
43.08000	9245.00000
43.09000	9208.00000
43.10000	9187.00000
43.11000	9158.00000
43.12000	9066.00000
43.13000	8905.00000
43.14000	8791.00000
43.15000	8626.00000
43.16000	8536.00000
43.17000	8448.00000
43.18000	8350.00000
43.19000	8181.00000
43.20000	8111.00000
43.21000	7935.00000
43.22000	7935.00000
43.23000	7875.00000
43.24000	7801.00000
43.25000	7720.00000
43.26000	7673.00000
43.27000	7617.00000
43.28000	7628.00000
43.29000	7647.00000
43.30000	7634.00000
43.31000	7567.00000
43.32000	7559.00000
43.33000	7584.00000
43.34000	7654.00000
43.35000	7761.00000
43.36000	7755.00000
43.37000	7821.00000
43.38000	7914.00000
43.39000	7898.00000
43.40000	7910.00000
43.41000	7979.00000
43.42000	7954.00000
43.43000	7889.00000
43.44000	7908.00000
43.45000	7838.00000
43.46000	7781.00000
43.47000	7787.00000
43.48000	7722.00000
43.49000	7633.00000
43.50000	7633.00000
43.51000	7587.00000
43.52000	7585.00000
43.53000	7632.00000
43.54000	7648.00000
43.55000	7616.00000
43.56000	7662.00000
43.57000	7723.00000
43.58000	7797.00000
43.59000	7891.00000
43.60000	7931.00000
43.61000	7912.00000
43.62000	7989.00000
43.63000	8022.00000
43.64000	8095.00000
43.65000	8169.00000
43.66000	8186.00000
43.67000	8104.00000
43.68000	8177.00000
43.69000	8217.00000
43.70000	8294.00000
43.71000	8301.00000
43.72000	8327.00000
43.73000	8242.00000
43.74000	8318.00000
43.75000	8254.00000
43.76000	8271.00000
43.77000	8361.00000
43.78000	8409.00000
43.79000	8441.00000
43.80000	8554.00000
43.81000	8645.00000
43.82000	8790.00000
43.83000	9028.00000
43.84000	9126.00000
43.85000	9189.00000
43.86000	9309.00000
43.87000	9341.00000
43.88000	9391.00000
43.89000	9431.00000
43.90000	9373.00000
43.91000	9311.00000
43.92000	9266.00000
43.93000	9128.00000
43.94000	9065.00000
43.95000	9050.00000
43.96000	8987.00000
43.97000	8830.00000
43.98000	8795.00000
43.99000	8700.00000
44.00000	8676.00000
44.01000	8677.00000
44.02000	8686.00000
44.03000	8610.00000
44.04000	8609.00000
44.05000	8528.00000
44.06000	8574.00000
44.07000	8627.00000
44.08000	8639.00000
44.09000	8610.00000
44.10000	8717.00000
44.11000	8718.00000
44.12000	8794.00000
44.13000	8873.00000
44.14000	8866.00000
44.15000	8823.00000
44.16000	8818.00000
44.17000	8780.00000
44.18000	8714.00000
44.19000	8732.00000
44.20000	8649.00000
44.21000	8555.00000
44.22000	8572.00000
44.23000	8550.00000
44.24000	8590.00000
44.25000	8728.00000
44.26000	8755.00000
44.27000	8697.00000
44.28000	8758.00000
44.29000	8696.00000
44.30000	8751.00000
44.31000	8830.00000
44.32000	8817.00000
44.33000	8806.00000
44.34000	8834.00000
44.35000	8803.00000
44.36000	8812.00000
44.37000	8915.00000
44.38000	8817.00000
44.39000	8800.00000
44.40000	8720.00000
44.41000	8667.00000
44.42000	8664.00000
44.43000	8696.00000
44.44000	8578.00000
44.45000	8481.00000
44.46000	8400.00000
44.47000	8341.00000
44.48000	8340.00000
44.49000	8353.00000
44.50000	8410.00000
44.51000	8351.00000
44.52000	8430.00000
44.53000	8462.00000
44.54000	8528.00000
44.55000	8650.00000
44.56000	8745.00000
44.57000	8832.00000
44.58000	9048.00000
44.59000	9153.00000
44.60000	9339.00000
44.61000	9426.00000
44.62000	9421.00000
44.63000	9290.00000
44.64000	9209.00000
44.65000	9064.00000
44.66000	8984.00000
44.67000	8851.00000
44.68000	8730.00000
44.69000	8550.00000
44.70000	8532.00000
44.71000	8331.00000
44.72000	8305.00000
44.73000	8351.00000
44.74000	8184.00000
44.75000	8085.00000
44.76000	8010.00000
44.77000	7919.00000
44.78000	7892.00000
44.79000	7821.00000
44.80000	7729.00000
44.81000	7620.00000
44.82000	7539.00000
44.83000	7474.00000
44.84000	7433.00000
44.85000	7423.00000
44.86000	7397.00000
44.87000	7307.00000
44.88000	7259.00000
44.89000	7185.00000
44.90000	7218.00000
44.91000	7214.00000
44.92000	7196.00000
44.93000	7122.00000
44.94000	7108.00000
44.95000	7079.00000
44.96000	7127.00000
44.97000	7154.00000
44.98000	7125.00000
44.99000	7040.00000
45.00000	7094.00000
45.01000	7086.00000
45.02000	7143.00000
45.03000	7189.00000
45.04000	7165.00000
45.05000	7109.00000
45.06000	7168.00000
45.07000	7203.00000
45.08000	7261.00000
45.09000	7287.00000
45.10000	7293.00000
45.11000	7283.00000
45.12000	7324.00000
45.13000	7340.00000
45.14000	7376.00000
45.15000	7423.00000
45.16000	7397.00000
45.17000	7443.00000
45.18000	7489.00000
45.19000	7458.00000
45.20000	7519.00000
45.21000	7591.00000
45.22000	7574.00000
45.23000	7564.00000
45.24000	7596.00000
45.25000	7626.00000
45.26000	7608.00000
45.27000	7691.00000
45.28000	7653.00000
45.29000	7657.00000
45.30000	7655.00000
45.31000	7676.00000
45.32000	7733.00000
45.33000	7802.00000
45.34000	7789.00000
45.35000	7756.00000
45.36000	7777.00000
45.37000	7732.00000
45.38000	7835.00000
45.39000	7858.00000
45.40000	7848.00000
45.41000	7726.00000
45.42000	7780.00000
45.43000	7761.00000
45.44000	7750.00000
45.45000	7798.00000
45.46000	7821.00000
45.47000	7724.00000
45.48000	7752.00000
45.49000	7695.00000
45.50000	7686.00000
45.51000	7728.00000
45.52000	7718.00000
45.53000	7637.00000
45.54000	7634.00000
45.55000	7619.00000
45.56000	7690.00000
45.57000	7677.00000
45.58000	7647.00000
45.59000	7642.00000
45.60000	7687.00000
45.61000	7734.00000
45.62000	7801.00000
45.63000	7891.00000
45.64000	7951.00000
45.65000	7979.00000
45.66000	8034.00000
45.67000	8061.00000
45.68000	8123.00000
45.69000	8200.00000
45.70000	8171.00000
45.71000	8083.00000
45.72000	8063.00000
45.73000	7949.00000
45.74000	7968.00000
45.75000	7949.00000
45.76000	7893.00000
45.77000	7817.00000
45.78000	7795.00000
45.79000	7751.00000
45.80000	7760.00000
45.81000	7736.00000
45.82000	7738.00000
45.83000	7660.00000
45.84000	7677.00000
45.85000	7675.00000
45.86000	7620.00000
45.87000	7662.00000
45.88000	7597.00000
45.89000	7541.00000
45.90000	7623.00000
45.91000	7532.00000
45.92000	7533.00000
45.93000	7566.00000
45.94000	7528.00000
45.95000	7434.00000
45.96000	7384.00000
45.97000	7341.00000
45.98000	7321.00000
45.99000	7338.00000
46.00000	7218.00000
46.01000	7191.00000
46.02000	7145.00000
46.03000	7111.00000
46.04000	7109.00000
46.05000	7096.00000
46.06000	7016.00000
46.07000	7007.00000
46.08000	7039.00000
46.09000	7027.00000
46.10000	7033.00000
46.11000	7053.00000
46.12000	7030.00000
46.13000	6998.00000
46.14000	7061.00000
46.15000	7071.00000
46.16000	7143.00000
46.17000	7275.00000
46.18000	7320.00000
46.19000	7349.00000
46.20000	7458.00000
46.21000	7573.00000
46.22000	7681.00000
46.23000	7856.00000
46.24000	7980.00000
46.25000	8034.00000
46.26000	8098.00000
46.27000	8152.00000
46.28000	8184.00000
46.29000	8223.00000
46.30000	8183.00000
46.31000	8066.00000
46.32000	8088.00000
46.33000	7984.00000
46.34000	8008.00000
46.35000	8047.00000
46.36000	8047.00000
46.37000	8017.00000
46.38000	8080.00000
46.39000	8124.00000
46.40000	8187.00000
46.41000	8320.00000
46.42000	8385.00000
46.43000	8448.00000
46.44000	8589.00000
46.45000	8605.00000
46.46000	8768.00000
46.47000	8938.00000
46.48000	8985.00000
46.49000	9047.00000
46.50000	9074.00000
46.51000	9049.00000
46.52000	9012.00000
46.53000	9004.00000
46.54000	8841.00000
46.55000	8685.00000
46.56000	8626.00000
46.57000	8484.00000
46.58000	8347.00000
46.59000	8343.00000
46.60000	8213.00000
46.61000	8169.00000
46.62000	8130.00000
46.63000	8073.00000
46.64000	8014.00000
46.65000	8035.00000
46.66000	8046.00000
46.67000	7937.00000
46.68000	7928.00000
46.69000	7806.00000
46.70000	7839.00000
46.71000	7816.00000
46.72000	7760.00000
46.73000	7649.00000
46.74000	7604.00000
46.75000	7554.00000
46.76000	7571.00000
46.77000	7524.00000
46.78000	7539.00000
46.79000	7526.00000
46.80000	7578.00000
46.81000	7624.00000
46.82000	7704.00000
46.83000	7764.00000
46.84000	7795.00000
46.85000	7807.00000
46.86000	7903.00000
46.87000	7984.00000
46.88000	8106.00000
46.89000	8236.00000
46.90000	8317.00000
46.91000	8367.00000
46.92000	8504.00000
46.93000	8541.00000
46.94000	8575.00000
46.95000	8650.00000
46.96000	8624.00000
46.97000	8586.00000
46.98000	8656.00000
46.99000	8643.00000
47.00000	8622.00000
47.01000	8622.00000
47.02000	8605.00000
47.03000	8471.00000
47.04000	8503.00000
47.05000	8510.00000
47.06000	8399.00000
47.07000	8404.00000
47.08000	8317.00000
47.09000	8177.00000
47.10000	8100.00000
47.11000	7950.00000
47.12000	7932.00000
47.13000	7920.00000
47.14000	7872.00000
47.15000	7764.00000
47.16000	7760.00000
47.17000	7678.00000
47.18000	7689.00000
47.19000	7728.00000
47.20000	7698.00000
47.21000	7663.00000
47.22000	7732.00000
47.23000	7692.00000
47.24000	7751.00000
47.25000	7800.00000
47.26000	7821.00000
47.27000	7781.00000
47.28000	7763.00000
47.29000	7781.00000
47.30000	7803.00000
47.31000	7901.00000
47.32000	7828.00000
47.33000	7746.00000
47.34000	7760.00000
47.35000	7648.00000
47.36000	7665.00000
47.37000	7676.00000
47.38000	7602.00000
47.39000	7531.00000
47.40000	7492.00000
47.41000	7488.00000
47.42000	7475.00000
47.43000	7473.00000
47.44000	7449.00000
47.45000	7446.00000
47.46000	7421.00000
47.47000	7410.00000
47.48000	7413.00000
47.49000	7459.00000
47.50000	7439.00000
47.51000	7346.00000
47.52000	7367.00000
47.53000	7345.00000
47.54000	7344.00000
47.55000	7387.00000
47.56000	7313.00000
47.57000	7300.00000
47.58000	7243.00000
47.59000	7254.00000
47.60000	7271.00000
47.61000	7282.00000
47.62000	7276.00000
47.63000	7166.00000
47.64000	7187.00000
47.65000	7133.00000
47.66000	7246.00000
47.67000	7261.00000
47.68000	7269.00000
47.69000	7207.00000
47.70000	7292.00000
47.71000	7253.00000
47.72000	7294.00000
47.73000	7375.00000
47.74000	7418.00000
47.75000	7376.00000
47.76000	7442.00000
47.77000	7407.00000
47.78000	7434.00000
47.79000	7525.00000
47.80000	7495.00000
47.81000	7458.00000
47.82000	7477.00000
47.83000	7493.00000
47.84000	7538.00000
47.85000	7613.00000
47.86000	7568.00000
47.87000	7533.00000
47.88000	7556.00000
47.89000	7538.00000
47.90000	7553.00000
47.91000	7589.00000
47.92000	7519.00000
47.93000	7436.00000
47.94000	7493.00000
47.95000	7479.00000
47.96000	7505.00000
47.97000	7500.00000
47.98000	7461.00000
47.99000	7438.00000
48.00000	7386.00000
48.01000	7349.00000
48.02000	7287.00000
48.03000	7256.00000
48.04000	7222.00000
48.05000	7064.00000
48.06000	7090.00000
48.07000	7020.00000
48.08000	6999.00000
48.09000	7002.00000
48.10000	6959.00000
48.11000	6863.00000
48.12000	6863.00000
48.13000	6856.00000
48.14000	6875.00000
48.15000	6882.00000
48.16000	6850.00000
48.17000	6805.00000
48.18000	6831.00000
48.19000	6761.00000
48.20000	6837.00000
48.21000	6867.00000
48.22000	6846.00000
48.23000	6840.00000
48.24000	6855.00000
48.25000	6854.00000
48.26000	6886.00000
48.27000	6942.00000
48.28000	6976.00000
48.29000	6896.00000
48.30000	7008.00000
48.31000	7039.00000
48.32000	7136.00000
48.33000	7220.00000
48.34000	7197.00000
48.35000	7191.00000
48.36000	7225.00000
48.37000	7237.00000
48.38000	7270.00000
48.39000	7356.00000
48.40000	7338.00000
48.41000	7277.00000
48.42000	7324.00000
48.43000	7290.00000
48.44000	7296.00000
48.45000	7356.00000
48.46000	7334.00000
48.47000	7301.00000
48.48000	7334.00000
48.49000	7329.00000
48.50000	7415.00000
48.51000	7442.00000
48.52000	7489.00000
48.53000	7493.00000
48.54000	7533.00000
48.55000	7477.00000
48.56000	7582.00000
48.57000	7589.00000
48.58000	7547.00000
48.59000	7515.00000
48.60000	7572.00000
48.61000	7524.00000
48.62000	7595.00000
48.63000	7601.00000
48.64000	7678.00000
48.65000	7588.00000
48.66000	7607.00000
48.67000	7626.00000
48.68000	7620.00000
48.69000	7700.00000
48.70000	7659.00000
48.71000	7628.00000
48.72000	7565.00000
48.73000	7511.00000
48.74000	7515.00000
48.75000	7595.00000
48.76000	7533.00000
48.77000	7516.00000
48.78000	7517.00000
48.79000	7466.00000
48.80000	7514.00000
48.81000	7578.00000
48.82000	7573.00000
48.83000	7537.00000
48.84000	7643.00000
48.85000	7580.00000
48.86000	7638.00000
48.87000	7666.00000
48.88000	7608.00000
48.89000	7598.00000
48.90000	7633.00000
48.91000	7598.00000
48.92000	7599.00000
48.93000	7609.00000
48.94000	7551.00000
48.95000	7509.00000
48.96000	7524.00000
48.97000	7468.00000
48.98000	7478.00000
48.99000	7488.00000
49.00000	7529.00000
49.01000	7430.00000
49.02000	7442.00000
49.03000	7426.00000
49.04000	7494.00000
49.05000	7542.00000
49.06000	7562.00000
49.07000	7541.00000
49.08000	7524.00000
49.09000	7500.00000
49.10000	7477.00000
49.11000	7516.00000
49.12000	7505.00000
49.13000	7495.00000
49.14000	7488.00000
49.15000	7471.00000
49.16000	7467.00000
49.17000	7458.00000
49.18000	7429.00000
49.19000	7332.00000
49.20000	7335.00000
49.21000	7316.00000
49.22000	7325.00000
49.23000	7359.00000
49.24000	7326.00000
49.25000	7265.00000
49.26000	7262.00000
49.27000	7197.00000
49.28000	7260.00000
49.29000	7246.00000
49.30000	7263.00000
49.31000	7224.00000
49.32000	7254.00000
49.33000	7162.00000
49.34000	7200.00000
49.35000	7244.00000
49.36000	7208.00000
49.37000	7149.00000
49.38000	7186.00000
49.39000	7152.00000
49.40000	7198.00000
49.41000	7217.00000
49.42000	7253.00000
49.43000	7212.00000
49.44000	7262.00000
49.45000	7159.00000
49.46000	7240.00000
49.47000	7218.00000
49.48000	7231.00000
49.49000	7148.00000
49.50000	7197.00000
49.51000	7164.00000
49.52000	7204.00000
49.53000	7253.00000
49.54000	7258.00000
49.55000	7227.00000
49.56000	7194.00000
49.57000	7224.00000
49.58000	7204.00000
49.59000	7292.00000
49.60000	7272.00000
49.61000	7226.00000
49.62000	7234.00000
49.63000	7222.00000
49.64000	7256.00000
49.65000	7294.00000
49.66000	7261.00000
49.67000	7211.00000
49.68000	7211.00000
49.69000	7143.00000
49.70000	7174.00000
49.71000	7192.00000
49.72000	7171.00000
49.73000	7151.00000
49.74000	7140.00000
49.75000	7124.00000
49.76000	7171.00000
49.77000	7178.00000
49.78000	7207.00000
49.79000	7149.00000
49.80000	7157.00000
49.81000	7128.00000
49.82000	7199.00000
49.83000	7263.00000
49.84000	7280.00000
49.85000	7211.00000
49.86000	7277.00000
49.87000	7255.00000
49.88000	7246.00000
49.89000	7296.00000
49.90000	7273.00000
49.91000	7197.00000
49.92000	7180.00000
49.93000	7168.00000
49.94000	7107.00000
49.95000	7130.00000
49.96000	7115.00000
49.97000	6999.00000
49.98000	6988.00000
49.99000	6965.00000
50.00000	6957.00000
50.01000	7000.00000
50.02000	6988.00000
50.03000	6916.00000
50.04000	6914.00000
50.05000	6865.00000
50.06000	6847.00000
50.07000	6829.00000
50.08000	6803.00000
50.09000	6704.00000
50.10000	6748.00000
50.11000	6688.00000
50.12000	6727.00000
50.13000	6736.00000
50.14000	6734.00000
50.15000	6645.00000
50.16000	6655.00000
50.17000	6626.00000
50.18000	6653.00000
50.19000	6686.00000
50.20000	6725.00000
50.21000	6680.00000
50.22000	6732.00000
50.23000	6693.00000
50.24000	6751.00000
50.25000	6802.00000
50.26000	6799.00000
50.27000	6776.00000
50.28000	6861.00000
50.29000	6870.00000
50.30000	6870.00000
50.31000	6923.00000
50.32000	6923.00000
50.33000	6893.00000
50.34000	6921.00000
50.35000	6902.00000
50.36000	6891.00000
50.37000	6908.00000
50.38000	6864.00000
50.39000	6847.00000
50.40000	6787.00000
50.41000	6797.00000
50.42000	6775.00000
50.43000	6867.00000
50.44000	6870.00000
50.45000	6831.00000
50.46000	6818.00000
50.47000	6836.00000
50.48000	6931.00000
50.49000	6950.00000
50.50000	6949.00000
50.51000	6915.00000
50.52000	7007.00000
50.53000	6978.00000
50.54000	7023.00000
50.55000	7087.00000
50.56000	7144.00000
50.57000	7110.00000
50.58000	7189.00000
50.59000	7264.00000
50.60000	7294.00000
50.61000	7367.00000
50.62000	7469.00000
50.63000	7471.00000
50.64000	7587.00000
50.65000	7596.00000
50.66000	7705.00000
50.67000	7715.00000
50.68000	7763.00000
50.69000	7809.00000
50.70000	7854.00000
50.71000	7870.00000
50.72000	7917.00000
50.73000	8018.00000
50.74000	7994.00000
50.75000	7926.00000
50.76000	7941.00000
50.77000	7891.00000
50.78000	7871.00000
50.79000	7886.00000
50.80000	7799.00000
50.81000	7714.00000
50.82000	7695.00000
50.83000	7603.00000
50.84000	7547.00000
50.85000	7567.00000
50.86000	7540.00000
50.87000	7496.00000
50.88000	7501.00000
50.89000	7511.00000
50.90000	7494.00000
50.91000	7574.00000
50.92000	7592.00000
50.93000	7528.00000
50.94000	7606.00000
50.95000	7555.00000
50.96000	7600.00000
50.97000	7646.00000
50.98000	7638.00000
50.99000	7545.00000
51.00000	7550.00000
51.01000	7525.00000
51.02000	7543.00000
51.03000	7527.00000
51.04000	7510.00000
51.05000	7453.00000
51.06000	7415.00000
51.07000	7385.00000
51.08000	7457.00000
51.09000	7533.00000
51.10000	7483.00000
51.11000	7423.00000
51.12000	7441.00000
51.13000	7413.00000
51.14000	7466.00000
51.15000	7544.00000
51.16000	7569.00000
51.17000	7491.00000
51.18000	7519.00000
51.19000	7539.00000
51.20000	7602.00000
51.21000	7618.00000
51.22000	7639.00000
51.23000	7600.00000
51.24000	7608.00000
51.25000	7564.00000
51.26000	7573.00000
51.27000	7627.00000
51.28000	7611.00000
51.29000	7595.00000
51.30000	7570.00000
51.31000	7586.00000
51.32000	7607.00000
51.33000	7627.00000
51.34000	7562.00000
51.35000	7518.00000
51.36000	7470.00000
51.37000	7423.00000
51.38000	7446.00000
51.39000	7428.00000
51.40000	7380.00000
51.41000	7283.00000
51.42000	7287.00000
51.43000	7262.00000
51.44000	7251.00000
51.45000	7251.00000
51.46000	7243.00000
51.47000	7168.00000
51.48000	7199.00000
51.49000	7211.00000
51.50000	7209.00000
51.51000	7276.00000
51.52000	7274.00000
51.53000	7253.00000
51.54000	7294.00000
51.55000	7259.00000
51.56000	7300.00000
51.57000	7346.00000
51.58000	7347.00000
51.59000	7334.00000
51.60000	7379.00000
51.61000	7448.00000
51.62000	7445.00000
51.63000	7626.00000
51.64000	7571.00000
51.65000	7627.00000
51.66000	7665.00000
51.67000	7709.00000
51.68000	7715.00000
51.69000	7750.00000
51.70000	7744.00000
51.71000	7650.00000
51.72000	7611.00000
51.73000	7587.00000
51.74000	7548.00000
51.75000	7539.00000
51.76000	7431.00000
51.77000	7336.00000
51.78000	7290.00000
51.79000	7264.00000
51.80000	7218.00000
51.81000	7215.00000
51.82000	7190.00000
51.83000	7066.00000
51.84000	7100.00000
51.85000	7039.00000
51.86000	7058.00000
51.87000	7026.00000
51.88000	7022.00000
51.89000	6945.00000
51.90000	6898.00000
51.91000	6868.00000
51.92000	6899.00000
51.93000	6957.00000
51.94000	6916.00000
51.95000	6896.00000
51.96000	6890.00000
51.97000	6917.00000
51.98000	6923.00000
51.99000	6986.00000
52.00000	7005.00000
52.01000	6980.00000
52.02000	6937.00000
52.03000	6958.00000
52.04000	6989.00000
52.05000	7030.00000
52.06000	6964.00000
52.07000	6907.00000
52.08000	6950.00000
52.09000	6939.00000
52.10000	6942.00000
52.11000	6956.00000
52.12000	6922.00000
52.13000	6873.00000
52.14000	6889.00000
52.15000	6930.00000
52.16000	6933.00000
52.17000	7010.00000
52.18000	6996.00000
52.19000	6983.00000
52.20000	7036.00000
52.21000	7051.00000
52.22000	7096.00000
52.23000	7239.00000
52.24000	7204.00000
52.25000	7229.00000
52.26000	7271.00000
52.27000	7303.00000
52.28000	7395.00000
52.29000	7418.00000
52.30000	7460.00000
52.31000	7416.00000
52.32000	7525.00000
52.33000	7495.00000
52.34000	7547.00000
52.35000	7591.00000
52.36000	7546.00000
52.37000	7488.00000
52.38000	7482.00000
52.39000	7438.00000
52.40000	7472.00000
52.41000	7461.00000
52.42000	7403.00000
52.43000	7323.00000
52.44000	7289.00000
52.45000	7238.00000
52.46000	7207.00000
52.47000	7242.00000
52.48000	7190.00000
52.49000	7097.00000
52.50000	7093.00000
52.51000	7045.00000
52.52000	7008.00000
52.53000	7033.00000
52.54000	6997.00000
52.55000	6905.00000
52.56000	6927.00000
52.57000	6889.00000
52.58000	6882.00000
52.59000	6907.00000
52.60000	6848.00000
52.61000	6822.00000
52.62000	6791.00000
52.63000	6737.00000
52.64000	6775.00000
52.65000	6757.00000
52.66000	6766.00000
52.67000	6728.00000
52.68000	6743.00000
52.69000	6743.00000
52.70000	6756.00000
52.71000	6763.00000
52.72000	6732.00000
52.73000	6720.00000
52.74000	6775.00000
52.75000	6741.00000
52.76000	6808.00000
52.77000	6819.00000
52.78000	6903.00000
52.79000	6857.00000
52.80000	6908.00000
52.81000	6898.00000
52.82000	6900.00000
52.83000	6963.00000
52.84000	6921.00000
52.85000	6872.00000
52.86000	6895.00000
52.87000	6852.00000
52.88000	6868.00000
52.89000	6864.00000
52.90000	6784.00000
52.91000	6791.00000
52.92000	6817.00000
52.93000	6803.00000
52.94000	6787.00000
52.95000	6854.00000
52.96000	6867.00000
52.97000	6888.00000
52.98000	6897.00000
52.99000	6978.00000
53.00000	7007.00000
53.01000	7093.00000
53.02000	7115.00000
53.03000	7129.00000
53.04000	7221.00000
53.05000	7257.00000
53.06000	7343.00000
53.07000	7421.00000
53.08000	7457.00000
53.09000	7456.00000
53.10000	7519.00000
53.11000	7476.00000
53.12000	7534.00000
53.13000	7503.00000
53.14000	7511.00000
53.15000	7421.00000
53.16000	7349.00000
53.17000	7306.00000
53.18000	7285.00000
53.19000	7268.00000
53.20000	7227.00000
53.21000	7126.00000
53.22000	7070.00000
53.23000	7010.00000
53.24000	6995.00000
53.25000	7001.00000
53.26000	6982.00000
53.27000	6904.00000
53.28000	6895.00000
53.29000	6870.00000
53.30000	6896.00000
53.31000	6918.00000
53.32000	6869.00000
53.33000	6792.00000
53.34000	6799.00000
53.35000	6840.00000
53.36000	6826.00000
53.37000	6871.00000
53.38000	6927.00000
53.39000	6820.00000
53.40000	6865.00000
53.41000	6830.00000
53.42000	6900.00000
53.43000	6948.00000
53.44000	6972.00000
53.45000	6991.00000
53.46000	7046.00000
53.47000	7017.00000
53.48000	7111.00000
53.49000	7117.00000
53.50000	7147.00000
53.51000	7091.00000
53.52000	7113.00000
53.53000	7134.00000
53.54000	7189.00000
53.55000	7164.00000
53.56000	7117.00000
53.57000	7061.00000
53.58000	7077.00000
53.59000	7018.00000
53.60000	7056.00000
53.61000	7026.00000
53.62000	7016.00000
53.63000	6984.00000
53.64000	7006.00000
53.65000	6993.00000
53.66000	7071.00000
53.67000	7039.00000
53.68000	7118.00000
53.69000	7080.00000
53.70000	7104.00000
53.71000	7140.00000
53.72000	7144.00000
53.73000	7225.00000
53.74000	7207.00000
53.75000	7237.00000
53.76000	7248.00000
53.77000	7227.00000
53.78000	7260.00000
53.79000	7337.00000
53.80000	7301.00000
53.81000	7318.00000
53.82000	7279.00000
53.83000	7238.00000
53.84000	7245.00000
53.85000	7340.00000
53.86000	7310.00000
53.87000	7237.00000
53.88000	7263.00000
53.89000	7243.00000
53.90000	7279.00000
53.91000	7320.00000
53.92000	7311.00000
53.93000	7254.00000
53.94000	7293.00000
53.95000	7247.00000
53.96000	7273.00000
53.97000	7314.00000
53.98000	7256.00000
53.99000	7176.00000
54.00000	7220.00000
54.01000	7196.00000
54.02000	7201.00000
54.03000	7236.00000
54.04000	7222.00000
54.05000	7215.00000
54.06000	7180.00000
54.07000	7177.00000
54.08000	7197.00000
54.09000	7243.00000
54.10000	7240.00000
54.11000	7201.00000
54.12000	7264.00000
54.13000	7265.00000
54.14000	7277.00000
54.15000	7365.00000
54.16000	7300.00000
54.17000	7277.00000
54.18000	7294.00000
54.19000	7265.00000
54.20000	7285.00000
54.21000	7334.00000
54.22000	7297.00000
54.23000	7231.00000
54.24000	7216.00000
54.25000	7152.00000
54.26000	7157.00000
54.27000	7187.00000
54.28000	7130.00000
54.29000	7094.00000
54.30000	7097.00000
54.31000	7073.00000
54.32000	7073.00000
54.33000	7104.00000
54.34000	7121.00000
54.35000	7075.00000
54.36000	7084.00000
54.37000	7046.00000
54.38000	7067.00000
54.39000	7131.00000
54.40000	7156.00000
54.41000	7082.00000
54.42000	7091.00000
54.43000	7122.00000
54.44000	7123.00000
54.45000	7136.00000
54.46000	7160.00000
54.47000	7132.00000
54.48000	7118.00000
54.49000	7116.00000
54.50000	7131.00000
54.51000	7142.00000
54.52000	7107.00000
54.53000	7026.00000
54.54000	7073.00000
54.55000	6973.00000
54.56000	7022.00000
54.57000	7011.00000
54.58000	6994.00000
54.59000	6933.00000
54.60000	6940.00000
54.61000	6922.00000
54.62000	6934.00000
54.63000	6969.00000
54.64000	6931.00000
54.65000	6914.00000
54.66000	6911.00000
54.67000	6912.00000
54.68000	6935.00000
54.69000	6992.00000
54.70000	6974.00000
54.71000	6940.00000
54.72000	6979.00000
54.73000	6947.00000
54.74000	6980.00000
54.75000	6985.00000
54.76000	6983.00000
54.77000	6930.00000
54.78000	6924.00000
54.79000	6861.00000
54.80000	6899.00000
54.81000	6960.00000
54.82000	6907.00000
54.83000	6810.00000
54.84000	6832.00000
54.85000	6800.00000
54.86000	6866.00000
54.87000	6887.00000
54.88000	6860.00000
54.89000	6785.00000
54.90000	6849.00000
54.91000	6851.00000
54.92000	6917.00000
54.93000	6942.00000
54.94000	6967.00000
54.95000	6949.00000
54.96000	7005.00000
54.97000	7012.00000
54.98000	7047.00000
54.99000	7092.00000
55.00000	7118.00000
55.01000	7079.00000
55.02000	7153.00000
55.03000	7171.00000
55.04000	7217.00000
55.05000	7307.00000
55.06000	7316.00000
55.07000	7309.00000
55.08000	7306.00000
55.09000	7315.00000
55.10000	7333.00000
55.11000	7405.00000
55.12000	7361.00000
55.13000	7308.00000
55.14000	7334.00000
55.15000	7309.00000
55.16000	7342.00000
55.17000	7380.00000
55.18000	7382.00000
55.19000	7328.00000
55.20000	7350.00000
55.21000	7384.00000
55.22000	7461.00000
55.23000	7550.00000
55.24000	7565.00000
55.25000	7537.00000
55.26000	7643.00000
55.27000	7668.00000
55.28000	7704.00000
55.29000	7743.00000
55.30000	7717.00000
55.31000	7725.00000
55.32000	7730.00000
55.33000	7676.00000
55.34000	7757.00000
55.35000	7733.00000
55.36000	7665.00000
55.37000	7570.00000
55.38000	7624.00000
55.39000	7567.00000
55.40000	7543.00000
55.41000	7593.00000
55.42000	7526.00000
55.43000	7451.00000
55.44000	7447.00000
55.45000	7400.00000
55.46000	7441.00000
55.47000	7426.00000
55.48000	7374.00000
55.49000	7330.00000
55.50000	7331.00000
55.51000	7307.00000
55.52000	7275.00000
55.53000	7350.00000
55.54000	7324.00000
55.55000	7282.00000
55.56000	7268.00000
55.57000	7272.00000
55.58000	7299.00000
55.59000	7321.00000
55.60000	7323.00000
55.61000	7249.00000
55.62000	7241.00000
55.63000	7195.00000
55.64000	7223.00000
55.65000	7272.00000
55.66000	7274.00000
55.67000	7186.00000
55.68000	7242.00000
55.69000	7219.00000
55.70000	7252.00000
55.71000	7246.00000
55.72000	7283.00000
55.73000	7196.00000
55.74000	7251.00000
55.75000	7195.00000
55.76000	7263.00000
55.77000	7272.00000
55.78000	7271.00000
55.79000	7288.00000
55.80000	7293.00000
55.81000	7337.00000
55.82000	7339.00000
55.83000	7407.00000
55.84000	7405.00000
55.85000	7425.00000
55.86000	7414.00000
55.87000	7432.00000
55.88000	7491.00000
55.89000	7533.00000
55.90000	7486.00000
55.91000	7414.00000
55.92000	7457.00000
55.93000	7436.00000
55.94000	7470.00000
55.95000	7465.00000
55.96000	7438.00000
55.97000	7346.00000
55.98000	7312.00000
55.99000	7260.00000
56.00000	7248.00000
56.01000	7279.00000
56.02000	7234.00000
56.03000	7148.00000
56.04000	7215.00000
56.05000	7162.00000
56.06000	7184.00000
56.07000	7220.00000
56.08000	7201.00000
56.09000	7153.00000
56.10000	7160.00000
56.11000	7158.00000
56.12000	7247.00000
56.13000	7287.00000
56.14000	7216.00000
56.15000	7129.00000
56.16000	7204.00000
56.17000	7169.00000
56.18000	7210.00000
56.19000	7247.00000
56.20000	7262.00000
56.21000	7241.00000
56.22000	7223.00000
56.23000	7252.00000
56.24000	7267.00000
56.25000	7274.00000
56.26000	7235.00000
56.27000	7203.00000
56.28000	7260.00000
56.29000	7281.00000
56.30000	7283.00000
56.31000	7286.00000
56.32000	7290.00000
56.33000	7243.00000
56.34000	7239.00000
56.35000	7219.00000
56.36000	7215.00000
56.37000	7227.00000
56.38000	7196.00000
56.39000	7104.00000
56.40000	7130.00000
56.41000	7074.00000
56.42000	7060.00000
56.43000	7082.00000
56.44000	7051.00000
56.45000	6972.00000
56.46000	6984.00000
56.47000	6950.00000
56.48000	6959.00000
56.49000	6943.00000
56.50000	6975.00000
56.51000	6912.00000
56.52000	6945.00000
56.53000	6867.00000
56.54000	6914.00000
56.55000	6955.00000
56.56000	6901.00000
56.57000	6832.00000
56.58000	6863.00000
56.59000	6803.00000
56.60000	6809.00000
56.61000	6866.00000
56.62000	6828.00000
56.63000	6764.00000
56.64000	6775.00000
56.65000	6767.00000
56.66000	6796.00000
56.67000	6830.00000
56.68000	6820.00000
56.69000	6750.00000
56.70000	6790.00000
56.71000	6776.00000
56.72000	6777.00000
56.73000	6854.00000
56.74000	6850.00000
56.75000	6805.00000
56.76000	6833.00000
56.77000	6858.00000
56.78000	6926.00000
56.79000	7025.00000
56.80000	7017.00000
56.81000	7006.00000
56.82000	7059.00000
56.83000	7093.00000
56.84000	7153.00000
56.85000	7190.00000
56.86000	7231.00000
56.87000	7180.00000
56.88000	7270.00000
56.89000	7270.00000
56.90000	7375.00000
56.91000	7388.00000
56.92000	7404.00000
56.93000	7359.00000
56.94000	7401.00000
56.95000	7367.00000
56.96000	7380.00000
56.97000	7471.00000
56.98000	7443.00000
56.99000	7449.00000
57.00000	7441.00000
57.01000	7462.00000
57.02000	7493.00000
57.03000	7573.00000
57.04000	7548.00000
57.05000	7554.00000
57.06000	7621.00000
57.07000	7635.00000
57.08000	7715.00000
57.09000	7816.00000
57.10000	7776.00000
57.11000	7746.00000
57.12000	7782.00000
57.13000	7740.00000
57.14000	7733.00000
57.15000	7723.00000
57.16000	7595.00000
57.17000	7538.00000
57.18000	7500.00000
57.19000	7436.00000
57.20000	7456.00000
57.21000	7460.00000
57.22000	7410.00000
57.23000	7318.00000
57.24000	7393.00000
57.25000	7274.00000
57.26000	7339.00000
57.27000	7361.00000
57.28000	7382.00000
57.29000	7316.00000
57.30000	7380.00000
57.31000	7293.00000
57.32000	7357.00000
57.33000	7442.00000
57.34000	7427.00000
57.35000	7339.00000
57.36000	7361.00000
57.37000	7371.00000
57.38000	7404.00000
57.39000	7391.00000
57.40000	7419.00000
57.41000	7361.00000
57.42000	7347.00000
57.43000	7365.00000
57.44000	7387.00000
57.45000	7391.00000
57.46000	7364.00000
57.47000	7312.00000
57.48000	7335.00000
57.49000	7369.00000
57.50000	7325.00000
57.51000	7385.00000
57.52000	7324.00000
57.53000	7281.00000
57.54000	7271.00000
57.55000	7244.00000
57.56000	7269.00000
57.57000	7310.00000
57.58000	7269.00000
57.59000	7193.00000
57.60000	7195.00000
57.61000	7138.00000
57.62000	7199.00000
57.63000	7191.00000
57.64000	7096.00000
57.65000	7045.00000
57.66000	7053.00000
57.67000	6980.00000
57.68000	7017.00000
57.69000	7020.00000
57.70000	7026.00000
57.71000	6911.00000
57.72000	6969.00000
57.73000	6933.00000
57.74000	6976.00000
57.75000	6951.00000
57.76000	6995.00000
57.77000	6969.00000
57.78000	7040.00000
57.79000	7036.00000
57.80000	7052.00000
57.81000	7164.00000
57.82000	7198.00000
57.83000	7163.00000
57.84000	7176.00000
57.85000	7221.00000
57.86000	7262.00000
57.87000	7301.00000
57.88000	7300.00000
57.89000	7254.00000
57.90000	7278.00000
57.91000	7226.00000
57.92000	7221.00000
57.93000	7298.00000
57.94000	7297.00000
57.95000	7235.00000
57.96000	7214.00000
57.97000	7230.00000
57.98000	7181.00000
57.99000	7248.00000
58.00000	7160.00000
58.01000	7114.00000
58.02000	7150.00000
58.03000	7097.00000
58.04000	7136.00000
58.05000	7181.00000
58.06000	7106.00000
58.07000	7057.00000
58.08000	7069.00000
58.09000	7072.00000
58.10000	7054.00000
58.11000	7036.00000
58.12000	7040.00000
58.13000	6980.00000
58.14000	7003.00000
58.15000	6973.00000
58.16000	6943.00000
58.17000	6938.00000
58.18000	6920.00000
58.19000	6902.00000
58.20000	6888.00000
58.21000	6830.00000
58.22000	6919.00000
58.23000	6924.00000
58.24000	6909.00000
58.25000	6806.00000
58.26000	6806.00000
58.27000	6756.00000
58.28000	6755.00000
58.29000	6813.00000
58.30000	6772.00000
58.31000	6729.00000
58.32000	6736.00000
58.33000	6768.00000
58.34000	6762.00000
58.35000	6866.00000
58.36000	6854.00000
58.37000	6787.00000
58.38000	6807.00000
58.39000	6751.00000
58.40000	6784.00000
58.41000	6833.00000
58.42000	6765.00000
58.43000	6785.00000
58.44000	6782.00000
58.45000	6784.00000
58.46000	6811.00000
58.47000	6833.00000
58.48000	6818.00000
58.49000	6768.00000
58.50000	6732.00000
58.51000	6738.00000
58.52000	6768.00000
58.53000	6754.00000
58.54000	6811.00000
58.55000	6736.00000
58.56000	6758.00000
58.57000	6734.00000
58.58000	6737.00000
58.59000	6780.00000
58.60000	6767.00000
58.61000	6722.00000
58.62000	6746.00000
58.63000	6709.00000
58.64000	6672.00000
58.65000	6718.00000
58.66000	6704.00000
58.67000	6698.00000
58.68000	6722.00000
58.69000	6676.00000
58.70000	6721.00000
58.71000	6808.00000
58.72000	6772.00000
58.73000	6738.00000
58.74000	6738.00000
58.75000	6742.00000
58.76000	6764.00000
58.77000	6816.00000
58.78000	6798.00000
58.79000	6741.00000
58.80000	6752.00000
58.81000	6787.00000
58.82000	6836.00000
58.83000	6928.00000
58.84000	6892.00000
58.85000	6875.00000
58.86000	6903.00000
58.87000	6919.00000
58.88000	6935.00000
58.89000	6934.00000
58.90000	7012.00000
58.91000	6953.00000
58.92000	6974.00000
58.93000	6970.00000
58.94000	6965.00000
58.95000	7016.00000
58.96000	6975.00000
58.97000	6919.00000
58.98000	6954.00000
58.99000	6921.00000
59.00000	6888.00000
59.01000	6921.00000
59.02000	6871.00000
59.03000	6834.00000
59.04000	6799.00000
59.05000	6769.00000
59.06000	6734.00000
59.07000	6831.00000
59.08000	6773.00000
59.09000	6661.00000
59.10000	6675.00000
59.11000	6654.00000
59.12000	6704.00000
59.13000	6739.00000
59.14000	6703.00000
59.15000	6629.00000
59.16000	6667.00000
59.17000	6632.00000
59.18000	6690.00000
59.19000	6695.00000
59.20000	6683.00000
59.21000	6629.00000
59.22000	6637.00000
59.23000	6602.00000
59.24000	6616.00000
59.25000	6619.00000
59.26000	6625.00000
59.27000	6563.00000
59.28000	6589.00000
59.29000	6551.00000
59.30000	6552.00000
59.31000	6612.00000
59.32000	6565.00000
59.33000	6549.00000
59.34000	6587.00000
59.35000	6555.00000
59.36000	6601.00000
59.37000	6661.00000
59.38000	6679.00000
59.39000	6591.00000
59.40000	6637.00000
59.41000	6639.00000
59.42000	6682.00000
59.43000	6715.00000
59.44000	6720.00000
59.45000	6689.00000
59.46000	6695.00000
59.47000	6731.00000
59.48000	6744.00000
59.49000	6810.00000
59.50000	6792.00000
59.51000	6801.00000
59.52000	6810.00000
59.53000	6829.00000
59.54000	6810.00000
59.55000	6865.00000
59.56000	6878.00000
59.57000	6873.00000
59.58000	6924.00000
59.59000	6889.00000
59.60000	6944.00000
59.61000	7011.00000
59.62000	7045.00000
59.63000	6964.00000
59.64000	7013.00000
59.65000	7011.00000
59.66000	7042.00000
59.67000	7033.00000
59.68000	7010.00000
59.69000	6964.00000
59.70000	7012.00000
59.71000	6946.00000
59.72000	6945.00000
59.73000	6935.00000
59.74000	6907.00000
59.75000	6835.00000
59.76000	6853.00000
59.77000	6840.00000
59.78000	6794.00000
59.79000	6837.00000
59.80000	6811.00000
59.81000	6753.00000
59.82000	6750.00000
59.83000	6718.00000
59.84000	6743.00000
59.85000	6810.00000
59.86000	6731.00000
59.87000	6725.00000
59.88000	6741.00000
59.89000	6697.00000
59.90000	6699.00000
59.91000	6758.00000
59.92000	6710.00000
59.93000	6721.00000
59.94000	6702.00000
59.95000	6694.00000
59.96000	6707.00000
59.97000	6763.00000
59.98000	6715.00000
59.99000	6710.00000
60.00000	6671.00000
60.01000	6690.00000
60.02000	6670.00000
60.03000	6715.00000
60.04000	6766.00000
60.05000	6679.00000
60.06000	6720.00000
60.07000	6668.00000
60.08000	6734.00000
60.09000	6760.00000
60.10000	6755.00000
60.11000	6630.00000
60.12000	6731.00000
60.13000	6744.00000
60.14000	6763.00000
60.15000	6748.00000
60.16000	6788.00000
60.17000	6761.00000
60.18000	6758.00000
60.19000	6785.00000
60.20000	6759.00000
60.21000	6830.00000
60.22000	6831.00000
60.23000	6804.00000
60.24000	6789.00000
60.25000	6784.00000
60.26000	6827.00000
60.27000	6795.00000
60.28000	6807.00000
60.29000	6737.00000
60.30000	6778.00000
60.31000	6741.00000
60.32000	6794.00000
60.33000	6794.00000
60.34000	6767.00000
60.35000	6720.00000
60.36000	6801.00000
60.37000	6739.00000
60.38000	6780.00000
60.39000	6784.00000
60.40000	6772.00000
60.41000	6712.00000
60.42000	6775.00000
60.43000	6708.00000
60.44000	6748.00000
60.45000	6763.00000
60.46000	6785.00000
60.47000	6701.00000
60.48000	6764.00000
60.49000	6753.00000
60.50000	6773.00000
60.51000	6778.00000
60.52000	6809.00000
60.53000	6762.00000
60.54000	6793.00000
60.55000	6772.00000
60.56000	6838.00000
60.57000	6859.00000
60.58000	6880.00000
60.59000	6862.00000
60.60000	6889.00000
60.61000	6914.00000
60.62000	6928.00000
60.63000	6916.00000
60.64000	6910.00000
60.65000	6893.00000
60.66000	6886.00000
60.67000	6897.00000
60.68000	6906.00000
60.69000	6956.00000
60.70000	6946.00000
60.71000	6925.00000
60.72000	6859.00000
60.73000	6896.00000
60.74000	6890.00000
60.75000	6929.00000
60.76000	6938.00000
60.77000	6870.00000
60.78000	6921.00000
60.79000	6862.00000
60.80000	6927.00000
60.81000	6942.00000
60.82000	6947.00000
60.83000	6861.00000
60.84000	6911.00000
60.85000	6828.00000
60.86000	6851.00000
60.87000	6845.00000
60.88000	6802.00000
60.89000	6676.00000
60.90000	6721.00000
60.91000	6680.00000
60.92000	6715.00000
60.93000	6709.00000
60.94000	6649.00000
60.95000	6639.00000
60.96000	6634.00000
60.97000	6614.00000
60.98000	6626.00000
60.99000	6641.00000
61.00000	6621.00000
61.01000	6598.00000
61.02000	6591.00000
61.03000	6606.00000
61.04000	6606.00000
61.05000	6646.00000
61.06000	6611.00000
61.07000	6582.00000
61.08000	6588.00000
61.09000	6589.00000
61.10000	6638.00000
61.11000	6695.00000
61.12000	6650.00000
61.13000	6644.00000
61.14000	6676.00000
61.15000	6611.00000
61.16000	6655.00000
61.17000	6718.00000
61.18000	6651.00000
61.19000	6630.00000
61.20000	6655.00000
61.21000	6601.00000
61.22000	6652.00000
61.23000	6671.00000
61.24000	6702.00000
61.25000	6656.00000
61.26000	6677.00000
61.27000	6665.00000
61.28000	6683.00000
61.29000	6673.00000
61.30000	6685.00000
61.31000	6620.00000
61.32000	6641.00000
61.33000	6651.00000
61.34000	6616.00000
61.35000	6674.00000
61.36000	6701.00000
61.37000	6657.00000
61.38000	6669.00000
61.39000	6670.00000
61.40000	6727.00000
61.41000	6740.00000
61.42000	6745.00000
61.43000	6713.00000
61.44000	6687.00000
61.45000	6690.00000
61.46000	6658.00000
61.47000	6744.00000
61.48000	6731.00000
61.49000	6633.00000
61.50000	6643.00000
61.51000	6642.00000
61.52000	6632.00000
61.53000	6765.00000
61.54000	6717.00000
61.55000	6654.00000
61.56000	6696.00000
61.57000	6670.00000
61.58000	6695.00000
61.59000	6741.00000
61.60000	6758.00000
61.61000	6660.00000
61.62000	6714.00000
61.63000	6725.00000
61.64000	6752.00000
61.65000	6840.00000
61.66000	6884.00000
61.67000	6838.00000
61.68000	6895.00000
61.69000	6859.00000
61.70000	6951.00000
61.71000	6964.00000
61.72000	6951.00000
61.73000	6942.00000
61.74000	6961.00000
61.75000	6979.00000
61.76000	6961.00000
61.77000	7021.00000
61.78000	7041.00000
61.79000	6981.00000
61.80000	6998.00000
61.81000	7024.00000
61.82000	7025.00000
61.83000	7044.00000
61.84000	7066.00000
61.85000	7008.00000
61.86000	7018.00000
61.87000	6976.00000
61.88000	6971.00000
61.89000	7063.00000
61.90000	6979.00000
61.91000	6952.00000
61.92000	6939.00000
61.93000	6931.00000
61.94000	6979.00000
61.95000	6954.00000
61.96000	6982.00000
61.97000	6904.00000
61.98000	6910.00000
61.99000	6868.00000
62.00000	6967.00000
62.01000	6899.00000
62.02000	6917.00000
62.03000	6815.00000
62.04000	6828.00000
62.05000	6836.00000
62.06000	6843.00000
62.07000	6842.00000
62.08000	6824.00000
62.09000	6749.00000
62.10000	6742.00000
62.11000	6677.00000
62.12000	6675.00000
62.13000	6744.00000
62.14000	6694.00000
62.15000	6641.00000
62.16000	6680.00000
62.17000	6654.00000
62.18000	6723.00000
62.19000	6744.00000
62.20000	6726.00000
62.21000	6647.00000
