3.98800	1004.00000
3.99300	976.00000
3.99800	994.00000
4.00300	1022.00000
4.00800	1015.00000
4.01300	1024.00000
4.01800	1027.00000
4.02300	1044.00000
4.02800	1045.00000
4.03300	1027.00000
4.03800	1030.00000
4.04300	1025.00000
4.04800	989.00000
4.05300	992.00000
4.05800	1028.00000
4.06300	1006.00000
4.06800	991.00000
4.07300	991.00000
4.07800	1003.00000
4.08300	1034.00000
4.08800	1021.00000
4.09300	994.00000
4.09800	1013.00000
4.10300	1017.00000
4.10800	1006.00000
4.11300	983.00000
4.11800	978.00000
4.12300	977.00000
4.12800	974.00000
4.13300	957.00000
4.13800	977.00000
4.14300	997.00000
4.14800	991.00000
4.15300	1012.00000
4.15800	1017.00000
4.16300	1037.00000
4.16800	1013.00000
4.17300	986.00000
4.17800	964.00000
4.18300	986.00000
4.18800	1027.00000
4.19300	1068.00000
4.19800	1055.00000
4.20300	1003.00000
4.20800	974.00000
4.21300	985.00000
4.21800	1011.00000
4.22300	1019.00000
4.22800	1015.00000
4.23300	995.00000
4.23800	987.00000
4.24300	998.00000
4.24800	1007.00000
4.25300	1006.00000
4.25800	989.00000
4.26300	945.00000
4.26800	939.00000
4.27300	948.00000
4.27800	942.00000
4.28300	986.00000
4.28800	1008.00000
4.29300	1043.00000
4.29800	1034.00000
4.30300	1015.00000
4.30800	1011.00000
4.31300	1008.00000
4.31800	1033.00000
4.32300	1029.00000
4.32800	989.00000
4.33300	985.00000
4.33800	981.00000
4.34300	992.00000
4.34800	995.00000
4.35300	958.00000
4.35800	928.00000
4.36300	950.00000
4.36800	999.00000
4.37300	1044.00000
4.37800	1067.00000
4.38300	1027.00000
4.38800	985.00000
4.39300	954.00000
4.39800	951.00000
4.40300	961.00000
4.40800	1009.00000
4.41300	1003.00000
4.41800	1004.00000
4.42300	963.00000
4.42800	963.00000
4.43300	970.00000
4.43800	988.00000
4.44300	995.00000
4.44800	993.00000
4.45300	982.00000
4.45800	995.00000
4.46300	990.00000
4.46800	999.00000
4.47300	1065.00000
4.47800	1021.00000
4.48300	955.00000
4.48800	929.00000
4.49300	965.00000
4.49800	987.00000
4.50300	988.00000
4.50800	987.00000
4.51300	994.00000
4.51800	961.00000
4.52300	972.00000
4.52800	950.00000
4.53300	965.00000
4.53800	974.00000
4.54300	982.00000
4.54800	1045.00000
4.55300	1061.00000
4.55800	981.00000
4.56300	951.00000
4.56800	984.00000
4.57300	994.00000
4.57800	983.00000
4.58300	1008.00000
4.58800	1027.00000
4.59300	1063.00000
4.59800	1060.00000
4.60300	1067.00000
4.60800	1034.00000
4.61300	998.00000
4.61800	1016.00000
4.62300	1037.00000
4.62800	1022.00000
4.63300	1006.00000
4.63800	1047.00000
4.64300	1018.00000
4.64800	933.00000
4.65300	894.00000
4.65800	928.00000
4.66300	961.00000
4.66800	941.00000
4.67300	912.00000
4.67800	936.00000
4.68300	975.00000
4.68800	984.00000
4.69300	988.00000
4.69800	975.00000
4.70300	986.00000
4.70800	996.00000
4.71300	1016.00000
4.71800	1028.00000
4.72300	1028.00000
4.72800	1058.00000
4.73300	1013.00000
4.73800	993.00000
4.74300	1000.00000
4.74800	981.00000
4.75300	989.00000
4.75800	1024.00000
4.76300	1021.00000
4.76800	998.00000
4.77300	1012.00000
4.77800	1020.00000
4.78300	1018.00000
4.78800	973.00000
4.79300	943.00000
4.79800	931.00000
4.80300	930.00000
4.80800	947.00000
4.81300	924.00000
4.81800	912.00000
4.82300	949.00000
4.82800	985.00000
4.83300	1026.00000
4.83800	1080.00000
4.84300	1064.00000
4.84800	1033.00000
4.85300	1025.00000
4.85800	1045.00000
4.86300	1040.00000
4.86800	1050.00000
4.87300	1044.00000
4.87800	1010.00000
4.88300	1024.00000
4.88800	1059.00000
4.89300	1034.00000
4.89800	987.00000
4.90300	989.00000
4.90800	1003.00000
4.91300	978.00000
4.91800	943.00000
4.92300	961.00000
4.92800	978.00000
4.93300	973.00000
4.93800	994.00000
4.94300	1009.00000
4.94800	1011.00000
4.95300	1015.00000
4.95800	1008.00000
4.96300	986.00000
4.96800	971.00000
4.97300	961.00000
4.97800	944.00000
4.98300	958.00000
4.98800	984.00000
4.99300	980.00000
4.99800	972.00000
5.00300	958.00000
5.00800	966.00000
5.01300	1024.00000
5.01800	1052.00000
5.02300	1026.00000
5.02800	1014.00000
5.03300	1004.00000
5.03800	1006.00000
5.04300	1057.00000
5.04800	1068.00000
5.05300	1034.00000
5.05800	1008.00000
5.06300	1024.00000
5.06800	1049.00000
5.07300	1031.00000
5.07800	1028.00000
5.08300	1026.00000
5.08800	1043.00000
5.09300	1037.00000
5.09800	1015.00000
5.10300	1031.00000
5.10800	1011.00000
5.11300	1000.00000
5.11800	1018.00000
5.12300	1030.00000
5.12800	1033.00000
5.13300	1004.00000
5.13800	1012.00000
5.14300	991.00000
5.14800	965.00000
5.15300	977.00000
5.15800	998.00000
5.16300	997.00000
5.16800	1009.00000
5.17300	1007.00000
5.17800	985.00000
5.18300	938.00000
5.18800	926.00000
5.19300	937.00000
5.19800	926.00000
5.20300	966.00000
5.20800	957.00000
5.21300	956.00000
5.21800	1027.00000
5.22300	1087.00000
5.22800	1102.00000
5.23300	1108.00000
5.23800	1068.00000
5.24300	1089.00000
5.24800	1043.00000
5.25300	997.00000
5.25800	1031.00000
5.26300	1009.00000
5.26800	1016.00000
5.27300	980.00000
5.27800	972.00000
5.28300	966.00000
5.28800	1010.00000
5.29300	962.00000
5.29800	949.00000
5.30300	981.00000
5.30800	964.00000
5.31300	984.00000
5.31800	1008.00000
5.32300	996.00000
5.32800	998.00000
5.33300	982.00000
5.33800	974.00000
5.34300	1010.00000
5.34800	1000.00000
5.35300	1015.00000
5.35800	995.00000
5.36300	984.00000
5.36800	930.00000
5.37300	986.00000
5.37800	994.00000
5.38300	1029.00000
5.38800	1040.00000
5.39300	1021.00000
5.39800	941.00000
5.40300	963.00000
5.40800	1013.00000
5.41300	1005.00000
5.41800	975.00000
5.42300	961.00000
5.42800	996.00000
5.43300	996.00000
5.43800	1071.00000
5.44300	1071.00000
5.44800	1049.00000
5.45300	1028.00000
5.45800	1002.00000
5.46300	960.00000
5.46800	919.00000
5.47300	946.00000
5.47800	935.00000
5.48300	958.00000
5.48800	973.00000
5.49300	970.00000
5.49800	1004.00000
5.50300	1038.00000
5.50800	1046.00000
5.51300	1046.00000
5.51800	1038.00000
5.52300	1001.00000
5.52800	1013.00000
5.53300	1005.00000
5.53800	1005.00000
5.54300	988.00000
5.54800	982.00000
5.55300	964.00000
5.55800	979.00000
5.56300	1009.00000
5.56800	964.00000
5.57300	979.00000
5.57800	1026.00000
5.58300	1066.00000
5.58800	1063.00000
5.59300	1053.00000
5.59800	1057.00000
5.60300	1017.00000
5.60800	1007.00000
5.61300	1019.00000
5.61800	1020.00000
5.62300	1004.00000
5.62800	1006.00000
5.63300	1031.00000
5.63800	1040.00000
5.64300	1063.00000
5.64800	1084.00000
5.65300	1073.00000
5.65800	1038.00000
5.66300	1031.00000
5.66800	1045.00000
5.67300	1040.00000
5.67800	1039.00000
5.68300	1052.00000
5.68800	1047.00000
5.69300	1040.00000
5.69800	1040.00000
5.70300	1023.00000
5.70800	1029.00000
5.71300	1018.00000
5.71800	987.00000
5.72300	981.00000
5.72800	958.00000
5.73300	979.00000
5.73800	1029.00000
5.74300	1025.00000
5.74800	1025.00000
5.75300	1067.00000
5.75800	1110.00000
5.76300	1120.00000
5.76800	1091.00000
5.77300	1074.00000
5.77800	1058.00000
5.78300	1033.00000
5.78800	1050.00000
5.79300	1039.00000
5.79800	1034.00000
5.80300	1064.00000
5.80800	1103.00000
5.81300	1097.00000
5.81800	1089.00000
5.82300	1094.00000
5.82800	1065.00000
5.83300	1025.00000
5.83800	1026.00000
5.84300	1051.00000
5.84800	1090.00000
5.85300	1108.00000
5.85800	1042.00000
5.86300	980.00000
5.86800	947.00000
5.87300	1000.00000
5.87800	1059.00000
5.88300	1044.00000
5.88800	990.00000
5.89300	1000.00000
5.89800	1019.00000
5.90300	996.00000
5.90800	980.00000
5.91300	996.00000
5.91800	1003.00000
5.92300	1000.00000
5.92800	975.00000
5.93300	1017.00000
5.93800	1036.00000
5.94300	1024.00000
5.94800	1036.00000
5.95300	1039.00000
5.95800	1036.00000
5.96300	1010.00000
5.96800	997.00000
5.97300	1011.00000
5.97800	1023.00000
5.98300	1006.00000
5.98800	1022.00000
5.99300	1035.00000
5.99800	1004.00000
6.00300	984.00000
6.00800	1065.00000
6.01300	1089.00000
6.01800	1080.00000
6.02300	1046.00000
6.02800	1031.00000
6.03300	1003.00000
6.03800	1016.00000
6.04300	995.00000
6.04800	1016.00000
6.05300	1030.00000
6.05800	1007.00000
6.06300	1001.00000
6.06800	1018.00000
6.07300	1023.00000
6.07800	1017.00000
6.08300	1029.00000
6.08800	1031.00000
6.09300	1054.00000
6.09800	1057.00000
6.10300	1075.00000
6.10800	1033.00000
6.11300	1015.00000
6.11800	1035.00000
6.12300	1073.00000
6.12800	1029.00000
6.13300	1018.00000
6.13800	1039.00000
6.14300	1018.00000
6.14800	1057.00000
6.15300	1055.00000
6.15800	1041.00000
6.16300	1073.00000
6.16800	1014.00000
6.17300	1059.00000
6.17800	1073.00000
6.18300	1037.00000
6.18800	1012.00000
6.19300	1071.00000
6.19800	1030.00000
6.20300	1091.00000
6.20800	1032.00000
6.21300	1047.00000
6.21800	1093.00000
6.22300	1119.00000
6.22800	1104.00000
6.23300	1122.00000
6.23800	1092.00000
6.24300	1099.00000
6.24800	1120.00000
6.25300	1099.00000
6.25800	1069.00000
6.26300	1090.00000
6.26800	1112.00000
6.27300	1065.00000
6.27800	1056.00000
6.28300	1011.00000
6.28800	1039.00000
6.29300	1042.00000
6.29800	1031.00000
6.30300	983.00000
6.30800	991.00000
6.31300	1010.00000
6.31800	1025.00000
6.32300	1072.00000
6.32800	1053.00000
6.33300	1056.00000
6.33800	1052.00000
6.34300	1028.00000
6.34800	1022.00000
6.35300	1042.00000
6.35800	1092.00000
6.36300	1076.00000
6.36800	1038.00000
6.37300	1060.00000
6.37800	1069.00000
6.38300	1062.00000
6.38800	1053.00000
6.39300	1019.00000
6.39800	1022.00000
6.40300	1039.00000
6.40800	1037.00000
6.41300	1036.00000
6.41800	1042.00000
6.42300	1071.00000
6.42800	1087.00000
6.43300	1073.00000
6.43800	1011.00000
6.44300	1000.00000
6.44800	1005.00000
6.45300	1045.00000
6.45800	1021.00000
6.46300	1019.00000
6.46800	1019.00000
6.47300	1042.00000
6.47800	1085.00000
6.48300	1050.00000
6.48800	1035.00000
6.49300	1047.00000
6.49800	1040.00000
6.50300	1067.00000
6.50800	1071.00000
6.51300	1031.00000
6.51800	1067.00000
6.52300	1088.00000
6.52800	1050.00000
6.53300	1025.00000
6.53800	1038.00000
6.54300	1070.00000
6.54800	1073.00000
6.55300	1052.00000
6.55800	1044.00000
6.56300	1070.00000
6.56800	1062.00000
6.57300	1052.00000
6.57800	1080.00000
6.58300	1068.00000
6.58800	1021.00000
6.59300	971.00000
6.59800	977.00000
6.60300	1039.00000
6.60800	1062.00000
6.61300	1104.00000
6.61800	1116.00000
6.62300	1088.00000
6.62800	1059.00000
6.63300	1046.00000
6.63800	1049.00000
6.64300	1090.00000
6.64800	1125.00000
6.65300	1090.00000
6.65800	1071.00000
6.66300	1075.00000
6.66800	1068.00000
6.67300	1069.00000
6.67800	1031.00000
6.68300	998.00000
6.68800	1022.00000
6.69300	1052.00000
6.69800	1053.00000
6.70300	1061.00000
6.70800	1087.00000
6.71300	1110.00000
6.71800	1094.00000
6.72300	1067.00000
6.72800	1092.00000
6.73300	1108.00000
6.73800	1107.00000
6.74300	1099.00000
6.74800	1068.00000
6.75300	1046.00000
6.75800	1039.00000
6.76300	1050.00000
6.76800	1070.00000
6.77300	1103.00000
6.77800	1123.00000
6.78300	1118.00000
6.78800	1109.00000
6.79300	1077.00000
6.79800	1061.00000
6.80300	1068.00000
6.80800	1064.00000
6.81300	1049.00000
6.81800	1043.00000
6.82300	1080.00000
6.82800	1134.00000
6.83300	1159.00000
6.83800	1158.00000
6.84300	1137.00000
6.84800	1111.00000
6.85300	1104.00000
6.85800	1118.00000
6.86300	1109.00000
6.86800	1102.00000
6.87300	1148.00000
6.87800	1165.00000
6.88300	1134.00000
6.88800	1112.00000
6.89300	1105.00000
6.89800	1088.00000
6.90300	1084.00000
6.90800	1076.00000
6.91300	1072.00000
6.91800	1082.00000
6.92300	1080.00000
6.92800	1077.00000
6.93300	1093.00000
6.93800	1075.00000
6.94300	1052.00000
6.94800	1055.00000
6.95300	1043.00000
6.95800	1032.00000
6.96300	1036.00000
6.96800	1014.00000
6.97300	1005.00000
6.97800	1031.00000
6.98300	1041.00000
6.98800	1071.00000
6.99300	1098.00000
6.99800	1095.00000
7.00300	1085.00000
7.00800	1065.00000
7.01300	1081.00000
7.01800	1069.00000
7.02300	1065.00000
7.02800	1075.00000
7.03300	1046.00000
7.03800	1074.00000
7.04300	1110.00000
7.04800	1111.00000
7.05300	1089.00000
7.05800	1088.00000
7.06300	1084.00000
7.06800	1070.00000
7.07300	1051.00000
7.07800	1003.00000
7.08300	1013.00000
7.08800	1034.00000
7.09300	1061.00000
7.09800	1056.00000
7.10300	1020.00000
7.10800	992.00000
7.11300	1004.00000
7.11800	1023.00000
7.12300	1039.00000
7.12800	1066.00000
7.13300	1072.00000
7.13800	1068.00000
7.14300	1037.00000
7.14800	1020.00000
7.15300	1023.00000
7.15800	1011.00000
7.16300	1018.00000
7.16800	1074.00000
7.17300	1109.00000
7.17800	1101.00000
7.18300	1087.00000
7.18800	1040.00000
7.19300	1021.00000
7.19800	1032.00000
7.20300	1078.00000
7.20800	1079.00000
7.21300	1049.00000
7.21800	1061.00000
7.22300	1053.00000
7.22800	1032.00000
7.23300	1024.00000
7.23800	1083.00000
7.24300	1089.00000
7.24800	1086.00000
7.25300	1086.00000
7.25800	1059.00000
7.26300	1052.00000
7.26800	1080.00000
7.27300	1038.00000
7.27800	1004.00000
7.28300	1036.00000
7.28800	1043.00000
7.29300	1033.00000
7.29800	1017.00000
7.30300	1016.00000
7.30800	987.00000
7.31300	981.00000
7.31800	1001.00000
7.32300	1017.00000
7.32800	981.00000
7.33300	974.00000
7.33800	1011.00000
7.34300	1052.00000
7.34800	1092.00000
7.35300	1065.00000
7.35800	1087.00000
7.36300	1120.00000
7.36800	1090.00000
7.37300	1089.00000
7.37800	1059.00000
7.38300	1055.00000
7.38800	1042.00000
7.39300	1026.00000
7.39800	1036.00000
7.40300	1025.00000
7.40800	1029.00000
7.41300	1050.00000
7.41800	1055.00000
7.42300	1050.00000
7.42800	1058.00000
7.43300	1008.00000
7.43800	1027.00000
7.44300	1077.00000
7.44800	1057.00000
7.45300	1035.00000
7.45800	1062.00000
7.46300	1072.00000
7.46800	1057.00000
7.47300	1038.00000
7.47800	1013.00000
7.48300	1018.00000
7.48800	1015.00000
7.49300	1002.00000
7.49800	984.00000
7.50300	1056.00000
7.50800	1049.00000
7.51300	1090.00000
7.51800	1072.00000
7.52300	1119.00000
7.52800	1063.00000
7.53300	1071.00000
7.53800	1066.00000
7.54300	1051.00000
7.54800	1037.00000
7.55300	1024.00000
7.55800	1024.00000
7.56300	1016.00000
7.56800	1025.00000
7.57300	1001.00000
7.57800	994.00000
7.58300	1014.00000
7.58800	1047.00000
7.59300	1079.00000
7.59800	1040.00000
7.60300	1020.00000
7.60800	1004.00000
7.61300	992.00000
7.61800	979.00000
7.62300	1029.00000
7.62800	1069.00000
7.63300	1073.00000
7.63800	1092.00000
7.64300	1114.00000
7.64800	1074.00000
7.65300	1104.00000
7.65800	1104.00000
7.66300	1108.00000
7.66800	1100.00000
7.67300	1052.00000
7.67800	1074.00000
7.68300	1094.00000
7.68800	1070.00000
7.69300	1044.00000
7.69800	1041.00000
7.70300	1048.00000
7.70800	1062.00000
7.71300	1037.00000
7.71800	1055.00000
7.72300	1000.00000
7.72800	1010.00000
7.73300	1021.00000
7.73800	1038.00000
7.74300	1045.00000
7.74800	1040.00000
7.75300	1032.00000
7.75800	1021.00000
7.76300	1014.00000
7.76800	1037.00000
7.77300	1100.00000
7.77800	1070.00000
7.78300	1034.00000
7.78800	1032.00000
7.79300	1033.00000
7.79800	1056.00000
7.80300	1028.00000
7.80800	1016.00000
7.81300	1039.00000
7.81800	1046.00000
7.82300	1040.00000
7.82800	1039.00000
7.83300	1052.00000
7.83800	1011.00000
7.84300	1022.00000
7.84800	1073.00000
7.85300	1102.00000
7.85800	1080.00000
7.86300	1110.00000
7.86800	1087.00000
7.87300	1121.00000
7.87800	1126.00000
7.88300	1113.00000
7.88800	1081.00000
7.89300	1060.00000
7.89800	1038.00000
7.90300	1069.00000
7.90800	1045.00000
7.91300	1002.00000
7.91800	1044.00000
7.92300	1094.00000
7.92800	1081.00000
7.93300	1017.00000
7.93800	934.00000
7.94300	930.00000
7.94800	1005.00000
7.95300	1028.00000
7.95800	984.00000
7.96300	1000.00000
7.96800	1012.00000
7.97300	1068.00000
7.97800	1119.00000
7.98300	1067.00000
7.98800	1010.00000
7.99300	1032.00000
7.99800	1050.00000
8.00300	1056.00000
8.00800	1082.00000
8.01300	1070.00000
8.01800	1059.00000
8.02300	1071.00000
8.02800	1044.00000
8.03300	1025.00000
8.03800	1043.00000
8.04300	1039.00000
8.04800	1039.00000
8.05300	1047.00000
8.05800	999.00000
8.06300	1067.00000
8.06800	1084.00000
8.07300	1101.00000
8.07800	1063.00000
8.08300	1053.00000
8.08800	1064.00000
8.09300	1089.00000
8.09800	1052.00000
8.10300	1053.00000
8.10800	1072.00000
8.11300	1089.00000
8.11800	1097.00000
8.12300	1075.00000
8.12800	1054.00000
8.13300	1014.00000
8.13800	979.00000
8.14300	1003.00000
8.14800	1074.00000
8.15300	1131.00000
8.15800	1118.00000
8.16300	1080.00000
8.16800	1064.00000
8.17300	1124.00000
8.17800	1115.00000
8.18300	1105.00000
8.18800	1113.00000
8.19300	1089.00000
8.19800	1049.00000
8.20300	1038.00000
8.20800	1000.00000
8.21300	999.00000
8.21800	1039.00000
8.22300	1065.00000
8.22800	1041.00000
8.23300	1015.00000
8.23800	1036.00000
8.24300	1071.00000
8.24800	1054.00000
8.25300	1086.00000
8.25800	1120.00000
8.26300	1093.00000
8.26800	1053.00000
8.27300	1039.00000
8.27800	998.00000
8.28300	1013.00000
8.28800	1015.00000
8.29300	1043.00000
8.29800	1044.00000
8.30300	1047.00000
8.30800	1065.00000
8.31300	1028.00000
8.31800	1054.00000
8.32300	1080.00000
8.32800	1034.00000
8.33300	971.00000
8.33800	951.00000
8.34300	980.00000
8.34800	990.00000
8.35300	987.00000
8.35800	1052.00000
8.36300	1046.00000
8.36800	1010.00000
8.37300	1054.00000
8.37800	1045.00000
8.38300	1066.00000
8.38800	1085.00000
8.39300	1089.00000
8.39800	1073.00000
8.40300	1039.00000
8.40800	1033.00000
8.41300	1035.00000
8.41800	1040.00000
8.42300	1051.00000
8.42800	1061.00000
8.43300	1026.00000
8.43800	1004.00000
8.44300	1006.00000
8.44800	1044.00000
8.45300	1074.00000
8.45800	1068.00000
8.46300	1045.00000
8.46800	1051.00000
8.47300	1064.00000
8.47800	1094.00000
8.48300	1089.00000
8.48800	1079.00000
8.49300	1088.00000
8.49800	1053.00000
8.50300	1007.00000
8.50800	1029.00000
8.51300	1081.00000
8.51800	1074.00000
8.52300	1079.00000
8.52800	1047.00000
8.53300	1011.00000
8.53800	1002.00000
8.54300	1042.00000
8.54800	1076.00000
8.55300	1116.00000
8.55800	1103.00000
8.56300	1057.00000
8.56800	1048.00000
8.57300	1054.00000
8.57800	1074.00000
8.58300	1132.00000
8.58800	1163.00000
8.59300	1112.00000
8.59800	1058.00000
8.60300	1059.00000
8.60800	1077.00000
8.61300	1060.00000
8.61800	1051.00000
8.62300	1049.00000
8.62800	1008.00000
8.63300	1004.00000
8.63800	1036.00000
8.64300	1065.00000
8.64800	1088.00000
8.65300	1081.00000
8.65800	1057.00000
8.66300	1070.00000
8.66800	1099.00000
8.67300	1080.00000
8.67800	1050.00000
8.68300	1023.00000
8.68800	1043.00000
8.69300	1039.00000
8.69800	1018.00000
8.70300	1013.00000
8.70800	1018.00000
8.71300	1038.00000
8.71800	1034.00000
8.72300	1081.00000
8.72800	1116.00000
8.73300	1118.00000
8.73800	1128.00000
8.74300	1118.00000
8.74800	1085.00000
8.75300	1035.00000
8.75800	996.00000
8.76300	1033.00000
8.76800	1056.00000
8.77300	1051.00000
8.77800	1085.00000
8.78300	1151.00000
8.78800	1146.00000
8.79300	1126.00000
8.79800	1124.00000
8.80300	1096.00000
8.80800	1050.00000
8.81300	1044.00000
8.81800	1069.00000
8.82300	1076.00000
8.82800	1058.00000
8.83300	1037.00000
8.83800	1059.00000
8.84300	1087.00000
8.84800	1066.00000
8.85300	1057.00000
8.85800	1093.00000
8.86300	1133.00000
8.86800	1134.00000
8.87300	1123.00000
8.87800	1125.00000
8.88300	1072.00000
8.88800	1003.00000
8.89300	990.00000
8.89800	1026.00000
8.90300	1072.00000
8.90800	1055.00000
8.91300	1002.00000
8.91800	1024.00000
8.92300	1063.00000
8.92800	1062.00000
8.93300	1084.00000
8.93800	1096.00000
8.94300	1057.00000
8.94800	1043.00000
8.95300	1059.00000
8.95800	1060.00000
8.96300	1075.00000
8.96800	1124.00000
8.97300	1141.00000
8.97800	1112.00000
8.98300	1070.00000
8.98800	1023.00000
8.99300	1008.00000
8.99800	1011.00000
9.00300	1056.00000
9.00800	1110.00000
9.01300	1115.00000
9.01800	1077.00000
9.02300	1050.00000
9.02800	1070.00000
9.03300	1106.00000
9.03800	1090.00000
9.04300	1033.00000
9.04800	1040.00000
9.05300	1055.00000
9.05800	1053.00000
9.06300	1075.00000
9.06800	1073.00000
9.07300	1033.00000
9.07800	1010.00000
9.08300	1026.00000
9.08800	1038.00000
9.09300	1073.00000
9.09800	1087.00000
9.10300	1092.00000
9.10800	1083.00000
9.11300	1096.00000
9.11800	1121.00000
9.12300	1136.00000
9.12800	1126.00000
9.13300	1096.00000
9.13800	1072.00000
9.14300	1077.00000
9.14800	1085.00000
9.15300	1068.00000
9.15800	1085.00000
9.16300	1084.00000
9.16800	1038.00000
9.17300	1015.00000
9.17800	1047.00000
9.18300	1078.00000
9.18800	1082.00000
9.19300	1049.00000
9.19800	1016.00000
9.20300	1032.00000
9.20800	1041.00000
9.21300	1014.00000
9.21800	1015.00000
9.22300	1050.00000
9.22800	1054.00000
9.23300	1063.00000
9.23800	1046.00000
9.24300	1038.00000
9.24800	1039.00000
9.25300	1061.00000
9.25800	1057.00000
9.26300	1053.00000
9.26800	1043.00000
9.27300	1048.00000
9.27800	1050.00000
9.28300	1053.00000
9.28800	1079.00000
9.29300	1094.00000
9.29800	1079.00000
9.30300	1051.00000
9.30800	1039.00000
9.31300	1014.00000
9.31800	1083.00000
9.32300	1092.00000
9.32800	1120.00000
9.33300	1108.00000
9.33800	1086.00000
9.34300	1109.00000
9.34800	1135.00000
9.35300	1130.00000
9.35800	1127.00000
9.36300	1128.00000
9.36800	1107.00000
9.37300	1074.00000
9.37800	1042.00000
9.38300	1052.00000
9.38800	1089.00000
9.39300	1066.00000
9.39800	1047.00000
9.40300	1072.00000
9.40800	1039.00000
9.41300	1020.00000
9.41800	1049.00000
9.42300	1053.00000
9.42800	1071.00000
9.43300	1092.00000
9.43800	1062.00000
9.44300	1088.00000
9.44800	1127.00000
9.45300	1190.00000
9.45800	1149.00000
9.46300	1110.00000
9.46800	1124.00000
9.47300	1181.00000
9.47800	1168.00000
9.48300	1141.00000
9.48800	1103.00000
9.49300	1104.00000
9.49800	1099.00000
9.50300	1134.00000
9.50800	1105.00000
9.51300	1077.00000
9.51800	1077.00000
9.52300	1120.00000
9.52800	1128.00000
9.53300	1125.00000
9.53800	1113.00000
9.54300	1138.00000
9.54800	1103.00000
9.55300	1107.00000
9.55800	1111.00000
9.56300	1053.00000
9.56800	1050.00000
9.57300	1102.00000
9.57800	1141.00000
9.58300	1154.00000
9.58800	1098.00000
9.59300	1079.00000
9.59800	1102.00000
9.60300	1120.00000
9.60800	1098.00000
9.61300	1038.00000
9.61800	1074.00000
9.62300	1111.00000
9.62800	1143.00000
9.63300	1128.00000
9.63800	1121.00000
9.64300	1101.00000
9.64800	1070.00000
9.65300	1032.00000
9.65800	1051.00000
9.66300	1041.00000
9.66800	1075.00000
9.67300	1101.00000
9.67800	1137.00000
9.68300	1132.00000
9.68800	1121.00000
9.69300	1145.00000
9.69800	1127.00000
9.70300	1149.00000
9.70800	1138.00000
9.71300	1069.00000
9.71800	1086.00000
9.72300	1120.00000
9.72800	1115.00000
9.73300	1128.00000
9.73800	1121.00000
9.74300	1139.00000
9.74800	1107.00000
9.75300	1101.00000
9.75800	1070.00000
9.76300	1049.00000
9.76800	1136.00000
9.77300	1131.00000
9.77800	1089.00000
9.78300	1136.00000
9.78800	1100.00000
9.79300	1111.00000
9.79800	1130.00000
9.80300	1143.00000
9.80800	1104.00000
9.81300	1172.00000
9.81800	1148.00000
9.82300	1102.00000
9.82800	1140.00000
9.83300	1115.00000
9.83800	1128.00000
9.84300	1126.00000
9.84800	1124.00000
9.85300	1121.00000
9.85800	1120.00000
9.86300	1102.00000
9.86800	1091.00000
9.87300	1137.00000
9.87800	1202.00000
9.88300	1123.00000
9.88800	1110.00000
9.89300	1186.00000
9.89800	1164.00000
9.90300	1170.00000
9.90800	1151.00000
9.91300	1152.00000
9.91800	1137.00000
9.92300	1110.00000
9.92800	1104.00000
9.93300	1093.00000
9.93800	1047.00000
9.94300	1090.00000
9.94800	1104.00000
9.95300	1132.00000
9.95800	1197.00000
9.96300	1200.00000
9.96800	1200.00000
9.97300	1204.00000
9.97800	1239.00000
9.98300	1235.00000
9.98800	1208.00000
9.99300	1191.00000
9.99800	1185.00000
10.00300	1134.00000
10.00800	1186.00000
10.01300	1216.00000
10.01800	1206.00000
10.02300	1164.00000
10.02800	1180.00000
10.03300	1202.00000
10.03800	1218.00000
10.04300	1218.00000
10.04800	1231.00000
10.05300	1244.00000
10.05800	1173.00000
10.06300	1149.00000
10.06800	1147.00000
10.07300	1099.00000
10.07800	1081.00000
10.08300	1115.00000
10.08800	1138.00000
10.09300	1131.00000
10.09800	1138.00000
10.10300	1157.00000
10.10800	1142.00000
10.11300	1114.00000
10.11800	1138.00000
10.12300	1161.00000
10.12800	1140.00000
10.13300	1201.00000
10.13800	1223.00000
10.14300	1219.00000
10.14800	1209.00000
10.15300	1216.00000
10.15800	1191.00000
10.16300	1222.00000
10.16800	1290.00000
10.17300	1245.00000
10.17800	1187.00000
10.18300	1176.00000
10.18800	1159.00000
10.19300	1193.00000
10.19800	1213.00000
10.20300	1216.00000
10.20800	1227.00000
10.21300	1252.00000
10.21800	1217.00000
10.22300	1229.00000
10.22800	1300.00000
10.23300	1338.00000
10.23800	1316.00000
10.24300	1275.00000
10.24800	1302.00000
10.25300	1340.00000
10.25800	1324.00000
10.26300	1289.00000
10.26800	1236.00000
10.27300	1233.00000
10.27800	1232.00000
10.28300	1222.00000
10.28800	1253.00000
10.29300	1273.00000
10.29800	1272.00000
10.30300	1249.00000
10.30800	1236.00000
10.31300	1243.00000
10.31800	1235.00000
10.32300	1250.00000
10.32800	1250.00000
10.33300	1226.00000
10.33800	1219.00000
10.34300	1203.00000
10.34800	1191.00000
10.35300	1193.00000
10.35800	1221.00000
10.36300	1226.00000
10.36800	1177.00000
10.37300	1099.00000
10.37800	1111.00000
10.38300	1161.00000
10.38800	1202.00000
10.39300	1211.00000
10.39800	1212.00000
10.40300	1199.00000
10.40800	1208.00000
10.41300	1225.00000
10.41800	1256.00000
10.42300	1274.00000
10.42800	1259.00000
10.43300	1268.00000
10.43800	1286.00000
10.44300	1295.00000
10.44800	1306.00000
10.45300	1332.00000
10.45800	1330.00000
10.46300	1324.00000
10.46800	1309.00000
10.47300	1305.00000
10.47800	1311.00000
10.48300	1298.00000
10.48800	1280.00000
10.49300	1242.00000
10.49800	1236.00000
10.50300	1281.00000
10.50800	1280.00000
10.51300	1288.00000
10.51800	1338.00000
10.52300	1329.00000
10.52800	1273.00000
10.53300	1280.00000
10.53800	1329.00000
10.54300	1318.00000
10.54800	1290.00000
10.55300	1305.00000
10.55800	1311.00000
10.56300	1317.00000
10.56800	1330.00000
10.57300	1362.00000
10.57800	1392.00000
10.58300	1389.00000
10.58800	1352.00000
10.59300	1332.00000
10.59800	1345.00000
10.60300	1365.00000
10.60800	1398.00000
10.61300	1387.00000
10.61800	1333.00000
10.62300	1330.00000
10.62800	1367.00000
10.63300	1390.00000
10.63800	1401.00000
10.64300	1425.00000
10.64800	1440.00000
10.65300	1440.00000
10.65800	1447.00000
10.66300	1482.00000
10.66800	1500.00000
10.67300	1500.00000
10.67800	1504.00000
10.68300	1493.00000
10.68800	1467.00000
10.69300	1467.00000
10.69800	1462.00000
10.70300	1501.00000
10.70800	1545.00000
10.71300	1578.00000
10.71800	1534.00000
10.72300	1522.00000
10.72800	1503.00000
10.73300	1510.00000
10.73800	1490.00000
10.74300	1471.00000
10.74800	1455.00000
10.75300	1514.00000
10.75800	1597.00000
10.76300	1595.00000
10.76800	1599.00000
10.77300	1600.00000
10.77800	1636.00000
10.78300	1688.00000
10.78800	1650.00000
10.79300	1590.00000
10.79800	1621.00000
10.80300	1682.00000
10.80800	1660.00000
10.81300	1652.00000
10.81800	1634.00000
10.82300	1661.00000
10.82800	1752.00000
10.83300	1803.00000
10.83800	1853.00000
10.84300	1857.00000
10.84800	1839.00000
10.85300	1832.00000
10.85800	1849.00000
10.86300	1889.00000
10.86800	1920.00000
10.87300	1942.00000
10.87800	1960.00000
10.88300	1974.00000
10.88800	1995.00000
10.89300	2012.00000
10.89800	2009.00000
10.90300	1995.00000
10.90800	2044.00000
10.91300	2064.00000
10.91800	2060.00000
10.92300	2179.00000
10.92800	2305.00000
10.93300	2292.00000
10.93800	2296.00000
10.94300	2295.00000
10.94800	2339.00000
10.95300	2383.00000
10.95800	2434.00000
10.96300	2496.00000
10.96800	2517.00000
10.97300	2564.00000
10.97800	2694.00000
10.98300	2788.00000
10.98800	2834.00000
10.99300	2793.00000
10.99800	2839.00000
11.00300	2992.00000
11.00800	3061.00000
11.01300	3035.00000
11.01800	3123.00000
11.02300	3244.00000
11.02800	3284.00000
11.03300	3304.00000
11.03800	3296.00000
11.04300	3273.00000
11.04800	3169.00000
11.05300	3190.00000
11.05800	3068.00000
11.06300	2905.00000
11.06800	2711.00000
11.07300	2611.00000
11.07800	2487.00000
11.08300	2416.00000
11.08800	2254.00000
11.09300	2148.00000
11.09800	2003.00000
11.10300	1930.00000
11.10800	1910.00000
11.11300	1858.00000
11.11800	1775.00000
11.12300	1715.00000
11.12800	1714.00000
11.13300	1579.00000
11.13800	1472.00000
11.14300	1470.00000
11.14800	1438.00000
11.15300	1513.00000
11.15800	1451.00000
11.16300	1465.00000
11.16800	1490.00000
11.17300	1457.00000
11.17800	1387.00000
11.18300	1397.00000
11.18800	1425.00000
11.19300	1404.00000
11.19800	1424.00000
11.20300	1358.00000
11.20800	1355.00000
11.21300	1374.00000
11.21800	1356.00000
11.22300	1357.00000
11.22800	1351.00000
11.23300	1406.00000
11.23800	1373.00000
11.24300	1393.00000
11.24800	1390.00000
11.25300	1337.00000
11.25800	1384.00000
11.26300	1335.00000
11.26800	1327.00000
11.27300	1427.00000
11.27800	1416.00000
11.28300	1372.00000
11.28800	1422.00000
11.29300	1460.00000
11.29800	1389.00000
11.30300	1379.00000
11.30800	1397.00000
11.31300	1346.00000
11.31800	1376.00000
11.32300	1375.00000
11.32800	1417.00000
11.33300	1538.00000
11.33800	1508.00000
11.34300	1474.00000
11.34800	1441.00000
11.35300	1385.00000
11.35800	1405.00000
11.36300	1419.00000
11.36800	1429.00000
11.37300	1409.00000
11.37800	1457.00000
11.38300	1465.00000
11.38800	1436.00000
11.39300	1426.00000
11.39800	1422.00000
11.40300	1437.00000
11.40800	1444.00000
11.41300	1513.00000
11.41800	1501.00000
11.42300	1433.00000
11.42800	1436.00000
11.43300	1491.00000
11.43800	1551.00000
11.44300	1545.00000
11.44800	1590.00000
11.45300	1644.00000
11.45800	1668.00000
11.46300	1682.00000
11.46800	1686.00000
11.47300	1657.00000
11.47800	1649.00000
11.48300	1628.00000
11.48800	1685.00000
11.49300	1712.00000
11.49800	1711.00000
11.50300	1730.00000
11.50800	1734.00000
11.51300	1666.00000
11.51800	1650.00000
11.52300	1701.00000
11.52800	1753.00000
11.53300	1800.00000
11.53800	1798.00000
11.54300	1795.00000
11.54800	1853.00000
11.55300	1847.00000
11.55800	1854.00000
11.56300	1842.00000
11.56800	1860.00000
11.57300	1841.00000
11.57800	1872.00000
11.58300	1901.00000
11.58800	1925.00000
11.59300	1928.00000
11.59800	1995.00000
11.60300	2030.00000
11.60800	1978.00000
11.61300	1968.00000
11.61800	2020.00000
11.62300	2113.00000
11.62800	2058.00000
11.63300	2099.00000
11.63800	2205.00000
11.64300	2213.00000
11.64800	2193.00000
11.65300	2178.00000
11.65800	2180.00000
11.66300	2208.00000
11.66800	2245.00000
11.67300	2284.00000
11.67800	2277.00000
11.68300	2255.00000
11.68800	2211.00000
11.69300	2240.00000
11.69800	2296.00000
11.70300	2352.00000
11.70800	2412.00000
11.71300	2408.00000
11.71800	2390.00000
11.72300	2415.00000
11.72800	2455.00000
11.73300	2544.00000
11.73800	2592.00000
11.74300	2573.00000
11.74800	2575.00000
11.75300	2568.00000
11.75800	2574.00000
11.76300	2663.00000
11.76800	2756.00000
11.77300	2787.00000
11.77800	2801.00000
11.78300	2885.00000
11.78800	2930.00000
11.79300	2941.00000
11.79800	2994.00000
11.80300	3026.00000
11.80800	2983.00000
11.81300	2973.00000
11.81800	3043.00000
11.82300	3117.00000
11.82800	3167.00000
11.83300	3247.00000
11.83800	3296.00000
11.84300	3388.00000
11.84800	3539.00000
11.85300	3571.00000
11.85800	3559.00000
11.86300	3596.00000
11.86800	3662.00000
11.87300	3782.00000
11.87800	3877.00000
11.88300	3975.00000
11.88800	4100.00000
11.89300	4206.00000
11.89800	4267.00000
11.90300	4320.00000
11.90800	4448.00000
11.91300	4591.00000
11.91800	4734.00000
11.92300	4886.00000
11.92800	5034.00000
11.93300	5219.00000
11.93800	5398.00000
11.94300	5548.00000
11.94800	5674.00000
11.95300	5841.00000
11.95800	6074.00000
11.96300	6289.00000
11.96800	6443.00000
11.97300	6551.00000
11.97800	6723.00000
11.98300	6831.00000
11.98800	6916.00000
11.99300	6969.00000
11.99800	6893.00000
12.00300	6885.00000
12.00800	6754.00000
12.01300	6497.00000
12.01800	6276.00000
12.02300	5921.00000
12.02800	5454.00000
12.03300	5003.00000
12.03800	4638.00000
12.04300	4321.00000
12.04800	3968.00000
12.05300	3659.00000
12.05800	3416.00000
12.06300	3116.00000
12.06800	2851.00000
12.07300	2656.00000
12.07800	2498.00000
12.08300	2325.00000
12.08800	2178.00000
12.09300	2100.00000
12.09800	2024.00000
12.10300	1886.00000
12.10800	1794.00000
12.11300	1726.00000
12.11800	1618.00000
12.12300	1527.00000
12.12800	1508.00000
12.13300	1481.00000
12.13800	1491.00000
12.14300	1478.00000
12.14800	1429.00000
12.15300	1390.00000
12.15800	1353.00000
12.16300	1311.00000
12.16800	1291.00000
12.17300	1246.00000
12.17800	1243.00000
12.18300	1241.00000
12.18800	1218.00000
12.19300	1181.00000
12.19800	1188.00000
12.20300	1178.00000
12.20800	1160.00000
12.21300	1191.00000
12.21800	1214.00000
12.22300	1192.00000
12.22800	1153.00000
12.23300	1172.00000
12.23800	1159.00000
12.24300	1187.00000
12.24800	1216.00000
12.25300	1187.00000
12.25800	1147.00000
12.26300	1121.00000
12.26800	1133.00000
12.27300	1155.00000
12.27800	1165.00000
12.28300	1177.00000
12.28800	1163.00000
12.29300	1164.00000
12.29800	1187.00000
12.30300	1203.00000
12.30800	1207.00000
12.31300	1154.00000
12.31800	1126.00000
12.32300	1156.00000
12.32800	1152.00000
12.33300	1125.00000
12.33800	1139.00000
12.34300	1116.00000
12.34800	1100.00000
12.35300	1093.00000
12.35800	1108.00000
12.36300	1093.00000
12.36800	1107.00000
12.37300	1133.00000
12.37800	1100.00000
12.38300	1106.00000
12.38800	1141.00000
12.39300	1146.00000
12.39800	1123.00000
12.40300	1128.00000
12.40800	1145.00000
12.41300	1138.00000
12.41800	1130.00000
12.42300	1163.00000
12.42800	1156.00000
12.43300	1144.00000
12.43800	1126.00000
12.44300	1112.00000
12.44800	1117.00000
12.45300	1079.00000
12.45800	1093.00000
12.46300	1127.00000
12.46800	1097.00000
12.47300	1101.00000
12.47800	1130.00000
12.48300	1106.00000
12.48800	1107.00000
12.49300	1113.00000
12.49800	1100.00000
12.50300	1108.00000
12.50800	1144.00000
12.51300	1129.00000
12.51800	1141.00000
12.52300	1154.00000
12.52800	1162.00000
12.53300	1122.00000
12.53800	1068.00000
12.54300	1079.00000
12.54800	1099.00000
12.55300	1084.00000
12.55800	1062.00000
12.56300	1082.00000
12.56800	1068.00000
12.57300	1138.00000
12.57800	1182.00000
12.58300	1150.00000
12.58800	1108.00000
12.59300	1135.00000
12.59800	1164.00000
12.60300	1155.00000
12.60800	1113.00000
12.61300	1130.00000
12.61800	1116.00000
12.62300	1072.00000
12.62800	1121.00000
12.63300	1165.00000
12.63800	1185.00000
12.64300	1174.00000
12.64800	1189.00000
12.65300	1168.00000
12.65800	1166.00000
12.66300	1206.00000
12.66800	1199.00000
12.67300	1167.00000
12.67800	1194.00000
12.68300	1224.00000
12.68800	1224.00000
12.69300	1187.00000
12.69800	1206.00000
12.70300	1196.00000
12.70800	1142.00000
12.71300	1204.00000
12.71800	1214.00000
12.72300	1214.00000
12.72800	1191.00000
12.73300	1142.00000
12.73800	1131.00000
12.74300	1173.00000
12.74800	1180.00000
12.75300	1163.00000
12.75800	1150.00000
12.76300	1175.00000
12.76800	1184.00000
12.77300	1210.00000
12.77800	1211.00000
12.78300	1195.00000
12.78800	1201.00000
12.79300	1201.00000
12.79800	1203.00000
12.80300	1170.00000
12.80800	1158.00000
12.81300	1156.00000
12.81800	1140.00000
12.82300	1204.00000
12.82800	1195.00000
12.83300	1228.00000
12.83800	1255.00000
12.84300	1259.00000
12.84800	1218.00000
12.85300	1172.00000
12.85800	1191.00000
12.86300	1219.00000
12.86800	1188.00000
12.87300	1229.00000
12.87800	1268.00000
12.88300	1257.00000
12.88800	1283.00000
12.89300	1306.00000
12.89800	1298.00000
12.90300	1279.00000
12.90800	1258.00000
12.91300	1291.00000
12.91800	1291.00000
12.92300	1291.00000
12.92800	1323.00000
12.93300	1358.00000
12.93800	1362.00000
12.94300	1375.00000
12.94800	1378.00000
12.95300	1370.00000
12.95800	1376.00000
12.96300	1385.00000
12.96800	1371.00000
12.97300	1389.00000
12.97800	1396.00000
12.98300	1422.00000
12.98800	1458.00000
12.99300	1455.00000
12.99800	1479.00000
13.00300	1532.00000
13.00800	1584.00000
13.01300	1600.00000
13.01800	1517.00000
13.02300	1565.00000
13.02800	1519.00000
13.03300	1516.00000
13.03800	1435.00000
13.04300	1413.00000
13.04800	1409.00000
13.05300	1372.00000
13.05800	1387.00000
13.06300	1370.00000
13.06800	1375.00000
13.07300	1345.00000
13.07800	1318.00000
13.08300	1283.00000
13.08800	1249.00000
13.09300	1237.00000
13.09800	1194.00000
13.10300	1188.00000
13.10800	1212.00000
13.11300	1167.00000
13.11800	1129.00000
13.12300	1143.00000
13.12800	1167.00000
13.13300	1184.00000
13.13800	1174.00000
13.14300	1155.00000
13.14800	1139.00000
13.15300	1129.00000
13.15800	1118.00000
13.16300	1114.00000
13.16800	1147.00000
13.17300	1167.00000
13.17800	1130.00000
13.18300	1149.00000
13.18800	1122.00000
13.19300	1058.00000
13.19800	1058.00000
13.20300	1060.00000
13.20800	1053.00000
13.21300	1075.00000
13.21800	1078.00000
13.22300	1072.00000
13.22800	1076.00000
13.23300	1060.00000
13.23800	1097.00000
13.24300	1088.00000
13.24800	1097.00000
13.25300	1092.00000
13.25800	1072.00000
13.26300	1095.00000
13.26800	1119.00000
13.27300	1128.00000
13.27800	1104.00000
13.28300	1104.00000
13.28800	1090.00000
13.29300	1074.00000
13.29800	1089.00000
13.30300	1113.00000
13.30800	1090.00000
13.31300	1079.00000
13.31800	1095.00000
13.32300	1118.00000
13.32800	1085.00000
13.33300	1055.00000
13.33800	1070.00000
13.34300	1049.00000
13.34800	1013.00000
13.35300	1034.00000
13.35800	1061.00000
13.36300	1069.00000
13.36800	1068.00000
13.37300	1082.00000
13.37800	1089.00000
13.38300	1101.00000
13.38800	1128.00000
13.39300	1124.00000
13.39800	1128.00000
13.40300	1099.00000
13.40800	1085.00000
13.41300	1067.00000
13.41800	1111.00000
13.42300	1190.00000
13.42800	1215.00000
13.43300	1184.00000
13.43800	1166.00000
13.44300	1120.00000
13.44800	1095.00000
13.45300	1093.00000
13.45800	1117.00000
13.46300	1136.00000
13.46800	1157.00000
13.47300	1147.00000
13.47800	1099.00000
13.48300	1089.00000
13.48800	1128.00000
13.49300	1167.00000
13.49800	1161.00000
13.50300	1193.00000
13.50800	1179.00000
13.51300	1144.00000
13.51800	1120.00000
13.52300	1130.00000
13.52800	1145.00000
13.53300	1157.00000
13.53800	1120.00000
13.54300	1100.00000
13.54800	1114.00000
13.55300	1106.00000
13.55800	1119.00000
13.56300	1098.00000
13.56800	1123.00000
13.57300	1151.00000
13.57800	1199.00000
13.58300	1130.00000
13.58800	1088.00000
13.59300	1105.00000
13.59800	1153.00000
13.60300	1149.00000
13.60800	1203.00000
13.61300	1216.00000
13.61800	1221.00000
13.62300	1212.00000
13.62800	1151.00000
13.63300	1150.00000
13.63800	1171.00000
13.64300	1136.00000
13.64800	1150.00000
13.65300	1168.00000
13.65800	1178.00000
13.66300	1181.00000
13.66800	1179.00000
13.67300	1123.00000
13.67800	1120.00000
13.68300	1133.00000
13.68800	1132.00000
13.69300	1156.00000
13.69800	1129.00000
13.70300	1151.00000
13.70800	1205.00000
13.71300	1222.00000
13.71800	1206.00000
13.72300	1241.00000
13.72800	1221.00000
13.73300	1255.00000
13.73800	1287.00000
13.74300	1304.00000
13.74800	1342.00000
13.75300	1322.00000
13.75800	1292.00000
13.76300	1230.00000
13.76800	1215.00000
13.77300	1227.00000
13.77800	1234.00000
13.78300	1244.00000
13.78800	1266.00000
13.79300	1264.00000
13.79800	1270.00000
13.80300	1201.00000
13.80800	1189.00000
13.81300	1201.00000
13.81800	1230.00000
13.82300	1253.00000
13.82800	1267.00000
13.83300	1295.00000
13.83800	1311.00000
13.84300	1288.00000
13.84800	1307.00000
13.85300	1267.00000
13.85800	1218.00000
13.86300	1180.00000
13.86800	1209.00000
13.87300	1257.00000
13.87800	1214.00000
13.88300	1233.00000
13.88800	1264.00000
13.89300	1321.00000
13.89800	1359.00000
13.90300	1391.00000
13.90800	1363.00000
13.91300	1352.00000
13.91800	1380.00000
13.92300	1380.00000
13.92800	1353.00000
13.93300	1360.00000
13.93800	1387.00000
13.94300	1405.00000
13.94800	1391.00000
13.95300	1404.00000
13.95800	1395.00000
13.96300	1348.00000
13.96800	1306.00000
13.97300	1293.00000
13.97800	1221.00000
13.98300	1215.00000
13.98800	1219.00000
13.99300	1164.00000
13.99800	1181.00000
14.00300	1186.00000
14.00800	1160.00000
14.01300	1128.00000
14.01800	1112.00000
14.02300	1151.00000
14.02800	1130.00000
14.03300	1082.00000
14.03800	1073.00000
14.04300	1114.00000
14.04800	1170.00000
14.05300	1167.00000
14.05800	1118.00000
14.06300	1188.00000
14.06800	1217.00000
14.07300	1175.00000
14.07800	1143.00000
14.08300	1162.00000
14.08800	1203.00000
14.09300	1183.00000
14.09800	1182.00000
14.10300	1121.00000
14.10800	1137.00000
14.11300	1136.00000
14.11800	1148.00000
14.12300	1147.00000
14.12800	1111.00000
14.13300	1121.00000
14.13800	1124.00000
14.14300	1116.00000
14.14800	1095.00000
14.15300	1113.00000
14.15800	1087.00000
14.16300	1029.00000
14.16800	1038.00000
14.17300	1070.00000
14.17800	1091.00000
14.18300	1108.00000
14.18800	1059.00000
14.19300	1041.00000
14.19800	1043.00000
14.20300	1061.00000
14.20800	1085.00000
14.21300	1069.00000
14.21800	1072.00000
14.22300	1032.00000
14.22800	998.00000
14.23300	1028.00000
14.23800	1063.00000
14.24300	1107.00000
14.24800	1137.00000
14.25300	1138.00000
14.25800	1092.00000
14.26300	1079.00000
14.26800	1046.00000
14.27300	1029.00000
14.27800	1003.00000
14.28300	1030.00000
14.28800	995.00000
14.29300	939.00000
14.29800	960.00000
14.30300	1006.00000
14.30800	1059.00000
14.31300	1088.00000
14.31800	1129.00000
14.32300	1092.00000
14.32800	1003.00000
14.33300	1027.00000
14.33800	1050.00000
14.34300	1055.00000
14.34800	1032.00000
14.35300	1045.00000
14.35800	1014.00000
14.36300	1073.00000
14.36800	1068.00000
14.37300	1018.00000
14.37800	1031.00000
14.38300	1019.00000
14.38800	1035.00000
14.39300	1029.00000
14.39800	1011.00000
14.40300	1078.00000
14.40800	1125.00000
14.41300	1113.00000
14.41800	1062.00000
14.42300	1114.00000
14.42800	1129.00000
14.43300	1135.00000
14.43800	1118.00000
14.44300	1111.00000
14.44800	1100.00000
14.45300	1067.00000
14.45800	1067.00000
14.46300	1052.00000
14.46800	1029.00000
14.47300	1070.00000
14.47800	1078.00000
14.48300	1082.00000
14.48800	1137.00000
14.49300	1150.00000
14.49800	1149.00000
14.50300	1134.00000
14.50800	1077.00000
14.51300	1073.00000
14.51800	1098.00000
14.52300	1103.00000
14.52800	1076.00000
14.53300	1119.00000
14.53800	1101.00000
14.54300	1046.00000
14.54800	1039.00000
14.55300	1020.00000
14.55800	1062.00000
14.56300	1068.00000
14.56800	1076.00000
14.57300	1059.00000
14.57800	1058.00000
14.58300	1057.00000
14.58800	1037.00000
14.59300	1018.00000
14.59800	1043.00000
14.60300	1055.00000
14.60800	1078.00000
14.61300	1106.00000
14.61800	1103.00000
14.62300	1050.00000
14.62800	1056.00000
14.63300	1087.00000
14.63800	1125.00000
14.64300	1117.00000
14.64800	1113.00000
14.65300	1132.00000
14.65800	1073.00000
14.66300	1058.00000
14.66800	1071.00000
14.67300	1100.00000
14.67800	1123.00000
14.68300	1103.00000
14.68800	1043.00000
14.69300	1016.00000
14.69800	1062.00000
14.70300	1100.00000
14.70800	1097.00000
14.71300	1083.00000
14.71800	1005.00000
14.72300	1028.00000
14.72800	1010.00000
14.73300	1052.00000
14.73800	1047.00000
14.74300	1041.00000
14.74800	1030.00000
14.75300	1039.00000
14.75800	1034.00000
14.76300	1028.00000
14.76800	1025.00000
14.77300	1037.00000
14.77800	1040.00000
14.78300	1029.00000
14.78800	1045.00000
14.79300	1091.00000
14.79800	1106.00000
14.80300	1123.00000
14.80800	1060.00000
14.81300	1044.00000
14.81800	1036.00000
14.82300	1001.00000
14.82800	1021.00000
14.83300	1057.00000
14.83800	1093.00000
14.84300	1109.00000
14.84800	1104.00000
14.85300	1051.00000
14.85800	1001.00000
14.86300	1010.00000
14.86800	979.00000
14.87300	1028.00000
14.87800	1102.00000
14.88300	1123.00000
14.88800	1173.00000
14.89300	1144.00000
14.89800	1089.00000
14.90300	1031.00000
14.90800	983.00000
14.91300	1016.00000
14.91800	1062.00000
14.92300	1077.00000
14.92800	1065.00000
14.93300	1067.00000
14.93800	1107.00000
14.94300	1084.00000
14.94800	1087.00000
14.95300	1068.00000
14.95800	1039.00000
14.96300	1030.00000
14.96800	1011.00000
14.97300	987.00000
14.97800	1015.00000
14.98300	1050.00000
14.98800	1055.00000
14.99300	1071.00000
14.99800	1072.00000
15.00300	1082.00000
15.00800	1102.00000
15.01300	1067.00000
15.01800	1045.00000
15.02300	1060.00000
15.02800	1099.00000
15.03300	1026.00000
15.03800	1041.00000
15.04300	1094.00000
15.04800	1078.00000
15.05300	1072.00000
15.05800	1069.00000
15.06300	1013.00000
15.06800	1020.00000
15.07300	1043.00000
15.07800	1037.00000
15.08300	1053.00000
15.08800	1078.00000
15.09300	1060.00000
15.09800	1050.00000
15.10300	1065.00000
15.10800	1077.00000
15.11300	1043.00000
15.11800	1071.00000
15.12300	1050.00000
15.12800	1066.00000
15.13300	1031.00000
15.13800	1089.00000
15.14300	1061.00000
15.14800	1039.00000
15.15300	1023.00000
15.15800	1018.00000
15.16300	1061.00000
15.16800	1048.00000
15.17300	1037.00000
15.17800	1088.00000
15.18300	1045.00000
15.18800	1063.00000
15.19300	1013.00000
15.19800	1001.00000
15.20300	1047.00000
15.20800	1102.00000
15.21300	1077.00000
15.21800	1052.00000
15.22300	1077.00000
15.22800	1061.00000
15.23300	995.00000
15.23800	1041.00000
15.24300	1028.00000
15.24800	1026.00000
15.25300	1086.00000
15.25800	1080.00000
15.26300	1044.00000
15.26800	1083.00000
15.27300	1113.00000
15.27800	1133.00000
15.28300	1090.00000
15.28800	1099.00000
15.29300	1090.00000
15.29800	1087.00000
15.30300	1088.00000
15.30800	1115.00000
15.31300	1089.00000
15.31800	1033.00000
15.32300	1061.00000
15.32800	1105.00000
15.33300	1109.00000
15.33800	1135.00000
15.34300	1170.00000
15.34800	1096.00000
15.35300	1081.00000
15.35800	1056.00000
15.36300	1085.00000
15.36800	1155.00000
15.37300	1122.00000
15.37800	1171.00000
15.38300	1135.00000
15.38800	1120.00000
15.39300	1120.00000
15.39800	1104.00000
15.40300	1093.00000
15.40800	1109.00000
15.41300	1193.00000
15.41800	1149.00000
15.42300	1143.00000
15.42800	1149.00000
15.43300	1123.00000
15.43800	1178.00000
15.44300	1172.00000
15.44800	1121.00000
15.45300	1102.00000
15.45800	1108.00000
15.46300	1097.00000
15.46800	1111.00000
15.47300	1082.00000
15.47800	1131.00000
15.48300	1210.00000
15.48800	1197.00000
15.49300	1158.00000
15.49800	1210.00000
15.50300	1183.00000
15.50800	1231.00000
15.51300	1163.00000
15.51800	1157.00000
15.52300	1155.00000
15.52800	1151.00000
15.53300	1099.00000
15.53800	1144.00000
15.54300	1107.00000
15.54800	1139.00000
15.55300	1162.00000
15.55800	1195.00000
15.56300	1175.00000
15.56800	1135.00000
15.57300	1127.00000
15.57800	1099.00000
15.58300	1111.00000
15.58800	1153.00000
15.59300	1165.00000
15.59800	1147.00000
15.60300	1148.00000
15.60800	1136.00000
15.61300	1095.00000
15.61800	1116.00000
15.62300	1123.00000
15.62800	1133.00000
15.63300	1133.00000
15.63800	1149.00000
15.64300	1141.00000
15.64800	1111.00000
15.65300	1105.00000
15.65800	1202.00000
15.66300	1174.00000
15.66800	1208.00000
15.67300	1191.00000
15.67800	1156.00000
15.68300	1194.00000
15.68800	1216.00000
15.69300	1226.00000
15.69800	1188.00000
15.70300	1182.00000
15.70800	1175.00000
15.71300	1171.00000
15.71800	1204.00000
15.72300	1212.00000
15.72800	1190.00000
15.73300	1221.00000
15.73800	1184.00000
15.74300	1174.00000
15.74800	1168.00000
15.75300	1182.00000
15.75800	1217.00000
15.76300	1257.00000
15.76800	1254.00000
15.77300	1254.00000
15.77800	1293.00000
15.78300	1256.00000
15.78800	1241.00000
15.79300	1231.00000
15.79800	1284.00000
15.80300	1256.00000
15.80800	1281.00000
15.81300	1312.00000
15.81800	1248.00000
15.82300	1202.00000
15.82800	1229.00000
15.83300	1265.00000
15.83800	1303.00000
15.84300	1314.00000
15.84800	1341.00000
15.85300	1360.00000
15.85800	1312.00000
15.86300	1298.00000
15.86800	1306.00000
15.87300	1281.00000
15.87800	1288.00000
15.88300	1366.00000
15.88800	1370.00000
15.89300	1426.00000
15.89800	1450.00000
15.90300	1363.00000
15.90800	1325.00000
15.91300	1401.00000
15.91800	1441.00000
15.92300	1460.00000
15.92800	1479.00000
15.93300	1545.00000
15.93800	1494.00000
15.94300	1519.00000
15.94800	1503.00000
15.95300	1530.00000
15.95800	1598.00000
15.96300	1647.00000
15.96800	1618.00000
15.97300	1666.00000
15.97800	1694.00000
15.98300	1669.00000
15.98800	1659.00000
15.99300	1669.00000
15.99800	1600.00000
16.00300	1581.00000
16.00800	1658.00000
16.01300	1734.00000
16.01800	1802.00000
16.02300	1783.00000
16.02800	1785.00000
16.03300	1823.00000
16.03800	1872.00000
16.04300	1873.00000
16.04800	1862.00000
16.05300	1945.00000
16.05800	2019.00000
16.06300	2058.00000
16.06800	2083.00000
16.07300	2135.00000
16.07800	2109.00000
16.08300	2123.00000
16.08800	2094.00000
16.09300	2140.00000
16.09800	2181.00000
16.10300	2275.00000
16.10800	2419.00000
16.11300	2444.00000
16.11800	2488.00000
16.12300	2558.00000
16.12800	2635.00000
16.13300	2647.00000
16.13800	2695.00000
16.14300	2778.00000
16.14800	2906.00000
16.15300	2852.00000
16.15800	2791.00000
16.16300	2725.00000
16.16800	2806.00000
16.17300	2898.00000
16.17800	2924.00000
16.18300	2765.00000
16.18800	2700.00000
16.19300	2679.00000
16.19800	2651.00000
16.20300	2514.00000
16.20800	2375.00000
16.21300	2335.00000
16.21800	2155.00000
16.22300	2059.00000
16.22800	1909.00000
16.23300	1765.00000
16.23800	1695.00000
16.24300	1633.00000
16.24800	1546.00000
16.25300	1517.00000
16.25800	1466.00000
16.26300	1405.00000
16.26800	1402.00000
16.27300	1358.00000
16.27800	1335.00000
16.28300	1341.00000
16.28800	1298.00000
16.29300	1207.00000
16.29800	1168.00000
16.30300	1158.00000
16.30800	1117.00000
16.31300	1125.00000
16.31800	1108.00000
16.32300	1152.00000
16.32800	1142.00000
16.33300	1146.00000
16.33800	1177.00000
16.34300	1140.00000
16.34800	1102.00000
16.35300	1072.00000
16.35800	1067.00000
16.36300	1099.00000
16.36800	1075.00000
16.37300	1041.00000
16.37800	1043.00000
16.38300	1024.00000
16.38800	1070.00000
16.39300	1117.00000
16.39800	1142.00000
16.40300	1116.00000
16.40800	1145.00000
16.41300	1172.00000
16.41800	1157.00000
16.42300	1086.00000
16.42800	1079.00000
16.43300	1134.00000
16.43800	1131.00000
16.44300	1089.00000
16.44800	1092.00000
16.45300	1118.00000
16.45800	1138.00000
16.46300	1087.00000
16.46800	1056.00000
16.47300	1089.00000
16.47800	1075.00000
16.48300	1083.00000
16.48800	1061.00000
16.49300	1080.00000
16.49800	1069.00000
16.50300	1121.00000
16.50800	1115.00000
16.51300	1076.00000
16.51800	1066.00000
16.52300	1059.00000
16.52800	1036.00000
16.53300	1043.00000
16.53800	1059.00000
16.54300	1084.00000
16.54800	1093.00000
16.55300	1078.00000
16.55800	1080.00000
16.56300	1039.00000
16.56800	1025.00000
16.57300	1040.00000
16.57800	1065.00000
16.58300	1065.00000
16.58800	1094.00000
16.59300	1110.00000
16.59800	1069.00000
16.60300	1054.00000
16.60800	1082.00000
16.61300	1054.00000
16.61800	1031.00000
16.62300	969.00000
16.62800	955.00000
16.63300	1037.00000
16.63800	1093.00000
16.64300	1083.00000
16.64800	1046.00000
16.65300	1061.00000
16.65800	1055.00000
16.66300	1055.00000
16.66800	1057.00000
16.67300	1050.00000
16.67800	1066.00000
16.68300	1086.00000
16.68800	1039.00000
16.69300	1059.00000
16.69800	1077.00000
16.70300	1087.00000
16.70800	1087.00000
16.71300	1060.00000
16.71800	1072.00000
16.72300	1110.00000
16.72800	1133.00000
16.73300	1101.00000
16.73800	1088.00000
16.74300	1102.00000
16.74800	1091.00000
16.75300	1070.00000
16.75800	1091.00000
16.76300	1052.00000
16.76800	1050.00000
16.77300	1033.00000
16.77800	1035.00000
16.78300	1082.00000
16.78800	1091.00000
16.79300	1072.00000
16.79800	1066.00000
16.80300	1050.00000
16.80800	1041.00000
16.81300	1055.00000
16.81800	1091.00000
16.82300	1100.00000
16.82800	1091.00000
16.83300	1098.00000
16.83800	1077.00000
16.84300	1074.00000
16.84800	1085.00000
16.85300	1072.00000
16.85800	1033.00000
16.86300	1060.00000
16.86800	1106.00000
16.87300	1088.00000
16.87800	1052.00000
16.88300	1059.00000
16.88800	1068.00000
16.89300	1082.00000
16.89800	1064.00000
16.90300	1071.00000
16.90800	1081.00000
16.91300	1134.00000
16.91800	1158.00000
16.92300	1132.00000
16.92800	1084.00000
16.93300	1108.00000
16.93800	1148.00000
16.94300	1115.00000
16.94800	1077.00000
16.95300	1067.00000
16.95800	1059.00000
16.96300	1043.00000
16.96800	1088.00000
16.97300	1114.00000
16.97800	1098.00000
16.98300	1116.00000
16.98800	1077.00000
16.99300	1108.00000
16.99800	1108.00000
17.00300	1086.00000
17.00800	1077.00000
17.01300	1072.00000
17.01800	1086.00000
17.02300	1077.00000
17.02800	1040.00000
17.03300	1059.00000
17.03800	1056.00000
17.04300	1070.00000
17.04800	1060.00000
17.05300	1077.00000
17.05800	1090.00000
17.06300	1094.00000
17.06800	1103.00000
17.07300	1136.00000
17.07800	1140.00000
17.08300	1110.00000
17.08800	1115.00000
17.09300	1101.00000
17.09800	1084.00000
17.10300	1065.00000
17.10800	1082.00000
17.11300	1086.00000
17.11800	1077.00000
17.12300	1041.00000
17.12800	1054.00000
17.13300	1119.00000
17.13800	1121.00000
17.14300	1094.00000
17.14800	1070.00000
17.15300	1084.00000
17.15800	1089.00000
17.16300	1095.00000
17.16800	1079.00000
17.17300	1063.00000
17.17800	1048.00000
17.18300	1052.00000
17.18800	1050.00000
17.19300	1058.00000
17.19800	1053.00000
17.20300	1032.00000
17.20800	1067.00000
17.21300	1082.00000
17.21800	1129.00000
17.22300	1134.00000
17.22800	1094.00000
17.23300	1075.00000
17.23800	1070.00000
17.24300	1063.00000
17.24800	1053.00000
17.25300	1034.00000
17.25800	1061.00000
17.26300	1086.00000
17.26800	1086.00000
17.27300	1114.00000
17.27800	1121.00000
17.28300	1091.00000
17.28800	1089.00000
17.29300	1050.00000
17.29800	1043.00000
17.30300	1071.00000
17.30800	1107.00000
17.31300	1123.00000
17.31800	1114.00000
17.32300	1106.00000
17.32800	1131.00000
17.33300	1095.00000
17.33800	1097.00000
17.34300	1072.00000
17.34800	1094.00000
17.35300	1120.00000
17.35800	1147.00000
17.36300	1147.00000
17.36800	1104.00000
17.37300	1052.00000
17.37800	1056.00000
17.38300	1047.00000
17.38800	1037.00000
17.39300	1030.00000
17.39800	1022.00000
17.40300	1038.00000
17.40800	1067.00000
17.41300	1059.00000
17.41800	1083.00000
17.42300	1087.00000
17.42800	1080.00000
17.43300	1108.00000
17.43800	1106.00000
17.44300	1102.00000
17.44800	1095.00000
17.45300	1109.00000
17.45800	1101.00000
17.46300	1087.00000
17.46800	1091.00000
17.47300	1088.00000
17.47800	1074.00000
17.48300	1047.00000
17.48800	1035.00000
17.49300	1050.00000
17.49800	1101.00000
17.50300	1106.00000
17.50800	1099.00000
17.51300	1109.00000
17.51800	1129.00000
17.52300	1103.00000
17.52800	1099.00000
17.53300	1108.00000
17.53800	1110.00000
17.54300	1096.00000
17.54800	1084.00000
17.55300	1083.00000
17.55800	1092.00000
17.56300	1103.00000
17.56800	1091.00000
17.57300	1079.00000
17.57800	1100.00000
17.58300	1109.00000
17.58800	1059.00000
17.59300	995.00000
17.59800	978.00000
17.60300	1044.00000
17.60800	1080.00000
17.61300	1136.00000
17.61800	1168.00000
17.62300	1171.00000
17.62800	1144.00000
17.63300	1110.00000
17.63800	1132.00000
17.64300	1119.00000
17.64800	1098.00000
17.65300	1096.00000
17.65800	1110.00000
17.66300	1121.00000
17.66800	1105.00000
17.67300	1117.00000
17.67800	1135.00000
17.68300	1176.00000
17.68800	1130.00000
17.69300	1076.00000
17.69800	1074.00000
17.70300	1105.00000
17.70800	1097.00000
17.71300	1071.00000
17.71800	1097.00000
17.72300	1120.00000
17.72800	1110.00000
17.73300	1098.00000
17.73800	1104.00000
17.74300	1094.00000
17.74800	1087.00000
17.75300	1080.00000
17.75800	1107.00000
17.76300	1139.00000
17.76800	1143.00000
17.77300	1152.00000
17.77800	1149.00000
17.78300	1128.00000
17.78800	1100.00000
17.79300	1113.00000
17.79800	1114.00000
17.80300	1090.00000
17.80800	1102.00000
17.81300	1113.00000
17.81800	1101.00000
17.82300	1129.00000
17.82800	1139.00000
17.83300	1121.00000
17.83800	1165.00000
17.84300	1190.00000
17.84800	1197.00000
17.85300	1174.00000
17.85800	1125.00000
17.86300	1099.00000
17.86800	1101.00000
17.87300	1099.00000
17.87800	1107.00000
17.88300	1078.00000
17.88800	1074.00000
17.89300	1084.00000
17.89800	1107.00000
17.90300	1094.00000
17.90800	1064.00000
17.91300	1087.00000
17.91800	1128.00000
17.92300	1128.00000
17.92800	1140.00000
17.93300	1179.00000
17.93800	1214.00000
17.94300	1186.00000
17.94800	1140.00000
17.95300	1129.00000
17.95800	1119.00000
17.96300	1105.00000
17.96800	1099.00000
17.97300	1081.00000
17.97800	1074.00000
17.98300	1061.00000
17.98800	1085.00000
17.99300	1117.00000
17.99800	1154.00000
18.00300	1184.00000
18.00800	1175.00000
18.01300	1131.00000
18.01800	1150.00000
18.02300	1188.00000
18.02800	1198.00000
18.03300	1162.00000
18.03800	1167.00000
18.04300	1207.00000
18.04800	1191.00000
18.05300	1186.00000
18.05800	1185.00000
18.06300	1179.00000
18.06800	1212.00000
18.07300	1228.00000
18.07800	1230.00000
18.08300	1231.00000
18.08800	1201.00000
18.09300	1172.00000
18.09800	1182.00000
18.10300	1192.00000
18.10800	1177.00000
18.11300	1163.00000
18.11800	1172.00000
18.12300	1181.00000
18.12800	1188.00000
18.13300	1219.00000
18.13800	1243.00000
18.14300	1229.00000
18.14800	1186.00000
18.15300	1165.00000
18.15800	1173.00000
18.16300	1208.00000
18.16800	1222.00000
18.17300	1215.00000
18.17800	1227.00000
18.18300	1218.00000
18.18800	1236.00000
18.19300	1266.00000
18.19800	1302.00000
18.20300	1282.00000
18.20800	1233.00000
18.21300	1213.00000
18.21800	1218.00000
18.22300	1249.00000
18.22800	1285.00000
18.23300	1295.00000
18.23800	1263.00000
18.24300	1211.00000
18.24800	1187.00000
18.25300	1212.00000
18.25800	1221.00000
18.26300	1204.00000
18.26800	1180.00000
18.27300	1171.00000
18.27800	1223.00000
18.28300	1260.00000
18.28800	1237.00000
18.29300	1215.00000
18.29800	1207.00000
18.30300	1204.00000
18.30800	1200.00000
18.31300	1194.00000
18.31800	1231.00000
18.32300	1241.00000
18.32800	1263.00000
18.33300	1285.00000
18.33800	1285.00000
18.34300	1275.00000
18.34800	1251.00000
18.35300	1268.00000
18.35800	1270.00000
18.36300	1263.00000
18.36800	1279.00000
18.37300	1278.00000
18.37800	1291.00000
18.38300	1298.00000
18.38800	1277.00000
18.39300	1260.00000
18.39800	1300.00000
18.40300	1335.00000
18.40800	1329.00000
18.41300	1353.00000
18.41800	1365.00000
18.42300	1377.00000
18.42800	1400.00000
18.43300	1414.00000
18.43800	1432.00000
18.44300	1423.00000
18.44800	1442.00000
18.45300	1486.00000
18.45800	1478.00000
18.46300	1506.00000
18.46800	1574.00000
18.47300	1577.00000
18.47800	1566.00000
18.48300	1615.00000
18.48800	1636.00000
18.49300	1639.00000
18.49800	1662.00000
18.50300	1670.00000
18.50800	1645.00000
18.51300	1631.00000
18.51800	1678.00000
18.52300	1747.00000
18.52800	1798.00000
18.53300	1826.00000
18.53800	1873.00000
18.54300	1895.00000
18.54800	1880.00000
18.55300	1904.00000
18.55800	1952.00000
18.56300	2009.00000
18.56800	2045.00000
18.57300	2092.00000
18.57800	2160.00000
18.58300	2209.00000
18.58800	2268.00000
18.59300	2311.00000
18.59800	2276.00000
18.60300	2208.00000
18.60800	2191.00000
18.61300	2218.00000
18.61800	2229.00000
18.62300	2221.00000
18.62800	2220.00000
18.63300	2234.00000
18.63800	2271.00000
18.64300	2248.00000
18.64800	2156.00000
18.65300	2033.00000
18.65800	1972.00000
18.66300	1948.00000
18.66800	1875.00000
18.67300	1857.00000
18.67800	1875.00000
18.68300	1851.00000
18.68800	1827.00000
18.69300	1774.00000
18.69800	1700.00000
18.70300	1666.00000
18.70800	1669.00000
18.71300	1692.00000
18.71800	1711.00000
18.72300	1742.00000
18.72800	1751.00000
18.73300	1744.00000
18.73800	1737.00000
18.74300	1732.00000
18.74800	1744.00000
18.75300	1746.00000
18.75800	1725.00000
18.76300	1744.00000
18.76800	1814.00000
18.77300	1845.00000
18.77800	1863.00000
18.78300	1893.00000
18.78800	1903.00000
18.79300	1916.00000
18.79800	1921.00000
18.80300	1949.00000
18.80800	2011.00000
18.81300	2022.00000
18.81800	1988.00000
18.82300	1997.00000
18.82800	2094.00000
18.83300	2176.00000
18.83800	2167.00000
18.84300	2153.00000
18.84800	2217.00000
18.85300	2299.00000
18.85800	2367.00000
18.86300	2406.00000
18.86800	2418.00000
18.87300	2426.00000
18.87800	2451.00000
18.88300	2470.00000
18.88800	2474.00000
18.89300	2522.00000
18.89800	2585.00000
18.90300	2689.00000
18.90800	2761.00000
18.91300	2805.00000
18.91800	2872.00000
18.92300	2904.00000
18.92800	2941.00000
18.93300	2982.00000
18.93800	3050.00000
18.94300	3144.00000
18.94800	3244.00000
18.95300	3326.00000
18.95800	3418.00000
18.96300	3480.00000
18.96800	3554.00000
18.97300	3657.00000
18.97800	3810.00000
18.98300	3914.00000
18.98800	3990.00000
18.99300	4136.00000
18.99800	4281.00000
19.00300	4399.00000
19.00800	4501.00000
19.01300	4656.00000
19.01800	4808.00000
19.02300	4846.00000
19.02800	4921.00000
19.03300	5056.00000
19.03800	5170.00000
19.04300	5218.00000
19.04800	5220.00000
19.05300	5305.00000
19.05800	5344.00000
19.06300	5243.00000
19.06800	5101.00000
19.07300	5044.00000
19.07800	4924.00000
19.08300	4758.00000
19.08800	4649.00000
19.09300	4587.00000
19.09800	4512.00000
19.10300	4349.00000
19.10800	4233.00000
19.11300	4135.00000
19.11800	3991.00000
19.12300	3877.00000
19.12800	3844.00000
19.13300	3778.00000
19.13800	3665.00000
19.14300	3602.00000
19.14800	3638.00000
19.15300	3649.00000
19.15800	3652.00000
19.16300	3669.00000
19.16800	3676.00000
19.17300	3741.00000
19.17800	3832.00000
19.18300	3868.00000
19.18800	3916.00000
19.19300	3964.00000
19.19800	4050.00000
19.20300	4070.00000
19.20800	4150.00000
19.21300	4268.00000
19.21800	4441.00000
19.22300	4581.00000
19.22800	4681.00000
19.23300	4818.00000
19.23800	5000.00000
19.24300	5199.00000
19.24800	5322.00000
19.25300	5504.00000
19.25800	5719.00000
19.26300	5900.00000
19.26800	6081.00000
19.27300	6328.00000
19.27800	6516.00000
19.28300	6691.00000
19.28800	6943.00000
19.29300	7217.00000
19.29800	7515.00000
19.30300	7741.00000
19.30800	7960.00000
19.31300	8198.00000
19.31800	8532.00000
19.32300	8807.00000
19.32800	8946.00000
19.33300	9120.00000
19.33800	9173.00000
19.34300	9013.00000
19.34800	8783.00000
19.35300	8624.00000
19.35800	8414.00000
19.36300	8048.00000
19.36800	7592.00000
19.37300	7195.00000
19.37800	6879.00000
19.38300	6334.00000
19.38800	5803.00000
19.39300	5423.00000
19.39800	5020.00000
19.40300	4650.00000
19.40800	4309.00000
19.41300	3917.00000
19.41800	3535.00000
19.42300	3264.00000
19.42800	3060.00000
19.43300	2867.00000
19.43800	2661.00000
19.44300	2504.00000
19.44800	2388.00000
19.45300	2270.00000
19.45800	2098.00000
19.46300	1927.00000
19.46800	1848.00000
19.47300	1807.00000
19.47800	1759.00000
19.48300	1725.00000
19.48800	1718.00000
19.49300	1681.00000
19.49800	1604.00000
19.50300	1556.00000
19.50800	1529.00000
19.51300	1506.00000
19.51800	1485.00000
19.52300	1463.00000
19.52800	1448.00000
19.53300	1414.00000
19.53800	1356.00000
19.54300	1337.00000
19.54800	1320.00000
19.55300	1327.00000
19.55800	1345.00000
19.56300	1314.00000
19.56800	1282.00000
19.57300	1280.00000
19.57800	1270.00000
19.58300	1279.00000
19.58800	1284.00000
19.59300	1299.00000
19.59800	1310.00000
19.60300	1297.00000
19.60800	1259.00000
19.61300	1235.00000
19.61800	1219.00000
19.62300	1203.00000
19.62800	1205.00000
19.63300	1204.00000
19.63800	1213.00000
19.64300	1214.00000
19.64800	1197.00000
19.65300	1195.00000
19.65800	1179.00000
19.66300	1183.00000
19.66800	1202.00000
19.67300	1211.00000
19.67800	1217.00000
19.68300	1225.00000
19.68800	1213.00000
19.69300	1239.00000
19.69800	1241.00000
19.70300	1230.00000
19.70800	1252.00000
19.71300	1271.00000
19.71800	1222.00000
19.72300	1173.00000
19.72800	1143.00000
19.73300	1123.00000
19.73800	1151.00000
19.74300	1194.00000
19.74800	1193.00000
19.75300	1197.00000
19.75800	1224.00000
19.76300	1256.00000
19.76800	1271.00000
19.77300	1278.00000
19.77800	1292.00000
19.78300	1270.00000
19.78800	1245.00000
19.79300	1220.00000
19.79800	1219.00000
19.80300	1239.00000
19.80800	1260.00000
19.81300	1269.00000
19.81800	1249.00000
19.82300	1219.00000
19.82800	1231.00000
19.83300	1272.00000
19.83800	1279.00000
19.84300	1314.00000
19.84800	1325.00000
19.85300	1294.00000
19.85800	1265.00000
19.86300	1251.00000
19.86800	1266.00000
19.87300	1296.00000
19.87800	1313.00000
19.88300	1313.00000
19.88800	1321.00000
19.89300	1324.00000
19.89800	1316.00000
19.90300	1325.00000
19.90800	1353.00000
19.91300	1384.00000
19.91800	1380.00000
19.92300	1372.00000
19.92800	1400.00000
19.93300	1393.00000
19.93800	1378.00000
19.94300	1394.00000
19.94800	1395.00000
19.95300	1431.00000
19.95800	1459.00000
19.96300	1433.00000
19.96800	1384.00000
19.97300	1361.00000
19.97800	1375.00000
19.98300	1430.00000
19.98800	1463.00000
19.99300	1461.00000
19.99800	1461.00000
20.00300	1472.00000
20.00800	1514.00000
20.01300	1541.00000
20.01800	1510.00000
20.02300	1515.00000
20.02800	1533.00000
20.03300	1548.00000
20.03800	1606.00000
20.04300	1638.00000
20.04800	1601.00000
20.05300	1584.00000
20.05800	1637.00000
20.06300	1699.00000
20.06800	1721.00000
20.07300	1758.00000
20.07800	1760.00000
20.08300	1762.00000
20.08800	1825.00000
20.09300	1879.00000
20.09800	1953.00000
20.10300	1990.00000
20.10800	2027.00000
20.11300	2085.00000
20.11800	2133.00000
20.12300	2156.00000
20.12800	2149.00000
20.13300	2123.00000
20.13800	2141.00000
20.14300	2225.00000
20.14800	2292.00000
20.15300	2302.00000
20.15800	2367.00000
20.16300	2461.00000
20.16800	2465.00000
20.17300	2473.00000
20.17800	2572.00000
20.18300	2665.00000
20.18800	2674.00000
20.19300	2704.00000
20.19800	2756.00000
20.20300	2785.00000
20.20800	2750.00000
20.21300	2767.00000
20.21800	2728.00000
20.22300	2753.00000
20.22800	2799.00000
20.23300	2769.00000
20.23800	2743.00000
20.24300	2754.00000
20.24800	2722.00000
20.25300	2631.00000
20.25800	2542.00000
20.26300	2448.00000
20.26800	2315.00000
20.27300	2236.00000
20.27800	2230.00000
20.28300	2180.00000
20.28800	2127.00000
20.29300	2140.00000
20.29800	2107.00000
20.30300	2064.00000
20.30800	2029.00000
20.31300	1994.00000
20.31800	2031.00000
20.32300	2045.00000
20.32800	2039.00000
20.33300	2043.00000
20.33800	2109.00000
20.34300	2139.00000
20.34800	2134.00000
20.35300	2122.00000
20.35800	2173.00000
20.36300	2212.00000
20.36800	2230.00000
20.37300	2290.00000
20.37800	2290.00000
20.38300	2283.00000
20.38800	2289.00000
20.39300	2342.00000
20.39800	2375.00000
20.40300	2425.00000
20.40800	2510.00000
20.41300	2528.00000
20.41800	2575.00000
20.42300	2651.00000
20.42800	2707.00000
20.43300	2720.00000
20.43800	2768.00000
20.44300	2871.00000
20.44800	2961.00000
20.45300	3007.00000
20.45800	3043.00000
20.46300	3144.00000
20.46800	3262.00000
20.47300	3321.00000
20.47800	3378.00000
20.48300	3447.00000
20.48800	3555.00000
20.49300	3685.00000
20.49800	3818.00000
20.50300	3931.00000
20.50800	3984.00000
20.51300	4102.00000
20.51800	4276.00000
20.52300	4416.00000
20.52800	4486.00000
20.53300	4627.00000
20.53800	4818.00000
20.54300	4951.00000
20.54800	5129.00000
20.55300	5357.00000
20.55800	5539.00000
20.56300	5786.00000
20.56800	6049.00000
20.57300	6299.00000
20.57800	6469.00000
20.58300	6646.00000
20.58800	6889.00000
20.59300	7051.00000
20.59800	7246.00000
20.60300	7519.00000
20.60800	7777.00000
20.61300	8041.00000
20.61800	8132.00000
20.62300	8166.00000
20.62800	8274.00000
20.63300	8321.00000
20.63800	8333.00000
20.64300	8253.00000
20.64800	8021.00000
20.65300	7772.00000
20.65800	7445.00000
20.66300	7030.00000
20.66800	6618.00000
20.67300	6267.00000
20.67800	5836.00000
20.68300	5344.00000
20.68800	4885.00000
20.69300	4525.00000
20.69800	4208.00000
20.70300	3923.00000
20.70800	3688.00000
20.71300	3434.00000
20.71800	3205.00000
20.72300	2987.00000
20.72800	2771.00000
20.73300	2605.00000
20.73800	2501.00000
20.74300	2356.00000
20.74800	2235.00000
20.75300	2142.00000
20.75800	2052.00000
20.76300	2003.00000
20.76800	2004.00000
20.77300	2014.00000
20.77800	1964.00000
20.78300	1905.00000
20.78800	1815.00000
20.79300	1713.00000
20.79800	1671.00000
20.80300	1630.00000
20.80800	1626.00000
20.81300	1643.00000
20.81800	1638.00000
20.82300	1654.00000
20.82800	1649.00000
20.83300	1642.00000
20.83800	1647.00000
20.84300	1590.00000
20.84800	1556.00000
20.85300	1557.00000
20.85800	1579.00000
20.86300	1607.00000
20.86800	1602.00000
20.87300	1585.00000
20.87800	1583.00000
20.88300	1623.00000
20.88800	1636.00000
20.89300	1607.00000
20.89800	1603.00000
20.90300	1608.00000
20.90800	1619.00000
20.91300	1627.00000
20.91800	1611.00000
20.92300	1677.00000
20.92800	1710.00000
20.93300	1708.00000
20.93800	1734.00000
20.94300	1784.00000
20.94800	1780.00000
20.95300	1712.00000
20.95800	1697.00000
20.96300	1737.00000
20.96800	1717.00000
20.97300	1682.00000
20.97800	1698.00000
20.98300	1742.00000
20.98800	1776.00000
20.99300	1744.00000
20.99800	1704.00000
21.00300	1681.00000
21.00800	1679.00000
21.01300	1620.00000
21.01800	1520.00000
21.02300	1466.00000
21.02800	1423.00000
21.03300	1397.00000
21.03800	1397.00000
21.04300	1404.00000
21.04800	1391.00000
21.05300	1353.00000
21.05800	1308.00000
21.06300	1289.00000
21.06800	1254.00000
21.07300	1220.00000
21.07800	1223.00000
21.08300	1247.00000
21.08800	1260.00000
21.09300	1278.00000
21.09800	1280.00000
21.10300	1260.00000
21.10800	1233.00000
21.11300	1220.00000
21.11800	1222.00000
21.12300	1186.00000
21.12800	1157.00000
21.13300	1184.00000
21.13800	1241.00000
21.14300	1250.00000
21.14800	1217.00000
21.15300	1218.00000
21.15800	1193.00000
21.16300	1185.00000
21.16800	1165.00000
21.17300	1163.00000
21.17800	1180.00000
21.18300	1213.00000
21.18800	1267.00000
21.19300	1283.00000
21.19800	1278.00000
21.20300	1262.00000
21.20800	1239.00000
21.21300	1214.00000
21.21800	1226.00000
21.22300	1211.00000
21.22800	1163.00000
21.23300	1149.00000
21.23800	1181.00000
21.24300	1207.00000
21.24800	1233.00000
21.25300	1184.00000
21.25800	1151.00000
21.26300	1144.00000
21.26800	1135.00000
21.27300	1132.00000
21.27800	1150.00000
21.28300	1152.00000
21.28800	1167.00000
21.29300	1187.00000
21.29800	1147.00000
21.30300	1125.00000
21.30800	1139.00000
21.31300	1143.00000
21.31800	1152.00000
21.32300	1154.00000
21.32800	1139.00000
21.33300	1115.00000
21.33800	1118.00000
21.34300	1125.00000
21.34800	1136.00000
21.35300	1163.00000
21.35800	1185.00000
21.36300	1159.00000
21.36800	1135.00000
21.37300	1128.00000
21.37800	1110.00000
21.38300	1105.00000
21.38800	1143.00000
21.39300	1176.00000
21.39800	1191.00000
21.40300	1200.00000
21.40800	1189.00000
21.41300	1169.00000
21.41800	1154.00000
21.42300	1112.00000
21.42800	1074.00000
21.43300	1083.00000
21.43800	1111.00000
21.44300	1112.00000
21.44800	1119.00000
21.45300	1136.00000
21.45800	1159.00000
21.46300	1158.00000
21.46800	1156.00000
21.47300	1204.00000
21.47800	1226.00000
21.48300	1221.00000
21.48800	1207.00000
21.49300	1194.00000
21.49800	1185.00000
21.50300	1151.00000
21.50800	1150.00000
21.51300	1153.00000
21.51800	1149.00000
21.52300	1186.00000
21.52800	1212.00000
21.53300	1207.00000
21.53800	1211.00000
21.54300	1223.00000
21.54800	1221.00000
21.55300	1208.00000
21.55800	1209.00000
21.56300	1217.00000
21.56800	1250.00000
21.57300	1269.00000
21.57800	1254.00000
21.58300	1230.00000
21.58800	1202.00000
21.59300	1203.00000
21.59800	1214.00000
21.60300	1234.00000
21.60800	1250.00000
21.61300	1235.00000
21.61800	1217.00000
21.62300	1215.00000
21.62800	1211.00000
21.63300	1215.00000
21.63800	1256.00000
21.64300	1265.00000
21.64800	1235.00000
21.65300	1234.00000
21.65800	1276.00000
21.66300	1277.00000
21.66800	1277.00000
21.67300	1297.00000
21.67800	1294.00000
21.68300	1290.00000
21.68800	1294.00000
21.69300	1283.00000
21.69800	1295.00000
21.70300	1340.00000
21.70800	1377.00000
21.71300	1397.00000
21.71800	1398.00000
21.72300	1407.00000
21.72800	1431.00000
21.73300	1442.00000
21.73800	1458.00000
21.74300	1475.00000
21.74800	1466.00000
21.75300	1449.00000
21.75800	1467.00000
21.76300	1509.00000
21.76800	1521.00000
21.77300	1532.00000
21.77800	1518.00000
21.78300	1509.00000
21.78800	1550.00000
21.79300	1578.00000
21.79800	1594.00000
21.80300	1622.00000
21.80800	1675.00000
21.81300	1717.00000
21.81800	1713.00000
21.82300	1722.00000
21.82800	1781.00000
21.83300	1819.00000
21.83800	1820.00000
21.84300	1811.00000
21.84800	1785.00000
21.85300	1774.00000
21.85800	1799.00000
21.86300	1850.00000
21.86800	1845.00000
21.87300	1855.00000
21.87800	1897.00000
21.88300	1895.00000
21.88800	1899.00000
21.89300	1941.00000
21.89800	2024.00000
21.90300	2069.00000
21.90800	2084.00000
21.91300	2067.00000
21.91800	2089.00000
21.92300	2187.00000
21.92800	2259.00000
21.93300	2265.00000
21.93800	2248.00000
21.94300	2304.00000
21.94800	2376.00000
21.95300	2431.00000
21.95800	2512.00000
21.96300	2532.00000
21.96800	2540.00000
21.97300	2630.00000
21.97800	2718.00000
21.98300	2762.00000
21.98800	2799.00000
21.99300	2879.00000
21.99800	2985.00000
22.00300	3090.00000
22.00800	3173.00000
22.01300	3237.00000
22.01800	3263.00000
22.02300	3294.00000
22.02800	3434.00000
22.03300	3644.00000
22.03800	3798.00000
22.04300	3915.00000
22.04800	4015.00000
22.05300	4118.00000
22.05800	4251.00000
22.06300	4374.00000
22.06800	4477.00000
22.07300	4615.00000
22.07800	4832.00000
22.08300	5065.00000
22.08800	5180.00000
22.09300	5300.00000
22.09800	5517.00000
22.10300	5664.00000
22.10800	5738.00000
22.11300	5821.00000
22.11800	5916.00000
22.12300	6053.00000
22.12800	6184.00000
22.13300	6188.00000
22.13800	6195.00000
22.14300	6197.00000
22.14800	6054.00000
22.15300	5873.00000
22.15800	5723.00000
22.16300	5571.00000
22.16800	5425.00000
22.17300	5251.00000
22.17800	5089.00000
22.18300	4900.00000
22.18800	4608.00000
22.19300	4380.00000
22.19800	4254.00000
22.20300	4113.00000
22.20800	3914.00000
22.21300	3660.00000
22.21800	3431.00000
22.22300	3269.00000
22.22800	3095.00000
22.23300	2936.00000
22.23800	2807.00000
22.24300	2699.00000
22.24800	2623.00000
22.25300	2526.00000
22.25800	2393.00000
22.26300	2264.00000
22.26800	2134.00000
22.27300	2002.00000
22.27800	1920.00000
22.28300	1875.00000
22.28800	1836.00000
22.29300	1747.00000
22.29800	1674.00000
22.30300	1682.00000
22.30800	1647.00000
22.31300	1590.00000
22.31800	1584.00000
22.32300	1585.00000
22.32800	1565.00000
22.33300	1537.00000
22.33800	1536.00000
22.34300	1515.00000
22.34800	1493.00000
22.35300	1491.00000
22.35800	1485.00000
22.36300	1470.00000
22.36800	1481.00000
22.37300	1501.00000
22.37800	1482.00000
22.38300	1474.00000
22.38800	1455.00000
22.39300	1450.00000
22.39800	1462.00000
22.40300	1475.00000
22.40800	1473.00000
22.41300	1474.00000
22.41800	1503.00000
22.42300	1511.00000
22.42800	1512.00000
22.43300	1516.00000
22.43800	1513.00000
22.44300	1516.00000
22.44800	1547.00000
22.45300	1571.00000
22.45800	1551.00000
22.46300	1518.00000
22.46800	1510.00000
22.47300	1545.00000
22.47800	1595.00000
22.48300	1624.00000
22.48800	1645.00000
22.49300	1657.00000
22.49800	1657.00000
22.50300	1685.00000
22.50800	1694.00000
22.51300	1699.00000
22.51800	1715.00000
22.52300	1709.00000
22.52800	1686.00000
22.53300	1670.00000
22.53800	1670.00000
22.54300	1665.00000
22.54800	1669.00000
22.55300	1669.00000
22.55800	1628.00000
22.56300	1585.00000
22.56800	1588.00000
22.57300	1581.00000
22.57800	1522.00000
22.58300	1521.00000
22.58800	1542.00000
22.59300	1501.00000
22.59800	1445.00000
22.60300	1413.00000
22.60800	1394.00000
22.61300	1355.00000
22.61800	1336.00000
22.62300	1320.00000
22.62800	1320.00000
22.63300	1299.00000
22.63800	1258.00000
22.64300	1245.00000
22.64800	1250.00000
22.65300	1272.00000
22.65800	1277.00000
22.66300	1254.00000
22.66800	1241.00000
22.67300	1234.00000
22.67800	1204.00000
22.68300	1197.00000
22.68800	1216.00000
22.69300	1208.00000
22.69800	1184.00000
22.70300	1165.00000
22.70800	1133.00000
22.71300	1128.00000
22.71800	1128.00000
22.72300	1145.00000
22.72800	1184.00000
22.73300	1219.00000
22.73800	1229.00000
22.74300	1214.00000
22.74800	1181.00000
22.75300	1156.00000
22.75800	1175.00000
22.76300	1142.00000
22.76800	1117.00000
22.77300	1134.00000
22.77800	1188.00000
22.78300	1227.00000
22.78800	1247.00000
22.79300	1269.00000
22.79800	1298.00000
22.80300	1319.00000
22.80800	1351.00000
22.81300	1368.00000
22.81800	1345.00000
22.82300	1331.00000
22.82800	1327.00000
22.83300	1331.00000
22.83800	1345.00000
22.84300	1323.00000
22.84800	1316.00000
22.85300	1333.00000
22.85800	1385.00000
22.86300	1434.00000
22.86800	1416.00000
22.87300	1407.00000
22.87800	1425.00000
22.88300	1464.00000
22.88800	1504.00000
22.89300	1519.00000
22.89800	1538.00000
22.90300	1593.00000
22.90800	1630.00000
22.91300	1632.00000
22.91800	1615.00000
22.92300	1617.00000
22.92800	1637.00000
22.93300	1633.00000
22.93800	1677.00000
22.94300	1688.00000
22.94800	1724.00000
22.95300	1787.00000
22.95800	1850.00000
22.96300	1885.00000
22.96800	1910.00000
22.97300	1952.00000
22.97800	1980.00000
22.98300	2014.00000
22.98800	2093.00000
22.99300	2113.00000
22.99800	2107.00000
23.00300	2120.00000
23.00800	2132.00000
23.01300	2167.00000
23.01800	2223.00000
23.02300	2274.00000
23.02800	2330.00000
23.03300	2454.00000
23.03800	2619.00000
23.04300	2732.00000
23.04800	2776.00000
23.05300	2804.00000
23.05800	2821.00000
23.06300	2889.00000
23.06800	3000.00000
23.07300	3108.00000
23.07800	3263.00000
23.08300	3357.00000
23.08800	3409.00000
23.09300	3465.00000
23.09800	3534.00000
23.10300	3542.00000
23.10800	3588.00000
23.11300	3667.00000
23.11800	3649.00000
23.12300	3646.00000
23.12800	3537.00000
23.13300	3451.00000
23.13800	3393.00000
23.14300	3260.00000
23.14800	3103.00000
23.15300	2947.00000
23.15800	2885.00000
23.16300	2857.00000
23.16800	2725.00000
23.17300	2592.00000
23.17800	2451.00000
23.18300	2351.00000
23.18800	2332.00000
23.19300	2275.00000
23.19800	2228.00000
23.20300	2266.00000
23.20800	2206.00000
23.21300	2204.00000
23.21800	2228.00000
23.22300	2229.00000
23.22800	2233.00000
23.23300	2224.00000
23.23800	2226.00000
23.24300	2211.00000
23.24800	2202.00000
23.25300	2198.00000
23.25800	2169.00000
23.26300	2183.00000
23.26800	2213.00000
23.27300	2268.00000
23.27800	2348.00000
23.28300	2407.00000
23.28800	2456.00000
23.29300	2451.00000
23.29800	2451.00000
23.30300	2514.00000
23.30800	2608.00000
23.31300	2676.00000
23.31800	2756.00000
23.32300	2899.00000
23.32800	2967.00000
23.33300	2994.00000
23.33800	3048.00000
23.34300	3157.00000
23.34800	3186.00000
23.35300	3203.00000
23.35800	3266.00000
23.36300	3407.00000
23.36800	3541.00000
23.37300	3619.00000
23.37800	3740.00000
23.38300	3806.00000
23.38800	3851.00000
23.39300	3953.00000
23.39800	3960.00000
23.40300	4105.00000
23.40800	4285.00000
23.41300	4460.00000
23.41800	4631.00000
23.42300	4708.00000
23.42800	4776.00000
23.43300	4837.00000
23.43800	4888.00000
23.44300	4929.00000
23.44800	4992.00000
23.45300	5041.00000
23.45800	4944.00000
23.46300	4864.00000
23.46800	4928.00000
23.47300	4871.00000
23.47800	4762.00000
23.48300	4573.00000
23.48800	4338.00000
23.49300	4192.00000
23.49800	4047.00000
23.50300	3863.00000
23.50800	3605.00000
23.51300	3407.00000
23.51800	3287.00000
23.52300	3123.00000
23.52800	3005.00000
23.53300	2923.00000
23.53800	2800.00000
23.54300	2653.00000
23.54800	2523.00000
23.55300	2449.00000
23.55800	2415.00000
23.56300	2415.00000
23.56800	2406.00000
23.57300	2291.00000
23.57800	2264.00000
23.58300	2295.00000
23.58800	2301.00000
23.59300	2276.00000
23.59800	2237.00000
23.60300	2199.00000
23.60800	2180.00000
23.61300	2200.00000
23.61800	2261.00000
23.62300	2307.00000
23.62800	2313.00000
23.63300	2327.00000
23.63800	2409.00000
23.64300	2495.00000
23.64800	2509.00000
23.65300	2473.00000
23.65800	2489.00000
23.66300	2501.00000
23.66800	2564.00000
23.67300	2635.00000
23.67800	2701.00000
23.68300	2742.00000
23.68800	2780.00000
23.69300	2831.00000
23.69800	2811.00000
23.70300	2730.00000
23.70800	2677.00000
23.71300	2647.00000
23.71800	2594.00000
23.72300	2544.00000
23.72800	2493.00000
23.73300	2456.00000
23.73800	2346.00000
23.74300	2187.00000
23.74800	2107.00000
23.75300	2013.00000
23.75800	1958.00000
23.76300	1898.00000
23.76800	1851.00000
23.77300	1820.00000
23.77800	1736.00000
23.78300	1709.00000
23.78800	1659.00000
23.79300	1587.00000
23.79800	1529.00000
23.80300	1491.00000
23.80800	1438.00000
23.81300	1399.00000
23.81800	1373.00000
23.82300	1347.00000
23.82800	1327.00000
23.83300	1319.00000
23.83800	1347.00000
23.84300	1355.00000
23.84800	1363.00000
23.85300	1352.00000
23.85800	1343.00000
23.86300	1313.00000
23.86800	1278.00000
23.87300	1313.00000
23.87800	1368.00000
23.88300	1387.00000
23.88800	1387.00000
23.89300	1369.00000
23.89800	1369.00000
23.90300	1361.00000
23.90800	1343.00000
23.91300	1354.00000
23.91800	1402.00000
23.92300	1364.00000
23.92800	1348.00000
23.93300	1360.00000
23.93800	1441.00000
23.94300	1463.00000
23.94800	1433.00000
23.95300	1376.00000
23.95800	1421.00000
23.96300	1460.00000
23.96800	1480.00000
23.97300	1483.00000
23.97800	1407.00000
23.98300	1412.00000
23.98800	1477.00000
23.99300	1508.00000
23.99800	1502.00000
24.00300	1499.00000
24.00800	1572.00000
24.01300	1621.00000
24.01800	1608.00000
24.02300	1623.00000
24.02800	1614.00000
24.03300	1654.00000
24.03800	1697.00000
24.04300	1788.00000
24.04800	1761.00000
24.05300	1753.00000
24.05800	1775.00000
24.06300	1783.00000
24.06800	1850.00000
24.07300	1860.00000
24.07800	1889.00000
24.08300	1951.00000
24.08800	1965.00000
24.09300	2045.00000
24.09800	2107.00000
24.10300	2160.00000
24.10800	2186.00000
24.11300	2249.00000
24.11800	2360.00000
24.12300	2446.00000
24.12800	2413.00000
24.13300	2420.00000
24.13800	2489.00000
24.14300	2537.00000
24.14800	2505.00000
24.15300	2479.00000
24.15800	2540.00000
24.16300	2598.00000
24.16800	2559.00000
24.17300	2561.00000
24.17800	2519.00000
24.18300	2513.00000
24.18800	2486.00000
24.19300	2452.00000
24.19800	2418.00000
24.20300	2356.00000
24.20800	2296.00000
24.21300	2234.00000
24.21800	2246.00000
24.22300	2203.00000
24.22800	2216.00000
24.23300	2198.00000
24.23800	2205.00000
24.24300	2225.00000
24.24800	2268.00000
24.25300	2364.00000
24.25800	2378.00000
24.26300	2249.00000
24.26800	2181.00000
24.27300	2200.00000
24.27800	2191.00000
24.28300	2283.00000
24.28800	2325.00000
24.29300	2361.00000
24.29800	2364.00000
24.30300	2390.00000
24.30800	2397.00000
24.31300	2382.00000
24.31800	2420.00000
24.32300	2492.00000
24.32800	2476.00000
24.33300	2502.00000
24.33800	2567.00000
24.34300	2573.00000
24.34800	2683.00000
24.35300	2769.00000
24.35800	2857.00000
24.36300	2965.00000
24.36800	3024.00000
24.37300	3002.00000
24.37800	3030.00000
24.38300	3112.00000
24.38800	3222.00000
24.39300	3202.00000
24.39800	3201.00000
24.40300	3315.00000
24.40800	3323.00000
24.41300	3431.00000
24.41800	3465.00000
24.42300	3329.00000
24.42800	3350.00000
24.43300	3305.00000
24.43800	3206.00000
24.44300	3123.00000
24.44800	3050.00000
24.45300	2959.00000
24.45800	2996.00000
24.46300	3020.00000
24.46800	2905.00000
24.47300	2834.00000
24.47800	2796.00000
24.48300	2790.00000
24.48800	2824.00000
24.49300	2728.00000
24.49800	2716.00000
24.50300	2737.00000
24.50800	2776.00000
24.51300	2769.00000
24.51800	2742.00000
24.52300	2702.00000
24.52800	2770.00000
24.53300	2832.00000
24.53800	2966.00000
24.54300	2996.00000
24.54800	3019.00000
24.55300	3115.00000
24.55800	3235.00000
24.56300	3265.00000
24.56800	3384.00000
24.57300	3503.00000
24.57800	3551.00000
24.58300	3538.00000
24.58800	3576.00000
24.59300	3637.00000
24.59800	3818.00000
24.60300	3981.00000
24.60800	4141.00000
24.61300	4251.00000
24.61800	4380.00000
24.62300	4560.00000
24.62800	4663.00000
24.63300	4656.00000
24.63800	4698.00000
24.64300	4692.00000
24.64800	4754.00000
24.65300	4715.00000
24.65800	4611.00000
24.66300	4541.00000
24.66800	4341.00000
24.67300	4163.00000
24.67800	3994.00000
24.68300	3865.00000
24.68800	3786.00000
24.69300	3587.00000
24.69800	3397.00000
24.70300	3224.00000
24.70800	3084.00000
24.71300	2959.00000
24.71800	2820.00000
24.72300	2569.00000
24.72800	2301.00000
24.73300	2181.00000
24.73800	2098.00000
24.74300	2054.00000
24.74800	2010.00000
24.75300	1969.00000
24.75800	1873.00000
24.76300	1797.00000
24.76800	1735.00000
24.77300	1700.00000
24.77800	1611.00000
24.78300	1548.00000
24.78800	1498.00000
24.79300	1457.00000
24.79800	1480.00000
24.80300	1486.00000
24.80800	1494.00000
24.81300	1393.00000
24.81800	1277.00000
24.82300	1300.00000
24.82800	1304.00000
24.83300	1247.00000
24.83800	1228.00000
24.84300	1229.00000
24.84800	1234.00000
24.85300	1271.00000
24.85800	1274.00000
24.86300	1230.00000
24.86800	1259.00000
24.87300	1284.00000
24.87800	1214.00000
24.88300	1239.00000
24.88800	1213.00000
24.89300	1222.00000
24.89800	1233.00000
24.90300	1216.00000
24.90800	1206.00000
24.91300	1233.00000
24.91800	1252.00000
24.92300	1232.00000
24.92800	1153.00000
24.93300	1188.00000
24.93800	1208.00000
24.94300	1279.00000
24.94800	1308.00000
24.95300	1326.00000
24.95800	1315.00000
24.96300	1254.00000
24.96800	1296.00000
24.97300	1290.00000
24.97800	1258.00000
24.98300	1274.00000
24.98800	1295.00000
24.99300	1277.00000
24.99800	1277.00000
25.00300	1286.00000
25.00800	1268.00000
25.01300	1287.00000
25.01800	1328.00000
25.02300	1271.00000
25.02800	1353.00000
25.03300	1437.00000
25.03800	1480.00000
25.04300	1439.00000
25.04800	1465.00000
25.05300	1415.00000
25.05800	1484.00000
25.06300	1476.00000
25.06800	1500.00000
25.07300	1449.00000
25.07800	1492.00000
25.08300	1523.00000
25.08800	1524.00000
25.09300	1458.00000
25.09800	1492.00000
25.10300	1526.00000
25.10800	1534.00000
25.11300	1530.00000
25.11800	1537.00000
25.12300	1543.00000
25.12800	1528.00000
25.13300	1549.00000
25.13800	1506.00000
25.14300	1498.00000
25.14800	1472.00000
25.15300	1563.00000
25.15800	1461.00000
25.16300	1424.00000
25.16800	1409.00000
25.17300	1394.00000
25.17800	1370.00000
25.18300	1361.00000
25.18800	1358.00000
25.19300	1271.00000
25.19800	1189.00000
25.20300	1226.00000
25.20800	1216.00000
25.21300	1173.00000
25.21800	1160.00000
25.22300	1135.00000
25.22800	1145.00000
25.23300	1165.00000
25.23800	1133.00000
25.24300	1174.00000
25.24800	1215.00000
25.25300	1210.00000
25.25800	1172.00000
25.26300	1153.00000
25.26800	1141.00000
25.27300	1081.00000
25.27800	1109.00000
25.28300	1159.00000
25.28800	1148.00000
25.29300	1101.00000
25.29800	1073.00000
25.30300	1117.00000
25.30800	1132.00000
25.31300	1109.00000
25.31800	1136.00000
25.32300	1115.00000
25.32800	1125.00000
25.33300	1126.00000
25.33800	1100.00000
25.34300	1128.00000
25.34800	1140.00000
25.35300	1180.00000
25.35800	1151.00000
25.36300	1109.00000
25.36800	1093.00000
25.37300	1094.00000
25.37800	1129.00000
25.38300	1134.00000
25.38800	1166.00000
25.39300	1152.00000
25.39800	1142.00000
25.40300	1155.00000
25.40800	1165.00000
25.41300	1187.00000
25.41800	1174.00000
25.42300	1154.00000
25.42800	1187.00000
25.43300	1241.00000
25.43800	1251.00000
25.44300	1262.00000
25.44800	1327.00000
25.45300	1302.00000
25.45800	1309.00000
25.46300	1304.00000
25.46800	1279.00000
25.47300	1239.00000
25.47800	1309.00000
25.48300	1321.00000
25.48800	1304.00000
25.49300	1295.00000
25.49800	1322.00000
25.50300	1354.00000
25.50800	1378.00000
25.51300	1429.00000
25.51800	1444.00000
25.52300	1430.00000
25.52800	1469.00000
25.53300	1500.00000
25.53800	1463.00000
25.54300	1540.00000
25.54800	1598.00000
25.55300	1575.00000
25.55800	1536.00000
25.56300	1661.00000
25.56800	1677.00000
25.57300	1689.00000
25.57800	1763.00000
25.58300	1841.00000
25.58800	1920.00000
25.59300	1909.00000
25.59800	1941.00000
25.60300	1939.00000
25.60800	1955.00000
25.61300	1954.00000
25.61800	1970.00000
25.62300	2106.00000
25.62800	2170.00000
25.63300	2209.00000
25.63800	2288.00000
25.64300	2342.00000
25.64800	2406.00000
25.65300	2445.00000
25.65800	2464.00000
25.66300	2473.00000
25.66800	2441.00000
25.67300	2520.00000
25.67800	2506.00000
25.68300	2560.00000
25.68800	2588.00000
25.69300	2599.00000
25.69800	2549.00000
25.70300	2476.00000
25.70800	2485.00000
25.71300	2435.00000
25.71800	2343.00000
25.72300	2278.00000
25.72800	2221.00000
25.73300	2113.00000
25.73800	2061.00000
25.74300	1953.00000
25.74800	1887.00000
25.75300	1888.00000
25.75800	1923.00000
25.76300	1950.00000
25.76800	1944.00000
25.77300	1940.00000
25.77800	1943.00000
25.78300	1919.00000
25.78800	1907.00000
25.79300	1880.00000
25.79800	1905.00000
25.80300	1894.00000
25.80800	1911.00000
25.81300	1915.00000
25.81800	1914.00000
25.82300	1940.00000
25.82800	1968.00000
25.83300	2007.00000
25.83800	2068.00000
25.84300	2108.00000
25.84800	2078.00000
25.85300	2086.00000
25.85800	2076.00000
25.86300	2070.00000
25.86800	2087.00000
25.87300	2054.00000
25.87800	2074.00000
25.88300	2009.00000
25.88800	1942.00000
25.89300	1902.00000
25.89800	1828.00000
25.90300	1689.00000
25.90800	1674.00000
25.91300	1677.00000
25.91800	1630.00000
25.92300	1583.00000
25.92800	1600.00000
25.93300	1524.00000
25.93800	1465.00000
25.94300	1446.00000
25.94800	1441.00000
25.95300	1418.00000
25.95800	1391.00000
25.96300	1368.00000
25.96800	1348.00000
25.97300	1328.00000
25.97800	1254.00000
25.98300	1211.00000
25.98800	1193.00000
25.99300	1189.00000
25.99800	1225.00000
26.00300	1244.00000
26.00800	1237.00000
26.01300	1259.00000
26.01800	1248.00000
26.02300	1206.00000
26.02800	1171.00000
26.03300	1158.00000
26.03800	1212.00000
26.04300	1180.00000
26.04800	1130.00000
26.05300	1087.00000
26.05800	1140.00000
26.06300	1136.00000
26.06800	1133.00000
26.07300	1145.00000
26.07800	1197.00000
26.08300	1191.00000
26.08800	1187.00000
26.09300	1215.00000
26.09800	1234.00000
26.10300	1238.00000
26.10800	1280.00000
26.11300	1280.00000
26.11800	1262.00000
26.12300	1249.00000
26.12800	1272.00000
26.13300	1334.00000
26.13800	1346.00000
26.14300	1321.00000
26.14800	1344.00000
26.15300	1362.00000
26.15800	1368.00000
26.16300	1381.00000
26.16800	1442.00000
26.17300	1471.00000
26.17800	1516.00000
26.18300	1505.00000
26.18800	1494.00000
26.19300	1507.00000
26.19800	1587.00000
26.20300	1641.00000
26.20800	1644.00000
26.21300	1665.00000
26.21800	1693.00000
26.22300	1656.00000
26.22800	1649.00000
26.23300	1627.00000
26.23800	1607.00000
26.24300	1563.00000
26.24800	1511.00000
26.25300	1499.00000
26.25800	1527.00000
26.26300	1565.00000
26.26800	1556.00000
26.27300	1501.00000
26.27800	1488.00000
26.28300	1485.00000
26.28800	1463.00000
26.29300	1416.00000
26.29800	1457.00000
26.30300	1461.00000
26.30800	1450.00000
26.31300	1456.00000
26.31800	1449.00000
26.32300	1447.00000
26.32800	1426.00000
26.33300	1397.00000
26.33800	1419.00000
26.34300	1444.00000
26.34800	1435.00000
26.35300	1411.00000
26.35800	1436.00000
26.36300	1454.00000
26.36800	1469.00000
26.37300	1444.00000
26.37800	1419.00000
26.38300	1508.00000
26.38800	1582.00000
26.39300	1602.00000
26.39800	1657.00000
26.40300	1686.00000
26.40800	1673.00000
26.41300	1740.00000
26.41800	1832.00000
26.42300	1845.00000
26.42800	1858.00000
26.43300	1902.00000
26.43800	1927.00000
26.44300	1957.00000
26.44800	1992.00000
26.45300	2063.00000
26.45800	2085.00000
26.46300	2091.00000
26.46800	2127.00000
26.47300	2136.00000
26.47800	2208.00000
26.48300	2300.00000
26.48800	2390.00000
26.49300	2421.00000
26.49800	2434.00000
26.50300	2484.00000
26.50800	2546.00000
26.51300	2628.00000
26.51800	2680.00000
26.52300	2786.00000
26.52800	2857.00000
26.53300	2905.00000
26.53800	2870.00000
26.54300	2819.00000
26.54800	2792.00000
26.55300	2793.00000
26.55800	2783.00000
26.56300	2661.00000
26.56800	2580.00000
26.57300	2550.00000
26.57800	2485.00000
26.58300	2415.00000
26.58800	2395.00000
26.59300	2392.00000
26.59800	2332.00000
26.60300	2261.00000
26.60800	2243.00000
26.61300	2259.00000
26.61800	2169.00000
26.62300	2071.00000
26.62800	2043.00000
26.63300	2070.00000
26.63800	2111.00000
26.64300	2140.00000
26.64800	2163.00000
26.65300	2132.00000
26.65800	2131.00000
26.66300	2185.00000
26.66800	2228.00000
26.67300	2231.00000
26.67800	2295.00000
26.68300	2389.00000
26.68800	2391.00000
26.69300	2442.00000
26.69800	2525.00000
26.70300	2595.00000
26.70800	2626.00000
26.71300	2700.00000
26.71800	2757.00000
26.72300	2838.00000
26.72800	2878.00000
26.73300	2807.00000
26.73800	2800.00000
26.74300	2823.00000
26.74800	2841.00000
26.75300	2837.00000
26.75800	2868.00000
26.76300	2820.00000
26.76800	2782.00000
26.77300	2709.00000
26.77800	2633.00000
26.78300	2549.00000
26.78800	2464.00000
26.79300	2317.00000
26.79800	2172.00000
26.80300	2087.00000
26.80800	1955.00000
26.81300	1848.00000
26.81800	1805.00000
26.82300	1748.00000
26.82800	1691.00000
26.83300	1590.00000
26.83800	1476.00000
26.84300	1391.00000
26.84800	1385.00000
26.85300	1377.00000
26.85800	1315.00000
26.86300	1251.00000
26.86800	1233.00000
26.87300	1229.00000
26.87800	1213.00000
26.88300	1214.00000
26.88800	1219.00000
26.89300	1195.00000
26.89800	1161.00000
26.90300	1156.00000
26.90800	1168.00000
26.91300	1143.00000
26.91800	1113.00000
26.92300	1123.00000
26.92800	1097.00000
26.93300	1077.00000
26.93800	1057.00000
26.94300	1046.00000
26.94800	1031.00000
26.95300	1051.00000
26.95800	1073.00000
26.96300	1073.00000
26.96800	1063.00000
26.97300	1059.00000
26.97800	1050.00000
26.98300	1016.00000
26.98800	962.00000
26.99300	945.00000
26.99800	972.00000
27.00300	1000.00000
27.00800	1003.00000
27.01300	994.00000
27.01800	1003.00000
27.02300	992.00000
27.02800	1005.00000
27.03300	1050.00000
27.03800	1047.00000
27.04300	1012.00000
27.04800	1018.00000
27.05300	1021.00000
27.05800	1002.00000
27.06300	980.00000
27.06800	978.00000
27.07300	987.00000
27.07800	983.00000
27.08300	972.00000
27.08800	985.00000
27.09300	1001.00000
27.09800	983.00000
27.10300	1006.00000
27.10800	1004.00000
27.11300	970.00000
27.11800	973.00000
27.12300	977.00000
27.12800	962.00000
27.13300	965.00000
27.13800	975.00000
27.14300	952.00000
27.14800	938.00000
27.15300	968.00000
27.15800	976.00000
27.16300	959.00000
27.16800	945.00000
27.17300	939.00000
27.17800	961.00000
27.18300	989.00000
27.18800	1010.00000
27.19300	1002.00000
27.19800	976.00000
27.20300	977.00000
27.20800	989.00000
27.21300	997.00000
27.21800	1001.00000
27.22300	981.00000
27.22800	974.00000
27.23300	1020.00000
27.23800	1038.00000
27.24300	1008.00000
27.24800	1001.00000
27.25300	1021.00000
27.25800	1009.00000
27.26300	975.00000
27.26800	971.00000
27.27300	1010.00000
27.27800	1048.00000
27.28300	1008.00000
27.28800	980.00000
27.29300	1004.00000
27.29800	1021.00000
27.30300	1020.00000
27.30800	994.00000
27.31300	957.00000
27.31800	954.00000
27.32300	973.00000
27.32800	967.00000
27.33300	1014.00000
27.33800	1057.00000
27.34300	1060.00000
27.34800	1097.00000
27.35300	1098.00000
27.35800	1091.00000
27.36300	1112.00000
27.36800	1085.00000
27.37300	1033.00000
27.37800	1028.00000
27.38300	1059.00000
27.38800	1057.00000
27.39300	1039.00000
27.39800	1036.00000
27.40300	1046.00000
27.40800	1054.00000
27.41300	1078.00000
27.41800	1119.00000
27.42300	1145.00000
27.42800	1136.00000
27.43300	1114.00000
27.43800	1068.00000
27.44300	1060.00000
27.44800	1114.00000
27.45300	1145.00000
27.45800	1146.00000
27.46300	1153.00000
27.46800	1204.00000
27.47300	1248.00000
27.47800	1258.00000
27.48300	1261.00000
27.48800	1245.00000
27.49300	1261.00000
27.49800	1289.00000
27.50300	1327.00000
27.50800	1334.00000
27.51300	1293.00000
27.51800	1279.00000
27.52300	1321.00000
27.52800	1360.00000
27.53300	1350.00000
27.53800	1377.00000
27.54300	1397.00000
27.54800	1401.00000
27.55300	1416.00000
27.55800	1401.00000
27.56300	1402.00000
27.56800	1404.00000
27.57300	1399.00000
27.57800	1407.00000
27.58300	1439.00000
27.58800	1447.00000
27.59300	1399.00000
27.59800	1357.00000
27.60300	1391.00000
27.60800	1408.00000
27.61300	1372.00000
27.61800	1375.00000
27.62300	1359.00000
27.62800	1319.00000
27.63300	1289.00000
27.63800	1249.00000
27.64300	1233.00000
27.64800	1250.00000
27.65300	1264.00000
27.65800	1278.00000
27.66300	1292.00000
27.66800	1278.00000
27.67300	1230.00000
27.67800	1205.00000
27.68300	1232.00000
27.68800	1295.00000
27.69300	1338.00000
27.69800	1346.00000
27.70300	1349.00000
27.70800	1320.00000
27.71300	1307.00000
27.71800	1350.00000
27.72300	1414.00000
27.72800	1440.00000
27.73300	1450.00000
27.73800	1412.00000
27.74300	1405.00000
27.74800	1414.00000
27.75300	1454.00000
27.75800	1516.00000
27.76300	1559.00000
27.76800	1537.00000
27.77300	1541.00000
27.77800	1575.00000
27.78300	1610.00000
27.78800	1676.00000
27.79300	1716.00000
27.79800	1791.00000
27.80300	1885.00000
27.80800	1908.00000
27.81300	1877.00000
27.81800	1918.00000
27.82300	2023.00000
27.82800	2076.00000
27.83300	2116.00000
27.83800	2132.00000
27.84300	2139.00000
27.84800	2133.00000
27.85300	2128.00000
27.85800	2093.00000
27.86300	2042.00000
27.86800	2033.00000
27.87300	2007.00000
27.87800	1986.00000
27.88300	1994.00000
27.88800	2046.00000
27.89300	1958.00000
27.89800	1870.00000
27.90300	1835.00000
27.90800	1761.00000
27.91300	1635.00000
27.91800	1567.00000
27.92300	1580.00000
27.92800	1601.00000
27.93300	1545.00000
27.93800	1524.00000
27.94300	1559.00000
27.94800	1578.00000
27.95300	1579.00000
27.95800	1564.00000
27.96300	1603.00000
27.96800	1642.00000
27.97300	1615.00000
27.97800	1618.00000
27.98300	1654.00000
27.98800	1653.00000
27.99300	1670.00000
27.99800	1695.00000
28.00300	1723.00000
28.00800	1791.00000
28.01300	1866.00000
28.01800	1858.00000
28.02300	1839.00000
28.02800	1900.00000
28.03300	1906.00000
28.03800	2006.00000
28.04300	2106.00000
28.04800	2165.00000
28.05300	2186.00000
28.05800	2249.00000
28.06300	2331.00000
28.06800	2434.00000
28.07300	2496.00000
28.07800	2522.00000
28.08300	2540.00000
28.08800	2682.00000
28.09300	2743.00000
28.09800	2847.00000
28.10300	2929.00000
28.10800	2978.00000
28.11300	2972.00000
28.11800	3060.00000
28.12300	3054.00000
28.12800	3016.00000
28.13300	2922.00000
28.13800	2838.00000
28.14300	2772.00000
28.14800	2669.00000
28.15300	2618.00000
28.15800	2512.00000
28.16300	2458.00000
28.16800	2320.00000
28.17300	2189.00000
28.17800	2129.00000
28.18300	2035.00000
28.18800	1931.00000
28.19300	1927.00000
28.19800	1848.00000
28.20300	1742.00000
28.20800	1671.00000
28.21300	1667.00000
28.21800	1566.00000
28.22300	1507.00000
28.22800	1469.00000
28.23300	1407.00000
28.23800	1353.00000
28.24300	1351.00000
28.24800	1376.00000
28.25300	1417.00000
28.25800	1379.00000
28.26300	1386.00000
28.26800	1376.00000
28.27300	1349.00000
28.27800	1261.00000
28.28300	1270.00000
28.28800	1298.00000
28.29300	1332.00000
28.29800	1317.00000
28.30300	1350.00000
28.30800	1355.00000
28.31300	1377.00000
28.31800	1357.00000
28.32300	1333.00000
28.32800	1372.00000
28.33300	1387.00000
28.33800	1466.00000
28.34300	1536.00000
28.34800	1536.00000
28.35300	1592.00000
28.35800	1600.00000
28.36300	1600.00000
28.36800	1633.00000
28.37300	1642.00000
28.37800	1680.00000
28.38300	1700.00000
28.38800	1717.00000
28.39300	1727.00000
28.39800	1701.00000
28.40300	1709.00000
28.40800	1792.00000
28.41300	1834.00000
28.41800	1877.00000
28.42300	1902.00000
28.42800	1961.00000
28.43300	1985.00000
28.43800	1971.00000
28.44300	1945.00000
28.44800	1887.00000
28.45300	1874.00000
28.45800	1897.00000
28.46300	1914.00000
28.46800	1965.00000
28.47300	1969.00000
28.47800	1982.00000
28.48300	2032.00000
28.48800	1978.00000
28.49300	1955.00000
28.49800	1955.00000
28.50300	1902.00000
28.50800	1881.00000
28.51300	1888.00000
28.51800	1869.00000
28.52300	1815.00000
28.52800	1823.00000
28.53300	1780.00000
28.53800	1736.00000
28.54300	1701.00000
28.54800	1701.00000
28.55300	1690.00000
28.55800	1599.00000
28.56300	1580.00000
28.56800	1603.00000
28.57300	1598.00000
28.57800	1627.00000
28.58300	1610.00000
28.58800	1567.00000
28.59300	1594.00000
28.59800	1571.00000
28.60300	1609.00000
28.60800	1568.00000
28.61300	1608.00000
28.61800	1657.00000
28.62300	1583.00000
28.62800	1613.00000
28.63300	1640.00000
28.63800	1603.00000
28.64300	1597.00000
28.64800	1579.00000
28.65300	1543.00000
28.65800	1562.00000
28.66300	1553.00000
28.66800	1462.00000
28.67300	1449.00000
28.67800	1409.00000
28.68300	1335.00000
28.68800	1304.00000
28.69300	1339.00000
28.69800	1398.00000
28.70300	1375.00000
28.70800	1292.00000
28.71300	1295.00000
28.71800	1238.00000
28.72300	1231.00000
28.72800	1257.00000
28.73300	1252.00000
28.73800	1209.00000
28.74300	1207.00000
28.74800	1145.00000
28.75300	1069.00000
28.75800	1105.00000
28.76300	1083.00000
28.76800	1092.00000
28.77300	1034.00000
28.77800	1049.00000
28.78300	1062.00000
28.78800	1085.00000
28.79300	1063.00000
28.79800	1055.00000
28.80300	1103.00000
28.80800	1073.00000
28.81300	1068.00000
28.81800	1089.00000
28.82300	1072.00000
28.82800	1025.00000
28.83300	981.00000
28.83800	975.00000
28.84300	1026.00000
28.84800	1030.00000
28.85300	1037.00000
28.85800	990.00000
28.86300	1031.00000
28.86800	1048.00000
28.87300	981.00000
28.87800	1008.00000
28.88300	976.00000
28.88800	1060.00000
28.89300	1072.00000
28.89800	1001.00000
28.90300	1021.00000
28.90800	1038.00000
28.91300	1120.00000
28.91800	1113.00000
28.92300	1138.00000
28.92800	1127.00000
28.93300	1143.00000
28.93800	1136.00000
28.94300	1167.00000
28.94800	1136.00000
28.95300	1161.00000
28.95800	1225.00000
28.96300	1163.00000
28.96800	1143.00000
28.97300	1133.00000
28.97800	1170.00000
28.98300	1153.00000
28.98800	1218.00000
28.99300	1267.00000
28.99800	1188.00000
29.00300	1172.00000
29.00800	1142.00000
29.01300	1161.00000
29.01800	1229.00000
29.02300	1263.00000
29.02800	1244.00000
29.03300	1280.00000
29.03800	1284.00000
29.04300	1222.00000
29.04800	1210.00000
29.05300	1290.00000
29.05800	1354.00000
29.06300	1402.00000
29.06800	1358.00000
29.07300	1294.00000
29.07800	1312.00000
29.08300	1270.00000
29.08800	1282.00000
29.09300	1263.00000
29.09800	1189.00000
29.10300	1211.00000
29.10800	1245.00000
29.11300	1218.00000
29.11800	1222.00000
29.12300	1165.00000
29.12800	1182.00000
29.13300	1153.00000
29.13800	1099.00000
29.14300	1111.00000
29.14800	1104.00000
29.15300	1078.00000
29.15800	1108.00000
29.16300	1127.00000
29.16800	1104.00000
29.17300	1073.00000
29.17800	1050.00000
29.18300	1069.00000
29.18800	1083.00000
29.19300	1109.00000
29.19800	1131.00000
29.20300	1162.00000
29.20800	1166.00000
29.21300	1144.00000
29.21800	1137.00000
29.22300	1157.00000
29.22800	1171.00000
29.23300	1190.00000
29.23800	1170.00000
29.24300	1168.00000
29.24800	1186.00000
29.25300	1181.00000
29.25800	1217.00000
29.26300	1255.00000
29.26800	1263.00000
29.27300	1235.00000
29.27800	1191.00000
29.28300	1182.00000
29.28800	1179.00000
29.29300	1213.00000
29.29800	1248.00000
29.30300	1265.00000
29.30800	1260.00000
29.31300	1229.00000
29.31800	1191.00000
29.32300	1224.00000
29.32800	1255.00000
29.33300	1251.00000
29.33800	1290.00000
29.34300	1295.00000
29.34800	1301.00000
29.35300	1308.00000
29.35800	1284.00000
29.36300	1261.00000
29.36800	1304.00000
29.37300	1243.00000
29.37800	1262.00000
29.38300	1212.00000
29.38800	1243.00000
29.39300	1274.00000
29.39800	1255.00000
29.40300	1242.00000
29.40800	1220.00000
29.41300	1249.00000
29.41800	1238.00000
29.42300	1219.00000
29.42800	1228.00000
29.43300	1254.00000
29.43800	1261.00000
29.44300	1285.00000
29.44800	1251.00000
29.45300	1241.00000
29.45800	1236.00000
29.46300	1253.00000
29.46800	1246.00000
29.47300	1308.00000
29.47800	1342.00000
29.48300	1312.00000
29.48800	1321.00000
29.49300	1344.00000
29.49800	1378.00000
29.50300	1397.00000
29.50800	1408.00000
29.51300	1494.00000
29.51800	1557.00000
29.52300	1587.00000
29.52800	1584.00000
29.53300	1586.00000
29.53800	1632.00000
29.54300	1661.00000
29.54800	1733.00000
29.55300	1782.00000
29.55800	1876.00000
29.56300	1896.00000
29.56800	1852.00000
29.57300	1890.00000
29.57800	1918.00000
29.58300	1954.00000
29.58800	2025.00000
29.59300	2084.00000
29.59800	2196.00000
29.60300	2309.00000
29.60800	2374.00000
29.61300	2458.00000
29.61800	2556.00000
29.62300	2581.00000
29.62800	2607.00000
29.63300	2609.00000
29.63800	2595.00000
29.64300	2569.00000
29.64800	2605.00000
29.65300	2661.00000
29.65800	2639.00000
29.66300	2573.00000
29.66800	2526.00000
29.67300	2483.00000
29.67800	2458.00000
29.68300	2392.00000
29.68800	2310.00000
29.69300	2220.00000
29.69800	2112.00000
29.70300	2032.00000
29.70800	1957.00000
29.71300	1858.00000
29.71800	1822.00000
29.72300	1772.00000
29.72800	1736.00000
29.73300	1687.00000
29.73800	1550.00000
29.74300	1472.00000
29.74800	1455.00000
29.75300	1454.00000
29.75800	1424.00000
29.76300	1408.00000
29.76800	1397.00000
29.77300	1383.00000
29.77800	1369.00000
29.78300	1412.00000
29.78800	1444.00000
29.79300	1424.00000
29.79800	1428.00000
29.80300	1451.00000
29.80800	1459.00000
29.81300	1425.00000
29.81800	1403.00000
29.82300	1441.00000
29.82800	1465.00000
29.83300	1467.00000
29.83800	1450.00000
29.84300	1446.00000
29.84800	1454.00000
29.85300	1447.00000
29.85800	1430.00000
29.86300	1445.00000
29.86800	1453.00000
29.87300	1428.00000
29.87800	1426.00000
29.88300	1456.00000
29.88800	1446.00000
29.89300	1394.00000
29.89800	1342.00000
29.90300	1316.00000
29.90800	1323.00000
29.91300	1322.00000
29.91800	1292.00000
29.92300	1247.00000
29.92800	1233.00000
29.93300	1265.00000
29.93800	1282.00000
29.94300	1282.00000
29.94800	1285.00000
29.95300	1285.00000
29.95800	1286.00000
29.96300	1287.00000
29.96800	1272.00000
29.97300	1277.00000
29.97800	1340.00000
29.98300	1393.00000
29.98800	1410.00000
29.99300	1421.00000
29.99800	1410.00000
30.00300	1421.00000
30.00800	1448.00000
30.01300	1483.00000
30.01800	1538.00000
30.02300	1566.00000
30.02800	1580.00000
30.03300	1555.00000
30.03800	1560.00000
30.04300	1601.00000
30.04800	1627.00000
30.05300	1669.00000
30.05800	1738.00000
30.06300	1817.00000
30.06800	1873.00000
30.07300	1894.00000
30.07800	1896.00000
30.08300	1897.00000
30.08800	1966.00000
30.09300	2041.00000
30.09800	2072.00000
30.10300	2137.00000
30.10800	2201.00000
30.11300	2213.00000
30.11800	2154.00000
30.12300	2096.00000
30.12800	2085.00000
30.13300	2070.00000
30.13800	2056.00000
30.14300	2073.00000
30.14800	2056.00000
30.15300	1963.00000
30.15800	1854.00000
30.16300	1786.00000
30.16800	1716.00000
30.17300	1639.00000
30.17800	1589.00000
30.18300	1554.00000
30.18800	1479.00000
30.19300	1396.00000
30.19800	1338.00000
30.20300	1322.00000
30.20800	1314.00000
30.21300	1278.00000
30.21800	1267.00000
30.22300	1249.00000
30.22800	1198.00000
30.23300	1151.00000
30.23800	1120.00000
30.24300	1061.00000
30.24800	1016.00000
30.25300	997.00000
30.25800	1004.00000
30.26300	1016.00000
30.26800	1045.00000
30.27300	1058.00000
30.27800	1062.00000
30.28300	1065.00000
30.28800	1057.00000
30.29300	998.00000
30.29800	944.00000
30.30300	950.00000
30.30800	964.00000
30.31300	965.00000
30.31800	985.00000
30.32300	1004.00000
30.32800	988.00000
30.33300	985.00000
30.33800	994.00000
30.34300	1015.00000
30.34800	1014.00000
30.35300	997.00000
30.35800	992.00000
30.36300	1005.00000
30.36800	1011.00000
30.37300	980.00000
30.37800	973.00000
30.38300	974.00000
30.38800	961.00000
30.39300	961.00000
30.39800	971.00000
30.40300	967.00000
30.40800	936.00000
30.41300	946.00000
30.41800	947.00000
30.42300	965.00000
30.42800	982.00000
30.43300	979.00000
30.43800	959.00000
30.44300	957.00000
30.44800	957.00000
30.45300	967.00000
30.45800	948.00000
30.46300	925.00000
30.46800	971.00000
30.47300	1000.00000
30.47800	980.00000
30.48300	956.00000
30.48800	944.00000
30.49300	936.00000
30.49800	920.00000
30.50300	882.00000
30.50800	895.00000
30.51300	923.00000
30.51800	952.00000
30.52300	953.00000
30.52800	958.00000
30.53300	969.00000
30.53800	1000.00000
30.54300	1052.00000
30.54800	1064.00000
30.55300	1053.00000
30.55800	1023.00000
30.56300	1029.00000
30.56800	1042.00000
30.57300	1005.00000
30.57800	973.00000
30.58300	993.00000
30.58800	1002.00000
30.59300	973.00000
30.59800	981.00000
30.60300	1034.00000
30.60800	1051.00000
30.61300	1058.00000
30.61800	1019.00000
30.62300	1004.00000
30.62800	980.00000
30.63300	963.00000
30.63800	964.00000
30.64300	960.00000
30.64800	942.00000
30.65300	933.00000
30.65800	951.00000
30.66300	972.00000
30.66800	970.00000
30.67300	960.00000
30.67800	946.00000
30.68300	940.00000
30.68800	958.00000
30.69300	979.00000
30.69800	995.00000
30.70300	1026.00000
30.70800	1036.00000
30.71300	983.00000
30.71800	972.00000
30.72300	978.00000
30.72800	986.00000
30.73300	979.00000
30.73800	987.00000
30.74300	1022.00000
30.74800	999.00000
30.75300	1022.00000
30.75800	1032.00000
30.76300	1001.00000
30.76800	976.00000
30.77300	965.00000
30.77800	949.00000
30.78300	997.00000
30.78800	1027.00000
30.79300	994.00000
30.79800	930.00000
30.80300	945.00000
30.80800	1007.00000
30.81300	994.00000
30.81800	975.00000
30.82300	948.00000
30.82800	944.00000
30.83300	937.00000
30.83800	946.00000
30.84300	960.00000
30.84800	946.00000
30.85300	935.00000
30.85800	973.00000
30.86300	979.00000
30.86800	956.00000
30.87300	949.00000
30.87800	969.00000
30.88300	970.00000
30.88800	940.00000
30.89300	960.00000
30.89800	1015.00000
30.90300	1038.00000
30.90800	1067.00000
30.91300	1005.00000
30.91800	994.00000
30.92300	994.00000
30.92800	1020.00000
30.93300	1030.00000
30.93800	995.00000
30.94300	982.00000
30.94800	985.00000
30.95300	1022.00000
30.95800	1007.00000
30.96300	970.00000
30.96800	947.00000
30.97300	988.00000
30.97800	1035.00000
30.98300	1048.00000
30.98800	1032.00000
30.99300	992.00000
30.99800	941.00000
31.00300	937.00000
31.00800	976.00000
31.01300	1002.00000
31.01800	962.00000
31.02300	993.00000
31.02800	1033.00000
31.03300	1052.00000
31.03800	1058.00000
31.04300	1067.00000
31.04800	1098.00000
31.05300	1118.00000
31.05800	1092.00000
31.06300	1074.00000
31.06800	1049.00000
31.07300	1105.00000
31.07800	1099.00000
31.08300	1066.00000
31.08800	1069.00000
31.09300	1109.00000
31.09800	1162.00000
31.10300	1152.00000
31.10800	1202.00000
31.11300	1255.00000
31.11800	1255.00000
31.12300	1203.00000
31.12800	1155.00000
31.13300	1186.00000
31.13800	1222.00000
31.14300	1243.00000
31.14800	1259.00000
31.15300	1284.00000
31.15800	1262.00000
31.16300	1252.00000
31.16800	1262.00000
31.17300	1277.00000
31.17800	1308.00000
31.18300	1320.00000
31.18800	1326.00000
31.19300	1325.00000
31.19800	1391.00000
31.20300	1400.00000
31.20800	1371.00000
31.21300	1380.00000
31.21800	1402.00000
31.22300	1375.00000
31.22800	1290.00000
31.23300	1208.00000
31.23800	1187.00000
31.24300	1184.00000
31.24800	1161.00000
31.25300	1154.00000
31.25800	1139.00000
31.26300	1154.00000
31.26800	1178.00000
31.27300	1172.00000
31.27800	1164.00000
31.28300	1141.00000
31.28800	1145.00000
31.29300	1160.00000
31.29800	1178.00000
31.30300	1134.00000
31.30800	1137.00000
31.31300	1145.00000
31.31800	1165.00000
31.32300	1189.00000
31.32800	1179.00000
31.33300	1132.00000
31.33800	1075.00000
31.34300	1075.00000
31.34800	1067.00000
31.35300	1123.00000
31.35800	1159.00000
31.36300	1154.00000
31.36800	1164.00000
31.37300	1175.00000
31.37800	1199.00000
31.38300	1203.00000
31.38800	1231.00000
31.39300	1231.00000
31.39800	1207.00000
31.40300	1195.00000
31.40800	1226.00000
31.41300	1269.00000
31.41800	1316.00000
31.42300	1373.00000
31.42800	1360.00000
31.43300	1324.00000
31.43800	1305.00000
31.44300	1344.00000
31.44800	1387.00000
31.45300	1380.00000
31.45800	1367.00000
31.46300	1384.00000
31.46800	1402.00000
31.47300	1441.00000
31.47800	1517.00000
31.48300	1593.00000
31.48800	1676.00000
31.49300	1674.00000
31.49800	1664.00000
31.50300	1725.00000
31.50800	1775.00000
31.51300	1815.00000
31.51800	1881.00000
31.52300	1919.00000
31.52800	2001.00000
31.53300	2027.00000
31.53800	2064.00000
31.54300	2146.00000
31.54800	2174.00000
31.55300	2181.00000
31.55800	2203.00000
31.56300	2307.00000
31.56800	2401.00000
31.57300	2409.00000
31.57800	2530.00000
31.58300	2732.00000
31.58800	2758.00000
31.59300	2748.00000
31.59800	2788.00000
31.60300	2860.00000
31.60800	3023.00000
31.61300	3152.00000
31.61800	3288.00000
31.62300	3338.00000
31.62800	3403.00000
31.63300	3412.00000
31.63800	3414.00000
31.64300	3455.00000
31.64800	3550.00000
31.65300	3547.00000
31.65800	3602.00000
31.66300	3591.00000
31.66800	3595.00000
31.67300	3639.00000
31.67800	3687.00000
31.68300	3706.00000
31.68800	3730.00000
31.69300	3753.00000
31.69800	3772.00000
31.70300	3776.00000
31.70800	3780.00000
31.71300	3812.00000
31.71800	3892.00000
31.72300	4006.00000
31.72800	4033.00000
31.73300	4117.00000
31.73800	4172.00000
31.74300	4169.00000
31.74800	4269.00000
31.75300	4305.00000
31.75800	4266.00000
31.76300	4211.00000
31.76800	4183.00000
31.77300	4259.00000
31.77800	4273.00000
31.78300	4181.00000
31.78800	4095.00000
31.79300	4028.00000
31.79800	3927.00000
31.80300	3850.00000
31.80800	3721.00000
31.81300	3589.00000
31.81800	3414.00000
31.82300	3320.00000
31.82800	3216.00000
31.83300	3066.00000
31.83800	2865.00000
31.84300	2705.00000
31.84800	2595.00000
31.85300	2531.00000
31.85800	2414.00000
31.86300	2276.00000
31.86800	2195.00000
31.87300	2090.00000
31.87800	1992.00000
31.88300	1922.00000
31.88800	1831.00000
31.89300	1761.00000
31.89800	1701.00000
31.90300	1633.00000
31.90800	1562.00000
31.91300	1505.00000
31.91800	1540.00000
31.92300	1537.00000
31.92800	1423.00000
31.93300	1419.00000
31.93800	1418.00000
31.94300	1396.00000
31.94800	1365.00000
31.95300	1330.00000
31.95800	1307.00000
31.96300	1297.00000
31.96800	1243.00000
31.97300	1277.00000
31.97800	1303.00000
31.98300	1282.00000
31.98800	1265.00000
31.99300	1257.00000
31.99800	1225.00000
32.00300	1212.00000
32.00800	1172.00000
32.01300	1175.00000
32.01800	1165.00000
32.02300	1169.00000
32.02800	1188.00000
32.03300	1125.00000
32.03800	1098.00000
32.04300	1114.00000
32.04800	1139.00000
32.05300	1131.00000
32.05800	1154.00000
32.06300	1160.00000
32.06800	1152.00000
32.07300	1182.00000
32.07800	1182.00000
32.08300	1211.00000
32.08800	1182.00000
32.09300	1169.00000
32.09800	1193.00000
32.10300	1228.00000
32.10800	1218.00000
32.11300	1222.00000
32.11800	1239.00000
32.12300	1250.00000
32.12800	1245.00000
32.13300	1246.00000
32.13800	1202.00000
32.14300	1278.00000
32.14800	1320.00000
32.15300	1348.00000
32.15800	1406.00000
32.16300	1442.00000
32.16800	1451.00000
32.17300	1489.00000
32.17800	1489.00000
32.18300	1487.00000
32.18800	1516.00000
32.19300	1544.00000
32.19800	1580.00000
32.20300	1546.00000
32.20800	1619.00000
32.21300	1618.00000
32.21800	1649.00000
32.22300	1679.00000
32.22800	1740.00000
32.23300	1808.00000
32.23800	1861.00000
32.24300	1880.00000
32.24800	1975.00000
32.25300	2016.00000
32.25800	1994.00000
32.26300	2115.00000
32.26800	2179.00000
32.27300	2221.00000
32.27800	2323.00000
32.28300	2431.00000
32.28800	2411.00000
32.29300	2589.00000
32.29800	2642.00000
32.30300	2762.00000
32.30800	2868.00000
32.31300	2860.00000
32.31800	2885.00000
32.32300	2947.00000
32.32800	2913.00000
32.33300	2982.00000
32.33800	2941.00000
32.34300	2924.00000
32.34800	2903.00000
32.35300	2874.00000
32.35800	2915.00000
32.36300	2936.00000
32.36800	2875.00000
32.37300	2738.00000
32.37800	2566.00000
32.38300	2413.00000
32.38800	2313.00000
32.39300	2228.00000
32.39800	2175.00000
32.40300	2032.00000
32.40800	1907.00000
32.41300	1908.00000
32.41800	1850.00000
32.42300	1728.00000
32.42800	1647.00000
32.43300	1648.00000
32.43800	1634.00000
32.44300	1561.00000
32.44800	1528.00000
32.45300	1514.00000
32.45800	1497.00000
32.46300	1419.00000
32.46800	1389.00000
32.47300	1390.00000
32.47800	1309.00000
32.48300	1321.00000
32.48800	1325.00000
32.49300	1315.00000
32.49800	1331.00000
32.50300	1354.00000
32.50800	1345.00000
32.51300	1352.00000
32.51800	1339.00000
32.52300	1322.00000
32.52800	1324.00000
32.53300	1290.00000
32.53800	1328.00000
32.54300	1308.00000
32.54800	1317.00000
32.55300	1381.00000
32.55800	1388.00000
32.56300	1360.00000
32.56800	1359.00000
32.57300	1433.00000
32.57800	1440.00000
32.58300	1417.00000
32.58800	1403.00000
32.59300	1368.00000
32.59800	1394.00000
32.60300	1467.00000
32.60800	1487.00000
32.61300	1525.00000
32.61800	1580.00000
32.62300	1620.00000
32.62800	1630.00000
32.63300	1669.00000
32.63800	1616.00000
32.64300	1598.00000
32.64800	1682.00000
32.65300	1741.00000
32.65800	1814.00000
32.66300	1761.00000
32.66800	1760.00000
32.67300	1756.00000
32.67800	1774.00000
32.68300	1798.00000
32.68800	1824.00000
32.69300	1849.00000
32.69800	1836.00000
32.70300	1860.00000
32.70800	1872.00000
32.71300	1859.00000
32.71800	1846.00000
32.72300	1843.00000
32.72800	1863.00000
32.73300	1860.00000
32.73800	1908.00000
32.74300	1985.00000
32.74800	1954.00000
32.75300	1873.00000
32.75800	1845.00000
32.76300	1764.00000
32.76800	1682.00000
32.77300	1739.00000
32.77800	1696.00000
32.78300	1574.00000
32.78800	1527.00000
32.79300	1521.00000
32.79800	1429.00000
32.80300	1413.00000
32.80800	1388.00000
32.81300	1319.00000
32.81800	1299.00000
32.82300	1324.00000
32.82800	1321.00000
32.83300	1311.00000
32.83800	1318.00000
32.84300	1337.00000
32.84800	1314.00000
32.85300	1294.00000
32.85800	1274.00000
32.86300	1294.00000
32.86800	1326.00000
32.87300	1350.00000
32.87800	1357.00000
32.88300	1357.00000
32.88800	1347.00000
32.89300	1311.00000
32.89800	1351.00000
32.90300	1382.00000
32.90800	1400.00000
32.91300	1413.00000
32.91800	1389.00000
32.92300	1338.00000
32.92800	1358.00000
32.93300	1380.00000
32.93800	1407.00000
32.94300	1471.00000
32.94800	1523.00000
32.95300	1548.00000
32.95800	1590.00000
32.96300	1549.00000
32.96800	1534.00000
32.97300	1596.00000
32.97800	1622.00000
32.98300	1651.00000
32.98800	1709.00000
32.99300	1711.00000
32.99800	1711.00000
33.00300	1740.00000
33.00800	1784.00000
33.01300	1773.00000
33.01800	1744.00000
33.02300	1711.00000
33.02800	1656.00000
33.03300	1685.00000
33.03800	1667.00000
33.04300	1628.00000
33.04800	1600.00000
33.05300	1544.00000
33.05800	1543.00000
33.06300	1585.00000
33.06800	1559.00000
33.07300	1546.00000
33.07800	1461.00000
33.08300	1393.00000
33.08800	1361.00000
33.09300	1310.00000
33.09800	1296.00000
33.10300	1273.00000
33.10800	1239.00000
33.11300	1232.00000
33.11800	1216.00000
33.12300	1217.00000
33.12800	1201.00000
33.13300	1184.00000
33.13800	1172.00000
33.14300	1118.00000
33.14800	1116.00000
33.15300	1140.00000
33.15800	1121.00000
33.16300	1098.00000
33.16800	1114.00000
33.17300	1118.00000
33.17800	1066.00000
33.18300	1056.00000
33.18800	1078.00000
33.19300	1056.00000
33.19800	1052.00000
33.20300	996.00000
33.20800	949.00000
33.21300	947.00000
33.21800	981.00000
33.22300	1052.00000
33.22800	1065.00000
33.23300	1044.00000
33.23800	1029.00000
33.24300	972.00000
33.24800	975.00000
33.25300	970.00000
33.25800	991.00000
33.26300	976.00000
33.26800	965.00000
33.27300	963.00000
33.27800	986.00000
33.28300	948.00000
33.28800	928.00000
33.29300	930.00000
33.29800	946.00000
33.30300	970.00000
33.30800	985.00000
33.31300	974.00000
33.31800	928.00000
33.32300	891.00000
33.32800	883.00000
33.33300	874.00000
33.33800	895.00000
33.34300	937.00000
33.34800	933.00000
33.35300	929.00000
33.35800	958.00000
33.36300	951.00000
33.36800	965.00000
33.37300	992.00000
33.37800	990.00000
33.38300	1008.00000
33.38800	995.00000
33.39300	952.00000
33.39800	911.00000
33.40300	894.00000
33.40800	930.00000
33.41300	945.00000
33.41800	955.00000
33.42300	934.00000
33.42800	908.00000
33.43300	946.00000
33.43800	930.00000
33.44300	928.00000
33.44800	907.00000
33.45300	951.00000
33.45800	954.00000
33.46300	962.00000
33.46800	955.00000
33.47300	949.00000
33.47800	982.00000
33.48300	983.00000
33.48800	973.00000
33.49300	965.00000
33.49800	935.00000
33.50300	955.00000
33.50800	993.00000
33.51300	1025.00000
33.51800	1048.00000
33.52300	1062.00000
33.52800	1082.00000
33.53300	1086.00000
33.53800	1094.00000
33.54300	1051.00000
33.54800	1028.00000
33.55300	998.00000
33.55800	1040.00000
33.56300	1050.00000
33.56800	1079.00000
33.57300	1081.00000
33.57800	1068.00000
33.58300	1059.00000
33.58800	1090.00000
33.59300	1119.00000
33.59800	1105.00000
33.60300	1096.00000
33.60800	1082.00000
33.61300	1061.00000
33.61800	1073.00000
33.62300	1159.00000
33.62800	1185.00000
33.63300	1161.00000
33.63800	1150.00000
33.64300	1116.00000
33.64800	1157.00000
33.65300	1170.00000
33.65800	1230.00000
33.66300	1236.00000
33.66800	1259.00000
33.67300	1259.00000
33.67800	1303.00000
33.68300	1283.00000
33.68800	1313.00000
33.69300	1325.00000
33.69800	1291.00000
33.70300	1351.00000
33.70800	1398.00000
33.71300	1341.00000
33.71800	1344.00000
33.72300	1328.00000
33.72800	1337.00000
33.73300	1355.00000
33.73800	1332.00000
33.74300	1294.00000
33.74800	1296.00000
33.75300	1287.00000
33.75800	1300.00000
33.76300	1331.00000
33.76800	1241.00000
33.77300	1190.00000
33.77800	1161.00000
33.78300	1147.00000
33.78800	1140.00000
33.79300	1180.00000
33.79800	1224.00000
33.80300	1249.00000
33.80800	1272.00000
33.81300	1218.00000
33.81800	1182.00000
33.82300	1162.00000
33.82800	1174.00000
33.83300	1158.00000
33.83800	1160.00000
33.84300	1182.00000
33.84800	1193.00000
33.85300	1201.00000
33.85800	1198.00000
33.86300	1157.00000
33.86800	1151.00000
33.87300	1143.00000
33.87800	1213.00000
33.88300	1207.00000
33.88800	1180.00000
33.89300	1195.00000
33.89800	1225.00000
33.90300	1230.00000
33.90800	1244.00000
33.91300	1229.00000
33.91800	1222.00000
33.92300	1220.00000
33.92800	1168.00000
33.93300	1165.00000
33.93800	1161.00000
33.94300	1146.00000
33.94800	1171.00000
33.95300	1193.00000
33.95800	1166.00000
33.96300	1131.00000
33.96800	1112.00000
33.97300	1113.00000
33.97800	1141.00000
33.98300	1158.00000
33.98800	1141.00000
33.99300	1133.00000
33.99800	1145.00000
34.00300	1136.00000
34.00800	1125.00000
34.01300	1109.00000
34.01800	1115.00000
34.02300	1122.00000
34.02800	1147.00000
34.03300	1164.00000
34.03800	1178.00000
34.04300	1186.00000
34.04800	1189.00000
34.05300	1189.00000
34.05800	1188.00000
34.06300	1189.00000
34.06800	1210.00000
34.07300	1233.00000
34.07800	1214.00000
34.08300	1228.00000
34.08800	1261.00000
34.09300	1285.00000
34.09800	1282.00000
34.10300	1279.00000
34.10800	1287.00000
34.11300	1316.00000
34.11800	1321.00000
34.12300	1306.00000
34.12800	1314.00000
34.13300	1344.00000
34.13800	1354.00000
34.14300	1318.00000
34.14800	1290.00000
34.15300	1318.00000
34.15800	1357.00000
34.16300	1375.00000
34.16800	1366.00000
34.17300	1361.00000
34.17800	1356.00000
34.18300	1308.00000
34.18800	1267.00000
34.19300	1257.00000
34.19800	1267.00000
34.20300	1264.00000
34.20800	1286.00000
34.21300	1311.00000
34.21800	1257.00000
34.22300	1186.00000
34.22800	1132.00000
34.23300	1119.00000
34.23800	1097.00000
34.24300	1088.00000
34.24800	1093.00000
34.25300	1122.00000
34.25800	1098.00000
34.26300	1071.00000
34.26800	1069.00000
34.27300	1072.00000
34.27800	1081.00000
34.28300	1097.00000
34.28800	1112.00000
34.29300	1123.00000
34.29800	1134.00000
34.30300	1135.00000
34.30800	1128.00000
34.31300	1141.00000
34.31800	1134.00000
34.32300	1103.00000
34.32800	1075.00000
34.33300	1067.00000
34.33800	1073.00000
34.34300	1072.00000
34.34800	1088.00000
34.35300	1099.00000
34.35800	1088.00000
34.36300	1062.00000
34.36800	1062.00000
34.37300	1090.00000
34.37800	1138.00000
34.38300	1170.00000
34.38800	1193.00000
34.39300	1192.00000
34.39800	1179.00000
34.40300	1168.00000
34.40800	1195.00000
34.41300	1235.00000
34.41800	1262.00000
34.42300	1265.00000
34.42800	1285.00000
34.43300	1320.00000
34.43800	1329.00000
34.44300	1341.00000
34.44800	1308.00000
34.45300	1300.00000
34.45800	1275.00000
34.46300	1242.00000
34.46800	1245.00000
34.47300	1272.00000
34.47800	1281.00000
34.48300	1243.00000
34.48800	1250.00000
34.49300	1267.00000
34.49800	1265.00000
34.50300	1252.00000
34.50800	1262.00000
34.51300	1266.00000
34.51800	1237.00000
34.52300	1220.00000
34.52800	1209.00000
34.53300	1175.00000
34.53800	1189.00000
34.54300	1245.00000
34.54800	1304.00000
34.55300	1359.00000
34.55800	1355.00000
34.56300	1329.00000
34.56800	1311.00000
34.57300	1325.00000
34.57800	1331.00000
34.58300	1376.00000
34.58800	1389.00000
34.59300	1428.00000
34.59800	1468.00000
34.60300	1495.00000
34.60800	1502.00000
34.61300	1533.00000
34.61800	1574.00000
34.62300	1620.00000
34.62800	1657.00000
34.63300	1690.00000
34.63800	1702.00000
34.64300	1680.00000
34.64800	1728.00000
34.65300	1782.00000
34.65800	1827.00000
34.66300	1869.00000
34.66800	1913.00000
34.67300	2006.00000
34.67800	2088.00000
34.68300	2167.00000
34.68800	2248.00000
34.69300	2324.00000
34.69800	2374.00000
34.70300	2393.00000
34.70800	2411.00000
34.71300	2442.00000
34.71800	2578.00000
34.72300	2619.00000
34.72800	2609.00000
34.73300	2602.00000
34.73800	2630.00000
34.74300	2652.00000
34.74800	2673.00000
34.75300	2680.00000
34.75800	2648.00000
34.76300	2616.00000
34.76800	2579.00000
34.77300	2596.00000
34.77800	2704.00000
34.78300	2761.00000
34.78800	2754.00000
34.79300	2718.00000
34.79800	2701.00000
34.80300	2710.00000
34.80800	2753.00000
34.81300	2806.00000
34.81800	2892.00000
34.82300	2993.00000
34.82800	3019.00000
34.83300	3013.00000
34.83800	3021.00000
34.84300	2940.00000
34.84800	2909.00000
34.85300	2916.00000
34.85800	2864.00000
34.86300	2807.00000
34.86800	2723.00000
34.87300	2638.00000
34.87800	2595.00000
34.88300	2560.00000
34.88800	2488.00000
34.89300	2386.00000
34.89800	2307.00000
34.90300	2181.00000
34.90800	2087.00000
34.91300	2034.00000
34.91800	2001.00000
34.92300	2003.00000
34.92800	1990.00000
34.93300	1930.00000
34.93800	1840.00000
34.94300	1790.00000
34.94800	1761.00000
34.95300	1714.00000
34.95800	1710.00000
34.96300	1682.00000
34.96800	1673.00000
34.97300	1651.00000
34.97800	1608.00000
34.98300	1592.00000
34.98800	1552.00000
34.99300	1575.00000
34.99800	1620.00000
35.00300	1593.00000
35.00800	1594.00000
35.01300	1649.00000
35.01800	1654.00000
35.02300	1640.00000
35.02800	1656.00000
35.03300	1651.00000
35.03800	1627.00000
35.04300	1607.00000
35.04800	1622.00000
35.05300	1609.00000
35.05800	1569.00000
35.06300	1577.00000
35.06800	1611.00000
35.07300	1632.00000
35.07800	1636.00000
35.08300	1635.00000
35.08800	1619.00000
35.09300	1571.00000
35.09800	1534.00000
35.10300	1573.00000
35.10800	1618.00000
35.11300	1656.00000
35.11800	1631.00000
35.12300	1606.00000
35.12800	1655.00000
35.13300	1697.00000
35.13800	1683.00000
35.14300	1685.00000
35.14800	1707.00000
35.15300	1716.00000
35.15800	1720.00000
35.16300	1710.00000
35.16800	1736.00000
35.17300	1804.00000
35.17800	1830.00000
35.18300	1795.00000
35.18800	1762.00000
35.19300	1750.00000
35.19800	1698.00000
35.20300	1704.00000
35.20800	1727.00000
35.21300	1767.00000
35.21800	1777.00000
35.22300	1785.00000
35.22800	1854.00000
35.23300	1864.00000
35.23800	1855.00000
35.24300	1846.00000
35.24800	1838.00000
35.25300	1816.00000
35.25800	1808.00000
35.26300	1831.00000
35.26800	1882.00000
35.27300	1920.00000
35.27800	1897.00000
35.28300	1860.00000
35.28800	1833.00000
35.29300	1845.00000
35.29800	1858.00000
35.30300	1900.00000
35.30800	1915.00000
35.31300	1887.00000
35.31800	1873.00000
35.32300	1860.00000
35.32800	1909.00000
35.33300	1900.00000
35.33800	1793.00000
35.34300	1739.00000
35.34800	1750.00000
35.35300	1727.00000
35.35800	1676.00000
35.36300	1654.00000
35.36800	1647.00000
35.37300	1624.00000
35.37800	1623.00000
35.38300	1643.00000
35.38800	1591.00000
35.39300	1564.00000
35.39800	1557.00000
35.40300	1593.00000
35.40800	1589.00000
35.41300	1595.00000
35.41800	1630.00000
35.42300	1639.00000
35.42800	1669.00000
35.43300	1696.00000
35.43800	1727.00000
35.44300	1678.00000
35.44800	1705.00000
35.45300	1764.00000
35.45800	1801.00000
35.46300	1859.00000
35.46800	1877.00000
35.47300	1910.00000
35.47800	1938.00000
35.48300	1902.00000
35.48800	1966.00000
35.49300	1982.00000
35.49800	2000.00000
35.50300	2046.00000
35.50800	2120.00000
35.51300	2144.00000
35.51800	2201.00000
35.52300	2225.00000
35.52800	2221.00000
35.53300	2257.00000
35.53800	2281.00000
35.54300	2307.00000
35.54800	2285.00000
35.55300	2286.00000
35.55800	2237.00000
35.56300	2173.00000
35.56800	2106.00000
35.57300	2042.00000
35.57800	2024.00000
35.58300	2002.00000
35.58800	1916.00000
35.59300	1884.00000
35.59800	1874.00000
35.60300	1858.00000
35.60800	1794.00000
35.61300	1755.00000
35.61800	1714.00000
35.62300	1713.00000
35.62800	1720.00000
35.63300	1726.00000
35.63800	1679.00000
35.64300	1675.00000
35.64800	1591.00000
35.65300	1550.00000
35.65800	1570.00000
35.66300	1565.00000
35.66800	1543.00000
35.67300	1554.00000
35.67800	1564.00000
35.68300	1617.00000
35.68800	1562.00000
35.69300	1546.00000
35.69800	1599.00000
35.70300	1603.00000
35.70800	1592.00000
35.71300	1588.00000
35.71800	1606.00000
35.72300	1614.00000
35.72800	1595.00000
35.73300	1569.00000
35.73800	1547.00000
35.74300	1511.00000
35.74800	1518.00000
35.75300	1520.00000
35.75800	1495.00000
35.76300	1475.00000
35.76800	1441.00000
35.77300	1416.00000
35.77800	1420.00000
35.78300	1398.00000
35.78800	1350.00000
35.79300	1324.00000
35.79800	1288.00000
35.80300	1293.00000
35.80800	1277.00000
35.81300	1232.00000
35.81800	1226.00000
35.82300	1225.00000
35.82800	1229.00000
35.83300	1217.00000
35.83800	1178.00000
35.84300	1139.00000
35.84800	1140.00000
35.85300	1137.00000
35.85800	1126.00000
35.86300	1072.00000
35.86800	1062.00000
35.87300	1045.00000
35.87800	1051.00000
35.88300	1048.00000
35.88800	1015.00000
35.89300	1005.00000
35.89800	1035.00000
35.90300	1027.00000
35.90800	1027.00000
35.91300	1012.00000
35.91800	987.00000
35.92300	979.00000
35.92800	983.00000
35.93300	962.00000
35.93800	984.00000
35.94300	959.00000
35.94800	936.00000
35.95300	917.00000
35.95800	952.00000
35.96300	1002.00000
35.96800	991.00000
35.97300	1003.00000
35.97800	969.00000
35.98300	973.00000
35.98800	971.00000
35.99300	959.00000
35.99800	944.00000
36.00300	971.00000
36.00800	993.00000
36.01300	983.00000
36.01800	1008.00000
36.02300	1013.00000
36.02800	1042.00000
36.03300	1035.00000
36.03800	1073.00000
36.04300	1040.00000
36.04800	1011.00000
36.05300	992.00000
36.05800	1008.00000
36.06300	1014.00000
36.06800	1005.00000
36.07300	1009.00000
36.07800	1075.00000
36.08300	1074.00000
36.08800	1052.00000
36.09300	1077.00000
36.09800	1132.00000
36.10300	1131.00000
36.10800	1143.00000
36.11300	1180.00000
36.11800	1188.00000
36.12300	1169.00000
36.12800	1170.00000
36.13300	1201.00000
36.13800	1232.00000
36.14300	1251.00000
36.14800	1265.00000
36.15300	1271.00000
36.15800	1300.00000
36.16300	1284.00000
36.16800	1299.00000
36.17300	1344.00000
36.17800	1351.00000
36.18300	1380.00000
36.18800	1461.00000
36.19300	1499.00000
36.19800	1530.00000
36.20300	1569.00000
36.20800	1562.00000
36.21300	1570.00000
36.21800	1556.00000
36.22300	1561.00000
36.22800	1631.00000
36.23300	1736.00000
36.23800	1710.00000
36.24300	1716.00000
36.24800	1745.00000
36.25300	1721.00000
36.25800	1662.00000
36.26300	1626.00000
36.26800	1609.00000
36.27300	1633.00000
36.27800	1622.00000
36.28300	1617.00000
36.28800	1633.00000
36.29300	1541.00000
36.29800	1524.00000
36.30300	1529.00000
36.30800	1468.00000
36.31300	1451.00000
36.31800	1420.00000
36.32300	1405.00000
36.32800	1415.00000
36.33300	1365.00000
36.33800	1323.00000
36.34300	1278.00000
36.34800	1260.00000
36.35300	1262.00000
36.35800	1230.00000
36.36300	1172.00000
36.36800	1197.00000
36.37300	1235.00000
36.37800	1195.00000
36.38300	1183.00000
36.38800	1195.00000
36.39300	1183.00000
36.39800	1130.00000
36.40300	1058.00000
36.40800	1024.00000
36.41300	1055.00000
36.41800	1102.00000
36.42300	1108.00000
36.42800	1087.00000
36.43300	1074.00000
36.43800	1096.00000
36.44300	1130.00000
36.44800	1105.00000
36.45300	1062.00000
36.45800	1007.00000
36.46300	1001.00000
36.46800	988.00000
36.47300	1016.00000
36.47800	1034.00000
36.48300	1066.00000
36.48800	1053.00000
36.49300	1085.00000
36.49800	1046.00000
36.50300	1027.00000
36.50800	1073.00000
36.51300	1088.00000
36.51800	1058.00000
36.52300	1063.00000
36.52800	1076.00000
36.53300	1058.00000
36.53800	1077.00000
36.54300	1109.00000
36.54800	1092.00000
36.55300	1101.00000
36.55800	1053.00000
36.56300	1002.00000
36.56800	1000.00000
36.57300	1043.00000
36.57800	1073.00000
36.58300	1071.00000
36.58800	1070.00000
36.59300	1091.00000
36.59800	1065.00000
36.60300	1054.00000
36.60800	1028.00000
36.61300	1021.00000
36.61800	1047.00000
36.62300	1041.00000
36.62800	1021.00000
36.63300	1027.00000
36.63800	1042.00000
36.64300	1033.00000
36.64800	1053.00000
36.65300	1000.00000
36.65800	1012.00000
36.66300	1003.00000
36.66800	993.00000
36.67300	988.00000
36.67800	998.00000
36.68300	997.00000
36.68800	993.00000
36.69300	1004.00000
36.69800	1003.00000
36.70300	1010.00000
36.70800	1039.00000
36.71300	1026.00000
36.71800	1014.00000
36.72300	997.00000
36.72800	1001.00000
36.73300	1046.00000
36.73800	1085.00000
36.74300	1091.00000
36.74800	1097.00000
36.75300	1128.00000
36.75800	1145.00000
36.76300	1206.00000
36.76800	1184.00000
36.77300	1134.00000
36.77800	1098.00000
36.78300	1088.00000
36.78800	1082.00000
36.79300	1067.00000
36.79800	1063.00000
36.80300	1078.00000
36.80800	1108.00000
36.81300	1123.00000
36.81800	1156.00000
36.82300	1142.00000
36.82800	1155.00000
36.83300	1134.00000
36.83800	1123.00000
36.84300	1131.00000
36.84800	1126.00000
36.85300	1119.00000
36.85800	1159.00000
36.86300	1179.00000
36.86800	1161.00000
36.87300	1182.00000
36.87800	1218.00000
36.88300	1202.00000
36.88800	1167.00000
36.89300	1133.00000
36.89800	1105.00000
36.90300	1106.00000
36.90800	1140.00000
36.91300	1112.00000
36.91800	1102.00000
36.92300	1064.00000
36.92800	1036.00000
36.93300	1008.00000
36.93800	1039.00000
36.94300	1034.00000
36.94800	1081.00000
36.95300	1126.00000
36.95800	1109.00000
36.96300	1067.00000
36.96800	1034.00000
36.97300	1016.00000
36.97800	1020.00000
36.98300	1040.00000
36.98800	1030.00000
36.99300	1010.00000
36.99800	971.00000
37.00300	976.00000
37.00800	964.00000
37.01300	991.00000
37.01800	997.00000
37.02300	992.00000
37.02800	1017.00000
37.03300	1041.00000
37.03800	1026.00000
37.04300	1038.00000
37.04800	1052.00000
37.05300	1006.00000
37.05800	1030.00000
37.06300	1039.00000
37.06800	1045.00000
37.07300	1042.00000
37.07800	1074.00000
37.08300	1076.00000
37.08800	1043.00000
37.09300	1028.00000
37.09800	1077.00000
37.10300	1057.00000
37.10800	1028.00000
37.11300	993.00000
37.11800	991.00000
37.12300	1016.00000
37.12800	1050.00000
37.13300	1083.00000
37.13800	1090.00000
37.14300	1138.00000
37.14800	1175.00000
37.15300	1168.00000
37.15800	1156.00000
37.16300	1158.00000
37.16800	1116.00000
37.17300	1078.00000
37.17800	1082.00000
37.18300	1094.00000
37.18800	1110.00000
37.19300	1115.00000
37.19800	1090.00000
37.20300	1102.00000
37.20800	1097.00000
37.21300	1103.00000
37.21800	1082.00000
37.22300	1111.00000
37.22800	1093.00000
37.23300	1087.00000
37.23800	1062.00000
37.24300	1038.00000
37.24800	1037.00000
37.25300	1046.00000
37.25800	1052.00000
37.26300	1103.00000
37.26800	1135.00000
37.27300	1121.00000
37.27800	1105.00000
37.28300	1089.00000
37.28800	1114.00000
37.29300	1114.00000
37.29800	1074.00000
37.30300	1044.00000
37.30800	1033.00000
37.31300	1067.00000
37.31800	1053.00000
37.32300	1089.00000
37.32800	1086.00000
37.33300	1072.00000
37.33800	1106.00000
37.34300	1118.00000
37.34800	1118.00000
37.35300	1129.00000
37.35800	1121.00000
37.36300	1108.00000
37.36800	1129.00000
37.37300	1184.00000
37.37800	1228.00000
37.38300	1219.00000
37.38800	1239.00000
37.39300	1260.00000
37.39800	1249.00000
37.40300	1274.00000
37.40800	1304.00000
37.41300	1311.00000
37.41800	1333.00000
37.42300	1352.00000
37.42800	1376.00000
37.43300	1380.00000
37.43800	1402.00000
37.44300	1388.00000
37.44800	1349.00000
37.45300	1338.00000
37.45800	1358.00000
37.46300	1438.00000
37.46800	1459.00000
37.47300	1467.00000
37.47800	1446.00000
37.48300	1413.00000
37.48800	1408.00000
37.49300	1410.00000
37.49800	1420.00000
37.50300	1443.00000
37.50800	1465.00000
37.51300	1516.00000
37.51800	1554.00000
37.52300	1591.00000
37.52800	1598.00000
37.53300	1570.00000
37.53800	1574.00000
37.54300	1668.00000
37.54800	1750.00000
37.55300	1806.00000
37.55800	1851.00000
37.56300	1877.00000
37.56800	1867.00000
37.57300	1878.00000
37.57800	1875.00000
37.58300	1925.00000
37.58800	1952.00000
37.59300	1941.00000
37.59800	1960.00000
37.60300	2016.00000
37.60800	2043.00000
37.61300	2011.00000
37.61800	1969.00000
37.62300	1991.00000
37.62800	1988.00000
37.63300	1932.00000
37.63800	1912.00000
37.64300	1838.00000
37.64800	1741.00000
37.65300	1697.00000
37.65800	1659.00000
37.66300	1621.00000
37.66800	1599.00000
37.67300	1543.00000
37.67800	1495.00000
37.68300	1443.00000
37.68800	1422.00000
37.69300	1392.00000
37.69800	1319.00000
37.70300	1325.00000
37.70800	1319.00000
37.71300	1303.00000
37.71800	1342.00000
37.72300	1384.00000
37.72800	1358.00000
37.73300	1305.00000
37.73800	1268.00000
37.74300	1255.00000
37.74800	1217.00000
37.75300	1207.00000
37.75800	1188.00000
37.76300	1174.00000
37.76800	1147.00000
37.77300	1122.00000
37.77800	1081.00000
37.78300	1071.00000
37.78800	1088.00000
37.79300	1115.00000
37.79800	1091.00000
37.80300	1086.00000
37.80800	1064.00000
37.81300	1011.00000
37.81800	995.00000
37.82300	980.00000
37.82800	991.00000
37.83300	1000.00000
37.83800	994.00000
37.84300	986.00000
37.84800	996.00000
37.85300	996.00000
37.85800	972.00000
37.86300	968.00000
37.86800	959.00000
37.87300	953.00000
37.87800	974.00000
37.88300	965.00000
37.88800	970.00000
37.89300	969.00000
37.89800	969.00000
37.90300	972.00000
37.90800	966.00000
37.91300	951.00000
37.91800	904.00000
37.92300	909.00000
37.92800	907.00000
37.93300	925.00000
37.93800	942.00000
37.94300	939.00000
37.94800	927.00000
37.95300	924.00000
37.95800	937.00000
37.96300	945.00000
37.96800	922.00000
37.97300	910.00000
37.97800	904.00000
37.98300	896.00000
37.98800	923.00000
37.99300	947.00000
37.99800	926.00000
38.00300	911.00000
38.00800	923.00000
38.01300	918.00000
38.01800	920.00000
38.02300	955.00000
38.02800	960.00000
38.03300	946.00000
38.03800	949.00000
38.04300	939.00000
38.04800	906.00000
38.05300	916.00000
38.05800	954.00000
38.06300	958.00000
38.06800	958.00000
38.07300	939.00000
38.07800	914.00000
38.08300	908.00000
38.08800	931.00000
38.09300	969.00000
38.09800	952.00000
38.10300	933.00000
38.10800	939.00000
38.11300	955.00000
38.11800	942.00000
38.12300	939.00000
38.12800	938.00000
38.13300	945.00000
38.13800	976.00000
38.14300	998.00000
38.14800	987.00000
38.15300	970.00000
38.15800	986.00000
38.16300	1001.00000
38.16800	995.00000
38.17300	1012.00000
38.17800	1040.00000
38.18300	1055.00000
38.18800	1060.00000
38.19300	1083.00000
38.19800	1129.00000
38.20300	1115.00000
38.20800	1090.00000
38.21300	1093.00000
38.21800	1117.00000
38.22300	1136.00000
38.22800	1146.00000
38.23300	1147.00000
38.23800	1138.00000
38.24300	1144.00000
38.24800	1172.00000
38.25300	1191.00000
38.25800	1223.00000
38.26300	1262.00000
38.26800	1297.00000
38.27300	1319.00000
38.27800	1321.00000
38.28300	1317.00000
38.28800	1303.00000
38.29300	1300.00000
38.29800	1348.00000
38.30300	1424.00000
38.30800	1445.00000
38.31300	1455.00000
38.31800	1476.00000
38.32300	1498.00000
38.32800	1530.00000
38.33300	1574.00000
38.33800	1578.00000
38.34300	1563.00000
38.34800	1573.00000
38.35300	1638.00000
38.35800	1681.00000
38.36300	1678.00000
38.36800	1673.00000
38.37300	1687.00000
38.37800	1755.00000
38.38300	1860.00000
38.38800	1934.00000
38.39300	1975.00000
38.39800	1967.00000
38.40300	1940.00000
38.40800	1948.00000
38.41300	2022.00000
38.41800	2114.00000
38.42300	2197.00000
38.42800	2258.00000
38.43300	2297.00000
38.43800	2336.00000
38.44300	2390.00000
38.44800	2472.00000
38.45300	2534.00000
38.45800	2515.00000
38.46300	2480.00000
38.46800	2543.00000
38.47300	2684.00000
38.47800	2797.00000
38.48300	2845.00000
38.48800	2878.00000
38.49300	2916.00000
38.49800	2919.00000
38.50300	2958.00000
38.50800	3050.00000
38.51300	3176.00000
38.51800	3309.00000
38.52300	3423.00000
38.52800	3542.00000
38.53300	3635.00000
38.53800	3708.00000
38.54300	3795.00000
38.54800	3912.00000
38.55300	3999.00000
38.55800	4036.00000
38.56300	4083.00000
38.56800	4082.00000
38.57300	4066.00000
38.57800	4051.00000
38.58300	4040.00000
38.58800	4054.00000
38.59300	4025.00000
38.59800	3964.00000
38.60300	3933.00000
38.60800	3893.00000
38.61300	3803.00000
38.61800	3708.00000
38.62300	3579.00000
38.62800	3418.00000
38.63300	3305.00000
38.63800	3237.00000
38.64300	3139.00000
38.64800	3042.00000
38.65300	2984.00000
38.65800	2919.00000
38.66300	2842.00000
38.66800	2796.00000
38.67300	2743.00000
38.67800	2662.00000
38.68300	2587.00000
38.68800	2512.00000
38.69300	2440.00000
38.69800	2362.00000
38.70300	2280.00000
38.70800	2199.00000
38.71300	2140.00000
38.71800	2099.00000
38.72300	2058.00000
38.72800	2001.00000
38.73300	1923.00000
38.73800	1866.00000
38.74300	1812.00000
38.74800	1738.00000
38.75300	1677.00000
38.75800	1621.00000
38.76300	1564.00000
38.76800	1506.00000
38.77300	1456.00000
38.77800	1434.00000
38.78300	1416.00000
38.78800	1395.00000
38.79300	1391.00000
38.79800	1373.00000
38.80300	1351.00000
38.80800	1320.00000
38.81300	1309.00000
38.81800	1314.00000
38.82300	1320.00000
38.82800	1311.00000
38.83300	1275.00000
38.83800	1238.00000
38.84300	1213.00000
38.84800	1221.00000
38.85300	1228.00000
38.85800	1210.00000
38.86300	1216.00000
38.86800	1208.00000
38.87300	1192.00000
38.87800	1193.00000
38.88300	1186.00000
38.88800	1183.00000
38.89300	1175.00000
38.89800	1157.00000
38.90300	1139.00000
38.90800	1138.00000
38.91300	1146.00000
38.91800	1154.00000
38.92300	1146.00000
38.92800	1169.00000
38.93300	1175.00000
38.93800	1126.00000
38.94300	1069.00000
38.94800	1055.00000
38.95300	1068.00000
38.95800	1090.00000
38.96300	1092.00000
38.96800	1065.00000
38.97300	1030.00000
38.97800	1006.00000
38.98300	982.00000
38.98800	950.00000
38.99300	939.00000
38.99800	938.00000
39.00300	928.00000
39.00800	921.00000
39.01300	972.00000
39.01800	1023.00000
39.02300	1017.00000
39.02800	1005.00000
39.03300	1001.00000
39.03800	1009.00000
39.04300	997.00000
39.04800	975.00000
39.05300	966.00000
39.05800	983.00000
39.06300	1029.00000
39.06800	1050.00000
39.07300	1021.00000
39.07800	1006.00000
39.08300	1019.00000
39.08800	1028.00000
39.09300	1025.00000
39.09800	1038.00000
39.10300	1080.00000
39.10800	1101.00000
39.11300	1084.00000
39.11800	1053.00000
39.12300	1011.00000
39.12800	985.00000
39.13300	989.00000
39.13800	993.00000
39.14300	1006.00000
39.14800	1048.00000
39.15300	1087.00000
39.15800	1122.00000
39.16300	1128.00000
39.16800	1161.00000
39.17300	1180.00000
39.17800	1189.00000
39.18300	1223.00000
39.18800	1216.00000
39.19300	1207.00000
39.19800	1220.00000
39.20300	1238.00000
39.20800	1269.00000
39.21300	1288.00000
39.21800	1295.00000
39.22300	1294.00000
39.22800	1308.00000
39.23300	1332.00000
39.23800	1324.00000
39.24300	1324.00000
39.24800	1338.00000
39.25300	1381.00000
39.25800	1431.00000
39.26300	1466.00000
39.26800	1498.00000
39.27300	1512.00000
39.27800	1493.00000
39.28300	1488.00000
39.28800	1489.00000
39.29300	1480.00000
39.29800	1489.00000
39.30300	1499.00000
39.30800	1486.00000
39.31300	1472.00000
39.31800	1479.00000
39.32300	1473.00000
39.32800	1486.00000
39.33300	1470.00000
39.33800	1454.00000
39.34300	1434.00000
39.34800	1407.00000
39.35300	1369.00000
39.35800	1338.00000
39.36300	1309.00000
39.36800	1303.00000
39.37300	1239.00000
39.37800	1220.00000
39.38300	1230.00000
39.38800	1207.00000
39.39300	1220.00000
39.39800	1193.00000
39.40300	1184.00000
39.40800	1155.00000
39.41300	1142.00000
39.41800	1149.00000
39.42300	1125.00000
39.42800	1114.00000
39.43300	1113.00000
39.43800	1093.00000
39.44300	1056.00000
39.44800	1048.00000
39.45300	1095.00000
39.45800	1111.00000
39.46300	1081.00000
39.46800	1047.00000
39.47300	1018.00000
39.47800	1025.00000
39.48300	1051.00000
39.48800	1022.00000
39.49300	983.00000
39.49800	978.00000
39.50300	974.00000
39.50800	979.00000
39.51300	986.00000
39.51800	971.00000
39.52300	970.00000
39.52800	952.00000
39.53300	942.00000
39.53800	944.00000
39.54300	954.00000
39.54800	980.00000
39.55300	985.00000
39.55800	972.00000
39.56300	942.00000
39.56800	891.00000
39.57300	898.00000
39.57800	912.00000
39.58300	895.00000
39.58800	885.00000
39.59300	917.00000
39.59800	955.00000
39.60300	950.00000
39.60800	936.00000
39.61300	929.00000
39.61800	917.00000
39.62300	929.00000
39.62800	951.00000
39.63300	933.00000
39.63800	899.00000
39.64300	890.00000
39.64800	882.00000
39.65300	859.00000
39.65800	864.00000
39.66300	891.00000
39.66800	898.00000
39.67300	888.00000
39.67800	902.00000
39.68300	917.00000
39.68800	923.00000
39.69300	903.00000
39.69800	893.00000
39.70300	915.00000
39.70800	910.00000
39.71300	915.00000
39.71800	930.00000
39.72300	937.00000
39.72800	909.00000
39.73300	892.00000
39.73800	906.00000
39.74300	941.00000
39.74800	995.00000
39.75300	988.00000
39.75800	960.00000
39.76300	937.00000
39.76800	953.00000
39.77300	942.00000
39.77800	963.00000
39.78300	992.00000
39.78800	995.00000
39.79300	978.00000
39.79800	950.00000
39.80300	959.00000
39.80800	965.00000
39.81300	940.00000
39.81800	950.00000
39.82300	948.00000
39.82800	937.00000
39.83300	936.00000
39.83800	948.00000
39.84300	955.00000
39.84800	980.00000
39.85300	974.00000
39.85800	951.00000
39.86300	921.00000
39.86800	912.00000
39.87300	921.00000
39.87800	939.00000
39.88300	955.00000
39.88800	947.00000
39.89300	953.00000
39.89800	955.00000
39.90300	940.00000
39.90800	941.00000
39.91300	942.00000
39.91800	937.00000
39.92300	925.00000
39.92800	918.00000
39.93300	891.00000
39.93800	868.00000
39.94300	879.00000
39.94800	913.00000
39.95300	914.00000
39.95800	922.00000
39.96300	928.00000
39.96800	904.00000
39.97300	893.00000
39.97800	890.00000
39.98300	886.00000
39.98800	870.00000
39.99300	887.00000
39.99800	917.00000
40.00300	886.00000
40.00800	874.00000
40.01300	897.00000
40.01800	897.00000
40.02300	935.00000
40.02800	970.00000
40.03300	949.00000
40.03800	930.00000
40.04300	963.00000
40.04800	968.00000
40.05300	941.00000
40.05800	911.00000
40.06300	937.00000
40.06800	947.00000
40.07300	917.00000
40.07800	918.00000
40.08300	907.00000
40.08800	896.00000
40.09300	962.00000
40.09800	948.00000
40.10300	942.00000
40.10800	957.00000
40.11300	978.00000
40.11800	983.00000
40.12300	999.00000
40.12800	986.00000
40.13300	950.00000
40.13800	974.00000
40.14300	976.00000
40.14800	984.00000
40.15300	1013.00000
40.15800	981.00000
40.16300	954.00000
40.16800	980.00000
40.17300	998.00000
40.17800	993.00000
40.18300	1000.00000
40.18800	1020.00000
40.19300	1027.00000
40.19800	1015.00000
40.20300	978.00000
40.20800	948.00000
40.21300	938.00000
40.21800	931.00000
40.22300	926.00000
40.22800	925.00000
40.23300	921.00000
40.23800	899.00000
40.24300	905.00000
40.24800	903.00000
40.25300	907.00000
40.25800	908.00000
40.26300	899.00000
40.26800	906.00000
40.27300	930.00000
40.27800	927.00000
40.28300	911.00000
40.28800	905.00000
40.29300	896.00000
40.29800	917.00000
40.30300	915.00000
40.30800	928.00000
40.31300	928.00000
40.31800	907.00000
40.32300	859.00000
40.32800	842.00000
40.33300	828.00000
40.33800	851.00000
40.34300	878.00000
40.34800	915.00000
40.35300	932.00000
40.35800	911.00000
40.36300	895.00000
40.36800	944.00000
40.37300	955.00000
40.37800	956.00000
40.38300	921.00000
40.38800	923.00000
40.39300	930.00000
40.39800	912.00000
40.40300	898.00000
40.40800	875.00000
40.41300	898.00000
40.41800	925.00000
40.42300	933.00000
40.42800	911.00000
40.43300	879.00000
40.43800	867.00000
40.44300	880.00000
40.44800	889.00000
40.45300	912.00000
40.45800	921.00000
40.46300	897.00000
40.46800	896.00000
40.47300	924.00000
40.47800	941.00000
40.48300	926.00000
40.48800	920.00000
40.49300	933.00000
40.49800	939.00000
40.50300	964.00000
40.50800	986.00000
40.51300	967.00000
40.51800	947.00000
40.52300	949.00000
40.52800	948.00000
40.53300	963.00000
40.53800	981.00000
40.54300	1001.00000
40.54800	1011.00000
40.55300	1012.00000
40.55800	1067.00000
40.56300	1080.00000
40.56800	1008.00000
40.57300	979.00000
40.57800	1024.00000
40.58300	1070.00000
40.58800	1117.00000
40.59300	1139.00000
40.59800	1152.00000
40.60300	1196.00000
40.60800	1183.00000
40.61300	1182.00000
40.61800	1164.00000
40.62300	1174.00000
40.62800	1208.00000
40.63300	1232.00000
40.63800	1250.00000
40.64300	1308.00000
40.64800	1347.00000
40.65300	1348.00000
40.65800	1318.00000
40.66300	1299.00000
40.66800	1289.00000
40.67300	1298.00000
40.67800	1313.00000
40.68300	1314.00000
40.68800	1317.00000
40.69300	1337.00000
40.69800	1363.00000
40.70300	1354.00000
40.70800	1356.00000
40.71300	1381.00000
40.71800	1405.00000
40.72300	1375.00000
40.72800	1318.00000
40.73300	1259.00000
40.73800	1272.00000
40.74300	1279.00000
40.74800	1251.00000
40.75300	1242.00000
40.75800	1237.00000
40.76300	1216.00000
40.76800	1212.00000
40.77300	1182.00000
40.77800	1159.00000
40.78300	1117.00000
40.78800	1130.00000
40.79300	1120.00000
40.79800	1099.00000
40.80300	1098.00000
40.80800	1104.00000
40.81300	1112.00000
40.81800	1115.00000
40.82300	1147.00000
40.82800	1165.00000
40.83300	1126.00000
40.83800	1072.00000
40.84300	1049.00000
40.84800	1026.00000
40.85300	1021.00000
40.85800	1022.00000
40.86300	1011.00000
40.86800	1002.00000
40.87300	1015.00000
40.87800	1062.00000
40.88300	1070.00000
40.88800	1055.00000
40.89300	1053.00000
40.89800	1073.00000
40.90300	1099.00000
40.90800	1104.00000
40.91300	1096.00000
40.91800	1085.00000
40.92300	1091.00000
40.92800	1098.00000
40.93300	1142.00000
40.93800	1144.00000
40.94300	1151.00000
40.94800	1132.00000
40.95300	1124.00000
40.95800	1166.00000
40.96300	1164.00000
40.96800	1152.00000
40.97300	1157.00000
40.97800	1192.00000
40.98300	1185.00000
40.98800	1191.00000
40.99300	1222.00000
40.99800	1238.00000
41.00300	1230.00000
41.00800	1199.00000
41.01300	1169.00000
41.01800	1187.00000
41.02300	1206.00000
41.02800	1186.00000
41.03300	1228.00000
41.03800	1267.00000
41.04300	1332.00000
41.04800	1332.00000
41.05300	1326.00000
41.05800	1331.00000
41.06300	1370.00000
41.06800	1404.00000
41.07300	1414.00000
41.07800	1455.00000
41.08300	1526.00000
41.08800	1599.00000
41.09300	1620.00000
41.09800	1638.00000
41.10300	1617.00000
41.10800	1618.00000
41.11300	1666.00000
41.11800	1677.00000
41.12300	1652.00000
41.12800	1651.00000
41.13300	1642.00000
41.13800	1665.00000
41.14300	1679.00000
41.14800	1676.00000
41.15300	1672.00000
41.15800	1682.00000
41.16300	1706.00000
41.16800	1712.00000
41.17300	1708.00000
41.17800	1698.00000
41.18300	1694.00000
41.18800	1684.00000
41.19300	1625.00000
41.19800	1564.00000
41.20300	1554.00000
41.20800	1544.00000
41.21300	1521.00000
41.21800	1504.00000
41.22300	1488.00000
41.22800	1468.00000
41.23300	1460.00000
41.23800	1475.00000
41.24300	1481.00000
41.24800	1442.00000
41.25300	1400.00000
41.25800	1407.00000
41.26300	1426.00000
41.26800	1475.00000
41.27300	1489.00000
41.27800	1517.00000
41.28300	1524.00000
41.28800	1542.00000
41.29300	1587.00000
41.29800	1658.00000
41.30300	1707.00000
41.30800	1736.00000
41.31300	1747.00000
41.31800	1757.00000
41.32300	1780.00000
41.32800	1754.00000
41.33300	1761.00000
41.33800	1815.00000
41.34300	1856.00000
41.34800	1870.00000
41.35300	1909.00000
41.35800	1946.00000
41.36300	1939.00000
41.36800	1977.00000
41.37300	2034.00000
41.37800	2065.00000
41.38300	2077.00000
41.38800	2043.00000
41.39300	1995.00000
41.39800	1976.00000
41.40300	1981.00000
41.40800	2004.00000
41.41300	2021.00000
41.41800	2058.00000
41.42300	2070.00000
41.42800	2029.00000
41.43300	1965.00000
41.43800	1928.00000
41.44300	1928.00000
41.44800	1897.00000
41.45300	1875.00000
41.45800	1880.00000
41.46300	1844.00000
41.46800	1791.00000
41.47300	1805.00000
41.47800	1768.00000
41.48300	1737.00000
41.48800	1732.00000
41.49300	1736.00000
41.49800	1721.00000
41.50300	1721.00000
41.50800	1745.00000
41.51300	1775.00000
41.51800	1723.00000
41.52300	1724.00000
41.52800	1768.00000
41.53300	1793.00000
41.53800	1789.00000
41.54300	1786.00000
41.54800	1778.00000
41.55300	1802.00000
41.55800	1825.00000
41.56300	1812.00000
41.56800	1839.00000
41.57300	1803.00000
41.57800	1806.00000
41.58300	1859.00000
41.58800	1861.00000
41.59300	1879.00000
41.59800	1899.00000
41.60300	1887.00000
41.60800	1881.00000
41.61300	1907.00000
41.61800	1848.00000
41.62300	1843.00000
41.62800	1871.00000
41.63300	1851.00000
41.63800	1831.00000
41.64300	1828.00000
41.64800	1800.00000
41.65300	1808.00000
41.65800	1764.00000
41.66300	1717.00000
41.66800	1685.00000
41.67300	1623.00000
41.67800	1561.00000
41.68300	1568.00000
41.68800	1568.00000
41.69300	1553.00000
41.69800	1558.00000
41.70300	1554.00000
41.70800	1546.00000
41.71300	1556.00000
41.71800	1590.00000
41.72300	1623.00000
41.72800	1638.00000
41.73300	1621.00000
41.73800	1588.00000
41.74300	1613.00000
41.74800	1599.00000
41.75300	1547.00000
41.75800	1535.00000
41.76300	1491.00000
41.76800	1442.00000
41.77300	1452.00000
41.77800	1488.00000
41.78300	1514.00000
41.78800	1478.00000
41.79300	1444.00000
41.79800	1454.00000
41.80300	1462.00000
41.80800	1457.00000
41.81300	1419.00000
41.81800	1386.00000
41.82300	1393.00000
41.82800	1338.00000
41.83300	1304.00000
41.83800	1283.00000
41.84300	1278.00000
41.84800	1299.00000
41.85300	1325.00000
41.85800	1344.00000
41.86300	1318.00000
41.86800	1293.00000
41.87300	1274.00000
41.87800	1281.00000
41.88300	1314.00000
41.88800	1334.00000
41.89300	1330.00000
41.89800	1356.00000
41.90300	1368.00000
41.90800	1360.00000
41.91300	1366.00000
41.91800	1338.00000
41.92300	1343.00000
41.92800	1389.00000
41.93300	1415.00000
41.93800	1452.00000
41.94300	1475.00000
41.94800	1457.00000
41.95300	1479.00000
41.95800	1507.00000
41.96300	1512.00000
41.96800	1511.00000
41.97300	1561.00000
41.97800	1604.00000
41.98300	1611.00000
41.98800	1610.00000
41.99300	1643.00000
41.99800	1670.00000
42.00300	1650.00000
42.00800	1655.00000
42.01300	1670.00000
42.01800	1700.00000
42.02300	1737.00000
42.02800	1754.00000
42.03300	1773.00000
42.03800	1800.00000
42.04300	1800.00000
42.04800	1774.00000
42.05300	1754.00000
42.05800	1716.00000
42.06300	1700.00000
42.06800	1691.00000
42.07300	1706.00000
42.07800	1748.00000
42.08300	1745.00000
42.08800	1718.00000
42.09300	1702.00000
42.09800	1656.00000
42.10300	1637.00000
42.10800	1649.00000
42.11300	1658.00000
42.11800	1644.00000
42.12300	1604.00000
42.12800	1546.00000
42.13300	1509.00000
42.13800	1458.00000
42.14300	1427.00000
42.14800	1406.00000
42.15300	1401.00000
42.15800	1404.00000
42.16300	1401.00000
42.16800	1396.00000
42.17300	1370.00000
42.17800	1356.00000
42.18300	1334.00000
42.18800	1317.00000
42.19300	1302.00000
42.19800	1297.00000
42.20300	1301.00000
42.20800	1303.00000
42.21300	1312.00000
42.21800	1307.00000
42.22300	1272.00000
42.22800	1264.00000
42.23300	1265.00000
42.23800	1234.00000
42.24300	1209.00000
42.24800	1192.00000
42.25300	1191.00000
42.25800	1208.00000
42.26300	1211.00000
42.26800	1178.00000
42.27300	1124.00000
42.27800	1111.00000
42.28300	1134.00000
42.28800	1110.00000
42.29300	1077.00000
42.29800	1062.00000
42.30300	1081.00000
42.30800	1090.00000
42.31300	1068.00000
42.31800	1042.00000
42.32300	1009.00000
42.32800	1018.00000
42.33300	1027.00000
42.33800	1025.00000
42.34300	1029.00000
42.34800	1059.00000
42.35300	1061.00000
42.35800	1021.00000
42.36300	1018.00000
42.36800	1029.00000
42.37300	1037.00000
42.37800	1050.00000
42.38300	1036.00000
42.38800	1032.00000
42.39300	1052.00000
42.39800	1064.00000
42.40300	1062.00000
42.40800	1066.00000
42.41300	1047.00000
42.41800	1022.00000
42.42300	1035.00000
42.42800	1049.00000
42.43300	1049.00000
42.43800	1067.00000
42.44300	1052.00000
42.44800	1003.00000
42.45300	983.00000
42.45800	1031.00000
42.46300	1046.00000
42.46800	1015.00000
42.47300	990.00000
42.47800	985.00000
42.48300	977.00000
42.48800	942.00000
42.49300	927.00000
42.49800	947.00000
42.50300	978.00000
42.50800	996.00000
42.51300	988.00000
42.51800	967.00000
42.52300	973.00000
42.52800	977.00000
42.53300	965.00000
42.53800	953.00000
42.54300	922.00000
42.54800	907.00000
42.55300	930.00000
42.55800	978.00000
42.56300	990.00000
42.56800	979.00000
42.57300	1018.00000
42.57800	1037.00000
42.58300	1007.00000
42.58800	978.00000
42.59300	952.00000
42.59800	943.00000
42.60300	932.00000
42.60800	957.00000
42.61300	1021.00000
42.61800	1033.00000
42.62300	1024.00000
42.62800	1042.00000
42.63300	1047.00000
42.63800	1055.00000
42.64300	1080.00000
42.64800	1098.00000
42.65300	1104.00000
42.65800	1108.00000
42.66300	1127.00000
42.66800	1160.00000
42.67300	1189.00000
42.67800	1214.00000
42.68300	1217.00000
42.68800	1205.00000
42.69300	1189.00000
42.69800	1148.00000
42.70300	1159.00000
42.70800	1204.00000
42.71300	1223.00000
42.71800	1239.00000
42.72300	1286.00000
42.72800	1338.00000
42.73300	1376.00000
42.73800	1385.00000
42.74300	1382.00000
42.74800	1371.00000
42.75300	1367.00000
42.75800	1392.00000
42.76300	1416.00000
42.76800	1429.00000
42.77300	1411.00000
42.77800	1411.00000
42.78300	1399.00000
42.78800	1383.00000
42.79300	1392.00000
42.79800	1392.00000
42.80300	1369.00000
42.80800	1354.00000
42.81300	1316.00000
42.81800	1264.00000
42.82300	1250.00000
42.82800	1254.00000
42.83300	1255.00000
42.83800	1222.00000
42.84300	1170.00000
42.84800	1167.00000
42.85300	1150.00000
42.85800	1120.00000
42.86300	1105.00000
42.86800	1109.00000
42.87300	1131.00000
42.87800	1127.00000
42.88300	1110.00000
42.88800	1093.00000
42.89300	1108.00000
42.89800	1148.00000
42.90300	1157.00000
42.90800	1122.00000
42.91300	1084.00000
42.91800	1064.00000
42.92300	1060.00000
42.92800	1101.00000
42.93300	1133.00000
42.93800	1131.00000
42.94300	1132.00000
42.94800	1152.00000
42.95300	1192.00000
42.95800	1242.00000
42.96300	1238.00000
42.96800	1228.00000
42.97300	1248.00000
42.97800	1268.00000
42.98300	1261.00000
42.98800	1251.00000
42.99300	1261.00000
42.99800	1292.00000
43.00300	1324.00000
43.00800	1322.00000
43.01300	1305.00000
43.01800	1311.00000
43.02300	1325.00000
43.02800	1354.00000
43.03300	1400.00000
43.03800	1413.00000
43.04300	1389.00000
43.04800	1366.00000
43.05300	1348.00000
43.05800	1362.00000
43.06300	1345.00000
43.06800	1321.00000
43.07300	1322.00000
43.07800	1321.00000
43.08300	1321.00000
43.08800	1345.00000
43.09300	1356.00000
43.09800	1345.00000
43.10300	1330.00000
43.10800	1280.00000
43.11300	1237.00000
43.11800	1227.00000
43.12300	1243.00000
43.12800	1236.00000
43.13300	1213.00000
43.13800	1217.00000
43.14300	1196.00000
43.14800	1178.00000
43.15300	1151.00000
43.15800	1162.00000
43.16300	1175.00000
43.16800	1167.00000
43.17300	1144.00000
43.17800	1151.00000
43.18300	1157.00000
43.18800	1162.00000
43.19300	1152.00000
43.19800	1163.00000
43.20300	1137.00000
43.20800	1102.00000
43.21300	1118.00000
43.21800	1133.00000
43.22300	1139.00000
43.22800	1171.00000
43.23300	1218.00000
43.23800	1242.00000
43.24300	1287.00000
43.24800	1326.00000
43.25300	1285.00000
43.25800	1247.00000
43.26300	1280.00000
43.26800	1266.00000
43.27300	1276.00000
43.27800	1279.00000
43.28300	1235.00000
43.28800	1211.00000
43.29300	1202.00000
43.29800	1213.00000
43.30300	1269.00000
43.30800	1304.00000
43.31300	1334.00000
43.31800	1346.00000
43.32300	1351.00000
43.32800	1365.00000
43.33300	1383.00000
43.33800	1382.00000
43.34300	1356.00000
43.34800	1341.00000
43.35300	1347.00000
43.35800	1377.00000
43.36300	1429.00000
43.36800	1472.00000
43.37300	1440.00000
43.37800	1431.00000
43.38300	1407.00000
43.38800	1413.00000
43.39300	1402.00000
43.39800	1422.00000
43.40300	1411.00000
43.40800	1388.00000
43.41300	1359.00000
43.41800	1348.00000
43.42300	1354.00000
43.42800	1350.00000
43.43300	1374.00000
43.43800	1383.00000
43.44300	1376.00000
43.44800	1399.00000
43.45300	1408.00000
43.45800	1381.00000
43.46300	1342.00000
43.46800	1301.00000
43.47300	1292.00000
43.47800	1295.00000
43.48300	1303.00000
43.48800	1288.00000
43.49300	1262.00000
43.49800	1261.00000
43.50300	1241.00000
43.50800	1239.00000
43.51300	1225.00000
43.51800	1206.00000
43.52300	1196.00000
43.52800	1208.00000
43.53300	1201.00000
43.53800	1180.00000
43.54300	1167.00000
43.54800	1136.00000
43.55300	1090.00000
43.55800	1064.00000
43.56300	1073.00000
43.56800	1116.00000
43.57300	1114.00000
43.57800	1108.00000
43.58300	1095.00000
43.58800	1074.00000
43.59300	1073.00000
43.59800	1047.00000
43.60300	1050.00000
43.60800	1036.00000
43.61300	1051.00000
43.61800	1025.00000
43.62300	1018.00000
43.62800	1010.00000
43.63300	1012.00000
43.63800	1040.00000
43.64300	1012.00000
43.64800	1008.00000
43.65300	1015.00000
43.65800	995.00000
43.66300	968.00000
43.66800	971.00000
43.67300	1029.00000
43.67800	1050.00000
43.68300	1049.00000
43.68800	1012.00000
43.69300	1014.00000
43.69800	992.00000
43.70300	996.00000
43.70800	1004.00000
43.71300	982.00000
43.71800	980.00000
43.72300	935.00000
43.72800	926.00000
43.73300	915.00000
43.73800	922.00000
43.74300	938.00000
43.74800	944.00000
43.75300	914.00000
43.75800	906.00000
43.76300	913.00000
43.76800	905.00000
43.77300	921.00000
43.77800	947.00000
43.78300	936.00000
43.78800	889.00000
43.79300	888.00000
43.79800	882.00000
43.80300	855.00000
43.80800	852.00000
43.81300	873.00000
43.81800	907.00000
43.82300	904.00000
43.82800	884.00000
43.83300	861.00000
43.83800	847.00000
43.84300	870.00000
43.84800	903.00000
43.85300	891.00000
43.85800	882.00000
43.86300	891.00000
43.86800	906.00000
43.87300	905.00000
43.87800	868.00000
43.88300	844.00000
43.88800	848.00000
43.89300	870.00000
43.89800	890.00000
43.90300	874.00000
43.90800	882.00000
43.91300	912.00000
43.91800	904.00000
43.92300	924.00000
43.92800	932.00000
43.93300	917.00000
43.93800	948.00000
43.94300	962.00000
43.94800	954.00000
43.95300	969.00000
43.95800	961.00000
43.96300	978.00000
43.96800	973.00000
43.97300	968.00000
43.97800	952.00000
43.98300	930.00000
43.98800	945.00000
43.99300	949.00000
43.99800	910.00000
44.00300	924.00000
44.00800	922.00000
44.01300	916.00000
44.01800	910.00000
44.02300	928.00000
44.02800	898.00000
44.03300	914.00000
44.03800	958.00000
44.04300	989.00000
44.04800	974.00000
44.05300	985.00000
44.05800	985.00000
44.06300	1001.00000
44.06800	997.00000
44.07300	967.00000
44.07800	982.00000
44.08300	988.00000
44.08800	970.00000
44.09300	963.00000
44.09800	959.00000
44.10300	923.00000
44.10800	924.00000
44.11300	916.00000
44.11800	906.00000
44.12300	934.00000
44.12800	950.00000
44.13300	931.00000
44.13800	912.00000
44.14300	920.00000
44.14800	934.00000
44.15300	924.00000
44.15800	937.00000
44.16300	918.00000
44.16800	883.00000
44.17300	873.00000
44.17800	865.00000
44.18300	860.00000
44.18800	879.00000
44.19300	872.00000
44.19800	878.00000
44.20300	892.00000
44.20800	910.00000
44.21300	916.00000
44.21800	937.00000
44.22300	933.00000
44.22800	927.00000
44.23300	956.00000
44.23800	948.00000
44.24300	925.00000
44.24800	940.00000
44.25300	933.00000
44.25800	957.00000
44.26300	961.00000
44.26800	959.00000
44.27300	987.00000
44.27800	1005.00000
44.28300	1010.00000
44.28800	1009.00000
44.29300	988.00000
44.29800	988.00000
44.30300	1000.00000
44.30800	1060.00000
44.31300	1141.00000
44.31800	1146.00000
44.32300	1102.00000
44.32800	1068.00000
44.33300	1067.00000
44.33800	1053.00000
44.34300	1105.00000
44.34800	1108.00000
44.35300	1076.00000
44.35800	1081.00000
44.36300	1116.00000
44.36800	1144.00000
44.37300	1158.00000
44.37800	1152.00000
44.38300	1134.00000
44.38800	1172.00000
44.39300	1199.00000
44.39800	1190.00000
44.40300	1210.00000
44.40800	1212.00000
44.41300	1241.00000
44.41800	1241.00000
44.42300	1245.00000
44.42800	1258.00000
44.43300	1261.00000
44.43800	1284.00000
44.44300	1298.00000
44.44800	1289.00000
44.45300	1246.00000
44.45800	1237.00000
44.46300	1254.00000
44.46800	1247.00000
44.47300	1223.00000
44.47800	1232.00000
44.48300	1270.00000
44.48800	1292.00000
44.49300	1312.00000
44.49800	1321.00000
44.50300	1295.00000
44.50800	1326.00000
44.51300	1357.00000
44.51800	1355.00000
44.52300	1367.00000
44.52800	1387.00000
44.53300	1347.00000
44.53800	1344.00000
44.54300	1361.00000
44.54800	1364.00000
44.55300	1411.00000
44.55800	1400.00000
44.56300	1424.00000
44.56800	1393.00000
44.57300	1363.00000
44.57800	1385.00000
44.58300	1382.00000
44.58800	1382.00000
44.59300	1401.00000
44.59800	1446.00000
44.60300	1492.00000
44.60800	1463.00000
44.61300	1471.00000
44.61800	1410.00000
44.62300	1457.00000
44.62800	1438.00000
44.63300	1468.00000
44.63800	1467.00000
44.64300	1458.00000
44.64800	1424.00000
44.65300	1431.00000
44.65800	1437.00000
44.66300	1483.00000
44.66800	1489.00000
44.67300	1428.00000
44.67800	1445.00000
44.68300	1458.00000
44.68800	1410.00000
44.69300	1406.00000
44.69800	1414.00000
44.70300	1408.00000
44.70800	1444.00000
44.71300	1480.00000
44.71800	1445.00000
44.72300	1465.00000
44.72800	1490.00000
44.73300	1456.00000
44.73800	1481.00000
44.74300	1535.00000
44.74800	1509.00000
44.75300	1480.00000
44.75800	1496.00000
44.76300	1486.00000
44.76800	1478.00000
44.77300	1524.00000
44.77800	1582.00000
44.78300	1599.00000
44.78800	1562.00000
44.79300	1614.00000
44.79800	1628.00000
44.80300	1705.00000
44.80800	1770.00000
44.81300	1816.00000
44.81800	1828.00000
44.82300	1766.00000
44.82800	1712.00000
44.83300	1745.00000
44.83800	1786.00000
44.84300	1811.00000
44.84800	1814.00000
44.85300	1738.00000
44.85800	1767.00000
44.86300	1815.00000
44.86800	1877.00000
44.87300	1823.00000
44.87800	1809.00000
44.88300	1788.00000
44.88800	1749.00000
44.89300	1743.00000
44.89800	1730.00000
44.90300	1771.00000
44.90800	1745.00000
44.91300	1731.00000
44.91800	1739.00000
44.92300	1747.00000
44.92800	1768.00000
44.93300	1750.00000
44.93800	1802.00000
44.94300	1756.00000
44.94800	1721.00000
44.95300	1736.00000
44.95800	1722.00000
44.96300	1730.00000
44.96800	1728.00000
44.97300	1769.00000
44.97800	1723.00000
44.98300	1668.00000
44.98800	1657.00000
44.99300	1593.00000
44.99800	1579.00000
45.00300	1562.00000
45.00800	1491.00000
45.01300	1468.00000
45.01800	1454.00000
45.02300	1454.00000
45.02800	1460.00000
45.03300	1389.00000
45.03800	1324.00000
45.04300	1383.00000
45.04800	1374.00000
45.05300	1367.00000
45.05800	1319.00000
45.06300	1313.00000
45.06800	1299.00000
45.07300	1235.00000
45.07800	1179.00000
45.08300	1195.00000
45.08800	1225.00000
45.09300	1206.00000
45.09800	1212.00000
45.10300	1266.00000
45.10800	1248.00000
45.11300	1185.00000
45.11800	1216.00000
45.12300	1259.00000
45.12800	1276.00000
45.13300	1305.00000
45.13800	1277.00000
45.14300	1226.00000
45.14800	1236.00000
45.15300	1256.00000
45.15800	1310.00000
45.16300	1292.00000
45.16800	1303.00000
45.17300	1324.00000
45.17800	1343.00000
45.18300	1335.00000
45.18800	1270.00000
45.19300	1247.00000
45.19800	1308.00000
45.20300	1355.00000
45.20800	1364.00000
45.21300	1391.00000
45.21800	1382.00000
45.22300	1355.00000
45.22800	1355.00000
45.23300	1386.00000
45.23800	1394.00000
45.24300	1446.00000
45.24800	1491.00000
45.25300	1489.00000
45.25800	1471.00000
45.26300	1467.00000
45.26800	1473.00000
45.27300	1428.00000
45.27800	1464.00000
45.28300	1472.00000
45.28800	1414.00000
45.29300	1419.00000
45.29800	1402.00000
45.30300	1463.00000
45.30800	1534.00000
45.31300	1474.00000
45.31800	1470.00000
45.32300	1555.00000
45.32800	1560.00000
45.33300	1522.00000
45.33800	1455.00000
45.34300	1445.00000
45.34800	1489.00000
45.35300	1502.00000
45.35800	1449.00000
45.36300	1425.00000
45.36800	1433.00000
45.37300	1434.00000
45.37800	1460.00000
45.38300	1470.00000
45.38800	1454.00000
45.39300	1435.00000
45.39800	1477.00000
45.40300	1527.00000
45.40800	1500.00000
45.41300	1495.00000
45.41800	1483.00000
45.42300	1479.00000
45.42800	1483.00000
45.43300	1504.00000
45.43800	1503.00000
45.44300	1519.00000
45.44800	1491.00000
45.45300	1471.00000
45.45800	1450.00000
45.46300	1446.00000
45.46800	1462.00000
45.47300	1480.00000
45.47800	1482.00000
45.48300	1476.00000
45.48800	1440.00000
45.49300	1437.00000
45.49800	1447.00000
45.50300	1417.00000
45.50800	1451.00000
45.51300	1487.00000
45.51800	1480.00000
45.52300	1418.00000
45.52800	1419.00000
45.53300	1444.00000
45.53800	1415.00000
45.54300	1419.00000
45.54800	1396.00000
45.55300	1383.00000
45.55800	1381.00000
45.56300	1376.00000
45.56800	1387.00000
45.57300	1393.00000
45.57800	1379.00000
45.58300	1342.00000
45.58800	1315.00000
45.59300	1274.00000
45.59800	1254.00000
45.60300	1224.00000
45.60800	1234.00000
45.61300	1252.00000
45.61800	1245.00000
45.62300	1211.00000
45.62800	1192.00000
45.63300	1168.00000
45.63800	1167.00000
45.64300	1180.00000
45.64800	1219.00000
45.65300	1202.00000
45.65800	1173.00000
45.66300	1147.00000
45.66800	1112.00000
45.67300	1083.00000
45.67800	1085.00000
45.68300	1126.00000
45.68800	1154.00000
45.69300	1129.00000
45.69800	1100.00000
45.70300	1069.00000
45.70800	1066.00000
45.71300	1078.00000
45.71800	1103.00000
45.72300	1123.00000
45.72800	1133.00000
45.73300	1119.00000
45.73800	1106.00000
45.74300	1121.00000
45.74800	1158.00000
45.75300	1195.00000
45.75800	1181.00000
45.76300	1156.00000
45.76800	1170.00000
45.77300	1234.00000
45.77800	1268.00000
45.78300	1248.00000
45.78800	1259.00000
45.79300	1278.00000
45.79800	1279.00000
45.80300	1257.00000
45.80800	1245.00000
45.81300	1261.00000
45.81800	1264.00000
45.82300	1263.00000
45.82800	1284.00000
45.83300	1301.00000
45.83800	1310.00000
45.84300	1351.00000
45.84800	1372.00000
45.85300	1384.00000
45.85800	1433.00000
45.86300	1421.00000
45.86800	1455.00000
45.87300	1454.00000
45.87800	1463.00000
45.88300	1474.00000
45.88800	1458.00000
45.89300	1451.00000
45.89800	1497.00000
45.90300	1544.00000
45.90800	1522.00000
45.91300	1478.00000
45.91800	1497.00000
45.92300	1546.00000
45.92800	1590.00000
45.93300	1580.00000
45.93800	1577.00000
45.94300	1604.00000
45.94800	1596.00000
45.95300	1534.00000
45.95800	1520.00000
45.96300	1550.00000
45.96800	1573.00000
45.97300	1531.00000
45.97800	1523.00000
45.98300	1559.00000
45.98800	1554.00000
45.99300	1516.00000
45.99800	1528.00000
46.00300	1536.00000
46.00800	1527.00000
46.01300	1517.00000
46.01800	1513.00000
46.02300	1514.00000
46.02800	1497.00000
46.03300	1474.00000
46.03800	1442.00000
46.04300	1457.00000
46.04800	1463.00000
46.05300	1444.00000
46.05800	1376.00000
46.06300	1336.00000
46.06800	1327.00000
46.07300	1346.00000
46.07800	1345.00000
46.08300	1323.00000
46.08800	1284.00000
46.09300	1271.00000
46.09800	1266.00000
46.10300	1268.00000
46.10800	1264.00000
46.11300	1227.00000
46.11800	1218.00000
46.12300	1194.00000
46.12800	1170.00000
46.13300	1172.00000
46.13800	1186.00000
46.14300	1179.00000
46.14800	1161.00000
46.15300	1171.00000
46.15800	1171.00000
46.16300	1172.00000
46.16800	1167.00000
46.17300	1154.00000
46.17800	1120.00000
46.18300	1111.00000
46.18800	1117.00000
46.19300	1119.00000
46.19800	1112.00000
46.20300	1085.00000
46.20800	1096.00000
46.21300	1096.00000
46.21800	1083.00000
46.22300	1090.00000
46.22800	1088.00000
46.23300	1082.00000
46.23800	1087.00000
46.24300	1110.00000
46.24800	1123.00000
46.25300	1106.00000
46.25800	1100.00000
46.26300	1107.00000
46.26800	1106.00000
46.27300	1085.00000
46.27800	1086.00000
46.28300	1097.00000
46.28800	1089.00000
46.29300	1079.00000
46.29800	1085.00000
46.30300	1077.00000
46.30800	1062.00000
46.31300	1032.00000
46.31800	1024.00000
46.32300	1058.00000
46.32800	1082.00000
46.33300	1100.00000
46.33800	1081.00000
46.34300	1034.00000
46.34800	1009.00000
46.35300	1035.00000
46.35800	1051.00000
46.36300	1047.00000
46.36800	1050.00000
46.37300	1046.00000
46.37800	1014.00000
46.38300	991.00000
46.38800	982.00000
46.39300	980.00000
46.39800	997.00000
46.40300	1010.00000
46.40800	1047.00000
46.41300	1075.00000
46.41800	1083.00000
46.42300	1082.00000
46.42800	1064.00000
46.43300	1039.00000
46.43800	1011.00000
46.44300	1010.00000
46.44800	1023.00000
46.45300	1031.00000
46.45800	1052.00000
46.46300	1078.00000
46.46800	1086.00000
46.47300	1089.00000
46.47800	1098.00000
46.48300	1064.00000
46.48800	1010.00000
46.49300	1009.00000
46.49800	1056.00000
46.50300	1085.00000
46.50800	1077.00000
46.51300	1051.00000
46.51800	1035.00000
46.52300	1039.00000
46.52800	1062.00000
46.53300	1083.00000
46.53800	1087.00000
46.54300	1085.00000
46.54800	1087.00000
46.55300	1085.00000
46.55800	1096.00000
46.56300	1137.00000
46.56800	1190.00000
46.57300	1213.00000
46.57800	1170.00000
46.58300	1132.00000
46.58800	1136.00000
46.59300	1130.00000
46.59800	1114.00000
46.60300	1112.00000
46.60800	1129.00000
46.61300	1145.00000
46.61800	1160.00000
46.62300	1180.00000
46.62800	1204.00000
46.63300	1231.00000
46.63800	1258.00000
46.64300	1282.00000
46.64800	1278.00000
46.65300	1245.00000
46.65800	1238.00000
46.66300	1271.00000
46.66800	1289.00000
46.67300	1276.00000
46.67800	1269.00000
46.68300	1273.00000
46.68800	1266.00000
46.69300	1281.00000
46.69800	1329.00000
46.70300	1344.00000
46.70800	1330.00000
46.71300	1332.00000
46.71800	1335.00000
46.72300	1342.00000
46.72800	1353.00000
46.73300	1352.00000
46.73800	1359.00000
46.74300	1383.00000
46.74800	1400.00000
46.75300	1390.00000
46.75800	1370.00000
46.76300	1367.00000
46.76800	1372.00000
46.77300	1366.00000
46.77800	1373.00000
46.78300	1397.00000
46.78800	1407.00000
46.79300	1404.00000
46.79800	1392.00000
46.80300	1372.00000
46.80800	1376.00000
46.81300	1419.00000
46.81800	1454.00000
46.82300	1468.00000
46.82800	1467.00000
46.83300	1446.00000
46.83800	1423.00000
46.84300	1394.00000
46.84800	1348.00000
46.85300	1321.00000
46.85800	1330.00000
46.86300	1362.00000
46.86800	1373.00000
46.87300	1347.00000
46.87800	1342.00000
46.88300	1336.00000
46.88800	1280.00000
46.89300	1245.00000
46.89800	1238.00000
46.90300	1226.00000
46.90800	1237.00000
46.91300	1250.00000
46.91800	1261.00000
46.92300	1275.00000
46.92800	1304.00000
46.93300	1334.00000
46.93800	1340.00000
46.94300	1336.00000
46.94800	1353.00000
46.95300	1393.00000
46.95800	1430.00000
46.96300	1465.00000
46.96800	1460.00000
46.97300	1457.00000
46.97800	1471.00000
46.98300	1436.00000
46.98800	1426.00000
46.99300	1418.00000
46.99800	1397.00000
47.00300	1427.00000
47.00800	1475.00000
47.01300	1535.00000
47.01800	1602.00000
47.02300	1626.00000
47.02800	1637.00000
47.03300	1671.00000
47.03800	1727.00000
47.04300	1756.00000
47.04800	1796.00000
47.05300	1865.00000
47.05800	1913.00000
47.06300	1939.00000
47.06800	1951.00000
47.07300	1934.00000
47.07800	1919.00000
47.08300	1922.00000
47.08800	1932.00000
47.09300	1958.00000
47.09800	1972.00000
47.10300	1966.00000
47.10800	1957.00000
47.11300	1935.00000
47.11800	1974.00000
47.12300	2016.00000
47.12800	2056.00000
47.13300	2122.00000
47.13800	2154.00000
47.14300	2161.00000
47.14800	2197.00000
47.15300	2209.00000
47.15800	2205.00000
47.16300	2216.00000
47.16800	2290.00000
47.17300	2354.00000
47.17800	2373.00000
47.18300	2396.00000
47.18800	2429.00000
47.19300	2381.00000
47.19800	2324.00000
47.20300	2354.00000
47.20800	2402.00000
47.21300	2441.00000
47.21800	2517.00000
47.22300	2538.00000
47.22800	2502.00000
47.23300	2456.00000
47.23800	2408.00000
47.24300	2364.00000
47.24800	2331.00000
47.25300	2283.00000
47.25800	2212.00000
47.26300	2179.00000
47.26800	2151.00000
47.27300	2110.00000
47.27800	2092.00000
47.28300	2053.00000
47.28800	2000.00000
47.29300	1956.00000
47.29800	1879.00000
47.30300	1813.00000
47.30800	1748.00000
47.31300	1678.00000
47.31800	1630.00000
47.32300	1611.00000
47.32800	1546.00000
47.33300	1491.00000
47.33800	1441.00000
47.34300	1426.00000
47.34800	1423.00000
47.35300	1381.00000
47.35800	1325.00000
47.36300	1326.00000
47.36800	1349.00000
47.37300	1352.00000
47.37800	1317.00000
47.38300	1255.00000
47.38800	1177.00000
47.39300	1129.00000
47.39800	1142.00000
47.40300	1153.00000
47.40800	1148.00000
47.41300	1150.00000
47.41800	1143.00000
47.42300	1150.00000
47.42800	1126.00000
47.43300	1109.00000
47.43800	1137.00000
47.44300	1173.00000
47.44800	1173.00000
47.45300	1115.00000
47.45800	1083.00000
47.46300	1067.00000
47.46800	1065.00000
47.47300	1103.00000
47.47800	1095.00000
47.48300	1097.00000
47.48800	1106.00000
47.49300	1132.00000
47.49800	1131.00000
47.50300	1121.00000
47.50800	1088.00000
47.51300	1068.00000
47.51800	1045.00000
47.52300	1058.00000
47.52800	1085.00000
47.53300	1074.00000
47.53800	1064.00000
47.54300	1086.00000
47.54800	1080.00000
47.55300	1106.00000
47.55800	1093.00000
47.56300	1057.00000
47.56800	1039.00000
47.57300	1088.00000
47.57800	1115.00000
47.58300	1117.00000
47.58800	1079.00000
47.59300	1072.00000
47.59800	1093.00000
47.60300	1084.00000
47.60800	1083.00000
47.61300	1137.00000
47.61800	1188.00000
47.62300	1166.00000
47.62800	1114.00000
47.63300	1092.00000
47.63800	1113.00000
47.64300	1111.00000
47.64800	1094.00000
47.65300	1095.00000
47.65800	1088.00000
47.66300	1091.00000
47.66800	1110.00000
47.67300	1092.00000
47.67800	1073.00000
47.68300	1072.00000
47.68800	1030.00000
47.69300	990.00000
47.69800	1001.00000
47.70300	1053.00000
47.70800	1070.00000
47.71300	1066.00000
47.71800	1059.00000
47.72300	1062.00000
47.72800	1046.00000
47.73300	1015.00000
47.73800	1027.00000
47.74300	1000.00000
47.74800	960.00000
47.75300	1002.00000
47.75800	970.00000
47.76300	945.00000
47.76800	986.00000
47.77300	998.00000
47.77800	943.00000
47.78300	968.00000
47.78800	940.00000
47.79300	917.00000
47.79800	933.00000
47.80300	939.00000
47.80800	972.00000
47.81300	951.00000
47.81800	926.00000
47.82300	955.00000
47.82800	1000.00000
47.83300	1030.00000
47.83800	990.00000
47.84300	972.00000
47.84800	934.00000
47.85300	930.00000
47.85800	943.00000
47.86300	972.00000
47.86800	955.00000
47.87300	951.00000
47.87800	984.00000
47.88300	1002.00000
47.88800	1013.00000
47.89300	941.00000
47.89800	928.00000
47.90300	945.00000
47.90800	997.00000
47.91300	1020.00000
47.91800	996.00000
47.92300	960.00000
47.92800	938.00000
47.93300	940.00000
47.93800	981.00000
47.94300	1004.00000
47.94800	1029.00000
47.95300	1083.00000
47.95800	1076.00000
47.96300	1047.00000
47.96800	1006.00000
47.97300	1040.00000
47.97800	1091.00000
47.98300	1131.00000
47.98800	1089.00000
47.99300	1042.00000
47.99800	1029.00000
48.00300	1014.00000
48.00800	994.00000
48.01300	1051.00000
48.01800	1120.00000
48.02300	1144.00000
48.02800	1112.00000
48.03300	1038.00000
48.03800	1007.00000
48.04300	1030.00000
48.04800	1059.00000
48.05300	1056.00000
48.05800	1017.00000
48.06300	984.00000
48.06800	969.00000
48.07300	1029.00000
48.07800	1045.00000
48.08300	1024.00000
48.08800	991.00000
48.09300	988.00000
48.09800	969.00000
48.10300	1003.00000
48.10800	1018.00000
48.11300	976.00000
48.11800	953.00000
48.12300	941.00000
48.12800	969.00000
48.13300	978.00000
48.13800	996.00000
48.14300	969.00000
48.14800	943.00000
48.15300	939.00000
48.15800	946.00000
48.16300	958.00000
48.16800	955.00000
48.17300	947.00000
48.17800	962.00000
48.18300	945.00000
48.18800	915.00000
48.19300	904.00000
48.19800	919.00000
48.20300	905.00000
48.20800	893.00000
48.21300	915.00000
48.21800	965.00000
48.22300	982.00000
48.22800	1018.00000
48.23300	1054.00000
48.23800	1066.00000
48.24300	1046.00000
48.24800	1017.00000
48.25300	997.00000
48.25800	987.00000
48.26300	978.00000
48.26800	983.00000
48.27300	978.00000
48.27800	1007.00000
48.28300	1051.00000
48.28800	1037.00000
48.29300	1009.00000
48.29800	996.00000
48.30300	979.00000
48.30800	960.00000
48.31300	960.00000
48.31800	986.00000
48.32300	1025.00000
48.32800	1054.00000
48.33300	1041.00000
48.33800	1045.00000
48.34300	1099.00000
48.34800	1123.00000
48.35300	1081.00000
48.35800	1063.00000
48.36300	1061.00000
48.36800	1054.00000
48.37300	1049.00000
48.37800	1031.00000
48.38300	1036.00000
48.38800	1067.00000
48.39300	1083.00000
48.39800	1068.00000
48.40300	1074.00000
48.40800	1095.00000
48.41300	1073.00000
48.41800	1051.00000
48.42300	1064.00000
48.42800	1094.00000
48.43300	1123.00000
48.43800	1115.00000
48.44300	1122.00000
48.44800	1150.00000
48.45300	1171.00000
48.45800	1184.00000
48.46300	1212.00000
48.46800	1240.00000
48.47300	1243.00000
48.47800	1228.00000
48.48300	1224.00000
48.48800	1200.00000
48.49300	1189.00000
48.49800	1219.00000
48.50300	1235.00000
48.50800	1222.00000
48.51300	1230.00000
48.51800	1242.00000
48.52300	1214.00000
48.52800	1225.00000
48.53300	1231.00000
48.53800	1194.00000
48.54300	1182.00000
48.54800	1205.00000
48.55300	1229.00000
48.55800	1213.00000
48.56300	1204.00000
48.56800	1224.00000
48.57300	1217.00000
48.57800	1217.00000
48.58300	1231.00000
48.58800	1213.00000
48.59300	1165.00000
48.59800	1116.00000
48.60300	1082.00000
48.60800	1066.00000
48.61300	1103.00000
48.61800	1143.00000
48.62300	1146.00000
48.62800	1160.00000
48.63300	1185.00000
48.63800	1215.00000
48.64300	1213.00000
48.64800	1194.00000
48.65300	1184.00000
48.65800	1185.00000
48.66300	1192.00000
48.66800	1166.00000
48.67300	1151.00000
48.67800	1149.00000
48.68300	1146.00000
48.68800	1163.00000
48.69300	1168.00000
48.69800	1170.00000
48.70300	1135.00000
48.70800	1109.00000
48.71300	1140.00000
48.71800	1189.00000
48.72300	1215.00000
48.72800	1182.00000
48.73300	1173.00000
48.73800	1186.00000
48.74300	1189.00000
48.74800	1164.00000
48.75300	1170.00000
48.75800	1201.00000
48.76300	1219.00000
48.76800	1187.00000
48.77300	1163.00000
48.77800	1169.00000
48.78300	1173.00000
48.78800	1158.00000
48.79300	1169.00000
48.79800	1191.00000
48.80300	1217.00000
48.80800	1197.00000
48.81300	1177.00000
48.81800	1162.00000
48.82300	1152.00000
48.82800	1107.00000
48.83300	1105.00000
48.83800	1122.00000
48.84300	1110.00000
48.84800	1130.00000
48.85300	1163.00000
48.85800	1138.00000
48.86300	1103.00000
48.86800	1074.00000
48.87300	1059.00000
48.87800	1081.00000
48.88300	1076.00000
48.88800	1075.00000
48.89300	1061.00000
48.89800	1057.00000
48.90300	1044.00000
48.90800	1088.00000
48.91300	1116.00000
48.91800	1136.00000
48.92300	1136.00000
48.92800	1122.00000
48.93300	1106.00000
48.93800	1135.00000
48.94300	1163.00000
48.94800	1177.00000
48.95300	1170.00000
48.95800	1205.00000
48.96300	1234.00000
48.96800	1232.00000
48.97300	1243.00000
48.97800	1267.00000
48.98300	1272.00000
48.98800	1295.00000
48.99300	1259.00000
48.99800	1227.00000
49.00300	1223.00000
49.00800	1268.00000
49.01300	1299.00000
49.01800	1342.00000
49.02300	1376.00000
49.02800	1366.00000
49.03300	1360.00000
49.03800	1368.00000
49.04300	1403.00000
49.04800	1380.00000
49.05300	1379.00000
49.05800	1389.00000
49.06300	1381.00000
49.06800	1356.00000
49.07300	1339.00000
49.07800	1324.00000
49.08300	1324.00000
49.08800	1311.00000
49.09300	1286.00000
49.09800	1275.00000
49.10300	1294.00000
49.10800	1348.00000
49.11300	1359.00000
49.11800	1321.00000
49.12300	1293.00000
49.12800	1252.00000
49.13300	1224.00000
49.13800	1218.00000
49.14300	1224.00000
49.14800	1224.00000
49.15300	1237.00000
49.15800	1217.00000
49.16300	1209.00000
49.16800	1226.00000
49.17300	1216.00000
49.17800	1225.00000
49.18300	1184.00000
49.18800	1163.00000
49.19300	1177.00000
49.19800	1211.00000
49.20300	1226.00000
49.20800	1221.00000
49.21300	1211.00000
49.21800	1191.00000
49.22300	1170.00000
49.22800	1152.00000
49.23300	1134.00000
49.23800	1130.00000
49.24300	1135.00000
49.24800	1146.00000
49.25300	1149.00000
49.25800	1146.00000
49.26300	1128.00000
49.26800	1132.00000
49.27300	1173.00000
49.27800	1185.00000
49.28300	1192.00000
49.28800	1182.00000
49.29300	1173.00000
49.29800	1171.00000
49.30300	1184.00000
49.30800	1199.00000
49.31300	1180.00000
49.31800	1139.00000
49.32300	1123.00000
49.32800	1127.00000
49.33300	1100.00000
49.33800	1133.00000
49.34300	1166.00000
49.34800	1148.00000
49.35300	1138.00000
49.35800	1135.00000
49.36300	1132.00000
49.36800	1129.00000
49.37300	1096.00000
49.37800	1099.00000
49.38300	1129.00000
49.38800	1143.00000
49.39300	1129.00000
49.39800	1126.00000
49.40300	1151.00000
49.40800	1184.00000
49.41300	1209.00000
49.41800	1205.00000
49.42300	1172.00000
49.42800	1153.00000
49.43300	1136.00000
49.43800	1130.00000
49.44300	1131.00000
49.44800	1127.00000
49.45300	1124.00000
49.45800	1115.00000
49.46300	1141.00000
49.46800	1166.00000
49.47300	1182.00000
49.47800	1201.00000
49.48300	1181.00000
49.48800	1170.00000
49.49300	1167.00000
49.49800	1180.00000
49.50300	1232.00000
49.50800	1234.00000
49.51300	1221.00000
49.51800	1207.00000
49.52300	1231.00000
49.52800	1237.00000
49.53300	1230.00000
49.53800	1220.00000
49.54300	1209.00000
49.54800	1211.00000
49.55300	1217.00000
49.55800	1189.00000
49.56300	1165.00000
49.56800	1182.00000
49.57300	1195.00000
49.57800	1209.00000
49.58300	1212.00000
49.58800	1185.00000
49.59300	1162.00000
49.59800	1109.00000
49.60300	1114.00000
49.60800	1152.00000
49.61300	1172.00000
49.61800	1198.00000
49.62300	1219.00000
49.62800	1215.00000
49.63300	1188.00000
49.63800	1181.00000
49.64300	1176.00000
49.64800	1170.00000
49.65300	1172.00000
49.65800	1196.00000
49.66300	1233.00000
49.66800	1273.00000
49.67300	1290.00000
49.67800	1262.00000
49.68300	1243.00000
49.68800	1259.00000
49.69300	1266.00000
49.69800	1290.00000
49.70300	1300.00000
49.70800	1297.00000
49.71300	1321.00000
49.71800	1327.00000
49.72300	1332.00000
49.72800	1367.00000
49.73300	1359.00000
49.73800	1352.00000
49.74300	1382.00000
49.74800	1445.00000
49.75300	1491.00000
49.75800	1515.00000
49.76300	1519.00000
49.76800	1541.00000
49.77300	1589.00000
49.77800	1604.00000
49.78300	1609.00000
49.78800	1632.00000
49.79300	1639.00000
49.79800	1652.00000
49.80300	1671.00000
49.80800	1686.00000
49.81300	1681.00000
49.81800	1665.00000
49.82300	1656.00000
49.82800	1653.00000
49.83300	1647.00000
49.83800	1617.00000
49.84300	1586.00000
49.84800	1604.00000
49.85300	1627.00000
49.85800	1611.00000
49.86300	1556.00000
49.86800	1525.00000
49.87300	1558.00000
49.87800	1609.00000
49.88300	1594.00000
49.88800	1531.00000
49.89300	1465.00000
49.89800	1427.00000
49.90300	1389.00000
49.90800	1388.00000
49.91300	1425.00000
49.91800	1453.00000
49.92300	1461.00000
49.92800	1451.00000
49.93300	1438.00000
49.93800	1423.00000
49.94300	1389.00000
49.94800	1349.00000
49.95300	1351.00000
49.95800	1365.00000
49.96300	1376.00000
49.96800	1414.00000
49.97300	1439.00000
49.97800	1439.00000
49.98300	1427.00000
49.98800	1402.00000
49.99300	1366.00000
49.99800	1395.00000
50.00300	1433.00000
50.00800	1397.00000
50.01300	1368.00000
50.01800	1376.00000
50.02300	1370.00000
50.02800	1351.00000
50.03300	1366.00000
50.03800	1387.00000
50.04300	1363.00000
50.04800	1339.00000
50.05300	1329.00000
50.05800	1323.00000
50.06300	1300.00000
50.06800	1269.00000
50.07300	1249.00000
50.07800	1205.00000
50.08300	1177.00000
50.08800	1191.00000
50.09300	1221.00000
50.09800	1248.00000
50.10300	1239.00000
50.10800	1206.00000
50.11300	1198.00000
50.11800	1224.00000
50.12300	1235.00000
50.12800	1219.00000
50.13300	1207.00000
50.13800	1241.00000
50.14300	1286.00000
50.14800	1305.00000
50.15300	1302.00000
50.15800	1302.00000
50.16300	1285.00000
50.16800	1290.00000
50.17300	1320.00000
50.17800	1333.00000
50.18300	1288.00000
50.18800	1274.00000
50.19300	1271.00000
50.19800	1262.00000
50.20300	1257.00000
50.20800	1222.00000
50.21300	1238.00000
50.21800	1305.00000
50.22300	1313.00000
50.22800	1285.00000
50.23300	1221.00000
50.23800	1169.00000
50.24300	1176.00000
50.24800	1190.00000
50.25300	1195.00000
50.25800	1195.00000
50.26300	1205.00000
50.26800	1190.00000
50.27300	1142.00000
50.27800	1096.00000
50.28300	1070.00000
50.28800	1079.00000
50.29300	1098.00000
50.29800	1064.00000
50.30300	1053.00000
50.30800	1036.00000
50.31300	1025.00000
50.31800	1043.00000
50.32300	1047.00000
50.32800	1061.00000
50.33300	1082.00000
50.33800	1049.00000
50.34300	1022.00000
50.34800	1006.00000
50.35300	1006.00000
50.35800	1003.00000
50.36300	1016.00000
50.36800	1000.00000
50.37300	989.00000
50.37800	1020.00000
50.38300	1034.00000
50.38800	1019.00000
50.39300	978.00000
50.39800	961.00000
50.40300	945.00000
50.40800	942.00000
50.41300	950.00000
50.41800	953.00000
50.42300	952.00000
50.42800	950.00000
50.43300	966.00000
50.43800	979.00000
50.44300	964.00000
50.44800	956.00000
50.45300	966.00000
50.45800	956.00000
50.46300	953.00000
50.46800	965.00000
50.47300	967.00000
50.47800	934.00000
50.48300	948.00000
50.48800	945.00000
50.49300	918.00000
50.49800	928.00000
50.50300	965.00000
50.50800	956.00000
50.51300	968.00000
50.51800	1016.00000
50.52300	1042.00000
50.52800	1049.00000
50.53300	1012.00000
50.53800	988.00000
50.54300	1010.00000
50.54800	1032.00000
50.55300	1022.00000
50.55800	1015.00000
50.56300	965.00000
50.56800	945.00000
50.57300	940.00000
50.57800	976.00000
50.58300	1031.00000
50.58800	1082.00000
50.59300	1029.00000
50.59800	1021.00000
50.60300	1013.00000
50.60800	1004.00000
50.61300	1010.00000
50.61800	1038.00000
50.62300	993.00000
50.62800	1003.00000
50.63300	1062.00000
50.63800	1109.00000
50.64300	1058.00000
50.64800	1016.00000
50.65300	1023.00000
50.65800	1075.00000
50.66300	1105.00000
50.66800	1143.00000
50.67300	1099.00000
50.67800	1106.00000
50.68300	1071.00000
50.68800	1044.00000
50.69300	1056.00000
50.69800	1037.00000
50.70300	1042.00000
50.70800	1036.00000
50.71300	1017.00000
50.71800	1009.00000
50.72300	981.00000
50.72800	950.00000
50.73300	1008.00000
50.73800	1062.00000
50.74300	1056.00000
50.74800	1014.00000
50.75300	1009.00000
50.75800	1029.00000
50.76300	1057.00000
50.76800	1043.00000
50.77300	1050.00000
50.77800	1048.00000
50.78300	1079.00000
50.78800	1090.00000
50.79300	1078.00000
50.79800	1113.00000
50.80300	1112.00000
50.80800	1127.00000
50.81300	1063.00000
50.81800	1076.00000
50.82300	1104.00000
50.82800	1132.00000
50.83300	1184.00000
50.83800	1233.00000
50.84300	1247.00000
50.84800	1240.00000
50.85300	1293.00000
50.85800	1234.00000
50.86300	1226.00000
50.86800	1230.00000
50.87300	1219.00000
50.87800	1267.00000
50.88300	1289.00000
50.88800	1291.00000
50.89300	1319.00000
50.89800	1326.00000
50.90300	1317.00000
50.90800	1299.00000
50.91300	1304.00000
50.91800	1283.00000
50.92300	1276.00000
50.92800	1245.00000
50.93300	1254.00000
50.93800	1303.00000
50.94300	1316.00000
50.94800	1324.00000
50.95300	1303.00000
50.95800	1288.00000
50.96300	1283.00000
50.96800	1314.00000
50.97300	1363.00000
50.97800	1407.00000
50.98300	1368.00000
50.98800	1377.00000
50.99300	1377.00000
50.99800	1375.00000
51.00300	1390.00000
51.00800	1397.00000
51.01300	1387.00000
51.01800	1406.00000
51.02300	1404.00000
51.02800	1398.00000
51.03300	1388.00000
51.03800	1423.00000
51.04300	1428.00000
51.04800	1429.00000
51.05300	1449.00000
51.05800	1449.00000
51.06300	1407.00000
51.06800	1400.00000
51.07300	1445.00000
51.07800	1458.00000
51.08300	1415.00000
51.08800	1408.00000
51.09300	1435.00000
51.09800	1518.00000
51.10300	1568.00000
51.10800	1594.00000
51.11300	1623.00000
51.11800	1575.00000
51.12300	1584.00000
51.12800	1579.00000
51.13300	1591.00000
51.13800	1615.00000
51.14300	1652.00000
51.14800	1713.00000
51.15300	1693.00000
51.15800	1717.00000
51.16300	1776.00000
51.16800	1747.00000
51.17300	1754.00000
51.17800	1809.00000
51.18300	1869.00000
51.18800	1884.00000
51.19300	1906.00000
51.19800	1905.00000
51.20300	1894.00000
51.20800	1895.00000
51.21300	1862.00000
51.21800	1811.00000
51.22300	1774.00000
51.22800	1757.00000
51.23300	1744.00000
51.23800	1751.00000
51.24300	1724.00000
51.24800	1663.00000
51.25300	1636.00000
51.25800	1597.00000
51.26300	1557.00000
51.26800	1492.00000
51.27300	1458.00000
51.27800	1442.00000
51.28300	1443.00000
51.28800	1426.00000
51.29300	1387.00000
51.29800	1344.00000
51.30300	1313.00000
51.30800	1313.00000
51.31300	1314.00000
51.31800	1305.00000
51.32300	1273.00000
51.32800	1252.00000
51.33300	1234.00000
51.33800	1204.00000
51.34300	1205.00000
51.34800	1205.00000
51.35300	1207.00000
51.35800	1250.00000
51.36300	1270.00000
51.36800	1273.00000
51.37300	1261.00000
51.37800	1224.00000
51.38300	1192.00000
51.38800	1175.00000
51.39300	1176.00000
51.39800	1183.00000
51.40300	1180.00000
51.40800	1198.00000
51.41300	1182.00000
51.41800	1146.00000
51.42300	1137.00000
51.42800	1137.00000
51.43300	1157.00000
51.43800	1147.00000
51.44300	1132.00000
51.44800	1126.00000
51.45300	1128.00000
51.45800	1107.00000
51.46300	1087.00000
51.46800	1094.00000
51.47300	1108.00000
51.47800	1149.00000
51.48300	1169.00000
51.48800	1185.00000
51.49300	1213.00000
51.49800	1180.00000
51.50300	1127.00000
51.50800	1089.00000
51.51300	1095.00000
51.51800	1099.00000
51.52300	1095.00000
51.52800	1146.00000
51.53300	1153.00000
51.53800	1122.00000
51.54300	1117.00000
51.54800	1122.00000
51.55300	1136.00000
51.55800	1138.00000
51.56300	1130.00000
51.56800	1140.00000
51.57300	1162.00000
51.57800	1226.00000
51.58300	1224.00000
51.58800	1196.00000
51.59300	1202.00000
51.59800	1209.00000
51.60300	1219.00000
51.60800	1245.00000
51.61300	1240.00000
51.61800	1267.00000
51.62300	1307.00000
51.62800	1299.00000
51.63300	1305.00000
51.63800	1285.00000
51.64300	1273.00000
51.64800	1258.00000
51.65300	1240.00000
51.65800	1261.00000
51.66300	1298.00000
51.66800	1332.00000
51.67300	1360.00000
51.67800	1385.00000
51.68300	1370.00000
51.68800	1328.00000
51.69300	1303.00000
51.69800	1260.00000
51.70300	1242.00000
51.70800	1254.00000
51.71300	1297.00000
51.71800	1303.00000
51.72300	1326.00000
51.72800	1378.00000
51.73300	1409.00000
51.73800	1371.00000
51.74300	1375.00000
51.74800	1386.00000
51.75300	1405.00000
51.75800	1446.00000
51.76300	1446.00000
51.76800	1425.00000
51.77300	1428.00000
51.77800	1418.00000
51.78300	1415.00000
51.78800	1371.00000
51.79300	1324.00000
51.79800	1312.00000
51.80300	1295.00000
51.80800	1268.00000
51.81300	1277.00000
51.81800	1254.00000
51.82300	1244.00000
51.82800	1253.00000
51.83300	1218.00000
51.83800	1214.00000
51.84300	1180.00000
51.84800	1156.00000
51.85300	1095.00000
51.85800	1110.00000
51.86300	1198.00000
51.86800	1179.00000
51.87300	1170.00000
51.87800	1141.00000
51.88300	1141.00000
51.88800	1119.00000
51.89300	1111.00000
51.89800	1107.00000
51.90300	1102.00000
51.90800	1156.00000
51.91300	1163.00000
51.91800	1180.00000
51.92300	1166.00000
51.92800	1101.00000
51.93300	1059.00000
51.93800	1041.00000
51.94300	1052.00000
51.94800	1072.00000
51.95300	1050.00000
51.95800	1024.00000
51.96300	1020.00000
51.96800	1026.00000
51.97300	1033.00000
51.97800	1001.00000
51.98300	937.00000
51.98800	925.00000
51.99300	964.00000
51.99800	1032.00000
52.00300	1023.00000
52.00800	1036.00000
52.01300	1033.00000
52.01800	986.00000
52.02300	963.00000
52.02800	933.00000
52.03300	934.00000
52.03800	907.00000
52.04300	887.00000
52.04800	937.00000
52.05300	966.00000
52.05800	988.00000
52.06300	981.00000
52.06800	980.00000
52.07300	966.00000
52.07800	942.00000
52.08300	940.00000
52.08800	930.00000
52.09300	901.00000
52.09800	922.00000
52.10300	965.00000
52.10800	966.00000
52.11300	911.00000
52.11800	924.00000
52.12300	949.00000
52.12800	968.00000
52.13300	993.00000
52.13800	958.00000
52.14300	915.00000
52.14800	949.00000
52.15300	963.00000
52.15800	980.00000
52.16300	1012.00000
52.16800	1010.00000
52.17300	966.00000
52.17800	970.00000
52.18300	941.00000
52.18800	915.00000
52.19300	921.00000
52.19800	937.00000
52.20300	950.00000
52.20800	942.00000
52.21300	949.00000
52.21800	940.00000
52.22300	933.00000
52.22800	901.00000
52.23300	906.00000
52.23800	899.00000
52.24300	923.00000
52.24800	938.00000
52.25300	973.00000
52.25800	977.00000
52.26300	976.00000
52.26800	970.00000
52.27300	963.00000
52.27800	1010.00000
52.28300	1021.00000
52.28800	987.00000
52.29300	961.00000
52.29800	983.00000
52.30300	974.00000
52.30800	971.00000
52.31300	983.00000
52.31800	1031.00000
52.32300	1078.00000
52.32800	1042.00000
52.33300	1058.00000
52.33800	1096.00000
52.34300	1126.00000
52.34800	1106.00000
52.35300	1044.00000
52.35800	1008.00000
52.36300	1039.00000
52.36800	1087.00000
52.37300	1111.00000
52.37800	1085.00000
52.38300	1096.00000
52.38800	1135.00000
52.39300	1115.00000
52.39800	1108.00000
52.40300	1164.00000
52.40800	1206.00000
52.41300	1190.00000
52.41800	1190.00000
52.42300	1167.00000
52.42800	1141.00000
52.43300	1126.00000
52.43800	1131.00000
52.44300	1175.00000
52.44800	1207.00000
52.45300	1199.00000
52.45800	1173.00000
52.46300	1148.00000
52.46800	1114.00000
52.47300	1104.00000
52.47800	1113.00000
52.48300	1117.00000
52.48800	1089.00000
52.49300	1062.00000
52.49800	1044.00000
52.50300	1040.00000
52.50800	1036.00000
52.51300	1014.00000
52.51800	1005.00000
52.52300	1007.00000
52.52800	986.00000
52.53300	984.00000
52.53800	1013.00000
52.54300	994.00000
52.54800	957.00000
52.55300	950.00000
52.55800	961.00000
52.56300	957.00000
52.56800	945.00000
52.57300	926.00000
52.57800	899.00000
52.58300	917.00000
52.58800	970.00000
52.59300	993.00000
52.59800	996.00000
52.60300	1004.00000
52.60800	992.00000
52.61300	956.00000
52.61800	908.00000
52.62300	904.00000
52.62800	950.00000
52.63300	960.00000
52.63800	956.00000
52.64300	952.00000
52.64800	940.00000
52.65300	932.00000
52.65800	949.00000
52.66300	949.00000
52.66800	955.00000
52.67300	985.00000
52.67800	978.00000
52.68300	950.00000
52.68800	937.00000
52.69300	944.00000
52.69800	961.00000
52.70300	974.00000
52.70800	970.00000
52.71300	982.00000
52.71800	1000.00000
52.72300	1018.00000
52.72800	1006.00000
52.73300	982.00000
52.73800	977.00000
52.74300	967.00000
52.74800	955.00000
52.75300	926.00000
52.75800	944.00000
52.76300	993.00000
52.76800	1016.00000
52.77300	994.00000
52.77800	1000.00000
52.78300	1015.00000
52.78800	1016.00000
52.79300	1023.00000
52.79800	1005.00000
52.80300	985.00000
52.80800	1016.00000
52.81300	1020.00000
52.81800	1011.00000
52.82300	1021.00000
52.82800	1007.00000
52.83300	976.00000
52.83800	992.00000
52.84300	1028.00000
52.84800	1046.00000
52.85300	1034.00000
52.85800	1013.00000
52.86300	1028.00000
52.86800	1052.00000
52.87300	1056.00000
52.87800	1045.00000
52.88300	1043.00000
52.88800	1055.00000
52.89300	1040.00000
52.89800	1034.00000
52.90300	1076.00000
52.90800	1128.00000
52.91300	1112.00000
52.91800	1119.00000
52.92300	1087.00000
52.92800	1078.00000
52.93300	1070.00000
52.93800	1059.00000
52.94300	1071.00000
52.94800	1073.00000
52.95300	1081.00000
52.95800	1081.00000
52.96300	1114.00000
52.96800	1134.00000
52.97300	1141.00000
52.97800	1133.00000
52.98300	1094.00000
52.98800	1069.00000
52.99300	1110.00000
52.99800	1145.00000
53.00300	1148.00000
53.00800	1157.00000
53.01300	1202.00000
53.01800	1185.00000
53.02300	1190.00000
53.02800	1187.00000
53.03300	1219.00000
53.03800	1271.00000
53.04300	1197.00000
53.04800	1177.00000
53.05300	1195.00000
53.05800	1191.00000
53.06300	1157.00000
53.06800	1120.00000
53.07300	1129.00000
53.07800	1135.00000
53.08300	1127.00000
53.08800	1173.00000
53.09300	1150.00000
53.09800	1138.00000
53.10300	1212.00000
53.10800	1264.00000
53.11300	1255.00000
53.11800	1194.00000
53.12300	1211.00000
53.12800	1218.00000
53.13300	1189.00000
53.13800	1204.00000
53.14300	1179.00000
53.14800	1181.00000
53.15300	1174.00000
53.15800	1133.00000
53.16300	1101.00000
53.16800	1150.00000
53.17300	1183.00000
53.17800	1199.00000
53.18300	1163.00000
53.18800	1131.00000
53.19300	1216.00000
53.19800	1215.00000
53.20300	1177.00000
53.20800	1188.00000
53.21300	1164.00000
53.21800	1187.00000
53.22300	1140.00000
53.22800	1103.00000
53.23300	1132.00000
53.23800	1162.00000
53.24300	1126.00000
53.24800	1106.00000
53.25300	1071.00000
53.25800	1107.00000
53.26300	1103.00000
53.26800	1130.00000
53.27300	1115.00000
53.27800	1083.00000
53.28300	1059.00000
53.28800	1109.00000
53.29300	1120.00000
53.29800	1054.00000
53.30300	1043.00000
53.30800	1076.00000
53.31300	1094.00000
53.31800	1057.00000
53.32300	1030.00000
53.32800	1090.00000
53.33300	1122.00000
53.33800	1081.00000
53.34300	1083.00000
53.34800	1052.00000
53.35300	1090.00000
53.35800	1110.00000
53.36300	1050.00000
53.36800	1005.00000
53.37300	1005.00000
53.37800	997.00000
53.38300	1026.00000
53.38800	1079.00000
53.39300	1072.00000
53.39800	1034.00000
53.40300	1027.00000
53.40800	1093.00000
53.41300	1021.00000
53.41800	1030.00000
53.42300	1034.00000
53.42800	1033.00000
53.43300	1020.00000
53.43800	993.00000
53.44300	1002.00000
53.44800	1021.00000
53.45300	998.00000
53.45800	964.00000
53.46300	930.00000
53.46800	934.00000
53.47300	910.00000
53.47800	909.00000
53.48300	944.00000
53.48800	930.00000
53.49300	980.00000
53.49800	966.00000
53.50300	919.00000
53.50800	900.00000
53.51300	904.00000
53.51800	881.00000
53.52300	898.00000
53.52800	879.00000
53.53300	902.00000
53.53800	884.00000
53.54300	821.00000
53.54800	832.00000
53.55300	894.00000
53.55800	881.00000
53.56300	839.00000
53.56800	887.00000
53.57300	911.00000
53.57800	910.00000
53.58300	861.00000
53.58800	890.00000
53.59300	941.00000
53.59800	917.00000
53.60300	888.00000
53.60800	884.00000
53.61300	871.00000
53.61800	892.00000
53.62300	840.00000
53.62800	851.00000
53.63300	865.00000
53.63800	851.00000
53.64300	866.00000
53.64800	853.00000
53.65300	826.00000
53.65800	832.00000
53.66300	829.00000
53.66800	847.00000
53.67300	895.00000
53.67800	937.00000
53.68300	901.00000
53.68800	909.00000
53.69300	909.00000
53.69800	923.00000
53.70300	918.00000
53.70800	878.00000
53.71300	858.00000
53.71800	910.00000
53.72300	956.00000
53.72800	943.00000
53.73300	863.00000
53.73800	827.00000
53.74300	829.00000
53.74800	822.00000
53.75300	824.00000
53.75800	843.00000
53.76300	824.00000
53.76800	820.00000
53.77300	878.00000
53.77800	920.00000
53.78300	927.00000
53.78800	925.00000
53.79300	880.00000
53.79800	874.00000
53.80300	876.00000
53.80800	905.00000
53.81300	907.00000
53.81800	896.00000
53.82300	937.00000
53.82800	973.00000
53.83300	972.00000
53.83800	949.00000
53.84300	911.00000
53.84800	899.00000
53.85300	875.00000
53.85800	870.00000
53.86300	859.00000
53.86800	856.00000
53.87300	885.00000
53.87800	933.00000
53.88300	942.00000
53.88800	941.00000
53.89300	962.00000
53.89800	962.00000
53.90300	990.00000
53.90800	1016.00000
53.91300	1067.00000
53.91800	1053.00000
53.92300	1062.00000
53.92800	1069.00000
53.93300	1063.00000
53.93800	1069.00000
53.94300	1042.00000
53.94800	1009.00000
53.95300	1050.00000
53.95800	1085.00000
53.96300	1097.00000
53.96800	1101.00000
53.97300	1099.00000
53.97800	1090.00000
53.98300	1019.00000
53.98800	1006.00000
53.99300	1055.00000
53.99800	1068.00000
54.00300	1010.00000
54.00800	1006.00000
54.01300	1022.00000
54.01800	978.00000
54.02300	952.00000
54.02800	966.00000
54.03300	944.00000
54.03800	901.00000
54.04300	885.00000
54.04800	865.00000
54.05300	856.00000
54.05800	887.00000
54.06300	888.00000
54.06800	892.00000
54.07300	941.00000
54.07800	960.00000
54.08300	952.00000
54.08800	927.00000
54.09300	928.00000
54.09800	928.00000
54.10300	915.00000
54.10800	911.00000
54.11300	892.00000
54.11800	863.00000
54.12300	880.00000
54.12800	874.00000
54.13300	878.00000
54.13800	939.00000
54.14300	948.00000
54.14800	921.00000
54.15300	932.00000
54.15800	921.00000
54.16300	860.00000
54.16800	827.00000
54.17300	808.00000
54.17800	823.00000
54.18300	846.00000
54.18800	870.00000
54.19300	885.00000
54.19800	894.00000
54.20300	903.00000
54.20800	893.00000
54.21300	876.00000
54.21800	887.00000
54.22300	917.00000
54.22800	905.00000
54.23300	900.00000
54.23800	917.00000
54.24300	906.00000
54.24800	902.00000
54.25300	923.00000
54.25800	936.00000
54.26300	945.00000
54.26800	958.00000
54.27300	988.00000
54.27800	996.00000
54.28300	975.00000
54.28800	955.00000
54.29300	956.00000
54.29800	923.00000
54.30300	906.00000
54.30800	913.00000
54.31300	899.00000
54.31800	885.00000
54.32300	901.00000
54.32800	927.00000
54.33300	914.00000
54.33800	897.00000
54.34300	887.00000
54.34800	897.00000
54.35300	906.00000
54.35800	916.00000
54.36300	943.00000
54.36800	970.00000
54.37300	1012.00000
54.37800	995.00000
54.38300	961.00000
54.38800	928.00000
54.39300	903.00000
54.39800	904.00000
54.40300	900.00000
54.40800	858.00000
54.41300	830.00000
54.41800	859.00000
54.42300	880.00000
54.42800	881.00000
54.43300	881.00000
54.43800	892.00000
54.44300	875.00000
54.44800	870.00000
54.45300	898.00000
54.45800	900.00000
54.46300	889.00000
54.46800	880.00000
54.47300	889.00000
54.47800	898.00000
54.48300	903.00000
54.48800	909.00000
54.49300	883.00000
54.49800	874.00000
54.50300	898.00000
54.50800	900.00000
54.51300	875.00000
54.51800	858.00000
54.52300	840.00000
54.52800	831.00000
54.53300	849.00000
54.53800	874.00000
54.54300	858.00000
54.54800	829.00000
54.55300	822.00000
54.55800	846.00000
54.56300	865.00000
54.56800	882.00000
54.57300	889.00000
54.57800	908.00000
54.58300	926.00000
54.58800	925.00000
54.59300	908.00000
54.59800	877.00000
54.60300	884.00000
54.60800	912.00000
54.61300	922.00000
54.61800	903.00000
54.62300	898.00000
54.62800	924.00000
54.63300	958.00000
54.63800	941.00000
54.64300	886.00000
54.64800	887.00000
54.65300	910.00000
54.65800	903.00000
54.66300	895.00000
54.66800	908.00000
54.67300	932.00000
54.67800	947.00000
54.68300	968.00000
54.68800	980.00000
54.69300	984.00000
54.69800	979.00000
54.70300	975.00000
54.70800	964.00000
54.71300	921.00000
54.71800	921.00000
54.72300	949.00000
54.72800	926.00000
54.73300	912.00000
54.73800	920.00000
54.74300	915.00000
54.74800	909.00000
54.75300	900.00000
54.75800	886.00000
54.76300	885.00000
54.76800	887.00000
54.77300	890.00000
54.77800	913.00000
54.78300	895.00000
54.78800	880.00000
54.79300	891.00000
54.79800	888.00000
54.80300	882.00000
54.80800	868.00000
54.81300	839.00000
54.81800	799.00000
54.82300	798.00000
54.82800	827.00000
54.83300	874.00000
54.83800	918.00000
54.84300	911.00000
54.84800	867.00000
54.85300	805.00000
54.85800	776.00000
54.86300	816.00000
54.86800	857.00000
54.87300	838.00000
54.87800	845.00000
54.88300	870.00000
54.88800	841.00000
54.89300	817.00000
54.89800	831.00000
54.90300	849.00000
54.90800	858.00000
54.91300	872.00000
54.91800	876.00000
54.92300	849.00000
54.92800	827.00000
54.93300	832.00000
54.93800	848.00000
54.94300	849.00000
54.94800	847.00000
54.95300	824.00000
54.95800	778.00000
54.96300	786.00000
54.96800	824.00000
54.97300	841.00000
54.97800	842.00000
54.98300	823.00000
54.98800	822.00000
54.99300	836.00000
54.99800	824.00000
55.00300	832.00000
55.00800	858.00000
55.01300	855.00000
55.01800	808.00000
55.02300	772.00000
55.02800	791.00000
55.03300	809.00000
55.03800	830.00000
55.04300	858.00000
55.04800	862.00000
55.05300	830.00000
55.05800	800.00000
55.06300	804.00000
55.06800	822.00000
55.07300	821.00000
55.07800	805.00000
55.08300	805.00000
55.08800	852.00000
55.09300	860.00000
55.09800	794.00000
55.10300	773.00000
55.10800	775.00000
55.11300	770.00000
55.11800	807.00000
55.12300	842.00000
55.12800	863.00000
55.13300	863.00000
55.13800	856.00000
55.14300	838.00000
55.14800	854.00000
55.15300	888.00000
55.15800	861.00000
55.16300	825.00000
55.16800	792.00000
55.17300	803.00000
55.17800	847.00000
55.18300	860.00000
55.18800	860.00000
55.19300	866.00000
55.19800	876.00000
55.20300	879.00000
55.20800	864.00000
55.21300	846.00000
55.21800	823.00000
55.22300	795.00000
55.22800	798.00000
55.23300	803.00000
55.23800	802.00000
55.24300	800.00000
55.24800	828.00000
55.25300	870.00000
55.25800	880.00000
55.26300	833.00000
55.26800	802.00000
55.27300	792.00000
55.27800	798.00000
55.28300	818.00000
55.28800	840.00000
55.29300	876.00000
55.29800	885.00000
55.30300	867.00000
55.30800	859.00000
55.31300	855.00000
55.31800	880.00000
55.32300	926.00000
55.32800	933.00000
55.33300	915.00000
55.33800	905.00000
55.34300	866.00000
55.34800	835.00000
55.35300	841.00000
55.35800	847.00000
55.36300	894.00000
55.36800	923.00000
55.37300	913.00000
55.37800	905.00000
55.38300	893.00000
55.38800	903.00000
55.39300	923.00000
55.39800	979.00000
55.40300	1030.00000
55.40800	1020.00000
55.41300	1003.00000
55.41800	1000.00000
55.42300	997.00000
55.42800	984.00000
55.43300	943.00000
55.43800	934.00000
55.44300	947.00000
55.44800	958.00000
55.45300	967.00000
55.45800	973.00000
55.46300	975.00000
55.46800	977.00000
55.47300	990.00000
55.47800	1055.00000
55.48300	1089.00000
55.48800	1065.00000
55.49300	1036.00000
55.49800	1007.00000
55.50300	1004.00000
55.50800	1009.00000
55.51300	1004.00000
55.51800	981.00000
55.52300	990.00000
55.52800	1028.00000
55.53300	1047.00000
55.53800	1060.00000
55.54300	1046.00000
55.54800	1009.00000
55.55300	985.00000
55.55800	982.00000
55.56300	971.00000
55.56800	963.00000
55.57300	979.00000
55.57800	1022.00000
55.58300	1055.00000
55.58800	1071.00000
55.59300	1052.00000
55.59800	989.00000
55.60300	952.00000
55.60800	937.00000
55.61300	943.00000
55.61800	965.00000
55.62300	957.00000
55.62800	933.00000
55.63300	946.00000
55.63800	945.00000
55.64300	926.00000
55.64800	928.00000
55.65300	939.00000
55.65800	905.00000
55.66300	884.00000
55.66800	891.00000
55.67300	889.00000
55.67800	908.00000
55.68300	934.00000
55.68800	931.00000
55.69300	912.00000
55.69800	915.00000
55.70300	934.00000
55.70800	958.00000
55.71300	936.00000
55.71800	903.00000
55.72300	895.00000
55.72800	893.00000
55.73300	886.00000
55.73800	902.00000
55.74300	896.00000
55.74800	884.00000
55.75300	888.00000
55.75800	896.00000
55.76300	869.00000
55.76800	860.00000
55.77300	894.00000
55.77800	896.00000
55.78300	887.00000
55.78800	896.00000
55.79300	870.00000
55.79800	841.00000
55.80300	850.00000
55.80800	840.00000
55.81300	846.00000
55.81800	895.00000
55.82300	926.00000
55.82800	915.00000
55.83300	876.00000
55.83800	870.00000
55.84300	859.00000
55.84800	867.00000
55.85300	865.00000
55.85800	888.00000
55.86300	882.00000
55.86800	854.00000
55.87300	848.00000
55.87800	864.00000
55.88300	856.00000
55.88800	844.00000
55.89300	847.00000
55.89800	853.00000
55.90300	830.00000
55.90800	833.00000
55.91300	852.00000
55.91800	890.00000
55.92300	882.00000
55.92800	831.00000
55.93300	828.00000
55.93800	839.00000
55.94300	857.00000
55.94800	862.00000
55.95300	844.00000
55.95800	810.00000
55.96300	786.00000
55.96800	799.00000
55.97300	828.00000
55.97800	845.00000
55.98300	850.00000
55.98800	861.00000
55.99300	878.00000
55.99800	883.00000
56.00300	926.00000
56.00800	894.00000
56.01300	836.00000
56.01800	830.00000
56.02300	852.00000
56.02800	865.00000
56.03300	891.00000
56.03800	899.00000
56.04300	860.00000
56.04800	859.00000
56.05300	902.00000
56.05800	920.00000
56.06300	906.00000
56.06800	877.00000
56.07300	874.00000
56.07800	882.00000
56.08300	881.00000
56.08800	844.00000
56.09300	822.00000
56.09800	845.00000
56.10300	875.00000
56.10800	881.00000
56.11300	859.00000
56.11800	847.00000
56.12300	847.00000
56.12800	859.00000
56.13300	843.00000
56.13800	809.00000
56.14300	822.00000
56.14800	797.00000
56.15300	804.00000
56.15800	822.00000
56.16300	837.00000
56.16800	829.00000
56.17300	816.00000
56.17800	817.00000
56.18300	826.00000
56.18800	816.00000
56.19300	853.00000
56.19800	882.00000
56.20300	917.00000
56.20800	917.00000
56.21300	910.00000
56.21800	915.00000
56.22300	876.00000
56.22800	843.00000
56.23300	870.00000
56.23800	858.00000
56.24300	838.00000
56.24800	832.00000
56.25300	870.00000
56.25800	926.00000
56.26300	965.00000
56.26800	932.00000
56.27300	905.00000
56.27800	921.00000
56.28300	939.00000
56.28800	930.00000
56.29300	922.00000
56.29800	898.00000
56.30300	893.00000
56.30800	896.00000
56.31300	881.00000
56.31800	881.00000
56.32300	891.00000
56.32800	872.00000
56.33300	877.00000
56.33800	898.00000
56.34300	898.00000
56.34800	905.00000
56.35300	886.00000
56.35800	912.00000
56.36300	922.00000
56.36800	869.00000
56.37300	840.00000
56.37800	857.00000
56.38300	850.00000
56.38800	871.00000
56.39300	916.00000
56.39800	935.00000
56.40300	954.00000
56.40800	967.00000
56.41300	976.00000
56.41800	989.00000
56.42300	967.00000
56.42800	945.00000
56.43300	933.00000
56.43800	929.00000
56.44300	903.00000
56.44800	963.00000
56.45300	1013.00000
56.45800	1065.00000
56.46300	1067.00000
56.46800	1024.00000
56.47300	1037.00000
56.47800	1063.00000
56.48300	1044.00000
56.48800	1041.00000
56.49300	1043.00000
56.49800	1036.00000
56.50300	1047.00000
56.50800	1044.00000
56.51300	1050.00000
56.51800	1048.00000
56.52300	1063.00000
56.52800	1050.00000
56.53300	1054.00000
56.53800	1058.00000
56.54300	1087.00000
56.54800	1140.00000
56.55300	1187.00000
56.55800	1190.00000
56.56300	1180.00000
56.56800	1137.00000
56.57300	1127.00000
56.57800	1086.00000
56.58300	1104.00000
56.58800	1155.00000
56.59300	1115.00000
56.59800	1061.00000
56.60300	1042.00000
56.60800	1033.00000
56.61300	1042.00000
56.61800	1030.00000
56.62300	1007.00000
56.62800	1012.00000
56.63300	1002.00000
56.63800	976.00000
56.64300	945.00000
56.64800	961.00000
56.65300	971.00000
56.65800	961.00000
56.66300	965.00000
56.66800	953.00000
56.67300	940.00000
56.67800	939.00000
56.68300	957.00000
56.68800	977.00000
56.69300	962.00000
56.69800	944.00000
56.70300	918.00000
56.70800	909.00000
56.71300	878.00000
56.71800	864.00000
56.72300	879.00000
56.72800	892.00000
56.73300	914.00000
56.73800	914.00000
56.74300	884.00000
56.74800	873.00000
56.75300	879.00000
56.75800	885.00000
56.76300	898.00000
56.76800	845.00000
56.77300	827.00000
56.77800	827.00000
56.78300	843.00000
56.78800	842.00000
56.79300	853.00000
56.79800	857.00000
56.80300	854.00000
56.80800	846.00000
56.81300	829.00000
56.81800	842.00000
56.82300	820.00000
56.82800	840.00000
56.83300	857.00000
56.83800	859.00000
56.84300	835.00000
56.84800	834.00000
56.85300	849.00000
56.85800	860.00000
56.86300	870.00000
56.86800	907.00000
56.87300	947.00000
56.87800	944.00000
56.88300	917.00000
56.88800	922.00000
56.89300	923.00000
56.89800	926.00000
56.90300	947.00000
56.90800	954.00000
56.91300	976.00000
56.91800	930.00000
56.92300	887.00000
56.92800	879.00000
56.93300	904.00000
56.93800	941.00000
56.94300	993.00000
56.94800	992.00000
56.95300	970.00000
56.95800	977.00000
56.96300	933.00000
56.96800	945.00000
56.97300	953.00000
56.97800	974.00000
56.98300	985.00000
56.98800	1003.00000
56.99300	1015.00000
56.99800	1046.00000
57.00300	1039.00000
57.00800	1046.00000
57.01300	1064.00000
57.01800	1081.00000
57.02300	1045.00000
57.02800	1031.00000
57.03300	1021.00000
57.03800	967.00000
57.04300	934.00000
57.04800	940.00000
57.05300	925.00000
57.05800	927.00000
57.06300	949.00000
57.06800	935.00000
57.07300	886.00000
57.07800	858.00000
57.08300	849.00000
57.08800	889.00000
57.09300	912.00000
57.09800	926.00000
57.10300	900.00000
57.10800	887.00000
57.11300	910.00000
57.11800	908.00000
57.12300	922.00000
57.12800	946.00000
57.13300	954.00000
57.13800	919.00000
57.14300	873.00000
57.14800	868.00000
57.15300	851.00000
57.15800	857.00000
57.16300	852.00000
57.16800	868.00000
57.17300	882.00000
57.17800	879.00000
57.18300	853.00000
57.18800	918.00000
57.19300	917.00000
57.19800	939.00000
57.20300	921.00000
57.20800	903.00000
57.21300	866.00000
57.21800	844.00000
57.22300	882.00000
57.22800	925.00000
57.23300	949.00000
57.23800	994.00000
57.24300	1020.00000
57.24800	1009.00000
57.25300	971.00000
57.25800	952.00000
57.26300	974.00000
57.26800	939.00000
57.27300	914.00000
57.27800	909.00000
57.28300	926.00000
57.28800	955.00000
57.29300	940.00000
57.29800	954.00000
57.30300	926.00000
57.30800	938.00000
57.31300	922.00000
57.31800	968.00000
57.32300	950.00000
57.32800	903.00000
57.33300	883.00000
57.33800	950.00000
57.34300	966.00000
57.34800	951.00000
57.35300	993.00000
57.35800	1030.00000
57.36300	1018.00000
57.36800	1031.00000
57.37300	1007.00000
57.37800	969.00000
57.38300	933.00000
57.38800	906.00000
57.39300	922.00000
57.39800	916.00000
57.40300	938.00000
57.40800	937.00000
57.41300	924.00000
57.41800	893.00000
57.42300	935.00000
57.42800	937.00000
57.43300	908.00000
57.43800	894.00000
57.44300	881.00000
57.44800	927.00000
57.45300	910.00000
57.45800	875.00000
57.46300	873.00000
57.46800	901.00000
57.47300	950.00000
57.47800	942.00000
57.48300	908.00000
57.48800	902.00000
57.49300	909.00000
57.49800	894.00000
57.50300	877.00000
57.50800	876.00000
57.51300	896.00000
57.51800	914.00000
57.52300	895.00000
57.52800	855.00000
57.53300	853.00000
57.53800	866.00000
57.54300	897.00000
57.54800	953.00000
57.55300	969.00000
57.55800	957.00000
57.56300	950.00000
57.56800	961.00000
57.57300	930.00000
57.57800	905.00000
57.58300	933.00000
57.58800	926.00000
57.59300	938.00000
57.59800	985.00000
57.60300	1042.00000
57.60800	1075.00000
57.61300	1068.00000
57.61800	1050.00000
57.62300	1018.00000
57.62800	994.00000
57.63300	969.00000
57.63800	984.00000
57.64300	984.00000
57.64800	971.00000
57.65300	989.00000
57.65800	1002.00000
57.66300	979.00000
57.66800	933.00000
57.67300	931.00000
57.67800	937.00000
57.68300	941.00000
57.68800	931.00000
57.69300	890.00000
57.69800	869.00000
57.70300	883.00000
57.70800	892.00000
57.71300	899.00000
57.71800	921.00000
57.72300	877.00000
57.72800	905.00000
57.73300	902.00000
57.73800	885.00000
57.74300	875.00000
57.74800	876.00000
57.75300	834.00000
57.75800	843.00000
57.76300	877.00000
57.76800	872.00000
57.77300	848.00000
57.77800	852.00000
57.78300	850.00000
57.78800	831.00000
57.79300	836.00000
57.79800	856.00000
57.80300	848.00000
57.80800	869.00000
57.81300	885.00000
57.81800	866.00000
57.82300	852.00000
57.82800	821.00000
57.83300	834.00000
57.83800	859.00000
57.84300	840.00000
57.84800	833.00000
57.85300	865.00000
57.85800	859.00000
57.86300	842.00000
57.86800	864.00000
57.87300	834.00000
57.87800	827.00000
57.88300	813.00000
57.88800	803.00000
57.89300	787.00000
57.89800	803.00000
57.90300	777.00000
57.90800	763.00000
57.91300	784.00000
57.91800	824.00000
57.92300	869.00000
57.92800	909.00000
57.93300	879.00000
57.93800	855.00000
57.94300	849.00000
57.94800	832.00000
57.95300	825.00000
57.95800	817.00000
57.96300	799.00000
57.96800	792.00000
57.97300	783.00000
57.97800	848.00000
57.98300	869.00000
57.98800	854.00000
57.99300	859.00000
57.99800	867.00000
58.00300	863.00000
58.00800	872.00000
58.01300	868.00000
58.01800	869.00000
58.02300	883.00000
58.02800	881.00000
58.03300	861.00000
58.03800	838.00000
58.04300	856.00000
58.04800	844.00000
58.05300	849.00000
58.05800	882.00000
58.06300	889.00000
58.06800	907.00000
58.07300	894.00000
58.07800	914.00000
58.08300	961.00000
58.08800	911.00000
58.09300	885.00000
58.09800	886.00000
58.10300	907.00000
58.10800	943.00000
58.11300	959.00000
58.11800	948.00000
58.12300	987.00000
58.12800	1037.00000
58.13300	999.00000
58.13800	964.00000
58.14300	931.00000
58.14800	937.00000
58.15300	1013.00000
58.15800	1030.00000
58.16300	1005.00000
58.16800	980.00000
58.17300	986.00000
58.17800	991.00000
58.18300	963.00000
58.18800	976.00000
58.19300	996.00000
58.19800	1030.00000
58.20300	1022.00000
58.20800	968.00000
58.21300	1008.00000
58.21800	1015.00000
58.22300	955.00000
58.22800	965.00000
58.23300	980.00000
58.23800	989.00000
58.24300	991.00000
58.24800	991.00000
58.25300	989.00000
58.25800	978.00000
58.26300	991.00000
58.26800	934.00000
58.27300	949.00000
58.27800	958.00000
58.28300	959.00000
58.28800	954.00000
58.29300	941.00000
58.29800	885.00000
58.30300	869.00000
58.30800	904.00000
58.31300	924.00000
58.31800	903.00000
58.32300	880.00000
58.32800	901.00000
58.33300	937.00000
58.33800	943.00000
58.34300	934.00000
58.34800	928.00000
58.35300	915.00000
58.35800	887.00000
58.36300	913.00000
58.36800	910.00000
58.37300	921.00000
58.37800	903.00000
58.38300	889.00000
58.38800	910.00000
58.39300	921.00000
58.39800	922.00000
58.40300	941.00000
58.40800	967.00000
58.41300	955.00000
58.41800	899.00000
58.42300	941.00000
58.42800	953.00000
58.43300	904.00000
58.43800	882.00000
58.44300	864.00000
58.44800	886.00000
58.45300	901.00000
58.45800	909.00000
58.46300	876.00000
58.46800	872.00000
58.47300	919.00000
58.47800	912.00000
58.48300	889.00000
58.48800	947.00000
58.49300	1007.00000
58.49800	989.00000
58.50300	976.00000
58.50800	945.00000
58.51300	917.00000
58.51800	920.00000
58.52300	919.00000
58.52800	915.00000
58.53300	898.00000
58.53800	918.00000
58.54300	950.00000
58.54800	948.00000
58.55300	947.00000
58.55800	951.00000
58.56300	959.00000
58.56800	958.00000
58.57300	946.00000
58.57800	963.00000
58.58300	975.00000
58.58800	949.00000
58.59300	930.00000
58.59800	938.00000
58.60300	937.00000
58.60800	928.00000
58.61300	912.00000
58.61800	923.00000
58.62300	941.00000
58.62800	975.00000
58.63300	936.00000
58.63800	908.00000
58.64300	928.00000
58.64800	949.00000
58.65300	941.00000
58.65800	944.00000
58.66300	940.00000
58.66800	935.00000
58.67300	916.00000
58.67800	926.00000
58.68300	930.00000
58.68800	888.00000
58.69300	921.00000
58.69800	924.00000
58.70300	921.00000
58.70800	901.00000
58.71300	887.00000
58.71800	914.00000
58.72300	974.00000
58.72800	970.00000
58.73300	926.00000
58.73800	919.00000
58.74300	944.00000
58.74800	965.00000
58.75300	942.00000
58.75800	876.00000
58.76300	899.00000
58.76800	940.00000
58.77300	975.00000
58.77800	896.00000
58.78300	899.00000
58.78800	915.00000
58.79300	911.00000
58.79800	918.00000
58.80300	959.00000
58.80800	953.00000
58.81300	955.00000
58.81800	968.00000
58.82300	954.00000
58.82800	936.00000
58.83300	979.00000
58.83800	969.00000
58.84300	984.00000
58.84800	987.00000
58.85300	976.00000
58.85800	979.00000
58.86300	941.00000
58.86800	898.00000
58.87300	876.00000
58.87800	893.00000
58.88300	939.00000
58.88800	950.00000
58.89300	948.00000
58.89800	966.00000
58.90300	966.00000
58.90800	958.00000
58.91300	968.00000
58.91800	962.00000
58.92300	958.00000
58.92800	965.00000
58.93300	977.00000
58.93800	999.00000
58.94300	998.00000
58.94800	982.00000
58.95300	965.00000
58.95800	981.00000
58.96300	1019.00000
58.96800	1029.00000
58.97300	985.00000
58.97800	950.00000
58.98300	921.00000
58.98800	967.00000
58.99300	991.00000
58.99800	955.00000
59.00300	955.00000
59.00800	956.00000
59.01300	954.00000
59.01800	961.00000
59.02300	959.00000
59.02800	989.00000
59.03300	1016.00000
59.03800	1011.00000
59.04300	995.00000
59.04800	973.00000
59.05300	1020.00000
59.05800	1032.00000
59.06300	1036.00000
59.06800	1014.00000
59.07300	1004.00000
59.07800	1032.00000
59.08300	1034.00000
59.08800	1035.00000
59.09300	1054.00000
59.09800	1061.00000
59.10300	1104.00000
59.10800	1100.00000
59.11300	1089.00000
59.11800	1081.00000
59.12300	1106.00000
59.12800	1071.00000
59.13300	1028.00000
59.13800	1013.00000
59.14300	999.00000
59.14800	999.00000
59.15300	1023.00000
59.15800	1054.00000
59.16300	1013.00000
59.16800	1020.00000
59.17300	1020.00000
59.17800	1035.00000
59.18300	1110.00000
59.18800	1093.00000
59.19300	1100.00000
59.19800	1109.00000
59.20300	1156.00000
59.20800	1142.00000
59.21300	1095.00000
59.21800	1055.00000
59.22300	1060.00000
59.22800	1155.00000
59.23300	1182.00000
59.23800	1160.00000
59.24300	1125.00000
59.24800	1144.00000
59.25300	1135.00000
59.25800	1103.00000
59.26300	1087.00000
59.26800	1146.00000
59.27300	1214.00000
59.27800	1191.00000
59.28300	1131.00000
59.28800	1171.00000
59.29300	1158.00000
59.29800	1148.00000
59.30300	1142.00000
59.30800	1145.00000
59.31300	1172.00000
59.31800	1184.00000
59.32300	1212.00000
59.32800	1209.00000
59.33300	1188.00000
59.33800	1148.00000
59.34300	1141.00000
59.34800	1139.00000
59.35300	1102.00000
59.35800	1067.00000
59.36300	1098.00000
59.36800	1101.00000
59.37300	1140.00000
59.37800	1158.00000
59.38300	1127.00000
59.38800	1131.00000
59.39300	1149.00000
59.39800	1099.00000
59.40300	1080.00000
59.40800	1117.00000
59.41300	1152.00000
59.41800	1179.00000
59.42300	1171.00000
59.42800	1139.00000
59.43300	1122.00000
59.43800	1095.00000
59.44300	1112.00000
59.44800	1103.00000
59.45300	1031.00000
59.45800	1029.00000
59.46300	1087.00000
59.46800	1070.00000
59.47300	1030.00000
59.47800	999.00000
59.48300	996.00000
59.48800	1023.00000
59.49300	1019.00000
59.49800	989.00000
59.50300	997.00000
59.50800	1011.00000
59.51300	970.00000
59.51800	963.00000
59.52300	966.00000
59.52800	945.00000
59.53300	938.00000
59.53800	942.00000
59.54300	977.00000
59.54800	983.00000
59.55300	948.00000
59.55800	939.00000
59.56300	920.00000
59.56800	882.00000
59.57300	933.00000
59.57800	974.00000
59.58300	954.00000
59.58800	921.00000
59.59300	921.00000
59.59800	892.00000
59.60300	923.00000
59.60800	962.00000
59.61300	939.00000
59.61800	914.00000
59.62300	878.00000
59.62800	860.00000
59.63300	852.00000
59.63800	881.00000
59.64300	867.00000
59.64800	876.00000
59.65300	882.00000
59.65800	887.00000
59.66300	901.00000
59.66800	915.00000
59.67300	935.00000
59.67800	912.00000
59.68300	867.00000
59.68800	869.00000
59.69300	851.00000
59.69800	872.00000
59.70300	877.00000
59.70800	888.00000
59.71300	873.00000
59.71800	855.00000
59.72300	846.00000
59.72800	846.00000
59.73300	880.00000
59.73800	852.00000
59.74300	860.00000
59.74800	870.00000
59.75300	900.00000
59.75800	922.00000
59.76300	916.00000
59.76800	877.00000
59.77300	860.00000
59.77800	903.00000
59.78300	923.00000
59.78800	938.00000
59.79300	925.00000
59.79800	912.00000
59.80300	903.00000
59.80800	881.00000
59.81300	882.00000
59.81800	881.00000
59.82300	933.00000
59.82800	938.00000
59.83300	946.00000
59.83800	941.00000
59.84300	937.00000
59.84800	929.00000
59.85300	920.00000
59.85800	912.00000
59.86300	920.00000
59.86800	918.00000
59.87300	912.00000
59.87800	909.00000
59.88300	913.00000
59.88800	941.00000
59.89300	976.00000
59.89800	964.00000
59.90300	956.00000
59.90800	930.00000
59.91300	920.00000
59.91800	957.00000
59.92300	981.00000
59.92800	995.00000
59.93300	1040.00000
59.93800	1043.00000
59.94300	1036.00000
59.94800	1022.00000
59.95300	1012.00000
59.95800	994.00000
59.96300	1000.00000
59.96800	1003.00000
59.97300	1030.00000
59.97800	1009.00000
59.98300	996.00000
59.98800	1075.00000
59.99300	1068.00000
59.99800	1055.00000
60.00300	1042.00000
60.00800	1031.00000
60.01300	1038.00000
60.01800	1073.00000
60.02300	1117.00000
60.02800	1128.00000
60.03300	1107.00000
60.03800	1119.00000
60.04300	1099.00000
60.04800	1135.00000
60.05300	1135.00000
60.05800	1184.00000
60.06300	1193.00000
60.06800	1159.00000
60.07300	1145.00000
60.07800	1113.00000
60.08300	1106.00000
60.08800	1087.00000
60.09300	1108.00000
60.09800	1130.00000
60.10300	1167.00000
60.10800	1164.00000
60.11300	1149.00000
60.11800	1162.00000
60.12300	1115.00000
60.12800	1135.00000
60.13300	1120.00000
60.13800	1127.00000
60.14300	1130.00000
60.14800	1122.00000
60.15300	1138.00000
60.15800	1159.00000
60.16300	1170.00000
60.16800	1197.00000
60.17300	1158.00000
60.17800	1137.00000
60.18300	1154.00000
60.18800	1165.00000
60.19300	1133.00000
60.19800	1124.00000
60.20300	1135.00000
60.20800	1153.00000
60.21300	1183.00000
60.21800	1182.00000
60.22300	1168.00000
60.22800	1104.00000
60.23300	1112.00000
60.23800	1115.00000
60.24300	1093.00000
60.24800	1133.00000
60.25300	1168.00000
60.25800	1176.00000
60.26300	1142.00000
60.26800	1085.00000
60.27300	1097.00000
60.27800	1132.00000
60.28300	1180.00000
60.28800	1200.00000
60.29300	1174.00000
60.29800	1144.00000
60.30300	1093.00000
60.30800	1082.00000
60.31300	1110.00000
60.31800	1094.00000
60.32300	1066.00000
60.32800	1068.00000
60.33300	1054.00000
60.33800	1078.00000
60.34300	1082.00000
60.34800	1024.00000
60.35300	1033.00000
60.35800	1054.00000
60.36300	1054.00000
60.36800	1053.00000
60.37300	1042.00000
60.37800	1059.00000
60.38300	1069.00000
60.38800	1050.00000
60.39300	1044.00000
60.39800	1046.00000
60.40300	1010.00000
60.40800	1018.00000
60.41300	996.00000
60.41800	968.00000
60.42300	956.00000
60.42800	934.00000
60.43300	924.00000
60.43800	963.00000
60.44300	981.00000
60.44800	948.00000
60.45300	926.00000
60.45800	914.00000
60.46300	932.00000
60.46800	945.00000
60.47300	965.00000
60.47800	937.00000
60.48300	943.00000
60.48800	973.00000
60.49300	969.00000
60.49800	981.00000
60.50300	957.00000
60.50800	931.00000
60.51300	909.00000
60.51800	893.00000
60.52300	889.00000
60.52800	915.00000
60.53300	954.00000
60.53800	949.00000
60.54300	907.00000
60.54800	893.00000
60.55300	896.00000
60.55800	916.00000
60.56300	916.00000
60.56800	896.00000
60.57300	897.00000
60.57800	912.00000
60.58300	943.00000
60.58800	949.00000
60.59300	926.00000
60.59800	901.00000
60.60300	883.00000
60.60800	844.00000
60.61300	811.00000
60.61800	815.00000
60.62300	853.00000
60.62800	874.00000
60.63300	883.00000
60.63800	905.00000
60.64300	875.00000
60.64800	830.00000
60.65300	839.00000
60.65800	853.00000
60.66300	889.00000
60.66800	911.00000
60.67300	869.00000
60.67800	840.00000
60.68300	816.00000
60.68800	797.00000
60.69300	790.00000
60.69800	809.00000
60.70300	836.00000
60.70800	873.00000
60.71300	883.00000
60.71800	862.00000
60.72300	800.00000
60.72800	782.00000
60.73300	809.00000
60.73800	834.00000
60.74300	885.00000
60.74800	897.00000
60.75300	853.00000
60.75800	827.00000
60.76300	857.00000
60.76800	885.00000
60.77300	937.00000
60.77800	929.00000
60.78300	879.00000
60.78800	850.00000
60.79300	820.00000
60.79800	806.00000
60.80300	803.00000
60.80800	817.00000
60.81300	836.00000
60.81800	848.00000
60.82300	825.00000
60.82800	828.00000
60.83300	852.00000
60.83800	856.00000
60.84300	867.00000
60.84800	876.00000
60.85300	845.00000
60.85800	840.00000
60.86300	850.00000
60.86800	832.00000
60.87300	847.00000
60.87800	875.00000
60.88300	897.00000
60.88800	899.00000
60.89300	895.00000
60.89800	940.00000
60.90300	950.00000
60.90800	977.00000
60.91300	953.00000
60.91800	986.00000
60.92300	1017.00000
60.92800	996.00000
60.93300	970.00000
60.93800	948.00000
60.94300	905.00000
60.94800	864.00000
60.95300	850.00000
60.95800	882.00000
60.96300	894.00000
60.96800	885.00000
60.97300	874.00000
60.97800	905.00000
60.98300	914.00000
60.98800	899.00000
60.99300	886.00000
60.99800	880.00000
61.00300	888.00000
61.00800	893.00000
61.01300	904.00000
61.01800	896.00000
61.02300	893.00000
61.02800	897.00000
61.03300	895.00000
61.03800	907.00000
61.04300	924.00000
61.04800	899.00000
61.05300	879.00000
61.05800	913.00000
61.06300	947.00000
61.06800	929.00000
61.07300	906.00000
61.07800	931.00000
61.08300	962.00000
61.08800	944.00000
61.09300	938.00000
61.09800	913.00000
61.10300	921.00000
61.10800	861.00000
61.11300	850.00000
61.11800	894.00000
61.12300	949.00000
61.12800	1007.00000
61.13300	1026.00000
61.13800	965.00000
61.14300	926.00000
61.14800	923.00000
61.15300	904.00000
61.15800	897.00000
61.16300	945.00000
61.16800	962.00000
61.17300	967.00000
61.17800	949.00000
61.18300	939.00000
61.18800	933.00000
61.19300	907.00000
61.19800	907.00000
61.20300	935.00000
61.20800	926.00000
61.21300	913.00000
61.21800	897.00000
61.22300	871.00000
61.22800	885.00000
61.23300	897.00000
61.23800	898.00000
61.24300	870.00000
61.24800	833.00000
61.25300	836.00000
61.25800	856.00000
61.26300	869.00000
61.26800	849.00000
61.27300	836.00000
61.27800	858.00000
61.28300	882.00000
61.28800	885.00000
61.29300	889.00000
61.29800	857.00000
61.30300	833.00000
61.30800	858.00000
61.31300	889.00000
61.31800	906.00000
61.32300	920.00000
61.32800	912.00000
61.33300	905.00000
61.33800	911.00000
61.34300	888.00000
61.34800	858.00000
61.35300	889.00000
61.35800	925.00000
61.36300	947.00000
61.36800	953.00000
61.37300	947.00000
61.37800	935.00000
61.38300	919.00000
61.38800	928.00000
61.39300	936.00000
61.39800	927.00000
61.40300	954.00000
61.40800	942.00000
61.41300	931.00000
61.41800	938.00000
61.42300	942.00000
61.42800	949.00000
61.43300	921.00000
61.43800	919.00000
61.44300	896.00000
61.44800	867.00000
61.45300	893.00000
61.45800	924.00000
61.46300	901.00000
61.46800	872.00000
61.47300	865.00000
61.47800	886.00000
61.48300	892.00000
61.48800	906.00000
61.49300	910.00000
61.49800	924.00000
61.50300	930.00000
61.50800	920.00000
61.51300	940.00000
61.51800	954.00000
61.52300	960.00000
61.52800	962.00000
61.53300	961.00000
61.53800	934.00000
61.54300	899.00000
61.54800	877.00000
61.55300	885.00000
61.55800	892.00000
61.56300	904.00000
61.56800	923.00000
61.57300	955.00000
61.57800	952.00000
61.58300	928.00000
61.58800	941.00000
61.59300	938.00000
61.59800	929.00000
61.60300	927.00000
61.60800	930.00000
61.61300	943.00000
61.61800	958.00000
61.62300	949.00000
61.62800	948.00000
61.63300	959.00000
61.63800	945.00000
61.64300	918.00000
61.64800	913.00000
61.65300	925.00000
61.65800	929.00000
61.66300	928.00000
61.66800	937.00000
61.67300	972.00000
61.67800	983.00000
61.68300	956.00000
61.68800	908.00000
61.69300	894.00000
61.69800	919.00000
61.70300	950.00000
61.70800	948.00000
61.71300	936.00000
61.71800	940.00000
61.72300	940.00000
61.72800	938.00000
61.73300	940.00000
61.73800	956.00000
61.74300	961.00000
61.74800	967.00000
61.75300	957.00000
61.75800	928.00000
61.76300	917.00000
61.76800	929.00000
61.77300	950.00000
61.77800	954.00000
61.78300	966.00000
61.78800	1003.00000
61.79300	1021.00000
61.79800	1039.00000
61.80300	1048.00000
61.80800	1029.00000
61.81300	1017.00000
61.81800	1046.00000
61.82300	1048.00000
61.82800	1034.00000
61.83300	1046.00000
61.83800	1051.00000
61.84300	1039.00000
61.84800	1034.00000
61.85300	1045.00000
61.85800	1057.00000
61.86300	1084.00000
61.86800	1119.00000
61.87300	1138.00000
61.87800	1138.00000
61.88300	1116.00000
61.88800	1092.00000
61.89300	1095.00000
61.89800	1105.00000
61.90300	1168.00000
61.90800	1235.00000
61.91300	1239.00000
61.91800	1223.00000
61.92300	1201.00000
61.92800	1210.00000
61.93300	1227.00000
61.93800	1235.00000
61.94300	1273.00000
61.94800	1302.00000
61.95300	1274.00000
61.95800	1213.00000
61.96300	1195.00000
61.96800	1225.00000
61.97300	1238.00000
61.97800	1244.00000
61.98300	1246.00000
61.98800	1239.00000
61.99300	1218.00000
61.99800	1216.00000
62.00300	1211.00000
62.00800	1214.00000
62.01300	1236.00000
62.01800	1232.00000
62.02300	1241.00000
62.02800	1222.00000
62.03300	1181.00000
62.03800	1162.00000
62.04300	1150.00000
62.04800	1140.00000
62.05300	1122.00000
62.05800	1097.00000
62.06300	1090.00000
62.06800	1079.00000
62.07300	1052.00000
62.07800	1044.00000
62.08300	1068.00000
62.08800	1099.00000
62.09300	1092.00000
62.09800	1066.00000
62.10300	1059.00000
62.10800	1044.00000
62.11300	1041.00000
62.11800	1062.00000
62.12300	1082.00000
62.12800	1094.00000
62.13300	1067.00000
62.13800	1007.00000
62.14300	958.00000
62.14800	944.00000
62.15300	936.00000
62.15800	921.00000
62.16300	941.00000
62.16800	972.00000
62.17300	968.00000
62.17800	941.00000
62.18300	921.00000
62.18800	932.00000
62.19300	978.00000
62.19800	993.00000
62.20300	979.00000
62.20800	987.00000
62.21300	978.00000
62.21800	960.00000
62.22300	952.00000
62.22800	929.00000
62.23300	903.00000
62.23800	928.00000
62.24300	952.00000
62.24800	941.00000
62.25300	942.00000
62.25800	950.00000
62.26300	951.00000
62.26800	960.00000
62.27300	966.00000
62.27800	957.00000
62.28300	956.00000
62.28800	959.00000
62.29300	951.00000
62.29800	964.00000
62.30300	948.00000
62.30800	922.00000
62.31300	920.00000
62.31800	908.00000
62.32300	897.00000
62.32800	926.00000
62.33300	959.00000
62.33800	952.00000
62.34300	954.00000
62.34800	952.00000
62.35300	916.00000
62.35800	889.00000
62.36300	874.00000
62.36800	886.00000
62.37300	924.00000
62.37800	948.00000
62.38300	972.00000
62.38800	994.00000
62.39300	982.00000
62.39800	980.00000
62.40300	986.00000
62.40800	960.00000
62.41300	955.00000
62.41800	965.00000
62.42300	950.00000
62.42800	970.00000
62.43300	1010.00000
62.43800	1030.00000
62.44300	1029.00000
62.44800	1003.00000
62.45300	987.00000
62.45800	999.00000
62.46300	1020.00000
62.46800	1043.00000
62.47300	1047.00000
62.47800	1063.00000
62.48300	1070.00000
62.48800	1056.00000
62.49300	1070.00000
62.49800	1092.00000
62.50300	1091.00000
62.50800	1119.00000
62.51300	1150.00000
62.51800	1179.00000
62.52300	1196.00000
62.52800	1182.00000
62.53300	1142.00000
62.53800	1127.00000
62.54300	1121.00000
62.54800	1105.00000
62.55300	1092.00000
62.55800	1089.00000
62.56300	1089.00000
62.56800	1113.00000
62.57300	1132.00000
62.57800	1105.00000
62.58300	1091.00000
62.58800	1105.00000
62.59300	1130.00000
62.59800	1136.00000
62.60300	1152.00000
62.60800	1173.00000
62.61300	1193.00000
62.61800	1163.00000
62.62300	1153.00000
62.62800	1141.00000
62.63300	1094.00000
62.63800	1071.00000
62.64300	1114.00000
62.64800	1165.00000
62.65300	1134.00000
62.65800	1081.00000
62.66300	1079.00000
62.66800	1113.00000
62.67300	1124.00000
62.67800	1128.00000
62.68300	1126.00000
62.68800	1082.00000
62.69300	1076.00000
62.69800	1104.00000
62.70300	1116.00000
62.70800	1126.00000
62.71300	1127.00000
62.71800	1136.00000
62.72300	1147.00000
62.72800	1148.00000
62.73300	1139.00000
62.73800	1114.00000
62.74300	1112.00000
62.74800	1078.00000
62.75300	1085.00000
62.75800	1044.00000
62.76300	1035.00000
62.76800	1045.00000
62.77300	1069.00000
62.77800	1067.00000
62.78300	1091.00000
62.78800	1079.00000
62.79300	1046.00000
62.79800	1060.00000
62.80300	1102.00000
62.80800	1119.00000
62.81300	1126.00000
62.81800	1118.00000
62.82300	1079.00000
62.82800	1019.00000
62.83300	1037.00000
62.83800	1073.00000
62.84300	1078.00000
62.84800	1094.00000
62.85300	1070.00000
62.85800	1061.00000
62.86300	1128.00000
62.86800	1133.00000
62.87300	1109.00000
62.87800	1132.00000
62.88300	1139.00000
62.88800	1078.00000
62.89300	1023.00000
62.89800	1051.00000
62.90300	1107.00000
62.90800	1093.00000
62.91300	1042.00000
62.91800	1014.00000
62.92300	1055.00000
62.92800	1081.00000
62.93300	1064.00000
62.93800	983.00000
62.94300	961.00000
62.94800	1010.00000
62.95300	1018.00000
62.95800	984.00000
62.96300	979.00000
62.96800	993.00000
62.97300	1009.00000
62.97800	994.00000
62.98300	975.00000
62.98800	974.00000
62.99300	987.00000
62.99800	911.00000
63.00300	873.00000
63.00800	857.00000
63.01300	868.00000
63.01800	918.00000
63.02300	928.00000
63.02800	894.00000
63.03300	893.00000
63.03800	928.00000
63.04300	934.00000
63.04800	929.00000
63.05300	920.00000
63.05800	916.00000
63.06300	937.00000
63.06800	913.00000
63.07300	897.00000
63.07800	901.00000
63.08300	896.00000
63.08800	925.00000
63.09300	991.00000
63.09800	1016.00000
63.10300	998.00000
63.10800	973.00000
63.11300	939.00000
63.11800	908.00000
63.12300	894.00000
63.12800	921.00000
63.13300	952.00000
63.13800	966.00000
63.14300	964.00000
63.14800	937.00000
63.15300	931.00000
63.15800	960.00000
63.16300	946.00000
63.16800	933.00000
63.17300	946.00000
63.17800	894.00000
63.18300	875.00000
63.18800	916.00000
63.19300	963.00000
63.19800	951.00000
63.20300	954.00000
63.20800	970.00000
63.21300	1005.00000
63.21800	975.00000
63.22300	943.00000
63.22800	950.00000
63.23300	981.00000
63.23800	973.00000
63.24300	990.00000
63.24800	1014.00000
63.25300	1000.00000
63.25800	1002.00000
63.26300	1016.00000
63.26800	1028.00000
63.27300	1011.00000
63.27800	998.00000
63.28300	1021.00000
63.28800	1057.00000
63.29300	1022.00000
63.29800	989.00000
63.30300	977.00000
63.30800	1006.00000
63.31300	995.00000
63.31800	1017.00000
63.32300	1026.00000
63.32800	1048.00000
63.33300	1008.00000
63.33800	965.00000
63.34300	978.00000
63.34800	985.00000
63.35300	985.00000
63.35800	961.00000
63.36300	959.00000
63.36800	954.00000
63.37300	951.00000
63.37800	1031.00000
63.38300	1037.00000
63.38800	1023.00000
63.39300	1073.00000
63.39800	1018.00000
63.40300	990.00000
63.40800	952.00000
63.41300	886.00000
63.41800	885.00000
63.42300	910.00000
63.42800	949.00000
63.43300	936.00000
63.43800	904.00000
63.44300	889.00000
63.44800	893.00000
63.45300	899.00000
63.45800	915.00000
63.46300	926.00000
63.46800	891.00000
63.47300	905.00000
63.47800	880.00000
63.48300	923.00000
63.48800	948.00000
63.49300	960.00000
63.49800	910.00000
63.50300	950.00000
63.50800	899.00000
63.51300	909.00000
63.51800	860.00000
63.52300	894.00000
63.52800	903.00000
63.53300	912.00000
63.53800	882.00000
63.54300	844.00000
63.54800	835.00000
63.55300	869.00000
63.55800	852.00000
63.56300	826.00000
63.56800	863.00000
63.57300	927.00000
63.57800	974.00000
63.58300	952.00000
63.58800	910.00000
63.59300	915.00000
63.59800	901.00000
63.60300	881.00000
63.60800	944.00000
63.61300	923.00000
63.61800	904.00000
63.62300	840.00000
63.62800	870.00000
63.63300	874.00000
63.63800	879.00000
63.64300	857.00000
63.64800	863.00000
63.65300	838.00000
63.65800	880.00000
63.66300	901.00000
63.66800	881.00000
63.67300	916.00000
63.67800	934.00000
63.68300	888.00000
63.68800	839.00000
63.69300	908.00000
63.69800	862.00000
63.70300	868.00000
63.70800	911.00000
63.71300	960.00000
63.71800	910.00000
63.72300	902.00000
63.72800	957.00000
63.73300	927.00000
63.73800	910.00000
63.74300	936.00000
63.74800	947.00000
63.75300	897.00000
63.75800	919.00000
63.76300	909.00000
63.76800	905.00000
63.77300	922.00000
63.77800	1010.00000
63.78300	992.00000
63.78800	979.00000
63.79300	980.00000
63.79800	994.00000
63.80300	985.00000
63.80800	975.00000
63.81300	969.00000
63.81800	1004.00000
63.82300	968.00000
63.82800	1003.00000
63.83300	987.00000
63.83800	1005.00000
63.84300	948.00000
63.84800	960.00000
63.85300	935.00000
63.85800	918.00000
63.86300	916.00000
63.86800	909.00000
63.87300	945.00000
63.87800	937.00000
63.88300	911.00000
63.88800	921.00000
63.89300	939.00000
63.89800	940.00000
63.90300	948.00000
63.90800	958.00000
63.91300	937.00000
63.91800	892.00000
63.92300	859.00000
63.92800	820.00000
63.93300	882.00000
63.93800	908.00000
63.94300	889.00000
63.94800	958.00000
63.95300	971.00000
63.95800	930.00000
63.96300	895.00000
63.96800	854.00000
63.97300	867.00000
63.97800	839.00000
63.98300	841.00000
63.98800	821.00000
63.99300	826.00000
63.99800	832.00000
64.00300	848.00000
64.00800	877.00000
64.01300	870.00000
64.01800	854.00000
64.02300	847.00000
64.02800	855.00000
64.03300	838.00000
64.03800	835.00000
64.04300	858.00000
64.04800	877.00000
64.05300	820.00000
64.05800	780.00000
64.06300	832.00000
64.06800	895.00000
64.07300	864.00000
64.07800	853.00000
64.08300	842.00000
64.08800	834.00000
64.09300	815.00000
64.09800	825.00000
64.10300	839.00000
64.10800	859.00000
64.11300	857.00000
64.11800	842.00000
64.12300	867.00000
64.12800	858.00000
64.13300	825.00000
64.13800	840.00000
64.14300	803.00000
64.14800	857.00000
64.15300	856.00000
64.15800	819.00000
64.16300	837.00000
64.16800	836.00000
64.17300	872.00000
64.17800	872.00000
64.18300	890.00000
64.18800	875.00000
64.19300	857.00000
64.19800	913.00000
64.20300	902.00000
64.20800	883.00000
64.21300	900.00000
64.21800	922.00000
64.22300	885.00000
64.22800	873.00000
64.23300	874.00000
64.23800	865.00000
64.24300	814.00000
64.24800	810.00000
64.25300	842.00000
64.25800	852.00000
64.26300	852.00000
64.26800	866.00000
64.27300	892.00000
64.27800	909.00000
64.28300	907.00000
64.28800	925.00000
64.29300	928.00000
64.29800	889.00000
64.30300	863.00000
64.30800	851.00000
64.31300	878.00000
64.31800	866.00000
64.32300	838.00000
64.32800	871.00000
64.33300	905.00000
64.33800	880.00000
64.34300	877.00000
64.34800	896.00000
64.35300	885.00000
64.35800	917.00000
64.36300	923.00000
64.36800	921.00000
64.37300	912.00000
64.37800	931.00000
64.38300	978.00000
64.38800	969.00000
64.39300	938.00000
64.39800	929.00000
64.40300	944.00000
64.40800	958.00000
64.41300	912.00000
64.41800	879.00000
64.42300	890.00000
64.42800	893.00000
64.43300	900.00000
64.43800	945.00000
64.44300	913.00000
64.44800	924.00000
64.45300	992.00000
64.45800	963.00000
64.46300	890.00000
64.46800	879.00000
64.47300	884.00000
64.47800	887.00000
64.48300	888.00000
64.48800	857.00000
64.49300	849.00000
64.49800	901.00000
64.50300	900.00000
64.50800	877.00000
64.51300	838.00000
64.51800	835.00000
64.52300	865.00000
64.52800	893.00000
64.53300	892.00000
64.53800	877.00000
64.54300	883.00000
64.54800	879.00000
64.55300	877.00000
64.55800	901.00000
64.56300	900.00000
64.56800	863.00000
64.57300	834.00000
64.57800	852.00000
64.58300	858.00000
64.58800	837.00000
64.59300	818.00000
64.59800	825.00000
64.60300	855.00000
64.60800	859.00000
64.61300	875.00000
64.61800	874.00000
64.62300	850.00000
64.62800	832.00000
64.63300	827.00000
64.63800	826.00000
64.64300	844.00000
64.64800	852.00000
64.65300	848.00000
64.65800	841.00000
64.66300	835.00000
64.66800	831.00000
64.67300	839.00000
64.67800	847.00000
64.68300	843.00000
64.68800	843.00000
64.69300	840.00000
64.69800	839.00000
64.70300	882.00000
64.70800	897.00000
64.71300	883.00000
64.71800	897.00000
64.72300	891.00000
64.72800	883.00000
64.73300	872.00000
64.73800	876.00000
64.74300	900.00000
64.74800	887.00000
64.75300	865.00000
64.75800	839.00000
64.76300	823.00000
64.76800	820.00000
64.77300	853.00000
64.77800	869.00000
64.78300	845.00000
64.78800	859.00000
64.79300	870.00000
64.79800	846.00000
64.80300	829.00000
64.80800	835.00000
64.81300	851.00000
64.81800	861.00000
64.82300	857.00000
64.82800	853.00000
64.83300	840.00000
64.83800	833.00000
64.84300	850.00000
64.84800	852.00000
64.85300	854.00000
64.85800	863.00000
64.86300	862.00000
64.86800	863.00000
64.87300	855.00000
64.87800	848.00000
64.88300	856.00000
64.88800	867.00000
64.89300	876.00000
64.89800	852.00000
64.90300	851.00000
64.90800	885.00000
64.91300	884.00000
64.91800	871.00000
64.92300	884.00000
64.92800	906.00000
64.93300	914.00000
64.93800	895.00000
64.94300	884.00000
64.94800	913.00000
64.95300	903.00000
64.95800	876.00000
64.96300	861.00000
64.96800	861.00000
64.97300	864.00000
64.97800	889.00000
64.98300	931.00000
64.98800	934.00000
64.99300	931.00000
64.99800	935.00000
65.00300	937.00000
65.00800	946.00000
65.01300	946.00000
65.01800	943.00000
65.02300	916.00000
65.02800	879.00000
65.03300	839.00000
65.03800	824.00000
65.04300	827.00000
65.04800	830.00000
65.05300	835.00000
65.05800	852.00000
65.06300	875.00000
65.06800	878.00000
65.07300	878.00000
65.07800	861.00000
65.08300	830.00000
65.08800	852.00000
65.09300	864.00000
65.09800	872.00000
65.10300	887.00000
65.10800	875.00000
65.11300	866.00000
65.11800	880.00000
65.12300	854.00000
65.12800	844.00000
65.13300	855.00000
65.13800	831.00000
65.14300	810.00000
65.14800	808.00000
65.15300	826.00000
65.15800	829.00000
65.16300	816.00000
65.16800	807.00000
65.17300	827.00000
65.17800	878.00000
65.18300	889.00000
65.18800	876.00000
65.19300	855.00000
65.19800	863.00000
65.20300	860.00000
65.20800	840.00000
65.21300	861.00000
65.21800	858.00000
65.22300	842.00000
65.22800	863.00000
65.23300	877.00000
65.23800	859.00000
65.24300	848.00000
65.24800	847.00000
65.25300	843.00000
65.25800	852.00000
65.26300	854.00000
65.26800	831.00000
65.27300	829.00000
65.27800	796.00000
65.28300	795.00000
65.28800	811.00000
65.29300	834.00000
65.29800	829.00000
65.30300	783.00000
65.30800	774.00000
65.31300	786.00000
65.31800	810.00000
65.32300	812.00000
65.32800	811.00000
65.33300	824.00000
65.33800	811.00000
65.34300	831.00000
65.34800	838.00000
65.35300	839.00000
65.35800	838.00000
65.36300	842.00000
65.36800	828.00000
65.37300	785.00000
65.37800	791.00000
65.38300	824.00000
65.38800	831.00000
65.39300	828.00000
65.39800	825.00000
65.40300	795.00000
65.40800	818.00000
65.41300	820.00000
65.41800	819.00000
65.42300	814.00000
65.42800	820.00000
65.43300	820.00000
65.43800	811.00000
65.44300	815.00000
65.44800	802.00000
65.45300	777.00000
65.45800	815.00000
65.46300	812.00000
65.46800	799.00000
65.47300	795.00000
65.47800	785.00000
65.48300	791.00000
65.48800	755.00000
65.49300	824.00000
65.49800	829.00000
65.50300	836.00000
65.50800	814.00000
65.51300	807.00000
65.51800	813.00000
65.52300	794.00000
65.52800	797.00000
65.53300	834.00000
65.53800	838.00000
65.54300	848.00000
65.54800	856.00000
65.55300	826.00000
65.55800	808.00000
65.56300	789.00000
65.56800	781.00000
65.57300	781.00000
65.57800	791.00000
65.58300	796.00000
65.58800	798.00000
65.59300	762.00000
65.59800	752.00000
65.60300	790.00000
65.60800	782.00000
65.61300	792.00000
65.61800	768.00000
65.62300	756.00000
65.62800	775.00000
65.63300	830.00000
65.63800	857.00000
65.64300	812.00000
65.64800	759.00000
65.65300	765.00000
65.65800	760.00000
65.66300	778.00000
65.66800	814.00000
65.67300	795.00000
65.67800	817.00000
65.68300	806.00000
65.68800	780.00000
65.69300	788.00000
65.69800	779.00000
65.70300	753.00000
65.70800	785.00000
65.71300	808.00000
65.71800	798.00000
65.72300	815.00000
65.72800	796.00000
65.73300	802.00000
65.73800	810.00000
65.74300	827.00000
65.74800	796.00000
65.75300	761.00000
65.75800	818.00000
65.76300	835.00000
65.76800	811.00000
65.77300	813.00000
65.77800	853.00000
65.78300	852.00000
65.78800	854.00000
65.79300	835.00000
65.79800	816.00000
65.80300	853.00000
65.80800	875.00000
65.81300	886.00000
65.81800	879.00000
65.82300	837.00000
65.82800	881.00000
65.83300	857.00000
65.83800	836.00000
65.84300	856.00000
65.84800	860.00000
65.85300	858.00000
65.85800	849.00000
65.86300	847.00000
65.86800	835.00000
65.87300	845.00000
65.87800	829.00000
65.88300	795.00000
65.88800	794.00000
65.89300	822.00000
65.89800	835.00000
65.90300	844.00000
65.90800	836.00000
65.91300	838.00000
65.91800	861.00000
65.92300	848.00000
65.92800	854.00000
65.93300	859.00000
65.93800	846.00000
65.94300	860.00000
65.94800	856.00000
65.95300	855.00000
65.95800	850.00000
65.96300	885.00000
65.96800	908.00000
65.97300	884.00000
65.97800	856.00000
65.98300	841.00000
65.98800	848.00000
65.99300	878.00000
65.99800	855.00000
66.00300	852.00000
66.00800	859.00000
66.01300	829.00000
66.01800	842.00000
66.02300	836.00000
66.02800	824.00000
66.03300	850.00000
66.03800	860.00000
66.04300	882.00000
66.04800	893.00000
66.05300	871.00000
66.05800	856.00000
66.06300	836.00000
66.06800	815.00000
66.07300	859.00000
66.07800	878.00000
66.08300	874.00000
66.08800	894.00000
66.09300	882.00000
66.09800	885.00000
66.10300	859.00000
66.10800	810.00000
66.11300	848.00000
66.11800	869.00000
66.12300	897.00000
66.12800	897.00000
66.13300	910.00000
66.13800	932.00000
66.14300	924.00000
66.14800	892.00000
66.15300	895.00000
66.15800	861.00000
66.16300	878.00000
66.16800	914.00000
66.17300	925.00000
66.17800	936.00000
66.18300	965.00000
66.18800	969.00000
66.19300	973.00000
66.19800	987.00000
66.20300	994.00000
66.20800	1028.00000
66.21300	1015.00000
66.21800	1023.00000
66.22300	996.00000
66.22800	967.00000
66.23300	979.00000
66.23800	992.00000
66.24300	993.00000
66.24800	1032.00000
66.25300	1020.00000
66.25800	1034.00000
66.26300	1026.00000
66.26800	995.00000
66.27300	996.00000
66.27800	989.00000
66.28300	1016.00000
66.28800	1020.00000
66.29300	1016.00000
66.29800	1006.00000
66.30300	1010.00000
66.30800	1017.00000
66.31300	1006.00000
66.31800	1020.00000
66.32300	1051.00000
66.32800	1032.00000
66.33300	996.00000
66.33800	979.00000
66.34300	983.00000
66.34800	1011.00000
66.35300	1049.00000
66.35800	1089.00000
66.36300	1106.00000
66.36800	1071.00000
66.37300	1068.00000
66.37800	1073.00000
66.38300	1083.00000
66.38800	1080.00000
66.39300	1055.00000
66.39800	1058.00000
66.40300	1092.00000
66.40800	1108.00000
66.41300	1086.00000
66.41800	1085.00000
66.42300	1110.00000
66.42800	1117.00000
66.43300	1092.00000
66.43800	1060.00000
66.44300	1061.00000
66.44800	1066.00000
66.45300	1084.00000
66.45800	1075.00000
66.46300	1063.00000
66.46800	1059.00000
66.47300	1046.00000
66.47800	1084.00000
66.48300	1115.00000
66.48800	1110.00000
66.49300	1105.00000
66.49800	1095.00000
66.50300	1078.00000
66.50800	1062.00000
66.51300	1013.00000
66.51800	1000.00000
66.52300	1030.00000
66.52800	1072.00000
66.53300	1084.00000
66.53800	1065.00000
66.54300	1083.00000
66.54800	1120.00000
66.55300	1110.00000
66.55800	1073.00000
66.56300	1060.00000
66.56800	1078.00000
66.57300	1081.00000
66.57800	1092.00000
66.58300	1102.00000
66.58800	1070.00000
66.59300	1038.00000
66.59800	1050.00000
66.60300	1088.00000
66.60800	1102.00000
66.61300	1110.00000
66.61800	1123.00000
66.62300	1105.00000
66.62800	1087.00000
66.63300	1095.00000
66.63800	1081.00000
66.64300	1083.00000
66.64800	1100.00000
66.65300	1068.00000
66.65800	1031.00000
66.66300	1012.00000
66.66800	1028.00000
66.67300	1063.00000
66.67800	1056.00000
66.68300	1043.00000
66.68800	1040.00000
66.69300	1018.00000
66.69800	988.00000
66.70300	1007.00000
66.70800	1021.00000
66.71300	994.00000
66.71800	989.00000
66.72300	996.00000
66.72800	969.00000
66.73300	925.00000
66.73800	936.00000
66.74300	953.00000
66.74800	944.00000
66.75300	950.00000
66.75800	969.00000
66.76300	968.00000
66.76800	967.00000
66.77300	976.00000
66.77800	956.00000
66.78300	941.00000
66.78800	918.00000
66.79300	894.00000
66.79800	897.00000
66.80300	902.00000
66.80800	939.00000
66.81300	967.00000
66.81800	948.00000
66.82300	947.00000
66.82800	971.00000
66.83300	958.00000
66.83800	885.00000
66.84300	855.00000
66.84800	862.00000
66.85300	857.00000
66.85800	860.00000
66.86300	863.00000
66.86800	860.00000
66.87300	882.00000
66.87800	903.00000
66.88300	941.00000
66.88800	956.00000
66.89300	932.00000
66.89800	889.00000
66.90300	867.00000
66.90800	875.00000
66.91300	894.00000
66.91800	889.00000
66.92300	873.00000
66.92800	874.00000
66.93300	906.00000
66.93800	918.00000
66.94300	923.00000
66.94800	915.00000
66.95300	908.00000
66.95800	907.00000
66.96300	906.00000
66.96800	889.00000
66.97300	853.00000
66.97800	855.00000
66.98300	868.00000
66.98800	852.00000
66.99300	841.00000
66.99800	849.00000
67.00300	870.00000
67.00800	873.00000
67.01300	861.00000
67.01800	856.00000
67.02300	855.00000
67.02800	873.00000
67.03300	895.00000
67.03800	902.00000
67.04300	887.00000
67.04800	857.00000
67.05300	830.00000
67.05800	829.00000
67.06300	842.00000
67.06800	847.00000
67.07300	870.00000
67.07800	868.00000
67.08300	858.00000
67.08800	864.00000
67.09300	862.00000
67.09800	863.00000
67.10300	849.00000
67.10800	838.00000
67.11300	839.00000
67.11800	840.00000
67.12300	853.00000
67.12800	874.00000
67.13300	838.00000
67.13800	814.00000
67.14300	804.00000
67.14800	813.00000
67.15300	850.00000
67.15800	849.00000
67.16300	831.00000
67.16800	823.00000
67.17300	836.00000
67.17800	869.00000
67.18300	850.00000
67.18800	850.00000
67.19300	870.00000
67.19800	857.00000
67.20300	857.00000
67.20800	877.00000
67.21300	877.00000
67.21800	886.00000
67.22300	905.00000
67.22800	916.00000
67.23300	907.00000
67.23800	913.00000
67.24300	919.00000
67.24800	943.00000
67.25300	953.00000
67.25800	950.00000
67.26300	937.00000
67.26800	910.00000
67.27300	913.00000
67.27800	934.00000
67.28300	943.00000
67.28800	934.00000
67.29300	955.00000
67.29800	939.00000
67.30300	930.00000
67.30800	922.00000
67.31300	933.00000
67.31800	953.00000
67.32300	969.00000
67.32800	951.00000
67.33300	914.00000
67.33800	920.00000
67.34300	949.00000
67.34800	978.00000
67.35300	966.00000
67.35800	984.00000
67.36300	1014.00000
67.36800	1031.00000
67.37300	1022.00000
67.37800	1012.00000
67.38300	992.00000
67.38800	995.00000
67.39300	1012.00000
67.39800	987.00000
67.40300	993.00000
67.40800	976.00000
67.41300	983.00000
67.41800	975.00000
67.42300	1000.00000
67.42800	932.00000
67.43300	924.00000
67.43800	944.00000
67.44300	960.00000
67.44800	926.00000
67.45300	913.00000
67.45800	922.00000
67.46300	932.00000
67.46800	937.00000
67.47300	936.00000
67.47800	940.00000
67.48300	948.00000
67.48800	977.00000
67.49300	967.00000
67.49800	966.00000
67.50300	964.00000
67.50800	975.00000
67.51300	970.00000
67.51800	966.00000
67.52300	971.00000
67.52800	1001.00000
67.53300	991.00000
67.53800	956.00000
67.54300	1012.00000
67.54800	1066.00000
67.55300	1045.00000
67.55800	1052.00000
67.56300	1062.00000
67.56800	1037.00000
67.57300	1018.00000
67.57800	997.00000
67.58300	975.00000
67.58800	988.00000
67.59300	1006.00000
67.59800	975.00000
67.60300	947.00000
67.60800	932.00000
67.61300	946.00000
67.61800	950.00000
67.62300	941.00000
67.62800	943.00000
67.63300	965.00000
67.63800	966.00000
67.64300	948.00000
67.64800	961.00000
67.65300	964.00000
67.65800	930.00000
67.66300	906.00000
67.66800	899.00000
67.67300	841.00000
67.67800	841.00000
67.68300	905.00000
67.68800	928.00000
67.69300	903.00000
67.69800	886.00000
67.70300	894.00000
67.70800	891.00000
67.71300	862.00000
67.71800	875.00000
67.72300	935.00000
67.72800	934.00000
67.73300	929.00000
67.73800	914.00000
67.74300	938.00000
67.74800	930.00000
67.75300	937.00000
67.75800	927.00000
67.76300	937.00000
67.76800	965.00000
67.77300	996.00000
67.77800	985.00000
67.78300	929.00000
67.78800	920.00000
67.79300	932.00000
67.79800	945.00000
67.80300	930.00000
67.80800	936.00000
67.81300	949.00000
67.81800	933.00000
67.82300	899.00000
67.82800	906.00000
67.83300	918.00000
67.83800	963.00000
67.84300	991.00000
67.84800	1006.00000
67.85300	999.00000
67.85800	988.00000
67.86300	976.00000
67.86800	1018.00000
67.87300	1011.00000
67.87800	1002.00000
67.88300	1006.00000
67.88800	1000.00000
67.89300	982.00000
67.89800	943.00000
67.90300	945.00000
67.90800	986.00000
67.91300	987.00000
67.91800	953.00000
67.92300	946.00000
67.92800	955.00000
67.93300	963.00000
67.93800	980.00000
67.94300	990.00000
67.94800	1019.00000
67.95300	1020.00000
67.95800	1036.00000
67.96300	1008.00000
67.96800	965.00000
67.97300	965.00000
67.97800	963.00000
67.98300	930.00000
67.98800	926.00000
67.99300	919.00000
67.99800	936.00000
68.00300	963.00000
68.00800	960.00000
68.01300	956.00000
68.01800	929.00000
68.02300	944.00000
68.02800	949.00000
68.03300	952.00000
68.03800	950.00000
68.04300	927.00000
68.04800	896.00000
68.05300	890.00000
68.05800	864.00000
68.06300	858.00000
68.06800	855.00000
68.07300	877.00000
68.07800	870.00000
68.08300	887.00000
68.08800	888.00000
68.09300	885.00000
68.09800	896.00000
68.10300	888.00000
68.10800	881.00000
68.11300	883.00000
68.11800	887.00000
68.12300	892.00000
68.12800	889.00000
68.13300	892.00000
68.13800	880.00000
68.14300	887.00000
68.14800	879.00000
68.15300	888.00000
68.15800	919.00000
68.16300	888.00000
68.16800	859.00000
68.17300	872.00000
68.17800	878.00000
68.18300	901.00000
68.18800	886.00000
68.19300	879.00000
68.19800	888.00000
68.20300	877.00000
68.20800	868.00000
68.21300	896.00000
68.21800	905.00000
68.22300	892.00000
68.22800	872.00000
68.23300	892.00000
68.23800	922.00000
68.24300	943.00000
68.24800	912.00000
68.25300	910.00000
68.25800	899.00000
68.26300	912.00000
68.26800	906.00000
68.27300	887.00000
68.27800	884.00000
68.28300	865.00000
68.28800	896.00000
68.29300	916.00000
68.29800	920.00000
68.30300	921.00000
68.30800	941.00000
68.31300	948.00000
68.31800	941.00000
68.32300	946.00000
68.32800	970.00000
68.33300	990.00000
68.33800	975.00000
68.34300	957.00000
68.34800	959.00000
68.35300	976.00000
68.35800	969.00000
68.36300	984.00000
68.36800	971.00000
68.37300	968.00000
68.37800	1019.00000
68.38300	1032.00000
68.38800	1020.00000
68.39300	999.00000
68.39800	1001.00000
68.40300	1020.00000
68.40800	1013.00000
68.41300	1001.00000
68.41800	974.00000
68.42300	960.00000
68.42800	949.00000
68.43300	955.00000
68.43800	969.00000
68.44300	998.00000
68.44800	1024.00000
68.45300	1000.00000
68.45800	954.00000
68.46300	942.00000
68.46800	954.00000
68.47300	942.00000
68.47800	937.00000
68.48300	931.00000
68.48800	936.00000
68.49300	929.00000
68.49800	926.00000
68.50300	908.00000
68.50800	907.00000
68.51300	905.00000
68.51800	897.00000
68.52300	933.00000
68.52800	954.00000
68.53300	934.00000
68.53800	911.00000
68.54300	927.00000
68.54800	959.00000
68.55300	967.00000
68.55800	988.00000
68.56300	962.00000
68.56800	942.00000
68.57300	940.00000
68.57800	937.00000
68.58300	921.00000
68.58800	921.00000
68.59300	928.00000
68.59800	924.00000
68.60300	906.00000
68.60800	919.00000
68.61300	905.00000
68.61800	914.00000
68.62300	923.00000
68.62800	921.00000
68.63300	903.00000
68.63800	900.00000
68.64300	919.00000
68.64800	962.00000
68.65300	986.00000
68.65800	992.00000
68.66300	1027.00000
68.66800	1016.00000
68.67300	983.00000
68.67800	964.00000
68.68300	967.00000
68.68800	986.00000
68.69300	988.00000
68.69800	976.00000
68.70300	969.00000
68.70800	979.00000
68.71300	989.00000
68.71800	979.00000
68.72300	962.00000
68.72800	959.00000
68.73300	970.00000
68.73800	988.00000
68.74300	1009.00000
68.74800	1020.00000
68.75300	998.00000
68.75800	990.00000
68.76300	1000.00000
68.76800	1032.00000
68.77300	1058.00000
68.77800	1031.00000
68.78300	978.00000
68.78800	949.00000
68.79300	951.00000
68.79800	971.00000
68.80300	962.00000
68.80800	954.00000
68.81300	956.00000
68.81800	971.00000
68.82300	966.00000
68.82800	957.00000
68.83300	972.00000
68.83800	1000.00000
68.84300	1030.00000
68.84800	1038.00000
68.85300	1018.00000
68.85800	1004.00000
68.86300	995.00000
68.86800	1013.00000
68.87300	1027.00000
68.87800	1032.00000
68.88300	1044.00000
68.88800	1027.00000
68.89300	980.00000
68.89800	982.00000
68.90300	1022.00000
68.90800	1035.00000
68.91300	1029.00000
68.91800	1018.00000
68.92300	1021.00000
68.92800	1035.00000
68.93300	1040.00000
68.93800	1015.00000
68.94300	1027.00000
68.94800	1019.00000
68.95300	981.00000
68.95800	977.00000
68.96300	985.00000
68.96800	983.00000
68.97300	963.00000
68.97800	941.00000
68.98300	945.00000
68.98800	973.00000
68.99300	977.00000
68.99800	970.00000
69.00300	958.00000
69.00800	950.00000
69.01300	941.00000
69.01800	950.00000
69.02300	969.00000
69.02800	958.00000
69.03300	946.00000
69.03800	947.00000
69.04300	932.00000
69.04800	925.00000
69.05300	941.00000
69.05800	945.00000
69.06300	922.00000
69.06800	881.00000
69.07300	867.00000
69.07800	870.00000
69.08300	870.00000
69.08800	860.00000
69.09300	874.00000
69.09800	896.00000
69.10300	877.00000
69.10800	869.00000
69.11300	895.00000
69.11800	925.00000
69.12300	950.00000
69.12800	947.00000
69.13300	930.00000
69.13800	923.00000
69.14300	925.00000
69.14800	917.00000
69.15300	890.00000
69.15800	882.00000
69.16300	889.00000
69.16800	930.00000
69.17300	955.00000
69.17800	946.00000
69.18300	928.00000
69.18800	950.00000
69.19300	988.00000
69.19800	1002.00000
69.20300	987.00000
69.20800	989.00000
69.21300	995.00000
69.21800	1006.00000
69.22300	989.00000
69.22800	978.00000
69.23300	997.00000
69.23800	1018.00000
69.24300	1047.00000
69.24800	1060.00000
69.25300	1081.00000
69.25800	1093.00000
69.26300	1081.00000
69.26800	1069.00000
69.27300	1080.00000
69.27800	1091.00000
69.28300	1095.00000
69.28800	1077.00000
69.29300	1063.00000
69.29800	1049.00000
69.30300	1062.00000
69.30800	1092.00000
69.31300	1117.00000
69.31800	1145.00000
69.32300	1182.00000
69.32800	1222.00000
69.33300	1247.00000
69.33800	1241.00000
69.34300	1236.00000
69.34800	1226.00000
69.35300	1209.00000
69.35800	1218.00000
69.36300	1214.00000
69.36800	1206.00000
69.37300	1222.00000
69.37800	1246.00000
69.38300	1242.00000
69.38800	1205.00000
69.39300	1173.00000
69.39800	1153.00000
69.40300	1140.00000
69.40800	1156.00000
69.41300	1173.00000
69.41800	1170.00000
69.42300	1182.00000
69.42800	1193.00000
69.43300	1184.00000
69.43800	1153.00000
69.44300	1129.00000
69.44800	1108.00000
69.45300	1076.00000
69.45800	1068.00000
69.46300	1072.00000
69.46800	1060.00000
69.47300	1040.00000
69.47800	1001.00000
69.48300	971.00000
69.48800	944.00000
69.49300	960.00000
69.49800	1008.00000
69.50300	1006.00000
69.50800	961.00000
69.51300	929.00000
69.51800	918.00000
69.52300	928.00000
69.52800	930.00000
69.53300	928.00000
69.53800	943.00000
69.54300	940.00000
69.54800	928.00000
69.55300	912.00000
69.55800	902.00000
69.56300	893.00000
69.56800	875.00000
69.57300	881.00000
69.57800	903.00000
69.58300	909.00000
69.58800	928.00000
69.59300	936.00000
69.59800	944.00000
69.60300	957.00000
69.60800	997.00000
69.61300	982.00000
69.61800	959.00000
69.62300	915.00000
69.62800	915.00000
69.63300	917.00000
69.63800	910.00000
69.64300	922.00000
69.64800	934.00000
69.65300	919.00000
69.65800	908.00000
69.66300	936.00000
69.66800	946.00000
69.67300	944.00000
69.67800	933.00000
69.68300	913.00000
69.68800	924.00000
69.69300	900.00000
69.69800	925.00000
69.70300	995.00000
69.70800	989.00000
69.71300	963.00000
69.71800	941.00000
69.72300	970.00000
69.72800	935.00000
69.73300	917.00000
69.73800	971.00000
69.74300	1002.00000
69.74800	1028.00000
69.75300	1033.00000
69.75800	1014.00000
69.76300	963.00000
69.76800	963.00000
69.77300	934.00000
69.77800	940.00000
69.78300	953.00000
69.78800	979.00000
69.79300	1033.00000
69.79800	974.00000
69.80300	997.00000
69.80800	1007.00000
69.81300	967.00000
69.81800	940.00000
69.82300	955.00000
69.82800	1030.00000
69.83300	1037.00000
69.83800	984.00000
69.84300	961.00000
69.84800	958.00000
69.85300	988.00000
69.85800	986.00000
69.86300	976.00000
69.86800	954.00000
69.87300	961.00000
69.87800	985.00000
69.88300	986.00000
69.88800	993.00000
69.89300	976.00000
69.89800	971.00000
69.90300	993.00000
69.90800	980.00000
69.91300	978.00000
69.91800	970.00000
69.92300	985.00000
69.92800	948.00000
69.93300	935.00000
69.93800	932.00000
69.94300	960.00000
69.94800	957.00000
69.95300	935.00000
69.95800	937.00000
69.96300	949.00000
69.96800	927.00000
69.97300	920.00000
69.97800	946.00000
69.98300	986.00000
69.98800	982.00000
69.99300	965.00000
69.99800	986.00000
70.00300	982.00000
70.00800	967.00000
70.01300	966.00000
70.01800	953.00000
70.02300	926.00000
70.02800	912.00000
70.03300	944.00000
70.03800	976.00000
70.04300	964.00000
70.04800	928.00000
70.05300	920.00000
70.05800	935.00000
70.06300	938.00000
70.06800	900.00000
70.07300	856.00000
70.07800	878.00000
70.08300	922.00000
70.08800	952.00000
70.09300	946.00000
70.09800	938.00000
70.10300	928.00000
70.10800	927.00000
70.11300	936.00000
70.11800	956.00000
70.12300	958.00000
70.12800	931.00000
70.13300	905.00000
70.13800	900.00000
70.14300	898.00000
70.14800	886.00000
70.15300	880.00000
70.15800	893.00000
70.16300	906.00000
70.16800	909.00000
70.17300	913.00000
70.17800	908.00000
70.18300	910.00000
70.18800	910.00000
70.19300	901.00000
70.19800	905.00000
70.20300	912.00000
70.20800	905.00000
70.21300	894.00000
70.21800	888.00000
70.22300	891.00000
70.22800	889.00000
70.23300	885.00000
70.23800	866.00000
70.24300	841.00000
70.24800	837.00000
70.25300	836.00000
70.25800	832.00000
70.26300	834.00000
70.26800	853.00000
70.27300	902.00000
70.27800	938.00000
70.28300	940.00000
70.28800	918.00000
70.29300	891.00000
70.29800	883.00000
70.30300	899.00000
70.30800	898.00000
70.31300	873.00000
70.31800	868.00000
70.32300	877.00000
70.32800	874.00000
70.33300	861.00000
70.33800	828.00000
70.34300	820.00000
70.34800	809.00000
70.35300	800.00000
70.35800	800.00000
70.36300	805.00000
70.36800	810.00000
70.37300	788.00000
70.37800	772.00000
70.38300	773.00000
70.38800	799.00000
70.39300	797.00000
70.39800	802.00000
70.40300	848.00000
70.40800	901.00000
70.41300	905.00000
70.41800	871.00000
70.42300	843.00000
70.42800	830.00000
70.43300	849.00000
70.43800	814.00000
70.44300	794.00000
70.44800	800.00000
70.45300	826.00000
70.45800	812.00000
70.46300	817.00000
70.46800	844.00000
70.47300	835.00000
70.47800	834.00000
70.48300	834.00000
70.48800	851.00000
70.49300	828.00000
70.49800	816.00000
70.50300	808.00000
70.50800	786.00000
70.51300	801.00000
70.51800	814.00000
70.52300	858.00000
70.52800	868.00000
70.53300	865.00000
70.53800	873.00000
70.54300	874.00000
70.54800	865.00000
70.55300	874.00000
70.55800	879.00000
70.56300	892.00000
70.56800	875.00000
70.57300	846.00000
70.57800	838.00000
70.58300	850.00000
70.58800	867.00000
70.59300	864.00000
70.59800	859.00000
70.60300	870.00000
70.60800	885.00000
70.61300	897.00000
70.61800	921.00000
70.62300	926.00000
70.62800	913.00000
70.63300	909.00000
70.63800	898.00000
70.64300	875.00000
70.64800	870.00000
70.65300	864.00000
70.65800	865.00000
70.66300	857.00000
70.66800	852.00000
70.67300	869.00000
70.67800	902.00000
70.68300	932.00000
70.68800	929.00000
70.69300	924.00000
70.69800	930.00000
70.70300	895.00000
70.70800	856.00000
70.71300	840.00000
70.71800	834.00000
70.72300	827.00000
70.72800	841.00000
70.73300	874.00000
70.73800	891.00000
70.74300	879.00000
70.74800	870.00000
70.75300	876.00000
70.75800	860.00000
70.76300	828.00000
70.76800	806.00000
70.77300	800.00000
70.77800	807.00000
70.78300	828.00000
70.78800	843.00000
70.79300	850.00000
70.79800	864.00000
70.80300	883.00000
70.80800	868.00000
70.81300	830.00000
70.81800	820.00000
70.82300	832.00000
70.82800	844.00000
70.83300	844.00000
70.83800	850.00000
70.84300	855.00000
70.84800	853.00000
70.85300	846.00000
70.85800	837.00000
70.86300	836.00000
70.86800	827.00000
70.87300	823.00000
70.87800	824.00000
70.88300	829.00000
70.88800	842.00000
70.89300	847.00000
70.89800	844.00000
70.90300	830.00000
70.90800	837.00000
70.91300	866.00000
70.91800	846.00000
70.92300	792.00000
70.92800	783.00000
70.93300	795.00000
70.93800	815.00000
70.94300	815.00000
70.94800	810.00000
70.95300	814.00000
70.95800	837.00000
70.96300	826.00000
70.96800	833.00000
70.97300	844.00000
70.97800	837.00000
70.98300	816.00000
70.98800	806.00000
70.99300	776.00000
70.99800	750.00000
71.00300	777.00000
71.00800	771.00000
71.01300	814.00000
71.01800	822.00000
71.02300	822.00000
71.02800	823.00000
71.03300	838.00000
71.03800	843.00000
71.04300	846.00000
71.04800	841.00000
71.05300	824.00000
71.05800	815.00000
71.06300	831.00000
71.06800	840.00000
71.07300	847.00000
71.07800	871.00000
71.08300	868.00000
71.08800	884.00000
71.09300	885.00000
71.09800	866.00000
71.10300	862.00000
71.10800	851.00000
71.11300	850.00000
71.11800	859.00000
71.12300	872.00000
71.12800	865.00000
71.13300	876.00000
71.13800	884.00000
71.14300	897.00000
71.14800	902.00000
71.15300	914.00000
71.15800	897.00000
71.16300	871.00000
71.16800	846.00000
71.17300	830.00000
71.17800	842.00000
71.18300	842.00000
71.18800	857.00000
71.19300	896.00000
71.19800	911.00000
71.20300	892.00000
71.20800	890.00000
71.21300	899.00000
71.21800	919.00000
71.22300	935.00000
71.22800	937.00000
71.23300	923.00000
71.23800	916.00000
71.24300	913.00000
71.24800	931.00000
71.25300	948.00000
71.25800	959.00000
71.26300	942.00000
71.26800	945.00000
71.27300	979.00000
71.27800	977.00000
71.28300	961.00000
71.28800	986.00000
71.29300	1006.00000
71.29800	1004.00000
71.30300	987.00000
71.30800	979.00000
71.31300	988.00000
71.31800	1007.00000
71.32300	1007.00000
71.32800	979.00000
71.33300	981.00000
71.33800	1001.00000
71.34300	990.00000
71.34800	985.00000
71.35300	992.00000
71.35800	962.00000
71.36300	940.00000
71.36800	930.00000
71.37300	914.00000
71.37800	902.00000
71.38300	900.00000
71.38800	910.00000
71.39300	919.00000
71.39800	921.00000
71.40300	921.00000
71.40800	929.00000
71.41300	943.00000
71.41800	941.00000
71.42300	925.00000
71.42800	938.00000
71.43300	951.00000
71.43800	948.00000
71.44300	943.00000
71.44800	957.00000
71.45300	956.00000
71.45800	927.00000
71.46300	904.00000
71.46800	891.00000
71.47300	883.00000
71.47800	890.00000
71.48300	881.00000
71.48800	883.00000
71.49300	874.00000
71.49800	853.00000
71.50300	842.00000
71.50800	841.00000
71.51300	858.00000
71.51800	865.00000
71.52300	873.00000
71.52800	890.00000
71.53300	915.00000
71.53800	912.00000
71.54300	932.00000
71.54800	938.00000
71.55300	913.00000
71.55800	863.00000
71.56300	861.00000
71.56800	850.00000
71.57300	835.00000
71.57800	835.00000
71.58300	835.00000
71.58800	841.00000
71.59300	834.00000
71.59800	815.00000
71.60300	792.00000
71.60800	795.00000
71.61300	800.00000
71.61800	813.00000
71.62300	822.00000
71.62800	806.00000
71.63300	809.00000
71.63800	821.00000
71.64300	806.00000
71.64800	776.00000
71.65300	788.00000
71.65800	822.00000
71.66300	837.00000
71.66800	843.00000
71.67300	830.00000
71.67800	825.00000
71.68300	837.00000
71.68800	852.00000
71.69300	869.00000
71.69800	871.00000
71.70300	849.00000
71.70800	832.00000
71.71300	866.00000
71.71800	885.00000
71.72300	870.00000
71.72800	893.00000
71.73300	898.00000
71.73800	887.00000
71.74300	849.00000
71.74800	843.00000
71.75300	879.00000
71.75800	881.00000
71.76300	871.00000
71.76800	871.00000
71.77300	895.00000
71.77800	878.00000
71.78300	872.00000
71.78800	883.00000
71.79300	881.00000
71.79800	869.00000
71.80300	827.00000
71.80800	872.00000
71.81300	927.00000
71.81800	932.00000
71.82300	937.00000
71.82800	929.00000
71.83300	958.00000
71.83800	965.00000
71.84300	951.00000
71.84800	919.00000
71.85300	890.00000
71.85800	875.00000
71.86300	882.00000
71.86800	933.00000
71.87300	935.00000
71.87800	917.00000
71.88300	897.00000
71.88800	919.00000
71.89300	915.00000
71.89800	912.00000
71.90300	938.00000
71.90800	955.00000
71.91300	967.00000
71.91800	961.00000
71.92300	931.00000
71.92800	912.00000
71.93300	910.00000
71.93800	923.00000
71.94300	927.00000
71.94800	927.00000
71.95300	919.00000
71.95800	898.00000
71.96300	902.00000
71.96800	913.00000
71.97300	924.00000
71.97800	935.00000
71.98300	959.00000
71.98800	966.00000
71.99300	960.00000
71.99800	929.00000
72.00300	926.00000
72.00800	921.00000
72.01300	940.00000
72.01800	953.00000
72.02300	957.00000
72.02800	952.00000
72.03300	945.00000
72.03800	955.00000
72.04300	972.00000
72.04800	992.00000
72.05300	989.00000
72.05800	992.00000
72.06300	975.00000
72.06800	958.00000
72.07300	949.00000
72.07800	938.00000
72.08300	937.00000
72.08800	948.00000
72.09300	938.00000
72.09800	923.00000
72.10300	918.00000
72.10800	932.00000
72.11300	956.00000
72.11800	952.00000
72.12300	938.00000
72.12800	929.00000
72.13300	926.00000
72.13800	921.00000
72.14300	937.00000
72.14800	938.00000
72.15300	917.00000
72.15800	899.00000
72.16300	886.00000
72.16800	877.00000
72.17300	855.00000
72.17800	841.00000
72.18300	859.00000
72.18800	874.00000
72.19300	867.00000
72.19800	855.00000
72.20300	846.00000
72.20800	852.00000
72.21300	864.00000
72.21800	869.00000
72.22300	870.00000
72.22800	876.00000
72.23300	873.00000
72.23800	870.00000
72.24300	870.00000
72.24800	860.00000
72.25300	853.00000
72.25800	860.00000
72.26300	876.00000
72.26800	885.00000
72.27300	901.00000
72.27800	897.00000
72.28300	864.00000
72.28800	833.00000
72.29300	824.00000
72.29800	838.00000
72.30300	872.00000
72.30800	891.00000
72.31300	887.00000
72.31800	885.00000
72.32300	892.00000
72.32800	866.00000
72.33300	841.00000
72.33800	844.00000
72.34300	859.00000
72.34800	860.00000
72.35300	856.00000
72.35800	860.00000
72.36300	865.00000
72.36800	868.00000
72.37300	872.00000
72.37800	863.00000
72.38300	855.00000
72.38800	839.00000
72.39300	832.00000
72.39800	841.00000
72.40300	839.00000
72.40800	846.00000
72.41300	863.00000
72.41800	864.00000
72.42300	863.00000
72.42800	877.00000
72.43300	884.00000
72.43800	886.00000
72.44300	904.00000
72.44800	913.00000
72.45300	900.00000
72.45800	873.00000
72.46300	875.00000
72.46800	905.00000
72.47300	928.00000
72.47800	939.00000
72.48300	942.00000
72.48800	917.00000
72.49300	903.00000
72.49800	881.00000
72.50300	855.00000
72.50800	853.00000
72.51300	841.00000
72.51800	840.00000
72.52300	867.00000
72.52800	869.00000
72.53300	873.00000
72.53800	876.00000
72.54300	858.00000
72.54800	851.00000
72.55300	862.00000
72.55800	875.00000
72.56300	904.00000
72.56800	892.00000
72.57300	872.00000
72.57800	857.00000
72.58300	835.00000
72.58800	827.00000
72.59300	825.00000
72.59800	826.00000
72.60300	838.00000
72.60800	879.00000
72.61300	910.00000
72.61800	892.00000
72.62300	894.00000
72.62800	900.00000
72.63300	890.00000
72.63800	887.00000
72.64300	885.00000
72.64800	883.00000
72.65300	865.00000
72.65800	857.00000
72.66300	870.00000
72.66800	903.00000
72.67300	912.00000
72.67800	921.00000
72.68300	914.00000
72.68800	897.00000
72.69300	885.00000
72.69800	900.00000
72.70300	914.00000
72.70800	906.00000
72.71300	886.00000
72.71800	884.00000
72.72300	920.00000
72.72800	914.00000
72.73300	880.00000
72.73800	863.00000
72.74300	884.00000
72.74800	909.00000
72.75300	914.00000
72.75800	942.00000
72.76300	952.00000
72.76800	953.00000
72.77300	947.00000
72.77800	920.00000
72.78300	902.00000
72.78800	882.00000
72.79300	860.00000
72.79800	880.00000
72.80300	900.00000
72.80800	892.00000
72.81300	884.00000
72.81800	888.00000
72.82300	880.00000
72.82800	866.00000
72.83300	878.00000
72.83800	911.00000
72.84300	925.00000
72.84800	940.00000
72.85300	957.00000
72.85800	937.00000
72.86300	935.00000
72.86800	922.00000
72.87300	920.00000
72.87800	931.00000
72.88300	940.00000
72.88800	929.00000
72.89300	936.00000
72.89800	941.00000
72.90300	916.00000
72.90800	900.00000
72.91300	917.00000
72.91800	940.00000
72.92300	936.00000
72.92800	933.00000
72.93300	954.00000
72.93800	944.00000
72.94300	990.00000
72.94800	1009.00000
72.95300	970.00000
72.95800	977.00000
72.96300	949.00000
72.96800	900.00000
72.97300	918.00000
72.97800	908.00000
72.98300	895.00000
72.98800	886.00000
72.99300	892.00000
72.99800	868.00000
73.00300	870.00000
73.00800	876.00000
73.01300	864.00000
73.01800	889.00000
73.02300	903.00000
73.02800	890.00000
73.03300	895.00000
73.03800	894.00000
73.04300	860.00000
73.04800	849.00000
73.05300	853.00000
73.05800	843.00000
73.06300	835.00000
73.06800	851.00000
73.07300	863.00000
73.07800	832.00000
73.08300	829.00000
73.08800	842.00000
73.09300	840.00000
73.09800	843.00000
73.10300	867.00000
73.10800	901.00000
73.11300	906.00000
73.11800	896.00000
73.12300	896.00000
73.12800	882.00000
73.13300	863.00000
73.13800	850.00000
73.14300	892.00000
73.14800	922.00000
73.15300	924.00000
73.15800	901.00000
73.16300	854.00000
73.16800	847.00000
73.17300	823.00000
73.17800	850.00000
73.18300	842.00000
73.18800	839.00000
73.19300	842.00000
73.19800	850.00000
73.20300	842.00000
73.20800	865.00000
73.21300	857.00000
73.21800	832.00000
73.22300	818.00000
73.22800	815.00000
73.23300	816.00000
73.23800	837.00000
73.24300	847.00000
73.24800	840.00000
73.25300	832.00000
73.25800	824.00000
73.26300	837.00000
73.26800	846.00000
73.27300	813.00000
73.27800	778.00000
73.28300	757.00000
73.28800	753.00000
73.29300	757.00000
73.29800	763.00000
73.30300	762.00000
73.30800	786.00000
73.31300	794.00000
73.31800	794.00000
73.32300	804.00000
73.32800	804.00000
73.33300	795.00000
73.33800	776.00000
73.34300	774.00000
73.34800	789.00000
73.35300	813.00000
73.35800	815.00000
73.36300	839.00000
73.36800	832.00000
73.37300	771.00000
73.37800	731.00000
73.38300	743.00000
73.38800	769.00000
73.39300	782.00000
73.39800	796.00000
73.40300	791.00000
73.40800	802.00000
73.41300	839.00000
73.41800	824.00000
73.42300	812.00000
73.42800	811.00000
73.43300	814.00000
73.43800	817.00000
73.44300	807.00000
73.44800	800.00000
73.45300	761.00000
73.45800	752.00000
73.46300	783.00000
73.46800	805.00000
73.47300	807.00000
73.47800	789.00000
73.48300	789.00000
73.48800	789.00000
73.49300	782.00000
73.49800	785.00000
73.50300	804.00000
73.50800	832.00000
73.51300	847.00000
73.51800	829.00000
73.52300	823.00000
73.52800	817.00000
73.53300	822.00000
73.53800	820.00000
73.54300	799.00000
73.54800	772.00000
73.55300	768.00000
73.55800	769.00000
73.56300	760.00000
73.56800	757.00000
73.57300	772.00000
73.57800	792.00000
73.58300	800.00000
73.58800	790.00000
73.59300	778.00000
73.59800	778.00000
73.60300	789.00000
73.60800	784.00000
73.61300	758.00000
73.61800	746.00000
73.62300	763.00000
73.62800	780.00000
73.63300	789.00000
73.63800	795.00000
73.64300	788.00000
73.64800	786.00000
73.65300	783.00000
73.65800	756.00000
73.66300	746.00000
73.66800	760.00000
73.67300	768.00000
73.67800	789.00000
73.68300	824.00000
73.68800	850.00000
73.69300	860.00000
73.69800	862.00000
73.70300	841.00000
73.70800	814.00000
73.71300	801.00000
73.71800	805.00000
73.72300	807.00000
73.72800	809.00000
73.73300	808.00000
73.73800	822.00000
73.74300	813.00000
73.74800	803.00000
73.75300	803.00000
73.75800	797.00000
73.76300	778.00000
73.76800	772.00000
73.77300	768.00000
73.77800	782.00000
73.78300	789.00000
73.78800	782.00000
73.79300	798.00000
73.79800	830.00000
73.80300	855.00000
73.80800	871.00000
73.81300	873.00000
73.81800	860.00000
73.82300	831.00000
73.82800	813.00000
73.83300	810.00000
73.83800	827.00000
73.84300	848.00000
73.84800	835.00000
73.85300	796.00000
73.85800	784.00000
73.86300	801.00000
73.86800	808.00000
73.87300	826.00000
73.87800	841.00000
73.88300	837.00000
73.88800	839.00000
73.89300	837.00000
73.89800	823.00000
73.90300	828.00000
73.90800	816.00000
73.91300	800.00000
73.91800	786.00000
73.92300	785.00000
73.92800	800.00000
73.93300	815.00000
73.93800	809.00000
73.94300	793.00000
73.94800	793.00000
73.95300	807.00000
73.95800	797.00000
73.96300	779.00000
73.96800	795.00000
73.97300	802.00000
73.97800	800.00000
73.98300	807.00000
73.98800	819.00000
73.99300	837.00000
73.99800	846.00000
74.00300	836.00000
74.00800	815.00000
74.01300	804.00000
74.01800	807.00000
74.02300	830.00000
74.02800	842.00000
74.03300	831.00000
74.03800	835.00000
74.04300	830.00000
74.04800	816.00000
74.05300	826.00000
74.05800	843.00000
74.06300	831.00000
74.06800	813.00000
74.07300	809.00000
74.07800	804.00000
74.08300	802.00000
74.08800	801.00000
74.09300	811.00000
74.09800	836.00000
74.10300	857.00000
74.10800	852.00000
74.11300	834.00000
74.11800	854.00000
74.12300	891.00000
74.12800	884.00000
74.13300	869.00000
74.13800	862.00000
74.14300	875.00000
74.14800	869.00000
74.15300	830.00000
74.15800	801.00000
74.16300	798.00000
74.16800	823.00000
74.17300	823.00000
74.17800	800.00000
74.18300	783.00000
74.18800	780.00000
74.19300	795.00000
74.19800	815.00000
74.20300	823.00000
74.20800	832.00000
74.21300	834.00000
74.21800	820.00000
74.22300	789.00000
74.22800	768.00000
74.23300	768.00000
74.23800	773.00000
74.24300	791.00000
74.24800	814.00000
74.25300	825.00000
74.25800	814.00000
74.26300	802.00000
74.26800	806.00000
74.27300	812.00000
74.27800	799.00000
74.28300	802.00000
74.28800	818.00000
74.29300	814.00000
74.29800	808.00000
74.30300	820.00000
74.30800	811.00000
74.31300	775.00000
74.31800	733.00000
74.32300	736.00000
74.32800	755.00000
74.33300	758.00000
74.33800	763.00000
74.34300	774.00000
74.34800	773.00000
74.35300	783.00000
74.35800	787.00000
74.36300	795.00000
74.36800	810.00000
74.37300	824.00000
74.37800	820.00000
74.38300	794.00000
74.38800	788.00000
74.39300	800.00000
74.39800	807.00000
74.40300	798.00000
74.40800	792.00000
74.41300	809.00000
74.41800	828.00000
74.42300	839.00000
74.42800	845.00000
74.43300	859.00000
74.43800	862.00000
74.44300	831.00000
74.44800	828.00000
74.45300	834.00000
74.45800	833.00000
74.46300	838.00000
74.46800	840.00000
74.47300	841.00000
74.47800	844.00000
74.48300	847.00000
74.48800	851.00000
74.49300	871.00000
74.49800	877.00000
74.50300	858.00000
74.50800	855.00000
74.51300	860.00000
74.51800	862.00000
74.52300	859.00000
74.52800	846.00000
74.53300	860.00000
74.53800	871.00000
74.54300	882.00000
74.54800	889.00000
74.55300	895.00000
74.55800	914.00000
74.56300	929.00000
74.56800	924.00000
74.57300	928.00000
74.57800	937.00000
74.58300	920.00000
74.58800	905.00000
74.59300	901.00000
74.59800	910.00000
74.60300	942.00000
74.60800	944.00000
74.61300	913.00000
74.61800	892.00000
74.62300	901.00000
74.62800	936.00000
74.63300	914.00000
74.63800	882.00000
74.64300	883.00000
74.64800	898.00000
74.65300	902.00000
74.65800	892.00000
74.66300	902.00000
74.66800	932.00000
74.67300	973.00000
74.67800	1013.00000
74.68300	1010.00000
74.68800	966.00000
74.69300	912.00000
74.69800	882.00000
74.70300	863.00000
74.70800	859.00000
74.71300	853.00000
74.71800	825.00000
74.72300	809.00000
74.72800	824.00000
74.73300	856.00000
74.73800	866.00000
74.74300	853.00000
74.74800	850.00000
74.75300	851.00000
74.75800	847.00000
74.76300	846.00000
74.76800	842.00000
74.77300	832.00000
74.77800	849.00000
74.78300	847.00000
74.78800	821.00000
74.79300	808.00000
74.79800	828.00000
74.80300	862.00000
74.80800	885.00000
74.81300	883.00000
74.81800	861.00000
74.82300	832.00000
74.82800	828.00000
74.83300	830.00000
74.83800	845.00000
74.84300	841.00000
74.84800	817.00000
74.85300	796.00000
74.85800	787.00000
74.86300	780.00000
74.86800	791.00000
74.87300	826.00000
74.87800	846.00000
74.88300	832.00000
74.88800	807.00000
74.89300	791.00000
74.89800	784.00000
74.90300	790.00000
74.90800	819.00000
74.91300	830.00000
74.91800	845.00000
74.92300	843.00000
74.92800	820.00000
74.93300	818.00000
74.93800	826.00000
74.94300	804.00000
74.94800	783.00000
74.95300	753.00000
74.95800	751.00000
74.96300	759.00000
74.96800	768.00000
74.97300	775.00000
74.97800	757.00000
74.98300	733.00000
74.98800	754.00000
74.99300	776.00000
74.99800	779.00000
75.00300	795.00000
75.00800	796.00000
75.01300	807.00000
75.01800	827.00000
75.02300	839.00000
75.02800	833.00000
75.03300	804.00000
75.03800	793.00000
75.04300	776.00000
75.04800	781.00000
75.05300	797.00000
75.05800	792.00000
75.06300	767.00000
75.06800	764.00000
75.07300	772.00000
75.07800	788.00000
75.08300	805.00000
75.08800	808.00000
75.09300	798.00000
75.09800	797.00000
75.10300	794.00000
75.10800	815.00000
75.11300	818.00000
75.11800	827.00000
75.12300	823.00000
75.12800	795.00000
75.13300	782.00000
75.13800	772.00000
75.14300	766.00000
75.14800	759.00000
75.15300	764.00000
75.15800	784.00000
75.16300	815.00000
75.16800	809.00000
75.17300	779.00000
75.17800	781.00000
75.18300	798.00000
75.18800	789.00000
75.19300	746.00000
75.19800	746.00000
75.20300	756.00000
75.20800	766.00000
75.21300	745.00000
75.21800	737.00000
75.22300	754.00000
75.22800	779.00000
75.23300	772.00000
75.23800	777.00000
75.24300	768.00000
75.24800	754.00000
75.25300	761.00000
75.25800	791.00000
75.26300	844.00000
75.26800	854.00000
75.27300	837.00000
75.27800	822.00000
75.28300	799.00000
75.28800	804.00000
75.29300	817.00000
75.29800	815.00000
75.30300	811.00000
75.30800	799.00000
75.31300	794.00000
75.31800	783.00000
75.32300	786.00000
75.32800	785.00000
75.33300	780.00000
75.33800	780.00000
75.34300	793.00000
75.34800	816.00000
75.35300	854.00000
75.35800	868.00000
75.36300	839.00000
75.36800	849.00000
75.37300	841.00000
75.37800	836.00000
75.38300	798.00000
75.38800	772.00000
75.39300	779.00000
75.39800	821.00000
75.40300	849.00000
75.40800	834.00000
75.41300	825.00000
75.41800	809.00000
75.42300	832.00000
75.42800	839.00000
75.43300	849.00000
75.43800	833.00000
75.44300	835.00000
75.44800	808.00000
75.45300	761.00000
75.45800	745.00000
75.46300	755.00000
75.46800	792.00000
75.47300	811.00000
75.47800	816.00000
75.48300	799.00000
75.48800	792.00000
75.49300	784.00000
75.49800	754.00000
75.50300	745.00000
75.50800	732.00000
75.51300	749.00000
75.51800	786.00000
75.52300	802.00000
75.52800	810.00000
75.53300	791.00000
75.53800	810.00000
75.54300	789.00000
75.54800	765.00000
75.55300	751.00000
75.55800	742.00000
75.56300	755.00000
75.56800	746.00000
75.57300	737.00000
75.57800	760.00000
75.58300	800.00000
75.58800	807.00000
75.59300	814.00000
75.59800	847.00000
75.60300	816.00000
75.60800	804.00000
75.61300	780.00000
75.61800	790.00000
75.62300	806.00000
75.62800	787.00000
75.63300	806.00000
75.63800	801.00000
75.64300	771.00000
75.64800	757.00000
75.65300	770.00000
75.65800	781.00000
75.66300	758.00000
75.66800	752.00000
75.67300	787.00000
75.67800	822.00000
75.68300	816.00000
75.68800	808.00000
75.69300	805.00000
75.69800	816.00000
75.70300	791.00000
75.70800	771.00000
75.71300	774.00000
75.71800	768.00000
75.72300	793.00000
75.72800	795.00000
75.73300	778.00000
75.73800	771.00000
75.74300	758.00000
75.74800	736.00000
75.75300	728.00000
75.75800	726.00000
75.76300	745.00000
75.76800	759.00000
75.77300	782.00000
75.77800	788.00000
75.78300	780.00000
75.78800	786.00000
75.79300	781.00000
75.79800	785.00000
75.80300	809.00000
75.80800	804.00000
75.81300	808.00000
75.81800	808.00000
75.82300	806.00000
75.82800	801.00000
75.83300	824.00000
75.83800	843.00000
75.84300	839.00000
75.84800	816.00000
75.85300	788.00000
75.85800	786.00000
75.86300	790.00000
75.86800	791.00000
75.87300	769.00000
75.87800	760.00000
75.88300	776.00000
75.88800	776.00000
75.89300	764.00000
75.89800	760.00000
75.90300	772.00000
75.90800	801.00000
75.91300	815.00000
75.91800	804.00000
75.92300	782.00000
75.92800	769.00000
75.93300	767.00000
75.93800	784.00000
75.94300	822.00000
75.94800	832.00000
75.95300	829.00000
75.95800	819.00000
75.96300	824.00000
75.96800	785.00000
75.97300	780.00000
75.97800	801.00000
75.98300	833.00000
75.98800	817.00000
75.99300	795.00000
75.99800	783.00000
76.00300	794.00000
76.00800	784.00000
76.01300	784.00000
76.01800	780.00000
76.02300	791.00000
76.02800	807.00000
76.03300	822.00000
76.03800	825.00000
76.04300	801.00000
76.04800	772.00000
76.05300	763.00000
76.05800	759.00000
76.06300	759.00000
76.06800	790.00000
76.07300	821.00000
76.07800	821.00000
76.08300	809.00000
76.08800	818.00000
76.09300	825.00000
76.09800	804.00000
76.10300	795.00000
76.10800	817.00000
76.11300	818.00000
76.11800	823.00000
76.12300	837.00000
76.12800	855.00000
76.13300	835.00000
76.13800	822.00000
76.14300	842.00000
76.14800	858.00000
76.15300	872.00000
76.15800	900.00000
76.16300	904.00000
76.16800	878.00000
76.17300	862.00000
76.17800	849.00000
76.18300	835.00000
76.18800	833.00000
76.19300	847.00000
76.19800	843.00000
76.20300	843.00000
76.20800	837.00000
76.21300	847.00000
76.21800	879.00000
76.22300	898.00000
76.22800	892.00000
76.23300	880.00000
76.23800	857.00000
76.24300	852.00000
76.24800	866.00000
76.25300	890.00000
76.25800	898.00000
76.26300	917.00000
76.26800	922.00000
76.27300	910.00000
76.27800	895.00000
76.28300	895.00000
76.28800	899.00000
76.29300	911.00000
76.29800	921.00000
76.30300	916.00000
76.30800	904.00000
76.31300	913.00000
76.31800	947.00000
76.32300	952.00000
76.32800	917.00000
76.33300	884.00000
76.33800	860.00000
76.34300	845.00000
76.34800	851.00000
76.35300	858.00000
76.35800	851.00000
76.36300	831.00000
76.36800	829.00000
76.37300	860.00000
76.37800	883.00000
76.38300	893.00000
76.38800	907.00000
76.39300	909.00000
76.39800	895.00000
76.40300	882.00000
76.40800	862.00000
76.41300	844.00000
76.41800	831.00000
76.42300	827.00000
76.42800	818.00000
76.43300	818.00000
76.43800	824.00000
76.44300	829.00000
76.44800	851.00000
76.45300	870.00000
76.45800	868.00000
76.46300	851.00000
76.46800	821.00000
76.47300	815.00000
76.47800	809.00000
76.48300	810.00000
76.48800	817.00000
76.49300	820.00000
76.49800	821.00000
76.50300	830.00000
76.50800	833.00000
76.51300	832.00000
76.51800	837.00000
76.52300	830.00000
76.52800	803.00000
76.53300	797.00000
76.53800	818.00000
76.54300	837.00000
76.54800	848.00000
76.55300	866.00000
76.55800	881.00000
76.56300	869.00000
76.56800	845.00000
76.57300	841.00000
76.57800	844.00000
76.58300	849.00000
76.58800	843.00000
76.59300	821.00000
76.59800	822.00000
76.60300	835.00000
76.60800	837.00000
76.61300	825.00000
76.61800	811.00000
76.62300	810.00000
76.62800	823.00000
76.63300	837.00000
76.63800	845.00000
76.64300	848.00000
76.64800	846.00000
76.65300	824.00000
76.65800	815.00000
76.66300	828.00000
76.66800	837.00000
76.67300	844.00000
76.67800	848.00000
76.68300	836.00000
76.68800	828.00000
76.69300	833.00000
76.69800	845.00000
76.70300	850.00000
76.70800	843.00000
76.71300	835.00000
76.71800	834.00000
76.72300	828.00000
76.72800	828.00000
76.73300	831.00000
76.73800	825.00000
76.74300	817.00000
76.74800	800.00000
76.75300	793.00000
76.75800	788.00000
76.76300	770.00000
76.76800	755.00000
76.77300	770.00000
76.77800	788.00000
76.78300	790.00000
76.78800	797.00000
76.79300	796.00000
76.79800	784.00000
76.80300	769.00000
76.80800	770.00000
76.81300	799.00000
76.81800	831.00000
76.82300	839.00000
76.82800	840.00000
76.83300	848.00000
76.83800	859.00000
76.84300	853.00000
76.84800	824.00000
76.85300	813.00000
76.85800	818.00000
76.86300	820.00000
76.86800	826.00000
76.87300	830.00000
76.87800	837.00000
76.88300	840.00000
76.88800	823.00000
76.89300	813.00000
76.89800	824.00000
76.90300	835.00000
76.90800	833.00000
76.91300	828.00000
76.91800	823.00000
76.92300	826.00000
76.92800	826.00000
76.93300	838.00000
76.93800	849.00000
76.94300	830.00000
76.94800	803.00000
76.95300	790.00000
76.95800	781.00000
76.96300	793.00000
76.96800	799.00000
76.97300	793.00000
76.97800	800.00000
76.98300	824.00000
76.98800	832.00000
76.99300	826.00000
76.99800	818.00000
77.00300	814.00000
77.00800	825.00000
77.01300	835.00000
77.01800	833.00000
77.02300	844.00000
77.02800	852.00000
77.03300	832.00000
77.03800	801.00000
77.04300	797.00000
77.04800	798.00000
77.05300	798.00000
77.05800	811.00000
77.06300	835.00000
77.06800	846.00000
77.07300	840.00000
77.07800	844.00000
77.08300	848.00000
77.08800	846.00000
77.09300	857.00000
77.09800	871.00000
77.10300	867.00000
77.10800	866.00000
77.11300	870.00000
77.11800	841.00000
77.12300	820.00000
77.12800	810.00000
77.13300	820.00000
77.13800	827.00000
77.14300	822.00000
77.14800	819.00000
77.15300	803.00000
77.15800	769.00000
77.16300	756.00000
77.16800	752.00000
77.17300	763.00000
77.17800	786.00000
77.18300	828.00000
77.18800	855.00000
77.19300	843.00000
77.19800	821.00000
77.20300	830.00000
77.20800	849.00000
77.21300	831.00000
77.21800	843.00000
77.22300	841.00000
77.22800	808.00000
77.23300	779.00000
77.23800	758.00000
77.24300	745.00000
77.24800	734.00000
77.25300	746.00000
77.25800	742.00000
77.26300	745.00000
77.26800	763.00000
77.27300	760.00000
77.27800	770.00000
77.28300	778.00000
77.28800	781.00000
77.29300	774.00000
77.29800	773.00000
77.30300	786.00000
77.30800	780.00000
77.31300	791.00000
77.31800	834.00000
77.32300	878.00000
77.32800	880.00000
77.33300	867.00000
77.33800	844.00000
77.34300	851.00000
77.34800	823.00000
77.35300	801.00000
77.35800	800.00000
77.36300	760.00000
77.36800	732.00000
77.37300	766.00000
77.37800	807.00000
77.38300	842.00000
77.38800	821.00000
77.39300	788.00000
77.39800	784.00000
77.40300	770.00000
77.40800	767.00000
77.41300	781.00000
77.41800	806.00000
77.42300	827.00000
77.42800	870.00000
77.43300	877.00000
77.43800	861.00000
77.44300	862.00000
77.44800	837.00000
77.45300	815.00000
77.45800	828.00000
77.46300	828.00000
77.46800	787.00000
77.47300	762.00000
77.47800	791.00000
77.48300	821.00000
77.48800	818.00000
77.49300	846.00000
77.49800	840.00000
77.50300	818.00000
77.50800	841.00000
77.51300	869.00000
77.51800	853.00000
77.52300	816.00000
77.52800	800.00000
77.53300	800.00000
77.53800	817.00000
77.54300	829.00000
77.54800	826.00000
77.55300	847.00000
77.55800	851.00000
77.56300	850.00000
77.56800	840.00000
77.57300	852.00000
77.57800	859.00000
77.58300	856.00000
77.58800	861.00000
77.59300	846.00000
77.59800	853.00000
77.60300	871.00000
77.60800	843.00000
77.61300	831.00000
77.61800	844.00000
77.62300	864.00000
77.62800	859.00000
77.63300	863.00000
77.63800	848.00000
77.64300	856.00000
77.64800	867.00000
77.65300	851.00000
77.65800	859.00000
77.66300	874.00000
77.66800	876.00000
77.67300	883.00000
77.67800	918.00000
77.68300	877.00000
77.68800	865.00000
77.69300	876.00000
77.69800	872.00000
77.70300	861.00000
77.70800	850.00000
77.71300	845.00000
77.71800	821.00000
77.72300	812.00000
77.72800	819.00000
77.73300	814.00000
77.73800	819.00000
77.74300	830.00000
77.74800	842.00000
77.75300	856.00000
77.75800	865.00000
77.76300	876.00000
77.76800	836.00000
77.77300	845.00000
77.77800	823.00000
77.78300	786.00000
77.78800	813.00000
77.79300	825.00000
77.79800	841.00000
77.80300	822.00000
77.80800	845.00000
77.81300	828.00000
77.81800	803.00000
77.82300	782.00000
77.82800	794.00000
77.83300	843.00000
77.83800	837.00000
77.84300	832.00000
77.84800	824.00000
77.85300	804.00000
77.85800	786.00000
77.86300	795.00000
77.86800	839.00000
77.87300	829.00000
77.87800	826.00000
77.88300	820.00000
77.88800	797.00000
77.89300	765.00000
77.89800	766.00000
77.90300	777.00000
77.90800	757.00000
77.91300	751.00000
77.91800	765.00000
77.92300	790.00000
77.92800	807.00000
77.93300	805.00000
77.93800	811.00000
77.94300	794.00000
77.94800	784.00000
77.95300	770.00000
77.95800	760.00000
77.96300	754.00000
77.96800	765.00000
77.97300	758.00000
77.97800	775.00000
77.98300	810.00000
77.98800	818.00000
77.99300	797.00000
77.99800	773.00000
78.00300	752.00000
78.00800	719.00000
78.01300	708.00000
78.01800	758.00000
78.02300	793.00000
78.02800	797.00000
78.03300	793.00000
78.03800	787.00000
78.04300	788.00000
78.04800	800.00000
78.05300	823.00000
78.05800	823.00000
78.06300	803.00000
78.06800	759.00000
78.07300	779.00000
78.07800	750.00000
78.08300	744.00000
78.08800	757.00000
78.09300	774.00000
78.09800	789.00000
78.10300	790.00000
78.10800	774.00000
78.11300	764.00000
78.11800	776.00000
78.12300	790.00000
78.12800	800.00000
78.13300	814.00000
78.13800	827.00000
78.14300	846.00000
78.14800	807.00000
78.15300	774.00000
78.15800	789.00000
78.16300	787.00000
78.16800	807.00000
78.17300	841.00000
78.17800	828.00000
78.18300	848.00000
78.18800	836.00000
78.19300	775.00000
78.19800	764.00000
78.20300	763.00000
78.20800	755.00000
78.21300	757.00000
78.21800	754.00000
78.22300	790.00000
78.22800	826.00000
78.23300	800.00000
78.23800	769.00000
78.24300	751.00000
78.24800	782.00000
78.25300	796.00000
78.25800	778.00000
78.26300	791.00000
78.26800	813.00000
78.27300	800.00000
78.27800	771.00000
78.28300	772.00000
78.28800	762.00000
78.29300	763.00000
78.29800	782.00000
78.30300	797.00000
78.30800	787.00000
78.31300	773.00000
78.31800	809.00000
78.32300	849.00000
78.32800	829.00000
78.33300	791.00000
78.33800	780.00000
78.34300	807.00000
78.34800	804.00000
78.35300	798.00000
78.35800	799.00000
78.36300	806.00000
78.36800	788.00000
78.37300	758.00000
78.37800	762.00000
78.38300	813.00000
78.38800	853.00000
78.39300	828.00000
78.39800	800.00000
78.40300	794.00000
78.40800	797.00000
78.41300	804.00000
78.41800	811.00000
78.42300	815.00000
78.42800	822.00000
78.43300	843.00000
78.43800	839.00000
78.44300	841.00000
78.44800	842.00000
78.45300	856.00000
78.45800	881.00000
78.46300	881.00000
78.46800	864.00000
78.47300	847.00000
78.47800	838.00000
78.48300	839.00000
78.48800	832.00000
78.49300	836.00000
78.49800	819.00000
78.50300	811.00000
78.50800	847.00000
78.51300	874.00000
78.51800	872.00000
78.52300	867.00000
78.52800	861.00000
78.53300	841.00000
78.53800	820.00000
78.54300	809.00000
78.54800	811.00000
78.55300	828.00000
78.55800	834.00000
78.56300	834.00000
78.56800	843.00000
78.57300	823.00000
78.57800	814.00000
78.58300	815.00000
78.58800	821.00000
78.59300	841.00000
78.59800	840.00000
78.60300	817.00000
78.60800	818.00000
78.61300	808.00000
78.61800	788.00000
78.62300	791.00000
78.62800	811.00000
78.63300	802.00000
78.63800	792.00000
78.64300	783.00000
78.64800	769.00000
78.65300	786.00000
78.65800	804.00000
78.66300	809.00000
78.66800	805.00000
78.67300	786.00000
78.67800	796.00000
78.68300	816.00000
78.68800	809.00000
78.69300	794.00000
78.69800	802.00000
78.70300	819.00000
78.70800	810.00000
78.71300	814.00000
78.71800	819.00000
78.72300	825.00000
78.72800	814.00000
78.73300	775.00000
78.73800	763.00000
78.74300	761.00000
78.74800	734.00000
78.75300	722.00000
78.75800	749.00000
78.76300	773.00000
78.76800	774.00000
78.77300	786.00000
78.77800	802.00000
78.78300	810.00000
78.78800	812.00000
78.79300	783.00000
78.79800	750.00000
78.80300	743.00000
78.80800	740.00000
78.81300	742.00000
78.81800	745.00000
78.82300	732.00000
78.82800	712.00000
78.83300	716.00000
78.83800	736.00000
78.84300	760.00000
78.84800	774.00000
78.85300	777.00000
78.85800	787.00000
78.86300	810.00000
78.86800	800.00000
78.87300	789.00000
78.87800	762.00000
78.88300	755.00000
78.88800	780.00000
78.89300	795.00000
78.89800	770.00000
78.90300	740.00000
78.90800	726.00000
78.91300	720.00000
78.91800	709.00000
78.92300	707.00000
78.92800	715.00000
78.93300	695.00000
78.93800	684.00000
78.94300	690.00000
78.94800	701.00000
78.95300	699.00000
78.95800	717.00000
78.96300	734.00000
78.96800	724.00000
78.97300	720.00000
78.97800	723.00000
78.98300	758.00000
78.98800	736.00000
78.99300	694.00000
78.99800	684.00000
79.00300	721.00000
79.00800	759.00000
79.01300	760.00000
79.01800	730.00000
79.02300	737.00000
79.02800	768.00000
79.03300	792.00000
79.03800	747.00000
79.04300	717.00000
79.04800	728.00000
79.05300	722.00000
79.05800	733.00000
79.06300	741.00000
79.06800	752.00000
79.07300	776.00000
79.07800	752.00000
79.08300	733.00000
79.08800	755.00000
79.09300	764.00000
79.09800	768.00000
79.10300	754.00000
79.10800	747.00000
79.11300	755.00000
79.11800	763.00000
79.12300	757.00000
79.12800	772.00000
79.13300	778.00000
79.13800	775.00000
79.14300	779.00000
79.14800	761.00000
79.15300	762.00000
79.15800	756.00000
79.16300	759.00000
79.16800	724.00000
79.17300	729.00000
79.17800	734.00000
79.18300	748.00000
79.18800	771.00000
79.19300	778.00000
79.19800	761.00000
79.20300	786.00000
79.20800	821.00000
79.21300	819.00000
79.21800	790.00000
79.22300	747.00000
79.22800	717.00000
79.23300	735.00000
79.23800	713.00000
79.24300	721.00000
79.24800	709.00000
79.25300	715.00000
79.25800	749.00000
79.26300	789.00000
79.26800	806.00000
79.27300	784.00000
79.27800	738.00000
79.28300	761.00000
79.28800	759.00000
79.29300	765.00000
79.29800	763.00000
79.30300	778.00000
79.30800	836.00000
79.31300	831.00000
79.31800	837.00000
79.32300	800.00000
79.32800	777.00000
79.33300	764.00000
79.33800	793.00000
79.34300	792.00000
79.34800	826.00000
79.35300	842.00000
79.35800	830.00000
79.36300	803.00000
79.36800	792.00000
79.37300	807.00000
79.37800	783.00000
79.38300	812.00000
79.38800	828.00000
79.39300	819.00000
79.39800	827.00000
79.40300	828.00000
79.40800	806.00000
79.41300	817.00000
79.41800	812.00000
79.42300	769.00000
79.42800	791.00000
79.43300	781.00000
79.43800	796.00000
79.44300	843.00000
79.44800	802.00000
79.45300	774.00000
79.45800	771.00000
79.46300	773.00000
79.46800	763.00000
79.47300	719.00000
79.47800	734.00000
79.48300	763.00000
79.48800	751.00000
79.49300	755.00000
79.49800	738.00000
79.50300	735.00000
79.50800	743.00000
79.51300	755.00000
79.51800	767.00000
79.52300	759.00000
79.52800	770.00000
79.53300	775.00000
79.53800	772.00000
79.54300	756.00000
79.54800	744.00000
79.55300	765.00000
79.55800	754.00000
79.56300	766.00000
79.56800	751.00000
79.57300	725.00000
79.57800	715.00000
79.58300	755.00000
79.58800	755.00000
79.59300	768.00000
79.59800	759.00000
79.60300	747.00000
79.60800	767.00000
79.61300	759.00000
79.61800	726.00000
79.62300	720.00000
79.62800	748.00000
79.63300	759.00000
79.63800	768.00000
79.64300	758.00000
79.64800	735.00000
79.65300	713.00000
79.65800	732.00000
79.66300	734.00000
79.66800	748.00000
79.67300	746.00000
79.67800	752.00000
79.68300	745.00000
79.68800	710.00000
79.69300	712.00000
79.69800	732.00000
79.70300	739.00000
79.70800	739.00000
79.71300	766.00000
79.71800	794.00000
79.72300	763.00000
79.72800	747.00000
79.73300	752.00000
79.73800	740.00000
79.74300	741.00000
79.74800	757.00000
79.75300	746.00000
79.75800	729.00000
79.76300	755.00000
79.76800	792.00000
79.77300	788.00000
79.77800	764.00000
79.78300	761.00000
79.78800	771.00000
79.79300	772.00000
79.79800	779.00000
79.80300	779.00000
79.80800	765.00000
79.81300	753.00000
79.81800	757.00000
79.82300	787.00000
79.82800	807.00000
79.83300	805.00000
79.83800	800.00000
79.84300	797.00000
79.84800	772.00000
79.85300	734.00000
79.85800	719.00000
79.86300	752.00000
79.86800	761.00000
79.87300	747.00000
79.87800	734.00000
79.88300	728.00000
79.88800	743.00000
79.89300	755.00000
79.89800	752.00000
79.90300	745.00000
79.90800	718.00000
79.91300	727.00000
79.91800	741.00000
79.92300	741.00000
79.92800	728.00000
79.93300	716.00000
79.93800	725.00000
79.94300	718.00000
79.94800	725.00000
79.95300	753.00000
79.95800	757.00000
79.96300	742.00000
79.96800	723.00000
79.97300	721.00000
79.97800	740.00000
79.98300	737.00000
79.98800	745.00000
79.99300	743.00000
79.99800	750.00000
80.00300	773.00000
80.00800	773.00000
80.01300	762.00000
80.01800	742.00000
80.02300	742.00000
80.02800	741.00000
80.03300	733.00000
80.03800	748.00000
80.04300	760.00000
80.04800	763.00000
80.05300	772.00000
80.05800	775.00000
80.06300	784.00000
80.06800	778.00000
80.07300	756.00000
80.07800	737.00000
80.08300	708.00000
80.08800	688.00000
80.09300	701.00000
80.09800	719.00000
80.10300	737.00000
80.10800	757.00000
80.11300	763.00000
80.11800	784.00000
80.12300	788.00000
80.12800	766.00000
80.13300	751.00000
80.13800	743.00000
80.14300	752.00000
80.14800	768.00000
80.15300	772.00000
80.15800	750.00000
80.16300	755.00000
80.16800	763.00000
80.17300	771.00000
80.17800	755.00000
80.18300	746.00000
80.18800	740.00000
80.19300	739.00000
80.19800	758.00000
80.20300	788.00000
80.20800	802.00000
80.21300	805.00000
80.21800	796.00000
80.22300	784.00000
80.22800	801.00000
80.23300	801.00000
80.23800	754.00000
80.24300	740.00000
80.24800	770.00000
80.25300	806.00000
80.25800	821.00000
80.26300	833.00000
80.26800	843.00000
80.27300	843.00000
80.27800	820.00000
80.28300	780.00000
80.28800	728.00000
80.29300	731.00000
80.29800	773.00000
80.30300	762.00000
80.30800	750.00000
80.31300	755.00000
80.31800	745.00000
80.32300	753.00000
80.32800	779.00000
80.33300	768.00000
80.33800	795.00000
80.34300	823.00000
80.34800	845.00000
80.35300	828.00000
80.35800	782.00000
80.36300	812.00000
80.36800	818.00000
80.37300	801.00000
80.37800	763.00000
80.38300	758.00000
80.38800	773.00000
80.39300	766.00000
80.39800	768.00000
80.40300	780.00000
80.40800	793.00000
80.41300	789.00000
80.41800	779.00000
80.42300	788.00000
80.42800	789.00000
80.43300	782.00000
80.43800	795.00000
80.44300	797.00000
80.44800	799.00000
80.45300	807.00000
80.45800	796.00000
80.46300	804.00000
80.46800	791.00000
80.47300	762.00000
80.47800	745.00000
80.48300	757.00000
80.48800	789.00000
80.49300	774.00000
80.49800	768.00000
80.50300	796.00000
80.50800	803.00000
80.51300	784.00000
80.51800	778.00000
80.52300	793.00000
80.52800	768.00000
80.53300	769.00000
80.53800	775.00000
80.54300	764.00000
80.54800	758.00000
80.55300	779.00000
80.55800	798.00000
80.56300	824.00000
80.56800	816.00000
80.57300	821.00000
80.57800	785.00000
80.58300	753.00000
80.58800	764.00000
80.59300	782.00000
80.59800	787.00000
80.60300	790.00000
80.60800	798.00000
80.61300	807.00000
80.61800	798.00000
80.62300	801.00000
80.62800	796.00000
80.63300	802.00000
80.63800	799.00000
80.64300	788.00000
80.64800	775.00000
80.65300	784.00000
80.65800	773.00000
80.66300	752.00000
80.66800	775.00000
80.67300	826.00000
80.67800	792.00000
80.68300	739.00000
80.68800	759.00000
80.69300	767.00000
80.69800	801.00000
80.70300	826.00000
80.70800	797.00000
80.71300	793.00000
80.71800	796.00000
80.72300	804.00000
80.72800	800.00000
80.73300	825.00000
80.73800	819.00000
80.74300	803.00000
80.74800	798.00000
80.75300	800.00000
80.75800	803.00000
80.76300	816.00000
80.76800	819.00000
80.77300	812.00000
80.77800	806.00000
80.78300	805.00000
80.78800	806.00000
80.79300	783.00000
80.79800	785.00000
80.80300	796.00000
80.80800	806.00000
80.81300	793.00000
80.81800	780.00000
80.82300	778.00000
80.82800	786.00000
80.83300	779.00000
80.83800	793.00000
80.84300	797.00000
80.84800	783.00000
80.85300	784.00000
80.85800	788.00000
80.86300	764.00000
80.86800	753.00000
80.87300	748.00000
80.87800	750.00000
80.88300	789.00000
80.88800	804.00000
80.89300	790.00000
80.89800	766.00000
80.90300	749.00000
80.90800	761.00000
80.91300	794.00000
80.91800	805.00000
80.92300	799.00000
80.92800	812.00000
80.93300	824.00000
80.93800	817.00000
80.94300	806.00000
80.94800	809.00000
80.95300	802.00000
80.95800	794.00000
80.96300	783.00000
80.96800	775.00000
80.97300	797.00000
80.97800	786.00000
80.98300	763.00000
80.98800	776.00000
80.99300	809.00000
80.99800	822.00000
81.00300	836.00000
81.00800	860.00000
81.01300	855.00000
81.01800	829.00000
81.02300	791.00000
81.02800	785.00000
81.03300	810.00000
81.03800	822.00000
81.04300	819.00000
81.04800	808.00000
81.05300	800.00000
81.05800	799.00000
81.06300	807.00000
81.06800	799.00000
81.07300	781.00000
81.07800	776.00000
81.08300	784.00000
81.08800	797.00000
81.09300	812.00000
81.09800	840.00000
81.10300	847.00000
81.10800	829.00000
81.11300	803.00000
81.11800	778.00000
81.12300	770.00000
81.12800	774.00000
81.13300	773.00000
81.13800	780.00000
81.14300	801.00000
81.14800	800.00000
81.15300	776.00000
81.15800	756.00000
81.16300	745.00000
81.16800	744.00000
81.17300	751.00000
81.17800	757.00000
81.18300	757.00000
81.18800	758.00000
81.19300	770.00000
81.19800	777.00000
81.20300	779.00000
81.20800	770.00000
81.21300	765.00000
81.21800	773.00000
81.22300	794.00000
81.22800	801.00000
81.23300	776.00000
81.23800	756.00000
81.24300	756.00000
81.24800	781.00000
81.25300	809.00000
81.25800	809.00000
81.26300	812.00000
81.26800	790.00000
81.27300	783.00000
81.27800	788.00000
81.28300	805.00000
81.28800	811.00000
81.29300	796.00000
81.29800	809.00000
81.30300	846.00000
81.30800	871.00000
81.31300	863.00000
81.31800	832.00000
81.32300	802.00000
81.32800	786.00000
81.33300	780.00000
81.33800	771.00000
81.34300	766.00000
81.34800	779.00000
81.35300	788.00000
81.35800	791.00000
81.36300	775.00000
81.36800	770.00000
81.37300	763.00000
81.37800	760.00000
81.38300	750.00000
81.38800	744.00000
81.39300	761.00000
81.39800	776.00000
81.40300	783.00000
81.40800	787.00000
81.41300	812.00000
81.41800	807.00000
81.42300	781.00000
81.42800	758.00000
81.43300	758.00000
81.43800	792.00000
81.44300	798.00000
81.44800	752.00000
81.45300	755.00000
81.45800	786.00000
81.46300	794.00000
81.46800	770.00000
81.47300	788.00000
81.47800	795.00000
81.48300	783.00000
81.48800	812.00000
81.49300	832.00000
81.49800	823.00000
81.50300	822.00000
81.50800	814.00000
81.51300	781.00000
81.51800	771.00000
81.52300	764.00000
81.52800	746.00000
81.53300	739.00000
81.53800	747.00000
81.54300	744.00000
81.54800	753.00000
81.55300	755.00000
81.55800	773.00000
81.56300	750.00000
81.56800	717.00000
81.57300	701.00000
81.57800	708.00000
81.58300	756.00000
81.58800	787.00000
81.59300	785.00000
81.59800	794.00000
81.60300	787.00000
81.60800	763.00000
81.61300	753.00000
81.61800	785.00000
81.62300	831.00000
81.62800	845.00000
81.63300	847.00000
81.63800	807.00000
81.64300	761.00000
81.64800	745.00000
81.65300	751.00000
81.65800	786.00000
81.66300	819.00000
81.66800	802.00000
81.67300	774.00000
81.67800	755.00000
81.68300	761.00000
81.68800	766.00000
81.69300	770.00000
81.69800	814.00000
81.70300	792.00000
81.70800	767.00000
81.71300	733.00000
81.71800	769.00000
81.72300	782.00000
81.72800	772.00000
81.73300	753.00000
81.73800	747.00000
81.74300	749.00000
81.74800	760.00000
81.75300	780.00000
81.75800	779.00000
81.76300	772.00000
81.76800	759.00000
81.77300	743.00000
81.77800	740.00000
81.78300	737.00000
81.78800	783.00000
81.79300	812.00000
81.79800	787.00000
81.80300	787.00000
81.80800	789.00000
81.81300	811.00000
81.81800	827.00000
81.82300	827.00000
81.82800	842.00000
81.83300	810.00000
81.83800	794.00000
81.84300	821.00000
81.84800	842.00000
81.85300	813.00000
81.85800	781.00000
81.86300	761.00000
81.86800	757.00000
81.87300	745.00000
81.87800	748.00000
81.88300	748.00000
81.88800	736.00000
81.89300	739.00000
81.89800	774.00000
81.90300	787.00000
81.90800	781.00000
81.91300	798.00000
81.91800	769.00000
81.92300	759.00000
81.92800	777.00000
81.93300	791.00000
81.93800	803.00000
81.94300	802.00000
81.94800	833.00000
81.95300	835.00000
81.95800	829.00000
81.96300	823.00000
81.96800	827.00000
81.97300	829.00000
81.97800	810.00000
81.98300	781.00000
81.98800	749.00000
81.99300	746.00000
81.99800	759.00000
82.00300	763.00000
82.00800	754.00000
82.01300	749.00000
82.01800	743.00000
82.02300	774.00000
82.02800	802.00000
82.03300	793.00000
82.03800	764.00000
82.04300	753.00000
82.04800	762.00000
82.05300	780.00000
82.05800	807.00000
82.06300	804.00000
82.06800	794.00000
82.07300	812.00000
82.07800	828.00000
82.08300	800.00000
82.08800	797.00000
82.09300	820.00000
82.09800	842.00000
82.10300	837.00000
82.10800	811.00000
82.11300	792.00000
82.11800	779.00000
82.12300	757.00000
82.12800	739.00000
82.13300	763.00000
82.13800	804.00000
82.14300	817.00000
82.14800	797.00000
82.15300	778.00000
82.15800	783.00000
82.16300	779.00000
82.16800	762.00000
82.17300	759.00000
82.17800	772.00000
82.18300	786.00000
82.18800	791.00000
82.19300	793.00000
82.19800	802.00000
82.20300	806.00000
82.20800	802.00000
82.21300	781.00000
82.21800	760.00000
82.22300	769.00000
82.22800	799.00000
82.23300	798.00000
82.23800	793.00000
82.24300	796.00000
82.24800	797.00000
82.25300	803.00000
82.25800	781.00000
82.26300	761.00000
82.26800	747.00000
82.27300	752.00000
82.27800	769.00000
82.28300	774.00000
82.28800	748.00000
82.29300	750.00000
82.29800	768.00000
82.30300	765.00000
82.30800	786.00000
82.31300	837.00000
82.31800	826.00000
82.32300	779.00000
82.32800	754.00000
82.33300	758.00000
82.33800	784.00000
82.34300	826.00000
82.34800	834.00000
82.35300	835.00000
82.35800	827.00000
82.36300	815.00000
82.36800	814.00000
82.37300	814.00000
82.37800	802.00000
82.38300	782.00000
82.38800	775.00000
82.39300	778.00000
82.39800	794.00000
82.40300	817.00000
82.40800	867.00000
82.41300	858.00000
82.41800	813.00000
82.42300	790.00000
82.42800	830.00000
82.43300	875.00000
82.43800	855.00000
82.44300	844.00000
82.44800	835.00000
82.45300	816.00000
82.45800	818.00000
82.46300	828.00000
82.46800	797.00000
82.47300	781.00000
82.47800	792.00000
82.48300	814.00000
82.48800	789.00000
82.49300	748.00000
82.49800	744.00000
82.50300	748.00000
82.50800	760.00000
82.51300	787.00000
82.51800	811.00000
82.52300	801.00000
82.52800	755.00000
82.53300	722.00000
82.53800	727.00000
82.54300	732.00000
82.54800	759.00000
82.55300	772.00000
82.55800	767.00000
82.56300	764.00000
82.56800	759.00000
82.57300	752.00000
82.57800	752.00000
82.58300	755.00000
82.58800	764.00000
82.59300	791.00000
82.59800	792.00000
82.60300	780.00000
82.60800	768.00000
82.61300	768.00000
82.61800	749.00000
82.62300	761.00000
82.62800	780.00000
82.63300	790.00000
82.63800	800.00000
82.64300	762.00000
82.64800	736.00000
82.65300	761.00000
82.65800	757.00000
82.66300	780.00000
82.66800	767.00000
82.67300	791.00000
82.67800	767.00000
82.68300	775.00000
82.68800	780.00000
82.69300	774.00000
82.69800	762.00000
82.70300	747.00000
82.70800	761.00000
82.71300	789.00000
82.71800	765.00000
82.72300	753.00000
82.72800	785.00000
82.73300	778.00000
82.73800	775.00000
82.74300	783.00000
82.74800	775.00000
82.75300	809.00000
82.75800	832.00000
82.76300	795.00000
82.76800	787.00000
82.77300	769.00000
82.77800	752.00000
82.78300	761.00000
82.78800	794.00000
82.79300	797.00000
82.79800	762.00000
82.80300	769.00000
82.80800	759.00000
82.81300	789.00000
82.81800	769.00000
82.82300	770.00000
82.82800	779.00000
82.83300	758.00000
82.83800	745.00000
82.84300	771.00000
82.84800	741.00000
82.85300	743.00000
82.85800	737.00000
82.86300	742.00000
82.86800	756.00000
82.87300	788.00000
82.87800	780.00000
82.88300	804.00000
82.88800	834.00000
82.89300	828.00000
82.89800	807.00000
82.90300	813.00000
82.90800	814.00000
82.91300	807.00000
82.91800	808.00000
82.92300	815.00000
82.92800	799.00000
82.93300	773.00000
82.93800	755.00000
82.94300	744.00000
82.94800	750.00000
82.95300	780.00000
82.95800	787.00000
82.96300	793.00000
82.96800	793.00000
82.97300	766.00000
82.97800	759.00000
82.98300	773.00000
82.98800	775.00000
82.99300	756.00000
82.99800	744.00000
83.00300	736.00000
83.00800	757.00000
83.01300	780.00000
83.01800	773.00000
83.02300	766.00000
83.02800	761.00000
83.03300	755.00000
83.03800	733.00000
83.04300	737.00000
83.04800	757.00000
83.05300	764.00000
83.05800	758.00000
83.06300	768.00000
83.06800	777.00000
83.07300	811.00000
83.07800	826.00000
83.08300	804.00000
83.08800	770.00000
83.09300	733.00000
83.09800	722.00000
83.10300	733.00000
83.10800	757.00000
83.11300	766.00000
83.11800	763.00000
83.12300	758.00000
83.12800	758.00000
83.13300	763.00000
83.13800	757.00000
83.14300	758.00000
83.14800	768.00000
83.15300	767.00000
83.15800	796.00000
83.16300	795.00000
83.16800	754.00000
83.17300	718.00000
83.17800	725.00000
83.18300	738.00000
83.18800	727.00000
83.19300	715.00000
83.19800	716.00000
83.20300	748.00000
83.20800	777.00000
83.21300	787.00000
83.21800	803.00000
83.22300	801.00000
83.22800	768.00000
83.23300	757.00000
83.23800	779.00000
83.24300	795.00000
83.24800	803.00000
83.25300	764.00000
83.25800	712.00000
83.26300	704.00000
83.26800	737.00000
83.27300	711.00000
83.27800	699.00000
83.28300	701.00000
83.28800	721.00000
83.29300	770.00000
83.29800	815.00000
83.30300	809.00000
83.30800	757.00000
83.31300	719.00000
83.31800	737.00000
83.32300	753.00000
83.32800	753.00000
83.33300	742.00000
83.33800	757.00000
83.34300	754.00000
83.34800	742.00000
83.35300	731.00000
83.35800	733.00000
83.36300	744.00000
83.36800	753.00000
83.37300	739.00000
83.37800	704.00000
83.38300	745.00000
83.38800	787.00000
83.39300	816.00000
83.39800	835.00000
83.40300	799.00000
83.40800	744.00000
83.41300	746.00000
83.41800	744.00000
83.42300	746.00000
83.42800	794.00000
83.43300	826.00000
83.43800	800.00000
83.44300	811.00000
83.44800	819.00000
83.45300	792.00000
83.45800	784.00000
83.46300	772.00000
83.46800	746.00000
83.47300	757.00000
83.47800	779.00000
83.48300	775.00000
83.48800	785.00000
83.49300	784.00000
83.49800	766.00000
83.50300	771.00000
83.50800	769.00000
83.51300	760.00000
83.51800	777.00000
83.52300	806.00000
83.52800	824.00000
83.53300	800.00000
83.53800	768.00000
83.54300	764.00000
83.54800	772.00000
83.55300	806.00000
83.55800	841.00000
83.56300	824.00000
83.56800	815.00000
83.57300	824.00000
83.57800	816.00000
83.58300	831.00000
83.58800	840.00000
83.59300	825.00000
83.59800	807.00000
83.60300	796.00000
83.60800	774.00000
83.61300	765.00000
83.61800	794.00000
83.62300	837.00000
83.62800	854.00000
83.63300	847.00000
83.63800	835.00000
83.64300	840.00000
83.64800	850.00000
83.65300	849.00000
83.65800	849.00000
83.66300	831.00000
83.66800	824.00000
83.67300	814.00000
83.67800	823.00000
83.68300	828.00000
83.68800	808.00000
83.69300	804.00000
83.69800	819.00000
83.70300	821.00000
83.70800	789.00000
83.71300	785.00000
83.71800	809.00000
83.72300	824.00000
83.72800	841.00000
83.73300	831.00000
83.73800	797.00000
83.74300	799.00000
83.74800	835.00000
83.75300	834.00000
83.75800	808.00000
83.76300	811.00000
83.76800	805.00000
83.77300	771.00000
83.77800	757.00000
83.78300	767.00000
83.78800	767.00000
83.79300	771.00000
83.79800	783.00000
83.80300	791.00000
83.80800	784.00000
83.81300	769.00000
83.81800	794.00000
83.82300	817.00000
83.82800	798.00000
83.83300	782.00000
83.83800	786.00000
83.84300	779.00000
83.84800	779.00000
83.85300	792.00000
83.85800	797.00000
83.86300	777.00000
83.86800	748.00000
83.87300	744.00000
83.87800	734.00000
83.88300	724.00000
83.88800	724.00000
83.89300	719.00000
83.89800	720.00000
83.90300	722.00000
83.90800	756.00000
83.91300	781.00000
83.91800	771.00000
83.92300	761.00000
83.92800	763.00000
83.93300	772.00000
83.93800	758.00000
83.94300	755.00000
83.94800	765.00000
83.95300	788.00000
83.95800	811.00000
83.96300	770.00000
83.96800	724.00000
83.97300	725.00000
83.97800	736.00000
83.98300	731.00000
83.98800	738.00000
83.99300	740.00000
83.99800	742.00000
84.00300	752.00000
84.00800	748.00000
84.01300	736.00000
84.01800	743.00000
84.02300	755.00000
84.02800	743.00000
84.03300	726.00000
84.03800	735.00000
84.04300	774.00000
84.04800	781.00000
84.05300	758.00000
84.05800	743.00000
84.06300	744.00000
84.06800	764.00000
84.07300	779.00000
84.07800	796.00000
84.08300	794.00000
84.08800	747.00000
84.09300	724.00000
84.09800	729.00000
84.10300	745.00000
84.10800	791.00000
84.11300	821.00000
84.11800	800.00000
84.12300	791.00000
84.12800	809.00000
84.13300	810.00000
84.13800	784.00000
84.14300	750.00000
84.14800	753.00000
84.15300	775.00000
84.15800	783.00000
84.16300	760.00000
84.16800	767.00000
84.17300	797.00000
84.17800	784.00000
84.18300	786.00000
84.18800	778.00000
84.19300	785.00000
84.19800	805.00000
84.20300	797.00000
84.20800	785.00000
84.21300	773.00000
84.21800	749.00000
84.22300	758.00000
84.22800	758.00000
84.23300	755.00000
84.23800	800.00000
84.24300	842.00000
84.24800	844.00000
84.25300	845.00000
84.25800	843.00000
84.26300	808.00000
84.26800	820.00000
84.27300	843.00000
84.27800	825.00000
84.28300	825.00000
84.28800	852.00000
84.29300	860.00000
84.29800	871.00000
84.30300	858.00000
84.30800	850.00000
84.31300	858.00000
84.31800	839.00000
84.32300	810.00000
84.32800	788.00000
84.33300	776.00000
84.33800	771.00000
84.34300	791.00000
84.34800	811.00000
84.35300	796.00000
84.35800	774.00000
84.36300	794.00000
84.36800	807.00000
84.37300	783.00000
84.37800	781.00000
84.38300	796.00000
84.38800	800.00000
84.39300	783.00000
84.39800	762.00000
84.40300	772.00000
84.40800	787.00000
84.41300	772.00000
84.41800	771.00000
84.42300	771.00000
84.42800	784.00000
84.43300	792.00000
84.43800	782.00000
84.44300	792.00000
84.44800	778.00000
84.45300	762.00000
84.45800	757.00000
84.46300	751.00000
84.46800	745.00000
84.47300	746.00000
84.47800	756.00000
84.48300	780.00000
84.48800	779.00000
84.49300	792.00000
84.49800	813.00000
84.50300	814.00000
84.50800	805.00000
84.51300	788.00000
84.51800	783.00000
84.52300	782.00000
84.52800	790.00000
84.53300	786.00000
84.53800	757.00000
84.54300	744.00000
84.54800	770.00000
84.55300	803.00000
84.55800	780.00000
84.56300	765.00000
84.56800	791.00000
84.57300	783.00000
84.57800	767.00000
84.58300	736.00000
84.58800	712.00000
84.59300	728.00000
84.59800	757.00000
84.60300	750.00000
84.60800	731.00000
84.61300	727.00000
84.61800	751.00000
84.62300	762.00000
84.62800	755.00000
84.63300	768.00000
84.63800	777.00000
84.64300	780.00000
84.64800	765.00000
84.65300	738.00000
84.65800	736.00000
84.66300	745.00000
84.66800	778.00000
84.67300	815.00000
84.67800	828.00000
84.68300	797.00000
84.68800	773.00000
84.69300	776.00000
84.69800	782.00000
84.70300	781.00000
84.70800	755.00000
84.71300	751.00000
84.71800	786.00000
84.72300	808.00000
84.72800	792.00000
84.73300	799.00000
84.73800	810.00000
84.74300	782.00000
84.74800	776.00000
84.75300	793.00000
84.75800	802.00000
84.76300	787.00000
84.76800	771.00000
84.77300	751.00000
84.77800	742.00000
84.78300	753.00000
84.78800	787.00000
84.79300	808.00000
84.79800	792.00000
84.80300	772.00000
84.80800	765.00000
84.81300	767.00000
84.81800	780.00000
84.82300	781.00000
84.82800	764.00000
84.83300	775.00000
84.83800	797.00000
84.84300	792.00000
84.84800	790.00000
84.85300	784.00000
84.85800	768.00000
84.86300	751.00000
84.86800	754.00000
84.87300	784.00000
84.87800	793.00000
84.88300	773.00000
84.88800	755.00000
84.89300	735.00000
84.89800	749.00000
