7.00900	6451.00000
7.02200	6335.10000
7.03500	6340.10000
7.04800	6344.10000
7.06100	6377.80000
7.07400	6413.40000
7.08700	6214.40000
7.10000	6424.90000
7.11300	6340.50000
7.12600	6336.90000
7.13900	6286.60000
7.15200	6366.20000
7.16500	6315.40000
7.17800	6310.00000
7.19100	6363.70000
7.20400	6270.10000
7.21700	6209.80000
7.23000	6346.50000
7.24300	6267.30000
7.25600	6213.70000
7.26900	6224.50000
7.28200	6199.10000
7.29500	6140.00000
7.30800	6055.60000
7.32100	6145.30000
7.33400	6197.30000
7.34700	6280.70000
7.36000	6177.50000
7.37300	6170.70000
7.38600	6069.90000
7.39900	6099.70000
7.41200	6149.40000
7.42500	6176.20000
7.43800	6190.80000
7.45100	6170.30000
7.46400	6157.30000
7.47700	6241.20000
7.49000	6230.70000
7.50300	6180.10000
7.51600	6225.20000
7.52900	6210.60000
7.54200	6153.30000
7.55500	6190.50000
7.56800	6211.10000
7.58100	6228.80000
7.59400	6187.20000
7.60700	6075.80000
7.62000	6096.40000
7.63300	6130.40000
7.64600	6048.40000
7.65900	6110.50000
7.67200	6218.90000
7.68500	6163.40000
7.69800	6064.40000
7.71100	6049.90000
7.72400	6091.60000
7.73700	6174.90000
7.75000	6183.40000
7.76300	5976.50000
7.77600	5941.00000
7.78900	6095.30000
7.80200	6089.70000
7.81500	6074.60000
7.82800	6051.50000
7.84100	6099.90000
7.85400	6174.00000
7.86700	6111.00000
7.88000	6052.90000
7.89300	6054.20000
7.90600	6154.60000
7.91900	6072.80000
7.93200	6032.60000
7.94500	6060.50000
7.95800	6013.00000
7.97100	6043.20000
7.98400	6082.00000
7.99700	6094.20000
8.01000	5996.10000
8.02300	5920.60000
8.03600	5979.00000
8.04900	6017.50000
8.06200	6059.80000
8.07500	6129.00000
8.08800	6050.30000
8.10100	5956.60000
8.11400	5999.80000
8.12700	5968.80000
8.14000	6107.90000
8.15300	6021.80000
8.16600	5985.20000
8.17900	6135.10000
8.19200	6111.80000
8.20500	6085.20000
8.21800	5860.20000
8.23100	5939.60000
8.24400	6118.20000
8.25700	5990.10000
8.27000	6202.60000
8.28300	5996.20000
8.29600	6128.30000
8.30900	5933.10000
8.32200	6028.60000
8.33500	6015.80000
8.34800	5964.00000
8.36100	6137.80000
8.37400	5997.20000
8.38700	6065.70000
8.40000	6003.90000
8.41300	6039.50000
8.42600	5923.00000
8.43900	6071.40000
8.45200	6052.10000
8.46500	6063.80000
8.47800	6016.70000
8.49100	5997.60000
8.50400	5988.00000
8.51700	5933.20000
8.53000	6021.90000
8.54300	6077.40000
8.55600	5905.00000
8.56900	5998.70000
8.58200	6063.60000
8.59500	6026.80000
8.60800	6082.00000
8.62100	6056.10000
8.63400	6009.50000
8.64700	6001.60000
8.66000	5973.40000
8.67300	6099.30000
8.68600	6007.70000
8.69900	5988.50000
8.71200	6009.50000
8.72500	6056.00000
8.73800	6047.00000
8.75100	6102.40000
8.76400	6152.20000
8.77700	6189.30000
8.79000	6161.60000
8.80300	6177.80000
8.81600	6162.00000
8.82900	6118.20000
8.84200	6166.80000
8.85500	6203.00000
8.86800	6204.20000
8.88100	6267.20000
8.89400	6296.70000
8.90700	6341.00000
8.92000	6339.50000
8.93300	6357.30000
8.94600	6420.70000
8.95900	6421.20000
8.97200	6366.10000
8.98500	6356.60000
8.99800	6400.20000
9.01100	6407.90000
9.02400	6473.70000
9.03700	6635.50000
9.05000	6650.70000
9.06300	6657.20000
9.07600	6716.20000
9.08900	6689.30000
9.10200	6705.00000
9.11500	6773.90000
9.12800	6847.80000
9.14100	6808.90000
9.15400	6799.40000
9.16700	6805.70000
9.18000	6825.20000
9.19300	6781.70000
9.20600	6777.50000
9.21900	6763.70000
9.23200	6775.10000
9.24500	6740.50000
9.25800	6731.70000
9.27100	6649.50000
9.28400	6645.40000
9.29700	6782.30000
9.31000	6768.70000
9.32300	6690.00000
9.33600	6739.80000
9.34900	6653.00000
9.36200	6545.20000
9.37500	6595.10000
9.38800	6612.90000
9.40100	6608.70000
9.41400	6520.20000
9.42700	6436.50000
9.44000	6389.10000
9.45300	6362.60000
9.46600	6565.50000
9.47900	6515.70000
9.49200	6495.30000
9.50500	6529.00000
9.51800	6554.00000
9.53100	6399.50000
9.54400	6534.70000
9.55700	6459.60000
9.57000	6564.30000
9.58300	6515.80000
9.59600	6606.20000
9.60900	6578.30000
9.62200	6603.60000
9.63500	6623.60000
9.64800	6779.20000
9.66100	6740.70000
9.67400	6817.90000
9.68700	6978.20000
9.70000	6997.60000
9.71300	6984.40000
9.72600	7107.80000
9.73900	6857.60000
9.75200	7033.80000
9.76500	6935.40000
9.77800	6820.30000
9.79100	6814.60000
9.80400	6850.10000
9.81700	6873.60000
9.83000	6892.70000
9.84300	6954.20000
9.85600	7117.00000
9.86900	6886.90000
9.88200	6943.70000
9.89500	7011.20000
9.90800	7097.30000
9.92100	7184.50000
9.93400	7119.30000
9.94700	7254.80000
9.96000	7267.10000
9.97300	7319.90000
9.98600	7424.70000
9.99900	7403.90000
10.01200	7371.00000
10.02500	7392.10000
10.03800	7518.80000
10.05100	7443.10000
10.06400	7643.00000
10.07700	7742.10000
10.09000	7787.40000
10.10300	7810.00000
10.11600	7916.50000
10.12900	8022.50000
10.14200	8021.10000
10.15500	8145.30000
10.16800	8325.30000
10.18100	8367.90000
10.19400	8594.90000
10.20700	8799.40000
10.22000	9003.80000
10.23300	9223.70000
10.24600	9368.00000
10.25900	9524.60000
10.27200	9663.50000
10.28500	9887.80000
10.29800	10177.90000
10.31100	10408.20000
10.32400	10523.60000
10.33700	10677.00000
10.35000	10926.30000
10.36300	11245.40000
10.37600	11601.40000
10.38900	11949.80000
10.40200	12333.00000
10.41500	12812.60000
10.42800	13355.80000
10.44100	13801.50000
10.45400	14433.80000
10.46700	15191.90000
10.48000	16147.00000
10.49300	17237.00000
10.50600	18393.50000
10.51900	19898.80000
10.53200	21726.80000
10.54500	24115.90000
10.55800	27256.20000
10.57100	30751.50000
10.58400	35200.10000
10.59700	41089.20000
10.61000	49018.10000
10.62300	58749.70000
10.63600	71820.50000
10.64900	88823.90000
10.66200	110592.00000
10.67500	138486.00000
10.68800	174234.00000
10.70100	216548.00000
10.71400	263629.00000
10.72700	307976.00000
10.74000	340568.00000
10.75300	351900.00000
10.76600	336474.00000
10.77900	297219.00000
10.79200	246717.00000
10.80500	193776.00000
10.81800	147559.00000
10.83100	111190.00000
10.84400	85747.80000
10.85700	67442.70000
10.87000	54347.10000
10.88300	45306.60000
10.89600	38448.90000
10.90900	33624.10000
10.92200	29299.20000
10.93500	26198.60000
10.94800	23753.60000
10.96100	21408.50000
10.97400	19661.70000
10.98700	18020.20000
11.00000	17168.20000
11.01300	15714.90000
11.02600	14854.10000
11.03900	14112.90000
11.05200	13317.50000
11.06500	12647.00000
11.07800	12162.60000
11.09100	11686.70000
11.10400	11317.50000
11.11700	10981.50000
11.13000	10488.90000
11.14300	10240.50000
11.15600	9952.80000
11.16900	9724.20000
11.18200	9545.40000
11.19500	9247.40000
11.20800	9020.20000
11.22100	8928.40000
11.23400	8631.50000
11.24700	8415.50000
11.26000	8374.80000
11.27300	8127.20000
11.28600	8027.80000
11.29900	7895.30000
11.31200	7853.80000
11.32500	7793.90000
11.33800	7657.10000
11.35100	7534.20000
11.36400	7458.30000
11.37700	7309.90000
11.39000	7189.90000
11.40300	7178.70000
11.41600	7124.70000
11.42900	7080.80000
11.44200	7002.50000
11.45500	6866.80000
11.46800	6831.50000
11.48100	6836.20000
11.49400	6783.20000
11.50700	6719.00000
11.52000	6679.30000
11.53300	6669.90000
11.54600	6636.10000
11.55900	6620.20000
11.57200	6668.60000
11.58500	6557.20000
11.59800	6440.30000
11.61100	6411.70000
11.62400	6422.40000
11.63700	6355.80000
11.65000	6240.20000
11.66300	6276.70000
11.67600	6343.00000
11.68900	6341.20000
11.70200	6292.30000
11.71500	6244.20000
11.72800	6146.20000
11.74100	6144.00000
11.75400	6232.70000
11.76700	6176.60000
11.78000	6149.40000
11.79300	6097.60000
11.80600	6174.70000
11.81900	6233.10000
11.83200	6191.00000
11.84500	6133.90000
11.85800	6054.60000
11.87100	6057.40000
11.88400	5944.30000
11.89700	5960.70000
11.91000	5939.60000
11.92300	5912.40000
11.93600	5854.40000
11.94900	5767.00000
11.96200	5689.00000
11.97500	5577.20000
11.98800	5715.30000
12.00100	5865.40000
12.01400	5784.50000
12.02700	5795.90000
12.04000	5705.20000
12.05300	5675.20000
12.06600	5759.60000
12.07900	5757.60000
12.09200	5771.00000
12.10500	5714.10000
12.11800	5687.10000
12.13100	5590.70000
12.14400	5629.50000
12.15700	5577.40000
12.17000	5689.00000
12.18300	5570.10000
12.19600	5637.80000
12.20900	5648.60000
12.22200	5655.70000
12.23500	5610.10000
12.24800	5507.70000
12.26100	5580.40000
12.27400	5474.80000
12.28700	5462.50000
12.30000	5560.50000
12.31300	5620.10000
12.32600	5495.20000
12.33900	5537.40000
12.35200	5558.10000
12.36500	5452.20000
12.37800	5458.20000
12.39100	5389.60000
12.40400	5463.60000
12.41700	5377.70000
12.43000	5416.40000
12.44300	5378.60000
12.45600	5422.90000
12.46900	5341.70000
12.48200	5295.50000
12.49500	5279.00000
12.50800	5309.60000
12.52100	5330.00000
12.53400	5228.50000
12.54700	5341.30000
12.56000	5417.00000
12.57300	5458.70000
12.58600	5290.00000
12.59900	5278.10000
12.61200	5296.80000
12.62500	5316.90000
12.63800	5491.00000
12.65100	5344.60000
12.66400	5303.60000
12.67700	5250.10000
12.69000	5268.00000
12.70300	5279.10000
12.71600	5358.30000
12.72900	5287.20000
12.74200	5358.20000
12.75500	5350.20000
12.76800	5297.90000
12.78100	5312.30000
12.79400	5373.80000
12.80700	5236.30000
12.82000	5171.00000
12.83300	5208.20000
12.84600	5145.80000
12.85900	5191.40000
12.87200	5248.90000
12.88500	5266.60000
12.89800	5290.50000
12.91100	5239.30000
12.92400	5213.20000
12.93700	5298.10000
12.95000	5276.70000
12.96300	5213.50000
12.97600	5239.40000
12.98900	5268.20000
13.00200	5252.60000
13.01500	5260.00000
13.02800	5278.00000
13.04100	5180.80000
13.05400	5195.70000
13.06700	5189.00000
13.08000	5123.10000
13.09300	5172.90000
13.10600	5170.70000
13.11900	5199.40000
13.13200	5229.10000
13.14500	5198.60000
13.15800	5170.50000
13.17100	5096.50000
13.18400	5047.20000
13.19700	5142.30000
13.21000	5145.40000
13.22300	5275.40000
13.23600	5136.10000
13.24900	5065.10000
13.26200	5222.10000
13.27500	5233.30000
13.28800	5209.90000
13.30100	5085.20000
13.31400	5026.80000
13.32700	5153.30000
13.34000	5101.10000
13.35300	5165.80000
13.36600	5174.00000
13.37900	5020.90000
13.39200	4962.50000
13.40500	5203.00000
13.41800	5137.00000
13.43100	5124.60000
13.44400	5020.80000
13.45700	5144.80000
13.47000	5118.80000
13.48300	5188.80000
13.49600	5196.60000
13.50900	5193.70000
13.52200	5214.60000
13.53500	5190.10000
13.54800	5117.10000
13.56100	5074.70000
13.57400	5126.90000
13.58700	5206.80000
13.60000	5111.00000
13.61300	5099.10000
13.62600	5235.60000
13.63900	5185.50000
13.65200	5191.70000
13.66500	5157.70000
13.67800	5130.50000
13.69100	5129.90000
13.70400	5251.90000
13.71700	5309.50000
13.73000	5092.70000
13.74300	5288.80000
13.75600	5269.10000
13.76900	5122.40000
13.78200	5115.00000
13.79500	5202.40000
13.80800	5189.20000
13.82100	5193.20000
13.83400	5210.70000
13.84700	5244.90000
13.86000	5166.00000
13.87300	5083.90000
13.88600	5184.10000
13.89900	5157.20000
13.91200	5247.00000
13.92500	5205.30000
13.93800	5171.30000
13.95100	5121.00000
13.96400	5213.40000
13.97700	5295.00000
13.99000	5207.40000
14.00300	5177.20000
14.01600	5158.30000
14.02900	5180.10000
14.04200	5226.60000
14.05500	5149.00000
14.06800	5143.90000
14.08100	5165.50000
14.09400	5206.50000
14.10700	5260.90000
14.12000	5287.50000
14.13300	5229.90000
14.14600	5168.30000
14.15900	5204.50000
14.17200	5227.40000
14.18500	5160.80000
14.19800	5140.00000
14.21100	5149.80000
14.22400	5199.90000
14.23700	5209.60000
14.25000	5203.40000
14.26300	5212.20000
14.27600	5168.50000
14.28900	5103.70000
14.30200	5159.50000
14.31500	5204.60000
14.32800	5202.10000
14.34100	5251.50000
14.35400	5271.20000
14.36700	5339.80000
14.38000	5274.50000
14.39300	5294.00000
14.40600	5307.90000
14.41900	5329.30000
14.43200	5325.90000
14.44500	5280.10000
14.45800	5142.00000
14.47100	5204.60000
14.48400	5282.50000
14.49700	5237.40000
14.51000	5218.70000
14.52300	5318.80000
14.53600	5340.60000
14.54900	5223.80000
14.56200	5347.90000
14.57500	5312.60000
14.58800	5239.10000
14.60100	5235.90000
14.61400	5323.90000
14.62700	5266.00000
14.64000	5296.30000
14.65300	5385.40000
14.66600	5296.90000
14.67900	5362.40000
14.69200	5352.30000
14.70500	5261.90000
14.71800	5227.80000
14.73100	5277.90000
14.74400	5290.20000
14.75700	5371.80000
14.77000	5315.90000
14.78300	5294.10000
14.79600	5321.70000
14.80900	5323.80000
14.82200	5370.60000
14.83500	5263.10000
14.84800	5343.30000
14.86100	5355.20000
14.87400	5474.50000
14.88700	5326.90000
14.90000	5181.40000
14.91300	5417.00000
14.92600	5418.00000
14.93900	5460.20000
14.95200	5396.00000
14.96500	5340.20000
14.97800	5360.80000
14.99100	5292.40000
15.00400	5349.40000
15.01700	5206.60000
15.03000	5229.50000
15.04300	5505.10000
15.05600	5442.30000
15.06900	5376.40000
15.08200	5343.70000
15.09500	5434.80000
15.10800	5484.10000
15.12100	5419.30000
15.13400	5303.70000
15.14700	5389.80000
15.16000	5516.90000
15.17300	5493.70000
15.18600	5546.90000
15.19900	5488.90000
15.21200	5393.10000
15.22500	5437.30000
15.23800	5459.50000
15.25100	5494.10000
15.26400	5492.10000
15.27700	5500.00000
15.29000	5557.70000
15.30300	5626.10000
15.31600	5516.50000
15.32900	5478.80000
15.34200	5490.00000
15.35500	5532.80000
15.36800	5569.70000
15.38100	5532.30000
15.39400	5571.60000
15.40700	5583.40000
15.42000	5610.90000
15.43300	5592.10000
15.44600	5516.30000
15.45900	5604.10000
15.47200	5599.50000
15.48500	5584.90000
15.49800	5635.50000
15.51100	5638.60000
15.52400	5643.60000
15.53700	5564.50000
15.55000	5635.10000
15.56300	5757.30000
15.57600	5693.00000
15.58900	5686.20000
15.60200	5624.60000
15.61500	5572.70000
15.62800	5687.70000
15.64100	5770.10000
15.65400	5784.20000
15.66700	5759.60000
15.68000	5772.50000
15.69300	5750.50000
15.70600	5702.30000
15.71900	5729.10000
15.73200	5811.10000
15.74500	5817.70000
15.75800	5786.40000
15.77100	5804.60000
15.78400	5836.50000
15.79700	5819.90000
15.81000	5851.80000
15.82300	5857.10000
15.83600	5961.30000
15.84900	5989.10000
15.86200	5787.50000
15.87500	5835.20000
15.88800	5881.50000
15.90100	5855.70000
15.91400	5888.20000
15.92700	5966.30000
15.94000	5923.00000
15.95300	5904.80000
15.96600	5960.20000
15.97900	5893.10000
15.99200	5879.60000
16.00500	6094.50000
16.01800	5967.30000
16.03100	5959.30000
16.04400	5912.20000
16.05700	5978.40000
16.07000	6025.90000
16.08300	5960.60000
16.09600	6054.80000
16.10900	6103.10000
16.12200	6040.30000
16.13500	6008.40000
16.14800	5868.00000
16.16100	6187.90000
16.17400	6067.90000
16.18700	6114.60000
16.20000	6032.80000
16.21300	6079.40000
16.22600	6123.90000
16.23900	6035.10000
16.25200	6082.90000
16.26500	6168.30000
16.27800	6170.00000
16.29100	6203.20000
16.30400	6244.40000
16.31700	6323.20000
16.33000	6265.60000
16.34300	6286.40000
16.35600	6393.30000
16.36900	6423.70000
16.38200	6477.90000
16.39500	6546.70000
16.40800	6516.50000
16.42100	6707.90000
16.43400	6963.80000
16.44700	7044.20000
16.46000	7257.70000
16.47300	7461.70000
16.48600	7564.60000
16.49900	7739.00000
16.51200	7805.20000
16.52500	7728.80000
16.53800	7545.10000
16.55100	7496.50000
16.56400	7220.90000
16.57700	7155.40000
16.59000	7113.70000
16.60300	6970.80000
16.61600	6956.70000
16.62900	6871.90000
16.64200	6760.30000
16.65500	6851.10000
16.66800	6819.80000
16.68100	6836.10000
16.69400	6924.50000
16.70700	6874.20000
16.72000	6854.30000
16.73300	6820.90000
16.74600	6863.60000
16.75900	6890.50000
16.77200	6852.90000
16.78500	6914.20000
16.79800	6847.30000
16.81100	6966.80000
16.82400	7105.10000
16.83700	7095.30000
16.85000	7129.60000
16.86300	7102.60000
16.87600	7069.50000
16.88900	7146.40000
16.90200	7279.30000
16.91500	7326.00000
16.92800	7309.30000
16.94100	7267.20000
16.95400	7216.50000
16.96700	7309.70000
16.98000	7413.30000
16.99300	7427.40000
17.00600	7473.60000
17.01900	7506.30000
17.03200	7617.30000
17.04500	7685.20000
17.05800	7705.60000
17.07100	7827.90000
17.08400	7867.50000
17.09700	8001.70000
17.11000	7975.60000
17.12300	8048.50000
17.13600	8283.80000
17.14900	8396.90000
17.16200	8588.70000
17.17500	8810.70000
17.18800	8814.20000
17.20100	9103.40000
17.21400	9279.40000
17.22700	9546.90000
17.24000	9833.60000
17.25300	9855.80000
17.26600	10154.10000
17.27900	10702.60000
17.29200	11082.70000
17.30500	11536.70000
17.31800	11863.20000
17.33100	12473.90000
17.34400	13312.50000
17.35700	14455.10000
17.37000	15634.30000
17.38300	17192.00000
17.39600	19083.00000
17.40900	21174.40000
17.42200	24584.20000
17.43500	28658.10000
17.44800	33265.20000
17.46100	39438.20000
17.47400	47456.50000
17.48700	55516.80000
17.50000	64830.20000
17.51300	72482.90000
17.52600	78488.30000
17.53900	80035.80000
17.55200	78844.80000
17.56500	73961.60000
17.57800	67444.30000
17.59100	59044.10000
17.60400	50137.90000
17.61700	42502.80000
17.63000	36364.80000
17.64300	30678.20000
17.65600	26467.10000
17.66900	22695.70000
17.68200	20490.50000
17.69500	18173.50000
17.70800	16678.40000
17.72100	15440.60000
17.73400	14458.40000
17.74700	13736.10000
17.76000	12900.00000
17.77300	12407.30000
17.78600	11987.80000
17.79900	11444.20000
17.81200	11208.80000
17.82500	10870.60000
17.83800	10690.10000
17.85100	10419.50000
17.86400	10197.60000
17.87700	10039.80000
17.89000	10025.00000
17.90300	9863.80000
17.91600	9677.30000
17.92900	9516.30000
17.94200	9536.80000
17.95500	9542.90000
17.96800	9419.30000
17.98100	9335.70000
17.99400	9413.80000
18.00700	9415.40000
18.02000	9334.50000
18.03300	9410.70000
18.04600	9475.20000
18.05900	9418.90000
18.07200	9485.70000
18.08500	9665.20000
18.09800	9885.30000
18.11100	10040.60000
18.12400	10046.10000
18.13700	10258.00000
18.15000	10550.00000
18.16300	10841.10000
18.17600	11293.50000
18.18900	11696.00000
18.20200	12184.70000
18.21500	13052.40000
18.22800	14093.30000
18.24100	15345.20000
18.25400	17001.80000
18.26700	18987.80000
18.28000	21574.50000
18.29300	25056.10000
18.30600	28772.10000
18.31900	32147.00000
18.33200	35238.60000
18.34500	37106.90000
18.35800	37771.70000
18.37100	37228.90000
18.38400	35334.80000
18.39700	32503.70000
18.41000	29256.10000
18.42300	25864.10000
18.43600	22741.10000
18.44900	19840.10000
18.46200	17515.40000
18.47500	15564.50000
18.48800	14269.50000
18.50100	13049.40000
18.51400	12258.60000
18.52700	11558.40000
18.54000	11008.00000
18.55300	10621.10000
18.56600	10459.70000
18.57900	10083.60000
18.59200	9740.40000
18.60500	9480.70000
18.61800	9244.40000
18.63100	9217.60000
18.64400	9215.00000
18.65700	9045.30000
18.67000	8890.50000
18.68300	8868.40000
18.69600	8718.40000
18.70900	8593.80000
18.72200	8694.60000
18.73500	8518.50000
18.74800	8652.00000
18.76100	8587.10000
18.77400	8380.50000
18.78700	8357.70000
18.80000	8456.80000
18.81300	8309.80000
18.82600	8384.70000
18.83900	8290.80000
18.85200	8237.30000
18.86500	8265.50000
18.87800	8278.70000
18.89100	8369.60000
18.90400	8283.30000
18.91700	8145.90000
18.93000	8238.00000
18.94300	8238.50000
18.95600	8297.40000
18.96900	8157.40000
18.98200	8136.60000
18.99500	8220.90000
19.00800	8152.40000
19.02100	7991.40000
19.03400	8017.60000
19.04700	8069.90000
19.06000	8113.90000
19.07300	8182.10000
19.08600	8184.40000
19.09900	8104.70000
19.11200	8079.60000
19.12500	8037.90000
19.13800	8015.40000
19.15100	8097.80000
19.16400	8231.30000
19.17700	8200.40000
19.19000	8083.10000
19.20300	8116.50000
19.21600	8144.10000
19.22900	8193.00000
19.24200	8259.00000
19.25500	8213.10000
19.26800	8139.00000
19.28100	8107.30000
19.29400	8142.70000
19.30700	8220.90000
19.32000	8258.40000
19.33300	8290.20000
19.34600	8299.60000
19.35900	8239.20000
19.37200	8144.50000
19.38500	8149.60000
19.39800	8167.70000
19.41100	8222.70000
19.42400	8326.60000
19.43700	8284.10000
19.45000	8300.60000
19.46300	8302.70000
19.47600	8208.50000
19.48900	8255.60000
19.50200	8347.90000
19.51500	8385.60000
19.52800	8424.00000
19.54100	8420.30000
19.55400	8377.60000
19.56700	8409.60000
19.58000	8359.20000
19.59300	8297.20000
19.60600	8348.00000
19.61900	8341.90000
19.63200	8453.50000
19.64500	8405.00000
19.65800	8398.00000
19.67100	8582.20000
19.68400	8533.60000
19.69700	8384.20000
19.71000	8339.30000
19.72300	8396.70000
19.73600	8359.10000
19.74900	8506.00000
19.76200	8499.50000
19.77500	8571.70000
19.78800	8437.30000
19.80100	8412.60000
19.81400	8415.00000
19.82700	8346.20000
19.84000	8471.40000
19.85300	8477.50000
19.86600	8579.40000
19.87900	8510.50000
19.89200	8637.60000
19.90500	8572.00000
19.91800	8663.30000
19.93100	8636.50000
19.94400	8416.50000
19.95700	8681.00000
19.97000	8671.60000
19.98300	8613.20000
19.99600	8595.70000
20.00900	8538.40000
20.02200	8777.40000
20.03500	8606.60000
20.04800	8728.20000
20.06100	8690.60000
20.07400	8767.90000
20.08700	8822.40000
20.10000	8716.80000
20.11300	8670.30000
20.12600	8802.70000
20.13900	8791.10000
20.15200	8799.00000
20.16500	8780.20000
20.17800	8905.70000
20.19100	8780.70000
20.20400	8915.50000
20.21700	8734.40000
20.23000	8826.80000
20.24300	8836.70000
20.25600	8911.70000
20.26900	8869.60000
20.28200	9013.00000
20.29500	8960.30000
20.30800	8997.00000
20.32100	9138.30000
20.33400	9030.30000
20.34700	9126.80000
20.36000	9216.10000
20.37300	9314.00000
20.38600	9199.30000
20.39900	9275.90000
20.41200	9453.40000
20.42500	9514.80000
20.43800	9647.90000
20.45100	9722.40000
20.46400	9711.90000
20.47700	10003.40000
20.49000	10238.60000
20.50300	10490.00000
20.51600	10894.80000
20.52900	11281.60000
20.54200	11987.20000
20.55500	12585.70000
20.56800	13441.30000
20.58100	14368.10000
20.59400	14933.40000
20.60700	15441.10000
20.62000	15681.10000
20.63300	15663.50000
20.64600	15432.30000
20.65900	14875.90000
20.67200	14204.60000
20.68500	13622.40000
20.69800	13009.20000
20.71100	12228.20000
20.72400	11555.70000
20.73700	11093.70000
20.75000	10834.20000
20.76300	10704.60000
20.77600	10344.90000
20.78900	10023.50000
20.80200	10008.30000
20.81500	9863.50000
20.82800	9836.10000
20.84100	9878.00000
20.85400	9848.20000
20.86700	9936.50000
20.88000	9856.50000
20.89300	9829.00000
20.90600	9888.30000
20.91900	9876.50000
20.93200	9791.20000
20.94500	9761.50000
20.95800	9773.70000
20.97100	9755.60000
20.98400	9725.50000
20.99700	9667.50000
21.01000	9737.10000
21.02300	9691.50000
21.03600	9852.40000
21.04900	9737.30000
21.06200	9771.90000
21.07500	9814.90000
21.08800	9785.40000
21.10100	9865.30000
21.11400	9855.90000
21.12700	9986.90000
21.14000	10080.70000
21.15300	10096.40000
21.16600	10095.20000
21.17900	10153.70000
21.19200	10122.40000
21.20500	10299.60000
21.21800	10349.90000
21.23100	10275.80000
21.24400	10523.60000
21.25700	10581.40000
21.27000	10663.70000
21.28300	10715.10000
21.29600	11002.30000
21.30900	11002.20000
21.32200	11288.10000
21.33500	11322.10000
21.34800	11504.90000
21.36100	11793.90000
21.37400	11981.70000
21.38700	12495.00000
21.40000	12810.00000
21.41300	13378.40000
21.42600	14039.90000
21.43900	14554.20000
21.45200	15538.90000
21.46500	16575.50000
21.47800	18250.40000
21.49100	20315.50000
21.50400	23564.00000
21.51700	27110.70000
21.53000	32359.80000
21.54300	39603.70000
21.55600	47814.10000
21.56900	56919.40000
21.58200	65928.30000
21.59500	72761.60000
21.60800	76919.10000
21.62100	77587.60000
21.63400	74883.10000
21.64700	70303.80000
21.66000	63391.70000
21.67300	55959.40000
21.68600	47693.60000
21.69900	40273.00000
21.71200	33990.90000
21.72500	28321.00000
21.73800	24240.50000
21.75100	21041.10000
21.76400	19015.80000
21.77700	17716.00000
21.79000	16090.40000
21.80300	15154.40000
21.81600	14415.30000
21.82900	13860.60000
21.84200	13302.80000
21.85500	12827.10000
21.86800	12550.60000
21.88100	12172.60000
21.89400	11857.60000
21.90700	11688.30000
21.92000	11478.30000
21.93300	11377.80000
21.94600	11154.70000
21.95900	11033.40000
21.97200	10977.20000
21.98500	10931.00000
21.99800	10806.50000
22.01100	10709.30000
22.02400	10581.10000
22.03700	10477.10000
22.05000	10396.50000
22.06300	10380.00000
22.07600	10201.90000
22.08900	10160.30000
22.10200	10256.60000
22.11500	10162.10000
22.12800	10054.60000
22.14100	10056.40000
22.15400	9993.40000
22.16700	10033.40000
22.18000	10161.70000
22.19300	9966.30000
22.20600	9888.60000
22.21900	9939.00000
22.23200	9941.50000
22.24500	9950.90000
22.25800	9826.90000
22.27100	9840.70000
22.28400	9841.70000
22.29700	9734.60000
22.31000	9742.50000
22.32300	9676.60000
22.33600	9666.80000
22.34900	9698.10000
22.36200	9607.00000
22.37500	9539.70000
22.38800	9615.90000
22.40100	9844.70000
22.41400	9833.30000
22.42700	9593.70000
22.44000	9481.70000
22.45300	9548.50000
22.46600	9439.80000
22.47900	9504.90000
22.49200	9613.40000
22.50500	9444.00000
22.51800	9408.20000
22.53100	9686.20000
22.54400	9514.50000
22.55700	9425.00000
22.57000	9425.60000
22.58300	9401.30000
22.59600	9552.80000
22.60900	9538.50000
22.62200	9520.40000
22.63500	9428.60000
22.64800	9577.20000
22.66100	9490.20000
22.67400	9360.30000
22.68700	9538.40000
22.70000	9466.10000
22.71300	9558.90000
22.72600	9393.00000
22.73900	9366.90000
22.75200	9365.30000
22.76500	9438.40000
22.77800	9354.20000
22.79100	9361.90000
22.80400	9434.30000
22.81700	9601.50000
22.83000	9470.10000
22.84300	9458.30000
22.85600	9430.80000
22.86900	9449.40000
22.88200	9562.10000
22.89500	9454.00000
22.90800	9521.00000
22.92100	9295.50000
22.93400	9522.50000
22.94700	9503.30000
22.96000	9496.70000
22.97300	9432.50000
22.98600	9498.20000
22.99900	9522.10000
23.01200	9387.30000
23.02500	9272.10000
23.03800	9229.60000
23.05100	9377.90000
23.06400	9384.70000
23.07700	9350.40000
23.09000	9451.60000
23.10300	9390.10000
23.11600	9385.40000
23.12900	9319.10000
23.14200	9324.10000
23.15500	9354.70000
23.16800	9356.40000
23.18100	9377.50000
23.19400	9420.60000
23.20700	9418.60000
23.22000	9344.70000
23.23300	9352.00000
23.24600	9492.40000
23.25900	9437.40000
23.27200	9459.70000
23.28500	9480.40000
23.29800	9449.20000
23.31100	9516.60000
23.32400	9481.10000
23.33700	9567.40000
23.35000	9730.60000
23.36300	9666.90000
23.37600	9691.30000
23.38900	9693.20000
23.40200	9713.00000
23.41500	9778.90000
23.42800	9711.40000
23.44100	9789.40000
23.45400	9922.20000
23.46700	9906.50000
23.48000	9854.50000
23.49300	9860.80000
23.50600	9887.50000
23.51900	9936.20000
23.53200	10101.90000
23.54500	10184.20000
23.55800	10187.20000
23.57100	10293.70000
23.58400	10465.20000
23.59700	10644.30000
23.61000	10739.00000
23.62300	10775.60000
23.63600	10857.90000
23.64900	11066.90000
23.66200	11117.00000
23.67500	11282.70000
23.68800	11729.10000
23.70100	11978.30000
23.71400	12275.10000
23.72700	12758.50000
23.74000	13138.10000
23.75300	13618.10000
23.76600	14258.60000
23.77900	14965.50000
23.79200	16050.20000
23.80500	17454.80000
23.81800	19104.40000
23.83100	20963.20000
23.84400	23986.00000
23.85700	27724.50000
23.87000	31894.40000
23.88300	36748.30000
23.89600	41702.70000
23.90900	46937.00000
23.92200	51208.60000
23.93500	53257.60000
23.94800	54024.10000
23.96100	53348.20000
23.97400	50867.90000
23.98700	47663.20000
24.00000	43467.20000
24.01300	38501.20000
24.02600	34428.80000
24.03900	30218.20000
24.05200	26387.90000
24.06500	23453.90000
24.07800	20817.90000
24.09100	18676.40000
24.10400	17303.30000
24.11700	16328.10000
24.13000	15135.80000
24.14300	14413.70000
24.15600	13767.40000
24.16900	13214.60000
24.18200	13064.20000
24.19500	12598.00000
24.20800	12158.30000
24.22100	12189.60000
24.23400	12154.60000
24.24700	11627.70000
24.26000	11712.50000
24.27300	11664.20000
24.28600	11525.90000
24.29900	11325.70000
24.31200	11426.60000
24.32500	11195.30000
24.33800	11361.30000
24.35100	11141.70000
24.36400	11367.90000
24.37700	11428.60000
24.39000	11465.20000
24.40300	11546.90000
24.41600	11582.40000
24.42900	11669.60000
24.44200	11866.30000
24.45500	12085.40000
24.46800	12427.90000
24.48100	12755.40000
24.49400	12894.40000
24.50700	13458.80000
24.52000	14109.00000
24.53300	14813.20000
24.54600	15796.60000
24.55900	16973.00000
24.57200	18448.40000
24.58500	20610.20000
24.59800	23443.60000
24.61100	26563.20000
24.62400	30710.10000
24.63700	35378.00000
24.65000	39875.60000
24.66300	43917.10000
24.67600	47082.00000
24.68900	49007.00000
24.70200	49276.00000
24.71500	47913.20000
24.72800	45404.80000
24.74100	42332.90000
24.75400	38904.50000
24.76700	34871.00000
24.78000	30878.50000
24.79300	27274.60000
24.80600	24275.60000
24.81900	21996.20000
24.83200	19859.20000
24.84500	18380.10000
24.85800	17413.10000
24.87100	16807.30000
24.88400	16510.00000
24.89700	16519.50000
24.91000	16545.10000
24.92300	16722.30000
24.93600	17161.50000
24.94900	17898.50000
24.96200	18786.10000
24.97500	19764.00000
24.98800	21472.60000
25.00100	23424.70000
25.01400	26059.90000
25.02700	29385.40000
25.04000	33395.50000
25.05300	38052.90000
25.06600	43420.90000
25.07900	49043.60000
25.09200	53485.50000
25.10500	56719.00000
25.11800	58716.30000
25.13100	58493.50000
25.14400	57084.20000
25.15700	54048.10000
25.17000	50253.70000
25.18300	46723.30000
25.19600	42586.20000
25.20900	38798.70000
25.22200	35912.50000
25.23500	33169.00000
25.24800	31235.50000
25.26100	29579.10000
25.27400	28766.90000
25.28700	27351.70000
25.30000	26462.30000
25.31300	24458.20000
25.32600	23244.30000
25.33900	21513.60000
25.35200	20083.00000
25.36500	18480.10000
25.37800	16845.40000
25.39100	15880.20000
25.40400	14604.90000
25.41700	13552.90000
25.43000	12675.70000
25.44300	12170.40000
25.45600	11559.00000
25.46900	11377.20000
25.48200	10933.90000
25.49500	10765.40000
25.50800	10422.30000
25.52100	9994.30000
25.53400	9958.30000
25.54700	9850.30000
25.56000	9794.90000
25.57300	9567.80000
25.58600	9404.90000
25.59900	9166.00000
25.61200	9062.60000
25.62500	8889.20000
25.63800	8872.10000
25.65100	8740.80000
25.66400	8763.60000
25.67700	8675.20000
25.69000	8698.10000
25.70300	8449.10000
25.71600	8433.70000
25.72900	8444.60000
25.74200	8508.60000
25.75500	8459.00000
25.76800	8413.10000
25.78100	8238.10000
25.79400	8210.40000
25.80700	8333.20000
25.82000	8233.70000
25.83300	8216.20000
25.84600	8077.10000
25.85900	7888.00000
25.87200	7963.00000
25.88500	8091.20000
25.89800	8112.50000
25.91100	8056.30000
25.92400	7900.00000
25.93700	7886.30000
25.95000	7906.60000
25.96300	7856.70000
25.97600	7824.40000
25.98900	7830.80000
26.00200	7730.30000
26.01500	7761.50000
26.02800	7818.60000
26.04100	7746.30000
26.05400	7739.40000
26.06700	7741.70000
26.08000	7623.30000
26.09300	7639.40000
26.10600	7677.90000
26.11900	7634.70000
26.13200	7704.40000
26.14500	7651.40000
26.15800	7703.70000
26.17100	7724.40000
26.18400	7649.30000
26.19700	7596.90000
26.21000	7622.50000
26.22300	7640.70000
26.23600	7546.00000
26.24900	7553.20000
26.26200	7498.00000
26.27500	7453.40000
26.28800	7507.90000
26.30100	7572.80000
26.31400	7521.20000
26.32700	7681.10000
26.34000	7572.70000
26.35300	7495.20000
26.36600	7503.20000
26.37900	7490.40000
26.39200	7532.30000
26.40500	7534.80000
26.41800	7514.30000
26.43100	7554.20000
26.44400	7460.80000
26.45700	7414.50000
26.47000	7400.80000
26.48300	7365.10000
26.49600	7361.70000
26.50900	7407.80000
26.52200	7365.50000
26.53500	7458.30000
26.54800	7448.60000
26.56100	7498.00000
26.57400	7397.10000
26.58700	7512.80000
26.60000	7588.90000
26.61300	7668.90000
26.62600	7546.00000
26.63900	7712.20000
26.65200	7616.50000
26.66500	7495.30000
26.67800	7755.10000
26.69100	7662.60000
26.70400	7629.20000
26.71700	7815.30000
26.73000	7568.80000
26.74300	7601.90000
26.75600	7640.50000
26.76900	7722.90000
26.78200	7801.40000
26.79500	7977.40000
26.80800	7803.90000
26.82100	7943.00000
26.83400	8140.10000
26.84700	8263.40000
26.86000	8301.60000
26.87300	8513.40000
26.88600	8666.40000
26.89900	8957.80000
26.91200	9084.20000
26.92500	9483.50000
26.93800	9901.40000
26.95100	10284.50000
26.96400	10613.60000
26.97700	10982.10000
26.99000	11225.50000
27.00300	11489.60000
27.01600	11691.30000
27.02900	11598.50000
27.04200	11533.20000
27.05500	11540.70000
27.06800	11481.70000
27.08100	11401.40000
27.09400	11423.30000
27.10700	11312.40000
27.12000	11414.20000
27.13300	11588.30000
27.14600	11627.70000
27.15900	12069.40000
27.17200	12541.60000
27.18500	13053.50000
27.19800	13723.70000
27.21100	14610.70000
27.22400	15754.10000
27.23700	17183.20000
27.25000	19128.80000
27.26300	21191.10000
27.27600	23814.10000
27.28900	27552.30000
27.30200	31816.00000
27.31500	36677.90000
27.32800	42676.80000
27.34100	49596.80000
27.35400	56304.50000
27.36700	62213.50000
27.38000	66611.60000
27.39300	68782.50000
27.40600	68815.00000
27.41900	67211.10000
27.43200	64385.80000
27.44500	60215.80000
27.45800	55149.80000
27.47100	49672.80000
27.48400	44226.40000
27.49700	38820.10000
27.51000	33691.90000
27.52300	28912.80000
27.53600	24982.20000
27.54900	22059.30000
27.56200	19380.70000
27.57500	17322.50000
27.58800	15841.50000
27.60100	14527.10000
27.61400	13426.60000
27.62700	12613.40000
27.64000	11819.70000
27.65300	11225.10000
27.66600	10709.80000
27.67900	10301.10000
27.69200	9914.80000
27.70500	9508.70000
27.71800	9333.90000
27.73100	9101.90000
27.74400	8842.50000
27.75700	8739.70000
27.77000	8492.40000
27.78300	8286.70000
27.79600	8103.00000
27.80900	8074.30000
27.82200	8053.30000
27.83500	7906.60000
27.84800	7975.40000
27.86100	7832.00000
27.87400	7627.30000
27.88700	7770.00000
27.90000	7531.10000
27.91300	7444.60000
27.92600	7502.20000
27.93900	7381.80000
27.95200	7382.40000
27.96500	7449.90000
27.97800	7441.90000
27.99100	7264.60000
28.00400	7134.40000
28.01700	7068.10000
28.03000	7066.00000
28.04300	6806.60000
28.05600	6917.30000
28.06900	6770.40000
28.08200	6826.60000
28.09500	6789.60000
28.10800	6734.00000
28.12100	6636.20000
28.13400	6611.60000
28.14700	6573.10000
28.16000	6506.70000
28.17300	6433.90000
28.18600	6458.00000
28.19900	6358.10000
28.21200	6495.70000
28.22500	6413.00000
28.23800	6485.80000
28.25100	6502.50000
28.26400	6617.00000
28.27700	6562.40000
28.29000	6512.00000
28.30300	6515.70000
28.31600	6441.20000
28.32900	6328.30000
28.34200	6418.60000
28.35500	6341.00000
28.36800	6260.50000
28.38100	6245.30000
28.39400	6272.00000
28.40700	6281.60000
28.42000	6186.30000
28.43300	6170.60000
28.44600	6167.60000
28.45900	6092.50000
28.47200	6040.40000
28.48500	6095.80000
28.49800	6150.30000
28.51100	6220.70000
28.52400	6319.40000
28.53700	6368.00000
28.55000	6204.10000
28.56300	6283.10000
28.57600	6434.90000
28.58900	6391.30000
28.60200	6316.80000
28.61500	6247.20000
28.62800	6142.80000
28.64100	6154.10000
28.65400	6171.80000
28.66700	6097.40000
28.68000	6045.40000
28.69300	5971.30000
28.70600	5867.40000
28.71900	5792.50000
28.73200	5728.90000
28.74500	5680.20000
28.75800	5693.00000
28.77100	5742.40000
28.78400	5736.60000
28.79700	5593.10000
28.81000	5495.00000
28.82300	5506.60000
28.83600	5517.30000
28.84900	5508.00000
28.86200	5569.70000
28.87500	5610.70000
28.88800	5558.70000
28.90100	5636.40000
28.91400	5665.80000
28.92700	5516.70000
28.94000	5603.60000
28.95300	5580.20000
28.96600	5459.40000
28.97900	5432.80000
28.99200	5462.80000
29.00500	5444.20000
29.01800	5500.70000
29.03100	5538.20000
29.04400	5501.80000
29.05700	5408.00000
29.07000	5398.30000
29.08300	5497.10000
29.09600	5468.00000
29.10900	5433.00000
29.12200	5331.70000
29.13500	5378.10000
29.14800	5495.20000
29.16100	5438.40000
29.17400	5340.30000
29.18700	5326.60000
29.20000	5444.00000
29.21300	5393.20000
29.22600	5459.20000
29.23900	5455.70000
29.25200	5375.50000
29.26500	5303.90000
29.27800	5386.60000
29.29100	5432.40000
29.30400	5518.40000
29.31700	5304.30000
29.33000	5506.30000
29.34300	5510.90000
29.35600	5522.70000
29.36900	5333.50000
29.38200	5438.00000
29.39500	5673.10000
29.40800	5675.70000
29.42100	5729.70000
29.43400	5827.50000
29.44700	5854.10000
29.46000	6018.40000
29.47300	5995.30000
29.48600	5881.20000
29.49900	6237.30000
29.51200	6430.40000
29.52500	6590.30000
29.53800	6889.80000
29.55100	7329.60000
29.56400	7801.80000
29.57700	8303.50000
29.59000	8906.40000
29.60300	9834.80000
29.61600	10587.80000
29.62900	11145.90000
29.64200	11518.30000
29.65500	11740.20000
29.66800	11815.30000
29.68100	11631.20000
29.69400	11287.30000
29.70700	10819.50000
29.72000	10272.00000
29.73300	9883.00000
29.74600	9388.50000
29.75900	8902.60000
29.77200	8328.50000
29.78500	7915.80000
29.79800	7519.20000
29.81100	7172.10000
29.82400	6933.10000
29.83700	6834.90000
29.85000	6639.90000
29.86300	6469.80000
29.87600	6344.20000
29.88900	6235.40000
29.90200	6140.70000
29.91500	6091.00000
29.92800	5995.90000
29.94100	5872.60000
29.95400	5757.00000
29.96700	5794.20000
29.98000	5842.50000
29.99300	5792.40000
30.00600	5741.80000
30.01900	5744.50000
30.03200	5836.80000
30.04500	5916.30000
30.05800	5989.80000
30.07100	6068.00000
30.08400	6252.70000
30.09700	6402.70000
30.11000	6388.00000
30.12300	6258.10000
30.13600	6198.10000
30.14900	6171.40000
30.16200	6061.70000
30.17500	6009.80000
30.18800	5914.00000
30.20100	5775.30000
30.21400	5637.50000
30.22700	5560.70000
30.24000	5443.70000
30.25300	5370.40000
30.26600	5229.10000
30.27900	5188.00000
30.29200	5205.80000
30.30500	5153.40000
30.31800	5083.50000
30.33100	4983.20000
30.34400	4992.30000
30.35700	5005.70000
30.37000	4985.20000
30.38300	4968.10000
30.39600	4904.70000
30.40900	4895.50000
30.42200	4968.90000
30.43500	4974.00000
30.44800	4880.70000
30.46100	4815.90000
30.47400	4818.20000
30.48700	4952.20000
30.50000	4752.60000
30.51300	4650.80000
30.52600	4784.50000
30.53900	4791.10000
30.55200	4801.60000
30.56500	4742.10000
30.57800	4591.80000
30.59100	4716.70000
30.60400	4681.40000
30.61700	4778.90000
30.63000	4841.10000
30.64300	4856.90000
30.65600	4747.70000
30.66900	4660.20000
30.68200	4838.40000
30.69500	4800.10000
30.70800	4701.60000
30.72100	4667.00000
30.73400	4672.40000
30.74700	4747.10000
30.76000	4683.40000
30.77300	4623.20000
30.78600	4663.00000
30.79900	4704.00000
30.81200	4705.50000
30.82500	4615.20000
30.83800	4661.70000
30.85100	4688.90000
30.86400	4699.40000
30.87700	4678.20000
30.89000	4726.20000
30.90300	4634.70000
30.91600	4711.00000
30.92900	4680.00000
30.94200	4653.00000
30.95500	4606.90000
30.96800	4715.40000
30.98100	4736.40000
30.99400	4729.00000
31.00700	4658.80000
31.02000	4566.70000
31.03300	4662.60000
31.04600	4623.30000
31.05900	4579.00000
31.07200	4645.40000
31.08500	4638.90000
31.09800	4630.30000
31.11100	4646.60000
31.12400	4504.00000
31.13700	4554.90000
31.15000	4611.20000
31.16300	4626.10000
31.17600	4663.70000
31.18900	4721.40000
31.20200	4654.90000
31.21500	4605.30000
31.22800	4570.60000
31.24100	4552.00000
31.25400	4541.70000
31.26700	4561.30000
31.28000	4663.90000
31.29300	4672.70000
31.30600	4617.70000
31.31900	4606.60000
31.33200	4546.40000
31.34500	4468.50000
31.35800	4468.00000
31.37100	4503.30000
31.38400	4553.70000
31.39700	4571.70000
31.41000	4539.20000
31.42300	4604.40000
31.43600	4693.30000
31.44900	4611.30000
31.46200	4578.90000
31.47500	4632.00000
31.48800	4627.60000
31.50100	4598.80000
31.51400	4604.80000
31.52700	4589.20000
31.54000	4736.20000
31.55300	4720.40000
31.56600	4701.20000
31.57900	4628.10000
31.59200	4638.80000
31.60500	4541.80000
31.61800	4644.00000
31.63100	4695.50000
31.64400	4640.70000
31.65700	4639.00000
31.67000	4631.90000
31.68300	4631.90000
31.69600	4553.20000
31.70900	4645.50000
31.72200	4585.00000
31.73500	4626.40000
31.74800	4721.50000
31.76100	4734.70000
31.77400	4675.20000
31.78700	4750.80000
31.80000	4570.30000
31.81300	4596.40000
31.82600	4674.50000
31.83900	4781.30000
31.85200	4591.70000
31.86500	4715.20000
31.87800	4674.50000
31.89100	4705.30000
31.90400	4781.40000
31.91700	4824.50000
31.93000	4798.80000
31.94300	4700.00000
31.95600	4707.90000
31.96900	4750.20000
31.98200	4838.50000
31.99500	4728.40000
32.00800	4866.90000
32.02100	4943.80000
32.03400	4754.00000
32.04700	4914.40000
32.06000	4935.40000
32.07300	5005.50000
32.08600	4921.90000
32.09900	5009.90000
32.11200	5257.00000
32.12500	5185.70000
32.13800	5308.10000
32.15100	5441.60000
32.16400	5609.50000
32.17700	5667.00000
32.19000	5870.70000
32.20300	6189.30000
32.21600	6373.50000
32.22900	6540.40000
32.24200	6879.80000
32.25500	7024.50000
32.26800	7305.20000
32.28100	7457.20000
32.29400	7717.20000
32.30700	7860.20000
32.32000	7769.10000
32.33300	7793.70000
32.34600	7889.00000
32.35900	7872.80000
32.37200	7931.60000
32.38500	8200.00000
32.39800	8424.10000
32.41100	8579.70000
32.42400	8922.30000
32.43700	9315.50000
32.45000	9507.40000
32.46300	9750.80000
32.47600	9853.70000
32.48900	9785.90000
32.50200	9960.60000
32.51500	10015.20000
32.52800	9943.90000
32.54100	9905.00000
32.55400	9874.30000
32.56700	10072.60000
32.58000	10351.70000
32.59300	10867.50000
32.60600	11620.30000
32.61900	12108.10000
32.63200	12712.60000
32.64500	13459.00000
32.65800	13883.40000
32.67100	14070.20000
32.68400	13932.50000
32.69700	13718.20000
32.71000	13462.60000
32.72300	13060.30000
32.73600	12721.70000
32.74900	12151.80000
32.76200	11593.20000
32.77500	10985.80000
32.78800	10331.30000
32.80100	9919.70000
32.81400	9621.30000
32.82700	9551.40000
32.84000	9511.50000
32.85300	9514.80000
32.86600	9771.90000
32.87900	10069.70000
32.89200	10674.40000
32.90500	11730.30000
32.91800	12892.60000
32.93100	14385.70000
32.94400	16429.70000
32.95700	19203.60000
32.97000	22148.10000
32.98300	25542.70000
32.99600	29045.70000
33.00900	31975.00000
33.02200	34545.70000
33.03500	36004.80000
33.04800	36721.10000
33.06100	36485.10000
33.07400	35580.20000
33.08700	34041.10000
33.10000	32576.30000
33.11300	30609.70000
33.12600	28156.80000
33.13900	25475.80000
33.15200	23033.70000
33.16500	20350.70000
33.17800	17907.70000
33.19100	15914.90000
33.20400	14105.70000
33.21700	12520.00000
33.23000	11525.70000
33.24300	10667.50000
33.25600	10215.00000
33.26900	9671.50000
33.28200	9350.40000
33.29500	9300.30000
33.30800	9368.10000
33.32100	9180.00000
33.33400	9267.80000
33.34700	9292.60000
33.36000	9277.40000
33.37300	9170.40000
33.38600	9059.10000
33.39900	8716.60000
33.41200	8643.40000
33.42500	8416.90000
33.43800	8184.20000
33.45100	7860.10000
33.46400	7335.40000
33.47700	6997.40000
33.49000	6940.40000
33.50300	6595.80000
33.51600	6331.60000
33.52900	6105.50000
33.54200	5791.40000
33.55500	5554.90000
33.56800	5474.20000
33.58100	5391.10000
33.59400	5288.30000
33.60700	5214.10000
33.62000	5124.10000
33.63300	5090.30000
33.64600	4986.90000
33.65900	4908.70000
33.67200	4833.60000
33.68500	4756.90000
33.69800	4737.00000
33.71100	4779.50000
33.72400	4732.20000
33.73700	4677.50000
33.75000	4693.50000
33.76300	4572.30000
33.77600	4566.20000
33.78900	4632.60000
33.80200	4550.40000
33.81500	4436.80000
33.82800	4492.30000
33.84100	4451.80000
33.85400	4381.60000
33.86700	4402.30000
33.88000	4382.40000
33.89300	4403.60000
33.90600	4366.90000
33.91900	4307.30000
33.93200	4336.10000
33.94500	4285.50000
33.95800	4260.50000
33.97100	4307.50000
33.98400	4355.70000
33.99700	4406.60000
34.01000	4329.20000
34.02300	4226.40000
34.03600	4194.10000
34.04900	4183.90000
34.06200	4159.20000
34.07500	4180.00000
34.08800	4168.50000
34.10100	4156.20000
34.11400	4188.20000
34.12700	4152.30000
34.14000	4145.00000
34.15300	4183.20000
34.16600	4169.90000
34.17900	4076.10000
34.19200	4116.40000
34.20500	4159.00000
34.21800	4052.60000
34.23100	4131.90000
34.24400	4218.00000
34.25700	4129.80000
34.27000	4141.30000
34.28300	4200.80000
34.29600	4075.70000
34.30900	4117.10000
34.32200	4142.00000
34.33500	4175.10000
34.34800	4152.70000
34.36100	4093.50000
34.37400	4117.70000
34.38700	4023.80000
34.40000	4017.20000
34.41300	3956.70000
34.42600	4105.00000
34.43900	4026.20000
34.45200	3918.10000
34.46500	3948.60000
34.47800	4047.10000
34.49100	3982.00000
34.50400	4026.60000
34.51700	3942.00000
34.53000	4012.40000
34.54300	3821.10000
34.55600	4102.50000
34.56900	4039.10000
34.58200	4031.10000
34.59500	3936.10000
34.60800	3969.80000
34.62100	3993.00000
34.63400	4030.00000
34.64700	4023.60000
34.66000	3938.50000
34.67300	3932.00000
34.68600	3932.90000
34.69900	4042.60000
34.71200	3918.10000
34.72500	3885.20000
34.73800	3762.20000
34.75100	3993.90000
34.76400	3990.90000
34.77700	3952.00000
34.79000	3904.50000
34.80300	3832.90000
34.81600	3967.90000
34.82900	3959.00000
34.84200	3941.70000
34.85500	3891.70000
34.86800	4011.90000
34.88100	4023.10000
34.89400	4023.70000
34.90700	4041.10000
34.92000	3972.30000
34.93300	4055.20000
34.94600	4083.80000
34.95900	4065.40000
34.97200	4076.60000
34.98500	4086.00000
34.99800	4043.40000
35.01100	4097.30000
35.02400	4130.80000
35.03700	4163.90000
35.05000	4262.80000
35.06300	4248.80000
35.07600	4243.20000
35.08900	4342.30000
35.10200	4354.20000
35.11500	4386.40000
35.12800	4395.20000
35.14100	4415.60000
35.15400	4446.50000
35.16700	4448.00000
35.18000	4420.00000
35.19300	4357.10000
35.20600	4328.00000
35.21900	4413.30000
35.23200	4423.70000
35.24500	4427.10000
35.25800	4507.70000
35.27100	4516.50000
35.28400	4611.90000
35.29700	4724.60000
35.31000	4773.30000
35.32300	4859.00000
35.33600	5037.90000
35.34900	5294.40000
35.36200	5583.50000
35.37500	5964.90000
35.38800	6340.90000
35.40100	6665.00000
35.41400	6945.20000
35.42700	7275.90000
35.44000	7528.90000
35.45300	7673.00000
35.46600	7582.20000
35.47900	7583.80000
35.49200	7461.40000
35.50500	7325.30000
35.51800	7118.40000
35.53100	6870.80000
35.54400	6733.60000
35.55700	6674.40000
35.57000	6339.10000
35.58300	6083.00000
35.59600	5992.50000
35.60900	5822.30000
35.62200	5602.80000
35.63500	5596.20000
35.64800	5657.30000
35.66100	5537.60000
35.67400	5510.80000
35.68700	5536.60000
35.70000	5342.90000
35.71300	5363.60000
35.72600	5329.60000
35.73900	5304.60000
35.75200	5327.90000
35.76500	5410.40000
35.77800	5284.10000
35.79100	5280.90000
35.80400	5565.00000
35.81700	5537.90000
35.83000	5718.40000
35.84300	6085.80000
35.85600	6161.80000
35.86900	6530.10000
35.88200	7072.60000
35.89500	7404.20000
35.90800	7769.10000
35.92100	7923.90000
35.93400	8086.70000
35.94700	8140.40000
35.96000	8182.30000
35.97300	8038.70000
35.98600	7783.30000
35.99900	7643.20000
36.01200	7434.70000
36.02500	7235.60000
36.03800	6877.30000
36.05100	6595.10000
36.06400	6291.70000
36.07700	5937.90000
36.09000	5649.30000
36.10300	5319.50000
36.11600	5161.10000
36.12900	4947.70000
36.14200	4781.60000
36.15500	4629.00000
36.16800	4609.20000
36.18100	4421.10000
36.19400	4401.60000
36.20700	4269.70000
36.22000	4275.60000
36.23300	4190.90000
36.24600	4094.60000
36.25900	4148.50000
36.27200	4140.90000
36.28500	4104.70000
36.29800	4136.70000
36.31100	4006.30000
36.32400	3989.30000
36.33700	4017.70000
36.35000	4070.00000
36.36300	4014.50000
36.37600	3962.80000
36.38900	3981.50000
36.40200	3991.60000
36.41500	4017.70000
36.42800	3938.00000
36.44100	3961.00000
36.45400	4012.90000
36.46700	3927.80000
36.48000	3901.20000
36.49300	3909.50000
36.50600	3863.40000
36.51900	3848.80000
36.53200	3830.00000
36.54500	3859.20000
36.55800	3857.80000
36.57100	3844.30000
36.58400	3862.60000
36.59700	3866.00000
36.61000	3895.60000
36.62300	3840.40000
36.63600	3843.70000
36.64900	3861.60000
36.66200	3847.20000
36.67500	3851.50000
36.68800	3909.60000
36.70100	3871.40000
36.71400	3842.30000
36.72700	3857.70000
36.74000	3870.30000
36.75300	3849.80000
36.76600	3861.50000
36.77900	3938.80000
36.79200	3904.30000
36.80500	3915.20000
36.81800	3849.20000
36.83100	3820.60000
36.84400	3921.70000
36.85700	3992.30000
36.87000	4028.00000
36.88300	4045.80000
36.89600	4047.50000
36.90900	4152.50000
36.92200	4204.50000
36.93500	4223.30000
36.94800	4399.70000
36.96100	4440.80000
36.97400	4509.20000
36.98700	4605.50000
37.00000	4670.20000
37.01300	4652.70000
37.02600	4738.90000
37.03900	4833.30000
37.05200	5031.30000
37.06500	5165.60000
37.07800	5285.30000
37.09100	5584.30000
37.10400	5838.30000
37.11700	5986.50000
37.13000	6441.70000
37.14300	6877.10000
37.15600	7468.30000
37.16900	7735.30000
37.18200	7905.30000
37.19500	8273.60000
37.20800	8497.30000
37.22100	8812.60000
37.23400	8864.40000
37.24700	9013.80000
37.26000	8806.70000
37.27300	8865.90000
37.28600	8580.80000
37.29900	8561.60000
37.31200	8452.60000
37.32500	8144.10000
37.33800	7721.60000
37.35100	7148.90000
37.36400	6879.50000
37.37700	6613.10000
37.39000	6283.30000
37.40300	5991.30000
37.41600	5720.50000
37.42900	5441.60000
37.44200	5189.40000
37.45500	5051.20000
37.46800	4973.80000
37.48100	4650.50000
37.49400	4518.10000
37.50700	4348.60000
37.52000	4263.00000
37.53300	4197.30000
37.54600	4159.10000
37.55900	4043.90000
37.57200	3975.60000
37.58500	3924.60000
37.59800	3947.50000
37.61100	3907.90000
37.62400	3852.00000
37.63700	3889.80000
37.65000	3867.20000
37.66300	3797.40000
37.67600	3727.30000
37.68900	3691.40000
37.70200	3724.20000
37.71500	3682.20000
37.72800	3714.40000
37.74100	3716.50000
37.75400	3668.40000
37.76700	3671.00000
37.78000	3640.70000
37.79300	3613.30000
37.80600	3681.30000
37.81900	3706.90000
37.83200	3696.80000
37.84500	3645.40000
37.85800	3579.80000
37.87100	3570.70000
37.88400	3564.80000
37.89700	3645.20000
37.91000	3666.00000
37.92300	3599.00000
37.93600	3585.30000
37.94900	3571.70000
37.96200	3552.10000
37.97500	3472.90000
37.98800	3497.10000
38.00100	3549.10000
38.01400	3491.40000
38.02700	3455.10000
38.04000	3479.80000
38.05300	3546.30000
38.06600	3521.40000
38.07900	3565.10000
38.09200	3540.90000
38.10500	3482.80000
38.11800	3542.50000
38.13100	3589.90000
38.14400	3559.80000
38.15700	3531.10000
38.17000	3496.80000
38.18300	3449.00000
38.19600	3506.80000
38.20900	3447.10000
38.22200	3392.80000
38.23500	3465.60000
38.24800	3548.40000
38.26100	3491.90000
38.27400	3523.90000
38.28700	3458.20000
38.30000	3458.20000
38.31300	3505.50000
38.32600	3480.20000
38.33900	3494.00000
38.35200	3477.20000
38.36500	3398.10000
38.37800	3411.20000
38.39100	3531.60000
38.40400	3495.80000
38.41700	3394.30000
38.43000	3493.10000
38.44300	3532.00000
38.45600	3509.20000
38.46900	3544.40000
38.48200	3470.20000
38.49500	3488.90000
38.50800	3448.40000
38.52100	3369.50000
38.53400	3521.50000
38.54700	3607.70000
38.56000	3578.60000
38.57300	3572.30000
38.58600	3406.10000
38.59900	3463.10000
38.61200	3435.30000
38.62500	3493.30000
38.63800	3529.40000
38.65100	3488.00000
38.66400	3539.60000
38.67700	3493.70000
38.69000	3531.00000
38.70300	3574.40000
38.71600	3607.60000
38.72900	3561.20000
38.74200	3499.60000
38.75500	3463.10000
38.76800	3483.20000
38.78100	3519.00000
38.79400	3470.60000
38.80700	3444.80000
38.82000	3427.70000
38.83300	3462.40000
38.84600	3487.00000
38.85900	3480.90000
38.87200	3531.20000
38.88500	3513.60000
38.89800	3479.00000
38.91100	3502.50000
38.92400	3560.10000
38.93700	3576.40000
38.95000	3530.80000
38.96300	3486.10000
38.97600	3599.60000
38.98900	3559.00000
39.00200	3534.60000
39.01500	3556.60000
39.02800	3610.70000
39.04100	3618.40000
39.05400	3579.30000
39.06700	3603.70000
39.08000	3642.50000
39.09300	3611.20000
39.10600	3620.80000
39.11900	3648.50000
39.13200	3670.40000
39.14500	3748.50000
39.15800	3864.90000
39.17100	3933.50000
39.18400	3926.80000
39.19700	3937.20000
39.21000	3950.20000
39.22300	3941.10000
39.23600	3959.60000
39.24900	4032.30000
39.26200	4064.80000
39.27500	4057.10000
39.28800	4083.90000
39.30100	4122.40000
39.31400	4276.00000
39.32700	4337.60000
39.34000	4393.80000
39.35300	4481.80000
39.36600	4546.80000
39.37900	4607.20000
39.39200	4735.80000
39.40500	4802.50000
39.41800	4764.80000
39.43100	4864.70000
39.44400	4860.60000
39.45700	4900.10000
39.47000	4969.70000
39.48300	5114.60000
39.49600	5127.60000
39.50900	5065.20000
39.52200	5289.40000
39.53500	5512.60000
39.54800	5574.50000
39.56100	5768.50000
39.57400	5929.20000
39.58700	6049.30000
39.60000	5936.20000
39.61300	6200.30000
39.62600	6070.40000
39.63900	6163.90000
39.65200	6272.80000
39.66500	6260.60000
39.67800	6110.90000
39.69100	6111.80000
39.70400	5921.40000
39.71700	5655.40000
39.73000	5788.40000
39.74300	5657.50000
39.75600	5465.40000
39.76900	5297.80000
39.78200	5124.10000
39.79500	5130.10000
39.80800	5028.10000
39.82100	5048.80000
39.83400	4936.40000
39.84700	4920.40000
39.86000	4847.10000
39.87300	4946.50000
39.88600	4884.30000
39.89900	5068.70000
39.91200	5240.30000
39.92500	5314.00000
39.93800	5436.10000
39.95100	5653.70000
39.96400	5707.20000
39.97700	5831.10000
39.99000	5955.70000
40.00300	5961.10000
40.01600	6056.50000
40.02900	6192.90000
40.04200	6287.60000
40.05500	6497.50000
40.06800	6683.90000
40.08100	6809.10000
40.09400	6955.60000
40.10700	7084.80000
40.12000	7205.80000
40.13300	7250.80000
40.14600	7167.80000
40.15900	7250.30000
40.17200	7281.90000
40.18500	7099.40000
40.19800	6921.80000
40.21100	6750.40000
40.22400	6566.50000
40.23700	6486.20000
40.25000	6325.10000
40.26300	6055.00000
40.27600	5956.50000
40.28900	5876.20000
40.30200	5668.10000
40.31500	5464.50000
40.32800	5391.00000
40.34100	5369.20000
40.35400	5273.70000
40.36700	5202.60000
40.38000	5223.30000
40.39300	5319.50000
40.40600	5429.50000
40.41900	5553.50000
40.43200	5709.20000
40.44500	5905.50000
40.45800	6170.90000
40.47100	6513.30000
40.48400	6825.00000
40.49700	7032.70000
40.51000	7223.90000
40.52300	7433.40000
40.53600	7619.00000
40.54900	7611.50000
40.56200	7495.00000
40.57500	7446.50000
40.58800	7317.90000
40.60100	7111.20000
40.61400	6876.50000
40.62700	6795.40000
40.64000	6589.80000
40.65300	6294.80000
40.66600	6249.50000
40.67900	5991.60000
40.69200	5698.10000
40.70500	5514.70000
40.71800	5238.40000
40.73100	5082.50000
40.74400	5015.20000
40.75700	4990.80000
40.77000	4947.70000
40.78300	4788.70000
40.79600	4645.40000
40.80900	4690.20000
40.82200	4634.90000
40.83500	4604.40000
40.84800	4698.80000
40.86100	4659.10000
40.87400	4644.30000
40.88700	4632.10000
40.90000	4572.20000
40.91300	4699.80000
40.92600	4732.50000
40.93900	4739.50000
40.95200	4728.40000
40.96500	4719.60000
40.97800	4758.50000
40.99100	4926.70000
41.00400	4971.40000
41.01700	5081.10000
41.03000	5093.20000
41.04300	5257.70000
41.05600	5388.10000
41.06900	5420.60000
41.08200	5678.40000
41.09500	5840.90000
41.10800	5953.60000
41.12100	6327.90000
41.13400	6401.10000
41.14700	6407.90000
41.16000	6786.20000
41.17300	7081.40000
41.18600	7292.00000
41.19900	7619.90000
41.21200	8015.70000
41.22500	8633.20000
41.23800	9116.20000
41.25100	9929.40000
41.26400	11128.60000
41.27700	12284.80000
41.29000	13686.30000
41.30300	15370.20000
41.31600	17252.20000
41.32900	18784.70000
41.34200	19951.70000
41.35500	21166.20000
41.36800	22250.80000
41.38100	22631.30000
41.39400	22575.10000
41.40700	22360.30000
41.42000	22227.00000
41.43300	21866.10000
41.44600	21267.70000
41.45900	20318.20000
41.47200	19764.70000
41.48500	18961.50000
41.49800	18373.10000
41.51100	17514.60000
41.52400	16717.70000
41.53700	16136.50000
41.55000	15876.60000
41.56300	15613.30000
41.57600	15675.40000
41.58900	16011.80000
41.60200	16835.20000
41.61500	17640.10000
41.62800	18328.30000
41.64100	19272.90000
41.65400	20019.10000
41.66700	20499.70000
41.68000	20991.10000
41.69300	21027.30000
41.70600	20622.40000
41.71900	20283.90000
41.73200	19918.70000
41.74500	19222.80000
41.75800	18354.80000
41.77100	17456.70000
41.78400	16611.80000
41.79700	15852.50000
41.81000	15212.60000
41.82300	14414.00000
41.83600	13382.30000
41.84900	12638.10000
41.86200	12073.60000
41.87500	11532.50000
41.88800	11164.60000
41.90100	10925.60000
41.91400	10611.30000
41.92700	10379.90000
41.94000	10144.20000
41.95300	10032.30000
41.96600	9911.50000
41.97900	9533.00000
41.99200	9236.40000
42.00500	9059.80000
42.01800	8757.70000
42.03100	8561.00000
42.04400	8190.80000
42.05700	7924.90000
42.07000	7611.70000
42.08300	7360.00000
42.09600	7104.50000
42.10900	6833.10000
42.12200	6536.30000
42.13500	6257.70000
42.14800	6066.90000
42.16100	5844.20000
42.17400	5722.10000
42.18700	5581.00000
42.20000	5536.60000
42.21300	5380.70000
42.22600	5210.60000
42.23900	5117.50000
42.25200	5061.90000
42.26500	5036.20000
42.27800	5093.30000
42.29100	5129.90000
42.30400	5035.50000
42.31700	5129.50000
42.33000	5168.60000
42.34300	5303.50000
42.35600	5179.00000
42.36900	5425.70000
42.38200	5503.10000
42.39500	5422.90000
42.40800	5458.50000
42.42100	5493.00000
42.43400	5490.00000
42.44700	5448.60000
42.46000	5292.00000
42.47300	5283.20000
42.48600	5307.80000
42.49900	5185.20000
42.51200	5146.20000
42.52500	5209.70000
42.53800	5111.60000
42.55100	5083.00000
42.56400	4997.70000
42.57700	4965.00000
42.59000	4913.00000
42.60300	4854.00000
42.61600	4834.90000
42.62900	4886.30000
42.64200	4831.60000
42.65500	4906.60000
42.66800	4898.10000
42.68100	4858.10000
42.69400	4925.70000
42.70700	5039.40000
42.72000	5040.20000
42.73300	5052.90000
42.74600	5084.70000
42.75900	5256.50000
42.77200	5398.20000
42.78500	5525.00000
42.79800	5692.90000
42.81100	5880.80000
42.82400	6063.20000
42.83700	6282.90000
42.85000	6593.00000
42.86300	7035.40000
42.87600	7400.50000
42.88900	7962.80000
42.90200	8684.50000
42.91500	9482.20000
42.92800	10425.50000
42.94100	11340.80000
42.95400	12374.20000
42.96700	13584.30000
42.98000	14575.00000
42.99300	15526.50000
43.00600	16377.50000
43.01900	16689.40000
43.03200	16823.30000
43.04500	16794.40000
43.05800	16468.80000
43.07100	16021.60000
43.08400	15627.40000
43.09700	15141.40000
43.11000	14434.80000
43.12300	13872.20000
43.13600	13238.40000
43.14900	12314.00000
43.16200	11544.50000
43.17500	10816.10000
43.18800	10014.40000
43.20100	9328.60000
43.21400	8655.80000
43.22700	8213.70000
43.24000	7771.20000
43.25300	7385.40000
43.26600	7306.10000
43.27900	7156.20000
43.29200	6910.90000
43.30500	6819.50000
43.31800	6636.60000
43.33100	6552.20000
43.34400	6490.60000
43.35700	6557.90000
43.37000	6535.40000
43.38300	6434.10000
43.39600	6509.60000
43.40900	6564.90000
43.42200	6522.30000
43.43500	6641.40000
43.44800	6865.50000
43.46100	6980.40000
43.47400	7316.00000
43.48700	7497.30000
43.50000	7760.50000
43.51300	7899.10000
43.52600	8191.10000
43.53900	8125.10000
43.55200	8223.50000
43.56500	7904.30000
43.57800	7928.80000
43.59100	7844.00000
43.60400	7721.90000
43.61700	7396.30000
43.63000	7220.60000
43.64300	6974.20000
43.65600	6742.30000
43.66900	6680.10000
43.68200	6274.90000
43.69500	6104.40000
43.70800	5839.60000
43.72100	5473.40000
43.73400	5348.70000
43.74700	5229.90000
43.76000	4979.40000
43.77300	4869.00000
43.78600	4507.80000
43.79900	4483.50000
43.81200	4411.30000
43.82500	4332.30000
43.83800	4340.80000
43.85100	4324.60000
43.86400	4351.90000
43.87700	4312.10000
43.89000	4193.90000
43.90300	4137.10000
43.91600	4077.50000
43.92900	4051.10000
43.94200	4139.10000
43.95500	4089.30000
43.96800	4163.30000
43.98100	4185.30000
43.99400	4231.80000
44.00700	4281.10000
44.02000	4331.80000
44.03300	4336.00000
44.04600	4451.00000
44.05900	4389.70000
44.07200	4289.50000
44.08500	4393.80000
44.09800	4355.20000
44.11100	4428.10000
44.12400	4374.80000
44.13700	4453.80000
44.15000	4364.90000
44.16300	4567.40000
44.17600	4588.90000
44.18900	4480.60000
44.20200	4473.90000
44.21500	4412.30000
44.22800	4329.30000
44.24100	4241.60000
44.25400	4174.70000
44.26700	4139.70000
44.28000	4080.00000
44.29300	4002.80000
44.30600	4057.00000
44.31900	3999.00000
44.33200	3969.90000
44.34500	3972.80000
44.35800	3891.30000
44.37100	3831.00000
44.38400	3806.00000
44.39700	3789.60000
44.41000	3729.60000
44.42300	3694.60000
44.43600	3607.30000
44.44900	3561.50000
44.46200	3610.20000
44.47500	3622.50000
44.48800	3645.10000
44.50100	3639.60000
44.51400	3670.90000
44.52700	3587.10000
44.54000	3626.60000
44.55300	3699.50000
44.56600	3525.70000
44.57900	3540.50000
44.59200	3589.20000
44.60500	3503.30000
44.61800	3493.40000
44.63100	3518.50000
44.64400	3573.20000
44.65700	3536.50000
44.67000	3489.10000
44.68300	3455.00000
44.69600	3443.40000
44.70900	3386.50000
44.72200	3524.70000
44.73500	3533.40000
44.74800	3500.00000
44.76100	3546.60000
44.77400	3533.40000
44.78700	3468.70000
44.80000	3522.00000
44.81300	3418.80000
44.82600	3518.90000
44.83900	3438.30000
44.85200	3469.80000
44.86500	3430.20000
44.87800	3600.40000
44.89100	3486.70000
44.90400	3467.20000
44.91700	3453.10000
44.93000	3542.90000
44.94300	3610.70000
44.95600	3468.80000
44.96900	3475.00000
44.98200	3610.00000
44.99500	3497.70000
45.00800	3537.90000
45.02100	3506.30000
45.03400	3665.90000
45.04700	3560.00000
45.06000	3576.80000
45.07300	3613.30000
45.08600	3557.70000
45.09900	3706.80000
45.11200	3740.60000
45.12500	3891.60000
45.13800	3792.10000
45.15100	3830.10000
45.16400	4049.00000
45.17700	4048.40000
45.19000	4085.20000
45.20300	4103.20000
45.21600	4244.40000
45.22900	4385.60000
45.24200	4311.30000
45.25500	4223.50000
45.26800	4239.90000
45.28100	4319.10000
45.29400	4415.40000
45.30700	4364.20000
45.32000	4324.00000
45.33300	4355.50000
45.34600	4383.80000
45.35900	4415.70000
45.37200	4398.40000
45.38500	4492.50000
45.39800	4465.70000
45.41100	4650.40000
45.42400	4834.80000
45.43700	4864.30000
45.45000	5161.80000
45.46300	5392.30000
45.47600	5684.00000
45.48900	5943.90000
45.50200	6165.20000
45.51500	6241.80000
45.52800	6419.90000
45.54100	6615.60000
45.55400	6698.60000
45.56700	6710.00000
45.58000	6737.50000
45.59300	6655.10000
45.60600	6588.50000
45.61900	6427.70000
45.63200	6233.60000
45.64500	6113.00000
45.65800	5926.70000
45.67100	5737.50000
45.68400	5574.90000
45.69700	5367.00000
45.71000	5176.30000
45.72300	5004.60000
45.73600	4836.90000
45.74900	4742.30000
45.76200	4624.10000
45.77500	4472.30000
45.78800	4369.00000
45.80100	4287.90000
45.81400	4240.30000
45.82700	4187.40000
45.84000	4195.40000
45.85300	4248.10000
45.86600	4227.50000
45.87900	4224.10000
45.89200	4302.70000
45.90500	4318.90000
45.91800	4442.60000
45.93100	4630.90000
45.94400	4553.50000
45.95700	4740.20000
45.97000	4866.80000
45.98300	4939.80000
45.99600	5068.80000
46.00900	5169.80000
46.02200	5236.50000
46.03500	5405.20000
46.04800	5591.30000
46.06100	5694.10000
46.07400	5849.60000
46.08700	5929.90000
46.10000	5855.40000
46.11300	5891.20000
46.12600	5790.10000
46.13900	5777.20000
46.15200	5728.50000
46.16500	5546.20000
46.17800	5402.10000
46.19100	5340.10000
46.20400	5160.20000
46.21700	5095.00000
46.23000	5071.10000
46.24300	4767.20000
46.25600	4673.70000
46.26900	4636.20000
46.28200	4489.30000
46.29500	4281.00000
46.30800	4236.40000
46.32100	4118.70000
46.33400	4072.50000
46.34700	3937.40000
46.36000	3864.10000
46.37300	3770.10000
46.38600	3662.30000
46.39900	3869.20000
46.41200	3458.00000
46.42500	3595.60000
46.43800	3598.40000
46.45100	3508.80000
46.46400	3474.40000
46.47700	3563.80000
46.49000	3535.20000
46.50300	3413.60000
46.51600	3382.30000
46.52900	3428.70000
46.54200	3401.60000
46.55500	3454.60000
46.56800	3421.30000
46.58100	3425.40000
46.59400	3342.80000
46.60700	3298.90000
46.62000	3359.40000
46.63300	3349.10000
46.64600	3372.40000
46.65900	3326.30000
46.67200	3237.80000
46.68500	3370.30000
46.69800	3355.40000
46.71100	3259.70000
46.72400	3260.40000
46.73700	3247.60000
46.75000	3288.40000
46.76300	3313.50000
46.77600	3374.90000
46.78900	3289.60000
46.80200	3232.00000
46.81500	3343.60000
46.82800	3311.00000
46.84100	3281.70000
46.85400	3304.30000
46.86700	3264.20000
46.88000	3297.50000
46.89300	3329.50000
46.90600	3356.10000
46.91900	3333.10000
46.93200	3405.30000
46.94500	3412.30000
46.95800	3326.20000
46.97100	3325.70000
46.98400	3279.80000
46.99700	3321.30000
47.01000	3394.90000
47.02300	3374.00000
47.03600	3373.50000
47.04900	3355.00000
47.06200	3356.70000
47.07500	3354.80000
47.08800	3357.90000
47.10100	3313.40000
47.11400	3283.90000
47.12700	3371.80000
47.14000	3305.90000
47.15300	3295.30000
47.16600	3332.70000
47.17900	3331.60000
47.19200	3337.00000
47.20500	3430.90000
47.21800	3481.40000
47.23100	3400.00000
47.24400	3370.30000
47.25700	3422.70000
47.27000	3497.10000
47.28300	3529.60000
47.29600	3532.60000
47.30900	3559.60000
47.32200	3513.10000
47.33500	3466.20000
47.34800	3553.40000
47.36100	3565.40000
47.37400	3553.30000
47.38700	3508.60000
47.40000	3442.10000
47.41300	3467.60000
47.42600	3391.20000
47.43900	3446.00000
47.45200	3435.50000
47.46500	3368.60000
47.47800	3425.90000
47.49100	3395.00000
47.50400	3421.70000
47.51700	3384.80000
47.53000	3376.30000
47.54300	3324.60000
47.55600	3372.50000
47.56900	3312.90000
47.58200	3292.80000
47.59500	3195.60000
47.60800	3288.80000
47.62100	3244.40000
47.63400	3308.00000
47.64700	3271.10000
47.66000	3279.00000
47.67300	3286.00000
47.68600	3219.90000
47.69900	3343.00000
47.71200	3111.20000
47.72500	3332.50000
47.73800	3330.70000
47.75100	3471.40000
47.76400	3415.20000
47.77700	3367.80000
47.79000	3286.90000
47.80300	3362.40000
47.81600	3284.20000
47.82900	3266.00000
47.84200	3430.60000
47.85500	3300.00000
47.86800	3307.00000
47.88100	3300.40000
47.89400	3259.90000
47.90700	3364.00000
47.92000	3308.20000
47.93300	3371.20000
47.94600	3336.90000
47.95900	3392.80000
47.97200	3373.80000
47.98500	3343.80000
47.99800	3406.10000
48.01100	3426.00000
48.02400	3379.10000
48.03700	3433.80000
48.05000	3401.80000
48.06300	3475.50000
48.07600	3460.80000
48.08900	3495.40000
48.10200	3500.60000
48.11500	3511.40000
48.12800	3597.60000
48.14100	3546.60000
48.15400	3530.20000
48.16700	3630.90000
48.18000	3744.60000
48.19300	3759.00000
48.20600	3616.70000
48.21900	3615.80000
48.23200	3654.70000
48.24500	3637.60000
48.25800	3651.70000
48.27100	3680.80000
48.28400	3731.50000
48.29700	3752.60000
48.31000	3764.40000
48.32300	3773.00000
48.33600	3810.50000
48.34900	3838.50000
48.36200	3852.00000
48.37500	3913.50000
48.38800	3960.60000
48.40100	4082.00000
48.41400	4180.40000
48.42700	4205.60000
48.44000	4322.90000
48.45300	4459.50000
48.46600	4633.50000
48.47900	4838.10000
48.49200	4993.00000
48.50500	5198.10000
48.51800	5543.90000
48.53100	5940.30000
48.54400	6380.50000
48.55700	6800.80000
48.57000	7221.00000
48.58300	7633.80000
48.59600	8075.20000
48.60900	8457.00000
48.62200	8781.70000
48.63500	9008.70000
48.64800	9153.20000
48.66100	9169.30000
48.67400	9234.70000
48.68700	9034.60000
48.70000	8884.70000
48.71300	8821.40000
48.72600	8672.40000
48.73900	8580.50000
48.75200	8517.00000
48.76500	8307.10000
48.77800	8170.20000
48.79100	8036.30000
48.80400	7835.30000
48.81700	7661.30000
48.83000	7477.40000
48.84300	7469.60000
48.85600	7447.90000
48.86900	7540.90000
48.88200	7735.30000
48.89500	8003.40000
48.90800	8382.80000
48.92100	8741.60000
48.93400	9347.90000
48.94700	10045.90000
48.96000	10502.80000
48.97300	11202.20000
48.98600	11755.60000
48.99900	12133.90000
49.01200	12533.60000
49.02500	12811.10000
49.03800	12644.50000
49.05100	12770.10000
49.06400	12554.70000
49.07700	12501.10000
49.09000	12284.00000
49.10300	12064.10000
49.11600	11688.70000
49.12900	11519.60000
49.14200	11065.50000
49.15500	10547.10000
49.16800	10217.80000
49.18100	9612.80000
49.19400	9081.50000
49.20700	8629.70000
49.22000	8070.90000
49.23300	7548.00000
49.24600	7192.60000
49.25900	6636.80000
49.27200	6282.70000
49.28500	5927.20000
49.29800	5732.20000
49.31100	5387.70000
49.32400	5131.10000
49.33700	4947.00000
49.35000	4825.70000
49.36300	4640.20000
49.37600	4417.60000
49.38900	4341.40000
49.40200	4244.00000
49.41500	4261.70000
49.42800	4120.30000
49.44100	3898.70000
49.45400	3895.10000
49.46700	3859.40000
49.48000	3803.30000
49.49300	3789.90000
49.50600	3752.60000
49.51900	3707.70000
49.53200	3645.20000
49.54500	3603.60000
49.55800	3559.00000
49.57100	3522.50000
49.58400	3528.20000
49.59700	3528.00000
49.61000	3545.90000
49.62300	3508.00000
49.63600	3448.50000
49.64900	3444.60000
49.66200	3514.60000
49.67500	3574.00000
49.68800	3539.40000
49.70100	3473.80000
49.71400	3368.90000
49.72700	3344.80000
49.74000	3368.00000
49.75300	3366.30000
49.76600	3382.00000
49.77900	3384.10000
49.79200	3381.80000
49.80500	3310.00000
49.81800	3272.40000
49.83100	3317.20000
49.84400	3217.10000
49.85700	3236.20000
49.87000	3288.40000
49.88300	3306.10000
49.89600	3226.40000
49.90900	3261.30000
49.92200	3245.70000
49.93500	3270.40000
49.94800	3220.20000
49.96100	3209.50000
49.97400	3248.30000
49.98700	3242.50000
50.00000	3206.90000
50.01300	3310.10000
50.02600	3278.80000
50.03900	3186.00000
50.05200	3153.90000
50.06500	3248.00000
50.07800	3292.30000
50.09100	3313.70000
50.10400	3271.10000
50.11700	3237.60000
50.13000	3297.70000
50.14300	3302.10000
50.15600	3173.20000
50.16900	3101.00000
50.18200	3255.50000
50.19500	3300.20000
50.20800	3228.70000
50.22100	3293.30000
50.23400	3171.80000
50.24700	3237.50000
50.26000	3283.10000
50.27300	3285.90000
50.28600	3280.10000
50.29900	3337.50000
50.31200	3240.80000
50.32500	3339.10000
50.33800	3323.70000
50.35100	3391.60000
50.36400	3372.40000
50.37700	3523.00000
50.39000	3558.00000
50.40300	3635.70000
50.41600	3531.10000
50.42900	3544.00000
50.44200	3562.90000
50.45500	3583.30000
50.46800	3608.40000
50.48100	3562.50000
50.49400	3653.50000
50.50700	3688.70000
50.52000	3712.60000
50.53300	3691.00000
50.54600	3679.40000
50.55900	3759.70000
50.57200	3726.20000
50.58500	3769.80000
50.59800	3732.00000
50.61100	3852.90000
50.62400	3825.10000
50.63700	3811.70000
50.65000	3803.70000
50.66300	3726.20000
50.67600	3730.10000
50.68900	3839.10000
50.70200	3773.60000
50.71500	3814.40000
50.72800	3850.00000
50.74100	3790.40000
50.75400	3811.30000
50.76700	3880.90000
50.78000	3887.50000
50.79300	3954.50000
50.80600	3978.20000
50.81900	3947.10000
50.83200	4051.10000
50.84500	4202.20000
50.85800	4317.90000
50.87100	4477.50000
50.88400	4639.60000
50.89700	4654.40000
50.91000	4691.20000
50.92300	4817.20000
50.93600	4935.70000
50.94900	5190.40000
50.96200	5330.60000
50.97500	5326.30000
50.98800	5346.30000
51.00100	5455.80000
51.01400	5663.90000
51.02700	5713.90000
51.04000	5833.80000
51.05300	6028.50000
51.06600	6218.60000
51.07900	6485.30000
51.09200	6698.20000
51.10500	6893.30000
51.11800	7093.20000
51.13100	6954.10000
51.14400	6944.50000
51.15700	7073.90000
51.17000	7022.50000
51.18300	7007.10000
51.19600	6851.80000
51.20900	6812.30000
51.22200	6697.90000
51.23500	6564.50000
51.24800	6667.90000
51.26100	6627.00000
51.27400	6535.90000
51.28700	6546.30000
51.30000	6466.40000
51.31300	6407.20000
51.32600	6369.10000
51.33900	6229.10000
51.35200	6101.20000
51.36500	6108.40000
51.37800	5941.50000
51.39100	5862.90000
51.40400	5864.60000
51.41700	5790.10000
51.43000	5800.20000
51.44300	5771.10000
51.45600	5730.50000
51.46900	5975.10000
51.48200	5790.60000
51.49500	5945.20000
51.50800	5892.30000
51.52100	5944.20000
51.53400	6051.30000
51.54700	5897.10000
51.56000	5776.00000
51.57300	5738.10000
51.58600	5542.60000
51.59900	5609.00000
51.61200	5399.20000
51.62500	5355.80000
51.63800	5204.70000
51.65100	5062.70000
51.66400	4978.20000
51.67700	4863.10000
51.69000	4854.10000
51.70300	4796.00000
51.71600	4642.60000
51.72900	4548.80000
51.74200	4432.30000
51.75500	4319.50000
51.76800	4154.50000
51.78100	3983.10000
51.79400	4089.20000
51.80700	3985.00000
51.82000	3864.60000
51.83300	3836.80000
51.84600	3882.90000
51.85900	3928.50000
51.87200	3975.00000
51.88500	3772.50000
51.89800	3777.80000
51.91100	3808.40000
51.92400	3749.60000
51.93700	3717.90000
51.95000	3785.00000
51.96300	3695.50000
51.97600	3759.90000
51.98900	3795.60000
52.00200	3761.60000
52.01500	3858.50000
52.02800	3911.30000
52.04100	3900.10000
52.05400	3865.90000
52.06700	3958.90000
52.08000	3977.90000
52.09300	4053.00000
52.10600	4195.70000
52.11900	4262.50000
52.13200	4318.20000
52.14500	4468.90000
52.15800	4602.70000
52.17100	4758.40000
52.18400	4838.80000
52.19700	4857.80000
52.21000	4991.30000
52.22300	5079.10000
52.23600	5133.10000
52.24900	5142.20000
52.26200	5114.70000
52.27500	5125.40000
52.28800	5071.40000
52.30100	5033.70000
52.31400	4964.20000
52.32700	4871.90000
52.34000	4840.70000
52.35300	4795.80000
52.36600	4815.10000
52.37900	4789.70000
52.39200	4661.90000
52.40500	4607.20000
52.41800	4584.60000
52.43100	4447.80000
52.44400	4463.30000
52.45700	4460.90000
52.47000	4388.10000
52.48300	4327.70000
52.49600	4417.80000
52.50900	4457.90000
52.52200	4516.60000
52.53500	4539.70000
52.54800	4585.20000
52.56100	4824.20000
52.57400	4953.00000
52.58700	5178.50000
52.60000	5433.70000
52.61300	5798.90000
52.62600	6056.20000
52.63900	6181.70000
52.65200	6468.20000
52.66500	6525.40000
52.67800	6760.90000
52.69100	6889.10000
52.70400	7017.80000
52.71700	7283.00000
52.73000	7343.40000
52.74300	7488.90000
52.75600	7656.30000
52.76900	7739.00000
52.78200	7853.90000
52.79500	7985.60000
52.80800	8011.00000
52.82100	8089.50000
52.83400	7860.20000
52.84700	8090.90000
52.86000	7678.50000
52.87300	7527.60000
52.88600	7224.80000
52.89900	7098.70000
52.91200	6924.40000
52.92500	6831.20000
52.93800	6617.90000
52.95100	6309.10000
52.96400	6164.90000
52.97700	5889.80000
52.99000	5770.90000
53.00300	5642.40000
53.01600	5434.70000
53.02900	5226.30000
53.04200	5017.50000
53.05500	4887.60000
53.06800	4773.90000
53.08100	4531.60000
53.09400	4441.20000
53.10700	4416.70000
53.12000	4273.90000
53.13300	4262.70000
53.14600	4133.30000
53.15900	4163.90000
53.17200	4105.30000
53.18500	3877.90000
53.19800	3917.80000
53.21100	3934.20000
53.22400	3949.20000
53.23700	3933.30000
53.25000	3923.80000
53.26300	3917.20000
53.27600	3910.70000
53.28900	3926.00000
53.30200	3994.60000
53.31500	4021.70000
53.32800	3989.40000
53.34100	4039.00000
53.35400	4061.80000
53.36700	4069.40000
53.38000	4137.50000
53.39300	4230.60000
53.40600	4417.00000
53.41900	4618.70000
53.43200	4721.00000
53.44500	4886.50000
53.45800	5018.50000
53.47100	5111.10000
53.48400	5184.90000
53.49700	5228.40000
53.51000	5299.80000
53.52300	5270.80000
53.53600	5092.80000
53.54900	5076.50000
53.56200	5110.40000
53.57500	5031.00000
53.58800	4953.90000
53.60100	4929.40000
53.61400	4968.30000
53.62700	4853.80000
53.64000	4657.10000
53.65300	4583.50000
53.66600	4517.00000
53.67900	4363.80000
53.69200	4271.60000
53.70500	4234.20000
53.71800	4056.80000
53.73100	3886.40000
53.74400	3701.20000
53.75700	3727.20000
53.77000	3744.40000
53.78300	3663.10000
53.79600	3551.70000
53.80900	3534.00000
53.82200	3428.10000
53.83500	3395.80000
53.84800	3382.80000
53.86100	3350.40000
53.87400	3483.90000
53.88700	3411.00000
53.90000	3286.00000
53.91300	3302.80000
53.92600	3345.60000
53.93900	3262.70000
53.95200	3258.50000
53.96500	3318.00000
53.97800	3312.00000
53.99100	3299.90000
54.00400	3285.80000
54.01700	3271.80000
54.03000	3171.00000
54.04300	3187.10000
54.05600	3318.10000
54.06900	3244.00000
54.08200	3310.90000
54.09500	3229.00000
54.10800	3270.60000
54.12100	3208.60000
54.13400	3306.00000
54.14700	3346.20000
54.16000	3277.60000
54.17300	3207.30000
54.18600	3272.70000
54.19900	3296.20000
54.21200	3182.70000
54.22500	3307.40000
54.23800	3345.40000
54.25100	3326.50000
54.26400	3381.00000
54.27700	3246.30000
54.29000	3407.40000
54.30300	3448.80000
54.31600	3392.70000
54.32900	3515.30000
54.34200	3556.90000
54.35500	3500.00000
54.36800	3687.10000
54.38100	3722.50000
54.39400	3806.30000
54.40700	3920.90000
54.42000	3801.70000
54.43300	3868.20000
54.44600	3866.20000
54.45900	3895.50000
54.47200	4044.20000
54.48500	3917.00000
54.49800	4029.50000
54.51100	3976.20000
54.52400	4034.10000
54.53700	4051.70000
54.55000	4075.20000
54.56300	4050.80000
54.57600	4248.50000
54.58900	4258.80000
54.60200	4267.40000
54.61500	4341.30000
54.62800	4369.80000
54.64100	4471.30000
54.65400	4581.80000
54.66700	4759.10000
54.68000	4848.00000
54.69300	5026.00000
54.70600	5139.30000
54.71900	5095.80000
54.73200	5143.30000
54.74500	5334.40000
54.75800	5345.00000
54.77100	5288.70000
54.78400	5313.90000
54.79700	5295.70000
54.81000	5139.70000
54.82300	5061.40000
54.83600	5025.30000
54.84900	4973.00000
54.86200	4919.00000
54.87500	4832.10000
54.88800	4708.40000
54.90100	4565.70000
54.91400	4565.90000
54.92700	4551.30000
54.94000	4425.50000
54.95300	4305.90000
54.96600	4156.10000
54.97900	4107.00000
54.99200	4043.80000
55.00500	3906.20000
55.01800	3852.60000
55.03100	3747.70000
55.04400	3663.50000
55.05700	3621.90000
55.07000	3638.40000
55.08300	3632.00000
55.09600	3641.30000
55.10900	3642.10000
55.12200	3590.20000
55.13500	3492.80000
55.14800	3455.20000
55.16100	3522.80000
55.17400	3504.00000
55.18700	3490.80000
55.20000	3492.30000
55.21300	3529.40000
55.22600	3473.60000
55.23900	3431.60000
55.25200	3521.60000
55.26500	3539.40000
55.27800	3471.60000
55.29100	3538.90000
55.30400	3518.30000
55.31700	3580.90000
55.33000	3612.60000
55.34300	3576.90000
55.35600	3680.30000
55.36900	3690.10000
55.38200	3714.20000
55.39500	3829.10000
55.40800	3733.20000
55.42100	3908.90000
55.43400	3989.00000
55.44700	4036.10000
55.46000	4176.50000
55.47300	4249.00000
55.48600	4452.00000
55.49900	4486.70000
55.51200	4689.90000
55.52500	4757.70000
55.53800	4969.50000
55.55100	5233.50000
55.56400	5497.90000
55.57700	5920.20000
55.59000	6037.10000
55.60300	6364.70000
55.61600	6677.20000
55.62900	6952.90000
55.64200	7184.20000
55.65500	7368.50000
55.66800	7591.60000
55.68100	7768.90000
55.69400	7692.90000
55.70700	7613.30000
55.72000	7738.80000
55.73300	7816.90000
55.74600	7776.10000
55.75900	7822.90000
55.77200	7704.70000
55.78500	7723.30000
55.79800	7891.60000
55.81100	7932.80000
55.82400	8077.10000
55.83700	8124.40000
55.85000	8187.90000
55.86300	8234.80000
55.87600	8256.50000
55.88900	8172.50000
55.90200	8129.00000
55.91500	7974.70000
55.92800	7835.50000
55.94100	7610.70000
55.95400	7433.80000
55.96700	7424.30000
55.98000	7196.40000
55.99300	7066.70000
56.00600	6980.80000
56.01900	6762.30000
56.03200	6750.30000
56.04500	6610.20000
56.05800	6583.80000
56.07100	6582.20000
56.08400	6514.00000
56.09700	6527.80000
56.11000	6706.00000
56.12300	6855.60000
56.13600	6862.60000
56.14900	7069.10000
56.16200	7351.80000
56.17500	7585.10000
56.18800	7861.70000
56.20100	8121.10000
56.21400	8433.60000
56.22700	8764.80000
56.24000	9025.80000
56.25300	9198.70000
56.26600	9266.10000
56.27900	9271.40000
56.29200	9286.00000
56.30500	9240.90000
56.31800	9004.90000
56.33100	8855.50000
56.34400	8784.70000
56.35700	8525.70000
56.37000	8497.10000
56.38300	8304.20000
56.39600	7995.00000
56.40900	7845.20000
56.42200	7611.30000
56.43500	7476.10000
56.44800	7240.00000
56.46100	7020.00000
56.47400	6731.80000
56.48700	6379.30000
56.50000	6204.40000
56.51300	5838.40000
56.52600	5720.90000
56.53900	5556.70000
56.55200	5354.50000
56.56500	5173.70000
56.57800	5092.30000
56.59100	4969.70000
56.60400	4828.80000
56.61700	4717.00000
56.63000	4693.20000
56.64300	4607.80000
56.65600	4643.10000
56.66900	4386.50000
56.68200	4430.60000
56.69500	4360.00000
56.70800	4170.50000
56.72100	4202.50000
56.73400	4131.50000
56.74700	4294.10000
56.76000	4234.20000
56.77300	4115.50000
56.78600	4161.70000
56.79900	4131.10000
56.81200	4099.00000
56.82500	3956.40000
56.83800	3995.20000
56.85100	4175.40000
56.86400	4067.10000
56.87700	4090.30000
56.89000	3979.50000
56.90300	4018.80000
56.91600	4059.60000
56.92900	4047.10000
56.94200	4177.80000
56.95500	4136.10000
56.96800	4269.00000
56.98100	4329.50000
56.99400	4311.20000
57.00700	4486.70000
57.02000	4654.40000
57.03300	4901.10000
57.04600	4897.90000
57.05900	5153.80000
57.07200	5420.00000
57.08500	5718.70000
57.09800	5808.30000
57.11100	6098.10000
57.12400	6297.20000
57.13700	6753.90000
57.15000	6828.40000
57.16300	7023.00000
57.17600	7135.80000
57.18900	7343.80000
57.20200	7255.60000
57.21500	7227.10000
57.22800	7283.60000
57.24100	7236.10000
57.25400	7112.70000
57.26700	7068.30000
57.28000	7087.90000
57.29300	6958.80000
57.30600	6758.20000
57.31900	6667.10000
57.33200	6597.60000
57.34500	6473.40000
57.35800	6251.50000
57.37100	6102.00000
57.38400	5992.80000
57.39700	5801.20000
57.41000	5577.80000
57.42300	5368.30000
57.43600	5311.30000
57.44900	5157.70000
57.46200	5023.10000
57.47500	5056.80000
57.48800	5025.60000
57.50100	4936.50000
57.51400	4880.70000
57.52700	4797.90000
57.54000	4764.30000
57.55300	4878.80000
57.56600	4886.10000
57.57900	4834.70000
57.59200	4852.70000
57.60500	4844.90000
57.61800	4929.90000
57.63100	5012.20000
57.64400	5012.30000
57.65700	5113.40000
57.67000	5270.40000
57.68300	5381.50000
57.69600	5504.30000
57.70900	5697.50000
57.72200	5791.70000
57.73500	5979.90000
57.74800	6255.90000
57.76100	6383.90000
57.77400	6308.30000
57.78700	6380.80000
57.80000	6478.80000
57.81300	6450.30000
57.82600	6443.20000
57.83900	6350.10000
57.85200	6202.30000
57.86500	6208.50000
57.87800	6039.70000
57.89100	6069.30000
57.90400	5987.20000
57.91700	5751.40000
57.93000	5669.00000
57.94300	5617.90000
57.95600	5582.80000
57.96900	5390.20000
57.98200	5234.50000
57.99500	5165.10000
58.00800	4966.30000
58.02100	4837.70000
58.03400	4620.90000
58.04700	4587.00000
58.06000	4430.10000
58.07300	4224.10000
58.08600	4184.00000
58.09900	3991.00000
58.11200	4059.90000
58.12500	3886.10000
58.13800	3840.60000
58.15100	3912.90000
58.16400	3786.40000
58.17700	3809.50000
58.19000	3710.20000
58.20300	3695.50000
58.21600	3646.60000
58.22900	3590.50000
58.24200	3619.50000
58.25500	3622.00000
58.26800	3540.10000
58.28100	3557.20000
58.29400	3491.50000
58.30700	3514.70000
58.32000	3467.70000
58.33300	3484.90000
58.34600	3393.00000
58.35900	3369.30000
58.37200	3347.20000
58.38500	3427.50000
58.39800	3433.80000
58.41100	3409.40000
58.42400	3336.80000
58.43700	3352.60000
58.45000	3309.60000
58.46300	3302.40000
58.47600	3312.50000
58.48900	3280.90000
58.50200	3307.70000
58.51500	3198.70000
58.52800	3175.20000
58.54100	3212.30000
58.55400	3267.50000
58.56700	3210.70000
58.58000	3113.20000
58.59300	3158.40000
58.60600	3101.90000
58.61900	3153.00000
58.63200	3222.00000
58.64500	3281.20000
58.65800	3265.90000
58.67100	3169.80000
58.68400	3094.00000
58.69700	3139.50000
58.71000	3201.20000
58.72300	3218.30000
58.73600	3224.00000
58.74900	3269.60000
58.76200	3289.90000
58.77500	3219.10000
58.78800	3196.70000
58.80100	3225.00000
58.81400	3202.40000
58.82700	3221.90000
58.84000	3257.70000
58.85300	3261.60000
58.86600	3283.40000
58.87900	3372.70000
58.89200	3468.70000
58.90500	3448.30000
58.91800	3539.00000
58.93100	3676.60000
58.94400	3698.40000
58.95700	3791.50000
58.97000	3949.90000
58.98300	4103.70000
58.99600	4239.70000
59.00900	4272.60000
59.02200	4430.80000
59.03500	4635.90000
59.04800	4804.30000
59.06100	4799.90000
59.07400	4855.90000
59.08700	4947.60000
59.10000	5108.80000
59.11300	5134.40000
59.12600	5132.90000
59.13900	5135.20000
59.15200	5248.20000
59.16500	5362.90000
59.17800	5437.00000
59.19100	5570.30000
59.20400	5518.30000
59.21700	5549.60000
59.23000	5718.60000
59.24300	5625.10000
59.25600	5566.20000
59.26900	5446.70000
59.28200	5493.70000
59.29500	5409.20000
59.30800	5251.70000
59.32100	5045.40000
59.33400	4983.50000
59.34700	4843.20000
59.36000	4786.40000
59.37300	4589.80000
59.38600	4646.80000
59.39900	4450.20000
59.41200	4287.50000
59.42500	4221.70000
59.43800	4245.20000
59.45100	4017.00000
59.46400	4015.00000
59.47700	3906.50000
59.49000	3782.90000
59.50300	3670.70000
59.51600	3614.40000
59.52900	3516.40000
59.54200	3424.80000
59.55500	3470.90000
59.56800	3426.40000
59.58100	3351.20000
59.59400	3380.80000
59.60700	3224.40000
59.62000	3257.50000
59.63300	3191.30000
59.64600	3150.80000
59.65900	3229.10000
59.67200	3070.60000
59.68500	3130.60000
59.69800	3119.70000
59.71100	3062.10000
59.72400	3164.10000
59.73700	3113.40000
59.75000	3053.90000
59.76300	3080.70000
59.77600	3113.20000
59.78900	3161.20000
59.80200	3059.00000
59.81500	3059.50000
59.82800	3177.10000
59.84100	3105.00000
59.85400	3166.60000
59.86700	3199.20000
59.88000	3292.10000
59.89300	3278.80000
59.90600	3290.50000
59.91900	3326.30000
59.93200	3323.10000
59.94500	3250.30000
59.95800	3218.40000
59.97100	3242.50000
59.98400	3320.40000
59.99700	3367.50000
60.01000	3359.00000
60.02300	3325.90000
60.03600	3304.80000
60.04900	3354.20000
60.06200	3331.20000
60.07500	3330.10000
60.08800	3344.70000
60.10100	3285.40000
60.11400	3225.50000
60.12700	3178.30000
60.14000	3233.70000
60.15300	3281.30000
60.16600	3172.00000
60.17900	3165.00000
60.19200	3212.20000
60.20500	3144.40000
60.21800	3128.20000
60.23100	3085.30000
60.24400	3012.10000
60.25700	2975.10000
60.27000	3007.90000
60.28300	2951.20000
60.29600	2904.50000
60.30900	2950.80000
60.32200	2973.00000
60.33500	2876.20000
60.34800	2835.50000
60.36100	2931.10000
60.37400	2943.30000
60.38700	2933.80000
60.40000	2938.80000
60.41300	2937.50000
60.42600	2959.60000
60.43900	2946.50000
60.45200	2904.20000
60.46500	2802.40000
60.47800	2816.50000
60.49100	2917.80000
60.50400	2985.00000
60.51700	2909.10000
60.53000	2877.50000
60.54300	2923.30000
60.55600	3016.70000
60.56900	2972.90000
60.58200	2968.00000
60.59500	2977.60000
60.60800	3001.70000
60.62100	3008.60000
60.63400	3023.60000
60.64700	3051.70000
60.66000	3111.90000
60.67300	3171.70000
60.68600	3240.70000
60.69900	3207.30000
60.71200	3210.80000
60.72500	3180.70000
60.73800	3090.30000
60.75100	3180.90000
60.76400	3107.00000
60.77700	3101.00000
60.79000	3097.10000
60.80300	3191.50000
60.81600	3111.00000
60.82900	3119.50000
60.84200	3116.20000
60.85500	3108.50000
60.86800	3232.90000
60.88100	3230.20000
60.89400	3219.90000
60.90700	3170.70000
60.92000	3145.50000
60.93300	3146.50000
60.94600	3108.10000
60.95900	3196.10000
60.97200	3226.40000
60.98500	3254.10000
60.99800	3230.10000
61.01100	3361.90000
61.02400	3345.40000
61.03700	3384.10000
61.05000	3388.40000
61.06300	3437.20000
61.07600	3505.60000
61.08900	3475.10000
61.10200	3485.40000
61.11500	3536.70000
61.12800	3502.60000
61.14100	3570.00000
61.15400	3520.60000
61.16700	3518.70000
61.18000	3512.40000
61.19300	3492.80000
61.20600	3440.60000
61.21900	3436.10000
61.23200	3424.60000
61.24500	3458.20000
61.25800	3420.00000
61.27100	3386.90000
61.28400	3425.20000
61.29700	3416.30000
61.31000	3341.50000
61.32300	3360.60000
61.33600	3301.50000
61.34900	3254.00000
61.36200	3258.40000
61.37500	3297.30000
61.38800	3267.40000
61.40100	3224.40000
61.41400	3233.30000
61.42700	3247.40000
61.44000	3269.70000
61.45300	3267.80000
61.46600	3283.80000
61.47900	3273.10000
61.49200	3288.60000
61.50500	3316.00000
61.51800	3318.70000
61.53100	3389.70000
61.54400	3384.30000
61.55700	3364.10000
61.57000	3450.00000
61.58300	3539.10000
61.59600	3591.00000
61.60900	3595.80000
61.62200	3651.50000
61.63500	3701.40000
61.64800	3814.30000
61.66100	3873.40000
61.67400	4002.30000
61.68700	4047.70000
61.70000	4217.50000
61.71300	4420.60000
61.72600	4607.50000
61.73900	4865.40000
61.75200	5085.30000
61.76500	5336.30000
61.77800	5450.20000
61.79100	5836.80000
61.80400	6036.40000
61.81700	6140.30000
61.83000	6346.80000
61.84300	6546.80000
61.85600	6732.80000
61.86900	6778.50000
61.88200	6880.00000
61.89500	6940.20000
61.90800	6965.60000
61.92100	6988.70000
61.93400	7162.20000
61.94700	7063.70000
61.96000	7094.60000
61.97300	7102.50000
61.98600	7324.90000
61.99900	7081.30000
62.01200	7142.40000
62.02500	7071.60000
62.03800	6943.30000
62.05100	6798.40000
62.06400	6725.40000
62.07700	6592.70000
62.09000	6479.90000
62.10300	6311.00000
62.11600	6285.60000
62.12900	6045.30000
62.14200	6074.10000
62.15500	6093.00000
62.16800	6010.10000
62.18100	5992.00000
62.19400	5834.90000
62.20700	5711.60000
62.22000	5684.80000
62.23300	5634.40000
62.24600	5500.50000
62.25900	5523.40000
62.27200	5326.90000
62.28500	5222.00000
62.29800	5210.70000
62.31100	5280.20000
62.32400	5110.30000
62.33700	5095.30000
62.35000	4954.30000
62.36300	4931.70000
62.37600	4950.70000
62.38900	4919.10000
62.40200	4813.00000
62.41500	4799.10000
62.42800	4664.00000
62.44100	4612.30000
62.45400	4517.70000
62.46700	4394.70000
62.48000	4370.10000
62.49300	4413.30000
62.50600	4316.30000
62.51900	4169.90000
62.53200	4170.50000
62.54500	4184.70000
62.55800	4104.70000
62.57100	4093.30000
62.58400	4120.00000
62.59700	4067.50000
62.61000	3900.20000
62.62300	3790.30000
62.63600	3814.10000
62.64900	3879.20000
62.66200	3764.20000
62.67500	3622.70000
62.68800	3597.30000
62.70100	3610.30000
62.71400	3586.30000
62.72700	3555.00000
62.74000	3512.90000
62.75300	3499.60000
62.76600	3509.80000
62.77900	3379.90000
62.79200	3215.50000
62.80500	3227.80000
62.81800	3316.90000
62.83100	3282.30000
62.84400	3237.80000
62.85700	3194.30000
62.87000	3105.50000
62.88300	3032.10000
62.89600	2994.70000
62.90900	3103.80000
62.92200	3082.90000
62.93500	3027.00000
62.94800	3004.50000
62.96100	2911.00000
62.97400	2899.60000
62.98700	2899.80000
63.00000	2852.90000
63.01300	2930.00000
63.02600	2817.10000
63.03900	2879.80000
63.05200	2863.60000
63.06500	2906.70000
63.07800	2895.30000
63.09100	2795.10000
63.10400	2873.60000
63.11700	2803.10000
63.13000	2847.60000
63.14300	2820.30000
63.15600	2778.00000
63.16900	2704.80000
63.18200	2751.30000
63.19500	2734.40000
63.20800	2702.30000
63.22100	2767.90000
63.23400	2742.60000
63.24700	2754.10000
63.26000	2687.30000
63.27300	2665.80000
63.28600	2698.00000
63.29900	2740.50000
63.31200	2695.50000
63.32500	2731.60000
63.33800	2670.70000
63.35100	2783.70000
63.36400	2772.70000
63.37700	2659.00000
63.39000	2761.00000
63.40300	2746.10000
63.41600	2642.10000
63.42900	2739.90000
63.44200	2753.60000
63.45500	2679.90000
63.46800	2680.70000
63.48100	2691.20000
63.49400	2518.00000
63.50700	2639.60000
63.52000	2675.50000
63.53300	2689.60000
63.54600	2743.00000
63.55900	2714.30000
63.57200	2777.00000
63.58500	2725.00000
63.59800	2828.40000
63.61100	2700.30000
63.62400	2760.40000
63.63700	2781.60000
63.65000	2686.60000
63.66300	2806.30000
63.67600	2743.90000
63.68900	2714.50000
63.70200	2807.00000
63.71500	2821.70000
63.72800	2798.40000
63.74100	2758.30000
63.75400	2728.70000
63.76700	2652.20000
63.78000	2693.50000
63.79300	2868.40000
63.80600	2865.40000
63.81900	2823.90000
63.83200	2811.00000
63.84500	2791.30000
63.85800	2806.10000
63.87100	2801.90000
63.88400	2810.70000
63.89700	2803.60000
63.91000	2784.80000
63.92300	2776.40000
63.93600	2741.30000
63.94900	2724.30000
63.96200	2723.40000
63.97500	2786.00000
63.98800	2830.80000
64.00100	2806.50000
64.01400	2775.20000
64.02700	2720.40000
64.04000	2710.70000
64.05300	2736.00000
64.06600	2797.90000
64.07900	2825.70000
64.09200	2750.80000
64.10500	2710.10000
64.11800	2694.10000
64.13100	2666.50000
64.14400	2641.60000
64.15700	2701.70000
64.17000	2719.70000
64.18300	2639.60000
64.19600	2723.60000
64.20900	2808.70000
64.22200	2772.50000
64.23500	2620.20000
64.24800	2616.00000
64.26100	2686.80000
64.27400	2625.20000
64.28700	2663.20000
64.30000	2648.00000
64.31300	2659.20000
64.32600	2704.00000
64.33900	2660.90000
64.35200	2658.00000
64.36500	2610.70000
64.37800	2634.90000
64.39100	2624.80000
64.40400	2662.30000
64.41700	2676.20000
64.43000	2730.00000
64.44300	2700.80000
64.45600	2663.70000
64.46900	2682.20000
64.48200	2669.00000
64.49500	2644.90000
64.50800	2668.60000
64.52100	2781.70000
64.53400	2795.10000
64.54700	2697.30000
64.56000	2784.00000
64.57300	2804.50000
64.58600	2912.60000
64.59900	2822.60000
64.61200	2798.50000
64.62500	2858.60000
64.63800	2822.50000
64.65100	2870.60000
64.66400	2835.30000
64.67700	2878.40000
64.69000	2678.80000
64.70300	2901.50000
64.71600	2925.70000
64.72900	2994.50000
64.74200	3026.00000
64.75500	3015.50000
64.76800	3094.70000
64.78100	3170.30000
64.79400	3147.10000
64.80700	3265.30000
64.82000	3351.40000
64.83300	3352.70000
64.84600	3480.00000
64.85900	3619.00000
64.87200	3697.70000
64.88500	3749.10000
64.89800	3918.20000
64.91100	3900.00000
64.92400	4012.90000
64.93700	3988.80000
64.95000	4032.20000
64.96300	4094.60000
64.97600	4071.50000
64.98900	4093.20000
65.00200	4145.10000
65.01500	4091.90000
65.02800	4036.50000
65.04100	4035.40000
65.05400	4067.50000
65.06700	4000.20000
65.08000	3938.80000
65.09300	3926.70000
65.10600	3997.40000
65.11900	3969.10000
65.13200	3980.60000
65.14500	3961.70000
65.15800	3861.30000
65.17100	3820.60000
65.18400	3833.40000
65.19700	3785.40000
65.21000	3824.10000
65.22300	3803.90000
65.23600	3737.50000
65.24900	3693.50000
65.26200	3749.00000
65.27500	3820.00000
65.28800	3737.80000
65.30100	3766.00000
65.31400	3832.70000
65.32700	3828.60000
65.34000	3938.20000
65.35300	4029.50000
65.36600	4061.00000
65.37900	4159.10000
65.39200	4321.50000
65.40500	4530.80000
65.41800	4697.40000
65.43100	4805.30000
65.44400	4964.90000
65.45700	5053.90000
65.47000	5112.60000
65.48300	5211.90000
65.49600	5178.50000
65.50900	5216.40000
65.52200	5218.70000
65.53500	5249.20000
65.54800	5224.60000
65.56100	5113.40000
65.57400	5069.70000
65.58700	5042.90000
65.60000	4966.80000
65.61300	4902.40000
65.62600	4909.10000
65.63900	4856.60000
65.65200	4898.20000
65.66500	4716.20000
65.67800	4613.40000
65.69100	4572.40000
65.70400	4506.50000
65.71700	4417.00000
65.73000	4272.40000
65.74300	4146.10000
65.75600	4111.90000
65.76900	3988.40000
65.78200	3881.70000
65.79500	3922.90000
65.80800	3749.90000
65.82100	3716.90000
65.83400	3671.50000
65.84700	3568.90000
65.86000	3545.30000
65.87300	3529.10000
65.88600	3507.10000
65.89900	3527.40000
65.91200	3417.50000
65.92500	3339.30000
65.93800	3370.20000
65.95100	3324.00000
65.96400	3362.30000
65.97700	3261.10000
65.99000	3261.90000
66.00300	3131.80000
66.01600	3267.40000
66.02900	3287.70000
66.04200	3191.40000
66.05500	3127.20000
66.06800	3281.80000
66.08100	3186.80000
66.09400	3186.60000
66.10700	3145.30000
66.12000	3244.60000
66.13300	3119.80000
66.14600	3256.60000
66.15900	3185.30000
66.17200	3145.90000
66.18500	3296.30000
66.19800	3302.90000
66.21100	3344.00000
66.22400	3378.80000
66.23700	3281.40000
66.25000	3405.50000
66.26300	3516.30000
66.27600	3558.90000
66.28900	3680.00000
66.30200	3718.00000
66.31500	3854.30000
66.32800	3874.50000
66.34100	3952.50000
66.35400	4037.80000
66.36700	4106.00000
66.38000	4251.10000
66.39300	4192.00000
66.40600	4170.70000
66.41900	4196.10000
66.43200	4224.00000
66.44500	4222.60000
66.45800	4230.80000
66.47100	4122.60000
66.48400	4025.50000
66.49700	3995.90000
66.51000	3933.70000
66.52300	3897.20000
66.53600	3871.40000
66.54900	3776.70000
66.56200	3766.60000
66.57500	3760.30000
66.58800	3707.50000
66.60100	3608.30000
66.61400	3600.20000
66.62700	3543.60000
66.64000	3426.70000
66.65300	3424.90000
66.66600	3370.00000
66.67900	3273.50000
66.69200	3239.40000
66.70500	3195.60000
66.71800	3169.50000
66.73100	3137.50000
66.74400	3055.60000
66.75700	2997.90000
66.77000	2976.10000
66.78300	3015.90000
66.79600	3067.00000
66.80900	3041.90000
66.82200	2969.20000
66.83500	2969.10000
66.84800	2992.60000
66.86100	3029.20000
66.87400	3012.70000
66.88700	2957.50000
66.90000	2906.70000
66.91300	2947.70000
66.92600	2996.20000
66.93900	3002.20000
66.95200	2967.90000
66.96500	2851.70000
66.97800	2977.70000
66.99100	3035.00000
67.00400	2946.20000
67.01700	2999.60000
67.03000	3002.90000
67.04300	2954.20000
67.05600	2992.00000
67.06900	3066.10000
67.08200	3035.10000
67.09500	3108.30000
67.10800	2988.30000
67.12100	3115.70000
67.13400	3040.40000
67.14700	3044.40000
67.16000	3129.40000
67.17300	3102.80000
67.18600	3029.70000
67.19900	2968.50000
67.21200	3082.70000
67.22500	3104.00000
67.23800	3130.80000
67.25100	3157.90000
67.26400	3155.40000
67.27700	3119.10000
67.29000	3096.40000
67.30300	3193.90000
67.31600	3111.00000
67.32900	3107.00000
67.34200	3114.90000
67.35500	3034.20000
67.36800	3044.50000
67.38100	3111.80000
67.39400	3149.00000
67.40700	3085.60000
67.42000	3190.10000
67.43300	3151.50000
67.44600	3068.30000
67.45900	3144.10000
67.47200	3047.00000
67.48500	3120.50000
67.49800	3095.80000
67.51100	3105.40000
67.52400	3113.90000
67.53700	3145.90000
67.55000	3185.80000
67.56300	3084.60000
67.57600	3077.70000
67.58900	3091.50000
67.60200	3049.20000
67.61500	2917.60000
67.62800	2984.80000
67.64100	3066.60000
67.65400	3082.30000
67.66700	3032.00000
67.68000	2997.30000
67.69300	3017.50000
67.70600	3038.60000
67.71900	3023.50000
67.73200	3132.30000
67.74500	3133.30000
67.75800	3141.30000
67.77100	3142.90000
67.78400	3094.30000
67.79700	3152.80000
67.81000	3186.50000
67.82300	3219.10000
67.83600	3236.70000
67.84900	3289.30000
67.86200	3347.40000
67.87500	3408.30000
67.88800	3465.10000
67.90100	3502.10000
67.91400	3521.30000
67.92700	3621.20000
67.94000	3734.50000
67.95300	3725.30000
67.96600	3758.50000
67.97900	3832.50000
67.99200	3899.50000
68.00500	3918.00000
68.01800	3952.50000
68.03100	4046.70000
68.04400	4129.70000
68.05700	4208.70000
68.07000	4175.40000
68.08300	4211.20000
68.09600	4269.70000
68.10900	4326.70000
68.12200	4458.10000
68.13500	4487.30000
68.14800	4437.20000
68.16100	4380.10000
68.17400	4343.80000
68.18700	4375.60000
68.20000	4452.00000
68.21300	4427.40000
68.22600	4381.50000
68.23900	4385.50000
68.25200	4373.60000
68.26500	4364.70000
68.27800	4409.80000
68.29100	4447.90000
68.30400	4452.70000
68.31700	4480.70000
68.33000	4473.90000
68.34300	4529.50000
68.35600	4674.80000
68.36900	4787.40000
68.38200	4812.70000
68.39500	4942.10000
68.40800	5095.50000
68.42100	5243.50000
68.43400	5374.80000
68.44700	5435.30000
68.46000	5533.70000
68.47300	5541.00000
68.48600	5663.60000
68.49900	5726.50000
68.51200	5875.10000
68.52500	5813.40000
68.53800	5993.90000
68.55100	5766.10000
68.56400	5722.20000
68.57700	5725.30000
68.59000	5705.60000
68.60300	5599.30000
68.61600	5564.00000
68.62900	5387.00000
68.64200	5376.10000
68.65500	5414.30000
68.66800	5165.30000
68.68100	5020.50000
68.69400	5147.30000
68.70700	4922.30000
68.72000	4763.60000
68.73300	4684.80000
68.74600	4693.60000
68.75900	4425.30000
68.77200	4291.60000
68.78500	4233.10000
68.79800	4196.50000
68.81100	4054.00000
68.82400	3902.40000
68.83700	3719.90000
68.85000	3735.80000
68.86300	3606.80000
68.87600	3524.20000
68.88900	3414.80000
68.90200	3288.70000
68.91500	3276.90000
68.92800	3133.30000
68.94100	3064.00000
68.95400	3098.90000
68.96700	3063.90000
68.98000	2974.40000
68.99300	2899.50000
69.00600	2886.70000
69.01900	2916.40000
69.03200	2826.00000
69.04500	2856.90000
69.05800	2842.80000
69.07100	2781.20000
69.08400	2807.10000
69.09700	2771.70000
69.11000	2742.20000
69.12300	2714.00000
69.13600	2723.60000
69.14900	2745.80000
69.16200	2741.30000
69.17500	2762.30000
69.18800	2801.10000
69.20100	2681.60000
69.21400	2631.30000
69.22700	2672.90000
69.24000	2696.10000
69.25300	2699.10000
69.26600	2652.10000
69.27900	2608.90000
69.29200	2586.10000
69.30500	2618.70000
69.31800	2696.30000
69.33100	2706.50000
69.34400	2644.60000
69.35700	2630.60000
69.37000	2656.90000
69.38300	2687.10000
69.39600	2703.90000
69.40900	2644.30000
69.42200	2611.90000
69.43500	2633.70000
69.44800	2695.30000
69.46100	2685.30000
69.47400	2627.70000
69.48700	2624.80000
69.50000	2662.80000
69.51300	2718.70000
69.52600	2665.10000
69.53900	2745.00000
69.55200	2813.20000
69.56500	2745.90000
69.57800	2768.50000
69.59100	2822.50000
69.60400	2847.10000
69.61700	2898.20000
69.63000	2839.10000
69.64300	2832.20000
69.65600	2926.50000
69.66900	2920.80000
69.68200	2912.10000
69.69500	2890.30000
69.70800	2952.60000
69.72100	3031.30000
69.73400	2996.20000
69.74700	2904.00000
69.76000	3028.90000
69.77300	2956.90000
69.78600	3015.70000
69.79900	2941.90000
69.81200	2849.20000
69.82500	2921.20000
69.83800	2973.10000
69.85100	2840.40000
69.86400	2935.90000
69.87700	2866.80000
69.89000	3091.30000
69.90300	2974.40000
69.91600	2985.60000
69.92900	2915.10000
69.94200	3038.90000
69.95500	3036.00000
69.96800	2962.50000
69.98100	2942.60000
69.99400	3018.80000
70.00700	3144.50000
70.02000	3090.90000
70.03300	3037.70000
70.04600	3005.50000
70.05900	3023.90000
70.07200	3132.20000
70.08500	3138.70000
70.09800	3110.70000
70.11100	3060.00000
70.12400	3031.50000
70.13700	3112.20000
70.15000	3129.50000
70.16300	3099.30000
70.17600	3088.10000
70.18900	3021.30000
70.20200	3005.20000
70.21500	3076.20000
70.22800	3043.50000
70.24100	3032.90000
70.25400	3031.00000
70.26700	3068.30000
70.28000	3003.90000
70.29300	3031.90000
70.30600	2990.00000
70.31900	3064.90000
70.33200	3069.90000
70.34500	3026.00000
70.35800	3083.20000
70.37100	3062.30000
70.38400	2975.10000
70.39700	3038.50000
70.41000	3013.20000
70.42300	2990.60000
70.43600	3062.40000
70.44900	3072.70000
70.46200	3060.80000
70.47500	3048.60000
70.48800	3011.20000
70.50100	3030.40000
70.51400	3027.50000
70.52700	3034.50000
70.54000	3022.50000
70.55300	3004.30000
70.56600	2924.00000
70.57900	2891.80000
70.59200	3019.50000
70.60500	3019.10000
70.61800	2972.30000
70.63100	3042.10000
70.64400	3074.90000
70.65700	2979.20000
70.67000	2874.50000
70.68300	2900.70000
70.69600	2973.90000
70.70900	2987.40000
70.72200	2926.10000
70.73500	2910.60000
70.74800	2881.40000
70.76100	2887.50000
70.77400	2876.10000
70.78700	2881.90000
70.80000	2855.90000
70.81300	2798.00000
70.82600	2795.30000
70.83900	2792.00000
70.85200	2854.20000
70.86500	2852.20000
70.87800	2788.70000
70.89100	2771.70000
70.90400	2691.40000
70.91700	2763.10000
70.93000	2833.00000
70.94300	2769.10000
70.95600	2683.10000
70.96900	2619.10000
70.98200	2731.90000
70.99500	2689.20000
71.00800	2588.70000
71.02100	2638.70000
71.03400	2685.80000
71.04700	2730.20000
71.06000	2659.80000
71.07300	2565.80000
71.08600	2609.90000
71.09900	2616.50000
71.11200	2621.60000
71.12500	2636.80000
71.13800	2649.00000
71.15100	2602.90000
71.16400	2678.10000
71.17700	2573.40000
71.19000	2666.80000
71.20300	2725.10000
71.21600	2754.20000
71.22900	2725.30000
71.24200	2800.90000
71.25500	2783.10000
71.26800	2752.40000
71.28100	2860.50000
71.29400	2758.50000
71.30700	2733.90000
71.32000	2770.90000
71.33300	2811.40000
71.34600	2745.40000
71.35900	2717.10000
71.37200	2876.60000
71.38500	2744.90000
71.39800	2602.80000
71.41100	2767.00000
71.42400	2599.30000
71.43700	2714.20000
71.45000	2701.50000
71.46300	2726.00000
71.47600	2638.40000
71.48900	2700.80000
71.50200	2705.30000
71.51500	2781.10000
71.52800	2756.80000
71.54100	2681.10000
71.55400	2628.40000
71.56700	2688.60000
71.58000	2626.40000
71.59300	2615.70000
71.60600	2586.30000
71.61900	2583.10000
71.63200	2492.70000
71.64500	2609.30000
71.65800	2565.00000
71.67100	2545.60000
71.68400	2638.30000
71.69700	2621.60000
71.71000	2591.10000
71.72300	2538.80000
71.73600	2531.40000
71.74900	2532.80000
71.76200	2537.00000
71.77500	2544.00000
71.78800	2506.80000
71.80100	2474.00000
71.81400	2504.40000
71.82700	2506.30000
71.84000	2492.50000
71.85300	2485.60000
71.86600	2506.80000
71.87900	2487.60000
71.89200	2464.90000
71.90500	2475.00000
71.91800	2468.50000
71.93100	2536.90000
71.94400	2596.70000
71.95700	2557.20000
71.97000	2521.00000
71.98300	2486.30000
71.99600	2487.50000
72.00900	2474.20000
72.02200	2405.70000
72.03500	2500.90000
72.04800	2549.00000
72.06100	2441.00000
72.07400	2412.20000
72.08700	2429.70000
72.10000	2474.60000
72.11300	2546.10000
72.12600	2536.50000
72.13900	2431.00000
72.15200	2411.80000
72.16500	2440.80000
72.17800	2428.00000
72.19100	2493.20000
72.20400	2442.10000
72.21700	2462.70000
72.23000	2492.00000
72.24300	2489.00000
72.25600	2467.30000
72.26900	2501.40000
72.28200	2543.50000
72.29500	2510.30000
72.30800	2459.90000
72.32100	2524.90000
72.33400	2529.30000
72.34700	2486.70000
72.36000	2506.30000
72.37300	2648.80000
72.38600	2636.90000
72.39900	2647.10000
72.41200	2681.90000
72.42500	2728.20000
72.43800	2729.00000
72.45100	2734.30000
72.46400	2887.50000
72.47700	2719.40000
72.49000	2715.30000
72.50300	2786.90000
72.51600	2723.80000
72.52900	2801.80000
72.54200	2834.00000
72.55500	2831.70000
72.56800	2772.30000
72.58100	2892.20000
72.59400	2813.10000
72.60700	2858.30000
72.62000	2712.90000
72.63300	2792.00000
72.64600	2699.70000
72.65900	2687.40000
72.67200	2774.90000
72.68500	2714.20000
72.69800	2747.30000
72.71100	2708.60000
72.72400	2708.30000
72.73700	2651.00000
72.75000	2766.10000
72.76300	2714.20000
72.77600	2772.10000
72.78900	2659.60000
72.80200	2623.20000
72.81500	2682.30000
72.82800	2626.90000
72.84100	2638.90000
72.85400	2605.10000
72.86700	2562.30000
72.88000	2564.40000
72.89300	2570.20000
72.90600	2526.80000
72.91900	2532.10000
72.93200	2565.10000
72.94500	2497.90000
72.95800	2473.70000
72.97100	2499.70000
72.98400	2437.50000
72.99700	2459.70000
73.01000	2475.50000
73.02300	2448.90000
73.03600	2453.30000
73.04900	2417.40000
73.06200	2365.00000
73.07500	2366.00000
73.08800	2375.80000
73.10100	2397.30000
73.11400	2440.20000
73.12700	2443.50000
73.14000	2410.30000
73.15300	2392.90000
73.16600	2397.90000
73.17900	2447.90000
73.19200	2459.50000
73.20500	2448.80000
73.21800	2435.60000
73.23100	2363.00000
73.24400	2377.80000
73.25700	2422.40000
73.27000	2386.50000
73.28300	2404.40000
73.29600	2445.60000
73.30900	2429.20000
73.32200	2405.90000
73.33500	2417.40000
73.34800	2409.60000
73.36100	2410.40000
73.37400	2463.70000
73.38700	2485.00000
73.40000	2497.00000
73.41300	2499.40000
73.42600	2466.30000
73.43900	2411.50000
73.45200	2458.00000
73.46500	2475.80000
73.47800	2446.30000
73.49100	2420.00000
73.50400	2499.90000
73.51700	2510.40000
73.53000	2551.50000
73.54300	2449.80000
73.55600	2524.20000
73.56900	2558.50000
73.58200	2574.30000
73.59500	2571.30000
73.60800	2593.60000
73.62100	2601.40000
73.63400	2647.50000
73.64700	2611.30000
73.66000	2667.60000
73.67300	2671.30000
73.68600	2647.50000
73.69900	2643.00000
73.71200	2530.10000
73.72500	2675.20000
73.73800	2722.40000
73.75100	2649.10000
73.76400	2750.00000
73.77700	2658.90000
73.79000	2785.10000
73.80300	2771.50000
73.81600	2780.60000
73.82900	2793.40000
73.84200	2805.60000
73.85500	2790.10000
73.86800	2957.20000
73.88100	3014.60000
73.89400	2957.00000
73.90700	3001.70000
73.92000	3013.60000
73.93300	3104.50000
73.94600	3091.10000
73.95900	3075.10000
73.97200	3166.30000
73.98500	3271.70000
73.99800	3328.00000
74.01100	3365.20000
74.02400	3425.60000
74.03700	3525.60000
74.05000	3596.90000
74.06300	3688.00000
74.07600	3755.20000
74.08900	3876.80000
74.10200	3894.90000
74.11500	4113.00000
74.12800	4232.20000
74.14100	4244.20000
74.15400	4262.60000
74.16700	4299.00000
74.18000	4449.40000
74.19300	4378.30000
74.20600	4204.00000
74.21900	4085.70000
74.23200	4125.20000
74.24500	4169.30000
74.25800	4112.80000
74.27100	4061.00000
74.28400	4021.90000
74.29700	3917.80000
74.31000	3865.40000
74.32300	3864.90000
74.33600	3807.60000
74.34900	3775.00000
74.36200	3731.80000
74.37500	3604.40000
74.38800	3534.30000
74.40100	3561.00000
74.41400	3581.40000
74.42700	3511.90000
74.44000	3413.40000
74.45300	3324.20000
74.46600	3237.80000
74.47900	3219.80000
74.49200	3173.40000
74.50500	3044.20000
74.51800	2974.50000
74.53100	2953.60000
74.54400	2921.30000
74.55700	2849.40000
74.57000	2765.90000
74.58300	2699.70000
74.59600	2680.10000
74.60900	2752.00000
74.62200	2745.00000
74.63500	2674.10000
74.64800	2639.40000
74.66100	2627.70000
74.67400	2640.70000
74.68700	2621.30000
74.70000	2609.70000
74.71300	2588.70000
74.72600	2641.60000
74.73900	2589.10000
74.75200	2577.30000
74.76500	2600.20000
74.77800	2544.50000
74.79100	2551.20000
74.80400	2589.80000
74.81700	2576.70000
74.83000	2504.40000
74.84300	2572.60000
74.85600	2579.70000
74.86900	2592.50000
74.88200	2586.90000
74.89500	2521.00000
74.90800	2540.30000
74.92100	2598.10000
74.93400	2622.80000
74.94700	2536.70000
74.96000	2539.20000
74.97300	2531.50000
74.98600	2516.40000
74.99900	2531.50000
75.01200	2511.10000
75.02500	2563.50000
75.03800	2592.40000
75.05100	2557.30000
75.06400	2570.10000
75.07700	2500.90000
75.09000	2630.20000
75.10300	2670.50000
75.11600	2631.20000
75.12900	2617.70000
75.14200	2633.40000
75.15500	2582.10000
75.16800	2636.80000
75.18100	2620.10000
75.19400	2733.90000
75.20700	2607.50000
75.22000	2621.50000
75.23300	2625.80000
75.24600	2727.80000
75.25900	2654.00000
75.27200	2717.00000
75.28500	2687.00000
75.29800	2712.20000
75.31100	2712.30000
75.32400	2638.90000
75.33700	2844.20000
75.35000	2741.40000
75.36300	2705.60000
75.37600	2658.70000
75.38900	2771.40000
75.40200	2846.40000
75.41500	2824.90000
75.42800	2991.80000
75.44100	2989.50000
75.45400	2909.30000
75.46700	3034.90000
75.48000	3061.90000
75.49300	3078.60000
75.50600	3121.90000
75.51900	3124.30000
75.53200	3211.10000
75.54500	3296.00000
75.55800	3218.30000
75.57100	3198.00000
75.58400	3247.60000
75.59700	3264.60000
75.61000	3331.30000
75.62300	3289.10000
75.63600	3236.00000
75.64900	3217.10000
75.66200	3187.60000
75.67500	3263.80000
75.68800	3254.20000
75.70100	3235.10000
75.71400	3222.90000
75.72700	3179.90000
75.74000	3144.20000
75.75300	3115.80000
75.76600	3125.10000
75.77900	3086.00000
75.79200	3082.30000
75.80500	3162.50000
75.81800	3132.60000
75.83100	3044.80000
75.84400	3072.40000
75.85700	3052.80000
75.87000	2932.90000
75.88300	2915.10000
75.89600	2957.80000
75.90900	2938.90000
75.92200	2895.90000
75.93500	2904.00000
75.94800	2923.50000
75.96100	2893.50000
75.97400	2853.50000
75.98700	2909.60000
76.00000	2990.60000
76.01300	2908.10000
76.02600	2887.10000
76.03900	2905.90000
76.05200	2888.40000
76.06500	2907.10000
76.07800	2938.20000
76.09100	2940.50000
76.10400	2897.00000
76.11700	2950.10000
76.13000	2980.70000
76.14300	3009.40000
76.15600	2958.60000
76.16900	3043.70000
76.18200	2990.60000
76.19500	2976.10000
76.20800	3061.10000
76.22100	2959.60000
76.23400	3031.00000
76.24700	2937.20000
76.26000	2939.80000
76.27300	2931.00000
76.28600	2841.30000
76.29900	2820.90000
76.31200	2846.10000
76.32500	2823.00000
76.33800	2789.40000
76.35100	2799.60000
76.36400	2865.20000
76.37700	2879.10000
76.39000	2810.50000
76.40300	2850.40000
76.41600	2825.80000
76.42900	2775.20000
76.44200	2822.00000
76.45500	2895.10000
76.46800	2793.10000
76.48100	2741.40000
76.49400	2671.10000
76.50700	2693.70000
76.52000	2745.90000
76.53300	2692.80000
76.54600	2764.80000
76.55900	2794.60000
76.57200	2876.70000
76.58500	2686.00000
76.59800	2705.90000
76.61100	2755.40000
76.62400	2735.70000
76.63700	2782.80000
76.65000	2734.50000
76.66300	2827.00000
76.67600	2795.60000
76.68900	2814.30000
76.70200	2829.90000
76.71500	2855.20000
76.72800	2892.80000
76.74100	2965.60000
76.75400	2994.60000
76.76700	3055.70000
76.78000	3174.80000
76.79300	3207.90000
76.80600	3133.00000
76.81900	3184.00000
76.83200	3268.20000
76.84500	3451.90000
76.85800	3518.50000
76.87100	3636.10000
76.88400	3708.90000
76.89700	3727.60000
76.91000	3822.90000
76.92300	3921.70000
76.93600	3928.50000
76.94900	3920.00000
76.96200	3886.40000
76.97500	3932.00000
76.98800	3958.20000
77.00100	4024.40000
77.01400	4031.90000
77.02700	4023.20000
77.04000	3906.50000
77.05300	3888.90000
77.06600	3919.70000
77.07900	3882.90000
77.09200	3833.80000
77.10500	3820.50000
77.11800	3776.00000
77.13100	3750.70000
77.14400	3671.00000
77.15700	3616.20000
77.17000	3632.30000
77.18300	3573.20000
77.19600	3594.90000
77.20900	3597.10000
77.22200	3469.40000
77.23500	3378.20000
77.24800	3355.90000
77.26100	3332.80000
77.27400	3336.20000
77.28700	3300.80000
77.30000	3227.90000
77.31300	3155.30000
77.32600	3074.30000
77.33900	3098.30000
77.35200	3016.90000
77.36500	2979.00000
77.37800	3067.80000
77.39100	3045.10000
77.40400	3035.80000
77.41700	2973.40000
77.43000	2969.20000
77.44300	2947.60000
77.45600	2948.10000
77.46900	2865.30000
77.48200	2969.90000
77.49500	2972.70000
77.50800	2880.60000
77.52100	2987.90000
77.53400	2986.20000
77.54700	2963.90000
77.56000	3161.40000
77.57300	3021.20000
77.58600	2979.90000
77.59900	3028.40000
77.61200	3144.10000
77.62500	3096.30000
77.63800	3229.20000
77.65100	3167.10000
77.66400	3212.80000
77.67700	3213.10000
77.69000	3320.80000
77.70300	3449.70000
77.71600	3486.50000
77.72900	3534.30000
77.74200	3508.90000
77.75500	3571.90000
77.76800	3624.00000
77.78100	3697.60000
77.79400	3736.10000
77.80700	3748.00000
77.82000	3732.20000
77.83300	3861.90000
77.84600	3753.90000
77.85900	3695.50000
77.87200	3753.60000
77.88500	3711.10000
77.89800	3616.20000
77.91100	3646.60000
77.92400	3592.00000
77.93700	3507.10000
77.95000	3505.10000
77.96300	3563.00000
77.97600	3472.10000
77.98900	3414.10000
78.00200	3410.40000
78.01500	3350.70000
78.02800	3391.10000
78.04100	3339.00000
78.05400	3400.90000
78.06700	3351.20000
78.08000	3256.80000
78.09300	3265.60000
78.10600	3174.20000
78.11900	3204.60000
78.13200	3146.20000
78.14500	3143.60000
78.15800	3085.00000
78.17100	3063.60000
78.18400	3026.70000
78.19700	2944.60000
78.21000	2934.60000
78.22300	2966.80000
78.23600	2952.60000
78.24900	2968.30000
78.26200	2923.90000
78.27500	2895.80000
78.28800	2911.80000
78.30100	2948.50000
78.31400	2936.10000
78.32700	2903.20000
78.34000	2821.50000
78.35300	2930.90000
78.36600	3032.20000
78.37900	2961.70000
78.39200	3005.20000
78.40500	3042.80000
78.41800	3012.00000
78.43100	3038.50000
78.44400	3017.60000
78.45700	3027.00000
78.47000	3144.70000
78.48300	3236.50000
78.49600	3260.60000
78.50900	3246.50000
78.52200	3270.40000
78.53500	3311.20000
78.54800	3292.10000
78.56100	3295.60000
78.57400	3267.30000
78.58700	3170.00000
78.60000	3156.90000
78.61300	3248.70000
78.62600	3318.00000
78.63900	3244.80000
78.65200	3241.10000
78.66500	3177.50000
78.67800	3121.60000
78.69100	3060.60000
78.70400	3106.50000
78.71700	3121.60000
78.73000	3126.80000
78.74300	3142.20000
78.75600	3153.10000
78.76900	3123.20000
78.78200	3056.10000
78.79500	2998.90000
78.80800	3002.90000
78.82100	2996.00000
78.83400	2975.20000
78.84700	2898.40000
78.86000	2901.20000
78.87300	2904.40000
78.88600	2877.70000
78.89900	2801.80000
78.91200	2893.30000
78.92500	2919.90000
78.93800	2904.20000
78.95100	2907.60000
78.96400	2783.80000
78.97700	2793.80000
78.99000	2883.20000
79.00300	2768.00000
79.01600	2866.70000
79.02900	2864.80000
79.04200	2886.10000
79.05500	2805.30000
79.06800	2914.00000
79.08100	2714.90000
79.09400	2791.50000
79.10700	2829.90000
79.12000	2798.20000
79.13300	2956.50000
79.14600	2841.10000
79.15900	2939.30000
79.17200	2920.10000
79.18500	2851.90000
79.19800	2819.00000
79.21100	2831.80000
79.22400	2810.10000
79.23700	2849.60000
79.25000	2928.30000
79.26300	2931.70000
79.27600	2915.20000
79.28900	2983.10000
79.30200	3054.70000
79.31500	3052.30000
79.32800	3014.10000
79.34100	3056.50000
79.35400	3207.30000
79.36700	3205.20000
79.38000	3252.70000
79.39300	3215.10000
79.40600	3257.60000
79.41900	3360.50000
79.43200	3458.80000
79.44500	3460.40000
79.45800	3475.80000
79.47100	3538.50000
79.48400	3587.70000
79.49700	3553.10000
79.51000	3646.10000
79.52300	3695.00000
79.53600	3690.30000
79.54900	3660.00000
79.56200	3606.60000
79.57500	3652.60000
79.58800	3655.90000
79.60100	3691.50000
79.61400	3687.00000
79.62700	3644.00000
79.64000	3623.80000
79.65300	3680.10000
79.66600	3617.90000
79.67900	3629.00000
79.69200	3633.60000
79.70500	3667.80000
79.71800	3712.80000
79.73100	3720.00000
79.74400	3707.70000
79.75700	3714.60000
79.77000	3680.80000
79.78300	3672.90000
79.79600	3734.90000
79.80900	3748.00000
79.82200	3754.70000
79.83500	3695.30000
79.84800	3669.60000
79.86100	3711.40000
79.87400	3674.20000
79.88700	3590.70000
79.90000	3609.90000
79.91300	3627.30000
79.92600	3596.10000
79.93900	3626.60000
79.95200	3596.70000
79.96500	3495.50000
79.97800	3590.20000
79.99100	3556.30000
80.00400	3508.30000
80.01700	3532.50000
80.03000	3551.70000
80.04300	3426.60000
80.05600	3489.00000
80.06900	3516.50000
80.08200	3482.60000
80.09500	3438.00000
80.10800	3499.80000
80.12100	3432.20000
80.13400	3354.80000
80.14700	3370.70000
80.16000	3318.60000
80.17300	3317.40000
80.18600	3231.60000
80.19900	3283.80000
80.21200	3207.00000
80.22500	3169.80000
80.23800	3216.10000
80.25100	3323.30000
80.26400	3247.60000
80.27700	3158.70000
80.29000	3116.20000
80.30300	3181.20000
80.31600	3096.80000
80.32900	3038.40000
80.34200	3184.20000
80.35500	3140.50000
80.36800	3114.20000
80.38100	3162.90000
80.39400	3130.00000
80.40700	3217.00000
80.42000	3131.10000
80.43300	3209.40000
80.44600	3115.70000
80.45900	3134.40000
80.47200	3168.70000
80.48500	3233.80000
80.49800	3198.40000
80.51100	3273.40000
80.52400	3158.20000
80.53700	3239.30000
80.55000	3188.40000
80.56300	3277.50000
80.57600	3232.50000
80.58900	3258.20000
80.60200	3294.10000
80.61500	3266.60000
80.62800	3233.20000
80.64100	3200.50000
80.65400	3106.90000
80.66700	3238.50000
80.68000	3166.90000
80.69300	3049.00000
80.70600	3094.00000
80.71900	3139.30000
80.73200	3117.20000
80.74500	3130.60000
80.75800	3095.60000
80.77100	3049.40000
80.78400	3149.50000
80.79700	3054.20000
80.81000	3032.10000
80.82300	3048.10000
80.83600	3018.90000
80.84900	2933.50000
80.86200	2909.60000
80.87500	2878.30000
80.88800	2895.10000
80.90100	2845.20000
80.91400	2801.30000
80.92700	2816.80000
80.94000	2819.50000
80.95300	2684.30000
80.96600	2679.70000
80.97900	2670.60000
80.99200	2681.00000
81.00500	2663.60000
81.01800	2664.90000
81.03100	2617.40000
81.04400	2628.90000
81.05700	2695.50000
81.07000	2651.70000
81.08300	2612.60000
81.09600	2618.00000
81.10900	2623.60000
81.12200	2600.70000
81.13500	2625.00000
81.14800	2652.80000
81.16100	2623.50000
81.17400	2625.30000
81.18700	2617.30000
81.20000	2596.10000
81.21300	2620.00000
81.22600	2655.00000
81.23900	2742.60000
81.25200	2745.20000
81.26500	2731.00000
81.27800	2775.50000
81.29100	2715.10000
81.30400	2767.10000
81.31700	2832.30000
81.33000	2842.20000
81.34300	2862.60000
81.35600	2960.70000
81.36900	3012.00000
81.38200	2994.50000
81.39500	2914.90000
81.40800	2959.70000
81.42100	3070.30000
81.43400	3102.00000
81.44700	3106.60000
81.46000	3060.10000
81.47300	3058.90000
81.48600	3084.70000
81.49900	3098.40000
81.51200	3121.60000
81.52500	3095.40000
81.53800	3116.30000
81.55100	3084.30000
81.56400	3152.90000
81.57700	3099.20000
81.59000	3105.70000
81.60300	3092.90000
81.61600	3152.20000
81.62900	3205.90000
81.64200	3215.90000
81.65500	3217.50000
81.66800	3251.70000
81.68100	3131.60000
81.69400	3143.60000
81.70700	3098.10000
81.72000	3200.70000
81.73300	3063.00000
81.74600	3076.90000
81.75900	3146.60000
81.77200	3049.10000
81.78500	3183.30000
81.79800	3027.50000
81.81100	3143.10000
81.82400	3085.90000
81.83700	3171.20000
81.85000	3082.50000
81.86300	3187.40000
81.87600	3155.50000
81.88900	3296.20000
81.90200	3181.90000
81.91500	3158.60000
81.92800	3287.30000
81.94100	3363.00000
81.95400	3352.20000
81.96700	3271.60000
81.98000	3393.70000
81.99300	3401.20000
82.00600	3353.10000
82.01900	3476.40000
82.03200	3534.10000
82.04500	3477.60000
82.05800	3470.80000
82.07100	3374.90000
82.08400	3400.00000
82.09700	3417.70000
82.11000	3462.30000
82.12300	3473.30000
82.13600	3473.50000
82.14900	3430.70000
82.16200	3368.30000
82.17500	3410.30000
82.18800	3399.60000
82.20100	3498.40000
82.21400	3462.90000
82.22700	3420.40000
82.24000	3467.20000
82.25300	3482.80000
82.26600	3561.00000
82.27900	3615.70000
82.29200	3554.40000
82.30500	3587.10000
82.31800	3554.10000
82.33100	3563.80000
82.34400	3593.90000
82.35700	3621.30000
82.37000	3690.30000
82.38300	3680.90000
82.39600	3652.10000
82.40900	3674.00000
82.42200	3667.70000
82.43500	3662.00000
82.44800	3642.40000
82.46100	3545.10000
82.47400	3490.80000
82.48700	3435.80000
82.50000	3408.90000
82.51300	3410.90000
82.52600	3412.50000
82.53900	3396.70000
82.55200	3313.50000
82.56500	3231.20000
82.57800	3286.10000
82.59100	3221.40000
82.60400	3113.60000
82.61700	3113.30000
82.63000	3171.30000
82.64300	3137.70000
82.65600	3139.80000
82.66900	3094.00000
82.68200	3136.70000
82.69500	3121.80000
82.70800	3163.60000
82.72100	3033.10000
82.73400	3006.40000
82.74700	2973.70000
82.76000	3013.20000
82.77300	2964.50000
82.78600	2926.60000
82.79900	2928.60000
82.81200	2935.60000
82.82500	2827.60000
82.83800	2880.40000
82.85100	2750.90000
82.86400	2796.60000
82.87700	2759.80000
82.89000	2786.20000
82.90300	2786.20000
82.91600	2772.10000
82.92900	2772.90000
82.94200	2684.10000
82.95500	2771.70000
82.96800	2794.60000
82.98100	2547.80000
82.99400	2705.70000
83.00700	2696.50000
83.02000	2606.80000
83.03300	2597.90000
83.04600	2583.00000
83.05900	2516.80000
83.07200	2668.50000
83.08500	2547.20000
83.09800	2544.90000
83.11100	2503.30000
83.12400	2571.40000
83.13700	2550.90000
83.15000	2509.50000
83.16300	2488.70000
83.17600	2482.50000
83.18900	2534.40000
83.20200	2435.60000
83.21500	2433.20000
83.22800	2400.70000
83.24100	2468.00000
83.25400	2431.50000
83.26700	2379.70000
83.28000	2339.90000
83.29300	2340.30000
83.30600	2347.60000
83.31900	2326.10000
83.33200	2409.60000
83.34500	2348.80000
83.35800	2314.60000
83.37100	2316.50000
83.38400	2313.60000
83.39700	2293.80000
83.41000	2267.60000
83.42300	2283.40000
83.43600	2282.50000
83.44900	2340.80000
83.46200	2335.00000
83.47500	2276.80000
83.48800	2291.00000
83.50100	2279.10000
83.51400	2239.90000
83.52700	2281.20000
83.54000	2302.50000
83.55300	2240.40000
83.56600	2257.30000
83.57900	2286.70000
83.59200	2330.60000
83.60500	2317.00000
83.61800	2296.70000
83.63100	2349.20000
83.64400	2291.60000
83.65700	2306.90000
83.67000	2371.30000
83.68300	2361.10000
83.69600	2378.00000
83.70900	2346.30000
83.72200	2337.60000
83.73500	2333.10000
83.74800	2330.20000
83.76100	2382.60000
83.77400	2408.80000
83.78700	2446.60000
83.80000	2471.90000
83.81300	2501.60000
83.82600	2513.90000
83.83900	2489.80000
83.85200	2439.40000
83.86500	2461.20000
83.87800	2466.80000
83.89100	2498.40000
83.90400	2516.10000
83.91700	2520.00000
83.93000	2518.80000
83.94300	2516.70000
83.95600	2488.00000
83.96900	2504.60000
83.98200	2508.30000
83.99500	2515.90000
84.00800	2513.60000
84.02100	2516.60000
84.03400	2557.80000
84.04700	2479.60000
84.06000	2492.20000
84.07300	2436.20000
84.08600	2490.40000
84.09900	2547.90000
84.11200	2454.00000
84.12500	2450.90000
84.13800	2480.30000
84.15100	2481.80000
84.16400	2453.60000
84.17700	2459.40000
84.19000	2467.90000
84.20300	2419.40000
84.21600	2429.00000
84.22900	2426.40000
84.24200	2483.90000
84.25500	2437.70000
84.26800	2408.90000
84.28100	2404.80000
84.29400	2361.60000
84.30700	2252.50000
84.32000	2375.90000
84.33300	2371.00000
84.34600	2372.10000
84.35900	2385.90000
84.37200	2462.90000
84.38500	2319.60000
84.39800	2401.00000
84.41100	2371.50000
84.42400	2464.60000
84.43700	2403.60000
84.45000	2375.90000
84.46300	2386.80000
84.47600	2427.90000
84.48900	2408.70000
84.50200	2392.70000
84.51500	2383.10000
84.52800	2457.40000
84.54100	2470.70000
84.55400	2496.40000
84.56700	2562.90000
84.58000	2492.30000
84.59300	2523.20000
84.60600	2610.70000
84.61900	2542.90000
84.63200	2621.00000
84.64500	2634.80000
84.65800	2759.10000
84.67100	2608.70000
84.68400	2639.20000
84.69700	2680.30000
84.71000	2604.00000
84.72300	2630.70000
84.73600	2609.10000
84.74900	2614.00000
84.76200	2617.80000
84.77500	2669.20000
84.78800	2683.60000
84.80100	2629.30000
84.81400	2582.60000
84.82700	2629.10000
84.84000	2606.10000
84.85300	2613.80000
84.86600	2612.80000
84.87900	2541.50000
84.89200	2475.00000
84.90500	2517.10000
84.91800	2564.70000
84.93100	2555.90000
84.94400	2555.70000
84.95700	2522.70000
84.97000	2544.00000
84.98300	2556.70000
84.99600	2491.40000
85.00900	2483.00000
85.02200	2518.70000
85.03500	2520.50000
85.04800	2443.10000
85.06100	2449.60000
85.07400	2488.00000
85.08700	2466.00000
85.10000	2485.00000
85.11300	2444.80000
85.12600	2439.40000
85.13900	2441.60000
85.15200	2457.60000
85.16500	2431.70000
85.17800	2450.70000
85.19100	2454.40000
85.20400	2448.20000
85.21700	2440.40000
85.23000	2510.00000
85.24300	2491.90000
85.25600	2488.90000
85.26900	2606.40000
85.28200	2607.70000
85.29500	2535.60000
85.30800	2531.80000
85.32100	2605.50000
85.33400	2634.50000
85.34700	2644.90000
85.36000	2734.80000
85.37300	2714.40000
85.38600	2693.50000
85.39900	2739.30000
85.41200	2867.70000
85.42500	2816.50000
85.43800	2874.80000
85.45100	2869.30000
85.46400	2901.90000
85.47700	2926.70000
85.49000	2911.40000
85.50300	2908.10000
85.51600	2959.40000
85.52900	2949.20000
85.54200	2840.80000
85.55500	2965.30000
85.56800	2953.90000
85.58100	2902.70000
85.59400	2905.80000
85.60700	2779.30000
85.62000	2827.90000
85.63300	2735.40000
85.64600	2666.90000
85.65900	2661.10000
85.67200	2680.90000
85.68500	2662.30000
85.69800	2666.90000
85.71100	2619.80000
85.72400	2654.20000
85.73700	2560.70000
85.75000	2568.10000
85.76300	2629.00000
85.77600	2549.00000
85.78900	2486.80000
85.80200	2479.20000
85.81500	2487.80000
85.82800	2546.70000
85.84100	2519.60000
85.85400	2405.50000
85.86700	2376.90000
85.88000	2437.60000
85.89300	2398.10000
85.90600	2400.00000
85.91900	2495.50000
85.93200	2397.20000
85.94500	2425.70000
85.95800	2460.60000
85.97100	2371.10000
85.98400	2434.90000
85.99700	2363.70000
86.01000	2318.00000
86.02300	2287.20000
86.03600	2343.50000
86.04900	2377.10000
86.06200	2380.70000
86.07500	2372.80000
86.08800	2387.20000
86.10100	2391.30000
86.11400	2457.20000
86.12700	2439.40000
86.14000	2496.50000
86.15300	2495.30000
86.16600	2437.30000
86.17900	2400.60000
86.19200	2429.10000
86.20500	2491.00000
86.21800	2447.00000
86.23100	2364.70000
86.24400	2400.70000
86.25700	2505.90000
86.27000	2505.20000
86.28300	2475.10000
86.29600	2467.90000
86.30900	2517.90000
86.32200	2525.80000
86.33500	2410.50000
86.34800	2408.20000
86.36100	2454.30000
86.37400	2468.20000
86.38700	2528.80000
86.40000	2526.20000
86.41300	2512.70000
86.42600	2506.00000
86.43900	2449.00000
86.45200	2435.00000
86.46500	2410.10000
86.47800	2405.30000
86.49100	2484.40000
86.50400	2471.00000
86.51700	2449.00000
86.53000	2518.40000
86.54300	2489.00000
86.55600	2542.50000
86.56900	2659.40000
86.58200	2656.70000
86.59500	2580.80000
86.60800	2636.50000
86.62100	2711.50000
86.63400	2745.30000
86.64700	2805.00000
86.66000	2824.40000
86.67300	2755.10000
86.68600	2744.30000
86.69900	2790.30000
86.71200	2812.80000
86.72500	2864.00000
86.73800	2831.70000
86.75100	2778.10000
86.76400	2836.40000
86.77700	2729.00000
86.79000	2737.10000
86.80300	2755.30000
86.81600	2784.90000
86.82900	2738.30000
86.84200	2724.20000
86.85500	2715.70000
86.86800	2709.90000
86.88100	2776.40000
86.89400	2622.60000
86.90700	2809.90000
86.92000	2659.70000
86.93300	2700.20000
86.94600	2705.80000
86.95900	2698.10000
86.97200	2792.80000
86.98500	2639.40000
86.99800	2797.90000
87.01100	2617.40000
87.02400	2774.50000
87.03700	2826.70000
87.05000	2827.10000
87.06300	2868.90000
87.07600	2872.90000
87.08900	2772.70000
87.10200	2887.40000
87.11500	2798.40000
87.12800	2875.10000
87.14100	2788.50000
87.15400	2819.70000
87.16700	2923.30000
87.18000	2919.80000
87.19300	2832.80000
87.20600	2975.50000
87.21900	2836.90000
87.23200	2886.10000
87.24500	2811.30000
87.25800	2772.70000
87.27100	2910.40000
87.28400	2907.00000
87.29700	2938.20000
87.31000	2861.60000
87.32300	2896.70000
87.33600	2850.10000
87.34900	2878.60000
87.36200	2882.00000
87.37500	2923.90000
87.38800	2894.70000
87.40100	3001.70000
87.41400	3017.20000
87.42700	3070.10000
87.44000	3124.50000
87.45300	3036.30000
87.46600	3078.30000
87.47900	3116.10000
87.49200	3083.10000
87.50500	3084.90000
87.51800	3067.50000
87.53100	3037.70000
87.54400	3045.80000
87.55700	3069.60000
87.57000	3060.50000
87.58300	2943.40000
87.59600	2927.90000
87.60900	3018.20000
87.62200	2995.10000
87.63500	2958.90000
87.64800	2937.00000
87.66100	2905.00000
87.67400	2808.30000
87.68700	2746.50000
87.70000	2800.80000
87.71300	2820.00000
87.72600	2854.10000
87.73900	2780.70000
87.75200	2702.90000
87.76500	2755.80000
87.77800	2731.30000
87.79100	2671.20000
87.80400	2672.50000
87.81700	2632.00000
87.83000	2638.50000
87.84300	2595.50000
87.85600	2620.20000
87.86900	2593.60000
87.88200	2537.90000
87.89500	2473.10000
87.90800	2475.50000
87.92100	2419.50000
87.93400	2403.70000
87.94700	2391.40000
87.96000	2400.90000
87.97300	2311.50000
87.98600	2323.20000
87.99900	2362.80000
88.01200	2340.70000
88.02500	2334.50000
88.03800	2364.60000
88.05100	2367.60000
88.06400	2321.20000
88.07700	2373.50000
88.09000	2338.00000
88.10300	2260.40000
88.11600	2372.90000
88.12900	2270.60000
88.14200	2272.40000
88.15500	2251.10000
88.16800	2254.50000
88.18100	2284.50000
88.19400	2327.00000
88.20700	2197.20000
88.22000	2300.40000
88.23300	2365.50000
88.24600	2328.30000
88.25900	2337.30000
88.27200	2300.00000
88.28500	2300.00000
88.29800	2284.20000
88.31100	2352.50000
88.32400	2305.50000
88.33700	2293.40000
88.35000	2326.20000
88.36300	2377.80000
88.37600	2277.80000
88.38900	2343.60000
88.40200	2269.00000
88.41500	2311.40000
88.42800	2340.10000
88.44100	2346.50000
88.45400	2247.80000
88.46700	2308.70000
88.48000	2376.30000
88.49300	2374.20000
88.50600	2401.10000
88.51900	2265.90000
88.53200	2303.90000
88.54500	2288.00000
88.55800	2279.20000
88.57100	2289.10000
88.58400	2305.90000
88.59700	2293.30000
88.61000	2285.70000
88.62300	2277.60000
88.63600	2280.80000
88.64900	2359.40000
88.66200	2313.60000
88.67500	2287.90000
88.68800	2221.60000
88.70100	2259.10000
88.71400	2289.70000
88.72700	2236.10000
88.74000	2250.70000
88.75300	2295.50000
88.76600	2283.40000
88.77900	2242.90000
88.79200	2271.70000
88.80500	2289.20000
88.81800	2267.80000
88.83100	2308.60000
88.84400	2305.50000
88.85700	2238.30000
88.87000	2243.20000
88.88300	2267.20000
88.89600	2210.70000
88.90900	2178.10000
88.92200	2237.10000
88.93500	2201.10000
88.94800	2181.60000
88.96100	2185.50000
88.97400	2155.70000
88.98700	2210.90000
89.00000	2243.50000
89.01300	2242.60000
89.02600	2217.90000
89.03900	2181.40000
89.05200	2174.00000
89.06500	2186.80000
89.07800	2178.20000
89.09100	2219.20000
89.10400	2207.20000
89.11700	2193.70000
89.13000	2179.00000
89.14300	2140.10000
89.15600	2122.90000
89.16900	2071.80000
89.18200	2085.20000
89.19500	2128.00000
89.20800	2125.60000
89.22100	2160.50000
89.23400	2132.80000
89.24700	2151.20000
89.26000	2133.20000
89.27300	2139.60000
89.28600	2161.00000
89.29900	2028.90000
89.31200	2061.50000
89.32500	2120.50000
89.33800	2133.10000
89.35100	2143.40000
89.36400	2139.70000
89.37700	2180.10000
89.39000	2187.90000
89.40300	2115.70000
89.41600	2107.20000
89.42900	2102.50000
89.44200	2108.90000
89.45500	2137.90000
89.46800	2189.00000
89.48100	2118.30000
89.49400	2066.60000
89.50700	2049.90000
89.52000	2067.30000
89.53300	2138.90000
89.54600	2119.70000
89.55900	2188.70000
89.57200	2105.30000
89.58500	2062.70000
89.59800	2162.70000
89.61100	2012.00000
89.62400	2071.50000
89.63700	2045.00000
89.65000	2068.90000
89.66300	2034.00000
89.67600	2155.70000
89.68900	2111.10000
89.70200	2132.70000
89.71500	2135.00000
89.72800	2159.20000
89.74100	2066.10000
89.75400	2123.30000
89.76700	2159.00000
89.78000	2099.50000
89.79300	2158.50000
89.80600	2174.40000
89.81900	2194.90000
89.83200	2227.60000
89.84500	2208.10000
89.85800	2275.40000
89.87100	2276.70000
89.88400	2247.90000
89.89700	2247.10000
89.91000	2230.00000
89.92300	2236.70000
89.93600	2175.30000
89.94900	2200.10000
89.96200	2210.10000
89.97500	2212.00000
89.98800	2246.20000
