5.00000	2249.00000
5.02000	2192.00000
5.04000	2194.00000
5.06000	2224.00000
5.08000	2208.00000
5.10000	2143.00000
5.12000	2219.00000
5.14000	2264.00000
5.16000	2194.00000
5.18000	2235.00000
5.20000	2261.00000
5.22000	2205.00000
5.24000	2141.00000
5.26000	2148.00000
5.28000	2203.00000
5.30000	2222.00000
5.32000	2272.00000
5.34000	2175.00000
5.36000	2212.00000
5.38000	2237.00000
5.40000	2214.00000
5.42000	2272.00000
5.44000	2259.00000
5.46000	2169.00000
5.48000	2223.00000
5.50000	2211.00000
5.52000	2228.00000
5.54000	2209.00000
5.56000	2153.00000
5.58000	2093.00000
5.60000	2151.00000
5.62000	2176.00000
5.64000	2238.00000
5.66000	2200.00000
5.68000	2214.00000
5.70000	2138.00000
5.72000	2150.00000
5.74000	2271.00000
5.76000	2186.00000
5.78000	2181.00000
5.80000	2174.00000
5.82000	2179.00000
5.84000	2227.00000
5.86000	2242.00000
5.88000	2182.00000
5.90000	2165.00000
5.92000	2122.00000
5.94000	2136.00000
5.96000	2163.00000
5.98000	2187.00000
6.00000	2249.00000
6.02000	2185.00000
6.04000	2129.00000
6.06000	2094.00000
6.08000	2154.00000
6.10000	2130.00000
6.12000	2113.00000
6.14000	2097.00000
6.16000	2127.00000
6.18000	2095.00000
6.20000	2171.00000
6.22000	2175.00000
6.24000	2090.00000
6.26000	2167.00000
6.28000	2179.00000
6.30000	2153.00000
6.32000	2161.00000
6.34000	2114.00000
6.36000	2025.00000
6.38000	2145.00000
6.40000	2126.00000
6.42000	2032.00000
6.44000	2132.00000
6.46000	2111.00000
6.48000	2071.00000
6.50000	2161.00000
6.52000	2070.00000
6.54000	2101.00000
6.56000	2128.00000
6.58000	2122.00000
6.60000	2121.00000
6.62000	2168.00000
6.64000	2151.00000
6.66000	2140.00000
6.68000	2118.00000
6.70000	2177.00000
6.72000	2166.00000
6.74000	2165.00000
6.76000	2134.00000
6.78000	2050.00000
6.80000	2077.00000
6.82000	2125.00000
6.84000	2083.00000
6.86000	2186.00000
6.88000	2094.00000
6.90000	2125.00000
6.92000	2086.00000
6.94000	2133.00000
6.96000	2049.00000
6.98000	2006.00000
7.00000	2101.00000
7.02000	2116.00000
7.04000	2083.00000
7.06000	2007.00000
7.08000	1998.00000
7.10000	2046.00000
7.12000	2143.00000
7.14000	2040.00000
7.16000	2028.00000
7.18000	2133.00000
7.20000	2050.00000
7.22000	2161.00000
7.24000	2097.00000
7.26000	1981.00000
7.28000	2140.00000
7.30000	2059.00000
7.32000	2031.00000
7.34000	2078.00000
7.36000	2020.00000
7.38000	1970.00000
7.40000	2084.00000
7.42000	2105.00000
7.44000	2044.00000
7.46000	2028.00000
7.48000	1991.00000
7.50000	2045.00000
7.52000	1968.00000
7.54000	2021.00000
7.56000	1936.00000
7.58000	2000.00000
7.60000	2003.00000
7.62000	2046.00000
7.64000	2074.00000
7.66000	2005.00000
7.68000	2019.00000
7.70000	1969.00000
7.72000	2018.00000
7.74000	1980.00000
7.76000	2048.00000
7.78000	1977.00000
7.80000	1980.00000
7.82000	1980.00000
7.84000	1989.00000
7.86000	1993.00000
7.88000	1992.00000
7.90000	2002.00000
7.92000	2009.00000
7.94000	1934.00000
7.96000	2066.00000
7.98000	1950.00000
8.00000	2044.00000
8.02000	1982.00000
8.04000	1910.00000
8.06000	1895.00000
8.08000	1928.00000
8.10000	2020.00000
8.12000	1969.00000
8.14000	1989.00000
8.16000	1966.00000
8.18000	1949.00000
8.20000	2038.00000
8.22000	2009.00000
8.24000	1943.00000
8.26000	1988.00000
8.28000	1933.00000
8.30000	1923.00000
8.32000	1944.00000
8.34000	1954.00000
8.36000	1981.00000
8.38000	2013.00000
8.40000	1931.00000
8.42000	1983.00000
8.44000	1957.00000
8.46000	1963.00000
8.48000	2067.00000
8.50000	1902.00000
8.52000	1906.00000
8.54000	1950.00000
8.56000	1873.00000
8.58000	1956.00000
8.60000	2006.00000
8.62000	1947.00000
8.64000	1986.00000
8.66000	1929.00000
8.68000	1957.00000
8.70000	1951.00000
8.72000	1928.00000
8.74000	1895.00000
8.76000	1914.00000
8.78000	1977.00000
8.80000	1963.00000
8.82000	1966.00000
8.84000	1979.00000
8.86000	1865.00000
8.88000	1917.00000
8.90000	1948.00000
8.92000	1972.00000
8.94000	1904.00000
8.96000	1868.00000
8.98000	1887.00000
9.00000	1869.00000
9.02000	1891.00000
9.04000	1970.00000
9.06000	1941.00000
9.08000	1907.00000
9.10000	1935.00000
9.12000	1838.00000
9.14000	1949.00000
9.16000	1935.00000
9.18000	1994.00000
9.20000	1950.00000
9.22000	1966.00000
9.24000	1896.00000
9.26000	1911.00000
9.28000	1938.00000
9.30000	1895.00000
9.32000	1926.00000
9.34000	1903.00000
9.36000	1871.00000
9.38000	1918.00000
9.40000	1920.00000
9.42000	1958.00000
9.44000	1824.00000
9.46000	1961.00000
9.48000	1847.00000
9.50000	1918.00000
9.52000	1928.00000
9.54000	1860.00000
9.56000	1918.00000
9.58000	1881.00000
9.60000	1873.00000
9.62000	1918.00000
9.64000	1932.00000
9.66000	1864.00000
9.68000	1916.00000
9.70000	1879.00000
9.72000	1905.00000
9.74000	1936.00000
9.76000	1881.00000
9.78000	1917.00000
9.80000	1891.00000
9.82000	1820.00000
9.84000	1899.00000
9.86000	1844.00000
9.88000	1925.00000
9.90000	1933.00000
9.92000	1862.00000
9.94000	1844.00000
9.96000	1918.00000
9.98000	1845.00000
10.00000	1919.00000
10.02000	1904.00000
10.04000	1856.00000
10.06000	1843.00000
10.08000	1818.00000
10.10000	1864.00000
10.12000	1923.00000
10.14000	1910.00000
10.16000	1877.00000
10.18000	1862.00000
10.20000	1882.00000
10.22000	1821.00000
10.24000	1979.00000
10.26000	1908.00000
10.28000	1849.00000
10.30000	1786.00000
10.32000	1866.00000
10.34000	1835.00000
10.36000	1842.00000
10.38000	1930.00000
10.40000	1942.00000
10.42000	1926.00000
10.44000	1827.00000
10.46000	1895.00000
10.48000	1901.00000
10.50000	1894.00000
10.52000	1913.00000
10.54000	1907.00000
10.56000	1884.00000
10.58000	1855.00000
10.60000	1860.00000
10.62000	1900.00000
10.64000	1875.00000
10.66000	1794.00000
10.68000	1885.00000
10.70000	1868.00000
10.72000	1899.00000
10.74000	1873.00000
10.76000	1840.00000
10.78000	1883.00000
10.80000	1856.00000
10.82000	1804.00000
10.84000	1894.00000
10.86000	1797.00000
10.88000	1894.00000
10.90000	1831.00000
10.92000	1889.00000
10.94000	1852.00000
10.96000	1746.00000
10.98000	1880.00000
11.00000	1880.00000
11.02000	1882.00000
11.04000	1837.00000
11.06000	1816.00000
11.08000	1824.00000
11.10000	1926.00000
11.12000	1876.00000
11.14000	1890.00000
11.16000	1843.00000
11.18000	1844.00000
11.20000	1761.00000
11.22000	1834.00000
11.24000	1815.00000
11.26000	1869.00000
11.28000	1748.00000
11.30000	1787.00000
11.32000	1777.00000
11.34000	1762.00000
11.36000	1829.00000
11.38000	1789.00000
11.40000	1807.00000
11.42000	1754.00000
11.44000	1760.00000
11.46000	1776.00000
11.48000	1828.00000
11.50000	1747.00000
11.52000	1805.00000
11.54000	1789.00000
11.56000	1752.00000
11.58000	1811.00000
11.60000	1817.00000
11.62000	1743.00000
11.64000	1827.00000
11.66000	1798.00000
11.68000	1780.00000
11.70000	1778.00000
11.72000	1724.00000
11.74000	1734.00000
11.76000	1690.00000
11.78000	1705.00000
11.80000	1752.00000
11.82000	1727.00000
11.84000	1802.00000
11.86000	1783.00000
11.88000	1735.00000
11.90000	1700.00000
11.92000	1784.00000
11.94000	1775.00000
11.96000	1796.00000
11.98000	1718.00000
12.00000	1773.00000
12.02000	1741.00000
12.04000	1748.00000
12.06000	1802.00000
12.08000	1773.00000
12.10000	1741.00000
12.12000	1658.00000
12.14000	1781.00000
12.16000	1800.00000
12.18000	1756.00000
12.20000	1785.00000
12.22000	1729.00000
12.24000	1743.00000
12.26000	1712.00000
12.28000	1697.00000
12.30000	1635.00000
12.32000	1742.00000
12.34000	1805.00000
12.36000	1753.00000
12.38000	1861.00000
12.40000	1835.00000
12.42000	1863.00000
12.44000	1877.00000
12.46000	1958.00000
12.48000	2058.00000
12.50000	2073.00000
12.52000	2352.00000
12.54000	2514.00000
12.56000	2732.00000
12.58000	3077.00000
12.60000	3419.00000
12.62000	4034.00000
12.64000	4747.00000
12.66000	5340.00000
12.68000	5680.00000
12.70000	5745.00000
12.72000	5320.00000
12.74000	4435.00000
12.76000	3466.00000
12.78000	2893.00000
12.80000	2497.00000
12.82000	2202.00000
12.84000	1928.00000
12.86000	1812.00000
12.88000	1782.00000
12.90000	1781.00000
12.92000	1762.00000
12.94000	1707.00000
12.96000	1714.00000
12.98000	1733.00000
13.00000	1690.00000
13.02000	1658.00000
13.04000	1668.00000
13.06000	1707.00000
13.08000	1663.00000
13.10000	1597.00000
13.12000	1725.00000
13.14000	1654.00000
13.16000	1610.00000
13.18000	1684.00000
13.20000	1613.00000
13.22000	1620.00000
13.24000	1661.00000
13.26000	1650.00000
13.28000	1579.00000
13.30000	1619.00000
13.32000	1624.00000
13.34000	1586.00000
13.36000	1622.00000
13.38000	1686.00000
13.40000	1563.00000
13.42000	1576.00000
13.44000	1570.00000
13.46000	1654.00000
13.48000	1610.00000
13.50000	1608.00000
13.52000	1597.00000
13.54000	1619.00000
13.56000	1580.00000
13.58000	1593.00000
13.60000	1580.00000
13.62000	1583.00000
13.64000	1650.00000
13.66000	1540.00000
13.68000	1609.00000
13.70000	1657.00000
13.72000	1576.00000
13.74000	1600.00000
13.76000	1596.00000
13.78000	1582.00000
13.80000	1601.00000
13.82000	1649.00000
13.84000	1627.00000
13.86000	1535.00000
13.88000	1637.00000
13.90000	1517.00000
13.92000	1509.00000
13.94000	1565.00000
13.96000	1635.00000
13.98000	1512.00000
14.00000	1577.00000
14.02000	1658.00000
14.04000	1555.00000
14.06000	1531.00000
14.08000	1525.00000
14.10000	1479.00000
14.12000	1565.00000
14.14000	1590.00000
14.16000	1523.00000
14.18000	1555.00000
14.20000	1587.00000
14.22000	1503.00000
14.24000	1568.00000
14.26000	1554.00000
14.28000	1531.00000
14.30000	1534.00000
14.32000	1527.00000
14.34000	1534.00000
14.36000	1499.00000
14.38000	1537.00000
14.40000	1487.00000
14.42000	1534.00000
14.44000	1576.00000
14.46000	1505.00000
14.48000	1459.00000
14.50000	1545.00000
14.52000	1524.00000
14.54000	1574.00000
14.56000	1461.00000
14.58000	1472.00000
14.60000	1538.00000
14.62000	1466.00000
14.64000	1522.00000
14.66000	1485.00000
14.68000	1494.00000
14.70000	1569.00000
14.72000	1539.00000
14.74000	1534.00000
14.76000	1553.00000
14.78000	1532.00000
14.80000	1598.00000
14.82000	1542.00000
14.84000	1612.00000
14.86000	1564.00000
14.88000	1584.00000
14.90000	1697.00000
14.92000	1663.00000
14.94000	1566.00000
14.96000	1626.00000
14.98000	1538.00000
15.00000	1547.00000
15.02000	1443.00000
15.04000	1476.00000
15.06000	1473.00000
15.08000	1470.00000
15.10000	1475.00000
15.12000	1504.00000
15.14000	1447.00000
15.16000	1527.00000
15.18000	1457.00000
15.20000	1514.00000
15.22000	1513.00000
15.24000	1434.00000
15.26000	1417.00000
15.28000	1471.00000
15.30000	1509.00000
15.32000	1412.00000
15.34000	1429.00000
15.36000	1486.00000
15.38000	1488.00000
15.40000	1481.00000
15.42000	1471.00000
15.44000	1432.00000
15.46000	1517.00000
15.48000	1480.00000
15.50000	1421.00000
15.52000	1405.00000
15.54000	1469.00000
15.56000	1498.00000
15.58000	1443.00000
15.60000	1326.00000
15.62000	1498.00000
15.64000	1427.00000
15.66000	1403.00000
15.68000	1510.00000
15.70000	1434.00000
15.72000	1453.00000
15.74000	1415.00000
15.76000	1452.00000
15.78000	1429.00000
15.80000	1467.00000
15.82000	1447.00000
15.84000	1422.00000
15.86000	1449.00000
15.88000	1420.00000
15.90000	1432.00000
15.92000	1400.00000
15.94000	1385.00000
15.96000	1443.00000
15.98000	1423.00000
16.00000	1394.00000
16.02000	1411.00000
16.04000	1402.00000
16.06000	1479.00000
16.08000	1453.00000
16.10000	1428.00000
16.12000	1460.00000
16.14000	1423.00000
16.16000	1383.00000
16.18000	1425.00000
16.20000	1475.00000
16.22000	1399.00000
16.24000	1409.00000
16.26000	1388.00000
16.28000	1481.00000
16.30000	1410.00000
16.32000	1441.00000
16.34000	1355.00000
16.36000	1374.00000
16.38000	1458.00000
16.40000	1439.00000
16.42000	1354.00000
16.44000	1408.00000
16.46000	1378.00000
16.48000	1389.00000
16.50000	1359.00000
16.52000	1445.00000
16.54000	1433.00000
16.56000	1397.00000
16.58000	1411.00000
16.60000	1387.00000
16.62000	1379.00000
16.64000	1441.00000
16.66000	1391.00000
16.68000	1442.00000
16.70000	1451.00000
16.72000	1368.00000
16.74000	1384.00000
16.76000	1411.00000
16.78000	1415.00000
16.80000	1385.00000
16.82000	1411.00000
16.84000	1393.00000
16.86000	1358.00000
16.88000	1388.00000
16.90000	1419.00000
16.92000	1447.00000
16.94000	1421.00000
16.96000	1427.00000
16.98000	1363.00000
17.00000	1358.00000
17.02000	1376.00000
17.04000	1405.00000
17.06000	1373.00000
17.08000	1383.00000
17.10000	1407.00000
17.12000	1331.00000
17.14000	1350.00000
17.16000	1393.00000
17.18000	1350.00000
17.20000	1413.00000
17.22000	1408.00000
17.24000	1333.00000
17.26000	1379.00000
17.28000	1442.00000
17.30000	1410.00000
17.32000	1395.00000
17.34000	1338.00000
17.36000	1346.00000
17.38000	1390.00000
17.40000	1336.00000
17.42000	1376.00000
17.44000	1403.00000
17.46000	1318.00000
17.48000	1348.00000
17.50000	1385.00000
17.52000	1391.00000
17.54000	1401.00000
17.56000	1384.00000
17.58000	1329.00000
17.60000	1402.00000
17.62000	1360.00000
17.64000	1311.00000
17.66000	1406.00000
17.68000	1354.00000
17.70000	1383.00000
17.72000	1347.00000
17.74000	1420.00000
17.76000	1439.00000
17.78000	1442.00000
17.80000	1420.00000
17.82000	1474.00000
17.84000	1498.00000
17.86000	1493.00000
17.88000	1593.00000
17.90000	1675.00000
17.92000	1699.00000
17.94000	1884.00000
17.96000	1902.00000
17.98000	1918.00000
18.00000	1897.00000
18.02000	1815.00000
18.04000	1693.00000
18.06000	1492.00000
18.08000	1462.00000
18.10000	1486.00000
18.12000	1438.00000
18.14000	1446.00000
18.16000	1469.00000
18.18000	1430.00000
18.20000	1448.00000
18.22000	1438.00000
18.24000	1461.00000
18.26000	1460.00000
18.28000	1445.00000
18.30000	1345.00000
18.32000	1445.00000
18.34000	1376.00000
18.36000	1320.00000
18.38000	1393.00000
18.40000	1414.00000
18.42000	1442.00000
18.44000	1418.00000
18.46000	1364.00000
18.48000	1497.00000
18.50000	1383.00000
18.52000	1528.00000
18.54000	1472.00000
18.56000	1462.00000
18.58000	1409.00000
18.60000	1473.00000
18.62000	1355.00000
18.64000	1443.00000
18.66000	1396.00000
18.68000	1428.00000
18.70000	1433.00000
18.72000	1428.00000
18.74000	1394.00000
18.76000	1369.00000
18.78000	1441.00000
18.80000	1451.00000
18.82000	1441.00000
18.84000	1495.00000
18.86000	1428.00000
18.88000	1460.00000
18.90000	1418.00000
18.92000	1378.00000
18.94000	1449.00000
18.96000	1439.00000
18.98000	1460.00000
19.00000	1430.00000
19.02000	1508.00000
19.04000	1423.00000
19.06000	1426.00000
19.08000	1471.00000
19.10000	1428.00000
19.12000	1459.00000
19.14000	1503.00000
19.16000	1518.00000
19.18000	1472.00000
19.20000	1580.00000
19.22000	1460.00000
19.24000	1527.00000
19.26000	1456.00000
19.28000	1500.00000
19.30000	1476.00000
19.32000	1546.00000
19.34000	1497.00000
19.36000	1483.00000
19.38000	1437.00000
19.40000	1443.00000
19.42000	1432.00000
19.44000	1409.00000
19.46000	1465.00000
19.48000	1460.00000
19.50000	1511.00000
19.52000	1450.00000
19.54000	1461.00000
19.56000	1490.00000
19.58000	1507.00000
19.60000	1498.00000
19.62000	1447.00000
19.64000	1479.00000
19.66000	1406.00000
19.68000	1393.00000
19.70000	1437.00000
19.72000	1417.00000
19.74000	1390.00000
19.76000	1444.00000
19.78000	1481.00000
19.80000	1487.00000
19.82000	1442.00000
19.84000	1496.00000
19.86000	1453.00000
19.88000	1393.00000
19.90000	1411.00000
19.92000	1470.00000
19.94000	1475.00000
19.96000	1443.00000
19.98000	1346.00000
20.00000	1500.00000
20.02000	1406.00000
20.04000	1404.00000
20.06000	1403.00000
20.08000	1397.00000
20.10000	1399.00000
20.12000	1383.00000
20.14000	1428.00000
20.16000	1378.00000
20.18000	1354.00000
20.20000	1371.00000
20.22000	1393.00000
20.24000	1341.00000
20.26000	1364.00000
20.28000	1337.00000
20.30000	1393.00000
20.32000	1383.00000
20.34000	1378.00000
20.36000	1359.00000
20.38000	1396.00000
20.40000	1347.00000
20.42000	1368.00000
20.44000	1362.00000
20.46000	1378.00000
20.48000	1370.00000
20.50000	1330.00000
20.52000	1420.00000
20.54000	1290.00000
20.56000	1292.00000
20.58000	1332.00000
20.60000	1379.00000
20.62000	1385.00000
20.64000	1312.00000
20.66000	1359.00000
20.68000	1369.00000
20.70000	1404.00000
20.72000	1348.00000
20.74000	1328.00000
20.76000	1254.00000
20.78000	1292.00000
20.80000	1375.00000
20.82000	1373.00000
20.84000	1333.00000
20.86000	1241.00000
20.88000	1372.00000
20.90000	1421.00000
20.92000	1321.00000
20.94000	1335.00000
20.96000	1302.00000
20.98000	1299.00000
21.00000	1313.00000
21.02000	1356.00000
21.04000	1354.00000
21.06000	1262.00000
21.08000	1293.00000
21.10000	1342.00000
21.12000	1324.00000
21.14000	1275.00000
21.16000	1323.00000
21.18000	1269.00000
21.20000	1280.00000
21.22000	1293.00000
21.24000	1277.00000
21.26000	1278.00000
21.28000	1341.00000
21.30000	1286.00000
21.32000	1339.00000
21.34000	1267.00000
21.36000	1279.00000
21.38000	1338.00000
21.40000	1315.00000
21.42000	1312.00000
21.44000	1298.00000
21.46000	1289.00000
21.48000	1301.00000
21.50000	1266.00000
21.52000	1304.00000
21.54000	1336.00000
21.56000	1328.00000
21.58000	1279.00000
21.60000	1284.00000
21.62000	1304.00000
21.64000	1362.00000
21.66000	1397.00000
21.68000	1328.00000
21.70000	1389.00000
21.72000	1352.00000
21.74000	1411.00000
21.76000	1608.00000
21.78000	1755.00000
21.80000	1860.00000
21.82000	2256.00000
21.84000	2648.00000
21.86000	3458.00000
21.88000	4420.00000
21.90000	5643.00000
21.92000	7229.00000
21.94000	8487.00000
21.96000	9368.00000
21.98000	8945.00000
22.00000	7751.00000
22.02000	6207.00000
22.04000	4575.00000
22.06000	3369.00000
22.08000	2616.00000
22.10000	2134.00000
22.12000	1798.00000
22.14000	1555.00000
22.16000	1446.00000
22.18000	1320.00000
22.20000	1306.00000
22.22000	1324.00000
22.24000	1297.00000
22.26000	1277.00000
22.28000	1246.00000
22.30000	1276.00000
22.32000	1182.00000
22.34000	1300.00000
22.36000	1268.00000
22.38000	1186.00000
22.40000	1213.00000
22.42000	1230.00000
22.44000	1188.00000
22.46000	1175.00000
22.48000	1206.00000
22.50000	1173.00000
22.52000	1148.00000
22.54000	1178.00000
22.56000	1104.00000
22.58000	1196.00000
22.60000	1184.00000
22.62000	1207.00000
22.64000	1158.00000
22.66000	1178.00000
22.68000	1186.00000
22.70000	1108.00000
22.72000	1119.00000
22.74000	1134.00000
22.76000	1090.00000
22.78000	1145.00000
22.80000	1154.00000
22.82000	1139.00000
22.84000	1092.00000
22.86000	1085.00000
22.88000	1135.00000
22.90000	1110.00000
22.92000	1129.00000
22.94000	1096.00000
22.96000	1090.00000
22.98000	1109.00000
23.00000	1087.00000
23.02000	1098.00000
23.04000	1123.00000
23.06000	1087.00000
23.08000	1087.00000
23.10000	1105.00000
23.12000	1133.00000
23.14000	1103.00000
23.16000	1082.00000
23.18000	1106.00000
23.20000	1134.00000
23.22000	1087.00000
23.24000	1017.00000
23.26000	1115.00000
23.28000	1085.00000
23.30000	1104.00000
23.32000	1064.00000
23.34000	1074.00000
23.36000	1145.00000
23.38000	972.00000
23.40000	1096.00000
23.42000	1107.00000
23.44000	1043.00000
23.46000	1145.00000
23.48000	1092.00000
23.50000	1113.00000
23.52000	1100.00000
23.54000	1084.00000
23.56000	1067.00000
23.58000	1039.00000
23.60000	1002.00000
23.62000	984.00000
23.64000	1078.00000
23.66000	1016.00000
23.68000	1063.00000
23.70000	1052.00000
23.72000	1079.00000
23.74000	1032.00000
23.76000	1079.00000
23.78000	1038.00000
23.80000	1083.00000
23.82000	1023.00000
23.84000	1055.00000
23.86000	1063.00000
23.88000	1084.00000
23.90000	1106.00000
23.92000	1107.00000
23.94000	1026.00000
23.96000	1057.00000
23.98000	1053.00000
24.00000	1090.00000
24.02000	1066.00000
24.04000	1050.00000
24.06000	1034.00000
24.08000	1038.00000
24.10000	1008.00000
24.12000	1077.00000
24.14000	1032.00000
24.16000	1014.00000
24.18000	1015.00000
24.20000	1004.00000
24.22000	1015.00000
24.24000	1039.00000
24.26000	1084.00000
24.28000	1028.00000
24.30000	1028.00000
24.32000	978.00000
24.34000	1056.00000
24.36000	1033.00000
24.38000	1038.00000
24.40000	1024.00000
24.42000	1013.00000
24.44000	1019.00000
24.46000	1005.00000
24.48000	992.00000
24.50000	1061.00000
24.52000	974.00000
24.54000	1028.00000
24.56000	979.00000
24.58000	1040.00000
24.60000	1039.00000
24.62000	1034.00000
24.64000	997.00000
24.66000	982.00000
24.68000	1008.00000
24.70000	1015.00000
24.72000	1002.00000
24.74000	1011.00000
24.76000	965.00000
24.78000	998.00000
24.80000	1021.00000
24.82000	1057.00000
24.84000	970.00000
24.86000	1033.00000
24.88000	986.00000
24.90000	999.00000
24.92000	1006.00000
24.94000	959.00000
24.96000	965.00000
24.98000	955.00000
25.00000	972.00000
25.02000	940.00000
25.04000	960.00000
25.06000	979.00000
25.08000	940.00000
25.10000	994.00000
25.12000	1013.00000
25.14000	936.00000
25.16000	961.00000
25.18000	985.00000
25.20000	1012.00000
25.22000	1002.00000
25.24000	1032.00000
25.26000	965.00000
25.28000	971.00000
25.30000	1048.00000
25.32000	1126.00000
25.34000	1121.00000
25.36000	1166.00000
25.38000	1259.00000
25.40000	1349.00000
25.42000	1483.00000
25.44000	1459.00000
25.46000	1458.00000
25.48000	1354.00000
25.50000	1234.00000
25.52000	1167.00000
25.54000	1091.00000
25.56000	1060.00000
25.58000	982.00000
25.60000	976.00000
25.62000	958.00000
25.64000	967.00000
25.66000	992.00000
25.68000	937.00000
25.70000	934.00000
25.72000	940.00000
25.74000	923.00000
25.76000	922.00000
25.78000	950.00000
25.80000	991.00000
25.82000	949.00000
25.84000	914.00000
25.86000	942.00000
25.88000	938.00000
25.90000	982.00000
25.92000	886.00000
25.94000	944.00000
25.96000	955.00000
25.98000	960.00000
26.00000	942.00000
26.02000	940.00000
26.04000	913.00000
26.06000	933.00000
26.08000	955.00000
26.10000	947.00000
26.12000	898.00000
26.14000	953.00000
26.16000	932.00000
26.18000	949.00000
26.20000	912.00000
26.22000	908.00000
26.24000	936.00000
26.26000	944.00000
26.28000	890.00000
26.30000	911.00000
26.32000	916.00000
26.34000	992.00000
26.36000	894.00000
26.38000	904.00000
26.40000	919.00000
26.42000	950.00000
26.44000	901.00000
26.46000	871.00000
26.48000	896.00000
26.50000	900.00000
26.52000	852.00000
26.54000	878.00000
26.56000	902.00000
26.58000	894.00000
26.60000	952.00000
26.62000	886.00000
26.64000	940.00000
26.66000	949.00000
26.68000	921.00000
26.70000	879.00000
26.72000	854.00000
26.74000	939.00000
26.76000	945.00000
26.78000	837.00000
26.80000	906.00000
26.82000	828.00000
26.84000	913.00000
26.86000	944.00000
26.88000	897.00000
26.90000	909.00000
26.92000	919.00000
26.94000	930.00000
26.96000	923.00000
26.98000	915.00000
27.00000	954.00000
27.02000	885.00000
27.04000	949.00000
27.06000	905.00000
27.08000	916.00000
27.10000	937.00000
27.12000	947.00000
27.14000	983.00000
27.16000	996.00000
27.18000	1045.00000
27.20000	1070.00000
27.22000	1164.00000
27.24000	1197.00000
27.26000	1241.00000
27.28000	1181.00000
27.30000	1071.00000
27.32000	1036.00000
27.34000	966.00000
27.36000	945.00000
27.38000	915.00000
27.40000	922.00000
27.42000	902.00000
27.44000	850.00000
27.46000	862.00000
27.48000	860.00000
27.50000	900.00000
27.52000	890.00000
27.54000	865.00000
27.56000	873.00000
27.58000	824.00000
27.60000	836.00000
27.62000	909.00000
27.64000	849.00000
27.66000	857.00000
27.68000	877.00000
27.70000	856.00000
27.72000	898.00000
27.74000	835.00000
27.76000	901.00000
27.78000	875.00000
27.80000	874.00000
27.82000	866.00000
27.84000	870.00000
27.86000	883.00000
27.88000	873.00000
27.90000	863.00000
27.92000	833.00000
27.94000	859.00000
27.96000	840.00000
27.98000	874.00000
28.00000	867.00000
28.02000	894.00000
28.04000	878.00000
28.06000	866.00000
28.08000	906.00000
28.10000	892.00000
28.12000	869.00000
28.14000	895.00000
28.16000	864.00000
28.18000	898.00000
28.20000	832.00000
28.22000	876.00000
28.24000	857.00000
28.26000	921.00000
28.28000	853.00000
28.30000	878.00000
28.32000	859.00000
28.34000	893.00000
28.36000	962.00000
28.38000	942.00000
28.40000	946.00000
28.42000	1018.00000
28.44000	1099.00000
28.46000	1228.00000
28.48000	1329.00000
28.50000	1587.00000
28.52000	1955.00000
28.54000	2379.00000
28.56000	2770.00000
28.58000	3093.00000
28.60000	3291.00000
28.62000	2974.00000
28.64000	2560.00000
28.66000	2079.00000
28.68000	1634.00000
28.70000	1342.00000
28.72000	1276.00000
28.74000	1079.00000
28.76000	1030.00000
28.78000	930.00000
28.80000	1024.00000
28.82000	969.00000
28.84000	911.00000
28.86000	994.00000
28.88000	1106.00000
28.90000	1081.00000
28.92000	1135.00000
28.94000	1161.00000
28.96000	1179.00000
28.98000	1110.00000
29.00000	998.00000
29.02000	975.00000
29.04000	963.00000
29.06000	940.00000
29.08000	936.00000
29.10000	877.00000
29.12000	862.00000
29.14000	882.00000
29.16000	880.00000
29.18000	872.00000
29.20000	851.00000
29.22000	822.00000
29.24000	850.00000
29.26000	930.00000
29.28000	902.00000
29.30000	895.00000
29.32000	939.00000
29.34000	937.00000
29.36000	899.00000
29.38000	956.00000
29.40000	992.00000
29.42000	943.00000
29.44000	919.00000
29.46000	953.00000
29.48000	882.00000
29.50000	856.00000
29.52000	849.00000
29.54000	833.00000
29.56000	875.00000
29.58000	887.00000
29.60000	801.00000
29.62000	824.00000
29.64000	805.00000
29.66000	824.00000
29.68000	778.00000
29.70000	857.00000
29.72000	836.00000
29.74000	830.00000
29.76000	827.00000
29.78000	793.00000
29.80000	844.00000
29.82000	778.00000
29.84000	873.00000
29.86000	854.00000
29.88000	838.00000
29.90000	832.00000
29.92000	849.00000
29.94000	834.00000
29.96000	829.00000
29.98000	802.00000
30.00000	894.00000
30.02000	857.00000
30.04000	887.00000
30.06000	853.00000
30.08000	842.00000
30.10000	821.00000
30.12000	792.00000
30.14000	901.00000
30.16000	905.00000
30.18000	857.00000
30.20000	937.00000
30.22000	955.00000
30.24000	988.00000
30.26000	967.00000
30.28000	1033.00000
30.30000	1008.00000
30.32000	1030.00000
30.34000	1074.00000
30.36000	1006.00000
30.38000	989.00000
30.40000	907.00000
30.42000	942.00000
30.44000	829.00000
30.46000	852.00000
30.48000	847.00000
30.50000	859.00000
30.52000	830.00000
30.54000	828.00000
30.56000	834.00000
30.58000	845.00000
30.60000	872.00000
30.62000	859.00000
30.64000	888.00000
30.66000	810.00000
30.68000	889.00000
30.70000	866.00000
30.72000	864.00000
30.74000	835.00000
30.76000	919.00000
30.78000	900.00000
30.80000	853.00000
30.82000	886.00000
30.84000	938.00000
30.86000	924.00000
30.88000	978.00000
30.90000	995.00000
30.92000	1027.00000
30.94000	1023.00000
30.96000	1085.00000
30.98000	1152.00000
31.00000	1177.00000
31.02000	1173.00000
31.04000	1245.00000
31.06000	1279.00000
31.08000	1464.00000
31.10000	1596.00000
31.12000	1872.00000
31.14000	2207.00000
31.16000	2846.00000
31.18000	3876.00000
31.20000	5462.00000
31.22000	8031.00000
31.24000	12097.00000
31.26000	17335.00000
31.28000	23211.00000
31.30000	28274.00000
31.32000	31125.00000
31.34000	29543.00000
31.36000	24447.00000
31.38000	17905.00000
31.40000	12862.00000
31.42000	8956.00000
31.44000	6260.00000
31.46000	4197.00000
31.48000	3027.00000
31.50000	2483.00000
31.52000	1917.00000
31.54000	1674.00000
31.56000	1517.00000
31.58000	1409.00000
31.60000	1299.00000
31.62000	1217.00000
31.64000	1176.00000
31.66000	1113.00000
31.68000	1043.00000
31.70000	1051.00000
31.72000	973.00000
31.74000	994.00000
31.76000	966.00000
31.78000	905.00000
31.80000	897.00000
31.82000	974.00000
31.84000	898.00000
31.86000	910.00000
31.88000	836.00000
31.90000	866.00000
31.92000	898.00000
31.94000	804.00000
31.96000	818.00000
31.98000	819.00000
32.00000	836.00000
32.02000	801.00000
32.04000	823.00000
32.06000	778.00000
32.08000	829.00000
32.10000	795.00000
32.12000	801.00000
32.14000	802.00000
32.16000	776.00000
32.18000	799.00000
32.20000	801.00000
32.22000	826.00000
32.24000	762.00000
32.26000	770.00000
32.28000	796.00000
32.30000	796.00000
32.32000	850.00000
32.34000	841.00000
32.36000	748.00000
32.38000	783.00000
32.40000	796.00000
32.42000	767.00000
32.44000	781.00000
32.46000	719.00000
32.48000	792.00000
32.50000	801.00000
32.52000	807.00000
32.54000	828.00000
32.56000	755.00000
32.58000	741.00000
32.60000	723.00000
32.62000	757.00000
32.64000	762.00000
32.66000	779.00000
32.68000	764.00000
32.70000	779.00000
32.72000	815.00000
32.74000	809.00000
32.76000	855.00000
32.78000	804.00000
32.80000	836.00000
32.82000	965.00000
32.84000	952.00000
32.86000	1069.00000
32.88000	1090.00000
32.90000	1091.00000
32.92000	1032.00000
32.94000	957.00000
32.96000	908.00000
32.98000	818.00000
33.00000	783.00000
33.02000	743.00000
33.04000	762.00000
33.06000	789.00000
33.08000	783.00000
33.10000	712.00000
33.12000	748.00000
33.14000	717.00000
33.16000	789.00000
33.18000	777.00000
33.20000	691.00000
33.22000	741.00000
33.24000	784.00000
33.26000	765.00000
33.28000	763.00000
33.30000	712.00000
33.32000	705.00000
33.34000	761.00000
33.36000	708.00000
33.38000	713.00000
33.40000	719.00000
33.42000	764.00000
33.44000	756.00000
33.46000	673.00000
33.48000	674.00000
33.50000	754.00000
33.52000	723.00000
33.54000	752.00000
33.56000	717.00000
33.58000	700.00000
33.60000	713.00000
33.62000	737.00000
33.64000	736.00000
33.66000	747.00000
33.68000	713.00000
33.70000	748.00000
33.72000	775.00000
33.74000	747.00000
33.76000	848.00000
33.78000	864.00000
33.80000	892.00000
33.82000	1015.00000
33.84000	1192.00000
33.86000	1294.00000
33.88000	1517.00000
33.90000	1652.00000
33.92000	1665.00000
33.94000	1526.00000
33.96000	1287.00000
33.98000	1165.00000
34.00000	1121.00000
34.02000	911.00000
34.04000	881.00000
34.06000	811.00000
34.08000	789.00000
34.10000	749.00000
34.12000	754.00000
34.14000	777.00000
34.16000	808.00000
34.18000	786.00000
34.20000	810.00000
34.22000	816.00000
34.24000	858.00000
34.26000	841.00000
34.28000	851.00000
34.30000	850.00000
34.32000	782.00000
34.34000	788.00000
34.36000	778.00000
34.38000	702.00000
34.40000	718.00000
34.42000	757.00000
34.44000	713.00000
34.46000	734.00000
34.48000	777.00000
34.50000	747.00000
34.52000	729.00000
34.54000	787.00000
34.56000	697.00000
34.58000	733.00000
34.60000	699.00000
34.62000	732.00000
34.64000	777.00000
34.66000	694.00000
34.68000	743.00000
34.70000	745.00000
34.72000	676.00000
34.74000	672.00000
34.76000	674.00000
34.78000	674.00000
34.80000	678.00000
34.82000	655.00000
34.84000	707.00000
34.86000	706.00000
34.88000	713.00000
34.90000	721.00000
34.92000	725.00000
34.94000	699.00000
34.96000	688.00000
34.98000	681.00000
35.00000	700.00000
35.02000	676.00000
35.04000	690.00000
35.06000	700.00000
35.08000	669.00000
35.10000	735.00000
35.12000	709.00000
35.14000	632.00000
35.16000	729.00000
35.18000	701.00000
35.20000	679.00000
35.22000	699.00000
35.24000	701.00000
35.26000	721.00000
35.28000	666.00000
35.30000	666.00000
35.32000	745.00000
35.34000	681.00000
35.36000	693.00000
35.38000	704.00000
35.40000	727.00000
35.42000	700.00000
35.44000	713.00000
35.46000	738.00000
35.48000	660.00000
35.50000	707.00000
35.52000	747.00000
35.54000	695.00000
35.56000	737.00000
35.58000	705.00000
35.60000	715.00000
35.62000	713.00000
35.64000	715.00000
35.66000	744.00000
35.68000	716.00000
35.70000	714.00000
35.72000	726.00000
35.74000	721.00000
35.76000	760.00000
35.78000	768.00000
35.80000	755.00000
35.82000	737.00000
35.84000	760.00000
35.86000	723.00000
35.88000	745.00000
35.90000	739.00000
35.92000	788.00000
35.94000	815.00000
35.96000	880.00000
35.98000	867.00000
36.00000	978.00000
36.02000	1109.00000
36.04000	1256.00000
36.06000	1555.00000
36.08000	2000.00000
36.10000	2344.00000
36.12000	2935.00000
36.14000	3315.00000
36.16000	3510.00000
36.18000	3448.00000
36.20000	3000.00000
36.22000	2544.00000
36.24000	2338.00000
36.26000	2184.00000
36.28000	2307.00000
36.30000	2875.00000
36.32000	3641.00000
36.34000	4656.00000
36.36000	5495.00000
36.38000	6648.00000
36.40000	7113.00000
36.42000	6705.00000
36.44000	5601.00000
36.46000	4319.00000
36.48000	3257.00000
36.50000	2412.00000
36.52000	1861.00000
36.54000	1434.00000
36.56000	1223.00000
36.58000	1030.00000
36.60000	977.00000
36.62000	931.00000
36.64000	854.00000
36.66000	791.00000
36.68000	881.00000
36.70000	855.00000
36.72000	820.00000
36.74000	814.00000
36.76000	803.00000
36.78000	805.00000
36.80000	788.00000
36.82000	810.00000
36.84000	770.00000
36.86000	767.00000
36.88000	802.00000
36.90000	724.00000
36.92000	711.00000
36.94000	703.00000
36.96000	717.00000
36.98000	702.00000
37.00000	734.00000
37.02000	745.00000
37.04000	684.00000
37.06000	712.00000
37.08000	714.00000
37.10000	718.00000
37.12000	728.00000
37.14000	762.00000
37.16000	709.00000
37.18000	762.00000
37.20000	767.00000
37.22000	730.00000
37.24000	720.00000
37.26000	685.00000
37.28000	707.00000
37.30000	748.00000
37.32000	788.00000
37.34000	733.00000
37.36000	862.00000
37.38000	912.00000
37.40000	1016.00000
37.42000	1181.00000
37.44000	1449.00000
37.46000	1703.00000
37.48000	1843.00000
37.50000	2032.00000
37.52000	1893.00000
37.54000	1743.00000
37.56000	1462.00000
37.58000	1247.00000
37.60000	1046.00000
37.62000	944.00000
37.64000	832.00000
37.66000	801.00000
37.68000	802.00000
37.70000	796.00000
37.72000	750.00000
37.74000	752.00000
37.76000	735.00000
37.78000	699.00000
37.80000	748.00000
37.82000	718.00000
37.84000	724.00000
37.86000	746.00000
37.88000	737.00000
37.90000	746.00000
37.92000	728.00000
37.94000	736.00000
37.96000	662.00000
37.98000	720.00000
38.00000	750.00000
38.02000	708.00000
38.04000	706.00000
38.06000	728.00000
38.08000	725.00000
38.10000	719.00000
38.12000	676.00000
38.14000	744.00000
38.16000	676.00000
38.18000	740.00000
38.20000	737.00000
38.22000	717.00000
38.24000	782.00000
38.26000	715.00000
38.28000	694.00000
38.30000	721.00000
38.32000	714.00000
38.34000	728.00000
38.36000	765.00000
38.38000	817.00000
38.40000	902.00000
38.42000	902.00000
38.44000	954.00000
38.46000	944.00000
38.48000	928.00000
38.50000	947.00000
38.52000	899.00000
38.54000	855.00000
38.56000	905.00000
38.58000	970.00000
38.60000	1065.00000
38.62000	1190.00000
38.64000	1424.00000
38.66000	1501.00000
38.68000	1684.00000
38.70000	1780.00000
38.72000	1580.00000
38.74000	1433.00000
38.76000	1189.00000
38.78000	1062.00000
38.80000	951.00000
38.82000	937.00000
38.84000	890.00000
38.86000	821.00000
38.88000	767.00000
38.90000	752.00000
38.92000	774.00000
38.94000	721.00000
38.96000	704.00000
38.98000	700.00000
39.00000	665.00000
39.02000	726.00000
39.04000	683.00000
39.06000	638.00000
39.08000	637.00000
39.10000	702.00000
39.12000	655.00000
39.14000	663.00000
39.16000	640.00000
39.18000	664.00000
39.20000	666.00000
39.22000	689.00000
39.24000	689.00000
39.26000	677.00000
39.28000	685.00000
39.30000	655.00000
39.32000	657.00000
39.34000	644.00000
39.36000	670.00000
39.38000	667.00000
39.40000	692.00000
39.42000	661.00000
39.44000	682.00000
39.46000	597.00000
39.48000	675.00000
39.50000	681.00000
39.52000	652.00000
39.54000	687.00000
39.56000	653.00000
39.58000	624.00000
39.60000	648.00000
39.62000	615.00000
39.64000	654.00000
39.66000	651.00000
39.68000	646.00000
39.70000	605.00000
39.72000	652.00000
39.74000	677.00000
39.76000	641.00000
39.78000	647.00000
39.80000	669.00000
39.82000	634.00000
39.84000	691.00000
39.86000	643.00000
39.88000	687.00000
39.90000	634.00000
39.92000	604.00000
39.94000	656.00000
39.96000	632.00000
39.98000	658.00000
40.00000	623.00000
40.02000	632.00000
40.04000	638.00000
40.06000	671.00000
40.08000	615.00000
40.10000	634.00000
40.12000	669.00000
40.14000	639.00000
40.16000	692.00000
40.18000	689.00000
40.20000	626.00000
40.22000	621.00000
40.24000	665.00000
40.26000	669.00000
40.28000	702.00000
40.30000	647.00000
40.32000	675.00000
40.34000	676.00000
40.36000	636.00000
40.38000	650.00000
40.40000	639.00000
40.42000	700.00000
40.44000	675.00000
40.46000	657.00000
40.48000	659.00000
40.50000	644.00000
40.52000	662.00000
40.54000	692.00000
40.56000	667.00000
40.58000	664.00000
40.60000	692.00000
40.62000	687.00000
40.64000	671.00000
40.66000	732.00000
40.68000	724.00000
40.70000	797.00000
40.72000	753.00000
40.74000	859.00000
40.76000	883.00000
40.78000	923.00000
40.80000	1038.00000
40.82000	1070.00000
40.84000	1001.00000
40.86000	956.00000
40.88000	931.00000
40.90000	863.00000
40.92000	773.00000
40.94000	726.00000
40.96000	682.00000
40.98000	671.00000
41.00000	699.00000
41.02000	712.00000
41.04000	690.00000
41.06000	647.00000
41.08000	678.00000
41.10000	670.00000
41.12000	685.00000
41.14000	672.00000
41.16000	661.00000
41.18000	706.00000
41.20000	631.00000
41.22000	636.00000
41.24000	637.00000
41.26000	666.00000
41.28000	647.00000
41.30000	667.00000
41.32000	632.00000
41.34000	652.00000
41.36000	659.00000
41.38000	645.00000
41.40000	683.00000
41.42000	681.00000
41.44000	644.00000
41.46000	634.00000
41.48000	665.00000
41.50000	656.00000
41.52000	616.00000
41.54000	664.00000
41.56000	683.00000
41.58000	646.00000
41.60000	707.00000
41.62000	665.00000
41.64000	745.00000
41.66000	736.00000
41.68000	754.00000
41.70000	859.00000
41.72000	847.00000
41.74000	856.00000
41.76000	886.00000
41.78000	904.00000
41.80000	910.00000
41.82000	1012.00000
41.84000	1122.00000
41.86000	1158.00000
41.88000	1187.00000
41.90000	1104.00000
41.92000	1019.00000
41.94000	931.00000
41.96000	804.00000
41.98000	762.00000
42.00000	761.00000
42.02000	709.00000
42.04000	674.00000
42.06000	674.00000
42.08000	669.00000
42.10000	662.00000
42.12000	678.00000
42.14000	647.00000
42.16000	695.00000
42.18000	611.00000
42.20000	650.00000
42.22000	654.00000
42.24000	634.00000
42.26000	642.00000
42.28000	642.00000
42.30000	662.00000
42.32000	688.00000
42.34000	647.00000
42.36000	588.00000
42.38000	644.00000
42.40000	654.00000
42.42000	670.00000
42.44000	622.00000
42.46000	640.00000
42.48000	625.00000
42.50000	609.00000
42.52000	604.00000
42.54000	624.00000
42.56000	669.00000
42.58000	610.00000
42.60000	625.00000
42.62000	566.00000
42.64000	589.00000
42.66000	610.00000
42.68000	658.00000
42.70000	650.00000
42.72000	650.00000
42.74000	680.00000
42.76000	667.00000
42.78000	649.00000
42.80000	642.00000
42.82000	627.00000
42.84000	629.00000
42.86000	604.00000
42.88000	668.00000
42.90000	665.00000
42.92000	652.00000
42.94000	681.00000
42.96000	619.00000
42.98000	656.00000
43.00000	596.00000
43.02000	622.00000
43.04000	612.00000
43.06000	578.00000
43.08000	629.00000
43.10000	589.00000
43.12000	605.00000
43.14000	634.00000
43.16000	600.00000
43.18000	585.00000
43.20000	633.00000
43.22000	612.00000
43.24000	588.00000
43.26000	608.00000
43.28000	575.00000
43.30000	646.00000
43.32000	591.00000
43.34000	620.00000
43.36000	612.00000
43.38000	610.00000
43.40000	608.00000
43.42000	603.00000
43.44000	639.00000
43.46000	628.00000
43.48000	635.00000
43.50000	611.00000
43.52000	627.00000
43.54000	561.00000
43.56000	603.00000
43.58000	621.00000
43.60000	603.00000
43.62000	605.00000
43.64000	587.00000
43.66000	639.00000
43.68000	643.00000
43.70000	557.00000
43.72000	629.00000
43.74000	594.00000
43.76000	574.00000
43.78000	634.00000
43.80000	628.00000
43.82000	616.00000
43.84000	619.00000
43.86000	600.00000
43.88000	607.00000
43.90000	604.00000
43.92000	568.00000
43.94000	600.00000
43.96000	586.00000
43.98000	583.00000
44.00000	618.00000
44.02000	597.00000
44.04000	635.00000
44.06000	583.00000
44.08000	596.00000
44.10000	584.00000
44.12000	599.00000
44.14000	605.00000
44.16000	638.00000
44.18000	599.00000
44.20000	602.00000
44.22000	617.00000
44.24000	628.00000
44.26000	602.00000
44.28000	585.00000
44.30000	569.00000
44.32000	590.00000
44.34000	610.00000
44.36000	583.00000
44.38000	576.00000
44.40000	635.00000
44.42000	603.00000
44.44000	626.00000
44.46000	559.00000
44.48000	618.00000
44.50000	603.00000
44.52000	657.00000
44.54000	652.00000
44.56000	611.00000
44.58000	602.00000
44.60000	584.00000
44.62000	599.00000
44.64000	661.00000
44.66000	661.00000
44.68000	697.00000
44.70000	725.00000
44.72000	801.00000
44.74000	856.00000
44.76000	881.00000
44.78000	851.00000
44.80000	893.00000
44.82000	793.00000
44.84000	802.00000
44.86000	671.00000
44.88000	747.00000
44.90000	692.00000
44.92000	697.00000
44.94000	694.00000
44.96000	662.00000
44.98000	650.00000
45.00000	620.00000
45.02000	630.00000
45.04000	650.00000
45.06000	618.00000
45.08000	578.00000
45.10000	610.00000
45.12000	593.00000
45.14000	561.00000
45.16000	556.00000
45.18000	589.00000
45.20000	627.00000
45.22000	577.00000
45.24000	628.00000
45.26000	607.00000
45.28000	573.00000
45.30000	550.00000
45.32000	630.00000
45.34000	572.00000
45.36000	637.00000
45.38000	598.00000
45.40000	608.00000
45.42000	633.00000
45.44000	603.00000
45.46000	603.00000
45.48000	621.00000
45.50000	626.00000
45.52000	603.00000
45.54000	604.00000
45.56000	607.00000
45.58000	622.00000
45.60000	592.00000
45.62000	625.00000
45.64000	637.00000
45.66000	576.00000
45.68000	565.00000
45.70000	610.00000
45.72000	582.00000
45.74000	629.00000
45.76000	583.00000
45.78000	533.00000
45.80000	632.00000
45.82000	624.00000
45.84000	570.00000
45.86000	592.00000
45.88000	623.00000
45.90000	551.00000
45.92000	671.00000
45.94000	586.00000
45.96000	604.00000
45.98000	588.00000
46.00000	638.00000
46.02000	636.00000
46.04000	604.00000
46.06000	634.00000
46.08000	641.00000
46.10000	586.00000
46.12000	606.00000
46.14000	581.00000
46.16000	609.00000
46.18000	597.00000
46.20000	646.00000
46.22000	640.00000
46.24000	586.00000
46.26000	629.00000
46.28000	636.00000
46.30000	610.00000
46.32000	629.00000
46.34000	632.00000
46.36000	625.00000
46.38000	612.00000
46.40000	626.00000
46.42000	652.00000
46.44000	650.00000
46.46000	645.00000
46.48000	693.00000
46.50000	658.00000
46.52000	697.00000
46.54000	702.00000
46.56000	784.00000
46.58000	874.00000
46.60000	1000.00000
46.62000	1195.00000
46.64000	1436.00000
46.66000	1844.00000
46.68000	2229.00000
46.70000	2662.00000
46.72000	2845.00000
46.74000	2750.00000
46.76000	2360.00000
46.78000	1953.00000
46.80000	1621.00000
46.82000	1446.00000
46.84000	1207.00000
46.86000	1022.00000
46.88000	1025.00000
46.90000	979.00000
46.92000	915.00000
46.94000	928.00000
46.96000	857.00000
46.98000	749.00000
47.00000	773.00000
47.02000	692.00000
47.04000	656.00000
47.06000	693.00000
47.08000	686.00000
47.10000	593.00000
47.12000	572.00000
47.14000	633.00000
47.16000	595.00000
47.18000	593.00000
47.20000	620.00000
47.22000	646.00000
47.24000	632.00000
47.26000	603.00000
47.28000	593.00000
47.30000	592.00000
47.32000	628.00000
47.34000	644.00000
47.36000	573.00000
47.38000	612.00000
47.40000	603.00000
47.42000	640.00000
47.44000	696.00000
47.46000	655.00000
47.48000	653.00000
47.50000	662.00000
47.52000	661.00000
47.54000	616.00000
47.56000	634.00000
47.58000	650.00000
47.60000	585.00000
47.62000	619.00000
47.64000	605.00000
47.66000	609.00000
47.68000	569.00000
47.70000	598.00000
47.72000	559.00000
47.74000	594.00000
47.76000	556.00000
47.78000	613.00000
47.80000	625.00000
47.82000	586.00000
47.84000	593.00000
47.86000	583.00000
47.88000	598.00000
47.90000	580.00000
47.92000	560.00000
47.94000	565.00000
47.96000	529.00000
47.98000	562.00000
48.00000	556.00000
48.02000	559.00000
48.04000	591.00000
48.06000	561.00000
48.08000	607.00000
48.10000	577.00000
48.12000	608.00000
48.14000	552.00000
48.16000	588.00000
48.18000	562.00000
48.20000	566.00000
48.22000	555.00000
48.24000	577.00000
48.26000	558.00000
48.28000	573.00000
48.30000	610.00000
48.32000	547.00000
48.34000	541.00000
48.36000	583.00000
48.38000	564.00000
48.40000	563.00000
48.42000	634.00000
48.44000	619.00000
48.46000	598.00000
48.48000	555.00000
48.50000	573.00000
48.52000	595.00000
48.54000	573.00000
48.56000	574.00000
48.58000	567.00000
48.60000	562.00000
48.62000	621.00000
48.64000	598.00000
48.66000	548.00000
48.68000	527.00000
48.70000	555.00000
48.72000	615.00000
48.74000	606.00000
48.76000	568.00000
48.78000	593.00000
48.80000	666.00000
48.82000	649.00000
48.84000	627.00000
48.86000	639.00000
48.88000	639.00000
48.90000	707.00000
48.92000	725.00000
48.94000	725.00000
48.96000	598.00000
48.98000	655.00000
49.00000	608.00000
49.02000	581.00000
49.04000	612.00000
49.06000	604.00000
49.08000	613.00000
49.10000	587.00000
49.12000	574.00000
49.14000	555.00000
49.16000	564.00000
49.18000	563.00000
49.20000	553.00000
49.22000	572.00000
49.24000	565.00000
49.26000	552.00000
49.28000	556.00000
49.30000	579.00000
49.32000	578.00000
49.34000	565.00000
49.36000	591.00000
49.38000	541.00000
49.40000	601.00000
49.42000	589.00000
49.44000	621.00000
49.46000	601.00000
49.48000	598.00000
49.50000	567.00000
49.52000	606.00000
49.54000	613.00000
49.56000	597.00000
49.58000	597.00000
49.60000	577.00000
49.62000	651.00000
49.64000	613.00000
49.66000	657.00000
49.68000	597.00000
49.70000	575.00000
49.72000	558.00000
49.74000	575.00000
49.76000	588.00000
49.78000	566.00000
49.80000	590.00000
49.82000	572.00000
49.84000	566.00000
49.86000	564.00000
49.88000	568.00000
49.90000	604.00000
49.92000	558.00000
49.94000	612.00000
49.96000	599.00000
49.98000	587.00000
50.00000	592.00000
50.02000	561.00000
50.04000	603.00000
50.06000	594.00000
50.08000	555.00000
50.10000	577.00000
50.12000	597.00000
50.14000	535.00000
50.16000	594.00000
50.18000	563.00000
50.20000	570.00000
50.22000	554.00000
50.24000	598.00000
50.26000	622.00000
50.28000	631.00000
50.30000	589.00000
50.32000	590.00000
50.34000	615.00000
50.36000	661.00000
50.38000	639.00000
50.40000	713.00000
50.42000	749.00000
50.44000	791.00000
50.46000	859.00000
50.48000	1036.00000
50.50000	1296.00000
50.52000	1512.00000
50.54000	2019.00000
50.56000	2228.00000
50.58000	2495.00000
50.60000	2470.00000
50.62000	2231.00000
50.64000	1915.00000
50.66000	1537.00000
50.68000	1299.00000
50.70000	1096.00000
50.72000	963.00000
50.74000	864.00000
50.76000	785.00000
50.78000	701.00000
50.80000	688.00000
50.82000	695.00000
50.84000	650.00000
50.86000	649.00000
50.88000	597.00000
50.90000	621.00000
50.92000	564.00000
50.94000	629.00000
50.96000	601.00000
50.98000	596.00000
51.00000	595.00000
51.02000	549.00000
51.04000	619.00000
51.06000	621.00000
51.08000	567.00000
51.10000	591.00000
51.12000	595.00000
51.14000	565.00000
51.16000	587.00000
51.18000	594.00000
51.20000	602.00000
51.22000	585.00000
51.24000	591.00000
51.26000	567.00000
51.28000	619.00000
51.30000	548.00000
51.32000	600.00000
51.34000	571.00000
51.36000	607.00000
51.38000	575.00000
51.40000	577.00000
51.42000	581.00000
51.44000	590.00000
51.46000	562.00000
51.48000	581.00000
51.50000	542.00000
51.52000	576.00000
51.54000	567.00000
51.56000	571.00000
51.58000	586.00000
51.60000	599.00000
51.62000	600.00000
51.64000	629.00000
51.66000	635.00000
51.68000	595.00000
51.70000	657.00000
51.72000	606.00000
51.74000	666.00000
51.76000	635.00000
51.78000	656.00000
51.80000	653.00000
51.82000	660.00000
51.84000	697.00000
51.86000	664.00000
51.88000	648.00000
51.90000	745.00000
51.92000	719.00000
51.94000	763.00000
51.96000	781.00000
51.98000	784.00000
52.00000	825.00000
52.02000	906.00000
52.04000	941.00000
52.06000	1074.00000
52.08000	1321.00000
52.10000	1608.00000
52.12000	2053.00000
52.14000	2804.00000
52.16000	3811.00000
52.18000	4986.00000
52.20000	6306.00000
52.22000	7224.00000
52.24000	7649.00000
52.26000	7170.00000
52.28000	6285.00000
52.30000	5300.00000
52.32000	4463.00000
52.34000	4115.00000
52.36000	3943.00000
52.38000	4186.00000
52.40000	4338.00000
52.42000	4296.00000
52.44000	4043.00000
52.46000	3420.00000
52.48000	2690.00000
52.50000	2188.00000
52.52000	1775.00000
52.54000	1383.00000
52.56000	1154.00000
52.58000	1002.00000
52.60000	889.00000
52.62000	861.00000
52.64000	812.00000
52.66000	777.00000
52.68000	724.00000
52.70000	692.00000
52.72000	690.00000
52.74000	696.00000
52.76000	654.00000
52.78000	670.00000
52.80000	656.00000
52.82000	692.00000
52.84000	624.00000
52.86000	597.00000
52.88000	600.00000
52.90000	637.00000
52.92000	635.00000
52.94000	631.00000
52.96000	604.00000
52.98000	589.00000
53.00000	571.00000
53.02000	604.00000
53.04000	624.00000
53.06000	583.00000
53.08000	542.00000
53.10000	567.00000
53.12000	604.00000
53.14000	573.00000
53.16000	565.00000
53.18000	567.00000
53.20000	559.00000
53.22000	577.00000
53.24000	564.00000
53.26000	547.00000
53.28000	589.00000
53.30000	554.00000
53.32000	574.00000
53.34000	585.00000
53.36000	596.00000
53.38000	577.00000
53.40000	594.00000
53.42000	574.00000
53.44000	623.00000
53.46000	637.00000
53.48000	654.00000
53.50000	620.00000
53.52000	631.00000
53.54000	644.00000
53.56000	614.00000
53.58000	612.00000
53.60000	599.00000
53.62000	551.00000
53.64000	599.00000
53.66000	583.00000
53.68000	601.00000
53.70000	540.00000
53.72000	636.00000
53.74000	642.00000
53.76000	647.00000
53.78000	704.00000
53.80000	734.00000
53.82000	772.00000
53.84000	790.00000
53.86000	816.00000
53.88000	888.00000
53.90000	1008.00000
53.92000	1241.00000
53.94000	1407.00000
53.96000	1579.00000
53.98000	1696.00000
54.00000	1580.00000
54.02000	1501.00000
54.04000	1375.00000
54.06000	1142.00000
54.08000	1057.00000
54.10000	975.00000
54.12000	901.00000
54.14000	883.00000
54.16000	888.00000
54.18000	850.00000
54.20000	793.00000
54.22000	673.00000
54.24000	646.00000
54.26000	637.00000
54.28000	660.00000
54.30000	622.00000
54.32000	608.00000
54.34000	574.00000
54.36000	567.00000
54.38000	561.00000
54.40000	586.00000
54.42000	528.00000
54.44000	493.00000
54.46000	561.00000
54.48000	541.00000
54.50000	557.00000
54.52000	563.00000
54.54000	606.00000
54.56000	571.00000
54.58000	533.00000
54.60000	556.00000
54.62000	538.00000
54.64000	539.00000
54.66000	575.00000
54.68000	562.00000
54.70000	524.00000
54.72000	553.00000
54.74000	571.00000
54.76000	530.00000
54.78000	523.00000
54.80000	524.00000
54.82000	525.00000
54.84000	555.00000
54.86000	526.00000
54.88000	533.00000
54.90000	566.00000
54.92000	523.00000
54.94000	504.00000
54.96000	544.00000
54.98000	545.00000
55.00000	529.00000
55.02000	537.00000
55.04000	529.00000
55.06000	513.00000
55.08000	499.00000
55.10000	563.00000
55.12000	509.00000
55.14000	524.00000
55.16000	528.00000
55.18000	541.00000
55.20000	483.00000
55.22000	566.00000
55.24000	513.00000
55.26000	529.00000
55.28000	548.00000
55.30000	509.00000
55.32000	535.00000
55.34000	540.00000
55.36000	534.00000
55.38000	566.00000
55.40000	532.00000
55.42000	576.00000
55.44000	538.00000
55.46000	552.00000
55.48000	596.00000
55.50000	554.00000
55.52000	557.00000
55.54000	517.00000
55.56000	596.00000
55.58000	593.00000
55.60000	543.00000
55.62000	568.00000
55.64000	655.00000
55.66000	676.00000
55.68000	658.00000
55.70000	670.00000
55.72000	701.00000
55.74000	641.00000
55.76000	649.00000
55.78000	629.00000
55.80000	589.00000
55.82000	584.00000
55.84000	601.00000
55.86000	544.00000
55.88000	509.00000
55.90000	535.00000
55.92000	522.00000
55.94000	529.00000
55.96000	553.00000
55.98000	541.00000
56.00000	501.00000
56.02000	523.00000
56.04000	511.00000
56.06000	493.00000
56.08000	512.00000
56.10000	549.00000
56.12000	517.00000
56.14000	491.00000
56.16000	531.00000
56.18000	512.00000
56.20000	518.00000
56.22000	519.00000
56.24000	511.00000
56.26000	492.00000
56.28000	518.00000
56.30000	477.00000
56.32000	526.00000
56.34000	539.00000
56.36000	528.00000
56.38000	510.00000
56.40000	527.00000
56.42000	549.00000
56.44000	540.00000
56.46000	497.00000
56.48000	492.00000
56.50000	549.00000
56.52000	500.00000
56.54000	514.00000
56.56000	530.00000
56.58000	531.00000
56.60000	546.00000
56.62000	476.00000
56.64000	546.00000
56.66000	506.00000
56.68000	489.00000
56.70000	492.00000
56.72000	528.00000
56.74000	566.00000
56.76000	504.00000
56.78000	526.00000
56.80000	512.00000
56.82000	547.00000
56.84000	533.00000
56.86000	576.00000
56.88000	534.00000
56.90000	519.00000
56.92000	550.00000
56.94000	543.00000
56.96000	579.00000
56.98000	562.00000
57.00000	551.00000
57.02000	587.00000
57.04000	593.00000
57.06000	613.00000
57.08000	638.00000
57.10000	713.00000
57.12000	762.00000
57.14000	793.00000
57.16000	755.00000
57.18000	729.00000
57.20000	719.00000
57.22000	691.00000
57.24000	623.00000
57.26000	647.00000
57.28000	650.00000
57.30000	583.00000
57.32000	612.00000
57.34000	655.00000
57.36000	665.00000
57.38000	753.00000
57.40000	880.00000
57.42000	919.00000
57.44000	1061.00000
57.46000	1374.00000
57.48000	1354.00000
57.50000	1367.00000
57.52000	1292.00000
57.54000	1164.00000
57.56000	952.00000
57.58000	872.00000
57.60000	759.00000
57.62000	718.00000
57.64000	652.00000
57.66000	634.00000
57.68000	594.00000
57.70000	590.00000
57.72000	570.00000
57.74000	528.00000
57.76000	576.00000
57.78000	588.00000
57.80000	532.00000
57.82000	533.00000
57.84000	534.00000
57.86000	534.00000
57.88000	545.00000
57.90000	521.00000
57.92000	552.00000
57.94000	554.00000
57.96000	528.00000
57.98000	537.00000
58.00000	513.00000
58.02000	502.00000
58.04000	517.00000
58.06000	530.00000
58.08000	525.00000
58.10000	542.00000
58.12000	523.00000
58.14000	546.00000
58.16000	516.00000
58.18000	511.00000
58.20000	516.00000
58.22000	518.00000
58.24000	543.00000
58.26000	518.00000
58.28000	532.00000
58.30000	498.00000
58.32000	526.00000
58.34000	527.00000
58.36000	525.00000
58.38000	482.00000
58.40000	503.00000
58.42000	506.00000
58.44000	501.00000
58.46000	539.00000
58.48000	541.00000
58.50000	492.00000
58.52000	521.00000
58.54000	500.00000
58.56000	524.00000
58.58000	495.00000
58.60000	515.00000
58.62000	534.00000
58.64000	538.00000
58.66000	533.00000
58.68000	495.00000
58.70000	531.00000
58.72000	511.00000
58.74000	556.00000
58.76000	542.00000
58.78000	531.00000
58.80000	526.00000
58.82000	547.00000
58.84000	537.00000
58.86000	559.00000
58.88000	587.00000
58.90000	559.00000
58.92000	548.00000
58.94000	614.00000
58.96000	541.00000
58.98000	591.00000
59.00000	587.00000
59.02000	587.00000
59.04000	656.00000
59.06000	678.00000
59.08000	676.00000
59.10000	671.00000
59.12000	793.00000
59.14000	805.00000
59.16000	751.00000
59.18000	847.00000
59.20000	806.00000
59.22000	660.00000
59.24000	701.00000
59.26000	642.00000
59.28000	570.00000
59.30000	574.00000
59.32000	560.00000
59.34000	531.00000
59.36000	486.00000
59.38000	562.00000
59.40000	535.00000
59.42000	506.00000
59.44000	543.00000
59.46000	506.00000
59.48000	478.00000
59.50000	509.00000
59.52000	547.00000
59.54000	508.00000
59.56000	503.00000
59.58000	505.00000
59.60000	498.00000
59.62000	502.00000
59.64000	528.00000
59.66000	529.00000
59.68000	521.00000
59.70000	510.00000
59.72000	528.00000
59.74000	491.00000
59.76000	521.00000
59.78000	492.00000
59.80000	532.00000
59.82000	539.00000
59.84000	522.00000
59.86000	546.00000
59.88000	493.00000
59.90000	539.00000
59.92000	504.00000
59.94000	508.00000
59.96000	560.00000
59.98000	552.00000
60.00000	574.00000
60.02000	532.00000
60.04000	503.00000
60.06000	524.00000
60.08000	505.00000
60.10000	535.00000
60.12000	537.00000
60.14000	509.00000
60.16000	502.00000
60.18000	536.00000
60.20000	492.00000
60.22000	521.00000
60.24000	492.00000
60.26000	502.00000
60.28000	493.00000
60.30000	472.00000
60.32000	533.00000
60.34000	507.00000
60.36000	510.00000
60.38000	510.00000
60.40000	478.00000
60.42000	516.00000
60.44000	515.00000
60.46000	490.00000
60.48000	480.00000
60.50000	464.00000
60.52000	491.00000
60.54000	521.00000
60.56000	512.00000
60.58000	505.00000
60.60000	518.00000
60.62000	518.00000
60.64000	466.00000
60.66000	545.00000
60.68000	515.00000
60.70000	524.00000
60.72000	522.00000
60.74000	533.00000
60.76000	558.00000
60.78000	505.00000
60.80000	494.00000
60.82000	479.00000
60.84000	487.00000
60.86000	488.00000
60.88000	515.00000
60.90000	517.00000
60.92000	523.00000
60.94000	487.00000
60.96000	500.00000
60.98000	530.00000
61.00000	536.00000
61.02000	510.00000
61.04000	526.00000
61.06000	541.00000
61.08000	487.00000
61.10000	511.00000
61.12000	517.00000
61.14000	516.00000
61.16000	506.00000
61.18000	523.00000
61.20000	566.00000
61.22000	526.00000
61.24000	535.00000
61.26000	548.00000
61.28000	538.00000
61.30000	531.00000
61.32000	566.00000
61.34000	529.00000
61.36000	549.00000
61.38000	542.00000
61.40000	527.00000
61.42000	567.00000
61.44000	549.00000
61.46000	547.00000
61.48000	575.00000
61.50000	604.00000
61.52000	639.00000
61.54000	629.00000
61.56000	585.00000
61.58000	583.00000
61.60000	634.00000
61.62000	569.00000
61.64000	599.00000
61.66000	603.00000
61.68000	573.00000
61.70000	605.00000
61.72000	658.00000
61.74000	611.00000
61.76000	629.00000
61.78000	711.00000
61.80000	755.00000
61.82000	785.00000
61.84000	885.00000
61.86000	1024.00000
61.88000	1241.00000
61.90000	1515.00000
61.92000	1870.00000
61.94000	2349.00000
61.96000	2834.00000
61.98000	3429.00000
62.00000	3737.00000
62.02000	3789.00000
62.04000	3681.00000
62.06000	3175.00000
62.08000	2682.00000
62.10000	2207.00000
62.12000	1803.00000
62.14000	1625.00000
62.16000	1543.00000
62.18000	1581.00000
62.20000	1707.00000
62.22000	1973.00000
62.24000	2572.00000
62.26000	3243.00000
62.28000	4093.00000
62.30000	5117.00000
62.32000	5646.00000
62.34000	5928.00000
62.36000	5645.00000
62.38000	4862.00000
62.40000	4016.00000
62.42000	3251.00000
62.44000	2424.00000
62.46000	1908.00000
62.48000	1541.00000
62.50000	1190.00000
62.52000	1056.00000
62.54000	974.00000
62.56000	844.00000
62.58000	817.00000
62.60000	772.00000
62.62000	700.00000
62.64000	705.00000
62.66000	653.00000
62.68000	641.00000
62.70000	647.00000
62.72000	644.00000
62.74000	627.00000
62.76000	577.00000
62.78000	581.00000
62.80000	587.00000
62.82000	583.00000
62.84000	554.00000
62.86000	554.00000
62.88000	581.00000
62.90000	567.00000
62.92000	601.00000
62.94000	555.00000
62.96000	563.00000
62.98000	564.00000
63.00000	594.00000
63.02000	562.00000
63.04000	580.00000
63.06000	578.00000
63.08000	531.00000
63.10000	543.00000
63.12000	529.00000
63.14000	574.00000
63.16000	521.00000
63.18000	531.00000
63.20000	528.00000
63.22000	533.00000
63.24000	495.00000
63.26000	531.00000
63.28000	515.00000
63.30000	493.00000
63.32000	491.00000
63.34000	545.00000
63.36000	527.00000
63.38000	509.00000
63.40000	552.00000
63.42000	543.00000
63.44000	568.00000
63.46000	507.00000
63.48000	650.00000
63.50000	639.00000
63.52000	673.00000
63.54000	703.00000
63.56000	752.00000
63.58000	733.00000
63.60000	735.00000
63.62000	704.00000
63.64000	670.00000
63.66000	656.00000
63.68000	592.00000
63.70000	615.00000
63.72000	572.00000
63.74000	565.00000
63.76000	515.00000
63.78000	504.00000
63.80000	511.00000
63.82000	506.00000
63.84000	544.00000
63.86000	560.00000
63.88000	507.00000
63.90000	512.00000
63.92000	549.00000
63.94000	501.00000
63.96000	513.00000
63.98000	503.00000
64.00000	496.00000
64.02000	511.00000
64.04000	503.00000
64.06000	503.00000
64.08000	546.00000
64.10000	504.00000
64.12000	515.00000
64.14000	495.00000
64.16000	510.00000
64.18000	516.00000
64.20000	527.00000
64.22000	472.00000
64.24000	516.00000
64.26000	511.00000
64.28000	504.00000
64.30000	481.00000
64.32000	500.00000
64.34000	500.00000
64.36000	493.00000
64.38000	483.00000
64.40000	473.00000
64.42000	535.00000
64.44000	492.00000
64.46000	513.00000
64.48000	508.00000
64.50000	484.00000
64.52000	493.00000
64.54000	489.00000
64.56000	489.00000
64.58000	492.00000
64.60000	505.00000
64.62000	483.00000
64.64000	488.00000
64.66000	494.00000
64.68000	472.00000
64.70000	498.00000
64.72000	511.00000
64.74000	478.00000
64.76000	489.00000
64.78000	520.00000
64.80000	491.00000
64.82000	498.00000
64.84000	524.00000
64.86000	564.00000
64.88000	527.00000
64.90000	540.00000
64.92000	503.00000
64.94000	535.00000
64.96000	538.00000
64.98000	505.00000
65.00000	534.00000
65.02000	521.00000
65.04000	557.00000
65.06000	560.00000
65.08000	584.00000
65.10000	616.00000
65.12000	607.00000
65.14000	669.00000
65.16000	659.00000
65.18000	736.00000
65.20000	860.00000
65.22000	1101.00000
65.24000	1334.00000
65.26000	1666.00000
65.28000	2015.00000
65.30000	2284.00000
65.32000	2652.00000
65.34000	2653.00000
65.36000	2406.00000
65.38000	2073.00000
65.40000	1658.00000
65.42000	1418.00000
65.44000	1155.00000
65.46000	901.00000
65.48000	823.00000
65.50000	768.00000
65.52000	745.00000
65.54000	673.00000
65.56000	638.00000
65.58000	613.00000
65.60000	578.00000
65.62000	549.00000
65.64000	586.00000
65.66000	592.00000
65.68000	536.00000
65.70000	515.00000
65.72000	542.00000
65.74000	532.00000
65.76000	530.00000
65.78000	537.00000
65.80000	517.00000
65.82000	515.00000
65.84000	519.00000
65.86000	521.00000
65.88000	556.00000
65.90000	538.00000
65.92000	471.00000
65.94000	537.00000
65.96000	510.00000
65.98000	527.00000
66.00000	503.00000
66.02000	468.00000
66.04000	507.00000
66.06000	449.00000
66.08000	492.00000
66.10000	490.00000
66.12000	472.00000
66.14000	520.00000
66.16000	504.00000
66.18000	525.00000
66.20000	496.00000
66.22000	509.00000
66.24000	483.00000
66.26000	452.00000
66.28000	497.00000
66.30000	478.00000
66.32000	496.00000
66.34000	522.00000
66.36000	490.00000
66.38000	481.00000
66.40000	483.00000
66.42000	497.00000
66.44000	474.00000
66.46000	492.00000
66.48000	510.00000
66.50000	492.00000
66.52000	510.00000
66.54000	512.00000
66.56000	482.00000
66.58000	505.00000
66.60000	493.00000
66.62000	465.00000
66.64000	469.00000
66.66000	549.00000
66.68000	506.00000
66.70000	512.00000
66.72000	495.00000
66.74000	528.00000
66.76000	530.00000
66.78000	540.00000
66.80000	523.00000
66.82000	584.00000
66.84000	632.00000
66.86000	599.00000
66.88000	607.00000
66.90000	631.00000
66.92000	613.00000
66.94000	692.00000
66.96000	696.00000
66.98000	725.00000
67.00000	776.00000
67.02000	760.00000
67.04000	818.00000
67.06000	748.00000
67.08000	653.00000
67.10000	648.00000
67.12000	539.00000
67.14000	536.00000
67.16000	522.00000
67.18000	518.00000
67.20000	504.00000
67.22000	480.00000
67.24000	515.00000
67.26000	499.00000
67.28000	502.00000
67.30000	502.00000
67.32000	459.00000
67.34000	537.00000
67.36000	500.00000
67.38000	453.00000
67.40000	488.00000
67.42000	458.00000
67.44000	486.00000
67.46000	496.00000
67.48000	445.00000
67.50000	468.00000
67.52000	496.00000
67.54000	457.00000
67.56000	452.00000
67.58000	472.00000
67.60000	477.00000
67.62000	467.00000
67.64000	417.00000
67.66000	493.00000
67.68000	464.00000
67.70000	465.00000
67.72000	502.00000
67.74000	470.00000
67.76000	454.00000
67.78000	481.00000
67.80000	479.00000
67.82000	464.00000
67.84000	467.00000
67.86000	467.00000
67.88000	457.00000
67.90000	480.00000
67.92000	502.00000
67.94000	498.00000
67.96000	472.00000
67.98000	457.00000
68.00000	480.00000
68.02000	433.00000
68.04000	483.00000
68.06000	471.00000
68.08000	484.00000
68.10000	482.00000
68.12000	506.00000
68.14000	476.00000
68.16000	465.00000
68.18000	472.00000
68.20000	510.00000
68.22000	447.00000
68.24000	470.00000
68.26000	522.00000
68.28000	482.00000
68.30000	486.00000
68.32000	460.00000
68.34000	505.00000
68.36000	491.00000
68.38000	474.00000
68.40000	468.00000
68.42000	468.00000
68.44000	506.00000
68.46000	494.00000
68.48000	502.00000
68.50000	501.00000
68.52000	494.00000
68.54000	434.00000
68.56000	465.00000
68.58000	468.00000
68.60000	504.00000
68.62000	470.00000
68.64000	506.00000
68.66000	500.00000
68.68000	482.00000
68.70000	493.00000
68.72000	481.00000
68.74000	470.00000
68.76000	476.00000
68.78000	482.00000
68.80000	470.00000
68.82000	491.00000
68.84000	473.00000
68.86000	519.00000
68.88000	544.00000
68.90000	557.00000
68.92000	509.00000
68.94000	513.00000
68.96000	493.00000
68.98000	516.00000
69.00000	490.00000
69.02000	525.00000
69.04000	523.00000
69.06000	515.00000
69.08000	483.00000
69.10000	519.00000
69.12000	474.00000
69.14000	512.00000
69.16000	502.00000
69.18000	502.00000
69.20000	490.00000
69.22000	479.00000
69.24000	495.00000
69.26000	453.00000
69.28000	496.00000
69.30000	436.00000
69.32000	489.00000
69.34000	466.00000
69.36000	523.00000
69.38000	478.00000
69.40000	457.00000
69.42000	517.00000
69.44000	513.00000
69.46000	478.00000
69.48000	494.00000
69.50000	456.00000
69.52000	502.00000
69.54000	481.00000
69.56000	440.00000
69.58000	475.00000
69.60000	487.00000
69.62000	505.00000
69.64000	499.00000
69.66000	482.00000
69.68000	500.00000
69.70000	478.00000
69.72000	469.00000
69.74000	523.00000
69.76000	517.00000
69.78000	505.00000
69.80000	494.00000
69.82000	543.00000
69.84000	585.00000
69.86000	606.00000
69.88000	720.00000
69.90000	748.00000
69.92000	854.00000
69.94000	968.00000
69.96000	1057.00000
69.98000	1089.00000
70.00000	1011.00000
70.02000	943.00000
70.04000	841.00000
70.06000	755.00000
70.08000	664.00000
70.10000	664.00000
70.12000	575.00000
70.14000	558.00000
70.16000	555.00000
70.18000	507.00000
70.20000	487.00000
70.22000	503.00000
70.24000	474.00000
70.26000	495.00000
70.28000	483.00000
70.30000	482.00000
70.32000	497.00000
70.34000	487.00000
70.36000	507.00000
70.38000	482.00000
70.40000	495.00000
70.42000	489.00000
70.44000	480.00000
70.46000	478.00000
70.48000	479.00000
70.50000	489.00000
70.52000	494.00000
70.54000	511.00000
70.56000	469.00000
70.58000	433.00000
70.60000	489.00000
70.62000	450.00000
70.64000	475.00000
70.66000	478.00000
70.68000	459.00000
70.70000	444.00000
70.72000	505.00000
70.74000	460.00000
70.76000	460.00000
70.78000	435.00000
70.80000	456.00000
70.82000	486.00000
70.84000	459.00000
70.86000	497.00000
70.88000	470.00000
70.90000	495.00000
70.92000	455.00000
70.94000	484.00000
70.96000	458.00000
70.98000	486.00000
71.00000	454.00000
71.02000	468.00000
71.04000	431.00000
71.06000	430.00000
71.08000	455.00000
71.10000	475.00000
71.12000	449.00000
71.14000	467.00000
71.16000	483.00000
71.18000	471.00000
71.20000	521.00000
71.22000	478.00000
71.24000	476.00000
71.26000	480.00000
71.28000	480.00000
71.30000	462.00000
71.32000	482.00000
71.34000	491.00000
71.36000	472.00000
71.38000	528.00000
71.40000	508.00000
71.42000	554.00000
71.44000	520.00000
71.46000	526.00000
71.48000	509.00000
71.50000	517.00000
71.52000	504.00000
71.54000	514.00000
71.56000	556.00000
71.58000	488.00000
71.60000	457.00000
71.62000	474.00000
71.64000	478.00000
71.66000	484.00000
71.68000	454.00000
71.70000	449.00000
71.72000	472.00000
71.74000	472.00000
71.76000	485.00000
71.78000	444.00000
71.80000	480.00000
71.82000	513.00000
71.84000	460.00000
71.86000	448.00000
71.88000	479.00000
71.90000	474.00000
71.92000	464.00000
71.94000	483.00000
71.96000	489.00000
71.98000	472.00000
72.00000	463.00000
72.02000	481.00000
72.04000	451.00000
72.06000	472.00000
72.08000	498.00000
72.10000	496.00000
72.12000	494.00000
72.14000	505.00000
72.16000	515.00000
72.18000	564.00000
72.20000	519.00000
72.22000	517.00000
72.24000	559.00000
72.26000	533.00000
72.28000	505.00000
72.30000	507.00000
72.32000	497.00000
72.34000	489.00000
72.36000	492.00000
72.38000	520.00000
72.40000	505.00000
72.42000	500.00000
72.44000	473.00000
72.46000	479.00000
72.48000	470.00000
72.50000	457.00000
72.52000	475.00000
72.54000	499.00000
72.56000	481.00000
72.58000	457.00000
72.60000	490.00000
72.62000	481.00000
72.64000	502.00000
72.66000	447.00000
72.68000	505.00000
72.70000	519.00000
72.72000	520.00000
72.74000	519.00000
72.76000	493.00000
72.78000	518.00000
72.80000	554.00000
72.82000	557.00000
72.84000	621.00000
72.86000	686.00000
72.88000	741.00000
72.90000	868.00000
72.92000	972.00000
72.94000	1036.00000
72.96000	1088.00000
72.98000	1018.00000
73.00000	967.00000
73.02000	872.00000
73.04000	817.00000
73.06000	661.00000
73.08000	671.00000
73.10000	636.00000
73.12000	585.00000
73.14000	562.00000
73.16000	559.00000
73.18000	536.00000
73.20000	545.00000
73.22000	534.00000
73.24000	525.00000
73.26000	509.00000
73.28000	496.00000
73.30000	519.00000
73.32000	482.00000
73.34000	494.00000
73.36000	489.00000
73.38000	472.00000
73.40000	500.00000
73.42000	487.00000
73.44000	497.00000
73.46000	485.00000
73.48000	452.00000
73.50000	484.00000
73.52000	457.00000
73.54000	496.00000
73.56000	481.00000
73.58000	469.00000
73.60000	501.00000
73.62000	483.00000
73.64000	453.00000
73.66000	456.00000
73.68000	444.00000
73.70000	506.00000
73.72000	472.00000
73.74000	472.00000
73.76000	480.00000
73.78000	491.00000
73.80000	435.00000
73.82000	460.00000
73.84000	481.00000
73.86000	497.00000
73.88000	466.00000
73.90000	453.00000
73.92000	480.00000
73.94000	463.00000
73.96000	455.00000
73.98000	451.00000
74.00000	478.00000
74.02000	494.00000
74.04000	490.00000
74.06000	488.00000
74.08000	480.00000
74.10000	473.00000
74.12000	473.00000
74.14000	480.00000
74.16000	477.00000
74.18000	429.00000
74.20000	462.00000
74.22000	459.00000
74.24000	457.00000
74.26000	461.00000
74.28000	518.00000
74.30000	483.00000
74.32000	460.00000
74.34000	447.00000
74.36000	461.00000
74.38000	493.00000
74.40000	479.00000
74.42000	471.00000
74.44000	433.00000
74.46000	470.00000
74.48000	472.00000
74.50000	456.00000
74.52000	445.00000
74.54000	468.00000
74.56000	487.00000
74.58000	467.00000
74.60000	471.00000
74.62000	479.00000
74.64000	470.00000
74.66000	468.00000
74.68000	480.00000
74.70000	484.00000
74.72000	458.00000
74.74000	444.00000
74.76000	484.00000
74.78000	497.00000
74.80000	495.00000
74.82000	470.00000
74.84000	494.00000
74.86000	484.00000
74.88000	495.00000
74.90000	472.00000
74.92000	471.00000
74.94000	471.00000
74.96000	468.00000
74.98000	522.00000
75.00000	465.00000
75.02000	454.00000
75.04000	434.00000
75.06000	484.00000
75.08000	456.00000
75.10000	496.00000
75.12000	436.00000
75.14000	440.00000
75.16000	438.00000
75.18000	482.00000
75.20000	506.00000
75.22000	489.00000
75.24000	483.00000
75.26000	474.00000
75.28000	464.00000
75.30000	515.00000
75.32000	507.00000
75.34000	508.00000
75.36000	513.00000
75.38000	555.00000
75.40000	611.00000
75.42000	691.00000
75.44000	771.00000
75.46000	833.00000
75.48000	905.00000
75.50000	961.00000
75.52000	1059.00000
75.54000	1096.00000
75.56000	982.00000
75.58000	911.00000
75.60000	817.00000
75.62000	774.00000
75.64000	690.00000
75.66000	633.00000
75.68000	600.00000
75.70000	553.00000
75.72000	537.00000
75.74000	552.00000
75.76000	499.00000
75.78000	522.00000
75.80000	523.00000
75.82000	518.00000
75.84000	522.00000
75.86000	516.00000
75.88000	514.00000
75.90000	523.00000
75.92000	477.00000
75.94000	491.00000
75.96000	456.00000
75.98000	508.00000
76.00000	457.00000
76.02000	498.00000
76.04000	471.00000
76.06000	470.00000
76.08000	471.00000
76.10000	493.00000
76.12000	524.00000
76.14000	490.00000
76.16000	504.00000
76.18000	538.00000
76.20000	490.00000
76.22000	460.00000
76.24000	509.00000
76.26000	474.00000
76.28000	503.00000
76.30000	495.00000
76.32000	459.00000
76.34000	493.00000
76.36000	494.00000
76.38000	463.00000
76.40000	472.00000
76.42000	531.00000
76.44000	498.00000
76.46000	496.00000
76.48000	459.00000
76.50000	492.00000
76.52000	548.00000
76.54000	558.00000
76.56000	576.00000
76.58000	592.00000
76.60000	634.00000
76.62000	721.00000
76.64000	765.00000
76.66000	816.00000
76.68000	801.00000
76.70000	886.00000
76.72000	846.00000
76.74000	850.00000
76.76000	791.00000
76.78000	791.00000
76.80000	684.00000
76.82000	653.00000
76.84000	621.00000
76.86000	554.00000
76.88000	556.00000
76.90000	559.00000
76.92000	515.00000
76.94000	514.00000
76.96000	543.00000
76.98000	499.00000
77.00000	530.00000
77.02000	542.00000
77.04000	545.00000
77.06000	518.00000
77.08000	548.00000
77.10000	538.00000
77.12000	571.00000
77.14000	581.00000
77.16000	569.00000
77.18000	635.00000
77.20000	704.00000
77.22000	795.00000
77.24000	815.00000
77.26000	878.00000
77.28000	954.00000
77.30000	964.00000
77.32000	905.00000
77.34000	887.00000
77.36000	834.00000
77.38000	798.00000
77.40000	689.00000
77.42000	649.00000
77.44000	603.00000
77.46000	532.00000
77.48000	573.00000
77.50000	516.00000
77.52000	517.00000
77.54000	507.00000
77.56000	515.00000
77.58000	534.00000
77.60000	495.00000
77.62000	495.00000
77.64000	520.00000
77.66000	481.00000
77.68000	499.00000
77.70000	505.00000
77.72000	494.00000
77.74000	513.00000
77.76000	492.00000
77.78000	480.00000
77.80000	494.00000
77.82000	492.00000
77.84000	512.00000
77.86000	492.00000
77.88000	514.00000
77.90000	470.00000
77.92000	507.00000
77.94000	502.00000
77.96000	536.00000
77.98000	515.00000
78.00000	512.00000
78.02000	550.00000
78.04000	531.00000
78.06000	539.00000
78.08000	574.00000
78.10000	549.00000
78.12000	584.00000
78.14000	566.00000
78.16000	568.00000
78.18000	541.00000
78.20000	584.00000
78.22000	558.00000
78.24000	539.00000
78.26000	477.00000
78.28000	538.00000
78.30000	485.00000
78.32000	534.00000
78.34000	541.00000
78.36000	569.00000
78.38000	542.00000
78.40000	555.00000
78.42000	572.00000
78.44000	625.00000
78.46000	651.00000
78.48000	679.00000
78.50000	712.00000
78.52000	837.00000
78.54000	930.00000
78.56000	975.00000
78.58000	1000.00000
78.60000	1032.00000
78.62000	976.00000
78.64000	817.00000
78.66000	789.00000
78.68000	691.00000
78.70000	656.00000
78.72000	593.00000
78.74000	556.00000
78.76000	544.00000
78.78000	555.00000
78.80000	530.00000
78.82000	541.00000
78.84000	513.00000
78.86000	487.00000
78.88000	538.00000
78.90000	516.00000
78.92000	512.00000
78.94000	481.00000
78.96000	466.00000
78.98000	478.00000
79.00000	483.00000
79.02000	500.00000
79.04000	494.00000
79.06000	485.00000
79.08000	511.00000
79.10000	492.00000
79.12000	540.00000
79.14000	436.00000
79.16000	492.00000
79.18000	442.00000
79.20000	471.00000
79.22000	469.00000
79.24000	466.00000
79.26000	499.00000
79.28000	507.00000
79.30000	460.00000
79.32000	495.00000
79.34000	469.00000
79.36000	481.00000
79.38000	448.00000
79.40000	494.00000
79.42000	483.00000
79.44000	531.00000
79.46000	461.00000
79.48000	471.00000
79.50000	481.00000
79.52000	470.00000
79.54000	501.00000
79.56000	470.00000
79.58000	464.00000
79.60000	479.00000
79.62000	478.00000
79.64000	529.00000
79.66000	484.00000
79.68000	477.00000
79.70000	553.00000
79.72000	502.00000
79.74000	514.00000
79.76000	500.00000
79.78000	523.00000
79.80000	552.00000
79.82000	562.00000
79.84000	543.00000
79.86000	542.00000
79.88000	517.00000
79.90000	541.00000
79.92000	520.00000
79.94000	490.00000
79.96000	502.00000
79.98000	515.00000
80.00000	508.00000
80.02000	484.00000
80.04000	492.00000
80.06000	514.00000
80.08000	534.00000
80.10000	473.00000
80.12000	580.00000
80.14000	542.00000
80.16000	511.00000
80.18000	539.00000
80.20000	522.00000
80.22000	482.00000
80.24000	493.00000
80.26000	533.00000
80.28000	463.00000
80.30000	475.00000
80.32000	530.00000
80.34000	496.00000
80.36000	461.00000
80.38000	488.00000
80.40000	493.00000
80.42000	495.00000
80.44000	478.00000
80.46000	498.00000
80.48000	473.00000
80.50000	464.00000
80.52000	493.00000
80.54000	455.00000
80.56000	501.00000
80.58000	482.00000
80.60000	501.00000
80.62000	464.00000
80.64000	466.00000
80.66000	475.00000
80.68000	454.00000
80.70000	525.00000
80.72000	487.00000
80.74000	442.00000
80.76000	483.00000
80.78000	489.00000
80.80000	476.00000
80.82000	510.00000
80.84000	468.00000
80.86000	466.00000
80.88000	508.00000
80.90000	501.00000
80.92000	473.00000
80.94000	474.00000
80.96000	458.00000
80.98000	464.00000
81.00000	490.00000
81.02000	493.00000
81.04000	486.00000
81.06000	474.00000
81.08000	499.00000
81.10000	451.00000
81.12000	527.00000
81.14000	536.00000
81.16000	598.00000
81.18000	583.00000
81.20000	588.00000
81.22000	609.00000
81.24000	625.00000
81.26000	578.00000
81.28000	578.00000
81.30000	554.00000
81.32000	551.00000
81.34000	558.00000
81.36000	536.00000
81.38000	494.00000
81.40000	518.00000
81.42000	493.00000
81.44000	482.00000
81.46000	528.00000
81.48000	474.00000
81.50000	457.00000
81.52000	509.00000
81.54000	451.00000
81.56000	446.00000
81.58000	471.00000
81.60000	477.00000
81.62000	426.00000
81.64000	513.00000
81.66000	501.00000
81.68000	438.00000
81.70000	444.00000
81.72000	465.00000
81.74000	478.00000
81.76000	451.00000
81.78000	479.00000
81.80000	461.00000
81.82000	474.00000
81.84000	498.00000
81.86000	460.00000
81.88000	452.00000
81.90000	453.00000
81.92000	450.00000
81.94000	448.00000
81.96000	464.00000
81.98000	483.00000
82.00000	467.00000
82.02000	448.00000
82.04000	455.00000
82.06000	488.00000
82.08000	479.00000
82.10000	465.00000
82.12000	477.00000
82.14000	485.00000
82.16000	492.00000
82.18000	452.00000
82.20000	478.00000
82.22000	457.00000
82.24000	453.00000
82.26000	456.00000
82.28000	475.00000
82.30000	497.00000
82.32000	462.00000
82.34000	469.00000
82.36000	444.00000
82.38000	467.00000
82.40000	465.00000
82.42000	470.00000
82.44000	462.00000
82.46000	443.00000
82.48000	436.00000
82.50000	462.00000
82.52000	468.00000
82.54000	482.00000
82.56000	509.00000
82.58000	445.00000
82.60000	494.00000
82.62000	461.00000
82.64000	468.00000
82.66000	460.00000
82.68000	474.00000
82.70000	535.00000
82.72000	505.00000
82.74000	492.00000
82.76000	501.00000
82.78000	473.00000
82.80000	457.00000
82.82000	473.00000
82.84000	489.00000
82.86000	478.00000
82.88000	490.00000
82.90000	507.00000
82.92000	446.00000
82.94000	479.00000
82.96000	489.00000
82.98000	494.00000
83.00000	481.00000
83.02000	470.00000
83.04000	470.00000
83.06000	433.00000
83.08000	494.00000
83.10000	443.00000
83.12000	456.00000
83.14000	486.00000
83.16000	462.00000
83.18000	448.00000
83.20000	447.00000
83.22000	455.00000
83.24000	452.00000
83.26000	499.00000
83.28000	481.00000
83.30000	488.00000
83.32000	472.00000
83.34000	471.00000
83.36000	454.00000
83.38000	460.00000
83.40000	448.00000
83.42000	491.00000
83.44000	477.00000
83.46000	478.00000
83.48000	433.00000
83.50000	450.00000
83.52000	423.00000
83.54000	464.00000
83.56000	453.00000
83.58000	444.00000
83.60000	520.00000
83.62000	493.00000
83.64000	493.00000
83.66000	516.00000
83.68000	505.00000
83.70000	529.00000
83.72000	506.00000
83.74000	560.00000
83.76000	536.00000
83.78000	539.00000
83.80000	579.00000
83.82000	562.00000
83.84000	561.00000
83.86000	548.00000
83.88000	512.00000
83.90000	493.00000
83.92000	521.00000
83.94000	516.00000
83.96000	524.00000
83.98000	473.00000
84.00000	521.00000
84.02000	518.00000
84.04000	515.00000
84.06000	522.00000
84.08000	565.00000
84.10000	609.00000
84.12000	633.00000
84.14000	637.00000
84.16000	721.00000
84.18000	768.00000
84.20000	836.00000
84.22000	846.00000
84.24000	808.00000
84.26000	863.00000
84.28000	788.00000
84.30000	696.00000
84.32000	733.00000
84.34000	688.00000
84.36000	612.00000
84.38000	579.00000
84.40000	611.00000
84.42000	608.00000
84.44000	561.00000
84.46000	567.00000
84.48000	512.00000
84.50000	530.00000
84.52000	500.00000
84.54000	503.00000
84.56000	474.00000
84.58000	521.00000
84.60000	508.00000
84.62000	478.00000
84.64000	486.00000
84.66000	506.00000
84.68000	484.00000
84.70000	477.00000
84.72000	480.00000
84.74000	500.00000
84.76000	512.00000
84.78000	515.00000
84.80000	493.00000
84.82000	493.00000
84.84000	501.00000
84.86000	517.00000
84.88000	502.00000
84.90000	527.00000
84.92000	510.00000
84.94000	523.00000
84.96000	511.00000
84.98000	556.00000
85.00000	511.00000
85.02000	509.00000
85.04000	520.00000
85.06000	543.00000
85.08000	539.00000
85.10000	504.00000
85.12000	558.00000
85.14000	539.00000
85.16000	570.00000
85.18000	567.00000
85.20000	623.00000
85.22000	582.00000
85.24000	656.00000
85.26000	672.00000
85.28000	718.00000
85.30000	802.00000
85.32000	910.00000
85.34000	987.00000
85.36000	1141.00000
85.38000	1457.00000
85.40000	1663.00000
85.42000	1914.00000
85.44000	2058.00000
85.46000	2079.00000
85.48000	1989.00000
85.50000	1832.00000
85.52000	1621.00000
85.54000	1386.00000
85.56000	1164.00000
85.58000	1101.00000
85.60000	1001.00000
85.62000	947.00000
85.64000	1008.00000
85.66000	1012.00000
85.68000	1117.00000
85.70000	1147.00000
85.72000	1226.00000
85.74000	1288.00000
85.76000	1200.00000
85.78000	1121.00000
85.80000	1027.00000
85.82000	888.00000
85.84000	809.00000
85.86000	753.00000
85.88000	631.00000
85.90000	627.00000
85.92000	578.00000
85.94000	524.00000
85.96000	538.00000
85.98000	518.00000
86.00000	533.00000
86.02000	521.00000
86.04000	543.00000
86.06000	527.00000
86.08000	531.00000
86.10000	558.00000
86.12000	503.00000
86.14000	504.00000
86.16000	481.00000
86.18000	495.00000
86.20000	480.00000
86.22000	427.00000
86.24000	511.00000
86.26000	472.00000
86.28000	458.00000
86.30000	450.00000
86.32000	508.00000
86.34000	508.00000
86.36000	489.00000
86.38000	499.00000
86.40000	520.00000
86.42000	474.00000
86.44000	483.00000
86.46000	492.00000
86.48000	505.00000
86.50000	481.00000
86.52000	488.00000
86.54000	470.00000
86.56000	500.00000
86.58000	469.00000
86.60000	455.00000
86.62000	478.00000
86.64000	454.00000
86.66000	443.00000
86.68000	458.00000
86.70000	482.00000
86.72000	516.00000
86.74000	433.00000
86.76000	481.00000
86.78000	497.00000
86.80000	484.00000
86.82000	511.00000
86.84000	491.00000
86.86000	477.00000
86.88000	504.00000
86.90000	488.00000
86.92000	449.00000
86.94000	495.00000
86.96000	465.00000
86.98000	483.00000
87.00000	504.00000
87.02000	465.00000
87.04000	552.00000
87.06000	531.00000
87.08000	538.00000
87.10000	556.00000
87.12000	508.00000
87.14000	473.00000
87.16000	542.00000
87.18000	500.00000
87.20000	512.00000
87.22000	493.00000
87.24000	525.00000
87.26000	481.00000
87.28000	513.00000
87.30000	485.00000
87.32000	455.00000
87.34000	471.00000
87.36000	513.00000
87.38000	496.00000
87.40000	466.00000
87.42000	481.00000
87.44000	487.00000
87.46000	461.00000
87.48000	477.00000
87.50000	500.00000
87.52000	499.00000
87.54000	504.00000
87.56000	476.00000
87.58000	513.00000
87.60000	433.00000
87.62000	533.00000
87.64000	517.00000
87.66000	476.00000
87.68000	510.00000
87.70000	529.00000
87.72000	528.00000
87.74000	567.00000
87.76000	523.00000
87.78000	557.00000
87.80000	580.00000
87.82000	598.00000
87.84000	658.00000
87.86000	694.00000
87.88000	783.00000
87.90000	865.00000
87.92000	996.00000
87.94000	1010.00000
87.96000	1157.00000
87.98000	1206.00000
88.00000	1346.00000
88.02000	1236.00000
88.04000	1166.00000
88.06000	1074.00000
88.08000	972.00000
88.10000	892.00000
88.12000	815.00000
88.14000	732.00000
88.16000	727.00000
88.18000	670.00000
88.20000	632.00000
88.22000	674.00000
88.24000	667.00000
88.26000	695.00000
88.28000	714.00000
88.30000	741.00000
88.32000	819.00000
88.34000	942.00000
88.36000	1032.00000
88.38000	1158.00000
88.40000	1273.00000
88.42000	1283.00000
88.44000	1347.00000
88.46000	1297.00000
88.48000	1302.00000
88.50000	1272.00000
88.52000	1270.00000
88.54000	1250.00000
88.56000	1213.00000
88.58000	1142.00000
88.60000	1119.00000
88.62000	1048.00000
88.64000	919.00000
88.66000	849.00000
88.68000	730.00000
88.70000	687.00000
88.72000	692.00000
88.74000	647.00000
88.76000	622.00000
88.78000	577.00000
88.80000	532.00000
88.82000	534.00000
88.84000	539.00000
88.86000	539.00000
88.88000	489.00000
88.90000	515.00000
88.92000	502.00000
88.94000	499.00000
88.96000	495.00000
88.98000	495.00000
89.00000	501.00000
89.02000	476.00000
89.04000	503.00000
89.06000	483.00000
89.08000	482.00000
89.10000	428.00000
89.12000	511.00000
89.14000	478.00000
89.16000	491.00000
89.18000	497.00000
89.20000	486.00000
89.22000	507.00000
89.24000	506.00000
89.26000	528.00000
89.28000	501.00000
89.30000	528.00000
89.32000	572.00000
89.34000	583.00000
89.36000	619.00000
89.38000	595.00000
89.40000	563.00000
89.42000	599.00000
89.44000	584.00000
89.46000	538.00000
89.48000	541.00000
89.50000	474.00000
89.52000	538.00000
89.54000	532.00000
89.56000	497.00000
89.58000	504.00000
89.60000	423.00000
89.62000	483.00000
89.64000	434.00000
89.66000	444.00000
89.68000	415.00000
89.70000	465.00000
89.72000	456.00000
89.74000	457.00000
89.76000	446.00000
89.78000	478.00000
89.80000	454.00000
89.82000	495.00000
89.84000	453.00000
89.86000	421.00000
89.88000	491.00000
89.90000	448.00000
89.92000	451.00000
89.94000	500.00000
89.96000	471.00000
89.98000	459.00000
90.00000	423.00000
90.02000	454.00000
90.04000	439.00000
90.06000	471.00000
90.08000	430.00000
90.10000	422.00000
90.12000	461.00000
90.14000	475.00000
90.16000	435.00000
90.18000	479.00000
90.20000	466.00000
90.22000	442.00000
90.24000	460.00000
90.26000	453.00000
90.28000	429.00000
90.30000	500.00000
90.32000	449.00000
90.34000	468.00000
90.36000	411.00000
90.38000	475.00000
90.40000	493.00000
90.42000	458.00000
90.44000	496.00000
90.46000	465.00000
90.48000	469.00000
90.50000	402.00000
90.52000	446.00000
90.54000	448.00000
90.56000	471.00000
90.58000	473.00000
90.60000	440.00000
90.62000	457.00000
90.64000	476.00000
90.66000	433.00000
90.68000	434.00000
90.70000	461.00000
90.72000	478.00000
90.74000	396.00000
90.76000	409.00000
90.78000	451.00000
90.80000	442.00000
90.82000	425.00000
90.84000	478.00000
90.86000	479.00000
90.88000	462.00000
90.90000	458.00000
90.92000	443.00000
90.94000	422.00000
90.96000	427.00000
90.98000	448.00000
91.00000	475.00000
91.02000	498.00000
91.04000	444.00000
91.06000	458.00000
91.08000	474.00000
91.10000	483.00000
91.12000	489.00000
91.14000	519.00000
91.16000	508.00000
91.18000	545.00000
91.20000	473.00000
91.22000	526.00000
91.24000	535.00000
91.26000	549.00000
91.28000	550.00000
91.30000	565.00000
91.32000	588.00000
91.34000	576.00000
91.36000	519.00000
91.38000	509.00000
91.40000	497.00000
91.42000	493.00000
91.44000	518.00000
91.46000	484.00000
91.48000	446.00000
91.50000	482.00000
91.52000	479.00000
91.54000	559.00000
91.56000	442.00000
91.58000	466.00000
91.60000	477.00000
91.62000	498.00000
91.64000	474.00000
91.66000	483.00000
91.68000	475.00000
91.70000	469.00000
91.72000	477.00000
91.74000	505.00000
91.76000	473.00000
91.78000	473.00000
91.80000	457.00000
91.82000	459.00000
91.84000	466.00000
91.86000	469.00000
91.88000	456.00000
91.90000	449.00000
91.92000	458.00000
91.94000	438.00000
91.96000	467.00000
91.98000	448.00000
92.00000	487.00000
92.02000	467.00000
92.04000	461.00000
92.06000	458.00000
92.08000	468.00000
92.10000	449.00000
92.12000	504.00000
92.14000	448.00000
92.16000	482.00000
92.18000	461.00000
92.20000	478.00000
92.22000	449.00000
92.24000	475.00000
92.26000	479.00000
92.28000	500.00000
92.30000	498.00000
92.32000	526.00000
92.34000	541.00000
92.36000	553.00000
92.38000	583.00000
92.40000	589.00000
92.42000	614.00000
92.44000	650.00000
92.46000	628.00000
92.48000	661.00000
92.50000	607.00000
92.52000	616.00000
92.54000	580.00000
92.56000	586.00000
92.58000	606.00000
92.60000	622.00000
92.62000	633.00000
92.64000	657.00000
92.66000	721.00000
92.68000	724.00000
92.70000	807.00000
92.72000	826.00000
92.74000	800.00000
92.76000	745.00000
92.78000	751.00000
92.80000	692.00000
92.82000	606.00000
92.84000	621.00000
92.86000	568.00000
92.88000	563.00000
92.90000	525.00000
92.92000	496.00000
92.94000	487.00000
92.96000	470.00000
92.98000	491.00000
93.00000	447.00000
93.02000	471.00000
93.04000	506.00000
93.06000	478.00000
93.08000	459.00000
93.10000	456.00000
93.12000	434.00000
93.14000	427.00000
93.16000	464.00000
93.18000	437.00000
93.20000	418.00000
93.22000	461.00000
93.24000	421.00000
93.26000	493.00000
93.28000	429.00000
93.30000	436.00000
93.32000	438.00000
93.34000	449.00000
93.36000	461.00000
93.38000	458.00000
93.40000	419.00000
93.42000	458.00000
93.44000	437.00000
93.46000	429.00000
93.48000	437.00000
93.50000	443.00000
93.52000	458.00000
93.54000	450.00000
93.56000	471.00000
93.58000	467.00000
93.60000	448.00000
93.62000	441.00000
93.64000	428.00000
93.66000	418.00000
93.68000	489.00000
93.70000	441.00000
93.72000	419.00000
93.74000	445.00000
93.76000	444.00000
93.78000	410.00000
93.80000	403.00000
93.82000	442.00000
93.84000	511.00000
93.86000	506.00000
93.88000	452.00000
93.90000	461.00000
93.92000	466.00000
93.94000	501.00000
93.96000	506.00000
93.98000	506.00000
94.00000	444.00000
94.02000	520.00000
94.04000	477.00000
94.06000	492.00000
94.08000	489.00000
94.10000	488.00000
94.12000	447.00000
94.14000	481.00000
94.16000	460.00000
94.18000	438.00000
94.20000	441.00000
94.22000	473.00000
94.24000	452.00000
94.26000	443.00000
94.28000	420.00000
94.30000	428.00000
94.32000	457.00000
94.34000	433.00000
94.36000	431.00000
94.38000	449.00000
94.40000	434.00000
94.42000	447.00000
94.44000	440.00000
94.46000	437.00000
94.48000	408.00000
94.50000	464.00000
94.52000	449.00000
94.54000	447.00000
94.56000	453.00000
94.58000	446.00000
94.60000	460.00000
94.62000	446.00000
94.64000	438.00000
94.66000	456.00000
94.68000	424.00000
94.70000	440.00000
94.72000	438.00000
94.74000	428.00000
94.76000	460.00000
94.78000	429.00000
94.80000	466.00000
94.82000	451.00000
94.84000	460.00000
94.86000	413.00000
94.88000	485.00000
94.90000	431.00000
94.92000	452.00000
94.94000	478.00000
94.96000	449.00000
94.98000	444.00000
95.00000	454.00000
95.02000	428.00000
95.04000	447.00000
95.06000	422.00000
95.08000	429.00000
95.10000	422.00000
95.12000	437.00000
95.14000	431.00000
95.16000	423.00000
95.18000	442.00000
95.20000	447.00000
95.22000	429.00000
95.24000	425.00000
95.26000	460.00000
95.28000	448.00000
95.30000	491.00000
95.32000	490.00000
95.34000	494.00000
95.36000	497.00000
95.38000	550.00000
95.40000	576.00000
95.42000	567.00000
95.44000	579.00000
95.46000	594.00000
95.48000	508.00000
95.50000	556.00000
95.52000	495.00000
95.54000	486.00000
95.56000	507.00000
95.58000	492.00000
95.60000	438.00000
95.62000	477.00000
95.64000	441.00000
95.66000	462.00000
95.68000	459.00000
95.70000	439.00000
95.72000	430.00000
95.74000	438.00000
95.76000	443.00000
95.78000	440.00000
95.80000	462.00000
95.82000	454.00000
95.84000	456.00000
95.86000	409.00000
95.88000	437.00000
95.90000	433.00000
95.92000	466.00000
95.94000	439.00000
95.96000	407.00000
95.98000	446.00000
96.00000	429.00000
96.02000	447.00000
96.04000	424.00000
96.06000	455.00000
96.08000	446.00000
96.10000	443.00000
96.12000	422.00000
96.14000	417.00000
96.16000	428.00000
96.18000	439.00000
96.20000	464.00000
96.22000	406.00000
96.24000	417.00000
96.26000	386.00000
96.28000	446.00000
96.30000	469.00000
96.32000	440.00000
96.34000	450.00000
96.36000	432.00000
96.38000	435.00000
96.40000	412.00000
96.42000	464.00000
96.44000	411.00000
96.46000	431.00000
96.48000	440.00000
96.50000	461.00000
96.52000	424.00000
96.54000	417.00000
96.56000	436.00000
96.58000	440.00000
96.60000	450.00000
96.62000	418.00000
96.64000	422.00000
96.66000	419.00000
96.68000	443.00000
96.70000	393.00000
96.72000	437.00000
96.74000	455.00000
96.76000	441.00000
96.78000	393.00000
96.80000	427.00000
96.82000	439.00000
96.84000	409.00000
96.86000	393.00000
96.88000	443.00000
96.90000	421.00000
96.92000	458.00000
96.94000	409.00000
96.96000	424.00000
96.98000	458.00000
97.00000	460.00000
97.02000	436.00000
97.04000	453.00000
97.06000	424.00000
97.08000	459.00000
97.10000	474.00000
97.12000	431.00000
97.14000	470.00000
97.16000	442.00000
97.18000	430.00000
97.20000	440.00000
97.22000	432.00000
97.24000	456.00000
97.26000	449.00000
97.28000	421.00000
97.30000	439.00000
97.32000	461.00000
97.34000	476.00000
97.36000	442.00000
97.38000	441.00000
97.40000	427.00000
97.42000	444.00000
97.44000	423.00000
97.46000	429.00000
97.48000	438.00000
97.50000	421.00000
97.52000	429.00000
97.54000	451.00000
97.56000	415.00000
97.58000	424.00000
97.60000	441.00000
97.62000	433.00000
97.64000	450.00000
97.66000	474.00000
97.68000	423.00000
97.70000	436.00000
97.72000	438.00000
97.74000	464.00000
97.76000	452.00000
97.78000	438.00000
97.80000	432.00000
97.82000	464.00000
97.84000	442.00000
97.86000	483.00000
97.88000	438.00000
97.90000	451.00000
97.92000	437.00000
97.94000	420.00000
97.96000	460.00000
97.98000	440.00000
98.00000	458.00000
98.02000	471.00000
98.04000	456.00000
98.06000	451.00000
98.08000	457.00000
98.10000	459.00000
98.12000	467.00000
98.14000	476.00000
98.16000	459.00000
98.18000	457.00000
98.20000	527.00000
98.22000	474.00000
98.24000	493.00000
98.26000	542.00000
98.28000	555.00000
98.30000	546.00000
98.32000	580.00000
98.34000	594.00000
98.36000	615.00000
98.38000	540.00000
98.40000	575.00000
98.42000	530.00000
98.44000	520.00000
98.46000	524.00000
98.48000	497.00000
98.50000	472.00000
98.52000	480.00000
98.54000	472.00000
98.56000	465.00000
98.58000	482.00000
98.60000	462.00000
98.62000	447.00000
98.64000	447.00000
98.66000	476.00000
98.68000	436.00000
98.70000	456.00000
98.72000	456.00000
98.74000	452.00000
98.76000	447.00000
98.78000	448.00000
98.80000	435.00000
98.82000	431.00000
98.84000	455.00000
98.86000	477.00000
98.88000	502.00000
98.90000	510.00000
98.92000	479.00000
98.94000	482.00000
98.96000	465.00000
98.98000	485.00000
99.00000	538.00000
99.02000	543.00000
99.04000	546.00000
99.06000	576.00000
99.08000	664.00000
99.10000	728.00000
99.12000	718.00000
99.14000	788.00000
99.16000	851.00000
99.18000	923.00000
99.20000	923.00000
99.22000	944.00000
99.24000	929.00000
99.26000	869.00000
99.28000	839.00000
99.30000	762.00000
99.32000	730.00000
99.34000	689.00000
99.36000	686.00000
99.38000	637.00000
99.40000	620.00000
99.42000	611.00000
99.44000	641.00000
99.46000	661.00000
99.48000	660.00000
99.50000	706.00000
99.52000	721.00000
99.54000	808.00000
99.56000	948.00000
99.58000	1090.00000
99.60000	1142.00000
99.62000	1225.00000
99.64000	1287.00000
99.66000	1256.00000
99.68000	1243.00000
99.70000	1146.00000
99.72000	1014.00000
99.74000	923.00000
99.76000	785.00000
99.78000	793.00000
99.80000	726.00000
99.82000	661.00000
99.84000	571.00000
99.86000	557.00000
99.88000	532.00000
99.90000	567.00000
99.92000	523.00000
99.94000	521.00000
99.96000	512.00000
99.98000	477.00000
100.00000	491.00000
100.02000	506.00000
100.04000	487.00000
100.06000	434.00000
100.08000	481.00000
100.10000	458.00000
100.12000	500.00000
100.14000	477.00000
100.16000	419.00000
100.18000	452.00000
100.20000	451.00000
100.22000	460.00000
100.24000	466.00000
100.26000	447.00000
100.28000	443.00000
100.30000	446.00000
100.32000	455.00000
100.34000	458.00000
100.36000	463.00000
100.38000	435.00000
100.40000	454.00000
100.42000	418.00000
100.44000	426.00000
100.46000	439.00000
100.48000	474.00000
100.50000	481.00000
100.52000	491.00000
100.54000	463.00000
100.56000	460.00000
100.58000	490.00000
100.60000	479.00000
100.62000	528.00000
100.64000	528.00000
100.66000	534.00000
100.68000	486.00000
100.70000	493.00000
100.72000	475.00000
100.74000	529.00000
100.76000	473.00000
100.78000	436.00000
100.80000	447.00000
100.82000	435.00000
100.84000	453.00000
100.86000	410.00000
100.88000	438.00000
100.90000	439.00000
100.92000	442.00000
100.94000	456.00000
100.96000	476.00000
100.98000	435.00000
101.00000	486.00000
101.02000	461.00000
101.04000	459.00000
101.06000	483.00000
101.08000	445.00000
101.10000	483.00000
101.12000	506.00000
101.14000	518.00000
101.16000	504.00000
101.18000	564.00000
101.20000	593.00000
101.22000	578.00000
101.24000	507.00000
101.26000	531.00000
101.28000	495.00000
101.30000	443.00000
101.32000	500.00000
101.34000	490.00000
101.36000	466.00000
101.38000	475.00000
101.40000	420.00000
101.42000	438.00000
101.44000	427.00000
101.46000	419.00000
101.48000	418.00000
101.50000	438.00000
101.52000	421.00000
101.54000	430.00000
101.56000	440.00000
101.58000	441.00000
101.60000	418.00000
101.62000	430.00000
101.64000	415.00000
101.66000	439.00000
101.68000	430.00000
101.70000	415.00000
101.72000	402.00000
101.74000	404.00000
101.76000	444.00000
101.78000	417.00000
101.80000	446.00000
101.82000	454.00000
101.84000	448.00000
101.86000	423.00000
101.88000	448.00000
101.90000	426.00000
101.92000	409.00000
101.94000	434.00000
101.96000	447.00000
101.98000	435.00000
102.00000	431.00000
102.02000	443.00000
102.04000	464.00000
102.06000	429.00000
102.08000	457.00000
102.10000	457.00000
102.12000	467.00000
102.14000	420.00000
102.16000	402.00000
102.18000	441.00000
102.20000	480.00000
102.22000	474.00000
102.24000	488.00000
102.26000	452.00000
102.28000	493.00000
102.30000	523.00000
102.32000	435.00000
102.34000	437.00000
102.36000	443.00000
102.38000	476.00000
102.40000	464.00000
102.42000	428.00000
102.44000	504.00000
102.46000	441.00000
102.48000	462.00000
102.50000	438.00000
102.52000	473.00000
102.54000	433.00000
102.56000	426.00000
102.58000	457.00000
102.60000	480.00000
102.62000	453.00000
102.64000	418.00000
102.66000	441.00000
102.68000	439.00000
102.70000	459.00000
102.72000	429.00000
102.74000	427.00000
102.76000	449.00000
102.78000	453.00000
102.80000	454.00000
102.82000	438.00000
102.84000	409.00000
102.86000	481.00000
102.88000	427.00000
102.90000	460.00000
102.92000	467.00000
102.94000	455.00000
102.96000	442.00000
102.98000	470.00000
103.00000	473.00000
103.02000	489.00000
103.04000	466.00000
103.06000	458.00000
103.08000	483.00000
103.10000	440.00000
103.12000	520.00000
103.14000	490.00000
103.16000	469.00000
103.18000	487.00000
103.20000	488.00000
103.22000	501.00000
103.24000	452.00000
103.26000	508.00000
103.28000	461.00000
103.30000	465.00000
103.32000	508.00000
103.34000	489.00000
103.36000	463.00000
103.38000	476.00000
103.40000	467.00000
103.42000	471.00000
103.44000	418.00000
103.46000	441.00000
103.48000	446.00000
103.50000	445.00000
103.52000	471.00000
103.54000	479.00000
103.56000	439.00000
103.58000	457.00000
103.60000	442.00000
103.62000	413.00000
103.64000	420.00000
103.66000	401.00000
103.68000	412.00000
103.70000	408.00000
103.72000	415.00000
103.74000	451.00000
103.76000	436.00000
103.78000	418.00000
103.80000	428.00000
103.82000	426.00000
103.84000	412.00000
103.86000	391.00000
103.88000	458.00000
103.90000	448.00000
103.92000	434.00000
103.94000	451.00000
103.96000	448.00000
103.98000	458.00000
104.00000	436.00000
104.02000	435.00000
104.04000	403.00000
104.06000	457.00000
104.08000	437.00000
104.10000	451.00000
104.12000	435.00000
104.14000	441.00000
104.16000	427.00000
104.18000	435.00000
104.20000	409.00000
104.22000	443.00000
104.24000	433.00000
104.26000	425.00000
104.28000	473.00000
104.30000	441.00000
104.32000	408.00000
104.34000	422.00000
104.36000	466.00000
104.38000	413.00000
104.40000	462.00000
104.42000	459.00000
104.44000	457.00000
104.46000	412.00000
104.48000	412.00000
104.50000	450.00000
104.52000	387.00000
104.54000	454.00000
104.56000	433.00000
104.58000	435.00000
104.60000	453.00000
104.62000	434.00000
104.64000	436.00000
104.66000	410.00000
104.68000	427.00000
104.70000	440.00000
104.72000	441.00000
104.74000	412.00000
104.76000	475.00000
104.78000	445.00000
104.80000	474.00000
104.82000	471.00000
104.84000	473.00000
104.86000	474.00000
104.88000	515.00000
104.90000	453.00000
104.92000	479.00000
104.94000	479.00000
104.96000	470.00000
104.98000	488.00000
105.00000	469.00000
105.02000	452.00000
105.04000	450.00000
105.06000	499.00000
105.08000	444.00000
105.10000	440.00000
105.12000	441.00000
105.14000	443.00000
105.16000	472.00000
105.18000	435.00000
105.20000	459.00000
105.22000	458.00000
105.24000	405.00000
105.26000	427.00000
105.28000	491.00000
105.30000	416.00000
105.32000	444.00000
105.34000	421.00000
105.36000	448.00000
105.38000	438.00000
105.40000	430.00000
105.42000	464.00000
105.44000	475.00000
105.46000	505.00000
105.48000	480.00000
105.50000	521.00000
105.52000	495.00000
105.54000	530.00000
105.56000	466.00000
105.58000	463.00000
105.60000	489.00000
105.62000	454.00000
105.64000	438.00000
105.66000	453.00000
105.68000	426.00000
105.70000	428.00000
105.72000	442.00000
105.74000	401.00000
105.76000	452.00000
105.78000	442.00000
105.80000	424.00000
105.82000	418.00000
105.84000	412.00000
105.86000	427.00000
105.88000	414.00000
105.90000	430.00000
105.92000	448.00000
105.94000	420.00000
105.96000	415.00000
105.98000	463.00000
106.00000	442.00000
106.02000	426.00000
106.04000	423.00000
106.06000	460.00000
106.08000	435.00000
106.10000	433.00000
106.12000	405.00000
106.14000	469.00000
106.16000	409.00000
106.18000	452.00000
106.20000	471.00000
106.22000	451.00000
106.24000	449.00000
106.26000	435.00000
106.28000	428.00000
106.30000	437.00000
106.32000	418.00000
106.34000	417.00000
106.36000	471.00000
106.38000	428.00000
106.40000	425.00000
106.42000	439.00000
106.44000	423.00000
106.46000	444.00000
106.48000	461.00000
106.50000	471.00000
106.52000	398.00000
106.54000	418.00000
106.56000	456.00000
106.58000	439.00000
106.60000	445.00000
106.62000	410.00000
106.64000	453.00000
106.66000	446.00000
106.68000	435.00000
106.70000	430.00000
106.72000	453.00000
106.74000	440.00000
106.76000	429.00000
106.78000	441.00000
106.80000	403.00000
106.82000	459.00000
106.84000	451.00000
106.86000	454.00000
106.88000	490.00000
106.90000	477.00000
106.92000	442.00000
106.94000	449.00000
106.96000	455.00000
106.98000	470.00000
107.00000	448.00000
107.02000	467.00000
107.04000	475.00000
107.06000	461.00000
107.08000	425.00000
107.10000	487.00000
107.12000	465.00000
107.14000	467.00000
107.16000	473.00000
107.18000	493.00000
107.20000	448.00000
107.22000	456.00000
107.24000	442.00000
107.26000	501.00000
107.28000	534.00000
107.30000	554.00000
107.32000	582.00000
107.34000	615.00000
107.36000	620.00000
107.38000	642.00000
107.40000	639.00000
107.42000	741.00000
107.44000	784.00000
107.46000	829.00000
107.48000	873.00000
107.50000	836.00000
107.52000	835.00000
107.54000	822.00000
107.56000	728.00000
107.58000	754.00000
107.60000	667.00000
107.62000	643.00000
107.64000	648.00000
107.66000	587.00000
107.68000	581.00000
107.70000	539.00000
107.72000	548.00000
107.74000	554.00000
107.76000	524.00000
107.78000	470.00000
107.80000	511.00000
107.82000	507.00000
107.84000	537.00000
107.86000	479.00000
107.88000	525.00000
107.90000	488.00000
107.92000	566.00000
107.94000	545.00000
107.96000	581.00000
107.98000	666.00000
108.00000	660.00000
108.02000	700.00000
108.04000	725.00000
108.06000	792.00000
108.08000	834.00000
108.10000	879.00000
108.12000	851.00000
108.14000	828.00000
108.16000	796.00000
108.18000	788.00000
108.20000	767.00000
108.22000	706.00000
108.24000	720.00000
108.26000	768.00000
108.28000	806.00000
108.30000	817.00000
108.32000	872.00000
108.34000	978.00000
108.36000	1021.00000
108.38000	1031.00000
108.40000	1049.00000
108.42000	967.00000
108.44000	947.00000
108.46000	895.00000
108.48000	902.00000
108.50000	837.00000
108.52000	767.00000
108.54000	696.00000
108.56000	665.00000
108.58000	609.00000
108.60000	611.00000
108.62000	557.00000
108.64000	559.00000
108.66000	525.00000
108.68000	535.00000
108.70000	528.00000
108.72000	484.00000
108.74000	545.00000
108.76000	458.00000
108.78000	465.00000
108.80000	472.00000
108.82000	496.00000
108.84000	427.00000
108.86000	440.00000
108.88000	478.00000
108.90000	486.00000
108.92000	516.00000
108.94000	447.00000
108.96000	461.00000
108.98000	459.00000
109.00000	465.00000
109.02000	516.00000
109.04000	483.00000
109.06000	460.00000
109.08000	459.00000
109.10000	439.00000
109.12000	449.00000
109.14000	441.00000
109.16000	421.00000
109.18000	463.00000
109.20000	424.00000
109.22000	410.00000
109.24000	432.00000
109.26000	420.00000
109.28000	471.00000
109.30000	456.00000
109.32000	456.00000
109.34000	450.00000
109.36000	455.00000
109.38000	424.00000
109.40000	432.00000
109.42000	450.00000
109.44000	479.00000
109.46000	465.00000
109.48000	439.00000
109.50000	510.00000
109.52000	477.00000
109.54000	504.00000
109.56000	511.00000
109.58000	524.00000
109.60000	502.00000
109.62000	491.00000
109.64000	468.00000
109.66000	521.00000
109.68000	504.00000
109.70000	474.00000
109.72000	533.00000
109.74000	535.00000
109.76000	555.00000
109.78000	602.00000
109.80000	600.00000
109.82000	641.00000
109.84000	666.00000
109.86000	700.00000
109.88000	723.00000
109.90000	708.00000
109.92000	646.00000
109.94000	673.00000
109.96000	617.00000
109.98000	588.00000
110.00000	588.00000
110.02000	545.00000
110.04000	539.00000
110.06000	488.00000
110.08000	508.00000
110.10000	503.00000
110.12000	491.00000
110.14000	494.00000
110.16000	462.00000
110.18000	486.00000
110.20000	461.00000
110.22000	446.00000
110.24000	427.00000
110.26000	442.00000
110.28000	455.00000
110.30000	430.00000
110.32000	422.00000
110.34000	457.00000
110.36000	446.00000
110.38000	438.00000
110.40000	458.00000
110.42000	445.00000
110.44000	473.00000
110.46000	430.00000
110.48000	448.00000
110.50000	422.00000
110.52000	430.00000
110.54000	440.00000
110.56000	430.00000
110.58000	436.00000
110.60000	437.00000
110.62000	439.00000
110.64000	411.00000
110.66000	407.00000
110.68000	431.00000
110.70000	424.00000
110.72000	436.00000
110.74000	420.00000
110.76000	438.00000
110.78000	450.00000
110.80000	434.00000
110.82000	417.00000
110.84000	400.00000
110.86000	402.00000
110.88000	455.00000
110.90000	450.00000
110.92000	417.00000
110.94000	411.00000
110.96000	413.00000
110.98000	442.00000
111.00000	423.00000
111.02000	396.00000
111.04000	431.00000
111.06000	408.00000
111.08000	455.00000
111.10000	394.00000
111.12000	417.00000
111.14000	426.00000
111.16000	443.00000
111.18000	434.00000
111.20000	396.00000
111.22000	460.00000
111.24000	413.00000
111.26000	402.00000
111.28000	399.00000
111.30000	405.00000
111.32000	429.00000
111.34000	432.00000
111.36000	402.00000
111.38000	441.00000
111.40000	454.00000
111.42000	409.00000
111.44000	432.00000
111.46000	394.00000
111.48000	385.00000
111.50000	396.00000
111.52000	386.00000
111.54000	392.00000
111.56000	407.00000
111.58000	432.00000
111.60000	424.00000
111.62000	403.00000
111.64000	457.00000
111.66000	438.00000
111.68000	403.00000
111.70000	414.00000
111.72000	412.00000
111.74000	419.00000
111.76000	433.00000
111.78000	448.00000
111.80000	427.00000
111.82000	462.00000
111.84000	442.00000
111.86000	424.00000
111.88000	451.00000
111.90000	428.00000
111.92000	410.00000
111.94000	405.00000
111.96000	460.00000
111.98000	461.00000
112.00000	452.00000
112.02000	437.00000
112.04000	437.00000
112.06000	461.00000
112.08000	440.00000
112.10000	446.00000
112.12000	457.00000
112.14000	471.00000
112.16000	466.00000
112.18000	505.00000
112.20000	500.00000
112.22000	519.00000
112.24000	518.00000
112.26000	536.00000
112.28000	533.00000
112.30000	564.00000
112.32000	566.00000
112.34000	544.00000
112.36000	551.00000
112.38000	513.00000
112.40000	502.00000
112.42000	490.00000
112.44000	467.00000
112.46000	452.00000
112.48000	433.00000
112.50000	479.00000
112.52000	434.00000
112.54000	473.00000
112.56000	457.00000
112.58000	483.00000
112.60000	457.00000
112.62000	461.00000
112.64000	485.00000
112.66000	458.00000
112.68000	494.00000
112.70000	566.00000
112.72000	555.00000
112.74000	557.00000
112.76000	539.00000
112.78000	549.00000
112.80000	529.00000
112.82000	544.00000
112.84000	512.00000
112.86000	523.00000
112.88000	461.00000
112.90000	481.00000
112.92000	499.00000
112.94000	485.00000
112.96000	447.00000
112.98000	485.00000
113.00000	406.00000
113.02000	448.00000
113.04000	425.00000
113.06000	419.00000
113.08000	413.00000
113.10000	435.00000
113.12000	435.00000
113.14000	407.00000
113.16000	447.00000
113.18000	433.00000
113.20000	441.00000
113.22000	419.00000
113.24000	458.00000
113.26000	423.00000
113.28000	421.00000
113.30000	445.00000
113.32000	425.00000
113.34000	434.00000
113.36000	410.00000
113.38000	427.00000
113.40000	420.00000
113.42000	446.00000
113.44000	443.00000
113.46000	449.00000
113.48000	422.00000
113.50000	448.00000
113.52000	406.00000
113.54000	404.00000
113.56000	423.00000
113.58000	417.00000
113.60000	424.00000
113.62000	460.00000
113.64000	438.00000
113.66000	405.00000
113.68000	426.00000
113.70000	460.00000
113.72000	408.00000
113.74000	455.00000
113.76000	439.00000
113.78000	422.00000
113.80000	394.00000
113.82000	429.00000
113.84000	443.00000
113.86000	371.00000
113.88000	396.00000
113.90000	436.00000
113.92000	493.00000
113.94000	463.00000
113.96000	464.00000
113.98000	441.00000
114.00000	450.00000
114.02000	428.00000
114.04000	449.00000
114.06000	432.00000
114.08000	435.00000
114.10000	455.00000
114.12000	436.00000
114.14000	440.00000
114.16000	446.00000
114.18000	487.00000
114.20000	433.00000
114.22000	443.00000
114.24000	445.00000
114.26000	457.00000
114.28000	433.00000
114.30000	454.00000
114.32000	427.00000
114.34000	478.00000
114.36000	458.00000
114.38000	474.00000
114.40000	436.00000
114.42000	430.00000
114.44000	437.00000
114.46000	405.00000
114.48000	451.00000
114.50000	434.00000
114.52000	403.00000
114.54000	406.00000
114.56000	443.00000
114.58000	465.00000
114.60000	399.00000
114.62000	452.00000
114.64000	444.00000
114.66000	409.00000
114.68000	441.00000
114.70000	384.00000
114.72000	406.00000
114.74000	418.00000
114.76000	406.00000
114.78000	417.00000
114.80000	375.00000
114.82000	426.00000
114.84000	441.00000
114.86000	437.00000
114.88000	422.00000
114.90000	422.00000
114.92000	392.00000
114.94000	444.00000
114.96000	472.00000
114.98000	417.00000
115.00000	436.00000
115.02000	433.00000
115.04000	417.00000
115.06000	424.00000
115.08000	392.00000
115.10000	473.00000
115.12000	448.00000
115.14000	416.00000
115.16000	445.00000
115.18000	406.00000
115.20000	389.00000
115.22000	422.00000
115.24000	405.00000
115.26000	449.00000
115.28000	464.00000
115.30000	434.00000
115.32000	466.00000
115.34000	448.00000
115.36000	447.00000
115.38000	468.00000
115.40000	447.00000
115.42000	437.00000
115.44000	461.00000
115.46000	429.00000
115.48000	490.00000
115.50000	511.00000
115.52000	507.00000
115.54000	552.00000
115.56000	539.00000
115.58000	540.00000
115.60000	549.00000
115.62000	574.00000
115.64000	555.00000
115.66000	528.00000
115.68000	543.00000
115.70000	599.00000
115.72000	532.00000
115.74000	510.00000
115.76000	478.00000
115.78000	490.00000
115.80000	468.00000
115.82000	477.00000
115.84000	478.00000
115.86000	442.00000
115.88000	446.00000
115.90000	434.00000
115.92000	430.00000
115.94000	429.00000
115.96000	465.00000
115.98000	442.00000
116.00000	434.00000
116.02000	418.00000
116.04000	427.00000
116.06000	457.00000
116.08000	400.00000
116.10000	472.00000
116.12000	466.00000
116.14000	414.00000
116.16000	421.00000
116.18000	442.00000
116.20000	421.00000
116.22000	412.00000
116.24000	448.00000
116.26000	392.00000
116.28000	443.00000
116.30000	440.00000
116.32000	438.00000
116.34000	408.00000
116.36000	429.00000
116.38000	387.00000
116.40000	429.00000
116.42000	385.00000
116.44000	421.00000
116.46000	423.00000
116.48000	415.00000
116.50000	420.00000
116.52000	468.00000
116.54000	431.00000
116.56000	397.00000
116.58000	427.00000
116.60000	419.00000
116.62000	486.00000
116.64000	460.00000
116.66000	434.00000
116.68000	390.00000
116.70000	462.00000
116.72000	432.00000
116.74000	433.00000
116.76000	449.00000
116.78000	413.00000
116.80000	406.00000
116.82000	431.00000
116.84000	414.00000
116.86000	420.00000
116.88000	416.00000
116.90000	430.00000
116.92000	440.00000
116.94000	446.00000
116.96000	448.00000
116.98000	415.00000
117.00000	450.00000
117.02000	423.00000
117.04000	414.00000
117.06000	404.00000
117.08000	436.00000
117.10000	421.00000
117.12000	427.00000
117.14000	432.00000
117.16000	437.00000
117.18000	392.00000
117.20000	431.00000
117.22000	428.00000
117.24000	418.00000
117.26000	419.00000
117.28000	489.00000
117.30000	465.00000
117.32000	492.00000
117.34000	436.00000
117.36000	494.00000
117.38000	477.00000
117.40000	477.00000
117.42000	479.00000
117.44000	480.00000
117.46000	452.00000
117.48000	493.00000
117.50000	494.00000
117.52000	464.00000
117.54000	469.00000
117.56000	474.00000
117.58000	454.00000
117.60000	411.00000
117.62000	446.00000
117.64000	453.00000
117.66000	426.00000
117.68000	433.00000
117.70000	424.00000
117.72000	455.00000
117.74000	457.00000
117.76000	409.00000
117.78000	440.00000
117.80000	449.00000
117.82000	409.00000
117.84000	385.00000
117.86000	415.00000
117.88000	405.00000
117.90000	428.00000
117.92000	426.00000
117.94000	433.00000
117.96000	416.00000
117.98000	437.00000
118.00000	441.00000
118.02000	449.00000
118.04000	432.00000
118.06000	436.00000
118.08000	430.00000
118.10000	390.00000
118.12000	417.00000
118.14000	432.00000
118.16000	433.00000
118.18000	407.00000
118.20000	448.00000
118.22000	405.00000
118.24000	462.00000
118.26000	436.00000
118.28000	444.00000
118.30000	476.00000
118.32000	531.00000
118.34000	508.00000
118.36000	492.00000
118.38000	581.00000
118.40000	594.00000
118.42000	585.00000
118.44000	611.00000
118.46000	650.00000
118.48000	577.00000
118.50000	625.00000
118.52000	587.00000
118.54000	592.00000
118.56000	605.00000
118.58000	558.00000
118.60000	548.00000
118.62000	514.00000
118.64000	506.00000
118.66000	494.00000
118.68000	471.00000
118.70000	492.00000
118.72000	502.00000
118.74000	480.00000
118.76000	476.00000
118.78000	461.00000
118.80000	473.00000
118.82000	444.00000
118.84000	443.00000
118.86000	469.00000
118.88000	420.00000
118.90000	473.00000
118.92000	476.00000
118.94000	453.00000
118.96000	461.00000
118.98000	510.00000
119.00000	494.00000
119.02000	489.00000
119.04000	530.00000
119.06000	519.00000
119.08000	548.00000
119.10000	511.00000
119.12000	540.00000
119.14000	543.00000
119.16000	529.00000
119.18000	501.00000
119.20000	501.00000
119.22000	494.00000
119.24000	497.00000
119.26000	540.00000
119.28000	469.00000
119.30000	450.00000
119.32000	497.00000
119.34000	477.00000
119.36000	435.00000
119.38000	447.00000
119.40000	438.00000
119.42000	460.00000
119.44000	437.00000
119.46000	455.00000
119.48000	431.00000
119.50000	457.00000
119.52000	423.00000
119.54000	389.00000
119.56000	446.00000
119.58000	404.00000
119.60000	466.00000
119.62000	405.00000
119.64000	431.00000
119.66000	421.00000
119.68000	411.00000
119.70000	447.00000
119.72000	397.00000
119.74000	423.00000
119.76000	400.00000
119.78000	430.00000
119.80000	421.00000
119.82000	401.00000
119.84000	411.00000
119.86000	438.00000
119.88000	413.00000
119.90000	426.00000
119.92000	390.00000
119.94000	402.00000
119.96000	421.00000
119.98000	460.00000
