10.00000	20642.00000
10.02000	20473.00000
10.04000	20674.00000
10.06000	20267.00000
10.08000	20176.00000
10.10000	20406.00000
10.12000	20388.00000
10.14000	20437.00000
10.16000	20431.00000
10.18000	20544.00000
10.20000	20267.00000
10.22000	20176.00000
10.24000	20493.00000
10.26000	20184.00000
10.28000	20193.00000
10.30000	20139.00000
10.32000	20257.00000
10.34000	20368.00000
10.36000	20056.00000
10.38000	20171.00000
10.40000	20155.00000
10.42000	20296.00000
10.44000	20306.00000
10.46000	20152.00000
10.48000	20313.00000
10.50000	20487.00000
10.52000	19846.00000
10.54000	20096.00000
10.56000	20080.00000
10.58000	20045.00000
10.60000	20224.00000
10.62000	20115.00000
10.64000	20203.00000
10.66000	20345.00000
10.68000	19985.00000
10.70000	19997.00000
10.72000	20254.00000
10.74000	19936.00000
10.76000	19923.00000
10.78000	20073.00000
10.80000	20198.00000
10.82000	20149.00000
10.84000	20240.00000
10.86000	20089.00000
10.88000	20054.00000
10.90000	19917.00000
10.92000	19948.00000
10.94000	20014.00000
10.96000	19802.00000
10.98000	19831.00000
11.00000	19763.00000
11.02000	19851.00000
11.04000	19912.00000
11.06000	19760.00000
11.08000	19708.00000
11.10000	19822.00000
11.12000	19959.00000
11.14000	19844.00000
11.16000	19916.00000
11.18000	19847.00000
11.20000	19483.00000
11.22000	19740.00000
11.24000	19628.00000
11.26000	19865.00000
11.28000	19723.00000
11.30000	19733.00000
11.32000	19932.00000
11.34000	19597.00000
11.36000	19955.00000
11.38000	19714.00000
11.40000	19285.00000
11.42000	19433.00000
11.44000	19640.00000
11.46000	19828.00000
11.48000	19572.00000
11.50000	19741.00000
11.52000	19636.00000
11.54000	19782.00000
11.56000	19438.00000
11.58000	19460.00000
11.60000	19584.00000
11.62000	19371.00000
11.64000	19692.00000
11.66000	19583.00000
11.68000	19822.00000
11.70000	19797.00000
11.72000	19410.00000
11.74000	19586.00000
11.76000	19539.00000
11.78000	19498.00000
11.80000	19414.00000
11.82000	19392.00000
11.84000	19621.00000
11.86000	19321.00000
11.88000	19474.00000
11.90000	19423.00000
11.92000	19346.00000
11.94000	19379.00000
11.96000	19463.00000
11.98000	19644.00000
12.00000	19401.00000
12.02000	19347.00000
12.04000	19269.00000
12.06000	19541.00000
12.08000	19706.00000
12.10000	19569.00000
12.12000	19859.00000
12.14000	19637.00000
12.16000	19528.00000
12.18000	19286.00000
12.20000	19275.00000
12.22000	19471.00000
12.24000	19258.00000
12.26000	19353.00000
12.28000	19004.00000
12.30000	19123.00000
12.32000	19503.00000
12.34000	19374.00000
12.36000	19460.00000
12.38000	19312.00000
12.40000	19304.00000
12.42000	19345.00000
12.44000	19306.00000
12.46000	19631.00000
12.48000	19574.00000
12.50000	19583.00000
12.52000	19766.00000
12.54000	19671.00000
12.56000	20052.00000
12.58000	20489.00000
12.60000	20548.00000
12.62000	21101.00000
12.64000	21723.00000
12.66000	22325.00000
12.68000	23125.00000
12.70000	23293.00000
12.72000	24281.00000
12.74000	24301.00000
12.76000	23700.00000
12.78000	22128.00000
12.80000	20715.00000
12.82000	20178.00000
12.84000	19737.00000
12.86000	19326.00000
12.88000	19166.00000
12.90000	18915.00000
12.92000	19244.00000
12.94000	18874.00000
12.96000	19207.00000
12.98000	19217.00000
13.00000	18945.00000
13.02000	19176.00000
13.04000	19050.00000
13.06000	19121.00000
13.08000	19270.00000
13.10000	19171.00000
13.12000	19271.00000
13.14000	19344.00000
13.16000	19332.00000
13.18000	19331.00000
13.20000	19685.00000
13.22000	20298.00000
13.24000	20425.00000
13.26000	20803.00000
13.28000	21413.00000
13.30000	22264.00000
13.32000	23374.00000
13.34000	24777.00000
13.36000	27277.00000
13.38000	29722.00000
13.40000	32915.00000
13.42000	34949.00000
13.44000	34929.00000
13.46000	31460.00000
13.48000	27621.00000
13.50000	24027.00000
13.52000	21674.00000
13.54000	20225.00000
13.56000	19590.00000
13.58000	19509.00000
13.60000	19105.00000
13.62000	19179.00000
13.64000	19077.00000
13.66000	18876.00000
13.68000	18641.00000
13.70000	18582.00000
13.72000	18966.00000
13.74000	18749.00000
13.76000	18866.00000
13.78000	18804.00000
13.80000	18964.00000
13.82000	18832.00000
13.84000	18772.00000
13.86000	18798.00000
13.88000	18637.00000
13.90000	18539.00000
13.92000	18789.00000
13.94000	18785.00000
13.96000	18709.00000
13.98000	18715.00000
14.00000	18588.00000
14.02000	18521.00000
14.04000	18649.00000
14.06000	18687.00000
14.08000	18298.00000
14.10000	18439.00000
14.12000	18737.00000
14.14000	18672.00000
14.16000	18360.00000
14.18000	18549.00000
14.20000	18602.00000
14.22000	18522.00000
14.24000	18318.00000
14.26000	18602.00000
14.28000	18720.00000
14.30000	18478.00000
14.32000	18466.00000
14.34000	18514.00000
14.36000	18467.00000
14.38000	18582.00000
14.40000	18627.00000
14.42000	18353.00000
14.44000	18401.00000
14.46000	18313.00000
14.48000	18460.00000
14.50000	18471.00000
14.52000	18586.00000
14.54000	18513.00000
14.56000	18551.00000
14.58000	18571.00000
14.60000	18583.00000
14.62000	18916.00000
14.64000	19033.00000
14.66000	19157.00000
14.68000	19279.00000
14.70000	19341.00000
14.72000	19208.00000
14.74000	18779.00000
14.76000	18873.00000
14.78000	18574.00000
14.80000	18343.00000
14.82000	18230.00000
14.84000	18315.00000
14.86000	18260.00000
14.88000	18282.00000
14.90000	18136.00000
14.92000	18203.00000
14.94000	18363.00000
14.96000	18039.00000
14.98000	18334.00000
15.00000	18162.00000
15.02000	18113.00000
15.04000	18111.00000
15.06000	17889.00000
15.08000	18230.00000
15.10000	18302.00000
15.12000	18126.00000
15.14000	18213.00000
15.16000	18038.00000
15.18000	18151.00000
15.20000	17976.00000
15.22000	17950.00000
15.24000	18039.00000
15.26000	18103.00000
15.28000	18004.00000
15.30000	17990.00000
15.32000	17971.00000
15.34000	18019.00000
15.36000	18152.00000
15.38000	17715.00000
15.40000	18117.00000
15.42000	18127.00000
15.44000	17974.00000
15.46000	18145.00000
15.48000	18151.00000
15.50000	18070.00000
15.52000	18066.00000
15.54000	17956.00000
15.56000	18232.00000
15.58000	17966.00000
15.60000	18115.00000
15.62000	18005.00000
15.64000	18092.00000
15.66000	17860.00000
15.68000	17859.00000
15.70000	18060.00000
15.72000	18127.00000
15.74000	17806.00000
15.76000	18203.00000
15.78000	17892.00000
15.80000	17693.00000
15.82000	17904.00000
15.84000	17964.00000
15.86000	17740.00000
15.88000	17866.00000
15.90000	17865.00000
15.92000	17884.00000
15.94000	17844.00000
15.96000	17964.00000
15.98000	17703.00000
16.00000	17621.00000
16.02000	17940.00000
16.04000	17782.00000
16.06000	17763.00000
16.08000	17894.00000
16.10000	17891.00000
16.12000	17841.00000
16.14000	18089.00000
16.16000	17631.00000
16.18000	17953.00000
16.20000	17680.00000
16.22000	18000.00000
16.24000	17786.00000
16.26000	17767.00000
16.28000	17634.00000
16.30000	17897.00000
16.32000	17529.00000
16.34000	17730.00000
16.36000	17448.00000
16.38000	17577.00000
16.40000	17609.00000
16.42000	17798.00000
16.44000	17752.00000
16.46000	17658.00000
16.48000	17478.00000
16.50000	17753.00000
16.52000	17869.00000
16.54000	17657.00000
16.56000	17428.00000
16.58000	17467.00000
16.60000	17887.00000
16.62000	17663.00000
16.64000	17655.00000
16.66000	17550.00000
16.68000	17423.00000
16.70000	17590.00000
16.72000	17636.00000
16.74000	17853.00000
16.76000	17596.00000
16.78000	17480.00000
16.80000	17811.00000
16.82000	17506.00000
16.84000	17577.00000
16.86000	17587.00000
16.88000	17767.00000
16.90000	17556.00000
16.92000	17549.00000
16.94000	17598.00000
16.96000	17693.00000
16.98000	17866.00000
17.00000	17786.00000
17.02000	18072.00000
17.04000	17897.00000
17.06000	18183.00000
17.08000	18780.00000
17.10000	19087.00000
17.12000	19280.00000
17.14000	19982.00000
17.16000	20298.00000
17.18000	20114.00000
17.20000	19651.00000
17.22000	18831.00000
17.24000	18151.00000
17.26000	18017.00000
17.28000	17522.00000
17.30000	17605.00000
17.32000	17432.00000
17.34000	17522.00000
17.36000	17398.00000
17.38000	17408.00000
17.40000	17396.00000
17.42000	17393.00000
17.44000	17541.00000
17.46000	17343.00000
17.48000	17193.00000
17.50000	17218.00000
17.52000	17292.00000
17.54000	17264.00000
17.56000	17222.00000
17.58000	17298.00000
17.60000	17611.00000
17.62000	17350.00000
17.64000	17480.00000
17.66000	17220.00000
17.68000	17480.00000
17.70000	17537.00000
17.72000	17407.00000
17.74000	17529.00000
17.76000	17593.00000
17.78000	17891.00000
17.80000	17996.00000
17.82000	18134.00000
17.84000	18553.00000
17.86000	19345.00000
17.88000	19453.00000
17.90000	20056.00000
17.92000	20598.00000
17.94000	21740.00000
17.96000	22295.00000
17.98000	22579.00000
18.00000	21960.00000
18.02000	21063.00000
18.04000	19924.00000
18.06000	18812.00000
18.08000	18132.00000
18.10000	17779.00000
18.12000	17501.00000
18.14000	17392.00000
18.16000	17362.00000
18.18000	17387.00000
18.20000	17536.00000
18.22000	17538.00000
18.24000	17550.00000
18.26000	17274.00000
18.28000	17314.00000
18.30000	17108.00000
18.32000	17200.00000
18.34000	17186.00000
18.36000	17074.00000
18.38000	16945.00000
18.40000	17031.00000
18.42000	16954.00000
18.44000	17184.00000
18.46000	16966.00000
18.48000	17174.00000
18.50000	16825.00000
18.52000	17185.00000
18.54000	16956.00000
18.56000	16976.00000
18.58000	16887.00000
18.60000	17112.00000
18.62000	17270.00000
18.64000	17349.00000
18.66000	17273.00000
18.68000	17411.00000
18.70000	17748.00000
18.72000	18177.00000
18.74000	17952.00000
18.76000	18350.00000
18.78000	18492.00000
18.80000	18666.00000
18.82000	18168.00000
18.84000	17846.00000
18.86000	17409.00000
18.88000	16779.00000
18.90000	16725.00000
18.92000	16758.00000
18.94000	16728.00000
18.96000	16703.00000
18.98000	16903.00000
19.00000	16959.00000
19.02000	16662.00000
19.04000	16916.00000
19.06000	16757.00000
19.08000	16623.00000
19.10000	16750.00000
19.12000	16835.00000
19.14000	16632.00000
19.16000	16716.00000
19.18000	16615.00000
19.20000	16568.00000
19.22000	16801.00000
19.24000	16702.00000
19.26000	16800.00000
19.28000	16614.00000
19.30000	16770.00000
19.32000	16648.00000
19.34000	16632.00000
19.36000	16802.00000
19.38000	16764.00000
19.40000	16737.00000
19.42000	16768.00000
19.44000	16855.00000
19.46000	16631.00000
19.48000	16888.00000
19.50000	16675.00000
19.52000	16611.00000
19.54000	16906.00000
19.56000	16895.00000
19.58000	16778.00000
19.60000	16791.00000
19.62000	16814.00000
19.64000	16752.00000
19.66000	16580.00000
19.68000	16624.00000
19.70000	16620.00000
19.72000	16569.00000
19.74000	16473.00000
19.76000	16769.00000
19.78000	16527.00000
19.80000	16565.00000
19.82000	16842.00000
19.84000	16432.00000
19.86000	16469.00000
19.88000	16461.00000
19.90000	16450.00000
19.92000	16418.00000
19.94000	16577.00000
19.96000	16525.00000
19.98000	16431.00000
20.00000	16613.00000
20.02000	16308.00000
20.04000	16436.00000
20.06000	16373.00000
20.08000	16213.00000
20.10000	16407.00000
20.12000	16615.00000
20.14000	16454.00000
20.16000	16568.00000
20.18000	16322.00000
20.20000	16384.00000
20.22000	16411.00000
20.24000	16549.00000
20.26000	16509.00000
20.28000	16334.00000
20.30000	16361.00000
20.32000	16408.00000
20.34000	16324.00000
20.36000	16422.00000
20.38000	16319.00000
20.40000	16141.00000
20.42000	16360.00000
20.44000	16189.00000
20.46000	16273.00000
20.48000	16267.00000
20.50000	16228.00000
20.52000	16173.00000
20.54000	16119.00000
20.56000	16398.00000
20.58000	16451.00000
20.60000	16196.00000
20.62000	16120.00000
20.64000	16347.00000
20.66000	16324.00000
20.68000	16368.00000
20.70000	16107.00000
20.72000	16437.00000
20.74000	16284.00000
20.76000	16069.00000
20.78000	16190.00000
20.80000	16138.00000
20.82000	16338.00000
20.84000	16156.00000
20.86000	16208.00000
20.88000	16147.00000
20.90000	16253.00000
20.92000	16152.00000
20.94000	16169.00000
20.96000	16260.00000
20.98000	16502.00000
21.00000	16236.00000
21.02000	16089.00000
21.04000	16123.00000
21.06000	16140.00000
21.08000	16169.00000
21.10000	16061.00000
21.12000	16103.00000
21.14000	16196.00000
21.16000	16103.00000
21.18000	16244.00000
21.20000	16084.00000
21.22000	15957.00000
21.24000	16077.00000
21.26000	16219.00000
21.28000	16223.00000
21.30000	16242.00000
21.32000	16300.00000
21.34000	16235.00000
21.36000	16110.00000
21.38000	16236.00000
21.40000	16326.00000
21.42000	16037.00000
21.44000	16035.00000
21.46000	16129.00000
21.48000	16285.00000
21.50000	16340.00000
21.52000	16658.00000
21.54000	16596.00000
21.56000	16670.00000
21.58000	16455.00000
21.60000	16782.00000
21.62000	17128.00000
21.64000	17122.00000
21.66000	17482.00000
21.68000	18127.00000
21.70000	19389.00000
21.72000	20811.00000
21.74000	22547.00000
21.76000	24517.00000
21.78000	26156.00000
21.80000	26575.00000
21.82000	26012.00000
21.84000	23786.00000
21.86000	21449.00000
21.88000	19702.00000
21.90000	18554.00000
21.92000	17850.00000
21.94000	17579.00000
21.96000	17788.00000
21.98000	18129.00000
22.00000	18701.00000
22.02000	20068.00000
22.04000	21912.00000
22.06000	24034.00000
22.08000	27168.00000
22.10000	30928.00000
22.12000	35114.00000
22.14000	37691.00000
22.16000	38456.00000
22.18000	36408.00000
22.20000	34480.00000
22.22000	32206.00000
22.24000	29517.00000
22.26000	26900.00000
22.28000	23778.00000
22.30000	21321.00000
22.32000	19278.00000
22.34000	18207.00000
22.36000	17563.00000
22.38000	16639.00000
22.40000	16490.00000
22.42000	16217.00000
22.44000	16171.00000
22.46000	16396.00000
22.48000	16005.00000
22.50000	16160.00000
22.52000	15922.00000
22.54000	16145.00000
22.56000	15924.00000
22.58000	16011.00000
22.60000	15871.00000
22.62000	15788.00000
22.64000	15884.00000
22.66000	15989.00000
22.68000	15581.00000
22.70000	15972.00000
22.72000	15944.00000
22.74000	15744.00000
22.76000	15860.00000
22.78000	15911.00000
22.80000	15699.00000
22.82000	15757.00000
22.84000	15741.00000
22.86000	15850.00000
22.88000	15749.00000
22.90000	15920.00000
22.92000	15775.00000
22.94000	16046.00000
22.96000	15816.00000
22.98000	15906.00000
23.00000	16065.00000
23.02000	16029.00000
23.04000	16137.00000
23.06000	16236.00000
23.08000	16394.00000
23.10000	16307.00000
23.12000	16176.00000
23.14000	16054.00000
23.16000	16134.00000
23.18000	15904.00000
23.20000	15982.00000
23.22000	15896.00000
23.24000	15707.00000
23.26000	15597.00000
23.28000	15562.00000
23.30000	15483.00000
23.32000	15658.00000
23.34000	15669.00000
23.36000	15644.00000
23.38000	15669.00000
23.40000	15957.00000
23.42000	15679.00000
23.44000	15440.00000
23.46000	15575.00000
23.48000	15492.00000
23.50000	15557.00000
23.52000	15440.00000
23.54000	15783.00000
23.56000	15619.00000
23.58000	15611.00000
23.60000	15670.00000
23.62000	15588.00000
23.64000	15489.00000
23.66000	15357.00000
23.68000	15523.00000
23.70000	15633.00000
23.72000	15476.00000
23.74000	15605.00000
23.76000	15752.00000
23.78000	15670.00000
23.80000	15639.00000
23.82000	15612.00000
23.84000	15640.00000
23.86000	15749.00000
23.88000	15657.00000
23.90000	15741.00000
23.92000	15887.00000
23.94000	15507.00000
23.96000	15706.00000
23.98000	15570.00000
24.00000	15691.00000
24.02000	15797.00000
24.04000	15874.00000
24.06000	15755.00000
24.08000	15740.00000
24.10000	15701.00000
24.12000	15870.00000
24.14000	16071.00000
24.16000	16072.00000
24.18000	16157.00000
24.20000	16336.00000
24.22000	16768.00000
24.24000	17539.00000
24.26000	18496.00000
24.28000	19888.00000
24.30000	22084.00000
24.32000	25015.00000
24.34000	29109.00000
24.36000	33726.00000
24.38000	37042.00000
24.40000	37373.00000
24.42000	35027.00000
24.44000	30808.00000
24.46000	26687.00000
24.48000	23203.00000
24.50000	20294.00000
24.52000	18974.00000
24.54000	17564.00000
24.56000	17003.00000
24.58000	16661.00000
24.60000	16122.00000
24.62000	16124.00000
24.64000	15923.00000
24.66000	15664.00000
24.68000	15695.00000
24.70000	15615.00000
24.72000	15617.00000
24.74000	15760.00000
24.76000	15710.00000
24.78000	16063.00000
24.80000	16343.00000
24.82000	16545.00000
24.84000	17006.00000
24.86000	17923.00000
24.88000	19255.00000
24.90000	20744.00000
24.92000	21481.00000
24.94000	21547.00000
24.96000	21323.00000
24.98000	19736.00000
25.00000	18138.00000
25.02000	17304.00000
25.04000	16568.00000
25.06000	16414.00000
25.08000	15902.00000
25.10000	15526.00000
25.12000	15365.00000
25.14000	15552.00000
25.16000	15279.00000
25.18000	15175.00000
25.20000	15311.00000
25.22000	15354.00000
25.24000	15383.00000
25.26000	15323.00000
25.28000	15625.00000
25.30000	15708.00000
25.32000	15906.00000
25.34000	15893.00000
25.36000	16178.00000
25.38000	16700.00000
25.40000	17114.00000
25.42000	18055.00000
25.44000	19082.00000
25.46000	20189.00000
25.48000	20987.00000
25.50000	21634.00000
25.52000	21587.00000
25.54000	20849.00000
25.56000	19577.00000
25.58000	18760.00000
25.60000	18269.00000
25.62000	17651.00000
25.64000	17195.00000
25.66000	16970.00000
25.68000	16139.00000
25.70000	15838.00000
25.72000	15441.00000
25.74000	15397.00000
25.76000	15375.00000
25.78000	15276.00000
25.80000	15339.00000
25.82000	15100.00000
25.84000	15185.00000
25.86000	15217.00000
25.88000	15222.00000
25.90000	15085.00000
25.92000	14974.00000
25.94000	15268.00000
25.96000	15248.00000
25.98000	15235.00000
26.00000	15228.00000
26.02000	15334.00000
26.04000	15129.00000
26.06000	15187.00000
26.08000	14925.00000
26.10000	14882.00000
26.12000	15188.00000
26.14000	15061.00000
26.16000	15203.00000
26.18000	15031.00000
26.20000	15103.00000
26.22000	14993.00000
26.24000	15044.00000
26.26000	15302.00000
26.28000	14982.00000
26.30000	14963.00000
26.32000	15011.00000
26.34000	15096.00000
26.36000	15031.00000
26.38000	14972.00000
26.40000	14979.00000
26.42000	15261.00000
26.44000	14992.00000
26.46000	14848.00000
26.48000	14952.00000
26.50000	14862.00000
26.52000	14957.00000
26.54000	15285.00000
26.56000	14778.00000
26.58000	15239.00000
26.60000	15043.00000
26.62000	15004.00000
26.64000	14902.00000
26.66000	15034.00000
26.68000	15139.00000
26.70000	14975.00000
26.72000	15405.00000
26.74000	15514.00000
26.76000	15721.00000
26.78000	16282.00000
26.80000	16483.00000
26.82000	17199.00000
26.84000	18030.00000
26.86000	17694.00000
26.88000	17200.00000
26.90000	16918.00000
26.92000	16147.00000
26.94000	15738.00000
26.96000	15306.00000
26.98000	15276.00000
27.00000	14961.00000
27.02000	15094.00000
27.04000	14970.00000
27.06000	15007.00000
27.08000	15065.00000
27.10000	15012.00000
27.12000	14877.00000
27.14000	15138.00000
27.16000	15177.00000
27.18000	15055.00000
27.20000	15138.00000
27.22000	14868.00000
27.24000	14950.00000
27.26000	15134.00000
27.28000	15154.00000
27.30000	15331.00000
27.32000	15358.00000
27.34000	15724.00000
27.36000	16171.00000
27.38000	16902.00000
27.40000	18000.00000
27.42000	19847.00000
27.44000	22585.00000
27.46000	25880.00000
27.48000	29631.00000
27.50000	32795.00000
27.52000	33239.00000
27.54000	30744.00000
27.56000	27170.00000
27.58000	23574.00000
27.60000	21010.00000
27.62000	19542.00000
27.64000	18998.00000
27.66000	18999.00000
27.68000	19330.00000
27.70000	20481.00000
27.72000	21965.00000
27.74000	23401.00000
27.76000	24629.00000
27.78000	25173.00000
27.80000	24803.00000
27.82000	24484.00000
27.84000	24736.00000
27.86000	25971.00000
27.88000	28003.00000
27.90000	30381.00000
27.92000	30548.00000
27.94000	29500.00000
27.96000	26906.00000
27.98000	24007.00000
28.00000	22026.00000
28.02000	20883.00000
28.04000	20598.00000
28.06000	21377.00000
28.08000	22238.00000
28.10000	24056.00000
28.12000	26660.00000
28.14000	30052.00000
28.16000	35373.00000
28.18000	43307.00000
28.20000	55851.00000
28.22000	72762.00000
28.24000	93534.00000
28.26000	113289.00000
28.28000	124454.00000
28.30000	121810.00000
28.32000	103104.00000
28.34000	78363.00000
28.36000	55039.00000
28.38000	39037.00000
28.40000	29226.00000
28.42000	23841.00000
28.44000	21272.00000
28.46000	20085.00000
28.48000	19723.00000
28.50000	19221.00000
28.52000	18378.00000
28.54000	17690.00000
28.56000	17029.00000
28.58000	16603.00000
28.60000	16204.00000
28.62000	15904.00000
28.64000	16153.00000
28.66000	16391.00000
28.68000	16607.00000
28.70000	17134.00000
28.72000	17801.00000
28.74000	18343.00000
28.76000	19083.00000
28.78000	19806.00000
28.80000	20836.00000
28.82000	20909.00000
28.84000	20493.00000
28.86000	19906.00000
28.88000	18668.00000
28.90000	17651.00000
28.92000	17103.00000
28.94000	16655.00000
28.96000	16343.00000
28.98000	16180.00000
29.00000	16031.00000
29.02000	16206.00000
29.04000	15691.00000
29.06000	15471.00000
29.08000	15220.00000
29.10000	14867.00000
29.12000	14757.00000
29.14000	14483.00000
29.16000	14731.00000
29.18000	14767.00000
29.20000	14751.00000
29.22000	14812.00000
29.24000	14846.00000
29.26000	14776.00000
29.28000	14769.00000
29.30000	14758.00000
29.32000	14607.00000
29.34000	14809.00000
29.36000	14955.00000
29.38000	14636.00000
29.40000	14838.00000
29.42000	15029.00000
29.44000	15249.00000
29.46000	15550.00000
29.48000	15860.00000
29.50000	16674.00000
29.52000	18007.00000
29.54000	20347.00000
29.56000	23420.00000
29.58000	28088.00000
29.60000	34516.00000
29.62000	44152.00000
29.64000	55911.00000
29.66000	68909.00000
29.68000	80902.00000
29.70000	84882.00000
29.72000	77022.00000
29.74000	60986.00000
29.76000	44106.00000
29.78000	31490.00000
29.80000	23807.00000
29.82000	20239.00000
29.84000	18264.00000
29.86000	17361.00000
29.88000	16949.00000
29.90000	16589.00000
29.92000	15954.00000
29.94000	15591.00000
29.96000	15216.00000
29.98000	15232.00000
30.00000	14892.00000
30.02000	15079.00000
30.04000	14781.00000
30.06000	14750.00000
30.08000	15072.00000
30.10000	14727.00000
30.12000	14618.00000
30.14000	14971.00000
30.16000	15087.00000
30.18000	15058.00000
30.20000	15339.00000
30.22000	15443.00000
30.24000	15349.00000
30.26000	15267.00000
30.28000	14966.00000
30.30000	14789.00000
30.32000	14537.00000
30.34000	14613.00000
30.36000	14640.00000
30.38000	14672.00000
30.40000	14497.00000
30.42000	14569.00000
30.44000	14685.00000
30.46000	14276.00000
30.48000	14188.00000
30.50000	14127.00000
30.52000	14425.00000
30.54000	14274.00000
30.56000	14160.00000
30.58000	14124.00000
30.60000	14205.00000
30.62000	14168.00000
30.64000	14302.00000
30.66000	14508.00000
30.68000	14734.00000
30.70000	14637.00000
30.72000	14905.00000
30.74000	15049.00000
30.76000	15840.00000
30.78000	16507.00000
30.80000	17343.00000
30.82000	17592.00000
30.84000	17728.00000
30.86000	16897.00000
30.88000	16162.00000
30.90000	15584.00000
30.92000	15288.00000
30.94000	14755.00000
30.96000	14468.00000
30.98000	14150.00000
31.00000	14026.00000
31.02000	13965.00000
31.04000	13980.00000
31.06000	14038.00000
31.08000	13955.00000
31.10000	14027.00000
31.12000	13941.00000
31.14000	13972.00000
31.16000	14089.00000
31.18000	14110.00000
31.20000	13964.00000
31.22000	13841.00000
31.24000	13972.00000
31.26000	13935.00000
31.28000	13950.00000
31.30000	14238.00000
31.32000	13915.00000
31.34000	14298.00000
31.36000	14260.00000
31.38000	14138.00000
31.40000	14199.00000
31.42000	14172.00000
31.44000	14159.00000
31.46000	13957.00000
31.48000	14067.00000
31.50000	14061.00000
31.52000	14005.00000
31.54000	14183.00000
31.56000	14264.00000
31.58000	14126.00000
31.60000	14411.00000
31.62000	14529.00000
31.64000	14649.00000
31.66000	14768.00000
31.68000	15171.00000
31.70000	15872.00000
31.72000	16036.00000
31.74000	16840.00000
31.76000	17883.00000
31.78000	19001.00000
31.80000	20445.00000
31.82000	21554.00000
31.84000	22443.00000
31.86000	22926.00000
31.88000	22625.00000
31.90000	22190.00000
31.92000	22206.00000
31.94000	22651.00000
31.96000	23200.00000
31.98000	23313.00000
32.00000	22478.00000
32.02000	21019.00000
32.04000	19078.00000
32.06000	17575.00000
32.08000	16298.00000
32.10000	15722.00000
32.12000	15087.00000
32.14000	14732.00000
32.16000	14666.00000
32.18000	14543.00000
32.20000	14677.00000
32.22000	14538.00000
32.24000	14595.00000
32.26000	14348.00000
32.28000	14736.00000
32.30000	15355.00000
32.32000	15460.00000
32.34000	16107.00000
32.36000	16660.00000
32.38000	17129.00000
32.40000	17523.00000
32.42000	17146.00000
32.44000	16876.00000
32.46000	16742.00000
32.48000	16441.00000
32.50000	16544.00000
32.52000	16426.00000
32.54000	16343.00000
32.56000	16192.00000
32.58000	15454.00000
32.60000	16206.00000
32.62000	16180.00000
32.64000	16683.00000
32.66000	17661.00000
32.68000	19124.00000
32.70000	20625.00000
32.72000	21791.00000
32.74000	22670.00000
32.76000	22704.00000
32.78000	21368.00000
32.80000	20158.00000
32.82000	18332.00000
32.84000	17200.00000
32.86000	16281.00000
32.88000	15795.00000
32.90000	15464.00000
32.92000	14850.00000
32.94000	14937.00000
32.96000	14822.00000
32.98000	14573.00000
33.00000	14756.00000
33.02000	14852.00000
33.04000	14877.00000
33.06000	14960.00000
33.08000	15211.00000
33.10000	15412.00000
33.12000	16072.00000
33.14000	16537.00000
33.16000	17029.00000
33.18000	18274.00000
33.20000	19661.00000
33.22000	22241.00000
33.24000	25775.00000
33.26000	31531.00000
33.28000	40251.00000
33.30000	52378.00000
33.32000	65286.00000
33.34000	74821.00000
33.36000	77971.00000
33.38000	72650.00000
33.40000	62238.00000
33.42000	50514.00000
33.44000	40429.00000
33.46000	32968.00000
33.48000	27005.00000
33.50000	22881.00000
33.52000	20428.00000
33.54000	18616.00000
33.56000	17140.00000
33.58000	16292.00000
33.60000	15933.00000
33.62000	15544.00000
33.64000	15481.00000
33.66000	15451.00000
33.68000	15547.00000
33.70000	15824.00000
33.72000	16075.00000
33.74000	16076.00000
33.76000	16169.00000
33.78000	15899.00000
33.80000	16000.00000
33.82000	15853.00000
33.84000	15974.00000
33.86000	15965.00000
33.88000	16388.00000
33.90000	16619.00000
33.92000	16511.00000
33.94000	16716.00000
33.96000	16277.00000
33.98000	16094.00000
34.00000	15414.00000
34.02000	15178.00000
34.04000	14718.00000
34.06000	14690.00000
34.08000	14655.00000
34.10000	14206.00000
34.12000	14547.00000
34.14000	14863.00000
34.16000	15124.00000
34.18000	15558.00000
34.20000	16032.00000
34.22000	16368.00000
34.24000	17479.00000
34.26000	18135.00000
34.28000	18264.00000
34.30000	18190.00000
34.32000	17677.00000
34.34000	16973.00000
34.36000	16230.00000
34.38000	15478.00000
34.40000	14857.00000
34.42000	14583.00000
34.44000	14639.00000
34.46000	14657.00000
34.48000	14330.00000
34.50000	14590.00000
34.52000	14719.00000
34.54000	14808.00000
34.56000	15320.00000
34.58000	16012.00000
34.60000	17384.00000
34.62000	19250.00000
34.64000	22042.00000
34.66000	25972.00000
34.68000	31071.00000
34.70000	35760.00000
34.72000	37888.00000
34.74000	37764.00000
34.76000	34508.00000
34.78000	30600.00000
34.80000	26662.00000
34.82000	23583.00000
34.84000	21261.00000
34.86000	19476.00000
34.88000	18642.00000
34.90000	17808.00000
34.92000	17066.00000
34.94000	16495.00000
34.96000	16365.00000
34.98000	16128.00000
35.00000	16509.00000
35.02000	16938.00000
35.04000	16977.00000
35.06000	16536.00000
35.08000	16274.00000
35.10000	15856.00000
35.12000	15272.00000
35.14000	15020.00000
35.16000	14911.00000
35.18000	15152.00000
35.20000	15322.00000
35.22000	15082.00000
35.24000	15314.00000
35.26000	15303.00000
35.28000	14829.00000
35.30000	14769.00000
35.32000	14141.00000
35.34000	14244.00000
35.36000	13833.00000
35.38000	14032.00000
35.40000	13946.00000
35.42000	13758.00000
35.44000	13809.00000
35.46000	13634.00000
35.48000	13859.00000
35.50000	13542.00000
35.52000	13525.00000
35.54000	13711.00000
35.56000	13740.00000
35.58000	13399.00000
35.60000	13746.00000
35.62000	13564.00000
35.64000	13658.00000
35.66000	13829.00000
35.68000	13692.00000
35.70000	13541.00000
35.72000	13674.00000
35.74000	13389.00000
35.76000	13583.00000
35.78000	13250.00000
35.80000	13506.00000
35.82000	13464.00000
35.84000	13602.00000
35.86000	13617.00000
35.88000	13674.00000
35.90000	13582.00000
35.92000	13531.00000
35.94000	13751.00000
35.96000	13498.00000
35.98000	13536.00000
36.00000	13789.00000
36.02000	13714.00000
36.04000	13772.00000
36.06000	13977.00000
36.08000	13970.00000
36.10000	13784.00000
36.12000	13949.00000
36.14000	14163.00000
36.16000	13961.00000
36.18000	13907.00000
36.20000	13777.00000
36.22000	13616.00000
36.24000	13661.00000
36.26000	13830.00000
36.28000	13921.00000
36.30000	13475.00000
36.32000	13759.00000
36.34000	13461.00000
36.36000	13547.00000
36.38000	13544.00000
36.40000	13393.00000
36.42000	13459.00000
36.44000	13446.00000
36.46000	13482.00000
36.48000	13561.00000
36.50000	13502.00000
36.52000	13453.00000
36.54000	13416.00000
36.56000	13327.00000
36.58000	13410.00000
36.60000	13507.00000
36.62000	13559.00000
36.64000	13376.00000
36.66000	13415.00000
36.68000	13521.00000
36.70000	13344.00000
36.72000	13495.00000
36.74000	13354.00000
36.76000	13608.00000
36.78000	13420.00000
36.80000	13509.00000
36.82000	13741.00000
36.84000	13638.00000
36.86000	13731.00000
36.88000	13810.00000
36.90000	13834.00000
36.92000	13994.00000
36.94000	14235.00000
36.96000	14283.00000
36.98000	14221.00000
37.00000	14121.00000
37.02000	14045.00000
37.04000	13771.00000
37.06000	13886.00000
37.08000	13701.00000
37.10000	13945.00000
37.12000	14112.00000
37.14000	14221.00000
37.16000	14377.00000
37.18000	14914.00000
37.20000	15158.00000
37.22000	15220.00000
37.24000	14829.00000
37.26000	14992.00000
37.28000	14512.00000
37.30000	14364.00000
37.32000	14198.00000
37.34000	13891.00000
37.36000	13725.00000
37.38000	13787.00000
37.40000	13903.00000
37.42000	13698.00000
37.44000	13800.00000
37.46000	14227.00000
37.48000	14086.00000
37.50000	14356.00000
37.52000	14765.00000
37.54000	14993.00000
37.56000	15467.00000
37.58000	15743.00000
37.60000	16317.00000
37.62000	16731.00000
37.64000	16492.00000
37.66000	16457.00000
37.68000	15995.00000
37.70000	15170.00000
37.72000	15255.00000
37.74000	14879.00000
37.76000	14842.00000
37.78000	14599.00000
37.80000	14712.00000
37.82000	14754.00000
37.84000	14616.00000
37.86000	14730.00000
37.88000	14450.00000
37.90000	14214.00000
37.92000	14525.00000
37.94000	14057.00000
37.96000	14136.00000
37.98000	13996.00000
38.00000	13863.00000
38.02000	13531.00000
38.04000	13539.00000
38.06000	13664.00000
38.08000	13360.00000
38.10000	13357.00000
38.12000	13510.00000
38.14000	13865.00000
38.16000	13728.00000
38.18000	13864.00000
38.20000	13951.00000
38.22000	13966.00000
38.24000	14147.00000
38.26000	13954.00000
38.28000	14012.00000
38.30000	14022.00000
38.32000	14008.00000
38.34000	13855.00000
38.36000	14320.00000
38.38000	14303.00000
38.40000	14508.00000
38.42000	15168.00000
38.44000	15782.00000
38.46000	15999.00000
38.48000	16690.00000
38.50000	17632.00000
38.52000	18528.00000
38.54000	20079.00000
38.56000	21626.00000
38.58000	23500.00000
38.60000	25028.00000
38.62000	25622.00000
38.64000	25955.00000
38.66000	23963.00000
38.68000	21662.00000
38.70000	19237.00000
38.72000	17256.00000
38.74000	16468.00000
38.76000	15771.00000
38.78000	15799.00000
38.80000	16585.00000
38.82000	17328.00000
38.84000	17592.00000
38.86000	17583.00000
38.88000	16675.00000
38.90000	16208.00000
38.92000	15197.00000
38.94000	14470.00000
38.96000	14278.00000
38.98000	13833.00000
39.00000	13554.00000
39.02000	13486.00000
39.04000	13523.00000
39.06000	13533.00000
39.08000	13496.00000
39.10000	13327.00000
39.12000	13253.00000
39.14000	13357.00000
39.16000	13504.00000
39.18000	13323.00000
39.20000	13322.00000
39.22000	13276.00000
39.24000	13262.00000
39.26000	13169.00000
39.28000	13312.00000
39.30000	13477.00000
39.32000	13231.00000
39.34000	13275.00000
39.36000	13351.00000
39.38000	13209.00000
39.40000	13322.00000
39.42000	13420.00000
39.44000	13524.00000
39.46000	13594.00000
39.48000	13753.00000
39.50000	14021.00000
39.52000	14328.00000
39.54000	14856.00000
39.56000	15555.00000
39.58000	16731.00000
39.60000	18604.00000
39.62000	21115.00000
39.64000	23736.00000
39.66000	25424.00000
39.68000	25828.00000
39.70000	24816.00000
39.72000	23263.00000
39.74000	21297.00000
39.76000	20151.00000
39.78000	19555.00000
39.80000	19592.00000
39.82000	19478.00000
39.84000	18428.00000
39.86000	17713.00000
39.88000	16769.00000
39.90000	15975.00000
39.92000	15530.00000
39.94000	15207.00000
39.96000	14835.00000
39.98000	14680.00000
40.00000	14458.00000
40.02000	14364.00000
40.04000	14505.00000
40.06000	14229.00000
40.08000	14068.00000
40.10000	14189.00000
40.12000	13955.00000
40.14000	13747.00000
40.16000	13429.00000
40.18000	13194.00000
40.20000	13561.00000
40.22000	13513.00000
40.24000	13585.00000
40.26000	13663.00000
40.28000	13847.00000
40.30000	13835.00000
40.32000	13770.00000
40.34000	14112.00000
40.36000	14248.00000
40.38000	14693.00000
40.40000	14692.00000
40.42000	15166.00000
40.44000	15663.00000
40.46000	16136.00000
40.48000	16493.00000
40.50000	16974.00000
40.52000	16857.00000
40.54000	16604.00000
40.56000	15994.00000
40.58000	15439.00000
40.60000	14662.00000
40.62000	14491.00000
40.64000	13999.00000
40.66000	13769.00000
40.68000	13420.00000
40.70000	13505.00000
40.72000	13260.00000
40.74000	13205.00000
40.76000	13370.00000
40.78000	13261.00000
40.80000	13320.00000
40.82000	13416.00000
40.84000	13391.00000
40.86000	13639.00000
40.88000	13622.00000
40.90000	13933.00000
40.92000	14016.00000
40.94000	14147.00000
40.96000	14495.00000
40.98000	14478.00000
41.00000	14492.00000
41.02000	14857.00000
41.04000	14967.00000
41.06000	14692.00000
41.08000	14889.00000
41.10000	14465.00000
41.12000	14234.00000
41.14000	14128.00000
41.16000	14037.00000
41.18000	13820.00000
41.20000	13651.00000
41.22000	13570.00000
41.24000	13692.00000
41.26000	13530.00000
41.28000	13445.00000
41.30000	13467.00000
41.32000	13240.00000
41.34000	13249.00000
41.36000	13274.00000
41.38000	13247.00000
41.40000	13209.00000
41.42000	13275.00000
41.44000	13390.00000
41.46000	13293.00000
41.48000	13441.00000
41.50000	13365.00000
41.52000	13303.00000
41.54000	13387.00000
41.56000	13451.00000
41.58000	13208.00000
41.60000	13406.00000
41.62000	13288.00000
41.64000	13345.00000
41.66000	13499.00000
41.68000	13461.00000
41.70000	13558.00000
41.72000	13719.00000
41.74000	13644.00000
41.76000	13750.00000
41.78000	13684.00000
41.80000	13855.00000
41.82000	14294.00000
41.84000	14466.00000
41.86000	14466.00000
41.88000	14857.00000
41.90000	15456.00000
41.92000	15634.00000
41.94000	16134.00000
41.96000	16357.00000
41.98000	16671.00000
42.00000	16801.00000
42.02000	16673.00000
42.04000	17138.00000
42.06000	17570.00000
42.08000	18734.00000
42.10000	20472.00000
42.12000	22201.00000
42.14000	24399.00000
42.16000	25497.00000
42.18000	25266.00000
42.20000	23815.00000
42.22000	21565.00000
42.24000	19972.00000
42.26000	17844.00000
42.28000	16437.00000
42.30000	15387.00000
42.32000	14902.00000
42.34000	14262.00000
42.36000	13913.00000
42.38000	13790.00000
42.40000	13527.00000
42.42000	13302.00000
42.44000	13176.00000
42.46000	13239.00000
42.48000	13232.00000
42.50000	13332.00000
42.52000	13314.00000
42.54000	13241.00000
42.56000	13421.00000
42.58000	13695.00000
42.60000	13826.00000
42.62000	14157.00000
42.64000	14394.00000
42.66000	14906.00000
42.68000	15288.00000
42.70000	15400.00000
42.72000	15602.00000
42.74000	15818.00000
42.76000	15013.00000
42.78000	14741.00000
42.80000	14389.00000
42.82000	14045.00000
42.84000	13968.00000
42.86000	13464.00000
42.88000	13389.00000
42.90000	13342.00000
42.92000	13215.00000
42.94000	13155.00000
42.96000	13025.00000
42.98000	13080.00000
43.00000	13113.00000
43.02000	13167.00000
43.04000	13199.00000
43.06000	13411.00000
43.08000	13474.00000
43.10000	13650.00000
43.12000	14068.00000
43.14000	14418.00000
43.16000	14509.00000
43.18000	14405.00000
43.20000	14062.00000
43.22000	13672.00000
43.24000	13609.00000
43.26000	13274.00000
43.28000	13164.00000
43.30000	13103.00000
43.32000	13036.00000
43.34000	12796.00000
43.36000	12883.00000
43.38000	12859.00000
43.40000	12825.00000
43.42000	12631.00000
43.44000	13032.00000
43.46000	12843.00000
43.48000	12700.00000
43.50000	12852.00000
43.52000	12977.00000
43.54000	12985.00000
43.56000	12825.00000
43.58000	12717.00000
43.60000	12752.00000
43.62000	12656.00000
43.64000	12758.00000
43.66000	12791.00000
43.68000	12665.00000
43.70000	12714.00000
43.72000	12756.00000
43.74000	12764.00000
43.76000	12682.00000
43.78000	12597.00000
43.80000	12737.00000
43.82000	12928.00000
43.84000	12828.00000
43.86000	12796.00000
43.88000	12849.00000
43.90000	12715.00000
43.92000	12954.00000
43.94000	12985.00000
43.96000	12950.00000
43.98000	12925.00000
44.00000	13012.00000
44.02000	12926.00000
44.04000	13114.00000
44.06000	12963.00000
44.08000	13227.00000
44.10000	13193.00000
44.12000	13444.00000
44.14000	13882.00000
44.16000	14151.00000
44.18000	14761.00000
44.20000	14771.00000
44.22000	14926.00000
44.24000	15028.00000
44.26000	14740.00000
44.28000	14462.00000
44.30000	14126.00000
44.32000	14192.00000
44.34000	13842.00000
44.36000	13717.00000
44.38000	13707.00000
44.40000	13309.00000
44.42000	13296.00000
44.44000	13213.00000
44.46000	13152.00000
44.48000	13016.00000
44.50000	12863.00000
44.52000	12942.00000
44.54000	12985.00000
44.56000	12867.00000
44.58000	12919.00000
44.60000	12863.00000
44.62000	13003.00000
44.64000	13011.00000
44.66000	13150.00000
44.68000	13143.00000
44.70000	13398.00000
44.72000	13469.00000
44.74000	13660.00000
44.76000	14042.00000
44.78000	14349.00000
44.80000	15188.00000
44.82000	15490.00000
44.84000	15576.00000
44.86000	15660.00000
44.88000	15508.00000
44.90000	15389.00000
44.92000	15278.00000
44.94000	14994.00000
44.96000	14886.00000
44.98000	14202.00000
45.00000	14217.00000
45.02000	13786.00000
45.04000	13400.00000
45.06000	13350.00000
45.08000	13197.00000
45.10000	13107.00000
45.12000	12846.00000
45.14000	12943.00000
45.16000	12831.00000
45.18000	12905.00000
45.20000	12829.00000
45.22000	12654.00000
45.24000	12824.00000
45.26000	12802.00000
45.28000	12812.00000
45.30000	12773.00000
45.32000	12990.00000
45.34000	13167.00000
45.36000	13243.00000
45.38000	13492.00000
45.40000	13931.00000
45.42000	14272.00000
45.44000	14429.00000
45.46000	15071.00000
45.48000	14993.00000
45.50000	15088.00000
45.52000	15303.00000
45.54000	14803.00000
45.56000	14460.00000
45.58000	13967.00000
45.60000	13725.00000
45.62000	13746.00000
45.64000	13736.00000
45.66000	13577.00000
45.68000	13769.00000
45.70000	13929.00000
45.72000	14423.00000
45.74000	14980.00000
45.76000	16104.00000
45.78000	17575.00000
45.80000	19052.00000
45.82000	20068.00000
45.84000	20541.00000
45.86000	20258.00000
45.88000	18874.00000
45.90000	17757.00000
45.92000	16685.00000
45.94000	15442.00000
45.96000	14876.00000
45.98000	14196.00000
46.00000	13903.00000
46.02000	13644.00000
46.04000	13443.00000
46.06000	13497.00000
46.08000	13192.00000
46.10000	13139.00000
46.12000	13221.00000
46.14000	13354.00000
46.16000	13358.00000
46.18000	13738.00000
46.20000	13741.00000
46.22000	13930.00000
46.24000	14147.00000
46.26000	14307.00000
46.28000	14553.00000
46.30000	14982.00000
46.32000	14911.00000
46.34000	15418.00000
46.36000	15502.00000
46.38000	15285.00000
46.40000	15179.00000
46.42000	15266.00000
46.44000	14775.00000
46.46000	15228.00000
46.48000	15196.00000
46.50000	15150.00000
46.52000	15312.00000
46.54000	15063.00000
46.56000	15132.00000
46.58000	14619.00000
46.60000	14318.00000
46.62000	14122.00000
46.64000	13686.00000
46.66000	13724.00000
46.68000	13798.00000
46.70000	13708.00000
46.72000	13963.00000
46.74000	14236.00000
46.76000	14372.00000
46.78000	15155.00000
46.80000	15255.00000
46.82000	15332.00000
46.84000	15560.00000
46.86000	15340.00000
46.88000	14989.00000
46.90000	15391.00000
46.92000	15046.00000
46.94000	14928.00000
46.96000	14592.00000
46.98000	14105.00000
47.00000	13828.00000
47.02000	13622.00000
47.04000	13411.00000
47.06000	13225.00000
47.08000	13178.00000
47.10000	13204.00000
47.12000	13205.00000
47.14000	13389.00000
47.16000	13468.00000
47.18000	13878.00000
47.20000	13915.00000
47.22000	14019.00000
47.24000	14047.00000
47.26000	13918.00000
47.28000	13480.00000
47.30000	13418.00000
47.32000	13255.00000
47.34000	12996.00000
47.36000	12925.00000
47.38000	12539.00000
47.40000	12454.00000
47.42000	12498.00000
47.44000	12585.00000
47.46000	12569.00000
47.48000	12566.00000
47.50000	12603.00000
47.52000	12480.00000
47.54000	12665.00000
47.56000	12570.00000
47.58000	12269.00000
47.60000	12539.00000
47.62000	12401.00000
47.64000	12388.00000
47.66000	12664.00000
47.68000	12717.00000
47.70000	12706.00000
47.72000	12466.00000
47.74000	12642.00000
47.76000	12584.00000
47.78000	12725.00000
47.80000	12752.00000
47.82000	12687.00000
47.84000	12813.00000
47.86000	12744.00000
47.88000	12696.00000
47.90000	12594.00000
47.92000	13000.00000
47.94000	13053.00000
47.96000	13174.00000
47.98000	13386.00000
48.00000	13502.00000
48.02000	13447.00000
48.04000	13739.00000
48.06000	13485.00000
48.08000	13541.00000
48.10000	13781.00000
48.12000	13984.00000
48.14000	14279.00000
48.16000	14634.00000
48.18000	15066.00000
48.20000	15230.00000
48.22000	15927.00000
48.24000	16261.00000
48.26000	16551.00000
48.28000	17251.00000
48.30000	18090.00000
48.32000	19184.00000
48.34000	20721.00000
48.36000	22451.00000
48.38000	24545.00000
48.40000	26811.00000
48.42000	28700.00000
48.44000	29640.00000
48.46000	29867.00000
48.48000	28213.00000
48.50000	25862.00000
48.52000	22930.00000
48.54000	19808.00000
48.56000	17898.00000
48.58000	16140.00000
48.60000	15235.00000
48.62000	14338.00000
48.64000	13901.00000
48.66000	13326.00000
48.68000	13279.00000
48.70000	12885.00000
48.72000	12747.00000
48.74000	12700.00000
48.76000	12774.00000
48.78000	12610.00000
48.80000	12755.00000
48.82000	12471.00000
48.84000	12845.00000
48.86000	12608.00000
48.88000	12716.00000
48.90000	12713.00000
48.92000	12765.00000
48.94000	12711.00000
48.96000	12862.00000
48.98000	12789.00000
49.00000	12712.00000
49.02000	12857.00000
49.04000	12964.00000
49.06000	12834.00000
49.08000	12718.00000
49.10000	12648.00000
49.12000	12756.00000
49.14000	12785.00000
49.16000	12814.00000
49.18000	12841.00000
49.20000	12814.00000
49.22000	12644.00000
49.24000	12714.00000
49.26000	12576.00000
49.28000	12740.00000
49.30000	12773.00000
49.32000	12923.00000
49.34000	13131.00000
49.36000	13130.00000
49.38000	13156.00000
49.40000	13279.00000
49.42000	13125.00000
49.44000	12902.00000
49.46000	13026.00000
49.48000	12945.00000
49.50000	13031.00000
49.52000	12908.00000
49.54000	12840.00000
49.56000	12694.00000
49.58000	12713.00000
49.60000	12771.00000
49.62000	12603.00000
49.64000	12749.00000
49.66000	12806.00000
49.68000	12740.00000
49.70000	12806.00000
49.72000	13152.00000
49.74000	13198.00000
49.76000	13408.00000
49.78000	13575.00000
49.80000	14284.00000
49.82000	14743.00000
49.84000	15370.00000
49.86000	15950.00000
49.88000	16063.00000
49.90000	16322.00000
49.92000	16131.00000
49.94000	15921.00000
49.96000	15617.00000
49.98000	15067.00000
50.00000	14867.00000
50.02000	14311.00000
50.04000	13875.00000
50.06000	13630.00000
50.08000	13655.00000
50.10000	13642.00000
50.12000	13653.00000
50.14000	14084.00000
50.16000	14325.00000
50.18000	14547.00000
50.20000	14857.00000
50.22000	14967.00000
50.24000	14816.00000
50.26000	14756.00000
50.28000	14084.00000
50.30000	13794.00000
50.32000	13627.00000
50.34000	13327.00000
50.36000	13360.00000
50.38000	13444.00000
50.40000	13531.00000
50.42000	13528.00000
50.44000	13401.00000
50.46000	13800.00000
50.48000	14225.00000
50.50000	13975.00000
50.52000	14079.00000
50.54000	13488.00000
50.56000	13561.00000
50.58000	13070.00000
50.60000	12795.00000
50.62000	12808.00000
50.64000	12584.00000
50.66000	12809.00000
50.68000	12537.00000
50.70000	12384.00000
50.72000	12554.00000
50.74000	12804.00000
50.76000	12739.00000
50.78000	12686.00000
50.80000	13067.00000
50.82000	12922.00000
50.84000	13344.00000
50.86000	13556.00000
50.88000	13746.00000
50.90000	14037.00000
50.92000	14210.00000
50.94000	14880.00000
50.96000	15347.00000
50.98000	15600.00000
51.00000	16012.00000
51.02000	16224.00000
51.04000	16822.00000
51.06000	16815.00000
51.08000	16813.00000
51.10000	16915.00000
51.12000	16294.00000
51.14000	15748.00000
51.16000	15284.00000
51.18000	15027.00000
51.20000	15222.00000
51.22000	15432.00000
51.24000	15659.00000
51.26000	15881.00000
51.28000	15882.00000
51.30000	15723.00000
51.32000	15332.00000
51.34000	14822.00000
51.36000	14319.00000
51.38000	14013.00000
51.40000	13730.00000
51.42000	13619.00000
51.44000	13203.00000
51.46000	12928.00000
51.48000	12945.00000
51.50000	12817.00000
51.52000	12528.00000
51.54000	12509.00000
51.56000	12617.00000
51.58000	12418.00000
51.60000	12247.00000
51.62000	12243.00000
51.64000	12438.00000
51.66000	12397.00000
51.68000	12323.00000
51.70000	12474.00000
51.72000	12284.00000
51.74000	12128.00000
51.76000	12361.00000
51.78000	12211.00000
51.80000	12319.00000
51.82000	12252.00000
51.84000	12480.00000
51.86000	12439.00000
51.88000	12516.00000
51.90000	12645.00000
51.92000	12690.00000
51.94000	12892.00000
51.96000	12872.00000
51.98000	12845.00000
52.00000	12773.00000
52.02000	12835.00000
52.04000	12927.00000
52.06000	12727.00000
52.08000	12911.00000
52.10000	13124.00000
52.12000	13159.00000
52.14000	13468.00000
52.16000	13680.00000
52.18000	13972.00000
52.20000	14083.00000
52.22000	14872.00000
52.24000	15630.00000
52.26000	16401.00000
52.28000	17255.00000
52.30000	18653.00000
52.32000	19407.00000
52.34000	20957.00000
52.36000	21918.00000
52.38000	23168.00000
52.40000	23017.00000
52.42000	22832.00000
52.44000	21668.00000
52.46000	20124.00000
52.48000	19115.00000
52.50000	17450.00000
52.52000	16207.00000
52.54000	15423.00000
52.56000	14816.00000
52.58000	14377.00000
52.60000	14241.00000
52.62000	13849.00000
52.64000	13662.00000
52.66000	13567.00000
52.68000	13463.00000
52.70000	13468.00000
52.72000	13328.00000
52.74000	13161.00000
52.76000	13320.00000
52.78000	13328.00000
52.80000	13426.00000
52.82000	13613.00000
52.84000	13466.00000
52.86000	13504.00000
52.88000	13462.00000
52.90000	13452.00000
52.92000	13625.00000
52.94000	13863.00000
52.96000	14014.00000
52.98000	14148.00000
53.00000	14928.00000
53.02000	15929.00000
53.04000	17262.00000
53.06000	19188.00000
53.08000	21841.00000
53.10000	23837.00000
53.12000	24785.00000
53.14000	24749.00000
53.16000	23818.00000
53.18000	22400.00000
53.20000	20791.00000
53.22000	19424.00000
53.24000	18724.00000
53.26000	17799.00000
53.28000	17094.00000
53.30000	16328.00000
53.32000	15995.00000
53.34000	15405.00000
53.36000	15053.00000
53.38000	14247.00000
53.40000	14334.00000
53.42000	13912.00000
53.44000	14016.00000
53.46000	13958.00000
53.48000	13999.00000
53.50000	13807.00000
53.52000	13364.00000
53.54000	13117.00000
53.56000	13321.00000
53.58000	13019.00000
53.60000	13004.00000
53.62000	12545.00000
53.64000	12531.00000
53.66000	12604.00000
53.68000	12305.00000
53.70000	12499.00000
53.72000	12378.00000
53.74000	12627.00000
53.76000	12296.00000
53.78000	12322.00000
53.80000	12231.00000
53.82000	12249.00000
53.84000	12194.00000
53.86000	12437.00000
53.88000	12349.00000
53.90000	12306.00000
53.92000	12061.00000
53.94000	12113.00000
53.96000	12175.00000
53.98000	11950.00000
54.00000	12271.00000
54.02000	12095.00000
54.04000	12069.00000
54.06000	11946.00000
54.08000	12241.00000
54.10000	12248.00000
54.12000	12273.00000
54.14000	12249.00000
54.16000	12420.00000
54.18000	12598.00000
54.20000	12804.00000
54.22000	12962.00000
54.24000	13118.00000
54.26000	13137.00000
54.28000	13455.00000
54.30000	13656.00000
54.32000	13836.00000
54.34000	14148.00000
54.36000	14494.00000
54.38000	14927.00000
54.40000	15176.00000
54.42000	15492.00000
54.44000	15262.00000
54.46000	15121.00000
54.48000	14639.00000
54.50000	14465.00000
54.52000	14217.00000
54.54000	13894.00000
54.56000	13792.00000
54.58000	13678.00000
54.60000	13533.00000
54.62000	13432.00000
54.64000	13290.00000
54.66000	13268.00000
54.68000	13172.00000
54.70000	13267.00000
54.72000	13419.00000
54.74000	13592.00000
54.76000	13877.00000
54.78000	14105.00000
54.80000	14565.00000
54.82000	14269.00000
54.84000	14134.00000
54.86000	13706.00000
54.88000	13403.00000
54.90000	13039.00000
54.92000	12892.00000
54.94000	12730.00000
54.96000	12645.00000
54.98000	12606.00000
55.00000	12517.00000
55.02000	12446.00000
55.04000	12562.00000
55.06000	12485.00000
55.08000	12429.00000
55.10000	12632.00000
55.12000	12800.00000
55.14000	13348.00000
55.16000	13787.00000
55.18000	14737.00000
55.20000	15492.00000
55.22000	16190.00000
55.24000	16883.00000
55.26000	17205.00000
55.28000	16793.00000
55.30000	15985.00000
55.32000	15223.00000
55.34000	14544.00000
55.36000	13894.00000
55.38000	13514.00000
55.40000	13338.00000
55.42000	13163.00000
55.44000	13185.00000
55.46000	13332.00000
55.48000	13429.00000
55.50000	13440.00000
55.52000	13694.00000
55.54000	13694.00000
55.56000	13787.00000
55.58000	13859.00000
55.60000	13888.00000
55.62000	13943.00000
55.64000	14622.00000
55.66000	15036.00000
55.68000	15574.00000
55.70000	16313.00000
55.72000	16405.00000
55.74000	16505.00000
55.76000	15629.00000
55.78000	15063.00000
55.80000	14481.00000
55.82000	13961.00000
55.84000	13544.00000
55.86000	13233.00000
55.88000	12811.00000
55.90000	12900.00000
55.92000	12814.00000
55.94000	12616.00000
55.96000	12934.00000
55.98000	12892.00000
56.00000	12944.00000
56.02000	13351.00000
56.04000	13564.00000
56.06000	13369.00000
56.08000	13313.00000
56.10000	13386.00000
56.12000	12954.00000
56.14000	12996.00000
56.16000	12769.00000
56.18000	12623.00000
56.20000	12442.00000
56.22000	12785.00000
56.24000	12484.00000
56.26000	12529.00000
56.28000	12636.00000
56.30000	12750.00000
56.32000	12565.00000
56.34000	12566.00000
56.36000	12665.00000
56.38000	12278.00000
56.40000	12415.00000
56.42000	12225.00000
56.44000	12002.00000
56.46000	12104.00000
56.48000	11902.00000
56.50000	11947.00000
56.52000	11824.00000
56.54000	11858.00000
56.56000	11699.00000
56.58000	11792.00000
56.60000	12042.00000
56.62000	11667.00000
56.64000	11891.00000
56.66000	11804.00000
56.68000	11839.00000
56.70000	11910.00000
56.72000	11859.00000
56.74000	11981.00000
56.76000	11965.00000
56.78000	11755.00000
56.80000	12006.00000
56.82000	11949.00000
56.84000	12193.00000
56.86000	12114.00000
56.88000	11961.00000
56.90000	12194.00000
56.92000	12534.00000
56.94000	12484.00000
56.96000	12862.00000
56.98000	13034.00000
57.00000	13305.00000
57.02000	13180.00000
57.04000	13221.00000
57.06000	13398.00000
57.08000	13097.00000
57.10000	13205.00000
57.12000	13117.00000
57.14000	13126.00000
57.16000	12776.00000
57.18000	12822.00000
57.20000	12780.00000
57.22000	12789.00000
57.24000	12634.00000
57.26000	12654.00000
57.28000	12816.00000
57.30000	12989.00000
57.32000	12953.00000
57.34000	13010.00000
57.36000	13242.00000
57.38000	13492.00000
57.40000	13544.00000
57.42000	13708.00000
57.44000	14038.00000
57.46000	14164.00000
57.48000	14072.00000
57.50000	13777.00000
57.52000	13500.00000
57.54000	13220.00000
57.56000	12903.00000
57.58000	12588.00000
57.60000	12527.00000
57.62000	12412.00000
57.64000	12503.00000
57.66000	12448.00000
57.68000	12270.00000
57.70000	12308.00000
57.72000	12383.00000
57.74000	12315.00000
57.76000	12087.00000
57.78000	12148.00000
57.80000	12134.00000
57.82000	12455.00000
57.84000	12484.00000
57.86000	12416.00000
57.88000	12769.00000
57.90000	13136.00000
57.92000	13266.00000
57.94000	13598.00000
57.96000	13888.00000
57.98000	14210.00000
58.00000	14745.00000
58.02000	15356.00000
58.04000	16172.00000
58.06000	16613.00000
58.08000	16949.00000
58.10000	18383.00000
58.12000	19424.00000
58.14000	20637.00000
58.16000	21148.00000
58.18000	21059.00000
58.20000	20336.00000
58.22000	18801.00000
58.24000	17719.00000
58.26000	16602.00000
58.28000	15527.00000
58.30000	15079.00000
58.32000	14438.00000
58.34000	14357.00000
58.36000	14157.00000
58.38000	14568.00000
58.40000	14780.00000
58.42000	15541.00000
58.44000	16238.00000
58.46000	17148.00000
58.48000	17942.00000
58.50000	18730.00000
58.52000	19165.00000
58.54000	19063.00000
58.56000	18507.00000
58.58000	17969.00000
58.60000	17405.00000
58.62000	17355.00000
58.64000	17051.00000
58.66000	16523.00000
58.68000	15930.00000
58.70000	15132.00000
58.72000	14601.00000
58.74000	14232.00000
58.76000	13802.00000
58.78000	13090.00000
58.80000	12963.00000
58.82000	12622.00000
58.84000	12475.00000
58.86000	12526.00000
58.88000	12566.00000
58.90000	12358.00000
58.92000	12497.00000
58.94000	12388.00000
58.96000	12476.00000
58.98000	12610.00000
59.00000	12355.00000
59.02000	12616.00000
59.04000	12585.00000
59.06000	12379.00000
59.08000	12494.00000
59.10000	12440.00000
59.12000	12375.00000
59.14000	12208.00000
59.16000	12481.00000
59.18000	12191.00000
59.20000	12648.00000
59.22000	12576.00000
59.24000	12818.00000
59.26000	13092.00000
59.28000	13244.00000
59.30000	13699.00000
59.32000	13940.00000
59.34000	14238.00000
59.36000	14477.00000
59.38000	14383.00000
59.40000	14666.00000
59.42000	14280.00000
59.44000	14026.00000
59.46000	13880.00000
59.48000	13362.00000
59.50000	13106.00000
59.52000	12813.00000
59.54000	12487.00000
59.56000	12616.00000
59.58000	12195.00000
59.60000	12134.00000
59.62000	11902.00000
59.64000	12114.00000
59.66000	12044.00000
59.68000	11886.00000
59.70000	11807.00000
59.72000	11950.00000
59.74000	11853.00000
59.76000	11878.00000
59.78000	11475.00000
59.80000	11802.00000
59.82000	11598.00000
59.84000	11692.00000
59.86000	11516.00000
59.88000	11552.00000
59.90000	11743.00000
59.92000	11549.00000
59.94000	11651.00000
59.96000	11738.00000
59.98000	11714.00000
60.00000	11563.00000
60.02000	11748.00000
60.04000	11936.00000
60.06000	11833.00000
60.08000	12056.00000
60.10000	12139.00000
60.12000	12344.00000
60.14000	12224.00000
60.16000	12672.00000
60.18000	12917.00000
60.20000	13025.00000
60.22000	13292.00000
60.24000	13586.00000
60.26000	13787.00000
60.28000	13825.00000
60.30000	13883.00000
60.32000	13798.00000
60.34000	13604.00000
60.36000	13419.00000
60.38000	13194.00000
60.40000	13052.00000
60.42000	13026.00000
60.44000	12835.00000
60.46000	12544.00000
60.48000	12267.00000
60.50000	12187.00000
60.52000	12165.00000
60.54000	12138.00000
60.56000	12113.00000
60.58000	12387.00000
60.60000	12326.00000
60.62000	12232.00000
60.64000	12530.00000
60.66000	12338.00000
60.68000	12536.00000
60.70000	12509.00000
60.72000	12803.00000
60.74000	13028.00000
60.76000	13470.00000
60.78000	13995.00000
60.80000	14286.00000
60.82000	15144.00000
60.84000	15589.00000
60.86000	15367.00000
60.88000	15712.00000
60.90000	15443.00000
60.92000	15343.00000
60.94000	15215.00000
60.96000	15102.00000
60.98000	14863.00000
61.00000	14510.00000
61.02000	14134.00000
61.04000	14002.00000
61.06000	13392.00000
61.08000	13335.00000
61.10000	13189.00000
61.12000	13020.00000
61.14000	12912.00000
61.16000	12660.00000
61.18000	12654.00000
61.20000	12550.00000
61.22000	12439.00000
61.24000	12505.00000
61.26000	12278.00000
61.28000	12445.00000
61.30000	12611.00000
61.32000	12815.00000
61.34000	12831.00000
61.36000	13014.00000
61.38000	13009.00000
61.40000	13348.00000
61.42000	13721.00000
61.44000	13683.00000
61.46000	13820.00000
61.48000	13712.00000
61.50000	13674.00000
61.52000	13355.00000
61.54000	13483.00000
61.56000	13794.00000
61.58000	13856.00000
61.60000	13849.00000
61.62000	14273.00000
61.64000	14277.00000
61.66000	14617.00000
61.68000	14391.00000
61.70000	13811.00000
61.72000	13266.00000
61.74000	12793.00000
61.76000	12315.00000
61.78000	12138.00000
61.80000	11834.00000
61.82000	11911.00000
61.84000	11979.00000
61.86000	11847.00000
61.88000	11719.00000
61.90000	11838.00000
61.92000	11606.00000
61.94000	11808.00000
61.96000	11819.00000
61.98000	11797.00000
62.00000	11994.00000
62.02000	11841.00000
62.04000	12065.00000
62.06000	12192.00000
62.08000	12402.00000
62.10000	12387.00000
62.12000	12725.00000
62.14000	12835.00000
62.16000	13313.00000
62.18000	13680.00000
62.20000	13948.00000
62.22000	14066.00000
62.24000	14036.00000
62.26000	13777.00000
62.28000	13449.00000
62.30000	13036.00000
62.32000	12647.00000
62.34000	12257.00000
62.36000	12244.00000
62.38000	12137.00000
62.40000	12003.00000
62.42000	12000.00000
62.44000	12092.00000
62.46000	12090.00000
62.48000	12002.00000
62.50000	12020.00000
62.52000	12159.00000
62.54000	11935.00000
62.56000	11846.00000
62.58000	11893.00000
62.60000	11746.00000
62.62000	11425.00000
62.64000	11637.00000
62.66000	11511.00000
62.68000	11507.00000
62.70000	11438.00000
62.72000	11416.00000
62.74000	11390.00000
62.76000	11263.00000
62.78000	11318.00000
62.80000	11463.00000
62.82000	11640.00000
62.84000	11444.00000
62.86000	11498.00000
62.88000	11468.00000
62.90000	11553.00000
62.92000	11586.00000
62.94000	11551.00000
62.96000	11828.00000
62.98000	11521.00000
63.00000	11704.00000
63.02000	11742.00000
63.04000	12017.00000
63.06000	11984.00000
63.08000	12035.00000
63.10000	11905.00000
63.12000	12314.00000
63.14000	12499.00000
63.16000	12479.00000
63.18000	12841.00000
63.20000	12764.00000
63.22000	12893.00000
63.24000	13129.00000
63.26000	12836.00000
63.28000	12494.00000
63.30000	12265.00000
63.32000	12148.00000
63.34000	11864.00000
63.36000	11836.00000
63.38000	11581.00000
63.40000	11633.00000
63.42000	11636.00000
63.44000	11485.00000
63.46000	11515.00000
63.48000	11698.00000
63.50000	11712.00000
63.52000	11481.00000
63.54000	11671.00000
63.56000	11670.00000
63.58000	11786.00000
63.60000	11767.00000
63.62000	12113.00000
63.64000	12183.00000
63.66000	12586.00000
63.68000	12626.00000
63.70000	12780.00000
63.72000	13127.00000
63.74000	12816.00000
63.76000	12897.00000
63.78000	12845.00000
63.80000	12758.00000
63.82000	12584.00000
63.84000	12465.00000
63.86000	12649.00000
63.88000	12454.00000
63.90000	12769.00000
63.92000	12772.00000
63.94000	13041.00000
63.96000	13186.00000
63.98000	13021.00000
64.00000	12722.00000
64.02000	12997.00000
64.04000	12777.00000
64.06000	12571.00000
64.08000	12659.00000
64.10000	12387.00000
64.12000	12190.00000
64.14000	12794.00000
64.16000	12963.00000
64.18000	13295.00000
64.20000	14095.00000
64.22000	15009.00000
64.24000	15359.00000
64.26000	15767.00000
64.28000	15777.00000
64.30000	15506.00000
64.32000	15269.00000
64.34000	14733.00000
64.36000	14519.00000
64.38000	14099.00000
64.40000	14206.00000
64.42000	13744.00000
64.44000	13451.00000
64.46000	13335.00000
64.48000	13175.00000
64.50000	13014.00000
64.52000	12853.00000
64.54000	12556.00000
64.56000	12464.00000
64.58000	12503.00000
64.60000	12382.00000
64.62000	12572.00000
64.64000	12506.00000
64.66000	12281.00000
64.68000	12313.00000
64.70000	12511.00000
64.72000	12415.00000
64.74000	12523.00000
64.76000	12698.00000
64.78000	12709.00000
64.80000	12788.00000
64.82000	12860.00000
64.84000	12798.00000
64.86000	12556.00000
64.88000	12231.00000
64.90000	11983.00000
64.92000	11934.00000
64.94000	11752.00000
64.96000	11596.00000
64.98000	11469.00000
65.00000	11366.00000
65.02000	11293.00000
65.04000	11421.00000
65.06000	11180.00000
65.08000	11293.00000
65.10000	11198.00000
65.12000	11258.00000
65.14000	11268.00000
65.16000	11232.00000
65.18000	11072.00000
65.20000	11383.00000
65.22000	11238.00000
65.24000	11266.00000
65.26000	11151.00000
65.28000	11423.00000
65.30000	11327.00000
65.32000	11176.00000
65.34000	11407.00000
65.36000	11164.00000
65.38000	11288.00000
65.40000	11422.00000
65.42000	11244.00000
65.44000	11243.00000
65.46000	11179.00000
65.48000	11269.00000
65.50000	11084.00000
65.52000	11225.00000
65.54000	11201.00000
65.56000	11235.00000
65.58000	11343.00000
65.60000	11537.00000
65.62000	11618.00000
65.64000	11713.00000
65.66000	12067.00000
65.68000	12198.00000
65.70000	12197.00000
65.72000	12023.00000
65.74000	12034.00000
65.76000	11952.00000
65.78000	11719.00000
65.80000	11716.00000
65.82000	11641.00000
65.84000	11586.00000
65.86000	11375.00000
65.88000	11448.00000
65.90000	11482.00000
65.92000	11358.00000
65.94000	11390.00000
65.96000	11318.00000
65.98000	11282.00000
66.00000	11310.00000
66.02000	11177.00000
66.04000	11410.00000
66.06000	11480.00000
66.08000	11618.00000
66.10000	11382.00000
66.12000	11885.00000
66.14000	11931.00000
66.16000	11876.00000
66.18000	11685.00000
66.20000	11768.00000
66.22000	11788.00000
66.24000	11917.00000
66.26000	11920.00000
66.28000	11732.00000
66.30000	11816.00000
66.32000	11514.00000
66.34000	11685.00000
66.36000	11900.00000
66.38000	11897.00000
66.40000	12031.00000
66.42000	11948.00000
66.44000	12024.00000
66.46000	12305.00000
66.48000	12252.00000
66.50000	12297.00000
66.52000	12493.00000
66.54000	12422.00000
66.56000	12364.00000
66.58000	12305.00000
66.60000	12016.00000
66.62000	11816.00000
66.64000	11896.00000
66.66000	11639.00000
66.68000	11657.00000
66.70000	11507.00000
66.72000	11322.00000
66.74000	11403.00000
66.76000	11325.00000
66.78000	11118.00000
66.80000	11530.00000
66.82000	11227.00000
66.84000	11273.00000
66.86000	11210.00000
66.88000	11163.00000
66.90000	11434.00000
66.92000	11492.00000
66.94000	11363.00000
66.96000	11726.00000
66.98000	11979.00000
67.00000	12079.00000
67.02000	12141.00000
67.04000	12354.00000
67.06000	12617.00000
67.08000	12589.00000
67.10000	12543.00000
67.12000	12633.00000
67.14000	12430.00000
67.16000	12338.00000
67.18000	12374.00000
67.20000	12646.00000
67.22000	12803.00000
67.24000	12744.00000
67.26000	13213.00000
67.28000	13398.00000
67.30000	13753.00000
67.32000	14204.00000
67.34000	14460.00000
67.36000	14704.00000
67.38000	14650.00000
67.40000	14612.00000
67.42000	14330.00000
67.44000	13779.00000
67.46000	13293.00000
67.48000	13059.00000
67.50000	12827.00000
67.52000	12515.00000
67.54000	12043.00000
67.56000	12225.00000
67.58000	11837.00000
67.60000	11749.00000
67.62000	11902.00000
67.64000	11564.00000
67.66000	11568.00000
67.68000	11489.00000
67.70000	11521.00000
67.72000	11150.00000
67.74000	11234.00000
67.76000	11390.00000
67.78000	11205.00000
67.80000	10933.00000
67.82000	11380.00000
67.84000	11379.00000
67.86000	11282.00000
67.88000	11093.00000
67.90000	11053.00000
67.92000	11249.00000
67.94000	11158.00000
67.96000	11337.00000
67.98000	11237.00000
68.00000	11416.00000
68.02000	11251.00000
68.04000	11483.00000
68.06000	11734.00000
68.08000	11588.00000
68.10000	11754.00000
68.12000	11837.00000
68.14000	11961.00000
68.16000	11905.00000
68.18000	11795.00000
68.20000	11946.00000
68.22000	11787.00000
68.24000	11703.00000
68.26000	11333.00000
68.28000	11423.00000
68.30000	11422.00000
68.32000	11153.00000
68.34000	11419.00000
68.36000	11269.00000
68.38000	11075.00000
68.40000	11145.00000
68.42000	11129.00000
68.44000	11144.00000
68.46000	11276.00000
68.48000	11265.00000
68.50000	11350.00000
68.52000	11518.00000
68.54000	11526.00000
68.56000	11873.00000
68.58000	11713.00000
68.60000	11815.00000
68.62000	12220.00000
68.64000	12200.00000
68.66000	12674.00000
68.68000	12639.00000
68.70000	12735.00000
68.72000	12636.00000
68.74000	12761.00000
68.76000	12517.00000
68.78000	12296.00000
68.80000	11987.00000
68.82000	11689.00000
68.84000	11520.00000
68.86000	11241.00000
68.88000	11305.00000
68.90000	11322.00000
68.92000	11241.00000
68.94000	11187.00000
68.96000	11201.00000
68.98000	11073.00000
69.00000	11008.00000
69.02000	11091.00000
69.04000	10917.00000
69.06000	11070.00000
69.08000	10959.00000
69.10000	10935.00000
69.12000	10910.00000
69.14000	11046.00000
69.16000	11065.00000
69.18000	10923.00000
69.20000	10932.00000
69.22000	11001.00000
69.24000	11062.00000
69.26000	10931.00000
69.28000	10980.00000
69.30000	11116.00000
69.32000	11252.00000
69.34000	11250.00000
69.36000	11178.00000
69.38000	11173.00000
69.40000	11369.00000
69.42000	11200.00000
69.44000	11109.00000
69.46000	11166.00000
69.48000	11098.00000
69.50000	11186.00000
69.52000	11260.00000
69.54000	11074.00000
69.56000	11006.00000
69.58000	11147.00000
69.60000	11236.00000
69.62000	11465.00000
69.64000	11410.00000
69.66000	11394.00000
69.68000	11517.00000
69.70000	11592.00000
69.72000	11861.00000
69.74000	12005.00000
69.76000	12221.00000
69.78000	12264.00000
69.80000	12392.00000
69.82000	12300.00000
69.84000	12432.00000
69.86000	12335.00000
69.88000	12003.00000
69.90000	12080.00000
69.92000	12111.00000
69.94000	11993.00000
69.96000	12071.00000
69.98000	12494.00000
70.00000	12692.00000
70.02000	12937.00000
70.04000	13123.00000
70.06000	13084.00000
70.08000	12899.00000
70.10000	12716.00000
70.12000	12545.00000
70.14000	12488.00000
70.16000	12410.00000
70.18000	12450.00000
70.20000	12397.00000
70.22000	12178.00000
70.24000	11995.00000
70.26000	12128.00000
70.28000	12118.00000
70.30000	11977.00000
70.32000	11944.00000
70.34000	12235.00000
70.36000	12046.00000
70.38000	11516.00000
70.40000	11472.00000
70.42000	11342.00000
70.44000	11390.00000
70.46000	11162.00000
70.48000	11343.00000
70.50000	11327.00000
70.52000	11359.00000
70.54000	11199.00000
70.56000	11307.00000
70.58000	11362.00000
70.60000	11526.00000
70.62000	11464.00000
70.64000	11241.00000
70.66000	11417.00000
70.68000	11326.00000
70.70000	11369.00000
70.72000	11275.00000
70.74000	10780.00000
70.76000	10802.00000
70.78000	10949.00000
70.80000	10985.00000
70.82000	11171.00000
70.84000	11024.00000
70.86000	11012.00000
70.88000	11062.00000
70.90000	11149.00000
70.92000	11143.00000
70.94000	11273.00000
70.96000	11172.00000
70.98000	11175.00000
71.00000	11151.00000
71.02000	10951.00000
71.04000	11160.00000
71.06000	10888.00000
71.08000	10948.00000
71.10000	10729.00000
71.12000	10717.00000
71.14000	10746.00000
71.16000	10644.00000
71.18000	10936.00000
71.20000	10848.00000
71.22000	10721.00000
71.24000	10812.00000
71.26000	10647.00000
71.28000	10909.00000
71.30000	10812.00000
71.32000	10956.00000
71.34000	10722.00000
71.36000	11149.00000
71.38000	11241.00000
71.40000	11316.00000
71.42000	11349.00000
71.44000	11379.00000
71.46000	11707.00000
71.48000	11864.00000
71.50000	11721.00000
71.52000	11330.00000
71.54000	11251.00000
71.56000	11136.00000
71.58000	11194.00000
71.60000	11102.00000
71.62000	11058.00000
71.64000	11076.00000
71.66000	10898.00000
71.68000	11027.00000
71.70000	10812.00000
71.72000	10907.00000
71.74000	11197.00000
71.76000	11081.00000
71.78000	10913.00000
71.80000	11071.00000
71.82000	11021.00000
71.84000	10917.00000
71.86000	11065.00000
71.88000	10756.00000
71.90000	10993.00000
71.92000	10753.00000
71.94000	10867.00000
71.96000	10814.00000
71.98000	10831.00000
72.00000	10730.00000
72.02000	10851.00000
72.04000	10909.00000
72.06000	10866.00000
72.08000	10964.00000
72.10000	10726.00000
72.12000	10911.00000
72.14000	11013.00000
72.16000	11021.00000
72.18000	11116.00000
72.20000	11065.00000
72.22000	11017.00000
72.24000	11006.00000
72.26000	10829.00000
72.28000	11070.00000
72.30000	10989.00000
72.32000	11124.00000
72.34000	11171.00000
72.36000	11103.00000
72.38000	11017.00000
72.40000	11129.00000
72.42000	11015.00000
72.44000	11049.00000
72.46000	10984.00000
72.48000	11033.00000
72.50000	11272.00000
72.52000	11150.00000
72.54000	11448.00000
72.56000	11245.00000
72.58000	11109.00000
72.60000	11411.00000
72.62000	11176.00000
72.64000	11247.00000
72.66000	11409.00000
72.68000	11130.00000
72.70000	11155.00000
72.72000	11401.00000
72.74000	11148.00000
72.76000	11011.00000
72.78000	11124.00000
72.80000	11057.00000
72.82000	11019.00000
72.84000	11065.00000
72.86000	11100.00000
72.88000	10975.00000
72.90000	11037.00000
72.92000	10752.00000
72.94000	10960.00000
72.96000	10726.00000
72.98000	10894.00000
73.00000	10816.00000
73.02000	10966.00000
73.04000	10876.00000
73.06000	10854.00000
73.08000	10598.00000
73.10000	10997.00000
73.12000	10989.00000
73.14000	11207.00000
73.16000	11293.00000
73.18000	11407.00000
73.20000	11702.00000
73.22000	11750.00000
73.24000	11662.00000
73.26000	11365.00000
73.28000	11618.00000
73.30000	11431.00000
73.32000	11202.00000
73.34000	11170.00000
73.36000	11135.00000
73.38000	10902.00000
73.40000	11092.00000
73.42000	10870.00000
73.44000	10704.00000
73.46000	10833.00000
73.48000	10837.00000
73.50000	10622.00000
73.52000	10583.00000
73.54000	10663.00000
73.56000	10735.00000
73.58000	10727.00000
73.60000	10784.00000
73.62000	10903.00000
73.64000	10637.00000
73.66000	10620.00000
73.68000	10882.00000
73.70000	10768.00000
73.72000	10804.00000
73.74000	10781.00000
73.76000	10651.00000
73.78000	10772.00000
73.80000	10875.00000
73.82000	10696.00000
73.84000	10814.00000
73.86000	10853.00000
73.88000	10735.00000
73.90000	10704.00000
73.92000	10881.00000
73.94000	10688.00000
73.96000	10607.00000
73.98000	10493.00000
74.00000	10533.00000
74.02000	10652.00000
74.04000	10356.00000
74.06000	10589.00000
74.08000	10498.00000
74.10000	10518.00000
74.12000	10376.00000
74.14000	10541.00000
74.16000	10578.00000
74.18000	10602.00000
74.20000	10455.00000
74.22000	10385.00000
74.24000	10348.00000
74.26000	10476.00000
74.28000	10580.00000
74.30000	10509.00000
74.32000	10402.00000
74.34000	10414.00000
74.36000	10540.00000
74.38000	10524.00000
74.40000	10709.00000
74.42000	10663.00000
74.44000	10844.00000
74.46000	10481.00000
74.48000	10470.00000
74.50000	10778.00000
74.52000	10584.00000
74.54000	10624.00000
74.56000	10687.00000
74.58000	10993.00000
74.60000	10605.00000
74.62000	10811.00000
74.64000	10796.00000
74.66000	10812.00000
74.68000	10682.00000
74.70000	10750.00000
74.72000	10641.00000
74.74000	10631.00000
74.76000	10681.00000
74.78000	10688.00000
74.80000	10824.00000
74.82000	10833.00000
74.84000	10886.00000
74.86000	10873.00000
74.88000	10712.00000
74.90000	10938.00000
74.92000	10727.00000
74.94000	10884.00000
74.96000	10973.00000
74.98000	10950.00000
75.00000	11036.00000
75.02000	11135.00000
75.04000	11048.00000
75.06000	11180.00000
75.08000	11314.00000
75.10000	11120.00000
75.12000	11167.00000
75.14000	11069.00000
75.16000	10980.00000
75.18000	11147.00000
75.20000	11133.00000
75.22000	11014.00000
75.24000	11127.00000
75.26000	11191.00000
75.28000	11033.00000
75.30000	10984.00000
75.32000	11190.00000
75.34000	11343.00000
75.36000	11420.00000
75.38000	11394.00000
75.40000	11511.00000
75.42000	11177.00000
75.44000	11249.00000
75.46000	11099.00000
75.48000	11185.00000
75.50000	10976.00000
75.52000	11022.00000
75.54000	10884.00000
75.56000	10800.00000
75.58000	10752.00000
75.60000	10647.00000
75.62000	10632.00000
75.64000	10657.00000
75.66000	10547.00000
75.68000	10590.00000
75.70000	10590.00000
75.72000	10628.00000
75.74000	10767.00000
75.76000	10603.00000
75.78000	10829.00000
75.80000	10966.00000
75.82000	10878.00000
75.84000	10631.00000
75.86000	10848.00000
75.88000	10761.00000
75.90000	10800.00000
75.92000	10636.00000
75.94000	10670.00000
75.96000	10567.00000
75.98000	10616.00000
76.00000	10477.00000
76.02000	10499.00000
76.04000	10566.00000
76.06000	10577.00000
76.08000	10427.00000
76.10000	10515.00000
76.12000	10464.00000
76.14000	10550.00000
76.16000	10352.00000
76.18000	10336.00000
76.20000	10338.00000
76.22000	10406.00000
76.24000	10331.00000
76.26000	10575.00000
76.28000	10399.00000
76.30000	10323.00000
76.32000	10305.00000
76.34000	10582.00000
76.36000	10484.00000
76.38000	10529.00000
76.40000	10564.00000
76.42000	10726.00000
76.44000	10726.00000
76.46000	10757.00000
76.48000	10811.00000
76.50000	11071.00000
76.52000	11105.00000
76.54000	10990.00000
76.56000	11345.00000
76.58000	11211.00000
76.60000	11338.00000
76.62000	11586.00000
76.64000	11603.00000
76.66000	11687.00000
76.68000	11820.00000
76.70000	11713.00000
76.72000	11854.00000
76.74000	11613.00000
76.76000	11474.00000
76.78000	11370.00000
76.80000	11404.00000
76.82000	11119.00000
76.84000	10985.00000
76.86000	10949.00000
76.88000	10744.00000
76.90000	10946.00000
76.92000	10838.00000
76.94000	10846.00000
76.96000	10936.00000
76.98000	10855.00000
77.00000	10885.00000
77.02000	10865.00000
77.04000	10796.00000
77.06000	10979.00000
77.08000	11061.00000
77.10000	11036.00000
77.12000	11139.00000
77.14000	11066.00000
77.16000	10769.00000
77.18000	10636.00000
77.20000	11011.00000
77.22000	10793.00000
77.24000	11058.00000
77.26000	11384.00000
77.28000	11224.00000
77.30000	11367.00000
77.32000	11533.00000
77.34000	11388.00000
77.36000	11528.00000
77.38000	11611.00000
77.40000	11652.00000
77.42000	11472.00000
77.44000	11281.00000
77.46000	11175.00000
77.48000	11291.00000
77.50000	11292.00000
77.52000	11231.00000
77.54000	11025.00000
77.56000	11157.00000
77.58000	10977.00000
77.60000	11087.00000
77.62000	10606.00000
77.64000	10460.00000
77.66000	10569.00000
77.68000	10390.00000
77.70000	10306.00000
77.72000	10258.00000
77.74000	10390.00000
77.76000	10381.00000
77.78000	10199.00000
77.80000	10144.00000
77.82000	10185.00000
77.84000	10184.00000
77.86000	10253.00000
77.88000	10265.00000
77.90000	10260.00000
77.92000	10056.00000
77.94000	10294.00000
77.96000	10062.00000
77.98000	10234.00000
78.00000	10165.00000
78.02000	10141.00000
78.04000	10130.00000
78.06000	10106.00000
78.08000	10189.00000
78.10000	10095.00000
78.12000	9966.00000
78.14000	9987.00000
78.16000	10166.00000
78.18000	9998.00000
78.20000	10073.00000
78.22000	10175.00000
78.24000	10011.00000
78.26000	9960.00000
78.28000	10208.00000
78.30000	10172.00000
78.32000	10123.00000
78.34000	10264.00000
78.36000	10224.00000
78.38000	10519.00000
78.40000	10415.00000
78.42000	10555.00000
78.44000	10512.00000
78.46000	10577.00000
78.48000	10707.00000
78.50000	10702.00000
78.52000	10482.00000
78.54000	10610.00000
78.56000	10489.00000
78.58000	10611.00000
78.60000	10360.00000
78.62000	10364.00000
78.64000	10373.00000
78.66000	10531.00000
78.68000	10282.00000
78.70000	10335.00000
78.72000	10130.00000
78.74000	10203.00000
78.76000	10315.00000
78.78000	10201.00000
78.80000	10276.00000
78.82000	10198.00000
78.84000	10441.00000
78.86000	10564.00000
78.88000	10598.00000
78.90000	10581.00000
78.92000	10517.00000
78.94000	10699.00000
78.96000	10823.00000
78.98000	10877.00000
79.00000	10673.00000
79.02000	10902.00000
79.04000	11047.00000
79.06000	10920.00000
79.08000	10749.00000
79.10000	10739.00000
79.12000	10802.00000
79.14000	10834.00000
79.16000	10815.00000
79.18000	10680.00000
79.20000	10653.00000
79.22000	10586.00000
79.24000	10567.00000
79.26000	10550.00000
79.28000	10422.00000
79.30000	10694.00000
79.32000	10746.00000
79.34000	10815.00000
79.36000	10966.00000
79.38000	11060.00000
79.40000	11046.00000
79.42000	11084.00000
79.44000	11299.00000
79.46000	11319.00000
79.48000	11256.00000
79.50000	11109.00000
79.52000	11195.00000
79.54000	10903.00000
79.56000	10843.00000
79.58000	10422.00000
79.60000	10539.00000
79.62000	10433.00000
79.64000	10316.00000
79.66000	10307.00000
79.68000	10303.00000
79.70000	10049.00000
79.72000	10273.00000
79.74000	10388.00000
79.76000	10336.00000
79.78000	10379.00000
79.80000	10244.00000
79.82000	10149.00000
79.84000	10235.00000
79.86000	10383.00000
79.88000	9909.00000
79.90000	10050.00000
79.92000	10000.00000
79.94000	10100.00000
79.96000	9999.00000
79.98000	9953.00000
80.00000	9877.00000
80.02000	9833.00000
80.04000	9908.00000
80.06000	9796.00000
80.08000	9833.00000
80.10000	9869.00000
80.12000	9893.00000
80.14000	10168.00000
80.16000	10081.00000
80.18000	9874.00000
80.20000	9738.00000
80.22000	9983.00000
80.24000	9948.00000
80.26000	9917.00000
80.28000	9808.00000
80.30000	10021.00000
80.32000	9977.00000
80.34000	9960.00000
80.36000	9861.00000
80.38000	9754.00000
80.40000	9894.00000
80.42000	9966.00000
80.44000	9972.00000
80.46000	10005.00000
80.48000	9882.00000
80.50000	9985.00000
80.52000	10042.00000
80.54000	9923.00000
80.56000	10166.00000
80.58000	10280.00000
80.60000	10361.00000
80.62000	10532.00000
80.64000	10696.00000
80.66000	10711.00000
80.68000	10657.00000
80.70000	10784.00000
80.72000	10736.00000
80.74000	10746.00000
80.76000	10560.00000
80.78000	10542.00000
80.80000	10351.00000
80.82000	10349.00000
80.84000	10413.00000
80.86000	10166.00000
80.88000	9905.00000
80.90000	9998.00000
80.92000	10115.00000
80.94000	10162.00000
80.96000	10150.00000
80.98000	9942.00000
81.00000	10181.00000
81.02000	10124.00000
81.04000	10225.00000
81.06000	10109.00000
81.08000	10087.00000
81.10000	9931.00000
81.12000	10082.00000
81.14000	10041.00000
81.16000	10180.00000
81.18000	10251.00000
81.20000	10095.00000
81.22000	10189.00000
81.24000	10295.00000
81.26000	10225.00000
81.28000	10214.00000
81.30000	10535.00000
81.32000	10308.00000
81.34000	10434.00000
81.36000	10340.00000
81.38000	10440.00000
81.40000	10410.00000
81.42000	10487.00000
81.44000	10429.00000
81.46000	10402.00000
81.48000	10238.00000
81.50000	10339.00000
81.52000	10472.00000
81.54000	10185.00000
81.56000	10334.00000
81.58000	10258.00000
81.60000	10277.00000
81.62000	10272.00000
81.64000	10281.00000
81.66000	10146.00000
81.68000	10104.00000
81.70000	10043.00000
81.72000	9902.00000
81.74000	9943.00000
81.76000	9923.00000
81.78000	9862.00000
81.80000	9760.00000
81.82000	9719.00000
81.84000	9652.00000
81.86000	9605.00000
81.88000	9592.00000
81.90000	9649.00000
81.92000	9655.00000
81.94000	9491.00000
81.96000	9603.00000
81.98000	9471.00000
82.00000	9575.00000
82.02000	9741.00000
82.04000	9634.00000
82.06000	9428.00000
82.08000	9668.00000
82.10000	9701.00000
82.12000	9689.00000
82.14000	9752.00000
82.16000	9583.00000
82.18000	9780.00000
82.20000	9576.00000
82.22000	9864.00000
82.24000	9790.00000
82.26000	9919.00000
82.28000	9705.00000
82.30000	9817.00000
82.32000	9683.00000
82.34000	9996.00000
82.36000	9646.00000
82.38000	9823.00000
82.40000	9893.00000
82.42000	9800.00000
82.44000	9825.00000
82.46000	9914.00000
82.48000	9887.00000
82.50000	9927.00000
82.52000	10204.00000
82.54000	10156.00000
82.56000	10112.00000
82.58000	10101.00000
82.60000	10176.00000
82.62000	10169.00000
82.64000	10383.00000
82.66000	10413.00000
82.68000	10535.00000
82.70000	10530.00000
82.72000	10591.00000
82.74000	10476.00000
82.76000	10536.00000
82.78000	10624.00000
82.80000	10714.00000
82.82000	10608.00000
82.84000	10832.00000
82.86000	10826.00000
82.88000	10704.00000
82.90000	10921.00000
82.92000	11065.00000
82.94000	11123.00000
82.96000	10955.00000
82.98000	10969.00000
83.00000	10944.00000
83.02000	11207.00000
83.04000	11162.00000
83.06000	11157.00000
83.08000	11094.00000
83.10000	10999.00000
83.12000	11024.00000
83.14000	10970.00000
83.16000	10833.00000
83.18000	10791.00000
83.20000	10946.00000
83.22000	10917.00000
83.24000	11062.00000
83.26000	11129.00000
83.28000	11396.00000
83.30000	11500.00000
83.32000	12007.00000
83.34000	12032.00000
83.36000	12100.00000
83.38000	11963.00000
83.40000	11915.00000
83.42000	11715.00000
83.44000	11373.00000
83.46000	11307.00000
83.48000	11163.00000
83.50000	10700.00000
83.52000	10708.00000
83.54000	10874.00000
83.56000	10542.00000
83.58000	10594.00000
83.60000	10512.00000
83.62000	10558.00000
83.64000	10381.00000
83.66000	10383.00000
83.68000	10288.00000
83.70000	10142.00000
83.72000	10398.00000
83.74000	10106.00000
83.76000	10023.00000
83.78000	10186.00000
83.80000	10158.00000
83.82000	10034.00000
83.84000	9889.00000
83.86000	10086.00000
83.88000	10040.00000
83.90000	10150.00000
83.92000	10233.00000
83.94000	9937.00000
83.96000	9907.00000
83.98000	9959.00000
84.00000	9951.00000
84.02000	9795.00000
84.04000	9780.00000
84.06000	9886.00000
84.08000	9918.00000
84.10000	9803.00000
84.12000	9835.00000
84.14000	9763.00000
84.16000	9875.00000
84.18000	9826.00000
84.20000	9888.00000
84.22000	9941.00000
84.24000	9870.00000
84.26000	9912.00000
84.28000	9858.00000
84.30000	9867.00000
84.32000	9844.00000
84.34000	9831.00000
84.36000	9979.00000
84.38000	9973.00000
84.40000	9988.00000
84.42000	10205.00000
84.44000	10034.00000
84.46000	9889.00000
84.48000	9938.00000
84.50000	10206.00000
84.52000	10047.00000
84.54000	10005.00000
84.56000	9959.00000
84.58000	9890.00000
84.60000	9987.00000
84.62000	9978.00000
84.64000	10005.00000
84.66000	9879.00000
84.68000	9894.00000
84.70000	9802.00000
84.72000	9729.00000
84.74000	9927.00000
84.76000	9580.00000
84.78000	9618.00000
84.80000	9879.00000
84.82000	9747.00000
84.84000	9518.00000
84.86000	9635.00000
84.88000	9561.00000
84.90000	9815.00000
84.92000	9820.00000
84.94000	9795.00000
84.96000	9737.00000
84.98000	9736.00000
85.00000	9894.00000
85.02000	9903.00000
85.04000	9784.00000
85.06000	9991.00000
85.08000	9913.00000
85.10000	9875.00000
85.12000	10055.00000
85.14000	9825.00000
85.16000	10000.00000
85.18000	9827.00000
85.20000	9958.00000
85.22000	10048.00000
85.24000	10132.00000
85.26000	10338.00000
85.28000	10399.00000
85.30000	10447.00000
85.32000	10612.00000
85.34000	10853.00000
85.36000	11085.00000
85.38000	10968.00000
85.40000	11192.00000
85.42000	11479.00000
85.44000	11431.00000
85.46000	11606.00000
85.48000	11682.00000
85.50000	11740.00000
85.52000	11450.00000
85.54000	11254.00000
85.56000	11296.00000
85.58000	10886.00000
85.60000	10508.00000
85.62000	10533.00000
85.64000	10069.00000
85.66000	10161.00000
85.68000	10116.00000
85.70000	9903.00000
85.72000	9917.00000
85.74000	9832.00000
85.76000	9766.00000
85.78000	9691.00000
85.80000	9641.00000
85.82000	9569.00000
85.84000	9577.00000
85.86000	9542.00000
85.88000	9488.00000
85.90000	9424.00000
85.92000	9493.00000
85.94000	9338.00000
85.96000	9335.00000
85.98000	9534.00000
86.00000	9429.00000
86.02000	9465.00000
86.04000	9432.00000
86.06000	9355.00000
86.08000	9420.00000
86.10000	9233.00000
86.12000	9258.00000
86.14000	9344.00000
86.16000	9359.00000
86.18000	9270.00000
86.20000	9444.00000
86.22000	9318.00000
86.24000	9288.00000
86.26000	9405.00000
86.28000	9449.00000
86.30000	9223.00000
86.32000	9069.00000
86.34000	9222.00000
86.36000	9378.00000
86.38000	9250.00000
86.40000	9361.00000
86.42000	9215.00000
86.44000	9386.00000
86.46000	9047.00000
86.48000	9208.00000
86.50000	9357.00000
86.52000	9139.00000
86.54000	9009.00000
86.56000	9290.00000
86.58000	9334.00000
86.60000	9018.00000
86.62000	9179.00000
86.64000	9216.00000
86.66000	9158.00000
86.68000	9085.00000
86.70000	9282.00000
86.72000	9022.00000
86.74000	9125.00000
86.76000	9182.00000
86.78000	9123.00000
86.80000	9315.00000
86.82000	9449.00000
86.84000	9321.00000
86.86000	9221.00000
86.88000	9528.00000
86.90000	9651.00000
86.92000	9769.00000
86.94000	9776.00000
86.96000	9843.00000
86.98000	9977.00000
87.00000	10148.00000
87.02000	10214.00000
87.04000	10060.00000
87.06000	10170.00000
87.08000	10214.00000
87.10000	10000.00000
87.12000	9914.00000
87.14000	9778.00000
87.16000	9806.00000
87.18000	9804.00000
87.20000	9600.00000
87.22000	9447.00000
87.24000	9461.00000
87.26000	9423.00000
87.28000	9169.00000
87.30000	9431.00000
87.32000	9297.00000
87.34000	9273.00000
87.36000	9408.00000
87.38000	9272.00000
87.40000	9279.00000
87.42000	9204.00000
87.44000	9337.00000
87.46000	9143.00000
87.48000	9330.00000
87.50000	9279.00000
87.52000	9342.00000
87.54000	9249.00000
87.56000	9355.00000
87.58000	9211.00000
87.60000	9408.00000
87.62000	9152.00000
87.64000	9432.00000
87.66000	9180.00000
87.68000	9310.00000
87.70000	9291.00000
87.72000	9162.00000
87.74000	9335.00000
87.76000	9431.00000
87.78000	9482.00000
87.80000	9497.00000
87.82000	9517.00000
87.84000	9550.00000
87.86000	9471.00000
87.88000	9743.00000
87.90000	9926.00000
87.92000	9894.00000
87.94000	10127.00000
87.96000	9943.00000
87.98000	9907.00000
88.00000	9998.00000
88.02000	9755.00000
88.04000	9808.00000
88.06000	9657.00000
88.08000	9440.00000
88.10000	9597.00000
88.12000	9430.00000
88.14000	9483.00000
88.16000	9520.00000
88.18000	9536.00000
88.20000	9509.00000
88.22000	9603.00000
88.24000	9608.00000
88.26000	9566.00000
88.28000	9651.00000
88.30000	9800.00000
88.32000	9683.00000
88.34000	9765.00000
88.36000	9853.00000
88.38000	9678.00000
88.40000	9721.00000
88.42000	9562.00000
88.44000	9580.00000
88.46000	9482.00000
88.48000	9516.00000
88.50000	9538.00000
88.52000	9596.00000
88.54000	9573.00000
88.56000	9611.00000
88.58000	9617.00000
88.60000	9656.00000
88.62000	9796.00000
88.64000	9662.00000
88.66000	9766.00000
88.68000	9889.00000
88.70000	9918.00000
88.72000	9986.00000
88.74000	9865.00000
88.76000	9887.00000
88.78000	9532.00000
88.80000	9638.00000
88.82000	9666.00000
88.84000	9516.00000
88.86000	9419.00000
88.88000	9370.00000
88.90000	9400.00000
88.92000	9316.00000
88.94000	9141.00000
88.96000	9281.00000
88.98000	9136.00000
89.00000	9141.00000
89.02000	9247.00000
89.04000	9252.00000
89.06000	9260.00000
89.08000	9125.00000
89.10000	9280.00000
89.12000	9280.00000
89.14000	9211.00000
89.16000	8984.00000
89.18000	9071.00000
89.20000	9193.00000
89.22000	9053.00000
89.24000	9104.00000
89.26000	8872.00000
89.28000	9072.00000
89.30000	8991.00000
89.32000	9078.00000
89.34000	9042.00000
89.36000	9192.00000
89.38000	9062.00000
89.40000	9118.00000
89.42000	9097.00000
89.44000	8988.00000
89.46000	8969.00000
89.48000	9146.00000
89.50000	9238.00000
89.52000	8861.00000
89.54000	8951.00000
89.56000	8895.00000
89.58000	8951.00000
89.60000	8867.00000
89.62000	9042.00000
89.64000	8924.00000
89.66000	8844.00000
89.68000	8784.00000
89.70000	8885.00000
89.72000	8874.00000
89.74000	8876.00000
89.76000	8849.00000
89.78000	8756.00000
89.80000	8909.00000
89.82000	8844.00000
89.84000	8843.00000
89.86000	8906.00000
89.88000	8829.00000
89.90000	9023.00000
89.92000	8915.00000
89.94000	8707.00000
89.96000	8938.00000
89.98000	8842.00000
90.00000	8870.00000
90.02000	9012.00000
90.04000	8836.00000
90.06000	9000.00000
90.08000	8950.00000
90.10000	8926.00000
90.12000	8871.00000
90.14000	9122.00000
90.16000	9156.00000
90.18000	8898.00000
90.20000	9021.00000
90.22000	9009.00000
90.24000	9149.00000
90.26000	9127.00000
90.28000	9052.00000
90.30000	9059.00000
90.32000	9046.00000
90.34000	9036.00000
90.36000	9003.00000
90.38000	9074.00000
90.40000	9022.00000
90.42000	9091.00000
90.44000	9126.00000
90.46000	8859.00000
90.48000	8994.00000
90.50000	8879.00000
90.52000	8833.00000
90.54000	8875.00000
90.56000	8935.00000
90.58000	8727.00000
90.60000	8682.00000
90.62000	8760.00000
90.64000	8663.00000
90.66000	8734.00000
90.68000	8633.00000
90.70000	8835.00000
90.72000	8668.00000
90.74000	8802.00000
90.76000	8840.00000
90.78000	8641.00000
90.80000	8785.00000
90.82000	8745.00000
90.84000	8768.00000
90.86000	8658.00000
90.88000	8793.00000
90.90000	8881.00000
90.92000	8691.00000
90.94000	8741.00000
90.96000	8845.00000
90.98000	8694.00000
91.00000	8931.00000
91.02000	8661.00000
91.04000	8577.00000
91.06000	8691.00000
91.08000	8732.00000
91.10000	8723.00000
91.12000	8581.00000
91.14000	8556.00000
91.16000	8552.00000
91.18000	8755.00000
91.20000	8736.00000
91.22000	8749.00000
91.24000	8849.00000
91.26000	8724.00000
91.28000	8892.00000
91.30000	8857.00000
91.32000	9065.00000
91.34000	8850.00000
91.36000	8788.00000
91.38000	8907.00000
91.40000	8818.00000
91.42000	8856.00000
91.44000	8882.00000
91.46000	8901.00000
91.48000	8948.00000
91.50000	8825.00000
91.52000	9019.00000
91.54000	8925.00000
91.56000	8814.00000
91.58000	8907.00000
91.60000	8847.00000
91.62000	8674.00000
91.64000	8901.00000
91.66000	8868.00000
91.68000	8694.00000
91.70000	8553.00000
91.72000	8642.00000
91.74000	8723.00000
91.76000	8856.00000
91.78000	8680.00000
91.80000	8729.00000
91.82000	8890.00000
91.84000	8849.00000
91.86000	8837.00000
91.88000	8822.00000
91.90000	8884.00000
91.92000	8837.00000
91.94000	8873.00000
91.96000	9012.00000
91.98000	9090.00000
92.00000	9170.00000
92.02000	9202.00000
92.04000	9240.00000
92.06000	9176.00000
92.08000	9193.00000
92.10000	9213.00000
92.12000	8846.00000
92.14000	9005.00000
92.16000	8996.00000
92.18000	8793.00000
92.20000	8907.00000
92.22000	8811.00000
92.24000	8863.00000
92.26000	8705.00000
92.28000	8732.00000
92.30000	9064.00000
92.32000	9175.00000
92.34000	8894.00000
92.36000	9062.00000
92.38000	9194.00000
92.40000	9157.00000
92.42000	9423.00000
92.44000	9378.00000
92.46000	9528.00000
92.48000	9586.00000
92.50000	9525.00000
92.52000	9507.00000
92.54000	9222.00000
92.56000	9159.00000
92.58000	9045.00000
92.60000	9101.00000
92.62000	9208.00000
92.64000	9000.00000
92.66000	9019.00000
92.68000	8988.00000
92.70000	9096.00000
92.72000	8857.00000
92.74000	9068.00000
92.76000	8831.00000
92.78000	8850.00000
92.80000	8783.00000
92.82000	8756.00000
92.84000	8856.00000
92.86000	8792.00000
92.88000	8832.00000
92.90000	8878.00000
92.92000	8860.00000
92.94000	8966.00000
92.96000	8614.00000
92.98000	8796.00000
93.00000	8871.00000
93.02000	8922.00000
93.04000	8876.00000
93.06000	9074.00000
93.08000	8746.00000
93.10000	8694.00000
93.12000	8889.00000
93.14000	8639.00000
93.16000	8796.00000
93.18000	8614.00000
93.20000	8652.00000
93.22000	8718.00000
93.24000	8587.00000
93.26000	8591.00000
93.28000	8466.00000
93.30000	8555.00000
93.32000	8473.00000
93.34000	8492.00000
93.36000	8535.00000
93.38000	8560.00000
93.40000	8558.00000
93.42000	8558.00000
93.44000	8514.00000
93.46000	8480.00000
93.48000	8750.00000
93.50000	8637.00000
93.52000	8572.00000
93.54000	8453.00000
93.56000	8445.00000
93.58000	8572.00000
93.60000	8490.00000
93.62000	8450.00000
93.64000	8470.00000
93.66000	8586.00000
93.68000	8418.00000
93.70000	8500.00000
93.72000	8498.00000
93.74000	8460.00000
93.76000	8428.00000
93.78000	8470.00000
93.80000	8353.00000
93.82000	8377.00000
93.84000	8623.00000
93.86000	8426.00000
93.88000	8421.00000
93.90000	8341.00000
93.92000	8503.00000
93.94000	8263.00000
93.96000	8328.00000
93.98000	8320.00000
94.00000	8627.00000
94.02000	8301.00000
94.04000	8312.00000
94.06000	8499.00000
94.08000	8480.00000
94.10000	8541.00000
94.12000	8426.00000
94.14000	8467.00000
94.16000	8732.00000
94.18000	8677.00000
94.20000	8631.00000
94.22000	8704.00000
94.24000	8639.00000
94.26000	8617.00000
94.28000	8742.00000
94.30000	8643.00000
94.32000	8628.00000
94.34000	8568.00000
94.36000	8617.00000
94.38000	8549.00000
94.40000	8545.00000
94.42000	8679.00000
94.44000	8435.00000
94.46000	8512.00000
94.48000	8752.00000
94.50000	8580.00000
94.52000	8666.00000
94.54000	8679.00000
94.56000	8810.00000
94.58000	8549.00000
94.60000	8676.00000
94.62000	8747.00000
94.64000	8647.00000
94.66000	8644.00000
94.68000	8519.00000
94.70000	8575.00000
94.72000	8549.00000
94.74000	8485.00000
94.76000	8520.00000
94.78000	8414.00000
94.80000	8479.00000
94.82000	8534.00000
94.84000	8440.00000
94.86000	8482.00000
94.88000	8471.00000
94.90000	8405.00000
94.92000	8466.00000
94.94000	8607.00000
94.96000	8553.00000
94.98000	8606.00000
95.00000	8644.00000
95.02000	8721.00000
95.04000	8754.00000
95.06000	8635.00000
95.08000	8573.00000
95.10000	8614.00000
95.12000	8648.00000
95.14000	8701.00000
95.16000	8695.00000
95.18000	8803.00000
95.20000	8475.00000
95.22000	8585.00000
95.24000	8555.00000
95.26000	8577.00000
95.28000	8464.00000
95.30000	8390.00000
95.32000	8537.00000
95.34000	8312.00000
95.36000	8418.00000
95.38000	8490.00000
95.40000	8436.00000
95.42000	8343.00000
95.44000	8380.00000
95.46000	8501.00000
95.48000	8468.00000
95.50000	8413.00000
95.52000	8233.00000
95.54000	8327.00000
95.56000	8295.00000
95.58000	8171.00000
95.60000	8488.00000
95.62000	8341.00000
95.64000	8188.00000
95.66000	8252.00000
95.68000	8266.00000
95.70000	8218.00000
95.72000	8299.00000
95.74000	8223.00000
95.76000	8188.00000
95.78000	8213.00000
95.80000	8276.00000
95.82000	8298.00000
95.84000	8390.00000
95.86000	8122.00000
95.88000	8181.00000
95.90000	8149.00000
95.92000	8220.00000
95.94000	8216.00000
95.96000	8180.00000
95.98000	8009.00000
96.00000	8156.00000
96.02000	8100.00000
96.04000	8157.00000
96.06000	8093.00000
96.08000	8141.00000
96.10000	8091.00000
96.12000	8012.00000
96.14000	7899.00000
96.16000	8178.00000
96.18000	7996.00000
96.20000	8027.00000
96.22000	8118.00000
96.24000	7997.00000
96.26000	7992.00000
96.28000	7958.00000
96.30000	8137.00000
96.32000	8013.00000
96.34000	8064.00000
96.36000	7964.00000
96.38000	8172.00000
96.40000	8080.00000
96.42000	7950.00000
96.44000	8151.00000
96.46000	7948.00000
96.48000	8010.00000
96.50000	8056.00000
96.52000	7932.00000
96.54000	7919.00000
96.56000	7932.00000
96.58000	7760.00000
96.60000	7944.00000
96.62000	7936.00000
96.64000	7957.00000
96.66000	7894.00000
96.68000	7973.00000
96.70000	7881.00000
96.72000	7745.00000
96.74000	7833.00000
96.76000	7836.00000
96.78000	7816.00000
96.80000	7688.00000
96.82000	7785.00000
96.84000	7809.00000
96.86000	7963.00000
96.88000	7730.00000
96.90000	7845.00000
96.92000	7885.00000
96.94000	7907.00000
96.96000	7913.00000
96.98000	7784.00000
97.00000	7754.00000
97.02000	7782.00000
97.04000	7781.00000
97.06000	7737.00000
97.08000	7869.00000
97.10000	7843.00000
97.12000	7812.00000
97.14000	7749.00000
97.16000	7851.00000
97.18000	7880.00000
97.20000	7826.00000
97.22000	7856.00000
97.24000	7883.00000
97.26000	7990.00000
97.28000	7908.00000
97.30000	7805.00000
97.32000	7876.00000
97.34000	7961.00000
97.36000	7936.00000
97.38000	8002.00000
97.40000	7975.00000
97.42000	8061.00000
97.44000	8072.00000
97.46000	8037.00000
97.48000	7988.00000
97.50000	8023.00000
97.52000	8039.00000
97.54000	8204.00000
97.56000	8209.00000
97.58000	8254.00000
97.60000	8375.00000
97.62000	8342.00000
97.64000	8059.00000
97.66000	8219.00000
97.68000	8210.00000
97.70000	8226.00000
97.72000	8344.00000
97.74000	8211.00000
97.76000	8106.00000
97.78000	8121.00000
97.80000	8145.00000
97.82000	7905.00000
97.84000	7982.00000
97.86000	8008.00000
97.88000	8068.00000
97.90000	8040.00000
97.92000	7943.00000
97.94000	7935.00000
97.96000	7975.00000
97.98000	7927.00000
98.00000	7830.00000
98.02000	7952.00000
98.04000	7821.00000
98.06000	8107.00000
98.08000	8002.00000
98.10000	8034.00000
98.12000	8123.00000
98.14000	8205.00000
98.16000	8250.00000
98.18000	8183.00000
98.20000	8358.00000
98.22000	8249.00000
98.24000	8027.00000
98.26000	8060.00000
98.28000	8073.00000
98.30000	7989.00000
98.32000	8058.00000
98.34000	8014.00000
98.36000	8019.00000
98.38000	7954.00000
98.40000	8127.00000
98.42000	7921.00000
98.44000	7936.00000
98.46000	7912.00000
98.48000	7901.00000
98.50000	8000.00000
98.52000	8009.00000
98.54000	7863.00000
98.56000	7823.00000
98.58000	7661.00000
98.60000	7823.00000
98.62000	7876.00000
98.64000	7634.00000
98.66000	7660.00000
98.68000	7805.00000
98.70000	7838.00000
98.72000	7875.00000
98.74000	7899.00000
98.76000	7760.00000
98.78000	7827.00000
98.80000	7831.00000
98.82000	7765.00000
98.84000	7848.00000
98.86000	7857.00000
98.88000	7941.00000
98.90000	7937.00000
98.92000	7916.00000
98.94000	7837.00000
98.96000	7807.00000
98.98000	8016.00000
99.00000	8016.00000
99.02000	7891.00000
99.04000	7919.00000
99.06000	7976.00000
99.08000	7918.00000
99.10000	8019.00000
99.12000	8098.00000
99.14000	7929.00000
99.16000	8039.00000
99.18000	7951.00000
99.20000	7943.00000
99.22000	7824.00000
99.24000	7949.00000
99.26000	8023.00000
99.28000	7952.00000
99.30000	7965.00000
99.32000	7869.00000
99.34000	7933.00000
99.36000	7888.00000
99.38000	7885.00000
99.40000	7906.00000
99.42000	7973.00000
99.44000	8128.00000
99.46000	8007.00000
99.48000	8110.00000
99.50000	8239.00000
99.52000	7964.00000
99.54000	8277.00000
99.56000	8250.00000
99.58000	8195.00000
99.60000	8157.00000
99.62000	8020.00000
99.64000	8078.00000
99.66000	7935.00000
99.68000	7999.00000
99.70000	7936.00000
99.72000	7783.00000
99.74000	7885.00000
99.76000	7954.00000
99.78000	7806.00000
99.80000	7756.00000
99.82000	7661.00000
99.84000	7717.00000
99.86000	7882.00000
99.88000	7710.00000
99.90000	7787.00000
99.92000	7626.00000
99.94000	7607.00000
99.96000	7685.00000
99.98000	7597.00000
100.00000	7575.00000
100.02000	7607.00000
100.04000	7693.00000
100.06000	7704.00000
100.08000	7643.00000
100.10000	7675.00000
100.12000	7592.00000
100.14000	7704.00000
100.16000	7710.00000
100.18000	7750.00000
100.20000	7696.00000
100.22000	7720.00000
100.24000	7903.00000
100.26000	7765.00000
100.28000	7912.00000
100.30000	7854.00000
100.32000	8006.00000
100.34000	8166.00000
100.36000	8112.00000
100.38000	8183.00000
100.40000	8091.00000
100.42000	8195.00000
100.44000	8169.00000
100.46000	8154.00000
100.48000	7996.00000
100.50000	7983.00000
100.52000	7982.00000
100.54000	8005.00000
100.56000	7766.00000
100.58000	7815.00000
100.60000	7864.00000
100.62000	7665.00000
100.64000	7729.00000
100.66000	7795.00000
100.68000	7585.00000
100.70000	7654.00000
100.72000	7593.00000
100.74000	7637.00000
100.76000	7681.00000
100.78000	7689.00000
100.80000	7516.00000
100.82000	7607.00000
100.84000	7559.00000
100.86000	7726.00000
100.88000	7711.00000
100.90000	7795.00000
100.92000	7610.00000
100.94000	7756.00000
100.96000	7664.00000
100.98000	7652.00000
101.00000	7720.00000
101.02000	7869.00000
101.04000	7878.00000
101.06000	7759.00000
101.08000	7723.00000
101.10000	7633.00000
101.12000	7778.00000
101.14000	7642.00000
101.16000	7556.00000
101.18000	7590.00000
101.20000	7490.00000
101.22000	7588.00000
101.24000	7547.00000
101.26000	7489.00000
101.28000	7612.00000
101.30000	7492.00000
101.32000	7653.00000
101.34000	7363.00000
101.36000	7344.00000
101.38000	7362.00000
101.40000	7564.00000
101.42000	7575.00000
101.44000	7518.00000
101.46000	7415.00000
101.48000	7499.00000
101.50000	7520.00000
101.52000	7304.00000
101.54000	7193.00000
101.56000	7211.00000
101.58000	7363.00000
101.60000	7204.00000
101.62000	7270.00000
101.64000	7312.00000
101.66000	7274.00000
101.68000	7264.00000
101.70000	7244.00000
101.72000	7259.00000
101.74000	7099.00000
101.76000	7321.00000
101.78000	7089.00000
101.80000	7409.00000
101.82000	7287.00000
101.84000	7211.00000
101.86000	7142.00000
101.88000	7241.00000
101.90000	7162.00000
101.92000	7215.00000
101.94000	7269.00000
101.96000	7253.00000
101.98000	7134.00000
102.00000	7233.00000
102.02000	7353.00000
102.04000	7239.00000
102.06000	7180.00000
102.08000	7173.00000
102.10000	7166.00000
102.12000	7338.00000
102.14000	7244.00000
102.16000	7372.00000
102.18000	7225.00000
102.20000	7244.00000
102.22000	7330.00000
102.24000	7287.00000
102.26000	7369.00000
102.28000	7401.00000
102.30000	7436.00000
102.32000	7178.00000
102.34000	7368.00000
102.36000	7292.00000
102.38000	7205.00000
102.40000	7312.00000
102.42000	7259.00000
102.44000	7086.00000
102.46000	7086.00000
102.48000	7139.00000
102.50000	7226.00000
102.52000	7316.00000
102.54000	7045.00000
102.56000	7165.00000
102.58000	7002.00000
102.60000	7048.00000
102.62000	7121.00000
102.64000	7068.00000
102.66000	7266.00000
102.68000	7128.00000
102.70000	7082.00000
102.72000	7167.00000
102.74000	7164.00000
102.76000	7164.00000
102.78000	6982.00000
102.80000	7045.00000
102.82000	7028.00000
102.84000	6983.00000
102.86000	7137.00000
102.88000	7029.00000
102.90000	7123.00000
102.92000	7078.00000
102.94000	7057.00000
102.96000	7021.00000
102.98000	7129.00000
103.00000	6902.00000
103.02000	7036.00000
103.04000	7056.00000
103.06000	7121.00000
103.08000	6912.00000
103.10000	7109.00000
103.12000	7202.00000
103.14000	7082.00000
103.16000	7225.00000
103.18000	7304.00000
103.20000	7118.00000
103.22000	7036.00000
103.24000	7042.00000
103.26000	7136.00000
103.28000	7067.00000
103.30000	7190.00000
103.32000	7032.00000
103.34000	7078.00000
103.36000	7220.00000
103.38000	7022.00000
103.40000	6912.00000
103.42000	7002.00000
103.44000	6929.00000
103.46000	6966.00000
103.48000	6951.00000
103.50000	6862.00000
103.52000	7056.00000
103.54000	6998.00000
103.56000	7054.00000
103.58000	7108.00000
103.60000	6999.00000
103.62000	7152.00000
103.64000	7231.00000
103.66000	7209.00000
103.68000	7263.00000
103.70000	7116.00000
103.72000	7167.00000
103.74000	7359.00000
103.76000	6941.00000
103.78000	6988.00000
103.80000	7262.00000
103.82000	7191.00000
103.84000	7192.00000
103.86000	7280.00000
103.88000	7040.00000
103.90000	7043.00000
103.92000	7156.00000
103.94000	7107.00000
103.96000	7167.00000
103.98000	7131.00000
104.00000	7139.00000
104.02000	7228.00000
104.04000	7053.00000
104.06000	7167.00000
104.08000	7254.00000
104.10000	7235.00000
104.12000	7241.00000
104.14000	7193.00000
104.16000	7172.00000
104.18000	7112.00000
104.20000	7236.00000
104.22000	7133.00000
104.24000	7053.00000
104.26000	7194.00000
104.28000	7010.00000
104.30000	7030.00000
104.32000	6909.00000
104.34000	7132.00000
104.36000	7118.00000
104.38000	6947.00000
104.40000	6774.00000
104.42000	6901.00000
104.44000	6940.00000
104.46000	6869.00000
104.48000	6839.00000
104.50000	6829.00000
104.52000	7011.00000
104.54000	6995.00000
104.56000	6883.00000
104.58000	7004.00000
104.60000	6993.00000
104.62000	7037.00000
104.64000	6988.00000
104.66000	6928.00000
104.68000	7032.00000
104.70000	7154.00000
104.72000	6982.00000
104.74000	7047.00000
104.76000	7108.00000
104.78000	7135.00000
104.80000	7125.00000
104.82000	7113.00000
104.84000	7116.00000
104.86000	7115.00000
104.88000	7008.00000
104.90000	7007.00000
104.92000	7008.00000
104.94000	7047.00000
104.96000	6822.00000
104.98000	6804.00000
105.00000	6955.00000
105.02000	6980.00000
105.04000	6855.00000
105.06000	6747.00000
105.08000	6754.00000
105.10000	6961.00000
105.12000	6831.00000
105.14000	6722.00000
105.16000	6931.00000
105.18000	6834.00000
105.20000	6774.00000
105.22000	6813.00000
105.24000	6918.00000
105.26000	6736.00000
105.28000	6694.00000
105.30000	6890.00000
105.32000	6944.00000
105.34000	6889.00000
105.36000	6825.00000
105.38000	6901.00000
105.40000	6794.00000
105.42000	6871.00000
105.44000	7043.00000
105.46000	6866.00000
105.48000	6933.00000
105.50000	6929.00000
105.52000	6925.00000
105.54000	7055.00000
105.56000	6941.00000
105.58000	6948.00000
105.60000	6905.00000
105.62000	6802.00000
105.64000	7042.00000
105.66000	6940.00000
105.68000	6811.00000
105.70000	6964.00000
105.72000	6913.00000
105.74000	6792.00000
105.76000	6661.00000
105.78000	6693.00000
105.80000	6628.00000
105.82000	6622.00000
105.84000	6604.00000
105.86000	6655.00000
105.88000	6636.00000
105.90000	6836.00000
105.92000	6730.00000
105.94000	6644.00000
105.96000	6630.00000
105.98000	6566.00000
106.00000	6617.00000
106.02000	6544.00000
106.04000	6507.00000
106.06000	6763.00000
106.08000	6519.00000
106.10000	6626.00000
106.12000	6612.00000
106.14000	6521.00000
106.16000	6538.00000
106.18000	6603.00000
106.20000	6590.00000
106.22000	6532.00000
106.24000	6570.00000
106.26000	6608.00000
106.28000	6706.00000
106.30000	6542.00000
106.32000	6678.00000
106.34000	6613.00000
106.36000	6624.00000
106.38000	6762.00000
106.40000	6721.00000
106.42000	6687.00000
106.44000	6630.00000
106.46000	6754.00000
106.48000	6731.00000
106.50000	6726.00000
106.52000	6568.00000
106.54000	6489.00000
106.56000	6670.00000
106.58000	6731.00000
106.60000	6537.00000
106.62000	6605.00000
106.64000	6537.00000
106.66000	6613.00000
106.68000	6597.00000
106.70000	6550.00000
106.72000	6570.00000
106.74000	6496.00000
106.76000	6497.00000
106.78000	6402.00000
106.80000	6531.00000
106.82000	6502.00000
106.84000	6385.00000
106.86000	6446.00000
106.88000	6592.00000
106.90000	6582.00000
106.92000	6577.00000
106.94000	6476.00000
106.96000	6557.00000
106.98000	6514.00000
107.00000	6516.00000
107.02000	6487.00000
107.04000	6498.00000
107.06000	6557.00000
107.08000	6358.00000
107.10000	6525.00000
107.12000	6461.00000
107.14000	6292.00000
107.16000	6295.00000
107.18000	6381.00000
107.20000	6574.00000
107.22000	6506.00000
107.24000	6384.00000
107.26000	6379.00000
107.28000	6376.00000
107.30000	6163.00000
107.32000	6283.00000
107.34000	6285.00000
107.36000	6366.00000
107.38000	6342.00000
107.40000	6351.00000
107.42000	6217.00000
107.44000	6177.00000
107.46000	6198.00000
107.48000	6311.00000
107.50000	6042.00000
107.52000	6061.00000
107.54000	6211.00000
107.56000	6145.00000
107.58000	6189.00000
107.60000	6303.00000
107.62000	6277.00000
107.64000	6201.00000
107.66000	6155.00000
107.68000	6117.00000
107.70000	6275.00000
107.72000	6315.00000
107.74000	6154.00000
107.76000	6301.00000
107.78000	6012.00000
107.80000	6271.00000
107.82000	6211.00000
107.84000	5965.00000
107.86000	6095.00000
107.88000	6122.00000
107.90000	6136.00000
107.92000	6262.00000
107.94000	6171.00000
107.96000	6142.00000
107.98000	6068.00000
108.00000	6143.00000
108.02000	6103.00000
108.04000	6202.00000
108.06000	6121.00000
108.08000	6217.00000
108.10000	6247.00000
108.12000	6155.00000
108.14000	6107.00000
108.16000	6069.00000
108.18000	6034.00000
108.20000	6260.00000
108.22000	6196.00000
108.24000	6263.00000
108.26000	6086.00000
108.28000	6110.00000
108.30000	6202.00000
108.32000	6086.00000
108.34000	6101.00000
108.36000	6173.00000
108.38000	5994.00000
108.40000	6087.00000
108.42000	6057.00000
108.44000	6144.00000
108.46000	6176.00000
108.48000	6130.00000
108.50000	6083.00000
108.52000	6200.00000
108.54000	6146.00000
108.56000	5960.00000
108.58000	6186.00000
108.60000	6095.00000
108.62000	6080.00000
108.64000	6014.00000
108.66000	6039.00000
108.68000	6064.00000
108.70000	6028.00000
108.72000	6007.00000
108.74000	6033.00000
108.76000	6078.00000
108.78000	6031.00000
108.80000	6195.00000
108.82000	6084.00000
108.84000	6019.00000
108.86000	5973.00000
108.88000	6068.00000
108.90000	6094.00000
108.92000	6030.00000
108.94000	5846.00000
108.96000	6009.00000
108.98000	6097.00000
109.00000	5959.00000
109.02000	6123.00000
109.04000	6152.00000
109.06000	6030.00000
109.08000	5930.00000
109.10000	6127.00000
109.12000	6093.00000
109.14000	6092.00000
109.16000	5974.00000
109.18000	6131.00000
109.20000	6110.00000
109.22000	6125.00000
109.24000	6220.00000
109.26000	6048.00000
109.28000	6045.00000
109.30000	6081.00000
109.32000	6151.00000
109.34000	6124.00000
109.36000	6232.00000
109.38000	6073.00000
109.40000	6277.00000
109.42000	6149.00000
109.44000	6216.00000
109.46000	6128.00000
109.48000	6092.00000
109.50000	6224.00000
109.52000	6074.00000
109.54000	6222.00000
109.56000	6028.00000
109.58000	6174.00000
109.60000	6171.00000
109.62000	6155.00000
109.64000	6214.00000
109.66000	6228.00000
109.68000	6045.00000
109.70000	5845.00000
109.72000	6167.00000
109.74000	6054.00000
109.76000	5975.00000
109.78000	6031.00000
109.80000	5948.00000
109.82000	6000.00000
109.84000	6016.00000
109.86000	5895.00000
109.88000	5963.00000
109.90000	6002.00000
109.92000	6001.00000
109.94000	5961.00000
109.96000	6025.00000
109.98000	5926.00000
110.00000	5908.00000
110.02000	6067.00000
110.04000	6072.00000
110.06000	6048.00000
110.08000	5968.00000
110.10000	5924.00000
110.12000	5944.00000
110.14000	5909.00000
110.16000	6017.00000
110.18000	5864.00000
110.20000	5954.00000
110.22000	5995.00000
110.24000	5994.00000
110.26000	6034.00000
110.28000	6058.00000
110.30000	5998.00000
110.32000	6043.00000
110.34000	6018.00000
110.36000	5804.00000
110.38000	6044.00000
110.40000	5820.00000
110.42000	6074.00000
110.44000	5949.00000
110.46000	5961.00000
110.48000	5888.00000
110.50000	5963.00000
110.52000	5860.00000
110.54000	5836.00000
110.56000	5775.00000
110.58000	5759.00000
110.60000	5888.00000
110.62000	5881.00000
110.64000	5914.00000
110.66000	5690.00000
110.68000	5792.00000
110.70000	5690.00000
110.72000	5740.00000
110.74000	5909.00000
110.76000	5845.00000
110.78000	5783.00000
110.80000	5806.00000
110.82000	5829.00000
110.84000	5753.00000
110.86000	5844.00000
110.88000	5636.00000
110.90000	5895.00000
110.92000	5829.00000
110.94000	5787.00000
110.96000	5869.00000
110.98000	5723.00000
111.00000	5807.00000
111.02000	5645.00000
111.04000	5850.00000
111.06000	5748.00000
111.08000	5823.00000
111.10000	5678.00000
111.12000	5852.00000
111.14000	5832.00000
111.16000	5853.00000
111.18000	5862.00000
111.20000	5829.00000
111.22000	5692.00000
111.24000	5876.00000
111.26000	5795.00000
111.28000	5751.00000
111.30000	5834.00000
111.32000	5828.00000
111.34000	5685.00000
111.36000	5684.00000
111.38000	5697.00000
111.40000	5619.00000
111.42000	5639.00000
111.44000	5597.00000
111.46000	5771.00000
111.48000	5743.00000
111.50000	5800.00000
111.52000	5671.00000
111.54000	5788.00000
111.56000	5694.00000
111.58000	5657.00000
111.60000	5697.00000
111.62000	5717.00000
111.64000	5767.00000
111.66000	5790.00000
111.68000	5793.00000
111.70000	5719.00000
111.72000	5792.00000
111.74000	5845.00000
111.76000	5877.00000
111.78000	5653.00000
111.80000	5803.00000
111.82000	5895.00000
111.84000	5779.00000
111.86000	5742.00000
111.88000	5657.00000
111.90000	5755.00000
111.92000	5719.00000
111.94000	5587.00000
111.96000	5667.00000
111.98000	5758.00000
112.00000	5647.00000
112.02000	5734.00000
112.04000	5578.00000
112.06000	5685.00000
112.08000	5490.00000
112.10000	5683.00000
112.12000	5680.00000
112.14000	5531.00000
112.16000	5597.00000
112.18000	5515.00000
112.20000	5735.00000
112.22000	5534.00000
112.24000	5606.00000
112.26000	5557.00000
112.28000	5542.00000
112.30000	5496.00000
112.32000	5623.00000
112.34000	5523.00000
112.36000	5557.00000
112.38000	5475.00000
112.40000	5620.00000
112.42000	5409.00000
112.44000	5414.00000
112.46000	5352.00000
112.48000	5391.00000
112.50000	5496.00000
112.52000	5482.00000
112.54000	5594.00000
112.56000	5413.00000
112.58000	5437.00000
112.60000	5390.00000
112.62000	5388.00000
112.64000	5369.00000
112.66000	5458.00000
112.68000	5291.00000
112.70000	5364.00000
112.72000	5526.00000
112.74000	5417.00000
112.76000	5319.00000
112.78000	5477.00000
112.80000	5531.00000
112.82000	5533.00000
112.84000	5532.00000
112.86000	5515.00000
112.88000	5343.00000
112.90000	5420.00000
112.92000	5432.00000
112.94000	5493.00000
112.96000	5479.00000
112.98000	5413.00000
113.00000	5346.00000
113.02000	5367.00000
113.04000	5347.00000
113.06000	5171.00000
113.08000	5406.00000
113.10000	5340.00000
113.12000	5292.00000
113.14000	5372.00000
113.16000	5198.00000
113.18000	5286.00000
113.20000	5264.00000
113.22000	5294.00000
113.24000	5244.00000
113.26000	5237.00000
113.28000	5302.00000
113.30000	5173.00000
113.32000	5260.00000
113.34000	5248.00000
113.36000	5268.00000
113.38000	5255.00000
113.40000	5197.00000
113.42000	5314.00000
113.44000	5220.00000
113.46000	5262.00000
113.48000	5306.00000
113.50000	5121.00000
113.52000	5277.00000
113.54000	5265.00000
113.56000	5457.00000
113.58000	5256.00000
113.60000	5210.00000
113.62000	5198.00000
113.64000	5228.00000
113.66000	5049.00000
113.68000	5146.00000
113.70000	5141.00000
113.72000	5115.00000
113.74000	5241.00000
113.76000	5161.00000
113.78000	4984.00000
113.80000	5185.00000
113.82000	5172.00000
113.84000	5156.00000
113.86000	5159.00000
113.88000	5058.00000
113.90000	5243.00000
113.92000	5201.00000
113.94000	5154.00000
113.96000	5011.00000
113.98000	4961.00000
114.00000	5082.00000
114.02000	5039.00000
114.04000	5108.00000
114.06000	5091.00000
114.08000	5018.00000
114.10000	5016.00000
114.12000	5005.00000
114.14000	5162.00000
114.16000	5038.00000
114.18000	5018.00000
114.20000	5010.00000
114.22000	5152.00000
114.24000	5063.00000
114.26000	5072.00000
114.28000	4770.00000
114.30000	4963.00000
114.32000	5049.00000
114.34000	5103.00000
114.36000	4944.00000
114.38000	5042.00000
114.40000	5117.00000
114.42000	4984.00000
114.44000	4941.00000
114.46000	5015.00000
114.48000	4974.00000
114.50000	5092.00000
114.52000	5034.00000
114.54000	5070.00000
114.56000	5021.00000
114.58000	4998.00000
114.60000	5117.00000
114.62000	5065.00000
114.64000	5008.00000
114.66000	4963.00000
114.68000	4932.00000
114.70000	5014.00000
114.72000	5059.00000
114.74000	4943.00000
114.76000	4942.00000
114.78000	4974.00000
114.80000	4931.00000
114.82000	4941.00000
114.84000	5017.00000
114.86000	4960.00000
114.88000	5034.00000
114.90000	5042.00000
114.92000	4981.00000
114.94000	4990.00000
114.96000	4896.00000
114.98000	4759.00000
115.00000	4998.00000
115.02000	4817.00000
115.04000	5020.00000
115.06000	4937.00000
115.08000	4822.00000
115.10000	4982.00000
115.12000	4911.00000
115.14000	4932.00000
115.16000	4923.00000
115.18000	4887.00000
115.20000	4830.00000
115.22000	4838.00000
115.24000	4780.00000
115.26000	4858.00000
115.28000	4931.00000
115.30000	4828.00000
115.32000	4851.00000
115.34000	4817.00000
115.36000	4813.00000
115.38000	4850.00000
115.40000	4951.00000
115.42000	4830.00000
115.44000	4841.00000
115.46000	4891.00000
115.48000	4895.00000
115.50000	4842.00000
115.52000	4898.00000
115.54000	4931.00000
115.56000	4855.00000
115.58000	4901.00000
115.60000	4774.00000
115.62000	4807.00000
115.64000	4952.00000
115.66000	4899.00000
115.68000	4926.00000
115.70000	4896.00000
115.72000	4840.00000
115.74000	4961.00000
115.76000	4908.00000
115.78000	5031.00000
115.80000	4909.00000
115.82000	4876.00000
115.84000	4943.00000
115.86000	4943.00000
115.88000	4865.00000
115.90000	4887.00000
115.92000	4842.00000
115.94000	4967.00000
115.96000	4829.00000
115.98000	4919.00000
116.00000	4835.00000
116.02000	4777.00000
116.04000	4894.00000
116.06000	4894.00000
116.08000	4966.00000
116.10000	4765.00000
116.12000	4858.00000
116.14000	4809.00000
116.16000	4957.00000
116.18000	4867.00000
116.20000	4920.00000
116.22000	4854.00000
116.24000	4733.00000
116.26000	4718.00000
116.28000	4793.00000
116.30000	4761.00000
116.32000	4829.00000
116.34000	4721.00000
116.36000	4763.00000
116.38000	4647.00000
116.40000	4752.00000
116.42000	4579.00000
116.44000	4683.00000
116.46000	4615.00000
116.48000	4609.00000
116.50000	4681.00000
116.52000	4622.00000
116.54000	4692.00000
116.56000	4569.00000
116.58000	4598.00000
116.60000	4694.00000
116.62000	4681.00000
116.64000	4606.00000
116.66000	4653.00000
116.68000	4590.00000
116.70000	4595.00000
116.72000	4519.00000
116.74000	4594.00000
116.76000	4624.00000
116.78000	4572.00000
116.80000	4570.00000
116.82000	4601.00000
116.84000	4561.00000
116.86000	4695.00000
116.88000	4657.00000
116.90000	4642.00000
116.92000	4520.00000
116.94000	4643.00000
116.96000	4568.00000
116.98000	4653.00000
117.00000	4475.00000
117.02000	4598.00000
117.04000	4507.00000
117.06000	4577.00000
117.08000	4676.00000
117.10000	4716.00000
117.12000	4692.00000
117.14000	4522.00000
117.16000	4560.00000
117.18000	4686.00000
117.20000	4565.00000
117.22000	4544.00000
117.24000	4546.00000
117.26000	4635.00000
117.28000	4615.00000
117.30000	4645.00000
117.32000	4540.00000
117.34000	4632.00000
117.36000	4624.00000
117.38000	4566.00000
117.40000	4681.00000
117.42000	4561.00000
117.44000	4692.00000
117.46000	4649.00000
117.48000	4438.00000
117.50000	4495.00000
117.52000	4623.00000
117.54000	4696.00000
117.56000	4696.00000
117.58000	4663.00000
117.60000	4775.00000
117.62000	4663.00000
117.64000	4558.00000
117.66000	4677.00000
117.68000	4587.00000
117.70000	4692.00000
117.72000	4639.00000
117.74000	4649.00000
117.76000	4514.00000
117.78000	4526.00000
117.80000	4511.00000
117.82000	4534.00000
117.84000	4451.00000
117.86000	4420.00000
117.88000	4431.00000
117.90000	4371.00000
117.92000	4410.00000
117.94000	4293.00000
117.96000	4425.00000
117.98000	4383.00000
118.00000	4358.00000
118.02000	4459.00000
118.04000	4385.00000
118.06000	4441.00000
118.08000	4303.00000
118.10000	4353.00000
118.12000	4285.00000
118.14000	4363.00000
118.16000	4288.00000
118.18000	4358.00000
118.20000	4303.00000
118.22000	4271.00000
118.24000	4231.00000
118.26000	4245.00000
118.28000	4301.00000
118.30000	4376.00000
118.32000	4326.00000
118.34000	4242.00000
118.36000	4229.00000
118.38000	4270.00000
118.40000	4273.00000
118.42000	4320.00000
118.44000	4315.00000
118.46000	4242.00000
118.48000	4151.00000
118.50000	4335.00000
118.52000	4306.00000
118.54000	4262.00000
118.56000	4326.00000
118.58000	4254.00000
118.60000	4411.00000
118.62000	4289.00000
118.64000	4234.00000
118.66000	4320.00000
118.68000	4182.00000
118.70000	4228.00000
118.72000	4299.00000
118.74000	4369.00000
118.76000	4378.00000
118.78000	4184.00000
118.80000	4200.00000
118.82000	4223.00000
118.84000	4270.00000
118.86000	4256.00000
118.88000	4302.00000
118.90000	4320.00000
118.92000	4251.00000
118.94000	4237.00000
118.96000	4131.00000
118.98000	4328.00000
119.00000	4283.00000
119.02000	4343.00000
119.04000	4262.00000
119.06000	4355.00000
119.08000	4352.00000
119.10000	4411.00000
119.12000	4253.00000
119.14000	4347.00000
119.16000	4291.00000
119.18000	4204.00000
119.20000	4327.00000
119.22000	4198.00000
119.24000	4361.00000
119.26000	4190.00000
119.28000	4177.00000
119.30000	4305.00000
119.32000	4152.00000
119.34000	4257.00000
119.36000	4201.00000
119.38000	4179.00000
119.40000	4255.00000
119.42000	4067.00000
119.44000	4197.00000
119.46000	4152.00000
119.48000	4172.00000
119.50000	4103.00000
119.52000	4062.00000
119.54000	3925.00000
119.56000	4080.00000
119.58000	4132.00000
119.60000	4118.00000
119.62000	4032.00000
119.64000	4051.00000
119.66000	4095.00000
119.68000	4066.00000
119.70000	3931.00000
119.72000	4093.00000
119.74000	4160.00000
119.76000	4031.00000
119.78000	3961.00000
119.80000	4045.00000
119.82000	4088.00000
119.84000	4004.00000
119.86000	4053.00000
119.88000	4101.00000
119.90000	4032.00000
119.92000	3901.00000
119.94000	4106.00000
119.96000	3991.00000
119.98000	3983.00000
