4.00000	8159.00000
4.02151	8087.00000
4.04302	8061.00000
4.06453	8005.00000
4.08604	7996.00000
4.10755	7963.00000
4.12906	7917.00000
4.15057	7890.00000
4.17208	7917.00000
4.19359	7943.00000
4.21510	8049.00000
4.23661	7928.00000
4.25812	7769.00000
4.27963	7718.00000
4.30114	7900.00000
4.32265	7801.00000
4.34416	7790.00000
4.36567	7733.00000
4.38718	7617.00000
4.40869	7566.00000
4.43020	7602.00000
4.45171	7570.00000
4.47322	7653.00000
4.49473	7678.00000
4.51624	7423.00000
4.53775	7572.00000
4.55926	7465.00000
4.58077	7468.00000
4.60228	7481.00000
4.62379	7595.00000
4.64530	7493.00000
4.66681	7454.00000
4.68832	7729.00000
4.70983	7495.00000
4.73134	7487.00000
4.75285	7501.00000
4.77436	7560.00000
4.79587	7446.00000
4.81738	7455.00000
4.83889	7623.00000
4.86040	7526.00000
4.88191	7524.00000
4.90342	7741.00000
4.92493	7587.00000
4.94644	7309.00000
4.96795	7633.00000
4.98946	7544.00000
5.01097	7630.00000
5.03248	7491.00000
5.05399	7553.00000
5.07550	7537.00000
5.09701	7581.00000
5.11852	7514.00000
5.14003	7549.00000
5.16154	7383.00000
5.18305	7613.00000
5.20456	7640.00000
5.22607	7681.00000
5.24758	7606.00000
5.26909	7600.00000
5.29060	7434.00000
5.31211	7486.00000
5.33362	7476.00000
5.35513	7633.00000
5.37664	7572.00000
5.39815	7383.00000
5.41966	7511.00000
5.44117	7606.00000
5.46268	7506.00000
5.48419	7664.00000
5.50570	7559.00000
5.52721	7438.00000
5.54872	7489.00000
5.57023	7657.00000
5.59174	7461.00000
5.61325	7622.00000
5.63476	7598.00000
5.65627	7529.00000
5.67778	7546.00000
5.69929	7685.00000
5.72080	7538.00000
5.74231	7634.00000
5.76382	7692.00000
5.78533	7576.00000
5.80684	7635.00000
5.82835	7665.00000
5.84986	7529.00000
5.87137	7657.00000
5.89288	7536.00000
5.91439	7617.00000
5.93590	7635.00000
5.95741	7560.00000
5.97892	7538.00000
6.00043	7674.00000
6.02194	7706.00000
6.04345	7667.00000
6.06496	7533.00000
6.08647	7612.00000
6.10798	7778.00000
6.12949	7746.00000
6.15100	7804.00000
6.17251	7719.00000
6.19402	7542.00000
6.21553	7695.00000
6.23704	7701.00000
6.25855	7729.00000
6.28006	7765.00000
6.30157	7807.00000
6.32308	7804.00000
6.34459	7792.00000
6.36610	7857.00000
6.38761	7685.00000
6.40912	7584.00000
6.43063	7631.00000
6.45214	7606.00000
6.47365	7573.00000
6.49516	7619.00000
6.51667	7612.00000
6.53818	7698.00000
6.55969	7589.00000
6.58120	7769.00000
6.60271	7742.00000
6.62422	7608.00000
6.64573	7738.00000
6.66724	7869.00000
6.68875	7881.00000
6.71026	7833.00000
6.73177	7954.00000
6.75328	7845.00000
6.77479	7816.00000
6.79630	7855.00000
6.81781	7735.00000
6.83932	7861.00000
6.86083	7841.00000
6.88234	7802.00000
6.90385	7738.00000
6.92536	7720.00000
6.94687	7817.00000
6.96838	7769.00000
6.98989	7931.00000
7.01140	7886.00000
7.03291	7908.00000
7.05442	7685.00000
7.07593	7876.00000
7.09744	7838.00000
7.11895	7911.00000
7.14046	7971.00000
7.16197	7799.00000
7.18348	7821.00000
7.20499	7820.00000
7.22650	7864.00000
7.24801	7855.00000
7.26952	7744.00000
7.29103	7811.00000
7.31254	7829.00000
7.33405	7895.00000
7.35556	7899.00000
7.37707	8002.00000
7.39858	7771.00000
7.42009	7853.00000
7.44160	7837.00000
7.46311	7803.00000
7.48462	7873.00000
7.50613	7907.00000
7.52764	7895.00000
7.54915	7834.00000
7.57066	8020.00000
7.59217	8006.00000
7.61368	7909.00000
7.63519	7793.00000
7.65670	7888.00000
7.67821	7958.00000
7.69972	7864.00000
7.72123	8020.00000
7.74274	7909.00000
7.76425	7896.00000
7.78576	7966.00000
7.80727	7981.00000
7.82878	7874.00000
7.85029	7892.00000
7.87180	7933.00000
7.89331	7930.00000
7.91482	7900.00000
7.93633	8091.00000
7.95784	8080.00000
7.97935	7931.00000
8.00086	8051.00000
8.02237	8044.00000
8.04388	8100.00000
8.06539	7989.00000
8.08690	8065.00000
8.10841	7987.00000
8.12992	7978.00000
8.15143	8035.00000
8.17294	8018.00000
8.19445	8082.00000
8.21596	7918.00000
8.23747	7968.00000
8.25898	8155.00000
8.28049	7958.00000
8.30200	7840.00000
8.32351	8014.00000
8.34502	7883.00000
8.36653	8007.00000
8.38804	7883.00000
8.40955	8049.00000
8.43106	8019.00000
8.45257	7830.00000
8.47408	7816.00000
8.49559	7921.00000
8.51710	7697.00000
8.53861	7723.00000
8.56012	7857.00000
8.58163	7680.00000
8.60314	7654.00000
8.62465	7728.00000
8.64616	7768.00000
8.66767	7774.00000
8.68918	7619.00000
8.71069	7585.00000
8.73220	7715.00000
8.75371	7571.00000
8.77522	7601.00000
8.79673	7568.00000
8.81824	7596.00000
8.83975	7697.00000
8.86126	7437.00000
8.88277	7608.00000
8.90428	7521.00000
8.92579	7524.00000
8.94730	7508.00000
8.96881	7564.00000
8.99032	7384.00000
9.01183	7568.00000
9.03334	7427.00000
9.05485	7485.00000
9.07636	7454.00000
9.09787	7478.00000
9.11938	7410.00000
9.14089	7387.00000
9.16240	7295.00000
9.18391	7233.00000
9.20542	7313.00000
9.22693	7334.00000
9.24844	7356.00000
9.26995	7478.00000
9.29146	7256.00000
9.31297	7357.00000
9.33448	7268.00000
9.35599	7314.00000
9.37750	7073.00000
9.39901	7275.00000
9.42052	7108.00000
9.44203	7041.00000
9.46354	7091.00000
9.48505	7093.00000
9.50656	7085.00000
9.52807	7172.00000
9.54958	7153.00000
9.57109	7148.00000
9.59260	6986.00000
9.61411	7152.00000
9.63562	7067.00000
9.65713	7101.00000
9.67864	7020.00000
9.70015	7055.00000
9.72166	6862.00000
9.74317	6950.00000
9.76468	6869.00000
9.78619	6962.00000
9.80770	6855.00000
9.82921	6979.00000
9.85072	6869.00000
9.87223	6899.00000
9.89374	6952.00000
9.91525	6970.00000
9.93676	6832.00000
9.95827	6794.00000
9.97978	6833.00000
10.00129	6909.00000
10.02280	6873.00000
10.04431	6724.00000
10.06582	6784.00000
10.08733	6763.00000
10.10884	6786.00000
10.13035	6827.00000
10.15186	6889.00000
10.17337	6731.00000
10.19488	6794.00000
10.21639	6847.00000
10.23790	6853.00000
10.25941	6649.00000
10.28092	6784.00000
10.30243	6789.00000
10.32394	6747.00000
10.34545	6690.00000
10.36696	6679.00000
10.38847	6695.00000
10.40998	6665.00000
10.43149	6628.00000
10.45300	6713.00000
10.47451	6635.00000
10.49602	6742.00000
10.51753	6715.00000
10.53904	6601.00000
10.56055	6704.00000
10.58206	6601.00000
10.60357	6639.00000
10.62508	6734.00000
10.64659	6540.00000
10.66810	6694.00000
10.68961	6625.00000
10.71112	6856.00000
10.73263	6770.00000
10.75414	6787.00000
10.77565	6727.00000
10.79716	6575.00000
10.81867	6553.00000
10.84018	6567.00000
10.86169	6591.00000
10.88320	6775.00000
10.90471	6608.00000
10.92622	6707.00000
10.94773	6660.00000
10.96924	6914.00000
10.99075	6784.00000
11.01226	6649.00000
11.03377	6775.00000
11.05528	6703.00000
11.07679	6843.00000
11.09830	6854.00000
11.11981	6755.00000
11.14132	6890.00000
11.16283	6592.00000
11.18434	6702.00000
11.20585	6669.00000
11.22736	6797.00000
11.24887	6787.00000
11.27038	6817.00000
11.29189	6795.00000
11.31340	6723.00000
11.33491	6876.00000
11.35642	7056.00000
11.37793	6958.00000
11.39944	6893.00000
11.42095	6961.00000
11.44246	6949.00000
11.46397	7135.00000
11.48548	7202.00000
11.50699	7245.00000
11.52850	7348.00000
11.55001	7399.00000
11.57152	7564.00000
11.59303	7692.00000
11.61454	8117.00000
11.63605	8190.00000
11.65756	8582.00000
11.67907	8888.00000
11.70058	9263.00000
11.72209	9706.00000
11.74360	10385.00000
11.76511	10823.00000
11.78662	11672.00000
11.80813	12832.00000
11.82964	14153.00000
11.85115	15462.00000
11.87266	17492.00000
11.89417	19834.00000
11.91568	22387.00000
11.93719	25664.00000
11.95870	29463.00000
11.98021	33771.00000
12.00172	38004.00000
12.02323	41926.00000
12.04474	44629.00000
12.06625	44911.00000
12.08776	43520.00000
12.10927	40308.00000
12.13078	34263.00000
12.15229	28628.00000
12.17380	23011.00000
12.19531	18733.00000
12.21682	15901.00000
12.23833	13970.00000
12.25984	12905.00000
12.28135	12237.00000
12.30286	12036.00000
12.32437	12185.00000
12.34588	12474.00000
12.36739	12691.00000
12.38890	13657.00000
12.41041	14400.00000
12.43192	15341.00000
12.45343	16568.00000
12.47494	17646.00000
12.49645	18857.00000
12.51796	19455.00000
12.53947	19688.00000
12.56098	19591.00000
12.58249	18551.00000
12.60400	16960.00000
12.62551	15259.00000
12.64702	13387.00000
12.66853	11838.00000
12.69004	10716.00000
12.71155	9771.00000
12.73306	9110.00000
12.75457	8704.00000
12.77608	8185.00000
12.79759	7954.00000
12.81910	7613.00000
12.84061	7396.00000
12.86212	7502.00000
12.88363	7254.00000
12.90514	7163.00000
12.92665	6908.00000
12.94816	6931.00000
12.96967	6822.00000
12.99118	6755.00000
13.01269	6670.00000
13.03420	6631.00000
13.05571	6615.00000
13.07722	6631.00000
13.09873	6476.00000
13.12024	6681.00000
13.14175	6462.00000
13.16326	6467.00000
13.18477	6464.00000
13.20628	6338.00000
13.22779	6434.00000
13.24930	6449.00000
13.27081	6398.00000
13.29232	6409.00000
13.31383	6286.00000
13.33534	6475.00000
13.35685	6296.00000
13.37836	6234.00000
13.39987	6277.00000
13.42138	6248.00000
13.44289	6193.00000
13.46440	6239.00000
13.48591	6234.00000
13.50742	6306.00000
13.52893	6244.00000
13.55044	6200.00000
13.57195	6295.00000
13.59346	6261.00000
13.61497	6131.00000
13.63648	6241.00000
13.65799	6185.00000
13.67950	6128.00000
13.70101	6210.00000
13.72252	6149.00000
13.74403	6166.00000
13.76554	6223.00000
13.78705	6207.00000
13.80856	6194.00000
13.83007	6170.00000
13.85158	6158.00000
13.87309	6171.00000
13.89460	6253.00000
13.91611	6171.00000
13.93762	6193.00000
13.95913	6097.00000
13.98064	6034.00000
14.00215	6241.00000
14.02366	6130.00000
14.04517	6256.00000
14.06668	6133.00000
14.08819	6243.00000
14.10970	6139.00000
14.13121	6139.00000
14.15272	6205.00000
14.17423	6117.00000
14.19574	6237.00000
14.21725	6139.00000
14.23876	6276.00000
14.26027	6175.00000
14.28178	6170.00000
14.30329	6140.00000
14.32480	6197.00000
14.34631	6127.00000
14.36782	6260.00000
14.38933	6272.00000
14.41084	6277.00000
14.43235	6114.00000
14.45386	6140.00000
14.47537	6162.00000
14.49688	6191.00000
14.51839	6201.00000
14.53990	6172.00000
14.56141	6096.00000
14.58292	6193.00000
14.60443	6068.00000
14.62594	6233.00000
14.64745	6082.00000
14.66896	6098.00000
14.69047	6240.00000
14.71198	6145.00000
14.73349	6099.00000
14.75500	6306.00000
14.77651	6307.00000
14.79802	6116.00000
14.81953	6087.00000
14.84104	6227.00000
14.86255	6214.00000
14.88406	6263.00000
14.90557	6300.00000
14.92708	6166.00000
14.94859	6172.00000
14.97010	6263.00000
14.99161	6201.00000
15.01312	6245.00000
15.03463	6308.00000
15.05614	6344.00000
15.07765	6326.00000
15.09916	6139.00000
15.12067	6310.00000
15.14218	6178.00000
15.16369	6378.00000
15.18520	6137.00000
15.20671	6294.00000
15.22822	6380.00000
15.24973	6242.00000
15.27124	6422.00000
15.29275	6453.00000
15.31426	6308.00000
15.33577	6422.00000
15.35728	6257.00000
15.37879	6390.00000
15.40030	6332.00000
15.42181	6468.00000
15.44332	6277.00000
15.46483	6383.00000
15.48634	6356.00000
15.50785	6324.00000
15.52936	6402.00000
15.55087	6400.00000
15.57238	6559.00000
15.59389	6431.00000
15.61540	6394.00000
15.63691	6458.00000
15.65842	6550.00000
15.67993	6546.00000
15.70144	6509.00000
15.72295	6558.00000
15.74446	6492.00000
15.76597	6376.00000
15.78748	6505.00000
15.80899	6502.00000
15.83050	6573.00000
15.85201	6462.00000
15.87352	6657.00000
15.89503	6529.00000
15.91654	6608.00000
15.93805	6607.00000
15.95956	6638.00000
15.98107	6611.00000
16.00258	6519.00000
16.02409	6591.00000
16.04560	6594.00000
16.06711	6624.00000
16.08862	6754.00000
16.11013	6618.00000
16.13164	6722.00000
16.15315	6764.00000
16.17466	6679.00000
16.19617	6677.00000
16.21768	6806.00000
16.23919	6856.00000
16.26070	6856.00000
16.28221	6919.00000
16.30372	7081.00000
16.32523	6977.00000
16.34674	7074.00000
16.36825	7066.00000
16.38976	7082.00000
16.41127	6885.00000
16.43278	6923.00000
16.45429	6847.00000
16.47580	6893.00000
16.49731	6863.00000
16.51882	6900.00000
16.54033	6901.00000
16.56184	6852.00000
16.58335	6914.00000
16.60486	6820.00000
16.62637	6965.00000
16.64788	6907.00000
16.66939	7097.00000
16.69090	6843.00000
16.71241	7008.00000
16.73392	7042.00000
16.75543	6902.00000
16.77694	6918.00000
16.79845	6998.00000
16.81996	7228.00000
16.84147	7038.00000
16.86298	7124.00000
16.88449	7097.00000
16.90600	7154.00000
16.92751	7107.00000
16.94902	7165.00000
16.97053	7209.00000
16.99204	7149.00000
17.01355	7140.00000
17.03506	7268.00000
17.05657	7219.00000
17.07808	7162.00000
17.09959	7223.00000
17.12110	7226.00000
17.14261	7221.00000
17.16412	7250.00000
17.18563	7282.00000
17.20714	7488.00000
17.22865	7369.00000
17.25016	7287.00000
17.27167	7435.00000
17.29318	7315.00000
17.31469	7372.00000
17.33620	7330.00000
17.35771	7446.00000
17.37922	7325.00000
17.40073	7569.00000
17.42224	7626.00000
17.44375	7528.00000
17.46526	7462.00000
17.48677	7648.00000
17.50828	7506.00000
17.52979	7688.00000
17.55130	7719.00000
17.57281	7888.00000
17.59432	7608.00000
17.61583	7785.00000
17.63734	7852.00000
17.65885	7840.00000
17.68036	7833.00000
17.70187	7932.00000
17.72338	8111.00000
17.74489	8288.00000
17.76640	8263.00000
17.78791	8207.00000
17.80942	8258.00000
17.83093	8331.00000
17.85244	8400.00000
17.87395	8206.00000
17.89546	8352.00000
17.91697	8345.00000
17.93848	8328.00000
17.95999	8690.00000
17.98150	8675.00000
18.00301	8698.00000
18.02452	8728.00000
18.04603	8970.00000
18.06754	9083.00000
18.08905	9087.00000
18.11056	9414.00000
18.13207	9667.00000
18.15358	9845.00000
18.17509	10103.00000
18.19660	10766.00000
18.21811	11087.00000
18.23962	11883.00000
18.26113	12838.00000
18.28264	13894.00000
18.30415	15591.00000
18.32566	17248.00000
18.34717	20007.00000
18.36868	22950.00000
18.39019	27127.00000
18.41170	31952.00000
18.43321	37033.00000
18.45472	42841.00000
18.47623	47369.00000
18.49774	50387.00000
18.51925	51675.00000
18.54076	50000.00000
18.56227	46047.00000
18.58378	40595.00000
18.60529	34560.00000
18.62680	28980.00000
18.64831	24317.00000
18.66982	21003.00000
18.69133	18125.00000
18.71284	16423.00000
18.73435	15266.00000
18.75586	14535.00000
18.77737	14305.00000
18.79888	14109.00000
18.82039	14357.00000
18.84190	15050.00000
18.86341	15824.00000
18.88492	17046.00000
18.90643	18467.00000
18.92794	20684.00000
18.94945	22231.00000
18.97096	24210.00000
18.99247	25103.00000
19.01398	25763.00000
19.03549	25432.00000
19.05700	23668.00000
19.07851	21634.00000
19.10002	19331.00000
19.12153	16912.00000
19.14304	14845.00000
19.16455	13551.00000
19.18606	12487.00000
19.20757	11740.00000
19.22908	11237.00000
19.25059	10678.00000
19.27210	10272.00000
19.29361	10268.00000
19.31512	10111.00000
19.33663	9965.00000
19.35814	9757.00000
19.37965	9887.00000
19.40116	9613.00000
19.42267	9692.00000
19.44418	9697.00000
19.46569	9469.00000
19.48720	9749.00000
19.50871	9598.00000
19.53022	9620.00000
19.55173	9565.00000
19.57324	9574.00000
19.59475	9671.00000
19.61626	9399.00000
19.63777	9860.00000
19.65928	9724.00000
19.68079	9641.00000
19.70230	9699.00000
19.72381	9568.00000
19.74532	9605.00000
19.76683	9882.00000
19.78834	9657.00000
19.80985	9769.00000
19.83136	9777.00000
19.85287	9682.00000
19.87438	9772.00000
19.89589	9812.00000
19.91740	9794.00000
19.93891	9785.00000
19.96042	9840.00000
19.98193	9954.00000
20.00344	9904.00000
20.02495	9861.00000
20.04646	9985.00000
20.06797	10108.00000
20.08948	9969.00000
20.11099	9951.00000
20.13250	9872.00000
20.15401	9939.00000
20.17552	9883.00000
20.19703	9926.00000
20.21854	9936.00000
20.24005	9847.00000
20.26156	9953.00000
20.28307	10145.00000
20.30458	10139.00000
20.32609	10248.00000
20.34760	10253.00000
20.36911	10206.00000
20.39062	10281.00000
20.41213	10162.00000
20.43364	10173.00000
20.45515	10020.00000
20.47666	10346.00000
20.49817	10281.00000
20.51968	10375.00000
20.54119	10322.00000
20.56270	10326.00000
20.58421	10374.00000
20.60572	10571.00000
20.62723	10359.00000
20.64874	10600.00000
20.67025	10636.00000
20.69176	10688.00000
20.71327	10543.00000
20.73478	10632.00000
20.75629	10874.00000
20.77780	10871.00000
20.79931	11032.00000
20.82082	11014.00000
20.84233	11333.00000
20.86384	11356.00000
20.88535	11670.00000
20.90686	11463.00000
20.92837	11555.00000
20.94988	11865.00000
20.97139	11893.00000
20.99290	11896.00000
21.01441	12154.00000
21.03592	12204.00000
21.05743	12387.00000
21.07894	12608.00000
21.10045	12772.00000
21.12196	13161.00000
21.14347	13626.00000
21.16498	13799.00000
21.18649	14368.00000
21.20800	14581.00000
21.22951	14834.00000
21.25102	14922.00000
21.27253	14751.00000
21.29404	14286.00000
21.31555	14147.00000
21.33706	13892.00000
21.35857	13636.00000
21.38008	13876.00000
21.40159	14033.00000
21.42310	14267.00000
21.44461	14503.00000
21.46612	15314.00000
21.48763	16072.00000
21.50914	16806.00000
21.53065	17719.00000
21.55216	18053.00000
21.57367	18551.00000
21.59518	18598.00000
21.61669	18033.00000
21.63820	17390.00000
21.65971	16772.00000
21.68122	16081.00000
21.70273	15785.00000
21.72424	15855.00000
21.74575	16130.00000
21.76726	16934.00000
21.78877	17559.00000
21.81028	19137.00000
21.83179	20848.00000
21.85330	23510.00000
21.87481	26781.00000
21.89632	30728.00000
21.91783	35699.00000
21.93934	41014.00000
21.96085	47101.00000
21.98236	53454.00000
22.00387	58392.00000
22.02538	62189.00000
22.04689	63794.00000
22.06840	62954.00000
22.08991	58922.00000
22.11142	53834.00000
22.13293	47049.00000
22.15444	40306.00000
22.17595	33935.00000
22.19746	28458.00000
22.21897	23835.00000
22.24048	21015.00000
22.26199	18862.00000
22.28350	17269.00000
22.30501	16144.00000
22.32652	15329.00000
22.34803	14951.00000
22.36954	14301.00000
22.39105	13942.00000
22.41256	13705.00000
22.43407	13971.00000
22.45558	13709.00000
22.47709	13709.00000
22.49860	13697.00000
22.52011	13968.00000
22.54162	13990.00000
22.56313	14536.00000
22.58464	15395.00000
22.60615	15902.00000
22.62766	16810.00000
22.64917	17617.00000
22.67068	19091.00000
22.69219	20497.00000
22.71370	22812.00000
22.73521	25485.00000
22.75672	28015.00000
22.77823	31163.00000
22.79974	34426.00000
22.82125	36855.00000
22.84276	39635.00000
22.86427	41682.00000
22.88578	41987.00000
22.90729	40897.00000
22.92880	38188.00000
22.95031	35095.00000
22.97182	31474.00000
22.99333	27325.00000
23.01484	23852.00000
23.03635	21164.00000
23.05786	18898.00000
23.07937	17070.00000
23.10088	15843.00000
23.12239	15028.00000
23.14390	13824.00000
23.16541	13259.00000
23.18692	12986.00000
23.20843	12679.00000
23.22994	12184.00000
23.25145	11923.00000
23.27296	11849.00000
23.29447	11611.00000
23.31598	11545.00000
23.33749	11245.00000
23.35900	11216.00000
23.38051	11193.00000
23.40202	11081.00000
23.42353	10971.00000
23.44504	10888.00000
23.46655	10801.00000
23.48806	10976.00000
23.50957	10934.00000
23.53108	11147.00000
23.55259	11082.00000
23.57410	10998.00000
23.59561	11100.00000
23.61712	11391.00000
23.63863	11561.00000
23.66014	11825.00000
23.68165	12135.00000
23.70316	12690.00000
23.72467	13256.00000
23.74618	13498.00000
23.76769	13773.00000
23.78920	13938.00000
23.81071	14163.00000
23.83222	14141.00000
23.85373	13751.00000
23.87524	13556.00000
23.89675	12923.00000
23.91826	12517.00000
23.93977	12050.00000
23.96128	11811.00000
23.98279	11833.00000
24.00430	11785.00000
24.02581	11613.00000
24.04732	11847.00000
24.06883	12051.00000
24.09034	12420.00000
24.11185	12747.00000
24.13336	13010.00000
24.15487	13701.00000
24.17638	14302.00000
24.19789	14687.00000
24.21940	15046.00000
24.24091	15102.00000
24.26242	15116.00000
24.28393	15052.00000
24.30544	15148.00000
24.32695	15184.00000
24.34846	15446.00000
24.36997	16101.00000
24.39148	16839.00000
24.41299	18190.00000
24.43450	19867.00000
24.45601	22183.00000
24.47752	24404.00000
24.49903	27461.00000
24.52054	30900.00000
24.54205	33962.00000
24.56356	36399.00000
24.58507	38108.00000
24.60658	38517.00000
24.62809	37827.00000
24.64960	35289.00000
24.67111	32312.00000
24.69262	28786.00000
24.71413	25731.00000
24.73564	22612.00000
24.75715	19927.00000
24.77866	18206.00000
24.80017	16537.00000
24.82168	15512.00000
24.84319	14541.00000
24.86470	13828.00000
24.88621	13253.00000
24.90772	12635.00000
24.92923	12233.00000
24.95074	12069.00000
24.97225	11569.00000
24.99376	11197.00000
25.01527	11096.00000
25.03678	11033.00000
25.05829	10658.00000
25.07980	10834.00000
25.10131	10909.00000
25.12282	10926.00000
25.14433	10846.00000
25.16584	10931.00000
25.18735	11019.00000
25.20886	10869.00000
25.23037	10672.00000
25.25188	10710.00000
25.27339	10411.00000
25.29490	10092.00000
25.31641	9755.00000
25.33792	9836.00000
25.35943	9507.00000
25.38094	9223.00000
25.40245	9285.00000
25.42396	9189.00000
25.44547	9129.00000
25.46698	8887.00000
25.48849	8936.00000
25.51000	8952.00000
25.53151	8930.00000
25.55302	8733.00000
25.57453	8920.00000
25.59604	8668.00000
25.61755	9051.00000
25.63906	8864.00000
25.66057	8919.00000
25.68208	8774.00000
25.70359	8784.00000
25.72510	8719.00000
25.74661	8665.00000
25.76812	8660.00000
25.78963	8806.00000
25.81114	8620.00000
25.83265	8561.00000
25.85416	8639.00000
25.87567	8736.00000
25.89718	8636.00000
25.91869	8617.00000
25.94020	8721.00000
25.96171	8375.00000
25.98322	8636.00000
26.00473	8689.00000
26.02624	8821.00000
26.04775	8830.00000
26.06926	8942.00000
26.09077	8769.00000
26.11228	9179.00000
26.13379	8955.00000
26.15530	8998.00000
26.17681	9223.00000
26.19832	9261.00000
26.21983	9255.00000
26.24134	9185.00000
26.26285	9652.00000
26.28436	9499.00000
26.30587	9812.00000
26.32738	10392.00000
26.34889	10716.00000
26.37040	11302.00000
26.39191	12055.00000
26.41342	12763.00000
26.43493	13937.00000
26.45644	15656.00000
26.47795	17346.00000
26.49946	19573.00000
26.52097	22501.00000
26.54248	26065.00000
26.56399	29507.00000
26.58550	33604.00000
26.60701	36861.00000
26.62852	39660.00000
26.65003	41047.00000
26.67154	40583.00000
26.69305	39275.00000
26.71456	35943.00000
26.73607	32024.00000
26.75758	27553.00000
26.77909	23367.00000
26.80060	19847.00000
26.82211	16915.00000
26.84362	14847.00000
26.86513	13311.00000
26.88664	11937.00000
26.90815	11045.00000
26.92966	10634.00000
26.95117	10030.00000
26.97268	9931.00000
26.99419	9590.00000
27.01570	9241.00000
27.03721	9296.00000
27.05872	9195.00000
27.08023	9157.00000
27.10174	9130.00000
27.12325	9252.00000
27.14476	9612.00000
27.16627	9909.00000
27.18778	10062.00000
27.20929	10612.00000
27.23080	10637.00000
27.25231	10806.00000
27.27382	10732.00000
27.29533	10608.00000
27.31684	10399.00000
27.33835	10200.00000
27.35986	9808.00000
27.38137	9394.00000
27.40288	8918.00000
27.42439	8891.00000
27.44590	8609.00000
27.46741	8382.00000
27.48892	8369.00000
27.51043	8374.00000
27.53194	8132.00000
27.55345	8057.00000
27.57496	8153.00000
27.59647	8142.00000
27.61798	8068.00000
27.63949	8101.00000
27.66100	8263.00000
27.68251	8264.00000
27.70402	8219.00000
27.72553	8133.00000
27.74704	8264.00000
27.76855	8341.00000
27.79006	8172.00000
27.81157	8284.00000
27.83308	8468.00000
27.85459	8616.00000
27.87610	8576.00000
27.89761	8679.00000
27.91912	8715.00000
27.94063	8881.00000
27.96214	9167.00000
27.98365	9415.00000
28.00516	9402.00000
28.02667	9862.00000
28.04818	10277.00000
28.06969	10746.00000
28.09120	11427.00000
28.11271	12342.00000
28.13422	13029.00000
28.15573	14349.00000
28.17724	15816.00000
28.19875	18256.00000
28.22026	21077.00000
28.24177	24797.00000
28.26328	29539.00000
28.28479	35383.00000
28.30630	42998.00000
28.32781	51872.00000
28.34932	62869.00000
28.37083	74440.00000
28.39234	85377.00000
28.41385	93995.00000
28.43536	99262.00000
28.45687	99933.00000
28.47838	96056.00000
28.49989	87812.00000
28.52140	77485.00000
28.54291	66905.00000
28.56442	56562.00000
28.58593	47719.00000
28.60744	40478.00000
28.62895	35738.00000
28.65046	32565.00000
28.67197	31184.00000
28.69348	30781.00000
28.71499	31780.00000
28.73650	33548.00000
28.75801	37282.00000
28.77952	42104.00000
28.80103	48799.00000
28.82254	57564.00000
28.84405	66967.00000
28.86556	77194.00000
28.88707	86648.00000
28.90858	93249.00000
28.93009	95152.00000
28.95160	93809.00000
28.97311	86669.00000
28.99462	78171.00000
29.01613	66889.00000
29.03764	56350.00000
29.05915	46037.00000
29.08066	37404.00000
29.10217	31282.00000
29.12368	25737.00000
29.14519	22560.00000
29.16670	19927.00000
29.18821	18098.00000
29.20972	16974.00000
29.23123	16048.00000
29.25274	15211.00000
29.27425	14466.00000
29.29576	13456.00000
29.31727	12754.00000
29.33878	11827.00000
29.36029	11326.00000
29.38180	10573.00000
29.40331	9882.00000
29.42482	9651.00000
29.44633	9056.00000
29.46784	8710.00000
29.48935	8605.00000
29.51086	8272.00000
29.53237	8218.00000
29.55388	8139.00000
29.57539	8028.00000
29.59690	7733.00000
29.61841	7722.00000
29.63992	7735.00000
29.66143	7622.00000
29.68294	7439.00000
29.70445	7377.00000
29.72596	7367.00000
29.74747	7455.00000
29.76898	7312.00000
29.79049	7368.00000
29.81200	7155.00000
29.83351	7376.00000
29.85502	7262.00000
29.87653	7296.00000
29.89804	7325.00000
29.91955	7226.00000
29.94106	7265.00000
29.96257	7242.00000
29.98408	7248.00000
30.00559	7336.00000
30.02710	7374.00000
30.04861	7304.00000
30.07012	7257.00000
30.09163	7452.00000
30.11314	7638.00000
30.13465	7834.00000
30.15616	7632.00000
30.17767	7804.00000
30.19918	7993.00000
30.22069	8152.00000
30.24220	8424.00000
30.26371	8381.00000
30.28522	8840.00000
30.30673	9319.00000
30.32824	9615.00000
30.34975	10119.00000
30.37126	10896.00000
30.39277	11852.00000
30.41428	13007.00000
30.43579	14462.00000
30.45730	16502.00000
30.47881	18592.00000
30.50032	21494.00000
30.52183	25100.00000
30.54334	29538.00000
30.56485	34353.00000
30.58636	39519.00000
30.60787	44602.00000
30.62938	48344.00000
30.65089	50989.00000
30.67240	51254.00000
30.69391	49645.00000
30.71542	46296.00000
30.73693	41157.00000
30.75844	35962.00000
30.77995	31019.00000
30.80146	25866.00000
30.82297	21906.00000
30.84448	18538.00000
30.86599	16224.00000
30.88750	14097.00000
30.90901	12485.00000
30.93052	11623.00000
30.95203	10722.00000
30.97354	10055.00000
30.99505	9769.00000
31.01656	9217.00000
31.03807	9182.00000
31.05958	9077.00000
31.08109	9103.00000
31.10260	9272.00000
31.12411	9387.00000
31.14562	9647.00000
31.16713	9936.00000
31.18864	10502.00000
31.21015	10986.00000
31.23166	11481.00000
31.25317	11746.00000
31.27468	12019.00000
31.29619	12505.00000
31.31770	12350.00000
31.33921	12357.00000
31.36072	11919.00000
31.38223	11593.00000
31.40374	11191.00000
31.42525	11061.00000
31.44676	11104.00000
31.46827	10996.00000
31.48978	11249.00000
31.51129	11132.00000
31.53280	11498.00000
31.55431	11505.00000
31.57582	11687.00000
31.59733	11521.00000
31.61884	11264.00000
31.64035	10633.00000
31.66186	9964.00000
31.68337	9473.00000
31.70488	8826.00000
31.72639	8369.00000
31.74790	7874.00000
31.76941	7489.00000
31.79092	7127.00000
31.81243	6945.00000
31.83394	6706.00000
31.85545	6714.00000
31.87696	6333.00000
31.89847	6286.00000
31.91998	6281.00000
31.94149	6195.00000
31.96300	6316.00000
31.98451	6246.00000
32.00602	6188.00000
32.02753	6084.00000
32.04904	6084.00000
32.07055	6179.00000
32.09206	6103.00000
32.11357	6350.00000
32.13508	6311.00000
32.15659	6371.00000
32.17810	6496.00000
32.19961	6499.00000
32.22112	6697.00000
32.24263	6974.00000
32.26414	7141.00000
32.28565	7483.00000
32.30716	7837.00000
32.32867	8184.00000
32.35018	8517.00000
32.37169	8728.00000
32.39320	8723.00000
32.41471	8848.00000
32.43622	8871.00000
32.45773	8614.00000
32.47924	8421.00000
32.50075	8167.00000
32.52226	7592.00000
32.54377	7289.00000
32.56528	7026.00000
32.58679	6890.00000
32.60830	6573.00000
32.62981	6330.00000
32.65132	6153.00000
32.67283	6137.00000
32.69434	5996.00000
32.71585	5949.00000
32.73736	5907.00000
32.75887	5912.00000
32.78038	5874.00000
32.80189	5946.00000
32.82340	5895.00000
32.84491	6110.00000
32.86642	6115.00000
32.88793	6108.00000
32.90944	6227.00000
32.93095	6315.00000
32.95246	6206.00000
32.97397	6265.00000
32.99548	6357.00000
33.01699	6301.00000
33.03850	6189.00000
33.06001	5841.00000
33.08152	5813.00000
33.10303	5669.00000
33.12454	5710.00000
33.14605	5626.00000
33.16756	5435.00000
33.18907	5426.00000
33.21058	5361.00000
33.23209	5524.00000
33.25360	5386.00000
33.27511	5442.00000
33.29662	5434.00000
33.31813	5558.00000
33.33964	5632.00000
33.36115	5794.00000
33.38266	5952.00000
33.40417	5927.00000
33.42568	6112.00000
33.44719	6098.00000
33.46870	6232.00000
33.49021	6160.00000
33.51172	6115.00000
33.53323	6161.00000
33.55474	5898.00000
33.57625	5895.00000
33.59776	5706.00000
33.61927	5595.00000
33.64078	5520.00000
33.66229	5385.00000
33.68380	5419.00000
33.70531	5284.00000
33.72682	5330.00000
33.74833	5368.00000
33.76984	5355.00000
33.79135	5381.00000
33.81286	5381.00000
33.83437	5454.00000
33.85588	5414.00000
33.87739	5348.00000
33.89890	5544.00000
33.92041	5503.00000
33.94192	5485.00000
33.96343	5462.00000
33.98494	5265.00000
34.00645	5352.00000
34.02796	5288.00000
34.04947	5141.00000
34.07098	5131.00000
34.09249	4998.00000
34.11400	5027.00000
34.13551	5058.00000
34.15702	4971.00000
34.17853	4955.00000
34.20004	4912.00000
34.22155	4978.00000
34.24306	4885.00000
34.26457	5106.00000
34.28608	5006.00000
34.30759	4952.00000
34.32910	5022.00000
34.35061	4979.00000
34.37212	5043.00000
34.39363	5058.00000
34.41514	5201.00000
34.43665	5156.00000
34.45816	5166.00000
34.47967	5273.00000
34.50118	5297.00000
34.52269	5367.00000
34.54420	5676.00000
34.56571	5770.00000
34.58722	5902.00000
34.60873	6329.00000
34.63024	6570.00000
34.65175	6802.00000
34.67326	7028.00000
34.69477	7165.00000
34.71628	7257.00000
34.73779	7031.00000
34.75930	6820.00000
34.78081	6507.00000
34.80232	6426.00000
34.82383	6195.00000
34.84534	5844.00000
34.86685	5673.00000
34.88836	5575.00000
34.90987	5405.00000
34.93138	5349.00000
34.95289	5265.00000
34.97440	5268.00000
34.99591	5137.00000
35.01742	5133.00000
35.03893	5090.00000
35.06044	5059.00000
35.08195	5213.00000
35.10346	5155.00000
35.12497	5301.00000
35.14648	5290.00000
35.16799	5413.00000
35.18950	5336.00000
35.21101	5596.00000
35.23252	5646.00000
35.25403	5803.00000
35.27554	6148.00000
35.29705	6241.00000
35.31856	6454.00000
35.34007	6826.00000
35.36158	7114.00000
35.38309	7514.00000
35.40460	8009.00000
35.42611	8597.00000
35.44762	9147.00000
35.46913	9750.00000
35.49064	10325.00000
35.51215	10939.00000
35.53366	11170.00000
35.55517	11068.00000
35.57668	11108.00000
35.59819	10679.00000
35.61970	10263.00000
35.64121	9733.00000
35.66272	9294.00000
35.68423	8782.00000
35.70574	8180.00000
35.72725	7639.00000
35.74876	7453.00000
35.77027	7057.00000
35.79178	6954.00000
35.81329	6922.00000
35.83480	6754.00000
35.85631	6923.00000
35.87782	6807.00000
35.89933	6653.00000
35.92084	6793.00000
35.94235	6631.00000
35.96386	6586.00000
35.98537	6365.00000
36.00688	6410.00000
36.02839	6283.00000
36.04990	6122.00000
36.07141	6105.00000
36.09292	5861.00000
36.11443	5853.00000
36.13594	5856.00000
36.15745	5694.00000
36.17896	5522.00000
36.20047	5474.00000
36.22198	5355.00000
36.24349	5155.00000
36.26500	5157.00000
36.28651	5191.00000
36.30802	5165.00000
36.32953	5171.00000
36.35104	5308.00000
36.37255	5368.00000
36.39406	5577.00000
36.41557	5728.00000
36.43708	5974.00000
36.45859	6201.00000
36.48010	6638.00000
36.50161	6941.00000
36.52312	7541.00000
36.54463	8050.00000
36.56614	8727.00000
36.58765	9617.00000
36.60916	10039.00000
36.63067	10617.00000
36.65218	10842.00000
36.67369	11156.00000
36.69520	10627.00000
36.71671	9958.00000
36.73822	9493.00000
36.75973	8731.00000
36.78124	8025.00000
36.80275	7456.00000
36.82426	6761.00000
36.84577	6229.00000
36.86728	5847.00000
36.88879	5671.00000
36.91030	5367.00000
36.93181	5299.00000
36.95332	5224.00000
36.97483	5037.00000
36.99634	5039.00000
37.01785	5038.00000
37.03936	5068.00000
37.06087	4887.00000
37.08238	4986.00000
37.10389	4927.00000
37.12540	5000.00000
37.14691	5090.00000
37.16842	5142.00000
37.18993	5215.00000
37.21144	5396.00000
37.23295	5285.00000
37.25446	5376.00000
37.27597	5551.00000
37.29748	5716.00000
37.31899	5984.00000
37.34050	6131.00000
37.36201	6369.00000
37.38352	6789.00000
37.40503	6998.00000
37.42654	7377.00000
37.44805	7614.00000
37.46956	7858.00000
37.49107	8077.00000
37.51258	8031.00000
37.53409	8387.00000
37.55560	8248.00000
37.57711	8514.00000
37.59862	8568.00000
37.62013	8611.00000
37.64164	8513.00000
37.66315	8971.00000
37.68466	8837.00000
37.70617	9179.00000
37.72768	9303.00000
37.74919	9472.00000
37.77070	9670.00000
37.79221	9938.00000
37.81372	10232.00000
37.83523	10577.00000
37.85674	10750.00000
37.87825	10899.00000
37.89976	11096.00000
37.92127	10931.00000
37.94278	10792.00000
37.96429	10937.00000
37.98580	10737.00000
38.00731	10808.00000
38.02882	10918.00000
38.05033	10864.00000
38.07184	11489.00000
38.09335	11795.00000
38.11486	12567.00000
38.13637	13666.00000
38.15788	15153.00000
38.17939	16875.00000
38.20090	18973.00000
38.22241	21246.00000
38.24392	24666.00000
38.26543	28164.00000
38.28694	32153.00000
38.30845	36004.00000
38.32996	39651.00000
38.35147	42753.00000
38.37298	44784.00000
38.39449	44900.00000
38.41600	43823.00000
38.43751	41833.00000
38.45902	38690.00000
38.48053	35345.00000
38.50204	31883.00000
38.52355	28139.00000
38.54506	24640.00000
38.56657	21555.00000
38.58808	18728.00000
38.60959	16342.00000
38.63110	14684.00000
38.65261	13303.00000
38.67412	12047.00000
38.69563	11001.00000
38.71714	10045.00000
38.73865	9160.00000
38.76016	8671.00000
38.78167	8045.00000
38.80318	7553.00000
38.82469	7126.00000
38.84620	6900.00000
38.86771	6635.00000
38.88922	6250.00000
38.91073	6086.00000
38.93224	5897.00000
38.95375	5864.00000
38.97526	5875.00000
38.99677	5708.00000
39.01828	5621.00000
39.03979	5796.00000
39.06130	5610.00000
39.08281	5652.00000
39.10432	5650.00000
39.12583	5542.00000
39.14734	5633.00000
39.16885	5638.00000
39.19036	5628.00000
39.21187	5603.00000
39.23338	5418.00000
39.25489	5422.00000
39.27640	5251.00000
39.29791	5057.00000
39.31942	4985.00000
39.34093	4890.00000
39.36244	4821.00000
39.38395	4637.00000
39.40546	4594.00000
39.42697	4694.00000
39.44848	4515.00000
39.46999	4526.00000
39.49150	4550.00000
39.51301	4494.00000
39.53452	4538.00000
39.55603	4635.00000
39.57754	4522.00000
39.59905	4655.00000
39.62056	4518.00000
39.64207	4608.00000
39.66358	4616.00000
39.68509	4647.00000
39.70660	4644.00000
39.72811	4558.00000
39.74962	4553.00000
39.77113	4616.00000
39.79264	4542.00000
39.81415	4578.00000
39.83566	4673.00000
39.85717	4554.00000
39.87868	4666.00000
39.90019	4558.00000
39.92170	4691.00000
39.94321	4631.00000
39.96472	4748.00000
39.98623	4890.00000
40.00774	4946.00000
40.02925	5290.00000
40.05076	5312.00000
40.07227	5587.00000
40.09378	5878.00000
40.11529	5924.00000
40.13680	6184.00000
40.15831	6309.00000
40.17982	6427.00000
40.20133	6482.00000
40.22284	6405.00000
40.24435	6144.00000
40.26586	6032.00000
40.28737	5870.00000
40.30888	5476.00000
40.33039	5450.00000
40.35190	5309.00000
40.37341	5112.00000
40.39492	4880.00000
40.41643	4775.00000
40.43794	4608.00000
40.45945	4604.00000
40.48096	4501.00000
40.50247	4525.00000
40.52398	4372.00000
40.54549	4438.00000
40.56700	4362.00000
40.58851	4267.00000
40.61002	4191.00000
40.63153	4346.00000
40.65304	4275.00000
40.67455	4299.00000
40.69606	4232.00000
40.71757	4146.00000
40.73908	4238.00000
40.76059	4197.00000
40.78210	4256.00000
40.80361	4174.00000
40.82512	4254.00000
40.84663	4244.00000
40.86814	4236.00000
40.88965	4300.00000
40.91116	4232.00000
40.93267	4259.00000
40.95418	4387.00000
40.97569	4476.00000
40.99720	4436.00000
41.01871	4380.00000
41.04022	4520.00000
41.06173	4512.00000
41.08324	4722.00000
41.10475	4769.00000
41.12626	4860.00000
41.14777	4936.00000
41.16928	5141.00000
41.19079	5305.00000
41.21230	5521.00000
41.23381	5795.00000
41.25532	5976.00000
41.27683	6396.00000
41.29834	6618.00000
41.31985	7095.00000
41.34136	7470.00000
41.36287	7849.00000
41.38438	8275.00000
41.40589	8715.00000
41.42740	9018.00000
41.44891	9312.00000
41.47042	9291.00000
41.49193	9485.00000
41.51344	9489.00000
41.53495	9062.00000
41.55646	8874.00000
41.57797	8456.00000
41.59948	8127.00000
41.62099	7740.00000
41.64250	7452.00000
41.66401	7078.00000
41.68552	6842.00000
41.70703	6526.00000
41.72854	6493.00000
41.75005	6201.00000
41.77156	6050.00000
41.79307	6107.00000
41.81458	6108.00000
41.83609	6038.00000
41.85760	5939.00000
41.87911	5847.00000
41.90062	5665.00000
41.92213	5585.00000
41.94364	5486.00000
41.96515	5401.00000
41.98666	5163.00000
42.00817	5085.00000
42.02968	5048.00000
42.05119	4926.00000
42.07270	4717.00000
42.09421	4826.00000
42.11572	4833.00000
42.13723	4700.00000
42.15874	4663.00000
42.18025	4783.00000
42.20176	4806.00000
42.22327	4689.00000
42.24478	4796.00000
42.26629	4799.00000
42.28780	4855.00000
42.30931	5019.00000
42.33082	4907.00000
42.35233	5242.00000
42.37384	5372.00000
42.39535	5486.00000
42.41686	5675.00000
42.43837	5879.00000
42.45988	6157.00000
42.48139	6395.00000
42.50290	6706.00000
42.52441	7011.00000
42.54592	7386.00000
42.56743	7741.00000
42.58894	8241.00000
42.61045	8450.00000
42.63196	9046.00000
42.65347	9180.00000
42.67498	9247.00000
42.69649	9494.00000
42.71800	9465.00000
42.73951	9321.00000
42.76102	9003.00000
42.78253	8696.00000
42.80404	8442.00000
42.82555	7884.00000
42.84706	7675.00000
42.86857	7342.00000
42.89008	6916.00000
42.91159	6869.00000
42.93310	6600.00000
42.95461	6536.00000
42.97612	6222.00000
42.99763	6410.00000
43.01914	6351.00000
43.04065	6580.00000
43.06216	6541.00000
43.08367	6993.00000
43.10518	7179.00000
43.12669	7551.00000
43.14820	8006.00000
43.16971	8473.00000
43.19122	8835.00000
43.21273	9369.00000
43.23424	9588.00000
43.25575	9747.00000
43.27726	9952.00000
43.29877	9894.00000
43.32028	9655.00000
43.34179	9275.00000
43.36330	8722.00000
43.38481	8331.00000
43.40632	7993.00000
43.42783	7600.00000
43.44934	6982.00000
43.47085	6575.00000
43.49236	6206.00000
43.51387	5942.00000
43.53538	5695.00000
43.55689	5418.00000
43.57840	5316.00000
43.59991	5237.00000
43.62142	5039.00000
43.64293	5067.00000
43.66444	4858.00000
43.68595	4958.00000
43.70746	4903.00000
43.72897	4813.00000
43.75048	4752.00000
43.77199	4983.00000
43.79350	4962.00000
43.81501	4904.00000
43.83652	5120.00000
43.85803	5064.00000
43.87954	5163.00000
43.90105	5082.00000
43.92256	5060.00000
43.94407	4974.00000
43.96558	4922.00000
43.98709	4962.00000
44.00860	4896.00000
44.03011	4840.00000
44.05162	4674.00000
44.07313	4775.00000
44.09464	4688.00000
44.11615	4586.00000
44.13766	4713.00000
44.15917	4574.00000
44.18068	4694.00000
44.20219	4754.00000
44.22370	4725.00000
44.24521	4936.00000
44.26672	4939.00000
44.28823	4920.00000
44.30974	5164.00000
44.33125	5118.00000
44.35276	5270.00000
44.37427	5363.00000
44.39578	5455.00000
44.41729	5739.00000
44.43880	5938.00000
44.46031	5913.00000
44.48182	6269.00000
44.50333	6550.00000
44.52484	6532.00000
44.54635	6723.00000
44.56786	7060.00000
44.58937	7126.00000
44.61088	7250.00000
44.63239	7560.00000
44.65390	7655.00000
44.67541	7763.00000
44.69692	7642.00000
44.71843	7450.00000
44.73994	7368.00000
44.76145	7351.00000
44.78296	7089.00000
44.80447	6798.00000
44.82598	6551.00000
44.84749	6483.00000
44.86900	6238.00000
44.89051	6020.00000
44.91202	5801.00000
44.93353	5758.00000
44.95504	5461.00000
44.97655	5385.00000
44.99806	5303.00000
45.01957	5223.00000
45.04108	5196.00000
45.06259	5113.00000
45.08410	5016.00000
45.10561	4905.00000
45.12712	4815.00000
45.14863	4703.00000
45.17014	4624.00000
45.19165	4642.00000
45.21316	4631.00000
45.23467	4577.00000
45.25618	4416.00000
45.27769	4377.00000
45.29920	4325.00000
45.32071	4432.00000
45.34222	4316.00000
45.36373	4331.00000
45.38524	4424.00000
45.40675	4349.00000
45.42826	4399.00000
45.44977	4382.00000
45.47128	4290.00000
45.49279	4525.00000
45.51430	4488.00000
45.53581	4467.00000
45.55732	4360.00000
45.57883	4348.00000
45.60034	4516.00000
45.62185	4382.00000
45.64336	4520.00000
45.66487	4609.00000
45.68638	4591.00000
45.70789	4593.00000
45.72940	4475.00000
45.75091	4626.00000
45.77242	4668.00000
45.79393	4591.00000
45.81544	4577.00000
45.83695	4686.00000
45.85846	4722.00000
45.87997	4615.00000
45.90148	4577.00000
45.92299	4622.00000
45.94450	4575.00000
45.96601	4564.00000
45.98752	4615.00000
46.00903	4450.00000
46.03054	4644.00000
46.05205	4539.00000
46.07356	4514.00000
46.09507	4466.00000
46.11658	4511.00000
46.13809	4560.00000
46.15960	4444.00000
46.18111	4410.00000
46.20262	4396.00000
46.22413	4409.00000
46.24564	4415.00000
46.26715	4428.00000
46.28866	4330.00000
46.31017	4356.00000
46.33168	4337.00000
46.35319	4294.00000
46.37470	4334.00000
46.39621	4448.00000
46.41772	4323.00000
46.43923	4361.00000
46.46074	4211.00000
46.48225	4406.00000
46.50376	4436.00000
46.52527	4433.00000
46.54678	4458.00000
46.56829	4503.00000
46.58980	4524.00000
46.61131	4586.00000
46.63282	4524.00000
46.65433	4584.00000
46.67584	4659.00000
46.69735	4741.00000
46.71886	4732.00000
46.74037	4750.00000
46.76188	4667.00000
46.78339	4505.00000
46.80490	4524.00000
46.82641	4516.00000
46.84792	4384.00000
46.86943	4367.00000
46.89094	4385.00000
46.91245	4262.00000
46.93396	4352.00000
46.95547	4267.00000
46.97698	4302.00000
46.99849	4198.00000
47.02000	4405.00000
47.04151	4199.00000
47.06302	4396.00000
47.08453	4411.00000
47.10604	4371.00000
47.12755	4462.00000
47.14906	4556.00000
47.17057	4640.00000
47.19208	4706.00000
47.21359	4839.00000
47.23510	4861.00000
47.25661	4861.00000
47.27812	4921.00000
47.29963	4992.00000
47.32114	5033.00000
47.34265	4990.00000
47.36416	5095.00000
47.38567	5179.00000
47.40718	5397.00000
47.42869	5519.00000
47.45020	5494.00000
47.47171	5706.00000
47.49322	5914.00000
47.51473	6223.00000
47.53624	6235.00000
47.55775	6563.00000
47.57926	6610.00000
47.60077	6801.00000
47.62228	6777.00000
47.64379	6679.00000
47.66530	6724.00000
47.68681	6564.00000
47.70832	6563.00000
47.72983	6363.00000
47.75134	6143.00000
47.77285	5954.00000
47.79436	5807.00000
47.81587	5492.00000
47.83738	5414.00000
47.85889	5126.00000
47.88040	4989.00000
47.90191	5009.00000
47.92342	4970.00000
47.94493	4786.00000
47.96644	4793.00000
47.98795	4690.00000
48.00946	4701.00000
48.03097	4756.00000
48.05248	4616.00000
48.07399	4669.00000
48.09550	4603.00000
48.11701	4534.00000
48.13852	4471.00000
48.16003	4422.00000
48.18154	4449.00000
48.20305	4481.00000
48.22456	4394.00000
48.24607	4346.00000
48.26758	4357.00000
48.28909	4270.00000
48.31060	4394.00000
48.33211	4538.00000
48.35362	4558.00000
48.37513	4498.00000
48.39664	4564.00000
48.41815	4671.00000
48.43966	4781.00000
48.46117	4857.00000
48.48268	5011.00000
48.50419	5237.00000
48.52570	5400.00000
48.54721	5783.00000
48.56872	5945.00000
48.59023	6041.00000
48.61174	6351.00000
48.63325	6514.00000
48.65476	6767.00000
48.67627	7034.00000
48.69778	7036.00000
48.71929	7144.00000
48.74080	7226.00000
48.76231	7186.00000
48.78382	7325.00000
48.80533	7541.00000
48.82684	7452.00000
48.84835	7310.00000
48.86986	7748.00000
48.89137	7642.00000
48.91288	7522.00000
48.93439	7796.00000
48.95590	7418.00000
48.97741	7366.00000
48.99892	7445.00000
49.02043	7116.00000
49.04194	6819.00000
49.06345	6560.00000
49.08496	6413.00000
49.10647	6081.00000
49.12798	5912.00000
49.14949	5778.00000
49.17100	5494.00000
49.19251	5238.00000
49.21402	5146.00000
49.23553	5016.00000
49.25704	4825.00000
49.27855	4732.00000
49.30006	4874.00000
49.32157	4746.00000
49.34308	4808.00000
49.36459	4819.00000
49.38610	4840.00000
49.40761	5029.00000
49.42912	5126.00000
49.45063	5157.00000
49.47214	5314.00000
49.49365	5486.00000
49.51516	5577.00000
49.53667	5701.00000
49.55818	5776.00000
49.57969	5772.00000
49.60120	5820.00000
49.62271	5858.00000
49.64422	5821.00000
49.66573	5765.00000
49.68724	5676.00000
49.70875	5669.00000
49.73026	5694.00000
49.75177	5768.00000
49.77328	5654.00000
49.79479	6009.00000
49.81630	6274.00000
49.83781	6212.00000
49.85932	6464.00000
49.88083	6547.00000
49.90234	6650.00000
49.92385	6851.00000
49.94536	7121.00000
49.96687	7174.00000
49.98838	7278.00000
50.00989	7392.00000
50.03140	7675.00000
50.05291	7923.00000
50.07442	7834.00000
50.09593	8020.00000
50.11744	7969.00000
50.13895	8129.00000
50.16046	8089.00000
50.18197	7875.00000
50.20348	8214.00000
50.22499	8093.00000
50.24650	8176.00000
50.26801	8134.00000
50.28952	8269.00000
50.31103	8469.00000
50.33254	8483.00000
50.35405	8319.00000
50.37556	8502.00000
50.39707	8466.00000
50.41858	8372.00000
50.44009	8476.00000
50.46160	8397.00000
50.48311	8241.00000
50.50462	8009.00000
50.52613	7835.00000
50.54764	7727.00000
50.56915	7537.00000
50.59066	7211.00000
50.61217	6854.00000
50.63368	6738.00000
50.65519	6432.00000
50.67670	6313.00000
50.69821	6153.00000
50.71972	5878.00000
50.74123	5866.00000
50.76274	5652.00000
50.78425	5588.00000
50.80576	5529.00000
50.82727	5569.00000
50.84878	5704.00000
50.87029	5600.00000
50.89180	5640.00000
50.91331	5597.00000
50.93482	5663.00000
50.95633	5661.00000
50.97784	5791.00000
50.99935	5520.00000
51.02086	5481.00000
51.04237	5493.00000
51.06388	5321.00000
51.08539	5257.00000
51.10690	5139.00000
51.12841	4970.00000
51.14992	4855.00000
51.17143	4680.00000
51.19294	4518.00000
51.21445	4498.00000
51.23596	4322.00000
51.25747	4377.00000
51.27898	4281.00000
51.30049	4172.00000
51.32200	4239.00000
51.34351	4179.00000
51.36502	4028.00000
51.38653	4092.00000
51.40804	4034.00000
51.42955	4136.00000
51.45106	4276.00000
51.47257	4126.00000
51.49408	4148.00000
51.51559	4221.00000
51.53710	4310.00000
51.55861	4337.00000
51.58012	4301.00000
51.60163	4390.00000
51.62314	4471.00000
51.64465	4500.00000
51.66616	4601.00000
51.68767	4739.00000
51.70918	4798.00000
51.73069	4805.00000
51.75220	4950.00000
51.77371	5045.00000
51.79522	4932.00000
51.81673	5018.00000
51.83824	5100.00000
51.85975	5230.00000
51.88126	5292.00000
51.90277	5353.00000
51.92428	5639.00000
51.94579	5630.00000
51.96730	5873.00000
51.98881	6070.00000
52.01032	6476.00000
52.03183	6610.00000
52.05334	6728.00000
52.07485	6905.00000
52.09636	7001.00000
52.11787	6989.00000
52.13938	6857.00000
52.16089	6889.00000
52.18240	6696.00000
52.20391	6507.00000
52.22542	6308.00000
52.24693	6031.00000
52.26844	5742.00000
52.28995	5568.00000
52.31146	5343.00000
52.33297	5019.00000
52.35448	4918.00000
52.37599	4741.00000
52.39750	4591.00000
52.41901	4613.00000
52.44052	4479.00000
52.46203	4234.00000
52.48354	4339.00000
52.50505	4283.00000
52.52656	4203.00000
52.54807	4138.00000
52.56958	4092.00000
52.59109	4223.00000
52.61260	4261.00000
52.63411	4217.00000
52.65562	4224.00000
52.67713	3995.00000
52.69864	4073.00000
52.72015	4123.00000
52.74166	4192.00000
52.76317	4200.00000
52.78468	4200.00000
52.80619	4044.00000
52.82770	4050.00000
52.84921	4009.00000
52.87072	3983.00000
52.89223	4017.00000
52.91374	4053.00000
52.93525	3906.00000
52.95676	3978.00000
52.97827	3980.00000
52.99978	3887.00000
53.02129	3930.00000
53.04280	3992.00000
53.06431	3905.00000
53.08582	3997.00000
53.10733	4064.00000
53.12884	4044.00000
53.15035	3890.00000
53.17186	4079.00000
53.19337	4044.00000
53.21488	4071.00000
53.23639	4213.00000
53.25790	4094.00000
53.27941	4241.00000
53.30092	4333.00000
53.32243	4409.00000
53.34394	4499.00000
53.36545	4617.00000
53.38696	4757.00000
53.40847	4858.00000
53.42998	4884.00000
53.45149	4916.00000
53.47300	4925.00000
53.49451	5057.00000
53.51602	5038.00000
53.53753	5140.00000
53.55904	4922.00000
53.58055	4927.00000
53.60206	4843.00000
53.62357	4756.00000
53.64508	4718.00000
53.66659	4562.00000
53.68810	4480.00000
53.70961	4423.00000
53.73112	4285.00000
53.75263	4202.00000
53.77414	4409.00000
53.79565	4207.00000
53.81716	4237.00000
53.83867	4216.00000
53.86018	4251.00000
53.88169	4223.00000
53.90320	4296.00000
53.92471	4427.00000
53.94622	4506.00000
53.96773	4576.00000
53.98924	4772.00000
54.01075	4740.00000
54.03226	4940.00000
54.05377	4946.00000
54.07528	5195.00000
54.09679	5274.00000
54.11830	5327.00000
54.13981	5415.00000
54.16132	5476.00000
54.18283	5496.00000
54.20434	5383.00000
54.22585	5115.00000
54.24736	5108.00000
54.26887	5142.00000
54.29038	5004.00000
54.31189	4959.00000
54.33340	4673.00000
54.35491	4677.00000
54.37642	4637.00000
54.39793	4471.00000
54.41944	4407.00000
54.44095	4428.00000
54.46246	4473.00000
54.48397	4514.00000
54.50548	4498.00000
54.52699	4637.00000
54.54850	4677.00000
54.57001	4669.00000
54.59152	4763.00000
54.61303	4828.00000
54.63454	4958.00000
54.65605	5084.00000
54.67756	5051.00000
54.69907	5062.00000
54.72058	5206.00000
54.74209	5069.00000
54.76360	5171.00000
54.78511	5210.00000
54.80662	5205.00000
54.82813	5174.00000
54.84964	5108.00000
54.87115	5132.00000
54.89266	4986.00000
54.91417	4902.00000
54.93568	4790.00000
54.95719	4883.00000
54.97870	4732.00000
55.00021	4803.00000
55.02172	4593.00000
55.04323	4498.00000
55.06474	4571.00000
55.08625	4460.00000
55.10776	4347.00000
55.12927	4367.00000
55.15078	4327.00000
55.17229	4355.00000
55.19380	4179.00000
55.21531	4259.00000
55.23682	4189.00000
55.25833	4096.00000
55.27984	4185.00000
55.30135	4138.00000
55.32286	4095.00000
55.34437	4006.00000
55.36588	4060.00000
55.38739	4133.00000
55.40890	3917.00000
55.43041	4007.00000
55.45192	3923.00000
55.47343	4023.00000
55.49494	3829.00000
55.51645	3812.00000
55.53796	3909.00000
55.55947	3790.00000
55.58098	3900.00000
55.60249	3824.00000
55.62400	3750.00000
55.64551	3679.00000
55.66702	3559.00000
55.68853	3722.00000
55.71004	3587.00000
55.73155	3638.00000
55.75306	3580.00000
55.77457	3614.00000
55.79608	3507.00000
55.81759	3600.00000
55.83910	3536.00000
55.86061	3504.00000
55.88212	3512.00000
55.90363	3412.00000
55.92514	3458.00000
55.94665	3535.00000
55.96816	3600.00000
55.98967	3543.00000
56.01118	3573.00000
56.03269	3724.00000
56.05420	3609.00000
56.07571	3586.00000
56.09722	3592.00000
56.11873	3749.00000
56.14024	3666.00000
56.16175	3706.00000
56.18326	3719.00000
56.20477	3838.00000
56.22628	3785.00000
56.24779	3799.00000
56.26930	3739.00000
56.29081	3855.00000
56.31232	3917.00000
56.33383	3807.00000
56.35534	3709.00000
56.37685	3858.00000
56.39836	3780.00000
56.41987	3913.00000
56.44138	3777.00000
56.46289	3750.00000
56.48440	3768.00000
56.50591	3668.00000
56.52742	3752.00000
56.54893	3728.00000
56.57044	3693.00000
56.59195	3786.00000
56.61346	3750.00000
56.63497	3668.00000
56.65648	3730.00000
56.67799	3839.00000
56.69950	3804.00000
56.72101	3522.00000
56.74252	3831.00000
56.76403	3680.00000
56.78554	3794.00000
56.80705	3751.00000
56.82856	3838.00000
56.85007	3816.00000
56.87158	3862.00000
56.89309	3720.00000
56.91460	3908.00000
56.93611	3929.00000
56.95762	3852.00000
56.97913	3869.00000
57.00064	3836.00000
57.02215	3931.00000
57.04366	3970.00000
57.06517	3939.00000
57.08668	3948.00000
57.10819	3880.00000
57.12970	3973.00000
57.15121	3922.00000
57.17272	3887.00000
57.19423	3977.00000
57.21574	4028.00000
57.23725	3991.00000
57.25876	4135.00000
57.28027	4023.00000
57.30178	3999.00000
57.32329	3949.00000
57.34480	4083.00000
57.36631	3981.00000
57.38782	4005.00000
57.40933	4029.00000
57.43084	3938.00000
57.45235	3939.00000
57.47386	3949.00000
57.49537	3948.00000
57.51688	3930.00000
57.53839	3955.00000
57.55990	3875.00000
57.58141	4024.00000
57.60292	4027.00000
57.62443	4024.00000
57.64594	3999.00000
57.66745	4051.00000
57.68896	4294.00000
57.71047	4248.00000
57.73198	4338.00000
57.75349	4536.00000
57.77500	4445.00000
57.79651	4512.00000
57.81802	4724.00000
57.83953	4882.00000
57.86104	5052.00000
57.88255	5162.00000
57.90406	5409.00000
57.92557	5598.00000
57.94708	5658.00000
57.96859	5905.00000
57.99010	6119.00000
58.01161	6037.00000
58.03312	6071.00000
58.05463	6206.00000
58.07614	6051.00000
58.09765	5890.00000
58.11916	5893.00000
58.14067	5753.00000
58.16218	5769.00000
58.18369	5527.00000
58.20520	5378.00000
58.22671	5310.00000
58.24822	5166.00000
58.26973	5019.00000
58.29124	4925.00000
58.31275	4744.00000
58.33426	4588.00000
58.35577	4691.00000
58.37728	4682.00000
58.39879	4614.00000
58.42030	4657.00000
58.44181	4819.00000
58.46332	4876.00000
58.48483	4887.00000
58.50634	4980.00000
58.52785	5077.00000
58.54936	5176.00000
58.57087	5270.00000
58.59238	5456.00000
58.61389	5627.00000
58.63540	5812.00000
58.65691	5934.00000
58.67842	6136.00000
58.69993	6560.00000
58.72144	6617.00000
58.74295	6856.00000
58.76446	6980.00000
58.78597	7213.00000
58.80748	7195.00000
58.82899	7347.00000
58.85050	7467.00000
58.87201	7523.00000
58.89352	7679.00000
58.91503	7675.00000
58.93654	7441.00000
58.95805	7520.00000
58.97956	7359.00000
59.00107	7354.00000
59.02258	7020.00000
59.04409	6939.00000
59.06560	6746.00000
59.08711	6917.00000
59.10862	6833.00000
59.13013	6958.00000
59.15164	6827.00000
59.17315	6861.00000
59.19466	6900.00000
59.21617	6997.00000
59.23768	7001.00000
59.25919	7094.00000
59.28070	6948.00000
59.30221	6880.00000
59.32372	6943.00000
59.34523	6754.00000
59.36674	6690.00000
59.38825	6537.00000
59.40976	6387.00000
59.43127	6217.00000
59.45278	6086.00000
59.47429	5930.00000
59.49580	5589.00000
59.51731	5476.00000
59.53882	5522.00000
59.56033	5308.00000
59.58184	5219.00000
59.60335	5129.00000
59.62486	4962.00000
59.64637	4968.00000
59.66788	5004.00000
59.68939	4971.00000
59.71090	4936.00000
59.73241	5002.00000
59.75392	4939.00000
59.77543	5132.00000
59.79694	5299.00000
59.81845	5241.00000
59.83996	5331.00000
59.86147	5299.00000
59.88298	5224.00000
59.90449	5356.00000
59.92600	5157.00000
59.94751	5060.00000
59.96902	4887.00000
59.99053	4881.00000
60.01204	4787.00000
60.03355	4627.00000
60.05506	4553.00000
60.07657	4454.00000
60.09808	4426.00000
60.11959	4212.00000
60.14110	4108.00000
60.16261	4094.00000
60.18412	3957.00000
60.20563	3942.00000
60.22714	3988.00000
60.24865	3829.00000
60.27016	3812.00000
60.29167	3743.00000
60.31318	3795.00000
60.33469	3777.00000
60.35620	3845.00000
60.37771	3815.00000
60.39922	3762.00000
60.42073	3794.00000
60.44224	3834.00000
60.46375	3753.00000
60.48526	3642.00000
60.50677	3771.00000
60.52828	3797.00000
60.54979	3732.00000
60.57130	3779.00000
60.59281	3843.00000
60.61432	3715.00000
60.63583	3740.00000
60.65734	3751.00000
60.67885	3807.00000
60.70036	3941.00000
60.72187	3809.00000
60.74338	3735.00000
60.76489	3961.00000
60.78640	3871.00000
60.80791	3922.00000
60.82942	3998.00000
60.85093	3950.00000
60.87244	3895.00000
60.89395	4009.00000
60.91546	4020.00000
60.93697	4121.00000
60.95848	3945.00000
60.97999	4129.00000
61.00150	4053.00000
61.02301	4042.00000
61.04452	4007.00000
61.06603	4061.00000
61.08754	4155.00000
61.10905	4175.00000
61.13056	4051.00000
61.15207	4065.00000
61.17358	4144.00000
61.19509	4178.00000
61.21660	4312.00000
61.23811	4216.00000
61.25962	4210.00000
61.28113	4182.00000
61.30264	4177.00000
61.32415	4205.00000
61.34566	4248.00000
61.36717	4491.00000
61.38868	4328.00000
61.41019	4347.00000
61.43170	4518.00000
61.45321	4482.00000
61.47472	4426.00000
61.49623	4476.00000
61.51774	4434.00000
61.53925	4382.00000
61.56076	4342.00000
61.58227	4274.00000
61.60378	4229.00000
61.62529	4169.00000
61.64680	4264.00000
61.66831	4000.00000
61.68982	4103.00000
61.71133	3928.00000
61.73284	3958.00000
61.75435	3881.00000
61.77586	3878.00000
61.79737	3897.00000
61.81888	3806.00000
61.84039	3834.00000
61.86190	3834.00000
61.88341	3778.00000
61.90492	3842.00000
61.92643	3842.00000
61.94794	3896.00000
61.96945	3874.00000
61.99096	3846.00000
62.01247	3852.00000
62.03398	3838.00000
62.05549	3873.00000
62.07700	3917.00000
62.09851	3811.00000
62.12002	3949.00000
62.14153	3893.00000
62.16304	3847.00000
62.18455	3753.00000
62.20606	3797.00000
62.22757	3772.00000
62.24908	3871.00000
62.27059	3954.00000
62.29210	4058.00000
62.31361	3918.00000
62.33512	3918.00000
62.35663	3992.00000
62.37814	4077.00000
62.39965	4067.00000
62.42116	4147.00000
62.44267	4021.00000
62.46418	4057.00000
62.48569	4063.00000
62.50720	4082.00000
62.52871	4016.00000
62.55022	4144.00000
62.57173	4100.00000
62.59324	4153.00000
62.61475	4096.00000
62.63626	4193.00000
62.65777	4177.00000
62.67928	4190.00000
62.70079	4160.00000
62.72230	4250.00000
62.74381	4312.00000
62.76532	4273.00000
62.78683	4240.00000
62.80834	4290.00000
62.82985	4364.00000
62.85136	4418.00000
62.87287	4311.00000
62.89438	4436.00000
62.91589	4425.00000
62.93740	4296.00000
62.95891	4336.00000
62.98042	4458.00000
63.00193	4579.00000
63.02344	4627.00000
63.04495	4667.00000
63.06646	4511.00000
63.08797	4784.00000
63.10948	4731.00000
63.13099	4724.00000
63.15250	4959.00000
63.17401	4959.00000
63.19552	4985.00000
63.21703	4975.00000
63.23854	4985.00000
63.26005	5050.00000
63.28156	4998.00000
63.30307	5030.00000
63.32458	4938.00000
63.34609	4956.00000
63.36760	4763.00000
63.38911	4825.00000
63.41062	4834.00000
63.43213	4700.00000
63.45364	4467.00000
63.47515	4514.00000
63.49666	4338.00000
63.51817	4241.00000
63.53968	4307.00000
63.56119	4147.00000
63.58270	3968.00000
63.60421	3919.00000
63.62572	3900.00000
63.64723	3786.00000
63.66874	3743.00000
63.69025	3752.00000
63.71176	3609.00000
63.73327	3644.00000
63.75478	3602.00000
63.77629	3575.00000
63.79780	3583.00000
63.81931	3649.00000
63.84082	3602.00000
63.86233	3689.00000
63.88384	3633.00000
63.90535	3605.00000
63.92686	3661.00000
63.94837	3616.00000
63.96988	3682.00000
63.99139	3684.00000
64.01290	3650.00000
64.03441	3661.00000
64.05592	3728.00000
64.07743	3654.00000
64.09894	3697.00000
64.12045	3712.00000
64.14196	3724.00000
64.16347	3730.00000
64.18498	3726.00000
64.20649	3693.00000
64.22800	3705.00000
64.24951	3811.00000
64.27102	3710.00000
64.29253	3717.00000
64.31404	3769.00000
64.33555	3834.00000
64.35706	3752.00000
64.37857	3710.00000
64.40008	3715.00000
64.42159	3860.00000
64.44310	3826.00000
64.46461	3818.00000
64.48612	3673.00000
64.50763	3741.00000
64.52914	3728.00000
64.55065	3768.00000
64.57216	3678.00000
64.59367	3615.00000
64.61518	3727.00000
64.63669	3645.00000
64.65820	3588.00000
64.67971	3692.00000
64.70122	3635.00000
64.72273	3768.00000
64.74424	3723.00000
64.76575	3704.00000
64.78726	3593.00000
64.80877	3623.00000
64.83028	3653.00000
64.85179	3568.00000
64.87330	3496.00000
64.89481	3553.00000
64.91632	3577.00000
64.93783	3602.00000
64.95934	3474.00000
64.98085	3464.00000
65.00236	3636.00000
65.02387	3555.00000
65.04538	3549.00000
65.06689	3502.00000
65.08840	3547.00000
65.10991	3622.00000
65.13142	3594.00000
65.15293	3598.00000
65.17444	3565.00000
65.19595	3497.00000
65.21746	3582.00000
65.23897	3619.00000
65.26048	3617.00000
65.28199	3654.00000
65.30350	3654.00000
65.32501	3569.00000
65.34652	3614.00000
65.36803	3651.00000
65.38954	3746.00000
65.41105	3678.00000
65.43256	3604.00000
65.45407	3688.00000
65.47558	3741.00000
65.49709	3732.00000
65.51860	3838.00000
65.54011	3730.00000
65.56162	3688.00000
65.58313	3728.00000
65.60464	3740.00000
65.62615	3708.00000
65.64766	3624.00000
65.66917	3702.00000
65.69068	3617.00000
65.71219	3634.00000
65.73370	3657.00000
65.75521	3654.00000
65.77672	3541.00000
65.79823	3637.00000
65.81974	3604.00000
65.84125	3592.00000
65.86276	3595.00000
65.88427	3604.00000
65.90578	3525.00000
65.92729	3548.00000
65.94880	3510.00000
65.97031	3532.00000
65.99182	3480.00000
66.01333	3541.00000
66.03484	3483.00000
66.05635	3491.00000
66.07786	3592.00000
66.09937	3455.00000
66.12088	3514.00000
66.14239	3520.00000
66.16390	3448.00000
66.18541	3454.00000
66.20692	3542.00000
66.22843	3584.00000
66.24994	3614.00000
66.27145	3604.00000
66.29296	3650.00000
66.31447	3759.00000
66.33598	3735.00000
66.35749	3696.00000
66.37900	3782.00000
66.40051	3870.00000
66.42202	3916.00000
66.44353	3908.00000
66.46504	3916.00000
66.48655	3997.00000
66.50806	3990.00000
66.52957	4011.00000
66.55108	4067.00000
66.57259	3929.00000
66.59410	4032.00000
66.61561	4053.00000
66.63712	4024.00000
66.65863	3996.00000
66.68014	3936.00000
66.70165	3926.00000
66.72316	3906.00000
66.74467	3932.00000
66.76618	3819.00000
66.78769	3771.00000
66.80920	3721.00000
66.83071	3633.00000
66.85222	3603.00000
66.87373	3545.00000
66.89524	3524.00000
66.91675	3515.00000
66.93826	3452.00000
66.95977	3444.00000
66.98128	3350.00000
67.00279	3305.00000
67.02430	3403.00000
67.04581	3354.00000
67.06732	3316.00000
67.08883	3355.00000
67.11034	3252.00000
67.13185	3189.00000
67.15336	3277.00000
67.17487	3239.00000
67.19638	3168.00000
67.21789	3220.00000
67.23940	3247.00000
67.26091	3146.00000
67.28242	3209.00000
67.30393	3210.00000
67.32544	3131.00000
67.34695	3141.00000
67.36846	3146.00000
67.38997	3192.00000
67.41148	3206.00000
67.43299	3109.00000
67.45450	3135.00000
67.47601	3196.00000
67.49752	3148.00000
67.51903	3182.00000
67.54054	3227.00000
67.56205	3062.00000
67.58356	3224.00000
67.60507	3120.00000
67.62658	3158.00000
67.64809	3094.00000
67.66960	3125.00000
67.69111	3112.00000
67.71262	3207.00000
67.73413	3136.00000
67.75564	3056.00000
67.77715	3255.00000
67.79866	3165.00000
67.82017	3274.00000
67.84168	3250.00000
67.86319	3218.00000
67.88470	3242.00000
67.90621	3200.00000
67.92772	3107.00000
67.94923	3185.00000
67.97074	3260.00000
67.99225	3300.00000
68.01376	3272.00000
68.03527	3313.00000
68.05678	3328.00000
68.07829	3334.00000
68.09980	3338.00000
68.12131	3518.00000
68.14282	3347.00000
68.16433	3331.00000
68.18584	3359.00000
68.20735	3321.00000
68.22886	3354.00000
68.25037	3369.00000
68.27188	3427.00000
68.29339	3330.00000
68.31490	3334.00000
68.33641	3272.00000
68.35792	3228.00000
68.37943	3242.00000
68.40094	3236.00000
68.42245	3294.00000
68.44396	3264.00000
68.46547	3277.00000
68.48698	3332.00000
68.50849	3235.00000
68.53000	3311.00000
68.55151	3227.00000
68.57302	3186.00000
68.59453	3173.00000
68.61604	3192.00000
68.63755	3225.00000
68.65906	3256.00000
68.68057	3299.00000
68.70208	3112.00000
68.72359	3215.00000
68.74510	3167.00000
68.76661	3154.00000
68.78812	3179.00000
68.80963	3239.00000
68.83114	3175.00000
68.85265	3215.00000
68.87416	3224.00000
68.89567	3358.00000
68.91718	3263.00000
68.93869	3220.00000
68.96020	3240.00000
68.98171	3152.00000
69.00322	3243.00000
69.02473	3299.00000
69.04624	3246.00000
69.06775	3345.00000
69.08926	3241.00000
69.11077	3117.00000
69.13228	3275.00000
69.15379	3268.00000
69.17530	3333.00000
69.19681	3393.00000
69.21832	3285.00000
69.23983	3314.00000
69.26134	3328.00000
69.28285	3365.00000
69.30436	3317.00000
69.32587	3232.00000
69.34738	3280.00000
69.36889	3232.00000
69.39040	3299.00000
69.41191	3352.00000
69.43342	3338.00000
69.45493	3245.00000
69.47644	3372.00000
69.49795	3238.00000
69.51946	3387.00000
69.54097	3286.00000
69.56248	3286.00000
69.58399	3418.00000
69.60550	3405.00000
69.62701	3395.00000
69.64852	3478.00000
69.67003	3415.00000
69.69154	3472.00000
69.71305	3445.00000
69.73456	3578.00000
69.75607	3452.00000
69.77758	3425.00000
69.79909	3565.00000
69.82060	3526.00000
69.84211	3493.00000
69.86362	3542.00000
69.88513	3431.00000
69.90664	3529.00000
69.92815	3418.00000
69.94966	3454.00000
69.97117	3534.00000
69.99268	3374.00000
70.01419	3471.00000
70.03570	3460.00000
70.05721	3450.00000
70.07872	3368.00000
70.10023	3409.00000
70.12174	3378.00000
70.14325	3380.00000
70.16476	3331.00000
70.18627	3344.00000
70.20778	3299.00000
70.22929	3299.00000
70.25080	3346.00000
70.27231	3241.00000
70.29382	3209.00000
70.31533	3425.00000
70.33684	3206.00000
70.35835	3224.00000
70.37986	3266.00000
70.40137	3358.00000
70.42288	3267.00000
70.44439	3386.00000
70.46590	3370.00000
70.48741	3361.00000
70.50892	3247.00000
70.53043	3322.00000
70.55194	3330.00000
70.57345	3293.00000
70.59496	3283.00000
70.61647	3314.00000
70.63798	3272.00000
70.65949	3263.00000
70.68100	3349.00000
70.70251	3193.00000
70.72402	3192.00000
70.74553	3280.00000
70.76704	3215.00000
70.78855	3275.00000
70.81006	3302.00000
70.83157	3206.00000
70.85308	3293.00000
70.87459	3264.00000
70.89610	3311.00000
70.91761	3338.00000
70.93912	3261.00000
70.96063	3179.00000
70.98214	3152.00000
71.00365	3173.00000
71.02516	3263.00000
71.04667	3355.00000
71.06818	3239.00000
71.08969	3287.00000
71.11120	3285.00000
71.13271	3354.00000
71.15422	3287.00000
71.17573	3294.00000
71.19724	3415.00000
71.21875	3330.00000
71.24026	3347.00000
71.26177	3379.00000
71.28328	3392.00000
71.30479	3330.00000
71.32630	3422.00000
71.34781	3342.00000
71.36932	3405.00000
71.39083	3383.00000
71.41234	3361.00000
71.43385	3507.00000
71.45536	3382.00000
71.47687	3341.00000
71.49838	3395.00000
71.51989	3450.00000
71.54140	3414.00000
71.56291	3422.00000
71.58442	3379.00000
71.60593	3393.00000
71.62744	3367.00000
71.64895	3360.00000
71.67046	3347.00000
71.69197	3343.00000
71.71348	3334.00000
71.73499	3316.00000
71.75650	3378.00000
71.77801	3273.00000
71.79952	3233.00000
71.82103	3228.00000
71.84254	3227.00000
71.86405	3329.00000
71.88556	3253.00000
71.90707	3301.00000
71.92858	3209.00000
71.95009	3253.00000
71.97160	3231.00000
71.99311	3254.00000
72.01462	3200.00000
72.03613	3298.00000
72.05764	3220.00000
72.07915	3331.00000
72.10066	3277.00000
72.12217	3247.00000
72.14368	3241.00000
72.16519	3219.00000
72.18670	3245.00000
72.20821	3312.00000
72.22972	3299.00000
72.25123	3240.00000
72.27274	3248.00000
72.29425	3289.00000
72.31576	3387.00000
72.33727	3299.00000
72.35879	3279.00000
72.38030	3225.00000
72.40181	3308.00000
72.42332	3272.00000
72.44483	3229.00000
72.46634	3277.00000
72.48785	3263.00000
72.50936	3274.00000
72.53087	3259.00000
72.55238	3285.00000
72.57389	3359.00000
72.59540	3291.00000
72.61691	3334.00000
72.63842	3323.00000
72.65993	3314.00000
72.68144	3321.00000
72.70295	3316.00000
72.72446	3303.00000
72.74597	3299.00000
72.76748	3282.00000
72.78899	3432.00000
72.81050	3324.00000
72.83201	3347.00000
72.85352	3329.00000
72.87503	3369.00000
72.89654	3210.00000
72.91805	3307.00000
72.93956	3341.00000
72.96107	3471.00000
72.98258	3341.00000
73.00409	3285.00000
73.02560	3409.00000
73.04711	3336.00000
73.06862	3388.00000
73.09013	3345.00000
73.11164	3333.00000
73.13315	3347.00000
73.15466	3308.00000
73.17617	3318.00000
73.19768	3352.00000
73.21919	3369.00000
73.24070	3316.00000
73.26221	3282.00000
73.28372	3375.00000
73.30523	3369.00000
73.32674	3261.00000
73.34825	3359.00000
73.36976	3357.00000
73.39127	3219.00000
73.41278	3292.00000
73.43429	3299.00000
73.45580	3324.00000
73.47731	3412.00000
73.49882	3294.00000
73.52033	3369.00000
73.54184	3494.00000
73.56335	3380.00000
73.58486	3437.00000
73.60637	3456.00000
73.62788	3625.00000
73.64939	3605.00000
73.67090	3790.00000
73.69241	3606.00000
73.71392	3685.00000
73.73543	3757.00000
73.75694	3666.00000
73.77845	3808.00000
73.79996	3674.00000
73.82147	3729.00000
73.84298	3666.00000
73.86449	3691.00000
73.88600	3710.00000
73.90751	3533.00000
73.92902	3570.00000
73.95053	3536.00000
73.97204	3616.00000
73.99355	3518.00000
74.01506	3604.00000
74.03657	3569.00000
74.05808	3546.00000
74.07959	3521.00000
74.10110	3462.00000
74.12261	3502.00000
74.14412	3582.00000
74.16563	3493.00000
74.18714	3563.00000
74.20865	3454.00000
74.23016	3483.00000
74.25167	3511.00000
74.27318	3571.00000
74.29469	3491.00000
74.31620	3340.00000
74.33771	3456.00000
74.35922	3440.00000
74.38073	3448.00000
74.40224	3376.00000
74.42375	3356.00000
74.44526	3404.00000
74.46677	3493.00000
74.48828	3443.00000
74.50979	3368.00000
74.53130	3501.00000
74.55281	3480.00000
74.57432	3482.00000
74.59583	3370.00000
74.61734	3302.00000
74.63885	3362.00000
74.66036	3441.00000
74.68187	3387.00000
74.70338	3429.00000
74.72489	3306.00000
74.74640	3427.00000
74.76791	3223.00000
74.78942	3500.00000
74.81093	3361.00000
74.83244	3485.00000
74.85395	3334.00000
74.87546	3333.00000
74.89697	3389.00000
74.91848	3427.00000
74.93999	3364.00000
74.96150	3476.00000
74.98301	3430.00000
75.00452	3443.00000
75.02603	3501.00000
75.04754	3508.00000
75.06905	3378.00000
75.09056	3539.00000
75.11207	3587.00000
75.13358	3563.00000
75.15509	3400.00000
75.17660	3471.00000
75.19811	3617.00000
75.21962	3511.00000
75.24113	3542.00000
75.26264	3573.00000
75.28415	3569.00000
75.30566	3563.00000
75.32717	3497.00000
75.34868	3482.00000
75.37019	3429.00000
75.39170	3419.00000
75.41321	3359.00000
75.43472	3259.00000
75.45623	3360.00000
75.47774	3396.00000
75.49925	3360.00000
75.52076	3228.00000
75.54227	3274.00000
75.56378	3262.00000
75.58529	3218.00000
75.60680	3197.00000
75.62831	3234.00000
75.64982	3240.00000
75.67133	3175.00000
75.69284	3061.00000
75.71435	3191.00000
75.73586	3170.00000
75.75737	3228.00000
75.77888	3052.00000
75.80039	3060.00000
75.82190	3085.00000
75.84341	3144.00000
75.86492	3079.00000
75.88643	3150.00000
75.90794	3118.00000
75.92945	3126.00000
75.95096	3047.00000
75.97247	3129.00000
75.99398	3055.00000
76.01549	3154.00000
76.03700	3126.00000
76.05851	3215.00000
76.08002	3145.00000
76.10153	3137.00000
76.12304	3131.00000
76.14455	3082.00000
76.16606	3133.00000
76.18757	3058.00000
76.20908	3096.00000
76.23059	3139.00000
76.25210	3169.00000
76.27361	3162.00000
76.29512	3166.00000
76.31663	3187.00000
76.33814	3185.00000
76.35965	3086.00000
76.38116	3244.00000
76.40267	3265.00000
76.42418	3279.00000
76.44569	3386.00000
76.46720	3522.00000
76.48871	3393.00000
76.51022	3526.00000
76.53173	3458.00000
76.55324	3477.00000
76.57475	3514.00000
76.59626	3567.00000
76.61777	3606.00000
76.63928	3631.00000
76.66079	3693.00000
76.68230	3583.00000
76.70381	3564.00000
76.72532	3524.00000
76.74683	3482.00000
76.76834	3553.00000
76.78985	3514.00000
76.81136	3731.00000
76.83287	3562.00000
76.85438	3667.00000
76.87589	3525.00000
76.89740	3445.00000
76.91891	3497.00000
76.94042	3443.00000
76.96193	3409.00000
76.98344	3403.00000
77.00495	3454.00000
77.02646	3368.00000
77.04797	3421.00000
77.06948	3366.00000
77.09099	3404.00000
77.11250	3359.00000
77.13401	3347.00000
77.15552	3367.00000
77.17703	3375.00000
77.19854	3295.00000
77.22005	3230.00000
77.24156	3307.00000
77.26307	3384.00000
77.28458	3398.00000
77.30609	3436.00000
77.32760	3368.00000
77.34911	3397.00000
77.37062	3508.00000
77.39213	3551.00000
77.41364	3605.00000
77.43515	3580.00000
77.45666	3736.00000
77.47817	3807.00000
77.49968	3698.00000
77.52119	3848.00000
77.54270	3832.00000
77.56421	3918.00000
77.58572	3888.00000
77.60723	3872.00000
77.62874	3971.00000
77.65025	3897.00000
77.67176	3835.00000
77.69327	3806.00000
77.71478	3742.00000
77.73629	3749.00000
77.75780	3762.00000
77.77931	3793.00000
77.80082	3654.00000
77.82233	3701.00000
77.84384	3701.00000
77.86535	3573.00000
77.88686	3569.00000
77.90837	3508.00000
77.92988	3457.00000
77.95139	3439.00000
77.97290	3408.00000
77.99441	3374.00000
78.01592	3314.00000
78.03743	3302.00000
78.05894	3283.00000
78.08045	3211.00000
78.10196	3349.00000
78.12347	3200.00000
78.14498	3172.00000
78.16649	3270.00000
78.18800	3242.00000
78.20951	3167.00000
78.23102	3169.00000
78.25253	3149.00000
78.27404	3254.00000
78.29555	3124.00000
78.31706	3140.00000
78.33857	3083.00000
78.36008	3184.00000
78.38159	3164.00000
78.40310	3174.00000
78.42461	3122.00000
78.44612	3108.00000
78.46763	3096.00000
78.48914	3071.00000
78.51065	3100.00000
78.53216	3063.00000
78.55367	3028.00000
78.57518	3102.00000
78.59669	3022.00000
78.61820	2978.00000
78.63971	3044.00000
78.66122	3075.00000
78.68273	3059.00000
78.70424	2984.00000
78.72575	3044.00000
78.74726	3018.00000
78.76877	2971.00000
78.79028	3020.00000
78.81179	2966.00000
78.83330	3009.00000
78.85481	3011.00000
78.87632	3051.00000
78.89783	3051.00000
78.91934	3024.00000
78.94085	2958.00000
78.96236	2976.00000
78.98387	3044.00000
79.00538	2987.00000
79.02689	2976.00000
79.04840	3032.00000
79.06991	2998.00000
79.09142	2993.00000
79.11293	3050.00000
79.13444	2983.00000
79.15595	2942.00000
79.17746	3032.00000
79.19897	2979.00000
79.22048	2938.00000
79.24199	2896.00000
79.26350	2927.00000
79.28501	2932.00000
79.30652	2911.00000
79.32803	2898.00000
79.34954	2962.00000
79.37105	2952.00000
79.39256	2931.00000
79.41407	2900.00000
79.43558	2813.00000
79.45709	2975.00000
79.47860	2859.00000
79.50011	2985.00000
79.52162	2867.00000
79.54313	2947.00000
79.56464	2971.00000
79.58615	3100.00000
79.60766	2958.00000
79.62917	2988.00000
79.65068	3028.00000
79.67219	2918.00000
79.69370	2978.00000
79.71521	3002.00000
79.73672	3067.00000
79.75823	2954.00000
79.77974	3020.00000
79.80125	2998.00000
79.82276	2997.00000
79.84427	3086.00000
79.86578	3025.00000
79.88729	3083.00000
79.90880	3029.00000
79.93031	2971.00000
79.95182	3108.00000
79.97333	3141.00000
79.99484	3132.00000
80.01635	3146.00000
80.03786	3125.00000
80.05937	3263.00000
80.08088	3070.00000
80.10239	3326.00000
80.12390	3124.00000
80.14541	3192.00000
80.16692	3222.00000
80.18843	3325.00000
80.20994	3308.00000
80.23145	3285.00000
80.25296	3331.00000
80.27447	3268.00000
80.29598	3406.00000
80.31749	3463.00000
80.33900	3374.00000
80.36051	3330.00000
80.38202	3389.00000
80.40353	3461.00000
80.42504	3401.00000
80.44655	3482.00000
80.46806	3440.00000
80.48957	3471.00000
80.51108	3482.00000
80.53259	3403.00000
80.55410	3513.00000
80.57561	3533.00000
80.59712	3477.00000
80.61863	3574.00000
80.64014	3626.00000
80.66165	3496.00000
80.68316	3519.00000
80.70467	3564.00000
80.72618	3569.00000
80.74769	3619.00000
80.76920	3573.00000
80.79071	3652.00000
80.81222	3672.00000
80.83373	3631.00000
80.85524	3643.00000
80.87675	3687.00000
80.89826	3595.00000
80.91977	3615.00000
80.94128	3663.00000
80.96279	3608.00000
80.98430	3778.00000
81.00581	3649.00000
81.02732	3697.00000
81.04883	3637.00000
81.07034	3652.00000
81.09185	3467.00000
81.11336	3633.00000
81.13487	3562.00000
81.15638	3604.00000
81.17789	3534.00000
81.19940	3539.00000
81.22091	3409.00000
81.24242	3507.00000
81.26393	3412.00000
81.28544	3342.00000
81.30695	3431.00000
81.32846	3519.00000
81.34997	3347.00000
81.37148	3302.00000
81.39299	3423.00000
81.41450	3349.00000
81.43601	3341.00000
81.45752	3340.00000
81.47903	3274.00000
81.50054	3290.00000
81.52205	3226.00000
81.54356	3177.00000
81.56507	3228.00000
81.58658	3294.00000
81.60809	3130.00000
81.62960	3264.00000
81.65111	3189.00000
81.67262	3321.00000
81.69413	3274.00000
81.71564	3242.00000
81.73715	3177.00000
81.75866	3299.00000
81.78017	3214.00000
81.80168	3437.00000
81.82319	3356.00000
81.84470	3222.00000
81.86621	3400.00000
81.88772	3281.00000
81.90923	3304.00000
81.93074	3367.00000
81.95225	3347.00000
81.97376	3278.00000
81.99527	3338.00000
82.01678	3439.00000
82.03829	3452.00000
82.05980	3440.00000
82.08131	3381.00000
82.10282	3459.00000
82.12433	3352.00000
82.14584	3389.00000
82.16735	3429.00000
82.18886	3448.00000
82.21037	3331.00000
82.23188	3367.00000
82.25339	3403.00000
82.27490	3323.00000
82.29641	3369.00000
82.31792	3265.00000
82.33943	3343.00000
82.36094	3322.00000
82.38245	3347.00000
82.40396	3254.00000
82.42547	3364.00000
82.44698	3321.00000
82.46849	3352.00000
82.49000	3413.00000
82.51151	3441.00000
82.53302	3329.00000
82.55453	3385.00000
82.57604	3436.00000
82.59755	3378.00000
82.61906	3418.00000
82.64057	3441.00000
82.66208	3329.00000
82.68359	3387.00000
82.70510	3465.00000
82.72661	3449.00000
82.74812	3519.00000
82.76963	3570.00000
82.79114	3448.00000
82.81265	3317.00000
82.83416	3489.00000
82.85567	3297.00000
82.87718	3355.00000
82.89869	3421.00000
82.92020	3360.00000
82.94171	3396.00000
82.96322	3316.00000
82.98473	3399.00000
83.00624	3285.00000
83.02775	3258.00000
83.04926	3263.00000
83.07077	3146.00000
83.09228	3124.00000
83.11379	3302.00000
83.13530	3364.00000
83.15681	3277.00000
83.17832	3233.00000
83.19983	3244.00000
83.22134	3168.00000
83.24285	3261.00000
83.26436	3192.00000
83.28587	3183.00000
83.30738	3122.00000
83.32889	3223.00000
83.35040	3207.00000
83.37191	3163.00000
83.39342	3234.00000
83.41493	3303.00000
83.43644	3270.00000
83.45795	3191.00000
83.47946	3285.00000
83.50097	3243.00000
83.52248	3265.00000
83.54399	3259.00000
83.56550	3250.00000
83.58701	3317.00000
83.60852	3372.00000
83.63003	3321.00000
83.65154	3436.00000
83.67305	3370.00000
83.69456	3414.00000
83.71607	3350.00000
83.73758	3403.00000
83.75909	3490.00000
83.78060	3486.00000
83.80211	3467.00000
83.82362	3409.00000
83.84513	3473.00000
83.86664	3523.00000
83.88815	3477.00000
83.90966	3488.00000
83.93117	3472.00000
83.95268	3457.00000
83.97419	3545.00000
83.99570	3334.00000
84.01721	3374.00000
84.03872	3459.00000
84.06023	3378.00000
84.08174	3280.00000
84.10325	3349.00000
84.12476	3400.00000
84.14627	3371.00000
84.16778	3356.00000
84.18929	3383.00000
84.21080	3453.00000
84.23231	3214.00000
84.25382	3358.00000
84.27533	3317.00000
84.29684	3450.00000
84.31835	3425.00000
84.33986	3463.00000
84.36137	3310.00000
84.38288	3468.00000
84.40439	3343.00000
84.42590	3383.00000
84.44741	3371.00000
84.46892	3343.00000
84.49043	3293.00000
84.51194	3310.00000
84.53345	3266.00000
84.55496	3139.00000
84.57647	3225.00000
84.59798	3157.00000
84.61949	3098.00000
84.64100	3215.00000
84.66251	3146.00000
84.68402	3209.00000
84.70553	3121.00000
84.72704	3072.00000
84.74855	3034.00000
84.77006	2995.00000
84.79157	2978.00000
84.81308	2962.00000
84.83459	2981.00000
84.85610	2938.00000
84.87761	2998.00000
84.89912	2971.00000
84.92063	2899.00000
84.94214	2876.00000
84.96365	2852.00000
84.98516	3010.00000
85.00667	2869.00000
85.02818	2860.00000
85.04969	2848.00000
85.07120	2856.00000
85.09271	2864.00000
85.11422	2847.00000
85.13573	2919.00000
85.15724	2897.00000
85.17875	2761.00000
85.20026	2798.00000
85.22177	2899.00000
85.24328	2972.00000
85.26479	2803.00000
85.28630	2931.00000
85.30781	2976.00000
85.32932	2874.00000
85.35083	2953.00000
85.37234	3029.00000
85.39385	2962.00000
85.41536	2958.00000
85.43687	3003.00000
85.45838	3012.00000
85.47989	3030.00000
85.50140	3049.00000
85.52291	3090.00000
85.54442	3198.00000
85.56593	3199.00000
85.58744	3174.00000
85.60895	3319.00000
85.63046	3287.00000
85.65197	3388.00000
85.67348	3371.00000
85.69499	3425.00000
85.71650	3493.00000
85.73801	3463.00000
85.75952	3695.00000
85.78103	3752.00000
85.80254	3625.00000
85.82405	3555.00000
85.84556	3707.00000
85.86707	3609.00000
85.88858	3634.00000
85.91009	3527.00000
85.93160	3636.00000
85.95311	3611.00000
85.97462	3541.00000
85.99613	3497.00000
86.01764	3445.00000
86.03915	3462.00000
86.06066	3476.00000
86.08217	3467.00000
86.10368	3385.00000
86.12519	3434.00000
86.14670	3258.00000
86.16821	3259.00000
86.18972	3330.00000
86.21123	3193.00000
86.23274	3205.00000
86.25425	3125.00000
86.27576	3091.00000
86.29727	3047.00000
86.31878	3081.00000
86.34029	2966.00000
86.36180	2994.00000
86.38331	2909.00000
86.40482	3035.00000
86.42633	3069.00000
86.44784	2999.00000
86.46935	2925.00000
86.49086	2972.00000
86.51237	2871.00000
86.53388	2943.00000
86.55539	2965.00000
86.57690	2931.00000
86.59841	2889.00000
86.61992	2985.00000
86.64143	2887.00000
86.66294	2879.00000
86.68445	2911.00000
86.70596	2799.00000
86.72747	2854.00000
86.74898	2887.00000
86.77049	2847.00000
86.79200	2976.00000
86.81351	2823.00000
86.83502	2938.00000
86.85653	2917.00000
86.87804	2877.00000
86.89955	2882.00000
86.92106	2803.00000
86.94257	2857.00000
86.96408	2885.00000
86.98559	2810.00000
87.00710	2808.00000
87.02861	2802.00000
87.05012	2715.00000
87.07163	2744.00000
87.09314	2768.00000
87.11465	2790.00000
87.13616	2675.00000
87.15767	2768.00000
87.17918	2706.00000
87.20069	2725.00000
87.22220	2745.00000
87.24371	2785.00000
87.26522	2692.00000
87.28673	2728.00000
87.30824	2631.00000
87.32975	2719.00000
87.35126	2727.00000
87.37277	2650.00000
87.39428	2611.00000
87.41579	2788.00000
87.43730	2760.00000
87.45881	2732.00000
87.48032	2816.00000
87.50183	2739.00000
87.52334	2777.00000
87.54485	2727.00000
87.56636	2844.00000
87.58787	2695.00000
87.60938	2750.00000
87.63089	2768.00000
87.65240	2737.00000
87.67391	2775.00000
87.69542	2673.00000
87.71693	2793.00000
87.73844	2834.00000
87.75995	2867.00000
87.78146	2781.00000
87.80297	2843.00000
87.82448	2894.00000
87.84599	2835.00000
87.86750	2855.00000
87.88901	2946.00000
87.91052	2893.00000
87.93203	2883.00000
87.95354	2874.00000
87.97505	2899.00000
87.99656	2825.00000
88.01807	2754.00000
88.03958	2762.00000
88.06109	2882.00000
88.08260	2792.00000
88.10411	2752.00000
88.12562	2723.00000
88.14713	2710.00000
88.16864	2772.00000
88.19015	2705.00000
88.21166	2770.00000
88.23317	2726.00000
88.25468	2657.00000
88.27619	2659.00000
88.29770	2640.00000
88.31921	2731.00000
88.34072	2644.00000
88.36223	2599.00000
88.38374	2687.00000
88.40525	2594.00000
88.42676	2657.00000
88.44827	2584.00000
88.46978	2591.00000
88.49129	2579.00000
88.51280	2606.00000
88.53431	2633.00000
88.55582	2689.00000
88.57733	2644.00000
88.59884	2696.00000
88.62035	2615.00000
88.64186	2628.00000
88.66337	2604.00000
88.68488	2699.00000
88.70639	2545.00000
88.72790	2681.00000
88.74941	2550.00000
88.77092	2615.00000
88.79243	2607.00000
88.81394	2645.00000
88.83545	2657.00000
88.85696	2720.00000
88.87847	2652.00000
88.89998	2678.00000
88.92149	2577.00000
88.94300	2755.00000
88.96451	2682.00000
88.98602	2697.00000
89.00753	2744.00000
89.02904	2719.00000
89.05055	2772.00000
89.07206	2744.00000
89.09357	2795.00000
89.11508	2763.00000
89.13659	2803.00000
89.15810	2857.00000
89.17961	2857.00000
89.20112	2767.00000
89.22263	2873.00000
89.24414	2788.00000
89.26565	2844.00000
89.28716	2810.00000
89.30867	2878.00000
89.33018	2803.00000
89.35169	2857.00000
89.37320	2843.00000
89.39471	2727.00000
89.41622	2803.00000
89.43773	2828.00000
89.45924	2797.00000
89.48075	2833.00000
89.50226	2776.00000
89.52377	2841.00000
89.54528	2837.00000
89.56679	2726.00000
89.58830	2715.00000
89.60981	2737.00000
89.63132	2738.00000
89.65283	2840.00000
89.67434	2765.00000
89.69585	2816.00000
89.71736	2693.00000
89.73887	2723.00000
89.76038	2790.00000
89.78189	2717.00000
89.80340	2749.00000
89.82491	2811.00000
89.84642	2804.00000
89.86793	2714.00000
89.88944	2847.00000
89.91095	2757.00000
89.93246	2749.00000
89.95397	2640.00000
89.97548	2768.00000
89.99699	2689.00000
90.01850	2807.00000
90.04001	2692.00000
90.06152	2752.00000
90.08303	2802.00000
90.10454	2776.00000
90.12605	2768.00000
90.14756	2713.00000
90.16907	2750.00000
90.19058	2757.00000
90.21209	2888.00000
90.23360	2852.00000
90.25511	2745.00000
90.27662	2765.00000
90.29813	2817.00000
90.31964	2831.00000
90.34115	2874.00000
90.36266	2779.00000
90.38417	2761.00000
90.40568	2830.00000
90.42719	2798.00000
90.44870	2723.00000
90.47021	2678.00000
90.49172	2757.00000
90.51323	2764.00000
90.53474	2812.00000
90.55625	2833.00000
90.57776	2847.00000
90.59927	2775.00000
90.62078	2684.00000
90.64229	2719.00000
90.66380	2692.00000
90.68531	2794.00000
90.70682	2814.00000
90.72833	2758.00000
90.74984	2770.00000
90.77135	2722.00000
90.79286	2729.00000
90.81437	2793.00000
90.83588	2859.00000
90.85739	2697.00000
90.87890	2795.00000
90.90041	2734.00000
90.92192	2784.00000
90.94343	2741.00000
90.96494	2868.00000
90.98645	2731.00000
91.00796	2814.00000
91.02947	2845.00000
91.05098	2847.00000
91.07249	2830.00000
91.09400	2763.00000
91.11551	2864.00000
91.13702	2717.00000
91.15853	2766.00000
91.18004	2754.00000
91.20155	2759.00000
91.22306	2741.00000
91.24457	2705.00000
91.26608	2690.00000
91.28759	2744.00000
91.30910	2679.00000
91.33061	2664.00000
91.35212	2638.00000
91.37363	2560.00000
91.39514	2647.00000
91.41665	2529.00000
91.43816	2546.00000
91.45967	2589.00000
91.48118	2582.00000
91.50269	2650.00000
91.52420	2493.00000
91.54571	2504.00000
91.56722	2573.00000
91.58873	2500.00000
91.61024	2447.00000
91.63175	2570.00000
91.65326	2453.00000
91.67477	2498.00000
91.69628	2410.00000
91.71779	2539.00000
91.73930	2379.00000
91.76081	2433.00000
91.78232	2489.00000
91.80383	2383.00000
91.82534	2476.00000
91.84685	2471.00000
91.86836	2418.00000
91.88987	2479.00000
91.91138	2489.00000
91.93289	2433.00000
91.95440	2406.00000
91.97591	2458.00000
91.99742	2407.00000
92.01893	2473.00000
92.04044	2504.00000
92.06195	2458.00000
92.08346	2461.00000
92.10497	2449.00000
92.12648	2545.00000
92.14799	2442.00000
92.16950	2532.00000
92.19101	2569.00000
92.21252	2484.00000
92.23403	2524.00000
92.25554	2467.00000
92.27705	2469.00000
92.29856	2545.00000
92.32007	2596.00000
92.34158	2538.00000
92.36309	2507.00000
92.38460	2483.00000
92.40611	2528.00000
92.42762	2553.00000
92.44913	2538.00000
92.47064	2541.00000
92.49215	2633.00000
92.51366	2607.00000
92.53517	2589.00000
92.55668	2542.00000
92.57819	2662.00000
92.59970	2717.00000
92.62121	2590.00000
92.64272	2589.00000
92.66423	2604.00000
92.68574	2657.00000
92.70725	2660.00000
92.72876	2660.00000
92.75027	2702.00000
92.77178	2717.00000
92.79329	2681.00000
92.81480	2702.00000
92.83631	2734.00000
92.85782	2661.00000
92.87933	2689.00000
92.90084	2700.00000
92.92235	2648.00000
92.94386	2626.00000
92.96537	2692.00000
92.98688	2678.00000
93.00839	2719.00000
93.02990	2621.00000
93.05141	2549.00000
93.07292	2577.00000
93.09443	2622.00000
93.11594	2695.00000
93.13745	2622.00000
93.15896	2600.00000
93.18047	2640.00000
93.20198	2675.00000
93.22349	2653.00000
93.24500	2546.00000
93.26651	2623.00000
93.28802	2657.00000
93.30953	2774.00000
93.33104	2692.00000
93.35255	2682.00000
93.37406	2697.00000
93.39557	2697.00000
93.41708	2703.00000
93.43859	2731.00000
93.46010	2749.00000
93.48161	2750.00000
93.50312	2760.00000
93.52463	2648.00000
93.54614	2713.00000
93.56765	2781.00000
93.58916	2772.00000
93.61067	2746.00000
93.63218	2760.00000
93.65369	2662.00000
93.67520	2675.00000
93.69671	2714.00000
93.71822	2726.00000
93.73973	2693.00000
93.76124	2768.00000
93.78275	2653.00000
93.80426	2617.00000
93.82577	2606.00000
93.84728	2741.00000
93.86879	2649.00000
93.89030	2592.00000
93.91181	2665.00000
93.93332	2630.00000
93.95483	2524.00000
93.97634	2563.00000
93.99785	2677.00000
94.01936	2560.00000
94.04087	2653.00000
94.06238	2504.00000
94.08389	2585.00000
94.10540	2519.00000
94.12691	2540.00000
94.14842	2462.00000
94.16993	2562.00000
94.19144	2515.00000
94.21295	2466.00000
94.23446	2561.00000
94.25597	2588.00000
94.27748	2518.00000
94.29899	2573.00000
94.32050	2546.00000
94.34201	2568.00000
94.36352	2550.00000
94.38503	2569.00000
94.40654	2546.00000
94.42805	2671.00000
94.44956	2608.00000
94.47107	2555.00000
94.49258	2589.00000
94.51409	2664.00000
94.53560	2644.00000
94.55711	2693.00000
94.57862	2744.00000
94.60013	2710.00000
94.62164	2732.00000
94.64315	2802.00000
94.66466	2759.00000
94.68617	2878.00000
94.70768	2800.00000
94.72919	2903.00000
94.75070	2952.00000
94.77221	2914.00000
94.79372	2869.00000
94.81523	2924.00000
94.83674	2957.00000
94.85825	2820.00000
94.87976	2901.00000
94.90127	2843.00000
94.92278	2967.00000
94.94429	2924.00000
94.96580	2861.00000
94.98731	2909.00000
95.00882	2840.00000
95.03033	2950.00000
95.05184	2855.00000
95.07335	2918.00000
95.09486	2834.00000
95.11637	2912.00000
95.13788	2894.00000
95.15939	2985.00000
95.18090	2860.00000
95.20241	2809.00000
95.22392	2836.00000
95.24543	2799.00000
95.26694	2859.00000
95.28845	2825.00000
95.30996	2770.00000
95.33147	2788.00000
95.35298	2762.00000
95.37449	2758.00000
95.39600	2714.00000
95.41751	2666.00000
95.43902	2785.00000
95.46053	2755.00000
95.48204	2672.00000
95.50355	2728.00000
95.52506	2615.00000
95.54657	2713.00000
95.56808	2741.00000
95.58959	2647.00000
95.61110	2659.00000
95.63261	2616.00000
95.65412	2519.00000
95.67563	2564.00000
95.69714	2521.00000
95.71865	2566.00000
95.74016	2646.00000
95.76167	2540.00000
95.78318	2546.00000
95.80469	2463.00000
95.82620	2426.00000
95.84771	2524.00000
95.86922	2489.00000
95.89073	2511.00000
95.91224	2553.00000
95.93375	2443.00000
95.95526	2484.00000
95.97677	2496.00000
95.99828	2508.00000
96.01979	2462.00000
96.04130	2504.00000
96.06281	2441.00000
96.08432	2458.00000
96.10583	2447.00000
96.12734	2391.00000
96.14885	2485.00000
96.17036	2485.00000
96.19187	2420.00000
96.21338	2431.00000
96.23489	2478.00000
96.25640	2424.00000
96.27791	2491.00000
96.29942	2463.00000
96.32093	2436.00000
96.34244	2443.00000
96.36395	2505.00000
96.38546	2467.00000
96.40697	2552.00000
96.42848	2474.00000
96.44999	2449.00000
96.47150	2501.00000
96.49301	2444.00000
96.51452	2434.00000
96.53603	2486.00000
96.55754	2525.00000
96.57905	2540.00000
96.60056	2537.00000
96.62207	2569.00000
96.64358	2440.00000
96.66509	2613.00000
96.68660	2546.00000
96.70811	2551.00000
96.72962	2559.00000
96.75113	2509.00000
96.77264	2576.00000
96.79415	2563.00000
96.81566	2648.00000
96.83717	2509.00000
96.85868	2536.00000
96.88019	2638.00000
96.90170	2613.00000
96.92321	2511.00000
96.94472	2555.00000
96.96623	2594.00000
96.98774	2560.00000
97.00925	2546.00000
97.03076	2518.00000
97.05227	2612.00000
97.07378	2604.00000
97.09529	2619.00000
97.11680	2504.00000
97.13831	2527.00000
97.15982	2518.00000
97.18133	2563.00000
97.20284	2480.00000
97.22435	2370.00000
97.24586	2508.00000
97.26737	2582.00000
97.28888	2453.00000
97.31039	2456.00000
97.33190	2549.00000
97.35341	2469.00000
97.37492	2403.00000
97.39643	2423.00000
97.41794	2457.00000
97.43945	2436.00000
97.46096	2383.00000
97.48247	2431.00000
97.50398	2477.00000
97.52549	2472.00000
97.54700	2459.00000
97.56851	2491.00000
97.59002	2513.00000
97.61153	2517.00000
97.63304	2481.00000
97.65455	2441.00000
97.67606	2503.00000
97.69757	2449.00000
97.71908	2471.00000
97.74059	2429.00000
97.76210	2519.00000
97.78361	2568.00000
97.80512	2418.00000
97.82663	2570.00000
97.84814	2424.00000
97.86965	2538.00000
97.89116	2556.00000
97.91267	2498.00000
97.93418	2504.00000
97.95569	2550.00000
97.97720	2487.00000
97.99871	2536.00000
98.02022	2567.00000
98.04173	2528.00000
98.06324	2509.00000
98.08475	2480.00000
98.10626	2638.00000
98.12777	2551.00000
98.14928	2492.00000
98.17079	2544.00000
98.19230	2455.00000
98.21381	2523.00000
98.23532	2502.00000
98.25683	2559.00000
98.27834	2582.00000
98.29985	2509.00000
98.32136	2489.00000
98.34287	2437.00000
98.36438	2478.00000
98.38589	2523.00000
98.40740	2440.00000
98.42891	2521.00000
98.45042	2458.00000
98.47193	2498.00000
98.49344	2484.00000
98.51495	2460.00000
98.53646	2533.00000
98.55797	2509.00000
98.57948	2538.00000
98.60099	2476.00000
98.62250	2582.00000
98.64401	2502.00000
98.66552	2525.00000
98.68703	2520.00000
98.70854	2502.00000
98.73005	2551.00000
98.75156	2510.00000
98.77307	2518.00000
98.79458	2561.00000
98.81609	2577.00000
98.83760	2656.00000
98.85911	2571.00000
98.88062	2611.00000
98.90213	2613.00000
98.92364	2603.00000
98.94515	2653.00000
98.96666	2613.00000
98.98817	2586.00000
99.00968	2612.00000
99.03119	2598.00000
99.05270	2481.00000
99.07421	2595.00000
99.09572	2639.00000
99.11723	2619.00000
99.13874	2607.00000
99.16025	2591.00000
99.18176	2533.00000
99.20327	2529.00000
99.22478	2598.00000
99.24629	2600.00000
99.26780	2569.00000
99.28931	2598.00000
99.31082	2567.00000
99.33233	2522.00000
99.35384	2582.00000
99.37535	2502.00000
99.39686	2591.00000
99.41837	2465.00000
99.43988	2485.00000
99.46139	2556.00000
99.48290	2515.00000
99.50441	2465.00000
99.52592	2469.00000
99.54743	2405.00000
99.56894	2526.00000
99.59045	2456.00000
99.61196	2493.00000
99.63347	2488.00000
99.65498	2391.00000
99.67649	2528.00000
99.69800	2439.00000
99.71951	2475.00000
99.74102	2538.00000
99.76253	2414.00000
99.78404	2509.00000
99.80555	2480.00000
99.82706	2472.00000
99.84857	2470.00000
99.87008	2542.00000
99.89159	2538.00000
99.91310	2476.00000
99.93461	2470.00000
99.95612	2506.00000
99.97763	2471.00000
99.99914	2574.00000
100.02065	2555.00000
100.04216	2419.00000
100.06367	2460.00000
100.08518	2502.00000
100.10669	2633.00000
100.12820	2639.00000
100.14971	2551.00000
100.17122	2525.00000
100.19273	2631.00000
100.21424	2612.00000
100.23575	2539.00000
100.25726	2558.00000
100.27877	2651.00000
100.30028	2562.00000
100.32179	2587.00000
100.34330	2622.00000
100.36481	2590.00000
100.38632	2595.00000
100.40783	2529.00000
100.42934	2701.00000
100.45085	2619.00000
100.47236	2635.00000
100.49387	2574.00000
100.51538	2604.00000
100.53689	2617.00000
100.55840	2648.00000
100.57991	2650.00000
100.60142	2535.00000
100.62293	2599.00000
100.64444	2648.00000
100.66595	2528.00000
100.68746	2564.00000
100.70897	2637.00000
100.73048	2590.00000
100.75199	2625.00000
100.77350	2591.00000
100.79501	2621.00000
100.81652	2607.00000
100.83803	2521.00000
100.85954	2495.00000
100.88105	2568.00000
100.90256	2638.00000
100.92407	2549.00000
100.94558	2529.00000
100.96709	2471.00000
100.98860	2533.00000
101.01011	2533.00000
101.03162	2511.00000
101.05313	2586.00000
101.07464	2453.00000
101.09615	2495.00000
101.11766	2534.00000
101.13917	2495.00000
101.16068	2549.00000
101.18219	2472.00000
101.20370	2457.00000
101.22521	2483.00000
101.24672	2518.00000
101.26823	2567.00000
101.28974	2447.00000
101.31125	2540.00000
101.33276	2500.00000
101.35427	2502.00000
101.37578	2622.00000
101.39729	2546.00000
101.41880	2567.00000
101.44031	2534.00000
101.46182	2532.00000
101.48333	2484.00000
101.50484	2520.00000
101.52635	2575.00000
101.54786	2588.00000
101.56937	2592.00000
101.59088	2605.00000
101.61239	2531.00000
101.63390	2617.00000
101.65541	2582.00000
101.67692	2568.00000
101.69843	2611.00000
101.71994	2653.00000
101.74145	2645.00000
101.76296	2582.00000
101.78447	2599.00000
101.80598	2607.00000
101.82749	2627.00000
101.84900	2591.00000
101.87051	2616.00000
101.89202	2613.00000
101.91353	2672.00000
101.93504	2604.00000
101.95655	2653.00000
101.97806	2728.00000
101.99957	2590.00000
102.02108	2604.00000
102.04259	2639.00000
102.06410	2659.00000
102.08561	2735.00000
102.10712	2652.00000
102.12863	2697.00000
102.15014	2681.00000
102.17165	2678.00000
102.19316	2815.00000
102.21467	2662.00000
102.23618	2699.00000
102.25769	2748.00000
102.27920	2683.00000
102.30071	2767.00000
102.32222	2788.00000
102.34373	2773.00000
102.36524	2733.00000
102.38675	2718.00000
102.40826	2770.00000
102.42977	2734.00000
102.45128	2677.00000
102.47279	2781.00000
102.49430	2691.00000
102.51581	2723.00000
102.53732	2728.00000
102.55883	2701.00000
102.58034	2730.00000
102.60185	2682.00000
102.62336	2682.00000
102.64487	2721.00000
102.66638	2732.00000
102.68789	2714.00000
102.70940	2700.00000
102.73091	2732.00000
102.75242	2664.00000
102.77393	2722.00000
102.79544	2706.00000
102.81695	2651.00000
102.83846	2706.00000
102.85997	2691.00000
102.88148	2687.00000
102.90299	2688.00000
102.92450	2618.00000
102.94601	2714.00000
102.96752	2701.00000
102.98903	2628.00000
103.01054	2595.00000
103.03205	2694.00000
103.05356	2653.00000
103.07507	2677.00000
103.09658	2654.00000
103.11809	2722.00000
103.13960	2676.00000
103.16111	2631.00000
103.18262	2710.00000
103.20413	2643.00000
103.22564	2638.00000
103.24715	2618.00000
103.26866	2582.00000
103.29017	2642.00000
103.31168	2597.00000
103.33319	2584.00000
103.35470	2703.00000
103.37621	2618.00000
103.39772	2603.00000
103.41923	2665.00000
103.44074	2629.00000
103.46225	2658.00000
103.48376	2651.00000
103.50527	2616.00000
103.52678	2670.00000
103.54829	2636.00000
103.56980	2658.00000
103.59131	2704.00000
103.61282	2655.00000
103.63433	2589.00000
103.65584	2637.00000
103.67735	2667.00000
103.69886	2608.00000
103.72037	2725.00000
103.74188	2574.00000
103.76339	2603.00000
103.78490	2621.00000
103.80641	2676.00000
103.82792	2604.00000
103.84943	2705.00000
103.87094	2797.00000
103.89245	2485.00000
103.91396	2668.00000
103.93547	2706.00000
103.95698	2673.00000
103.97849	2629.00000
104.00000	2629.00000
104.02151	2537.00000
104.04302	2659.00000
104.06453	2648.00000
104.08604	2747.00000
104.10755	2732.00000
104.12906	2619.00000
104.15057	2705.00000
104.17208	2613.00000
104.19359	2653.00000
104.21510	2643.00000
104.23661	2697.00000
104.25812	2684.00000
104.27963	2593.00000
104.30114	2635.00000
104.32265	2622.00000
104.34416	2629.00000
104.36567	2620.00000
104.38718	2599.00000
104.40869	2591.00000
104.43020	2658.00000
104.45171	2633.00000
104.47322	2635.00000
104.49473	2564.00000
104.51624	2638.00000
104.53775	2600.00000
104.55926	2614.00000
104.58077	2603.00000
104.60228	2538.00000
104.62379	2622.00000
104.64530	2577.00000
104.66681	2559.00000
104.68832	2609.00000
104.70983	2557.00000
104.73134	2489.00000
104.75285	2589.00000
104.77436	2504.00000
104.79587	2513.00000
104.81738	2668.00000
104.83889	2498.00000
104.86040	2507.00000
104.88191	2533.00000
104.90342	2584.00000
104.92493	2522.00000
104.94644	2547.00000
104.96795	2520.00000
104.98946	2555.00000
105.01097	2569.00000
105.03248	2459.00000
105.05399	2573.00000
105.07550	2599.00000
105.09701	2650.00000
105.11852	2555.00000
105.14003	2512.00000
105.16154	2655.00000
105.18305	2600.00000
105.20456	2644.00000
105.22607	2505.00000
105.24758	2556.00000
105.26909	2600.00000
105.29060	2653.00000
105.31211	2503.00000
105.33362	2648.00000
105.35513	2573.00000
105.37664	2498.00000
105.39815	2584.00000
105.41966	2648.00000
105.44117	2560.00000
105.46268	2654.00000
105.48419	2612.00000
105.50570	2522.00000
105.52721	2468.00000
105.54872	2593.00000
105.57023	2627.00000
105.59174	2637.00000
105.61325	2662.00000
105.63476	2604.00000
105.65627	2542.00000
105.67778	2562.00000
105.69929	2667.00000
105.72080	2557.00000
105.74231	2577.00000
105.76382	2607.00000
105.78533	2598.00000
105.80684	2628.00000
105.82835	2604.00000
105.84986	2601.00000
105.87137	2600.00000
105.89288	2621.00000
105.91439	2635.00000
105.93590	2593.00000
105.95741	2572.00000
105.97892	2546.00000
106.00043	2556.00000
106.02194	2564.00000
106.04345	2577.00000
106.06496	2606.00000
106.08647	2593.00000
106.10798	2589.00000
106.12949	2608.00000
106.15100	2667.00000
106.17251	2531.00000
106.19402	2604.00000
106.21553	2595.00000
106.23704	2616.00000
106.25855	2556.00000
106.28006	2623.00000
106.30157	2561.00000
106.32308	2601.00000
106.34459	2564.00000
106.36610	2515.00000
106.38761	2610.00000
106.40912	2555.00000
106.43063	2527.00000
106.45214	2459.00000
106.47365	2467.00000
106.49516	2591.00000
106.51667	2505.00000
106.53818	2516.00000
106.55969	2586.00000
106.58120	2627.00000
106.60271	2525.00000
106.62422	2505.00000
106.64573	2472.00000
106.66724	2560.00000
106.68875	2590.00000
106.71026	2513.00000
106.73177	2595.00000
106.75328	2502.00000
106.77479	2600.00000
106.79630	2462.00000
106.81781	2568.00000
106.83932	2452.00000
106.86083	2496.00000
106.88234	2524.00000
106.90385	2581.00000
106.92536	2468.00000
106.94687	2525.00000
106.96838	2577.00000
106.98989	2569.00000
107.01140	2498.00000
107.03291	2568.00000
107.05442	2502.00000
107.07593	2582.00000
107.09744	2515.00000
107.11895	2461.00000
107.14046	2533.00000
107.16197	2595.00000
107.18348	2549.00000
107.20499	2509.00000
107.22650	2537.00000
107.24801	2582.00000
107.26952	2642.00000
107.29103	2600.00000
107.31254	2603.00000
107.33405	2502.00000
107.35556	2546.00000
107.37707	2549.00000
107.39858	2627.00000
107.42009	2631.00000
107.44160	2708.00000
107.46311	2602.00000
107.48462	2566.00000
107.50613	2565.00000
107.52764	2582.00000
107.54915	2532.00000
107.57066	2639.00000
107.59217	2578.00000
107.61368	2604.00000
107.63519	2533.00000
107.65670	2604.00000
107.67821	2569.00000
107.69972	2594.00000
107.72123	2558.00000
107.74274	2586.00000
107.76425	2540.00000
107.78576	2533.00000
107.80727	2582.00000
107.82878	2689.00000
107.85029	2527.00000
107.87180	2595.00000
107.89331	2492.00000
107.91482	2585.00000
107.93633	2518.00000
107.95784	2577.00000
107.97935	2567.00000
108.00086	2522.00000
108.02237	2577.00000
108.04388	2540.00000
108.06539	2537.00000
108.08690	2569.00000
108.10841	2513.00000
108.12992	2544.00000
108.15143	2674.00000
108.17294	2551.00000
108.19445	2673.00000
108.21596	2606.00000
108.23747	2560.00000
108.25898	2556.00000
108.28049	2657.00000
108.30200	2605.00000
108.32351	2662.00000
108.34502	2571.00000
108.36653	2665.00000
108.38804	2628.00000
108.40955	2630.00000
108.43106	2695.00000
108.45257	2528.00000
108.47408	2656.00000
108.49559	2622.00000
108.51710	2609.00000
108.53861	2668.00000
108.56012	2604.00000
108.58163	2586.00000
108.60314	2684.00000
108.62465	2556.00000
108.64616	2605.00000
108.66767	2584.00000
108.68918	2592.00000
108.71069	2634.00000
108.73220	2542.00000
108.75371	2570.00000
108.77522	2515.00000
108.79673	2635.00000
108.81824	2536.00000
108.83975	2592.00000
108.86126	2581.00000
108.88277	2562.00000
108.90428	2608.00000
108.92579	2485.00000
108.94730	2555.00000
108.96881	2458.00000
108.99032	2568.00000
109.01183	2515.00000
109.03334	2582.00000
109.05485	2613.00000
109.07636	2533.00000
109.09787	2436.00000
109.11938	2538.00000
109.14089	2458.00000
109.16240	2502.00000
109.18391	2492.00000
109.20542	2580.00000
109.22693	2606.00000
109.24844	2584.00000
109.26995	2551.00000
109.29146	2505.00000
109.31297	2489.00000
109.33448	2424.00000
109.35599	2476.00000
109.37750	2476.00000
109.39901	2526.00000
109.42052	2500.00000
109.44203	2435.00000
109.46354	2511.00000
109.48505	2405.00000
109.50656	2467.00000
109.52807	2386.00000
109.54958	2485.00000
109.57109	2502.00000
109.59260	2447.00000
109.61411	2550.00000
109.63562	2569.00000
109.65713	2497.00000
109.67864	2509.00000
109.70015	2531.00000
109.72166	2508.00000
109.74317	2392.00000
109.76468	2463.00000
109.78619	2458.00000
109.80770	2476.00000
109.82921	2480.00000
109.85072	2493.00000
109.87223	2450.00000
109.89374	2446.00000
109.91525	2396.00000
109.93676	2422.00000
109.95827	2420.00000
109.97978	2411.00000
110.00129	2391.00000
110.02280	2467.00000
110.04431	2474.00000
110.06582	2422.00000
110.08733	2387.00000
110.10884	2493.00000
110.13035	2470.00000
110.15186	2389.00000
110.17337	2516.00000
110.19488	2431.00000
110.21639	2471.00000
110.23790	2485.00000
110.25941	2521.00000
110.28092	2383.00000
110.30243	2455.00000
110.32394	2445.00000
110.34545	2470.00000
110.36696	2445.00000
110.38847	2414.00000
110.40998	2463.00000
110.43149	2463.00000
110.45300	2452.00000
110.47451	2404.00000
110.49602	2543.00000
110.51753	2476.00000
110.53904	2441.00000
110.56055	2465.00000
110.58206	2485.00000
110.60357	2432.00000
110.62508	2501.00000
110.64659	2524.00000
110.66810	2530.00000
110.68961	2506.00000
110.71112	2459.00000
110.73263	2545.00000
110.75414	2472.00000
110.77565	2450.00000
110.79716	2520.00000
110.81867	2428.00000
110.84018	2462.00000
110.86169	2515.00000
110.88320	2519.00000
110.90471	2408.00000
110.92622	2490.00000
110.94773	2495.00000
110.96924	2581.00000
110.99075	2498.00000
111.01226	2538.00000
111.03377	2607.00000
111.05528	2536.00000
111.07679	2507.00000
111.09830	2507.00000
111.11981	2543.00000
111.14132	2530.00000
111.16283	2619.00000
111.18434	2485.00000
111.20585	2499.00000
111.22736	2607.00000
111.24887	2542.00000
111.27038	2611.00000
111.29189	2520.00000
111.31340	2523.00000
111.33491	2548.00000
111.35642	2566.00000
111.37793	2486.00000
111.39944	2538.00000
111.42095	2528.00000
111.44246	2472.00000
111.46397	2542.00000
111.48548	2613.00000
111.50699	2567.00000
111.52850	2586.00000
111.55001	2575.00000
111.57152	2531.00000
111.59303	2559.00000
111.61454	2538.00000
111.63605	2487.00000
111.65756	2538.00000
111.67907	2586.00000
111.70058	2567.00000
111.72209	2574.00000
111.74360	2591.00000
111.76511	2477.00000
111.78662	2548.00000
111.80813	2615.00000
111.82964	2645.00000
111.85115	2526.00000
111.87266	2561.00000
111.89417	2534.00000
111.91568	2561.00000
111.93719	2544.00000
111.95870	2558.00000
111.98021	2565.00000
112.00172	2562.00000
112.02323	2621.00000
112.04474	2581.00000
112.06625	2530.00000
112.08776	2529.00000
112.10927	2510.00000
112.13078	2585.00000
112.15229	2531.00000
112.17380	2599.00000
112.19531	2553.00000
112.21682	2506.00000
112.23833	2560.00000
112.25984	2422.00000
112.28135	2510.00000
112.30286	2533.00000
112.32437	2529.00000
112.34588	2539.00000
112.36739	2509.00000
112.38890	2507.00000
112.41041	2533.00000
112.43192	2493.00000
112.45343	2415.00000
112.47494	2555.00000
112.49645	2551.00000
112.51796	2520.00000
112.53947	2502.00000
112.56098	2595.00000
112.58249	2530.00000
112.60400	2541.00000
112.62551	2511.00000
112.64702	2511.00000
112.66853	2471.00000
112.69004	2535.00000
112.71155	2485.00000
112.73306	2459.00000
112.75457	2485.00000
112.77608	2433.00000
112.79759	2464.00000
112.81910	2507.00000
112.84061	2434.00000
112.86212	2494.00000
112.88363	2445.00000
112.90514	2480.00000
112.92665	2428.00000
112.94816	2497.00000
112.96967	2456.00000
112.99118	2460.00000
113.01269	2463.00000
113.03420	2440.00000
113.05571	2507.00000
113.07722	2540.00000
113.09873	2512.00000
113.12024	2469.00000
113.14175	2506.00000
113.16326	2539.00000
113.18477	2520.00000
113.20628	2445.00000
113.22779	2516.00000
113.24930	2492.00000
113.27081	2425.00000
113.29232	2383.00000
113.31383	2460.00000
113.33534	2555.00000
113.35685	2485.00000
113.37836	2518.00000
113.39987	2476.00000
113.42138	2400.00000
113.44289	2469.00000
113.46440	2459.00000
113.48591	2422.00000
113.50742	2415.00000
113.52893	2533.00000
113.55044	2458.00000
113.57195	2454.00000
113.59346	2351.00000
113.61497	2487.00000
113.63648	2511.00000
113.65799	2533.00000
113.67950	2548.00000
113.70101	2436.00000
113.72252	2549.00000
113.74403	2450.00000
113.76554	2443.00000
113.78705	2447.00000
113.80856	2495.00000
113.83007	2405.00000
113.85158	2444.00000
113.87309	2505.00000
113.89460	2558.00000
113.91611	2489.00000
113.93762	2507.00000
113.95913	2503.00000
113.98064	2549.00000
114.00215	2524.00000
114.02366	2496.00000
114.04517	2496.00000
114.06668	2540.00000
114.08819	2450.00000
114.10970	2509.00000
114.13121	2535.00000
114.15272	2513.00000
114.17423	2527.00000
114.19574	2578.00000
114.21725	2504.00000
114.23876	2513.00000
114.26027	2455.00000
114.28178	2516.00000
114.30329	2493.00000
114.32480	2529.00000
114.34631	2462.00000
114.36782	2517.00000
114.38933	2546.00000
114.41084	2493.00000
114.43235	2578.00000
114.45386	2454.00000
114.47537	2559.00000
114.49688	2568.00000
114.51839	2519.00000
114.53990	2586.00000
114.56141	2599.00000
114.58292	2610.00000
114.60443	2515.00000
114.62594	2553.00000
114.64745	2586.00000
114.66896	2548.00000
114.69047	2593.00000
114.71198	2665.00000
114.73349	2570.00000
114.75500	2643.00000
114.77651	2633.00000
114.79802	2503.00000
114.81953	2643.00000
114.84104	2567.00000
114.86255	2574.00000
114.88406	2552.00000
114.90557	2586.00000
114.92708	2635.00000
114.94859	2621.00000
114.97010	2679.00000
114.99161	2542.00000
115.01312	2499.00000
115.03463	2548.00000
115.05614	2544.00000
115.07765	2571.00000
115.09916	2600.00000
115.12067	2522.00000
115.14218	2593.00000
115.16369	2535.00000
115.18520	2541.00000
115.20671	2595.00000
115.22822	2546.00000
115.24973	2655.00000
115.27124	2620.00000
115.29275	2613.00000
115.31426	2662.00000
115.33577	2546.00000
115.35728	2595.00000
115.37879	2507.00000
115.40030	2537.00000
115.42181	2554.00000
115.44332	2563.00000
115.46483	2564.00000
115.48634	2586.00000
115.50785	2533.00000
115.52936	2529.00000
115.55087	2471.00000
115.57238	2508.00000
115.59389	2528.00000
115.61540	2504.00000
115.63691	2591.00000
115.65842	2552.00000
115.67993	2563.00000
115.70144	2629.00000
115.72295	2600.00000
115.74446	2505.00000
115.76597	2552.00000
115.78748	2524.00000
115.80899	2595.00000
115.83050	2616.00000
115.85201	2560.00000
115.87352	2497.00000
115.89503	2538.00000
115.91654	2578.00000
115.93805	2594.00000
115.95956	2618.00000
115.98107	2522.00000
116.00258	2504.00000
116.02409	2589.00000
116.04560	2542.00000
116.06711	2546.00000
116.08862	2602.00000
116.11013	2605.00000
116.13164	2600.00000
116.15315	2594.00000
116.17466	2616.00000
116.19617	2558.00000
116.21768	2522.00000
116.23919	2574.00000
116.26070	2522.00000
116.28221	2557.00000
116.30372	2539.00000
116.32523	2573.00000
116.34674	2653.00000
116.36825	2573.00000
116.38976	2586.00000
116.41127	2677.00000
116.43278	2628.00000
116.45429	2577.00000
116.47580	2569.00000
116.49731	2697.00000
116.51882	2613.00000
116.54033	2558.00000
116.56184	2634.00000
116.58335	2560.00000
116.60486	2533.00000
116.62637	2586.00000
116.64788	2597.00000
116.66939	2560.00000
116.69090	2600.00000
116.71241	2628.00000
116.73392	2540.00000
116.75543	2581.00000
116.77694	2496.00000
116.79845	2573.00000
116.81996	2633.00000
116.84147	2555.00000
116.86298	2579.00000
116.88449	2656.00000
116.90600	2562.00000
116.92751	2615.00000
116.94902	2525.00000
116.97053	2548.00000
116.99204	2512.00000
117.01355	2578.00000
117.03506	2530.00000
117.05657	2497.00000
117.07808	2604.00000
117.09959	2557.00000
117.12110	2632.00000
117.14261	2499.00000
117.16412	2515.00000
117.18563	2559.00000
117.20714	2558.00000
117.22865	2508.00000
117.25016	2591.00000
117.27167	2577.00000
117.29318	2557.00000
117.31469	2608.00000
117.33620	2550.00000
117.35771	2604.00000
117.37922	2515.00000
117.40073	2585.00000
117.42224	2502.00000
117.44375	2512.00000
117.46526	2533.00000
117.48677	2615.00000
117.50828	2505.00000
117.52979	2581.00000
117.55130	2595.00000
117.57281	2563.00000
117.59432	2551.00000
117.61583	2514.00000
117.63734	2577.00000
117.65885	2696.00000
117.68036	2644.00000
117.70187	2622.00000
117.72338	2626.00000
117.74489	2586.00000
117.76640	2577.00000
117.78791	2532.00000
117.80942	2511.00000
117.83093	2462.00000
117.85244	2549.00000
117.87395	2573.00000
117.89546	2564.00000
117.91697	2660.00000
117.93848	2517.00000
117.95999	2606.00000
117.98150	2590.00000
118.00301	2564.00000
118.02452	2617.00000
118.04603	2555.00000
118.06754	2534.00000
118.08905	2499.00000
118.11056	2547.00000
118.13207	2548.00000
118.15358	2567.00000
118.17509	2600.00000
118.19660	2577.00000
118.21811	2640.00000
118.23962	2565.00000
118.26113	2511.00000
118.28264	2606.00000
118.30415	2534.00000
118.32566	2628.00000
118.34717	2569.00000
118.36868	2556.00000
118.39019	2602.00000
118.41170	2625.00000
118.43321	2667.00000
118.45472	2524.00000
118.47623	2579.00000
118.49774	2581.00000
118.51925	2532.00000
118.54076	2558.00000
118.56227	2564.00000
118.58378	2561.00000
118.60529	2557.00000
118.62680	2595.00000
118.64831	2514.00000
118.66982	2550.00000
118.69133	2602.00000
118.71284	2571.00000
118.73435	2567.00000
118.75586	2560.00000
118.77737	2524.00000
118.79888	2572.00000
118.82039	2533.00000
118.84190	2645.00000
118.86341	2528.00000
118.88492	2543.00000
118.90643	2595.00000
118.92794	2577.00000
118.94945	2624.00000
118.97096	2603.00000
118.99247	2609.00000
119.01398	2486.00000
119.03549	2568.00000
119.05700	2573.00000
119.07851	2602.00000
119.10002	2553.00000
119.12153	2556.00000
119.14304	2567.00000
119.16455	2584.00000
119.18606	2538.00000
119.20757	2571.00000
119.22908	2549.00000
119.25059	2582.00000
119.27210	2559.00000
119.29361	2538.00000
119.31512	2592.00000
119.33663	2512.00000
119.35814	2593.00000
119.37965	2613.00000
119.40116	2629.00000
119.42267	2554.00000
119.44418	2552.00000
119.46569	2595.00000
119.48720	2582.00000
119.50871	2455.00000
119.53022	2627.00000
119.55173	2679.00000
119.57324	2608.00000
119.59475	2569.00000
119.61626	2617.00000
119.63777	2604.00000
119.65928	2635.00000
119.68079	2630.00000
119.70230	2618.00000
119.72381	2564.00000
119.74532	2540.00000
119.76683	2586.00000
119.78834	2583.00000
119.80985	2640.00000
119.83136	2614.00000
119.85287	2634.00000
119.87438	2613.00000
119.89589	2608.00000
119.91740	2554.00000
119.93891	2635.00000
119.96042	2605.00000
119.98193	2635.00000
120.00344	2622.00000
120.02495	2607.00000
120.04646	2570.00000
120.06797	2608.00000
120.08948	2592.00000
120.11099	2623.00000
120.13250	2657.00000
120.15401	2697.00000
120.17552	2532.00000
120.19703	2602.00000
120.21854	2663.00000
120.24005	2677.00000
120.26156	2639.00000
120.28307	2662.00000
120.30458	2586.00000
120.32609	2542.00000
120.34760	2696.00000
120.36911	2604.00000
120.39062	2642.00000
120.41213	2595.00000
120.43364	2652.00000
120.45515	2591.00000
120.47666	2627.00000
120.49817	2634.00000
120.51968	2564.00000
120.54119	2659.00000
120.56270	2637.00000
120.58421	2618.00000
120.60572	2609.00000
120.62723	2578.00000
120.64874	2614.00000
120.67025	2597.00000
120.69176	2574.00000
120.71327	2595.00000
120.73478	2532.00000
120.75629	2666.00000
120.77780	2644.00000
120.79931	2583.00000
120.82082	2582.00000
120.84233	2625.00000
120.86384	2562.00000
120.88535	2616.00000
120.90686	2636.00000
120.92837	2623.00000
120.94988	2679.00000
120.97139	2621.00000
120.99290	2617.00000
121.01441	2617.00000
121.03592	2561.00000
121.05743	2666.00000
121.07894	2728.00000
121.10045	2629.00000
121.12196	2582.00000
121.14347	2588.00000
121.16498	2674.00000
121.18649	2695.00000
121.20800	2642.00000
121.22951	2766.00000
121.25102	2709.00000
121.27253	2647.00000
121.29404	2599.00000
121.31555	2611.00000
121.33706	2701.00000
121.35857	2631.00000
121.38008	2644.00000
121.40159	2680.00000
121.42310	2656.00000
121.44461	2777.00000
121.46612	2675.00000
121.48763	2687.00000
121.50914	2674.00000
121.53065	2671.00000
121.55216	2706.00000
121.57367	2665.00000
121.59518	2665.00000
121.61669	2720.00000
121.63820	2662.00000
121.65971	2681.00000
121.68122	2662.00000
121.70273	2732.00000
121.72424	2751.00000
121.74575	2678.00000
121.76726	2688.00000
121.78877	2650.00000
121.81028	2744.00000
121.83179	2752.00000
121.85330	2704.00000
121.87481	2701.00000
121.89632	2706.00000
121.91783	2714.00000
121.93934	2625.00000
121.96085	2640.00000
121.98236	2667.00000
122.00387	2792.00000
122.02538	2724.00000
122.04689	2684.00000
122.06840	2692.00000
122.08991	2701.00000
122.11142	2646.00000
122.13293	2598.00000
122.15444	2674.00000
122.17595	2640.00000
122.19746	2707.00000
122.21897	2737.00000
122.24048	2723.00000
122.26199	2636.00000
122.28350	2626.00000
122.30501	2652.00000
122.32652	2653.00000
122.34803	2720.00000
122.36954	2702.00000
122.39105	2595.00000
122.41256	2716.00000
122.43407	2626.00000
122.45558	2698.00000
122.47709	2631.00000
122.49860	2649.00000
122.52011	2622.00000
122.54162	2736.00000
122.56313	2707.00000
122.58464	2717.00000
122.60615	2649.00000
122.62766	2628.00000
122.64917	2585.00000
122.67068	2614.00000
122.69219	2677.00000
122.71370	2618.00000
122.73521	2684.00000
122.75672	2662.00000
122.77823	2662.00000
122.79974	2703.00000
122.82125	2691.00000
122.84276	2647.00000
122.86427	2690.00000
122.88578	2756.00000
122.90729	2720.00000
122.92880	2763.00000
122.95031	2658.00000
122.97182	2715.00000
122.99333	2718.00000
123.01484	2639.00000
123.03635	2720.00000
123.05786	2686.00000
123.07937	2650.00000
123.10088	2694.00000
123.12239	2691.00000
123.14390	2683.00000
123.16541	2662.00000
123.18692	2658.00000
123.20843	2776.00000
123.22994	2704.00000
123.25145	2697.00000
123.27296	2690.00000
123.29447	2698.00000
123.31598	2728.00000
123.33749	2759.00000
123.35900	2743.00000
123.38051	2727.00000
123.40202	2671.00000
123.42353	2667.00000
123.44504	2781.00000
123.46655	2728.00000
123.48806	2644.00000
123.50957	2766.00000
123.53108	2735.00000
123.55259	2737.00000
123.57410	2723.00000
123.59561	2742.00000
123.61712	2752.00000
123.63863	2682.00000
123.66014	2666.00000
123.68165	2736.00000
123.70316	2719.00000
123.72467	2703.00000
123.74618	2706.00000
123.76769	2728.00000
123.78920	2675.00000
123.81071	2770.00000
123.83222	2772.00000
123.85373	2628.00000
123.87524	2772.00000
123.89675	2679.00000
123.91826	2672.00000
123.93977	2678.00000
123.96128	2726.00000
123.98279	2668.00000
124.00430	2746.00000
124.02581	2713.00000
124.04732	2703.00000
124.06883	2668.00000
124.09034	2754.00000
124.11185	2760.00000
124.13336	2707.00000
124.15487	2723.00000
124.17638	2730.00000
124.19789	2785.00000
124.21940	2692.00000
124.24091	2657.00000
124.26242	2718.00000
124.28393	2663.00000
124.30544	2634.00000
124.32695	2751.00000
124.34846	2692.00000
124.36997	2687.00000
124.39148	2650.00000
124.41299	2721.00000
124.43450	2686.00000
124.45601	2749.00000
124.47752	2646.00000
124.49903	2697.00000
124.52054	2704.00000
124.54205	2704.00000
124.56356	2750.00000
124.58507	2734.00000
124.60658	2734.00000
124.62809	2721.00000
124.64960	2723.00000
124.67111	2679.00000
124.69262	2725.00000
124.71413	2621.00000
124.73564	2762.00000
124.75715	2738.00000
124.77866	2681.00000
124.80017	2714.00000
124.82168	2643.00000
124.84319	2706.00000
124.86470	2729.00000
124.88621	2681.00000
124.90772	2716.00000
124.92923	2740.00000
124.95074	2702.00000
124.97225	2724.00000
124.99376	2656.00000
125.01527	2759.00000
125.03678	2624.00000
125.05829	2805.00000
125.07980	2675.00000
125.10131	2649.00000
125.12282	2713.00000
125.14433	2722.00000
125.16584	2774.00000
125.18735	2694.00000
125.20886	2683.00000
125.23037	2679.00000
125.25188	2744.00000
125.27339	2714.00000
125.29490	2713.00000
125.31641	2704.00000
125.33792	2701.00000
125.35943	2634.00000
125.38094	2732.00000
125.40245	2719.00000
125.42396	2637.00000
125.44547	2722.00000
125.46698	2682.00000
125.48849	2665.00000
125.51000	2679.00000
125.53151	2725.00000
125.55302	2750.00000
125.57453	2732.00000
125.59604	2749.00000
125.61755	2667.00000
125.63906	2757.00000
125.66057	2705.00000
125.68208	2741.00000
125.70359	2727.00000
125.72510	2685.00000
125.74661	2702.00000
125.76812	2668.00000
125.78963	2692.00000
125.81114	2749.00000
125.83265	2813.00000
125.85416	2694.00000
125.87567	2671.00000
125.89718	2741.00000
125.91869	2683.00000
125.94020	2698.00000
125.96171	2710.00000
125.98322	2683.00000
126.00473	2684.00000
126.02624	2712.00000
126.04775	2682.00000
126.06926	2697.00000
126.09077	2763.00000
126.11228	2735.00000
126.13379	2679.00000
126.15530	2655.00000
126.17681	2710.00000
126.19832	2728.00000
126.21983	2768.00000
126.24134	2717.00000
126.26285	2763.00000
126.28436	2759.00000
126.30587	2755.00000
126.32738	2723.00000
126.34889	2736.00000
126.37040	2645.00000
126.39191	2697.00000
126.41342	2686.00000
126.43493	2742.00000
126.45644	2785.00000
126.47795	2739.00000
126.49946	2680.00000
126.52097	2776.00000
126.54248	2776.00000
126.56399	2758.00000
126.58550	2797.00000
126.60701	2785.00000
126.62852	2678.00000
126.65003	2655.00000
126.67154	2789.00000
126.69305	2737.00000
126.71456	2675.00000
126.73607	2792.00000
126.75758	2746.00000
126.77909	2789.00000
126.80060	2664.00000
126.82211	2702.00000
126.84362	2749.00000
126.86513	2746.00000
126.88664	2664.00000
126.90815	2839.00000
126.92966	2770.00000
126.95117	2750.00000
126.97268	2746.00000
126.99419	2808.00000
127.01570	2750.00000
127.03721	2782.00000
127.05872	2749.00000
127.08023	2770.00000
127.10174	2744.00000
127.12325	2745.00000
127.14476	2826.00000
127.16627	2746.00000
127.18778	2746.00000
127.20929	2793.00000
127.23080	2798.00000
127.25231	2791.00000
127.27382	2777.00000
127.29533	2746.00000
127.31684	2851.00000
127.33835	2823.00000
127.35986	2873.00000
127.38137	2702.00000
127.40288	2702.00000
127.42439	2706.00000
127.44590	2752.00000
127.46741	2763.00000
127.48892	2745.00000
127.51043	2705.00000
127.53194	2774.00000
127.55345	2759.00000
127.57496	2741.00000
127.59647	2741.00000
127.61798	2744.00000
127.63949	2783.00000
127.66100	2784.00000
127.68251	2735.00000
127.70402	2727.00000
127.72553	2712.00000
127.74704	2725.00000
127.76855	2893.00000
127.79006	2812.00000
127.81157	2749.00000
127.83308	2786.00000
127.85459	2724.00000
127.87610	2731.00000
127.89761	2754.00000
127.91912	2781.00000
127.94063	2769.00000
127.96214	2840.00000
127.98365	2676.00000
128.00516	2844.00000
128.02667	2836.00000
128.04818	2697.00000
128.06969	2743.00000
128.09120	2799.00000
128.11271	2791.00000
128.13422	2761.00000
128.15573	2778.00000
128.17724	2702.00000
128.19875	2762.00000
128.22026	2790.00000
128.24177	2743.00000
128.26328	2693.00000
128.28479	2741.00000
128.30630	2735.00000
128.32781	2730.00000
128.34932	2845.00000
128.37083	2725.00000
128.39234	2726.00000
128.41385	2695.00000
128.43536	2720.00000
128.45687	2777.00000
128.47838	2726.00000
128.49989	2754.00000
128.52140	2716.00000
128.54291	2761.00000
128.56442	2773.00000
128.58593	2724.00000
128.60744	2777.00000
128.62895	2760.00000
128.65046	2779.00000
128.67197	2815.00000
128.69348	2743.00000
128.71499	2771.00000
128.73650	2784.00000
128.75801	2848.00000
128.77952	2807.00000
128.80103	2759.00000
128.82254	2801.00000
128.84405	2760.00000
128.86556	2783.00000
128.88707	2820.00000
128.90858	2714.00000
128.93009	2735.00000
128.95160	2800.00000
128.97311	2813.00000
128.99462	2831.00000
129.01613	2841.00000
129.03764	2740.00000
129.05915	2827.00000
129.08066	2721.00000
129.10217	2793.00000
129.12368	2887.00000
129.14519	2813.00000
129.16670	2809.00000
129.18821	2751.00000
129.20972	2791.00000
129.23123	2870.00000
129.25274	2865.00000
129.27425	2790.00000
129.29576	2803.00000
129.31727	2730.00000
129.33878	2801.00000
129.36029	2790.00000
129.38180	2904.00000
129.40331	2861.00000
129.42482	2865.00000
129.44633	2865.00000
129.46784	2891.00000
129.48935	2827.00000
129.51086	2858.00000
129.53237	2819.00000
129.55388	2768.00000
129.57539	2892.00000
129.59690	2847.00000
129.61841	2839.00000
129.63992	2850.00000
129.66143	2926.00000
129.68294	2837.00000
129.70445	2897.00000
129.72596	2801.00000
129.74747	2837.00000
129.76898	2830.00000
129.79049	2843.00000
129.81200	2773.00000
129.83351	2901.00000
129.85502	2896.00000
129.87653	2865.00000
129.89804	2799.00000
129.91955	2835.00000
129.94106	2856.00000
129.96257	2809.00000
129.98408	2898.00000
130.00559	2821.00000
130.02710	2949.00000
130.04861	2814.00000
130.07012	2895.00000
130.09163	2861.00000
130.11314	2867.00000
130.13465	2905.00000
130.15616	2907.00000
130.17767	2921.00000
130.19918	2926.00000
130.22069	2941.00000
130.24220	2829.00000
130.26371	2798.00000
130.28522	2883.00000
130.30673	2779.00000
130.32824	2843.00000
130.34975	2849.00000
130.37126	2855.00000
130.39277	2875.00000
130.41428	2905.00000
130.43579	2816.00000
130.45730	2869.00000
130.47881	2877.00000
130.50032	2918.00000
130.52183	2852.00000
130.54334	2917.00000
130.56485	2848.00000
130.58636	2848.00000
130.60787	2945.00000
130.62938	2875.00000
130.65089	2934.00000
130.67240	2812.00000
130.69391	2892.00000
130.71542	2939.00000
130.73693	2918.00000
130.75844	2889.00000
130.77995	2904.00000
130.80146	2895.00000
130.82297	2895.00000
130.84448	2834.00000
130.86599	2896.00000
130.88750	2849.00000
130.90901	2953.00000
130.93052	2883.00000
130.95203	2927.00000
130.97354	2871.00000
130.99505	2919.00000
131.01656	2950.00000
131.03807	2957.00000
131.05958	2893.00000
131.08109	2864.00000
131.10260	2909.00000
131.12411	2979.00000
131.14562	2993.00000
131.16713	2847.00000
131.18864	2897.00000
131.21015	2967.00000
131.23166	2954.00000
131.25317	2869.00000
131.27468	2901.00000
131.29619	2945.00000
131.31770	2920.00000
131.33921	2884.00000
131.36072	2905.00000
131.38223	2838.00000
131.40374	2871.00000
131.42525	2898.00000
131.44676	2908.00000
131.46827	2845.00000
131.48978	3030.00000
131.51129	2986.00000
131.53280	2900.00000
131.55431	2844.00000
131.57582	2924.00000
131.59733	2990.00000
131.61884	2888.00000
131.64035	2932.00000
131.66186	2863.00000
131.68337	2930.00000
131.70488	2938.00000
131.72639	2975.00000
131.74790	2825.00000
131.76941	2902.00000
131.79092	2855.00000
131.81243	2891.00000
131.83394	2938.00000
131.85545	2869.00000
131.87696	2895.00000
131.89847	2922.00000
131.91998	2942.00000
131.94149	3030.00000
131.96300	3029.00000
131.98451	2936.00000
132.00602	2930.00000
132.02753	2894.00000
132.04904	2945.00000
132.07055	2834.00000
132.09206	2946.00000
132.11357	2919.00000
132.13508	2863.00000
132.15659	2979.00000
132.17810	2915.00000
132.19961	2949.00000
132.22112	2923.00000
132.24263	2876.00000
132.26414	2907.00000
132.28565	3034.00000
132.30716	2947.00000
132.32867	2959.00000
132.35018	2965.00000
132.37169	2978.00000
132.39320	2925.00000
132.41471	2949.00000
132.43622	2957.00000
132.45773	2967.00000
132.47924	2913.00000
132.50075	2951.00000
132.52226	2916.00000
132.54377	2881.00000
132.56528	2928.00000
132.58679	2965.00000
132.60830	2974.00000
132.62981	3009.00000
132.65132	2918.00000
132.67283	3005.00000
132.69434	2918.00000
132.71585	3052.00000
132.73736	3060.00000
132.75887	2958.00000
132.78038	2982.00000
132.80189	3030.00000
132.82340	2957.00000
132.84491	2972.00000
132.86642	2979.00000
132.88793	3073.00000
132.90944	2962.00000
132.93095	2946.00000
132.95246	2948.00000
132.97397	2997.00000
132.99548	2888.00000
133.01699	2896.00000
133.03850	2947.00000
133.06001	2954.00000
133.08152	2999.00000
133.10303	3042.00000
133.12454	2904.00000
133.14605	2957.00000
133.16756	2964.00000
133.18907	2905.00000
133.21058	3029.00000
133.23209	2966.00000
133.25360	3053.00000
133.27511	2962.00000
133.29662	2961.00000
133.31813	2962.00000
133.33964	3033.00000
133.36115	2948.00000
133.38266	2991.00000
133.40417	2974.00000
133.42568	2926.00000
133.44719	3002.00000
133.46870	2979.00000
133.49021	2949.00000
133.51172	2845.00000
133.53323	2900.00000
133.55474	3000.00000
133.57625	2874.00000
133.59776	2926.00000
133.61927	2983.00000
133.64078	3051.00000
133.66229	2972.00000
133.68380	2961.00000
133.70531	2919.00000
133.72682	2948.00000
133.74833	3049.00000
133.76984	2998.00000
133.79135	2889.00000
133.81286	2971.00000
133.83437	2943.00000
133.85588	3054.00000
133.87739	2988.00000
133.89890	2978.00000
133.92041	2928.00000
133.94192	2967.00000
133.96343	3033.00000
133.98494	2912.00000
134.00645	2987.00000
134.02796	2962.00000
134.04947	2970.00000
134.07098	3002.00000
134.09249	2978.00000
134.11400	2943.00000
134.13551	2849.00000
134.15702	2892.00000
134.17853	2956.00000
134.20004	3024.00000
134.22155	3010.00000
134.24306	2962.00000
134.26457	2959.00000
134.28608	2927.00000
134.30759	3020.00000
134.32910	2935.00000
134.35061	3021.00000
134.37212	2968.00000
134.39363	2887.00000
134.41514	2976.00000
134.43665	2994.00000
134.45816	3011.00000
134.47967	3006.00000
134.50118	2989.00000
134.52269	2974.00000
134.54420	2940.00000
134.56571	3005.00000
134.58722	2902.00000
134.60873	2974.00000
134.63024	2934.00000
134.65175	2977.00000
134.67326	3009.00000
134.69477	3020.00000
134.71628	2976.00000
134.73779	3036.00000
134.75930	3012.00000
134.78081	2950.00000
134.80232	2989.00000
134.82383	2995.00000
134.84534	3068.00000
134.86685	2992.00000
134.88836	3057.00000
134.90987	3092.00000
134.93138	3018.00000
134.95289	2966.00000
134.97440	3110.00000
134.99591	3038.00000
135.01742	3079.00000
135.03893	3037.00000
135.06044	2978.00000
135.08195	3045.00000
135.10346	3097.00000
135.12497	3033.00000
135.14648	3112.00000
135.16799	3109.00000
135.18950	3036.00000
135.21101	3007.00000
135.23252	2965.00000
135.25403	3071.00000
135.27554	3095.00000
135.29705	3024.00000
135.31856	3046.00000
135.34007	3049.00000
135.36158	3077.00000
135.38309	3126.00000
135.40460	3163.00000
135.42611	3054.00000
135.44762	3018.00000
135.46913	3043.00000
135.49064	3056.00000
135.51215	3149.00000
135.53366	3113.00000
135.55517	3072.00000
135.57668	3100.00000
135.59819	3024.00000
135.61970	3058.00000
135.64121	3028.00000
135.66272	3036.00000
135.68423	3090.00000
135.70574	3024.00000
135.72725	3077.00000
135.74876	3051.00000
135.77027	3117.00000
135.79178	3078.00000
135.81329	3078.00000
135.83480	3084.00000
135.85631	3170.00000
135.87782	3108.00000
135.89933	3069.00000
135.92084	3142.00000
135.94235	3018.00000
135.96386	3018.00000
135.98537	3078.00000
136.00688	2985.00000
136.02839	3051.00000
136.04990	3180.00000
136.07141	3068.00000
136.09292	3115.00000
136.11443	3042.00000
136.13594	3119.00000
136.15745	3186.00000
136.17896	3079.00000
136.20047	2998.00000
136.22198	3005.00000
136.24349	3068.00000
136.26500	3222.00000
136.28651	3091.00000
136.30802	3095.00000
136.32953	3175.00000
136.35104	3012.00000
136.37255	3175.00000
136.39406	3103.00000
136.41557	3137.00000
136.43708	3104.00000
136.45859	3145.00000
136.48010	3110.00000
136.50161	3126.00000
136.52312	3127.00000
136.54463	3197.00000
136.56614	3147.00000
136.58765	3122.00000
136.60916	3106.00000
136.63067	3095.00000
136.65218	3125.00000
136.67369	3154.00000
136.69520	3132.00000
136.71671	3148.00000
136.73822	3051.00000
136.75973	3107.00000
136.78124	3082.00000
136.80275	3060.00000
136.82426	3146.00000
136.84577	3112.00000
136.86728	3159.00000
136.88879	3123.00000
136.91030	3083.00000
136.93181	3065.00000
136.95332	3232.00000
136.97483	3052.00000
136.99634	3144.00000
137.01785	3069.00000
137.03936	3268.00000
137.06087	3150.00000
137.08238	3190.00000
137.10389	3156.00000
137.12540	3141.00000
137.14691	3154.00000
137.16842	3170.00000
137.18993	3082.00000
137.21144	3084.00000
137.23295	3206.00000
137.25446	3073.00000
137.27597	3108.00000
137.29748	3104.00000
137.31899	3122.00000
137.34050	3121.00000
137.36201	3055.00000
137.38352	3290.00000
137.40503	3148.00000
137.42654	3186.00000
137.44805	3201.00000
137.46956	3215.00000
137.49107	3179.00000
137.51258	3072.00000
137.53409	3126.00000
137.55560	3191.00000
137.57711	3110.00000
137.59862	3146.00000
137.62013	3095.00000
137.64164	3189.00000
137.66315	3175.00000
137.68466	3123.00000
137.70617	3166.00000
137.72768	3136.00000
137.74919	3258.00000
137.77070	3196.00000
137.79221	3172.00000
137.81372	3171.00000
137.83523	3186.00000
137.85674	3249.00000
137.87825	3123.00000
137.89976	3120.00000
137.92127	3154.00000
137.94278	3185.00000
137.96429	3166.00000
137.98580	3163.00000
138.00731	3149.00000
138.02882	3085.00000
138.05033	3193.00000
138.07184	3187.00000
138.09335	3145.00000
138.11486	3111.00000
138.13637	3191.00000
138.15788	3157.00000
138.17939	3110.00000
138.20090	3090.00000
138.22241	3233.00000
138.24392	3084.00000
138.26543	3204.00000
138.28694	3151.00000
138.30845	3167.00000
138.32996	3175.00000
138.35147	3127.00000
138.37298	3137.00000
138.39449	3184.00000
138.41600	3155.00000
138.43751	3237.00000
138.45902	3070.00000
138.48053	3136.00000
138.50204	3246.00000
138.52355	3156.00000
138.54506	3250.00000
138.56657	3148.00000
138.58808	3174.00000
138.60959	3082.00000
138.63110	3260.00000
138.65261	3152.00000
138.67412	3181.00000
138.69563	3144.00000
138.71714	3181.00000
138.73865	3131.00000
138.76016	3138.00000
138.78167	3137.00000
138.80318	3314.00000
138.82469	3173.00000
138.84620	3222.00000
138.86771	3159.00000
138.88922	3250.00000
138.91073	3181.00000
138.93224	3216.00000
138.95375	3140.00000
138.97526	3104.00000
138.99677	3124.00000
139.01828	3205.00000
139.03979	3223.00000
139.06130	3148.00000
139.08281	3122.00000
139.10432	3177.00000
139.12583	3165.00000
139.14734	3188.00000
139.16885	3170.00000
139.19036	3148.00000
139.21187	3209.00000
139.23338	3173.00000
139.25489	3261.00000
139.27640	3139.00000
139.29791	3219.00000
139.31942	3228.00000
139.34093	3232.00000
139.36244	3202.00000
139.38395	3095.00000
139.40546	3076.00000
139.42697	3233.00000
139.44848	3206.00000
139.46999	3263.00000
139.49150	3198.00000
139.51301	3201.00000
139.53452	3162.00000
139.55603	3224.00000
139.57754	3221.00000
139.59905	3237.00000
139.62056	3226.00000
139.64207	3131.00000
139.66358	3166.00000
139.68509	3176.00000
139.70660	3135.00000
139.72811	3201.00000
139.74962	3262.00000
139.77113	3240.00000
139.79264	3242.00000
139.81415	3242.00000
139.83566	3368.00000
139.85717	3200.00000
139.87868	3321.00000
139.90019	3267.00000
139.92170	3276.00000
139.94321	3244.00000
139.96472	3300.00000
139.98623	3276.00000
140.00774	3378.00000
140.02925	3276.00000
140.05076	3257.00000
140.07227	3215.00000
140.09378	3279.00000
140.11529	3326.00000
140.13680	3297.00000
140.15831	3286.00000
140.17982	3349.00000
140.20133	3300.00000
140.22284	3387.00000
140.24435	3249.00000
140.26586	3282.00000
140.28737	3254.00000
140.30888	3249.00000
140.33039	3340.00000
140.35190	3255.00000
140.37341	3415.00000
140.39492	3346.00000
140.41643	3410.00000
140.43794	3431.00000
140.45945	3342.00000
140.48096	3390.00000
140.50247	3341.00000
140.52398	3367.00000
140.54549	3398.00000
140.56700	3455.00000
140.58851	3416.00000
140.61002	3390.00000
140.63153	3365.00000
140.65304	3305.00000
140.67455	3298.00000
140.69606	3279.00000
