3.00000	3215.00000
3.01000	3245.00000
3.02000	3198.00000
3.03000	3213.00000
3.04000	3139.00000
3.05000	3154.00000
3.06000	3186.00000
3.07000	3212.00000
3.08000	3168.00000
3.09000	3160.00000
3.10000	3112.00000
3.11000	3156.00000
3.12000	3139.00000
3.13000	3111.00000
3.14000	3174.00000
3.15000	3216.00000
3.16000	3114.00000
3.17000	3214.00000
3.18000	3229.00000
3.19000	3168.00000
3.20000	3235.00000
3.21000	3204.00000
3.22000	3190.00000
3.23000	3153.00000
3.24000	3201.00000
3.25000	3164.00000
3.26000	3214.00000
3.27000	3230.00000
3.28000	3224.00000
3.29000	3201.00000
3.30000	3216.00000
3.31000	3255.00000
3.32000	3209.00000
3.33000	3162.00000
3.34000	3168.00000
3.35000	3263.00000
3.36000	3234.00000
3.37000	3266.00000
3.38000	3206.00000
3.39000	3212.00000
3.40000	3208.00000
3.41000	3203.00000
3.42000	3222.00000
3.43000	3231.00000
3.44000	3335.00000
3.45000	3310.00000
3.46000	3224.00000
3.47000	3228.00000
3.48000	3301.00000
3.49000	3253.00000
3.50000	3265.00000
3.51000	3327.00000
3.52000	3315.00000
3.53000	3257.00000
3.54000	3298.00000
3.55000	3277.00000
3.56000	3290.00000
3.57000	3266.00000
3.58000	3311.00000
3.59000	3275.00000
3.60000	3276.00000
3.61000	3293.00000
3.62000	3239.00000
3.63000	3253.00000
3.64000	3309.00000
3.65000	3322.00000
3.66000	3340.00000
3.67000	3279.00000
3.68000	3282.00000
3.69000	3331.00000
3.70000	3264.00000
3.71000	3292.00000
3.72000	3301.00000
3.73000	3328.00000
3.74000	3286.00000
3.75000	3316.00000
3.76000	3251.00000
3.77000	3341.00000
3.78000	3357.00000
3.79000	3340.00000
3.80000	3282.00000
3.81000	3306.00000
3.82000	3334.00000
3.83000	3336.00000
3.84000	3333.00000
3.85000	3261.00000
3.86000	3338.00000
3.87000	3314.00000
3.88000	3289.00000
3.89000	3282.00000
3.90000	3330.00000
3.91000	3315.00000
3.92000	3369.00000
3.93000	3403.00000
3.94000	3292.00000
3.95000	3351.00000
3.96000	3409.00000
3.97000	3302.00000
3.98000	3339.00000
3.99000	3378.00000
4.00000	3322.00000
4.01000	3390.00000
4.02000	3387.00000
4.03000	3369.00000
4.04000	3408.00000
4.05000	3363.00000
4.06000	3328.00000
4.07000	3338.00000
4.08000	3328.00000
4.09000	3324.00000
4.10000	3341.00000
4.11000	3315.00000
4.12000	3284.00000
4.13000	3331.00000
4.14000	3280.00000
4.15000	3325.00000
4.16000	3381.00000
4.17000	3353.00000
4.18000	3356.00000
4.19000	3391.00000
4.20000	3373.00000
4.21000	3381.00000
4.22000	3370.00000
4.23000	3389.00000
4.24000	3373.00000
4.25000	3362.00000
4.26000	3393.00000
4.27000	3410.00000
4.28000	3359.00000
4.29000	3313.00000
4.30000	3350.00000
4.31000	3353.00000
4.32000	3408.00000
4.33000	3384.00000
4.34000	3427.00000
4.35000	3420.00000
4.36000	3352.00000
4.37000	3385.00000
4.38000	3380.00000
4.39000	3428.00000
4.40000	3360.00000
4.41000	3327.00000
4.42000	3394.00000
4.43000	3317.00000
4.44000	3378.00000
4.45000	3364.00000
4.46000	3359.00000
4.47000	3390.00000
4.48000	3384.00000
4.49000	3364.00000
4.50000	3406.00000
4.51000	3373.00000
4.52000	3414.00000
4.53000	3398.00000
4.54000	3390.00000
4.55000	3424.00000
4.56000	3379.00000
4.57000	3402.00000
4.58000	3342.00000
4.59000	3313.00000
4.60000	3398.00000
4.61000	3457.00000
4.62000	3415.00000
4.63000	3388.00000
4.64000	3405.00000
4.65000	3466.00000
4.66000	3402.00000
4.67000	3386.00000
4.68000	3434.00000
4.69000	3343.00000
4.70000	3477.00000
4.71000	3373.00000
4.72000	3410.00000
4.73000	3440.00000
4.74000	3450.00000
4.75000	3465.00000
4.76000	3447.00000
4.77000	3465.00000
4.78000	3413.00000
4.79000	3448.00000
4.80000	3463.00000
4.81000	3340.00000
4.82000	3498.00000
4.83000	3415.00000
4.84000	3418.00000
4.85000	3448.00000
4.86000	3369.00000
4.87000	3343.00000
4.88000	3412.00000
4.89000	3420.00000
4.90000	3397.00000
4.91000	3477.00000
4.92000	3450.00000
4.93000	3470.00000
4.94000	3458.00000
4.95000	3440.00000
4.96000	3467.00000
4.97000	3456.00000
4.98000	3457.00000
4.99000	3450.00000
5.00000	3417.00000
5.01000	3426.00000
5.02000	3466.00000
5.03000	3449.00000
5.04000	3445.00000
5.05000	3384.00000
5.06000	3419.00000
5.07000	3433.00000
5.08000	3504.00000
5.09000	3491.00000
5.10000	3475.00000
5.11000	3399.00000
5.12000	3431.00000
5.13000	3386.00000
5.14000	3446.00000
5.15000	3411.00000
5.16000	3412.00000
5.17000	3439.00000
5.18000	3389.00000
5.19000	3473.00000
5.20000	3420.00000
5.21000	3504.00000
5.22000	3484.00000
5.23000	3509.00000
5.24000	3542.00000
5.25000	3505.00000
5.26000	3525.00000
5.27000	3448.00000
5.28000	3459.00000
5.29000	3474.00000
5.30000	3521.00000
5.31000	3498.00000
5.32000	3480.00000
5.33000	3505.00000
5.34000	3468.00000
5.35000	3503.00000
5.36000	3524.00000
5.37000	3565.00000
5.38000	3462.00000
5.39000	3467.00000
5.40000	3498.00000
5.41000	3462.00000
5.42000	3506.00000
5.43000	3504.00000
5.44000	3456.00000
5.45000	3504.00000
5.46000	3503.00000
5.47000	3501.00000
5.48000	3506.00000
5.49000	3475.00000
5.50000	3505.00000
5.51000	3478.00000
5.52000	3505.00000
5.53000	3553.00000
5.54000	3553.00000
5.55000	3546.00000
5.56000	3538.00000
5.57000	3559.00000
5.58000	3457.00000
5.59000	3552.00000
5.60000	3513.00000
5.61000	3536.00000
5.62000	3527.00000
5.63000	3572.00000
5.64000	3544.00000
5.65000	3577.00000
5.66000	3483.00000
5.67000	3528.00000
5.68000	3498.00000
5.69000	3493.00000
5.70000	3461.00000
5.71000	3479.00000
5.72000	3592.00000
5.73000	3485.00000
5.74000	3471.00000
5.75000	3531.00000
5.76000	3559.00000
5.77000	3569.00000
5.78000	3555.00000
5.79000	3523.00000
5.80000	3551.00000
5.81000	3510.00000
5.82000	3569.00000
5.83000	3489.00000
5.84000	3520.00000
5.85000	3475.00000
5.86000	3510.00000
5.87000	3529.00000
5.88000	3493.00000
5.89000	3535.00000
5.90000	3535.00000
5.91000	3525.00000
5.92000	3502.00000
5.93000	3468.00000
5.94000	3533.00000
5.95000	3514.00000
5.96000	3537.00000
5.97000	3501.00000
5.98000	3534.00000
5.99000	3538.00000
6.00000	3532.00000
6.01000	3505.00000
6.02000	3550.00000
6.03000	3569.00000
6.04000	3572.00000
6.05000	3514.00000
6.06000	3610.00000
6.07000	3583.00000
6.08000	3558.00000
6.09000	3619.00000
6.10000	3592.00000
6.11000	3624.00000
6.12000	3580.00000
6.13000	3621.00000
6.14000	3594.00000
6.15000	3616.00000
6.16000	3739.00000
6.17000	3669.00000
6.18000	3689.00000
6.19000	3781.00000
6.20000	3763.00000
6.21000	3811.00000
6.22000	3784.00000
6.23000	3848.00000
6.24000	4060.00000
6.25000	4196.00000
6.26000	4518.00000
6.27000	5033.00000
6.28000	6097.00000
6.29000	8201.00000
6.30000	11962.00000
6.31000	17781.00000
6.32000	24346.00000
6.33000	26341.00000
6.34000	21774.00000
6.35000	14953.00000
6.36000	9936.00000
6.37000	6881.00000
6.38000	5315.00000
6.39000	4471.00000
6.40000	4107.00000
6.41000	3916.00000
6.42000	3796.00000
6.43000	3718.00000
6.44000	3667.00000
6.45000	3764.00000
6.46000	3665.00000
6.47000	3632.00000
6.48000	3720.00000
6.49000	3622.00000
6.50000	3664.00000
6.51000	3613.00000
6.52000	3572.00000
6.53000	3614.00000
6.54000	3629.00000
6.55000	3629.00000
6.56000	3693.00000
6.57000	3627.00000
6.58000	3585.00000
6.59000	3668.00000
6.60000	3621.00000
6.61000	3613.00000
6.62000	3648.00000
6.63000	3634.00000
6.64000	3607.00000
6.65000	3631.00000
6.66000	3656.00000
6.67000	3642.00000
6.68000	3691.00000
6.69000	3654.00000
6.70000	3613.00000
6.71000	3709.00000
6.72000	3692.00000
6.73000	3682.00000
6.74000	3763.00000
6.75000	3731.00000
6.76000	3848.00000
6.77000	3986.00000
6.78000	4053.00000
6.79000	4266.00000
6.80000	4717.00000
6.81000	5518.00000
6.82000	6915.00000
6.83000	9337.00000
6.84000	12812.00000
6.85000	15872.00000
6.86000	16239.00000
6.87000	13288.00000
6.88000	9713.00000
6.89000	7337.00000
6.90000	5567.00000
6.91000	4674.00000
6.92000	4187.00000
6.93000	3962.00000
6.94000	3778.00000
6.95000	3719.00000
6.96000	3649.00000
6.97000	3608.00000
6.98000	3633.00000
6.99000	3608.00000
7.00000	3627.00000
7.01000	3620.00000
7.02000	3601.00000
7.03000	3570.00000
7.04000	3642.00000
7.05000	3617.00000
7.06000	3520.00000
7.07000	3583.00000
7.08000	3628.00000
7.09000	3550.00000
7.10000	3546.00000
7.11000	3599.00000
7.12000	3579.00000
7.13000	3577.00000
7.14000	3589.00000
7.15000	3584.00000
7.16000	3602.00000
7.17000	3676.00000
7.18000	3701.00000
7.19000	3717.00000
7.20000	3715.00000
7.21000	3768.00000
7.22000	3834.00000
7.23000	3904.00000
7.24000	3918.00000
7.25000	3908.00000
7.26000	3757.00000
7.27000	3657.00000
7.28000	3689.00000
7.29000	3632.00000
7.30000	3602.00000
7.31000	3555.00000
7.32000	3566.00000
7.33000	3563.00000
7.34000	3607.00000
7.35000	3548.00000
7.36000	3549.00000
7.37000	3637.00000
7.38000	3619.00000
7.39000	3625.00000
7.40000	3639.00000
7.41000	3593.00000
7.42000	3569.00000
7.43000	3630.00000
7.44000	3610.00000
7.45000	3615.00000
7.46000	3650.00000
7.47000	3649.00000
7.48000	3589.00000
7.49000	3633.00000
7.50000	3647.00000
7.51000	3664.00000
7.52000	3738.00000
7.53000	3632.00000
7.54000	3655.00000
7.55000	3698.00000
7.56000	3775.00000
7.57000	3734.00000
7.58000	3739.00000
7.59000	3736.00000
7.60000	3742.00000
7.61000	3760.00000
7.62000	3804.00000
7.63000	3807.00000
7.64000	3819.00000
7.65000	3796.00000
7.66000	3837.00000
7.67000	3915.00000
7.68000	3924.00000
7.69000	3927.00000
7.70000	4010.00000
7.71000	4044.00000
7.72000	4043.00000
7.73000	4177.00000
7.74000	4243.00000
7.75000	4320.00000
7.76000	4473.00000
7.77000	4669.00000
7.78000	4977.00000
7.79000	5380.00000
7.80000	5886.00000
7.81000	6816.00000
7.82000	8285.00000
7.83000	10765.00000
7.84000	14927.00000
7.85000	22309.00000
7.86000	34310.00000
7.87000	50016.00000
7.88000	65836.00000
7.89000	73292.00000
7.90000	70812.00000
7.91000	63196.00000
7.92000	48960.00000
7.93000	33918.00000
7.94000	21870.00000
7.95000	14052.00000
7.96000	9592.00000
7.97000	7141.00000
7.98000	5925.00000
7.99000	5333.00000
8.00000	4934.00000
8.01000	4796.00000
8.02000	4686.00000
8.03000	4511.00000
8.04000	4252.00000
8.05000	4131.00000
8.06000	3911.00000
8.07000	3875.00000
8.08000	3824.00000
8.09000	3807.00000
8.10000	3785.00000
8.11000	3708.00000
8.12000	3747.00000
8.13000	3640.00000
8.14000	3644.00000
8.15000	3670.00000
8.16000	3658.00000
8.17000	3631.00000
8.18000	3645.00000
8.19000	3687.00000
8.20000	3601.00000
8.21000	3592.00000
8.22000	3627.00000
8.23000	3549.00000
8.24000	3561.00000
8.25000	3596.00000
8.26000	3577.00000
8.27000	3586.00000
8.28000	3673.00000
8.29000	3611.00000
8.30000	3638.00000
8.31000	3597.00000
8.32000	3553.00000
8.33000	3642.00000
8.34000	3634.00000
8.35000	3551.00000
8.36000	3612.00000
8.37000	3569.00000
8.38000	3609.00000
8.39000	3617.00000
8.40000	3681.00000
8.41000	3587.00000
8.42000	3650.00000
8.43000	3590.00000
8.44000	3546.00000
8.45000	3593.00000
8.46000	3566.00000
8.47000	3598.00000
8.48000	3662.00000
8.49000	3598.00000
8.50000	3607.00000
8.51000	3635.00000
8.52000	3617.00000
8.53000	3606.00000
8.54000	3578.00000
8.55000	3576.00000
8.56000	3575.00000
8.57000	3619.00000
8.58000	3664.00000
8.59000	3606.00000
8.60000	3622.00000
8.61000	3583.00000
8.62000	3539.00000
8.63000	3595.00000
8.64000	3562.00000
8.65000	3593.00000
8.66000	3607.00000
8.67000	3528.00000
8.68000	3606.00000
8.69000	3570.00000
8.70000	3612.00000
8.71000	3566.00000
8.72000	3606.00000
8.73000	3553.00000
8.74000	3622.00000
8.75000	3608.00000
8.76000	3553.00000
8.77000	3602.00000
8.78000	3601.00000
8.79000	3551.00000
8.80000	3610.00000
8.81000	3628.00000
8.82000	3662.00000
8.83000	3620.00000
8.84000	3623.00000
8.85000	3622.00000
8.86000	3579.00000
8.87000	3605.00000
8.88000	3638.00000
8.89000	3621.00000
8.90000	3644.00000
8.91000	3595.00000
8.92000	3631.00000
8.93000	3647.00000
8.94000	3621.00000
8.95000	3567.00000
8.96000	3711.00000
8.97000	3705.00000
8.98000	3691.00000
8.99000	3757.00000
9.00000	3647.00000
9.01000	3726.00000
9.02000	3744.00000
9.03000	3621.00000
9.04000	3673.00000
9.05000	3669.00000
9.06000	3674.00000
9.07000	3671.00000
9.08000	3758.00000
9.09000	3782.00000
9.10000	3756.00000
9.11000	3857.00000
9.12000	3917.00000
9.13000	4013.00000
9.14000	4288.00000
9.15000	4553.00000
9.16000	5132.00000
9.17000	6067.00000
9.18000	7405.00000
9.19000	9305.00000
9.20000	10756.00000
9.21000	10738.00000
9.22000	9246.00000
9.23000	7434.00000
9.24000	5973.00000
9.25000	5046.00000
9.26000	4512.00000
9.27000	4265.00000
9.28000	4108.00000
9.29000	4234.00000
9.30000	4346.00000
9.31000	4425.00000
9.32000	4501.00000
9.33000	4432.00000
9.34000	4333.00000
9.35000	4243.00000
9.36000	4163.00000
9.37000	4191.00000
9.38000	4253.00000
9.39000	4503.00000
9.40000	4608.00000
9.41000	5156.00000
9.42000	5918.00000
9.43000	7230.00000
9.44000	9571.00000
9.45000	13642.00000
9.46000	20008.00000
9.47000	28998.00000
9.48000	37238.00000
9.49000	39530.00000
9.50000	33701.00000
9.51000	24749.00000
9.52000	16817.00000
9.53000	11361.00000
9.54000	8095.00000
9.55000	6153.00000
9.56000	5184.00000
9.57000	4568.00000
9.58000	4288.00000
9.59000	4074.00000
9.60000	4054.00000
9.61000	3975.00000
9.62000	3931.00000
9.63000	3892.00000
9.64000	3833.00000
9.65000	3914.00000
9.66000	3947.00000
9.67000	3985.00000
9.68000	4128.00000
9.69000	4179.00000
9.70000	4292.00000
9.71000	4461.00000
9.72000	4442.00000
9.73000	4333.00000
9.74000	4142.00000
9.75000	4060.00000
9.76000	3960.00000
9.77000	3936.00000
9.78000	3898.00000
9.79000	3814.00000
9.80000	3815.00000
9.81000	3780.00000
9.82000	3790.00000
9.83000	3860.00000
9.84000	3902.00000
9.85000	3925.00000
9.86000	4124.00000
9.87000	4415.00000
9.88000	4983.00000
9.89000	6036.00000
9.90000	7672.00000
9.91000	9164.00000
9.92000	9181.00000
9.93000	7548.00000
9.94000	6053.00000
9.95000	5051.00000
9.96000	4512.00000
9.97000	4183.00000
9.98000	4046.00000
9.99000	3979.00000
10.00000	4027.00000
10.01000	4003.00000
10.02000	4021.00000
10.03000	4085.00000
10.04000	4150.00000
10.05000	4131.00000
10.06000	4097.00000
10.07000	4154.00000
10.08000	4274.00000
10.09000	4214.00000
10.10000	4350.00000
10.11000	4439.00000
10.12000	4461.00000
10.13000	4637.00000
10.14000	4759.00000
10.15000	4966.00000
10.16000	5294.00000
10.17000	5647.00000
10.18000	6236.00000
10.19000	7144.00000
10.20000	8536.00000
10.21000	10931.00000
10.22000	15014.00000
10.23000	21990.00000
10.24000	34376.00000
10.25000	54301.00000
10.26000	82011.00000
10.27000	108787.00000
10.28000	117628.00000
10.29000	101070.00000
10.30000	72244.00000
10.31000	46887.00000
10.32000	29242.00000
10.33000	18237.00000
10.34000	12178.00000
10.35000	8868.00000
10.36000	7126.00000
10.37000	6210.00000
10.38000	5698.00000
10.39000	5461.00000
10.40000	5623.00000
10.41000	6043.00000
10.42000	6951.00000
10.43000	8599.00000
10.44000	10735.00000
10.45000	12925.00000
10.46000	13762.00000
10.47000	12690.00000
10.48000	10323.00000
10.49000	8047.00000
10.50000	6420.00000
10.51000	5467.00000
10.52000	4740.00000
10.53000	4425.00000
10.54000	4206.00000
10.55000	4043.00000
10.56000	4031.00000
10.57000	4007.00000
10.58000	3999.00000
10.59000	4036.00000
10.60000	4108.00000
10.61000	4274.00000
10.62000	4598.00000
10.63000	5123.00000
10.64000	6397.00000
10.65000	8051.00000
10.66000	10360.00000
10.67000	12459.00000
10.68000	11836.00000
10.69000	9656.00000
10.70000	7478.00000
10.71000	5930.00000
10.72000	4969.00000
10.73000	4474.00000
10.74000	4147.00000
10.75000	3905.00000
10.76000	3922.00000
10.77000	3805.00000
10.78000	3727.00000
10.79000	3760.00000
10.80000	3748.00000
10.81000	3703.00000
10.82000	3756.00000
10.83000	3741.00000
10.84000	3716.00000
10.85000	3733.00000
10.86000	3695.00000
10.87000	3738.00000
10.88000	3756.00000
10.89000	3731.00000
10.90000	3813.00000
10.91000	3803.00000
10.92000	3958.00000
10.93000	4042.00000
10.94000	4288.00000
10.95000	4610.00000
10.96000	5261.00000
10.97000	6210.00000
10.98000	7359.00000
10.99000	8389.00000
11.00000	8314.00000
11.01000	7529.00000
11.02000	6299.00000
11.03000	5298.00000
11.04000	4716.00000
11.05000	4264.00000
11.06000	4073.00000
11.07000	3913.00000
11.08000	3792.00000
11.09000	3829.00000
11.10000	3752.00000
11.11000	3682.00000
11.12000	3741.00000
11.13000	3731.00000
11.14000	3657.00000
11.15000	3700.00000
11.16000	3709.00000
11.17000	3669.00000
11.18000	3710.00000
11.19000	3648.00000
11.20000	3709.00000
11.21000	3754.00000
11.22000	3732.00000
11.23000	3733.00000
11.24000	3735.00000
11.25000	3777.00000
11.26000	3756.00000
11.27000	3799.00000
11.28000	3754.00000
11.29000	3810.00000
11.30000	3790.00000
11.31000	3770.00000
11.32000	3844.00000
11.33000	3962.00000
11.34000	4136.00000
11.35000	4235.00000
11.36000	4626.00000
11.37000	5087.00000
11.38000	5958.00000
11.39000	7205.00000
11.40000	8599.00000
11.41000	9872.00000
11.42000	10022.00000
11.43000	9020.00000
11.44000	7633.00000
11.45000	6308.00000
11.46000	5386.00000
11.47000	4706.00000
11.48000	4334.00000
11.49000	4128.00000
11.50000	3855.00000
11.51000	3884.00000
11.52000	3792.00000
11.53000	3775.00000
11.54000	3788.00000
11.55000	3790.00000
11.56000	3854.00000
11.57000	3871.00000
11.58000	3937.00000
11.59000	3876.00000
11.60000	3934.00000
11.61000	3968.00000
11.62000	4130.00000
11.63000	4419.00000
11.64000	4695.00000
11.65000	5283.00000
11.66000	6217.00000
11.67000	7139.00000
11.68000	7837.00000
11.69000	7959.00000
11.70000	7163.00000
11.71000	6087.00000
11.72000	5153.00000
11.73000	4562.00000
11.74000	4200.00000
11.75000	3994.00000
11.76000	3901.00000
11.77000	3806.00000
11.78000	3791.00000
11.79000	3706.00000
11.80000	3698.00000
11.81000	3700.00000
11.82000	3712.00000
11.83000	3653.00000
11.84000	3682.00000
11.85000	3697.00000
11.86000	3649.00000
11.87000	3681.00000
11.88000	3680.00000
11.89000	3744.00000
11.90000	3791.00000
11.91000	3771.00000
11.92000	3837.00000
11.93000	3862.00000
11.94000	3760.00000
11.95000	3761.00000
11.96000	3732.00000
11.97000	3754.00000
11.98000	3665.00000
11.99000	3705.00000
12.00000	3790.00000
12.01000	3743.00000
12.02000	3698.00000
12.03000	3700.00000
12.04000	3708.00000
12.05000	3682.00000
12.06000	3721.00000
12.07000	3642.00000
12.08000	3718.00000
12.09000	3664.00000
12.10000	3694.00000
12.11000	3745.00000
12.12000	3737.00000
12.13000	3698.00000
12.14000	3676.00000
12.15000	3748.00000
12.16000	3721.00000
12.17000	3705.00000
12.18000	3753.00000
12.19000	3701.00000
12.20000	3699.00000
12.21000	3740.00000
12.22000	3699.00000
12.23000	3728.00000
12.24000	3855.00000
12.25000	3792.00000
12.26000	3915.00000
12.27000	3900.00000
12.28000	4003.00000
12.29000	4141.00000
12.30000	4348.00000
12.31000	4785.00000
12.32000	5382.00000
12.33000	6322.00000
12.34000	7340.00000
12.35000	7958.00000
12.36000	7739.00000
12.37000	6811.00000
12.38000	5845.00000
12.39000	4997.00000
12.40000	4510.00000
12.41000	4154.00000
12.42000	4111.00000
12.43000	3994.00000
12.44000	3964.00000
12.45000	3827.00000
12.46000	3784.00000
12.47000	3848.00000
12.48000	3843.00000
12.49000	3779.00000
12.50000	3840.00000
12.51000	3877.00000
12.52000	3798.00000
12.53000	3816.00000
12.54000	3925.00000
12.55000	3942.00000
12.56000	4071.00000
12.57000	3998.00000
12.58000	4037.00000
12.59000	4104.00000
12.60000	4188.00000
12.61000	4309.00000
12.62000	4397.00000
12.63000	4691.00000
12.64000	5029.00000
12.65000	5620.00000
12.66000	6411.00000
12.67000	7486.00000
12.68000	8354.00000
12.69000	8739.00000
12.70000	8745.00000
12.71000	9271.00000
12.72000	10515.00000
12.73000	12712.00000
12.74000	16303.00000
12.75000	20365.00000
12.76000	23070.00000
12.77000	22806.00000
12.78000	19746.00000
12.79000	15539.00000
12.80000	11850.00000
12.81000	9007.00000
12.82000	7204.00000
12.83000	6189.00000
12.84000	5451.00000
12.85000	4967.00000
12.86000	4634.00000
12.87000	4383.00000
12.88000	4198.00000
12.89000	4092.00000
12.90000	4007.00000
12.91000	3994.00000
12.92000	3929.00000
12.93000	3915.00000
12.94000	3866.00000
12.95000	3934.00000
12.96000	3948.00000
12.97000	3924.00000
12.98000	3950.00000
12.99000	3856.00000
13.00000	3890.00000
13.01000	3924.00000
13.02000	3838.00000
13.03000	3878.00000
13.04000	3800.00000
13.05000	3907.00000
13.06000	3848.00000
13.07000	3921.00000
13.08000	3909.00000
13.09000	3978.00000
13.10000	3999.00000
13.11000	4045.00000
13.12000	4047.00000
13.13000	4061.00000
13.14000	4016.00000
13.15000	4006.00000
13.16000	4087.00000
13.17000	4034.00000
13.18000	4065.00000
13.19000	4133.00000
13.20000	4150.00000
13.21000	4250.00000
13.22000	4465.00000
13.23000	4648.00000
13.24000	5001.00000
13.25000	5550.00000
13.26000	6263.00000
13.27000	7512.00000
13.28000	9562.00000
13.29000	12278.00000
13.30000	15645.00000
13.31000	18765.00000
13.32000	19421.00000
13.33000	17263.00000
13.34000	14003.00000
13.35000	10704.00000
13.36000	8220.00000
13.37000	6602.00000
13.38000	5590.00000
13.39000	5032.00000
13.40000	4576.00000
13.41000	4367.00000
13.42000	4361.00000
13.43000	4195.00000
13.44000	4218.00000
13.45000	4200.00000
13.46000	4292.00000
13.47000	4417.00000
13.48000	4563.00000
13.49000	4811.00000
13.50000	5286.00000
13.51000	6017.00000
13.52000	7072.00000
13.53000	8265.00000
13.54000	9463.00000
13.55000	9855.00000
13.56000	9352.00000
13.57000	8288.00000
13.58000	7176.00000
13.59000	6316.00000
13.60000	5814.00000
13.61000	5662.00000
13.62000	5900.00000
13.63000	6264.00000
13.64000	7226.00000
13.65000	8490.00000
13.66000	10569.00000
13.67000	13711.00000
13.68000	17534.00000
13.69000	21180.00000
13.70000	22977.00000
13.71000	21810.00000
13.72000	18343.00000
13.73000	14710.00000
13.74000	11456.00000
13.75000	8920.00000
13.76000	7244.00000
13.77000	6003.00000
13.78000	5345.00000
13.79000	4899.00000
13.80000	4597.00000
13.81000	4438.00000
13.82000	4260.00000
13.83000	4150.00000
13.84000	4167.00000
13.85000	4052.00000
13.86000	4063.00000
13.87000	4104.00000
13.88000	4029.00000
13.89000	3969.00000
13.90000	4032.00000
13.91000	3985.00000
13.92000	4064.00000
13.93000	3974.00000
13.94000	4121.00000
13.95000	4073.00000
13.96000	4034.00000
13.97000	4085.00000
13.98000	4035.00000
13.99000	4046.00000
14.00000	3962.00000
14.01000	3967.00000
14.02000	3896.00000
14.03000	3993.00000
14.04000	3987.00000
14.05000	4012.00000
14.06000	3932.00000
14.07000	3927.00000
14.08000	3904.00000
14.09000	4001.00000
14.10000	4004.00000
14.11000	4071.00000
14.12000	4014.00000
14.13000	4005.00000
14.14000	4021.00000
14.15000	4097.00000
14.16000	4088.00000
14.17000	4091.00000
14.18000	4176.00000
14.19000	4232.00000
14.20000	4278.00000
14.21000	4435.00000
14.22000	4507.00000
14.23000	4800.00000
14.24000	5309.00000
14.25000	5826.00000
14.26000	6639.00000
14.27000	8010.00000
14.28000	9601.00000
14.29000	11280.00000
14.30000	12509.00000
14.31000	12396.00000
14.32000	11324.00000
14.33000	9618.00000
14.34000	7974.00000
14.35000	6696.00000
14.36000	5799.00000
14.37000	5214.00000
14.38000	4739.00000
14.39000	4568.00000
14.40000	4417.00000
14.41000	4327.00000
14.42000	4201.00000
14.43000	4213.00000
14.44000	4150.00000
14.45000	4070.00000
14.46000	4047.00000
14.47000	3955.00000
14.48000	4046.00000
14.49000	3951.00000
14.50000	3981.00000
14.51000	4013.00000
14.52000	4066.00000
14.53000	4095.00000
14.54000	4143.00000
14.55000	4080.00000
14.56000	4139.00000
14.57000	4119.00000
14.58000	4237.00000
14.59000	4180.00000
14.60000	4300.00000
14.61000	4359.00000
14.62000	4394.00000
14.63000	4290.00000
14.64000	4297.00000
14.65000	4185.00000
14.66000	4074.00000
14.67000	4182.00000
14.68000	4085.00000
14.69000	4089.00000
14.70000	4052.00000
14.71000	4036.00000
14.72000	4175.00000
14.73000	4169.00000
14.74000	4150.00000
14.75000	4200.00000
14.76000	4380.00000
14.77000	4488.00000
14.78000	4805.00000
14.79000	4940.00000
14.80000	4986.00000
14.81000	4958.00000
14.82000	4778.00000
14.83000	4614.00000
14.84000	4344.00000
14.85000	4301.00000
14.86000	4146.00000
14.87000	4134.00000
14.88000	4130.00000
14.89000	4052.00000
14.90000	4076.00000
14.91000	4086.00000
14.92000	4025.00000
14.93000	4139.00000
14.94000	4079.00000
14.95000	4106.00000
14.96000	4064.00000
14.97000	4030.00000
14.98000	4035.00000
14.99000	4075.00000
15.00000	4104.00000
15.01000	4092.00000
15.02000	4128.00000
15.03000	4163.00000
15.04000	4077.00000
15.05000	4161.00000
15.06000	4224.00000
15.07000	4234.00000
15.08000	4336.00000
15.09000	4403.00000
15.10000	4461.00000
15.11000	4501.00000
15.12000	4396.00000
15.13000	4424.00000
15.14000	4485.00000
15.15000	4530.00000
15.16000	4664.00000
15.17000	4834.00000
15.18000	5228.00000
15.19000	5620.00000
15.20000	5775.00000
15.21000	5700.00000
15.22000	5366.00000
15.23000	5151.00000
15.24000	4881.00000
15.25000	4712.00000
15.26000	4588.00000
15.27000	4582.00000
15.28000	4471.00000
15.29000	4484.00000
15.30000	4542.00000
15.31000	4487.00000
15.32000	4585.00000
15.33000	4576.00000
15.34000	4641.00000
15.35000	4705.00000
15.36000	4849.00000
15.37000	5129.00000
15.38000	5345.00000
15.39000	5886.00000
15.40000	6506.00000
15.41000	7411.00000
15.42000	8743.00000
15.43000	10282.00000
15.44000	12364.00000
15.45000	15079.00000
15.46000	18030.00000
15.47000	20050.00000
15.48000	20214.00000
15.49000	17954.00000
15.50000	15020.00000
15.51000	12213.00000
15.52000	9977.00000
15.53000	8595.00000
15.54000	7868.00000
15.55000	7743.00000
15.56000	8232.00000
15.57000	9201.00000
15.58000	10767.00000
15.59000	13208.00000
15.60000	16084.00000
15.61000	19134.00000
15.62000	21690.00000
15.63000	22905.00000
15.64000	22779.00000
15.65000	21184.00000
15.66000	18129.00000
15.67000	14170.00000
15.68000	11084.00000
15.69000	8944.00000
15.70000	7511.00000
15.71000	6595.00000
15.72000	6414.00000
15.73000	6231.00000
15.74000	6370.00000
15.75000	6690.00000
15.76000	7226.00000
15.77000	8109.00000
15.78000	9554.00000
15.79000	11277.00000
15.80000	13265.00000
15.81000	15282.00000
15.82000	16576.00000
15.83000	17135.00000
15.84000	17492.00000
15.85000	17704.00000
15.86000	18026.00000
15.87000	17566.00000
15.88000	15821.00000
15.89000	13603.00000
15.90000	11248.00000
15.91000	9211.00000
15.92000	7611.00000
15.93000	6670.00000
15.94000	6095.00000
15.95000	5697.00000
15.96000	5591.00000
15.97000	5495.00000
15.98000	5568.00000
15.99000	5762.00000
16.00000	5674.00000
16.01000	5715.00000
16.02000	5661.00000
16.03000	5328.00000
16.04000	5194.00000
16.05000	5233.00000
16.06000	5177.00000
16.07000	5402.00000
16.08000	5635.00000
16.09000	6033.00000
16.10000	6658.00000
16.11000	7508.00000
16.12000	8625.00000
16.13000	9994.00000
16.14000	11320.00000
16.15000	11988.00000
16.16000	12412.00000
16.17000	13008.00000
16.18000	13925.00000
16.19000	14509.00000
16.20000	14222.00000
16.21000	12969.00000
16.22000	11371.00000
16.23000	9974.00000
16.24000	9203.00000
16.25000	9131.00000
16.26000	9827.00000
16.27000	11441.00000
16.28000	14235.00000
16.29000	17936.00000
16.30000	22433.00000
16.31000	26508.00000
16.32000	27601.00000
16.33000	25202.00000
16.34000	20826.00000
16.35000	16149.00000
16.36000	12413.00000
16.37000	9825.00000
16.38000	8098.00000
16.39000	6911.00000
16.40000	6226.00000
16.41000	5869.00000
16.42000	5713.00000
16.43000	5723.00000
16.44000	5850.00000
16.45000	6036.00000
16.46000	6524.00000
16.47000	7232.00000
16.48000	8315.00000
16.49000	9882.00000
16.50000	11566.00000
16.51000	13600.00000
16.52000	14871.00000
16.53000	14991.00000
16.54000	14037.00000
16.55000	12920.00000
16.56000	11896.00000
16.57000	11232.00000
16.58000	10576.00000
16.59000	10053.00000
16.60000	9088.00000
16.61000	8151.00000
16.62000	7213.00000
16.63000	6459.00000
16.64000	5940.00000
16.65000	5470.00000
16.66000	5200.00000
16.67000	5099.00000
16.68000	4828.00000
16.69000	4744.00000
16.70000	4727.00000
16.71000	4650.00000
16.72000	4562.00000
16.73000	4538.00000
16.74000	4621.00000
16.75000	4548.00000
16.76000	4607.00000
16.77000	4618.00000
16.78000	4576.00000
16.79000	4653.00000
16.80000	4663.00000
16.81000	4691.00000
16.82000	4778.00000
16.83000	4840.00000
16.84000	4890.00000
16.85000	5220.00000
16.86000	5507.00000
16.87000	5865.00000
16.88000	6150.00000
16.89000	6142.00000
16.90000	5829.00000
16.91000	5520.00000
16.92000	5238.00000
16.93000	5046.00000
16.94000	4920.00000
16.95000	4918.00000
16.96000	4941.00000
16.97000	5097.00000
16.98000	5259.00000
16.99000	5485.00000
17.00000	5998.00000
17.01000	6538.00000
17.02000	7335.00000
17.03000	8591.00000
17.04000	10122.00000
17.05000	11412.00000
17.06000	12584.00000
17.07000	12531.00000
17.08000	11566.00000
17.09000	10005.00000
17.10000	8579.00000
17.11000	7465.00000
17.12000	6520.00000
17.13000	5994.00000
17.14000	5719.00000
17.15000	5522.00000
17.16000	5609.00000
17.17000	5644.00000
17.18000	5934.00000
17.19000	6292.00000
17.20000	6881.00000
17.21000	7823.00000
17.22000	9131.00000
17.23000	10764.00000
17.24000	12672.00000
17.25000	14272.00000
17.26000	15097.00000
17.27000	14750.00000
17.28000	13206.00000
17.29000	11298.00000
17.30000	9646.00000
17.31000	8124.00000
17.32000	7049.00000
17.33000	6298.00000
17.34000	5769.00000
17.35000	5396.00000
17.36000	5266.00000
17.37000	5058.00000
17.38000	4947.00000
17.39000	4932.00000
17.40000	4978.00000
17.41000	4873.00000
17.42000	4794.00000
17.43000	4808.00000
17.44000	4750.00000
17.45000	4898.00000
17.46000	4889.00000
17.47000	4954.00000
17.48000	5129.00000
17.49000	5468.00000
17.50000	5783.00000
17.51000	6496.00000
17.52000	7262.00000
17.53000	8270.00000
17.54000	9041.00000
17.55000	9117.00000
17.56000	8582.00000
17.57000	7685.00000
17.58000	6775.00000
17.59000	6051.00000
17.60000	5536.00000
17.61000	5137.00000
17.62000	4952.00000
17.63000	4818.00000
17.64000	4770.00000
17.65000	4674.00000
17.66000	4688.00000
17.67000	4637.00000
17.68000	4592.00000
17.69000	4644.00000
17.70000	4700.00000
17.71000	4655.00000
17.72000	4662.00000
17.73000	4736.00000
17.74000	4669.00000
17.75000	4711.00000
17.76000	4878.00000
17.77000	4981.00000
17.78000	5100.00000
17.79000	5303.00000
17.80000	5511.00000
17.81000	6010.00000
17.82000	6533.00000
17.83000	7079.00000
17.84000	7422.00000
17.85000	7652.00000
17.86000	7422.00000
17.87000	6956.00000
17.88000	6484.00000
17.89000	5934.00000
17.90000	5544.00000
17.91000	5217.00000
17.92000	5082.00000
17.93000	4907.00000
17.94000	4939.00000
17.95000	4778.00000
17.96000	4725.00000
17.97000	4725.00000
17.98000	4660.00000
17.99000	4688.00000
18.00000	4657.00000
18.01000	4642.00000
18.02000	4689.00000
18.03000	4658.00000
18.04000	4558.00000
18.05000	4669.00000
18.06000	4649.00000
18.07000	4677.00000
18.08000	4647.00000
18.09000	4641.00000
18.10000	4627.00000
18.11000	4650.00000
18.12000	4782.00000
18.13000	4767.00000
18.14000	4772.00000
18.15000	4855.00000
18.16000	4868.00000
18.17000	4960.00000
18.18000	5062.00000
18.19000	5016.00000
18.20000	4945.00000
18.21000	4923.00000
18.22000	4753.00000
18.23000	4746.00000
18.24000	4818.00000
18.25000	4666.00000
18.26000	4654.00000
18.27000	4664.00000
18.28000	4630.00000
18.29000	4673.00000
18.30000	4713.00000
18.31000	4704.00000
18.32000	4704.00000
18.33000	4732.00000
18.34000	4727.00000
18.35000	4816.00000
18.36000	4960.00000
18.37000	4909.00000
18.38000	5094.00000
18.39000	5159.00000
18.40000	5336.00000
18.41000	5679.00000
18.42000	6217.00000
18.43000	6697.00000
18.44000	7478.00000
18.45000	8513.00000
18.46000	9915.00000
18.47000	11049.00000
18.48000	11812.00000
18.49000	11477.00000
18.50000	10453.00000
18.51000	8977.00000
18.52000	7845.00000
18.53000	6874.00000
18.54000	6169.00000
18.55000	5755.00000
18.56000	5473.00000
18.57000	5362.00000
18.58000	5135.00000
18.59000	5132.00000
18.60000	5197.00000
18.61000	5249.00000
18.62000	5353.00000
18.63000	5529.00000
18.64000	5765.00000
18.65000	6164.00000
18.66000	6781.00000
18.67000	7535.00000
18.68000	8438.00000
18.69000	9277.00000
18.70000	9908.00000
18.71000	10114.00000
18.72000	9567.00000
18.73000	8804.00000
18.74000	7944.00000
18.75000	6974.00000
18.76000	6359.00000
18.77000	5870.00000
18.78000	5594.00000
18.79000	5333.00000
18.80000	5078.00000
18.81000	5019.00000
18.82000	4839.00000
18.83000	4847.00000
18.84000	4869.00000
18.85000	4865.00000
18.86000	4746.00000
18.87000	4740.00000
18.88000	4699.00000
18.89000	4752.00000
18.90000	4716.00000
18.91000	4659.00000
18.92000	4686.00000
18.93000	4692.00000
18.94000	4715.00000
18.95000	4702.00000
18.96000	4814.00000
18.97000	4759.00000
18.98000	4847.00000
18.99000	4779.00000
19.00000	4814.00000
19.01000	4820.00000
19.02000	4900.00000
19.03000	5031.00000
19.04000	5048.00000
19.05000	5200.00000
19.06000	5392.00000
19.07000	5642.00000
19.08000	5771.00000
19.09000	5886.00000
19.10000	6048.00000
19.11000	6409.00000
19.12000	6600.00000
19.13000	7016.00000
19.14000	7299.00000
19.15000	7294.00000
19.16000	7228.00000
19.17000	7187.00000
19.18000	7176.00000
19.19000	7571.00000
19.20000	8363.00000
19.21000	9338.00000
19.22000	10383.00000
19.23000	11540.00000
19.24000	12173.00000
19.25000	11786.00000
19.26000	10847.00000
19.27000	9687.00000
19.28000	8456.00000
19.29000	7627.00000
19.30000	7209.00000
19.31000	7006.00000
19.32000	6964.00000
19.33000	7206.00000
19.34000	7700.00000
19.35000	8552.00000
19.36000	9701.00000
19.37000	11414.00000
19.38000	13455.00000
19.39000	15639.00000
19.40000	16964.00000
19.41000	16998.00000
19.42000	16008.00000
19.43000	14583.00000
19.44000	13163.00000
19.45000	11917.00000
19.46000	10877.00000
19.47000	9913.00000
19.48000	8896.00000
19.49000	8010.00000
19.50000	7194.00000
19.51000	6545.00000
19.52000	6026.00000
19.53000	5616.00000
19.54000	5469.00000
19.55000	5217.00000
19.56000	5176.00000
19.57000	5121.00000
19.58000	5154.00000
19.59000	5160.00000
19.60000	5222.00000
19.61000	5239.00000
19.62000	5368.00000
19.63000	5635.00000
19.64000	5954.00000
19.65000	6177.00000
19.66000	6466.00000
19.67000	6638.00000
19.68000	6629.00000
19.69000	6339.00000
19.70000	5984.00000
19.71000	5649.00000
19.72000	5387.00000
19.73000	5141.00000
19.74000	5047.00000
19.75000	4928.00000
19.76000	4860.00000
19.77000	4798.00000
19.78000	4770.00000
19.79000	4728.00000
19.80000	4735.00000
19.81000	4726.00000
19.82000	4705.00000
19.83000	4719.00000
19.84000	4668.00000
19.85000	4822.00000
19.86000	4849.00000
19.87000	5041.00000
19.88000	5248.00000
19.89000	5429.00000
19.90000	5741.00000
19.91000	5963.00000
19.92000	5988.00000
19.93000	5710.00000
19.94000	5385.00000
19.95000	5145.00000
19.96000	4941.00000
19.97000	4783.00000
19.98000	4832.00000
19.99000	4845.00000
20.00000	4844.00000
20.01000	4825.00000
20.02000	4874.00000
20.03000	4923.00000
20.04000	5112.00000
20.05000	5181.00000
20.06000	5312.00000
20.07000	5454.00000
20.08000	5715.00000
20.09000	5810.00000
20.10000	5798.00000
20.11000	5807.00000
20.12000	5619.00000
20.13000	5430.00000
20.14000	5218.00000
20.15000	5121.00000
20.16000	4996.00000
20.17000	4885.00000
20.18000	4842.00000
20.19000	4755.00000
20.20000	4757.00000
20.21000	4757.00000
20.22000	4774.00000
20.23000	4751.00000
20.24000	4734.00000
20.25000	4629.00000
20.26000	4718.00000
20.27000	4797.00000
20.28000	4837.00000
20.29000	4813.00000
20.30000	4963.00000
20.31000	4918.00000
20.32000	5053.00000
20.33000	5174.00000
20.34000	5502.00000
20.35000	5651.00000
20.36000	5867.00000
20.37000	6212.00000
20.38000	6233.00000
20.39000	6307.00000
20.40000	6201.00000
20.41000	6098.00000
20.42000	5941.00000
20.43000	5753.00000
20.44000	5765.00000
20.45000	5692.00000
20.46000	5656.00000
20.47000	5682.00000
20.48000	5543.00000
20.49000	5462.00000
20.50000	5333.00000
20.51000	5182.00000
20.52000	5105.00000
20.53000	5023.00000
20.54000	4920.00000
20.55000	4937.00000
20.56000	4971.00000
20.57000	5008.00000
20.58000	5202.00000
20.59000	5368.00000
20.60000	5531.00000
20.61000	5874.00000
20.62000	6166.00000
20.63000	6712.00000
20.64000	7267.00000
20.65000	7494.00000
20.66000	7756.00000
20.67000	7762.00000
20.68000	7611.00000
20.69000	7250.00000
20.70000	6939.00000
20.71000	6455.00000
20.72000	6068.00000
20.73000	5750.00000
20.74000	5373.00000
20.75000	5233.00000
20.76000	5095.00000
20.77000	5029.00000
20.78000	4989.00000
20.79000	4984.00000
20.80000	4959.00000
20.81000	5199.00000
20.82000	5180.00000
20.83000	5398.00000
20.84000	5662.00000
20.85000	5993.00000
20.86000	6202.00000
20.87000	6330.00000
20.88000	6186.00000
20.89000	5862.00000
20.90000	5704.00000
20.91000	5548.00000
20.92000	5446.00000
20.93000	5459.00000
20.94000	5629.00000
20.95000	5888.00000
20.96000	6077.00000
20.97000	6345.00000
20.98000	6536.00000
20.99000	7042.00000
21.00000	7292.00000
21.01000	7550.00000
21.02000	7706.00000
21.03000	7816.00000
21.04000	7963.00000
21.05000	8192.00000
21.06000	8363.00000
21.07000	8352.00000
21.08000	8117.00000
21.09000	8102.00000
21.10000	7763.00000
21.11000	7375.00000
21.12000	6915.00000
21.13000	6491.00000
21.14000	6220.00000
21.15000	5937.00000
21.16000	5670.00000
21.17000	5652.00000
21.18000	5698.00000
21.19000	5711.00000
21.20000	5959.00000
21.21000	6289.00000
21.22000	6725.00000
21.23000	7202.00000
21.24000	7554.00000
21.25000	7721.00000
21.26000	7482.00000
21.27000	7150.00000
21.28000	6644.00000
21.29000	6418.00000
21.30000	6314.00000
21.31000	6232.00000
21.32000	6293.00000
21.33000	6478.00000
21.34000	6626.00000
21.35000	6641.00000
21.36000	6526.00000
21.37000	6270.00000
21.38000	5919.00000
21.39000	5540.00000
21.40000	5220.00000
21.41000	5199.00000
21.42000	5056.00000
21.43000	4999.00000
21.44000	4917.00000
21.45000	4851.00000
21.46000	4801.00000
21.47000	4860.00000
21.48000	4864.00000
21.49000	4909.00000
21.50000	4895.00000
21.51000	4968.00000
21.52000	5023.00000
21.53000	5100.00000
21.54000	5004.00000
21.55000	4903.00000
21.56000	4827.00000
21.57000	4800.00000
21.58000	4726.00000
21.59000	4718.00000
21.60000	4726.00000
21.61000	4698.00000
21.62000	4692.00000
21.63000	4672.00000
21.64000	4697.00000
21.65000	4651.00000
21.66000	4682.00000
21.67000	4687.00000
21.68000	4704.00000
21.69000	4764.00000
21.70000	4846.00000
21.71000	4881.00000
21.72000	5055.00000
21.73000	5293.00000
21.74000	5478.00000
21.75000	5709.00000
21.76000	6226.00000
21.77000	6669.00000
21.78000	7131.00000
21.79000	7599.00000
21.80000	7626.00000
21.81000	7517.00000
21.82000	7078.00000
21.83000	6652.00000
21.84000	6252.00000
21.85000	5953.00000
21.86000	5837.00000
21.87000	5691.00000
21.88000	5719.00000
21.89000	5899.00000
21.90000	6194.00000
21.91000	6392.00000
21.92000	6776.00000
21.93000	7122.00000
21.94000	7284.00000
21.95000	7259.00000
21.96000	7002.00000
21.97000	6716.00000
21.98000	6383.00000
21.99000	6052.00000
22.00000	5747.00000
22.01000	5483.00000
22.02000	5309.00000
22.03000	5096.00000
22.04000	5130.00000
22.05000	5156.00000
22.06000	5139.00000
22.07000	5264.00000
22.08000	5352.00000
22.09000	5573.00000
22.10000	5852.00000
22.11000	6162.00000
22.12000	6700.00000
22.13000	7211.00000
22.14000	8067.00000
22.15000	8798.00000
22.16000	9548.00000
22.17000	9943.00000
22.18000	10105.00000
22.19000	9985.00000
22.20000	9544.00000
22.21000	8759.00000
22.22000	8053.00000
22.23000	7347.00000
22.24000	6760.00000
22.25000	6399.00000
22.26000	6062.00000
22.27000	5861.00000
22.28000	5798.00000
22.29000	5778.00000
22.30000	5875.00000
22.31000	5887.00000
22.32000	6041.00000
22.33000	5791.00000
22.34000	5656.00000
22.35000	5469.00000
22.36000	5267.00000
22.37000	5063.00000
22.38000	4968.00000
22.39000	4823.00000
22.40000	4781.00000
22.41000	4734.00000
22.42000	4787.00000
22.43000	4731.00000
22.44000	4859.00000
22.45000	4765.00000
22.46000	4849.00000
22.47000	4886.00000
22.48000	4835.00000
22.49000	4818.00000
22.50000	4828.00000
22.51000	4784.00000
22.52000	4738.00000
22.53000	4738.00000
22.54000	4636.00000
22.55000	4671.00000
22.56000	4715.00000
22.57000	4678.00000
22.58000	4748.00000
22.59000	4570.00000
22.60000	4724.00000
22.61000	4712.00000
22.62000	4850.00000
22.63000	4805.00000
22.64000	4884.00000
22.65000	4978.00000
22.66000	5085.00000
22.67000	5329.00000
22.68000	5485.00000
22.69000	5683.00000
22.70000	5896.00000
22.71000	6056.00000
22.72000	5907.00000
22.73000	5733.00000
22.74000	5565.00000
22.75000	5297.00000
22.76000	5134.00000
22.77000	4908.00000
22.78000	4818.00000
22.79000	4766.00000
22.80000	4676.00000
22.81000	4625.00000
22.82000	4685.00000
22.83000	4555.00000
22.84000	4491.00000
22.85000	4491.00000
22.86000	4560.00000
22.87000	4554.00000
22.88000	4559.00000
22.89000	4560.00000
22.90000	4606.00000
22.91000	4698.00000
22.92000	4757.00000
22.93000	4826.00000
22.94000	4917.00000
22.95000	4982.00000
22.96000	4867.00000
22.97000	4891.00000
22.98000	4862.00000
22.99000	4797.00000
23.00000	4752.00000
23.01000	4758.00000
23.02000	4689.00000
23.03000	4762.00000
23.04000	4659.00000
23.05000	4661.00000
23.06000	4580.00000
23.07000	4574.00000
23.08000	4517.00000
23.09000	4523.00000
23.10000	4558.00000
23.11000	4526.00000
23.12000	4519.00000
23.13000	4470.00000
23.14000	4568.00000
23.15000	4601.00000
23.16000	4666.00000
23.17000	4680.00000
23.18000	4814.00000
23.19000	4893.00000
23.20000	5074.00000
23.21000	5290.00000
23.22000	5467.00000
23.23000	5546.00000
23.24000	5546.00000
23.25000	5284.00000
23.26000	5157.00000
23.27000	4968.00000
23.28000	4836.00000
23.29000	4748.00000
23.30000	4656.00000
23.31000	4623.00000
23.32000	4559.00000
23.33000	4604.00000
23.34000	4622.00000
23.35000	4564.00000
23.36000	4593.00000
23.37000	4566.00000
23.38000	4702.00000
23.39000	4678.00000
23.40000	4755.00000
23.41000	4882.00000
23.42000	5038.00000
23.43000	5149.00000
23.44000	5515.00000
23.45000	5842.00000
23.46000	6320.00000
23.47000	6799.00000
23.48000	7507.00000
23.49000	8063.00000
23.50000	8161.00000
23.51000	7933.00000
23.52000	7431.00000
23.53000	6930.00000
23.54000	6388.00000
23.55000	5897.00000
23.56000	5562.00000
23.57000	5305.00000
23.58000	5195.00000
23.59000	5033.00000
23.60000	4983.00000
23.61000	4920.00000
23.62000	4892.00000
23.63000	4877.00000
23.64000	4909.00000
23.65000	5042.00000
23.66000	5163.00000
23.67000	5394.00000
23.68000	5494.00000
23.69000	5998.00000
23.70000	6528.00000
23.71000	6962.00000
23.72000	7236.00000
23.73000	7236.00000
23.74000	6967.00000
23.75000	6614.00000
23.76000	6300.00000
23.77000	6084.00000
23.78000	5950.00000
23.79000	5853.00000
23.80000	6009.00000
23.81000	6155.00000
23.82000	6170.00000
23.83000	6183.00000
23.84000	5896.00000
23.85000	5737.00000
23.86000	5632.00000
23.87000	5456.00000
23.88000	5352.00000
23.89000	5300.00000
23.90000	5227.00000
23.91000	5102.00000
23.92000	4983.00000
23.93000	4944.00000
23.94000	4753.00000
23.95000	4705.00000
23.96000	4598.00000
23.97000	4506.00000
23.98000	4526.00000
23.99000	4496.00000
24.00000	4470.00000
24.01000	4426.00000
24.02000	4460.00000
24.03000	4447.00000
24.04000	4445.00000
24.05000	4446.00000
24.06000	4456.00000
24.07000	4417.00000
24.08000	4427.00000
24.09000	4410.00000
24.10000	4397.00000
24.11000	4459.00000
24.12000	4532.00000
24.13000	4564.00000
24.14000	4634.00000
24.15000	4657.00000
24.16000	4754.00000
24.17000	4815.00000
24.18000	4952.00000
24.19000	4989.00000
24.20000	5062.00000
24.21000	5130.00000
24.22000	5145.00000
24.23000	5084.00000
24.24000	5006.00000
24.25000	4925.00000
24.26000	4889.00000
24.27000	4901.00000
24.28000	4838.00000
24.29000	4861.00000
24.30000	4871.00000
24.31000	4877.00000
24.32000	4786.00000
24.33000	4888.00000
24.34000	4937.00000
24.35000	4900.00000
24.36000	4894.00000
24.37000	4890.00000
24.38000	4776.00000
24.39000	4806.00000
24.40000	4758.00000
24.41000	4719.00000
24.42000	4587.00000
24.43000	4618.00000
24.44000	4610.00000
24.45000	4551.00000
24.46000	4574.00000
24.47000	4612.00000
24.48000	4717.00000
24.49000	4805.00000
24.50000	4881.00000
24.51000	5075.00000
24.52000	5201.00000
24.53000	5491.00000
24.54000	5724.00000
24.55000	6032.00000
24.56000	6382.00000
24.57000	6620.00000
24.58000	6744.00000
24.59000	6736.00000
24.60000	6566.00000
24.61000	6349.00000
24.62000	6117.00000
24.63000	5858.00000
24.64000	5690.00000
24.65000	5425.00000
24.66000	5318.00000
24.67000	5190.00000
24.68000	5041.00000
24.69000	4922.00000
24.70000	4919.00000
24.71000	4866.00000
24.72000	4983.00000
24.73000	4883.00000
24.74000	4911.00000
24.75000	4892.00000
24.76000	4867.00000
24.77000	4974.00000
24.78000	4956.00000
24.79000	5125.00000
24.80000	5228.00000
24.81000	5418.00000
24.82000	5477.00000
24.83000	5493.00000
24.84000	5716.00000
24.85000	5800.00000
24.86000	5795.00000
24.87000	5762.00000
24.88000	5749.00000
24.89000	5752.00000
24.90000	5653.00000
24.91000	5670.00000
24.92000	5531.00000
24.93000	5529.00000
24.94000	5652.00000
24.95000	5851.00000
24.96000	6096.00000
24.97000	6433.00000
24.98000	6878.00000
24.99000	7245.00000
25.00000	7492.00000
25.01000	7489.00000
25.02000	7223.00000
25.03000	6786.00000
25.04000	6477.00000
25.05000	6173.00000
25.06000	6033.00000
25.07000	5980.00000
25.08000	6136.00000
25.09000	6400.00000
25.10000	6884.00000
25.11000	7361.00000
25.12000	8054.00000
25.13000	8736.00000
25.14000	9163.00000
25.15000	9119.00000
25.16000	8791.00000
25.17000	8171.00000
25.18000	7363.00000
25.19000	6716.00000
25.20000	6107.00000
25.21000	5616.00000
25.22000	5358.00000
25.23000	5147.00000
25.24000	4982.00000
25.25000	4966.00000
25.26000	4989.00000
25.27000	4955.00000
25.28000	4867.00000
25.29000	4949.00000
25.30000	4985.00000
25.31000	4963.00000
25.32000	5069.00000
25.33000	5056.00000
25.34000	5265.00000
25.35000	5258.00000
25.36000	5145.00000
25.37000	5124.00000
25.38000	5101.00000
25.39000	4867.00000
25.40000	4804.00000
25.41000	4638.00000
25.42000	4589.00000
25.43000	4522.00000
25.44000	4495.00000
25.45000	4503.00000
25.46000	4493.00000
25.47000	4427.00000
25.48000	4496.00000
25.49000	4546.00000
25.50000	4708.00000
25.51000	4694.00000
25.52000	4809.00000
25.53000	4925.00000
25.54000	4989.00000
25.55000	4966.00000
25.56000	4957.00000
25.57000	4849.00000
25.58000	4712.00000
25.59000	4632.00000
25.60000	4569.00000
25.61000	4480.00000
25.62000	4512.00000
25.63000	4433.00000
25.64000	4475.00000
25.65000	4438.00000
25.66000	4538.00000
25.67000	4502.00000
25.68000	4572.00000
25.69000	4615.00000
25.70000	4690.00000
25.71000	4660.00000
25.72000	4662.00000
25.73000	4807.00000
25.74000	4765.00000
25.75000	4742.00000
25.76000	4658.00000
25.77000	4551.00000
25.78000	4557.00000
25.79000	4541.00000
25.80000	4678.00000
25.81000	4682.00000
25.82000	4740.00000
25.83000	4794.00000
25.84000	4864.00000
25.85000	4900.00000
25.86000	4905.00000
25.87000	4769.00000
25.88000	4803.00000
25.89000	4652.00000
25.90000	4601.00000
25.91000	4478.00000
25.92000	4501.00000
25.93000	4409.00000
25.94000	4535.00000
25.95000	4509.00000
25.96000	4508.00000
25.97000	4611.00000
25.98000	4651.00000
25.99000	4668.00000
26.00000	4580.00000
26.01000	4582.00000
26.02000	4552.00000
26.03000	4499.00000
26.04000	4524.00000
26.05000	4565.00000
26.06000	4655.00000
26.07000	4702.00000
26.08000	4748.00000
26.09000	5021.00000
26.10000	5251.00000
26.11000	5466.00000
26.12000	5846.00000
26.13000	6207.00000
26.14000	6650.00000
26.15000	7120.00000
26.16000	7532.00000
26.17000	7915.00000
26.18000	8247.00000
26.19000	8333.00000
26.20000	8213.00000
26.21000	8000.00000
26.22000	7639.00000
26.23000	7215.00000
26.24000	6651.00000
26.25000	6050.00000
26.26000	5656.00000
26.27000	5299.00000
26.28000	4989.00000
26.29000	4815.00000
26.30000	4706.00000
26.31000	4518.00000
26.32000	4383.00000
26.33000	4378.00000
26.34000	4335.00000
26.35000	4183.00000
26.36000	4242.00000
26.37000	4149.00000
26.38000	4216.00000
26.39000	4256.00000
26.40000	4214.00000
26.41000	4247.00000
26.42000	4367.00000
26.43000	4361.00000
26.44000	4329.00000
26.45000	4501.00000
26.46000	4551.00000
26.47000	4646.00000
26.48000	4686.00000
26.49000	4565.00000
26.50000	4559.00000
26.51000	4445.00000
26.52000	4440.00000
26.53000	4356.00000
26.54000	4292.00000
26.55000	4239.00000
26.56000	4247.00000
26.57000	4231.00000
26.58000	4267.00000
26.59000	4237.00000
26.60000	4296.00000
26.61000	4433.00000
26.62000	4564.00000
26.63000	4797.00000
26.64000	4927.00000
26.65000	5162.00000
26.66000	5308.00000
26.67000	5319.00000
26.68000	5215.00000
26.69000	5103.00000
26.70000	4777.00000
26.71000	4624.00000
26.72000	4466.00000
26.73000	4310.00000
26.74000	4258.00000
26.75000	4173.00000
26.76000	4099.00000
26.77000	4034.00000
26.78000	4017.00000
26.79000	4027.00000
26.80000	3930.00000
26.81000	3999.00000
26.82000	3965.00000
26.83000	3924.00000
26.84000	3831.00000
26.85000	3932.00000
26.86000	3976.00000
26.87000	3907.00000
26.88000	3904.00000
26.89000	3900.00000
26.90000	3878.00000
26.91000	3886.00000
26.92000	3989.00000
26.93000	4007.00000
26.94000	4017.00000
26.95000	4021.00000
26.96000	4108.00000
26.97000	4097.00000
26.98000	4172.00000
26.99000	4359.00000
27.00000	4324.00000
27.01000	4578.00000
27.02000	4790.00000
27.03000	4917.00000
27.04000	5183.00000
27.05000	5348.00000
27.06000	5613.00000
27.07000	5676.00000
27.08000	5623.00000
27.09000	5487.00000
27.10000	5342.00000
27.11000	5076.00000
27.12000	4859.00000
27.13000	4703.00000
27.14000	4588.00000
27.15000	4483.00000
27.16000	4412.00000
27.17000	4295.00000
27.18000	4228.00000
27.19000	4200.00000
27.20000	4200.00000
27.21000	4162.00000
27.22000	4166.00000
27.23000	4221.00000
27.24000	4176.00000
27.25000	4201.00000
27.26000	4183.00000
27.27000	4176.00000
27.28000	4194.00000
27.29000	4161.00000
27.30000	4211.00000
27.31000	4234.00000
27.32000	4288.00000
27.33000	4224.00000
27.34000	4237.00000
27.35000	4215.00000
27.36000	4185.00000
27.37000	4216.00000
27.38000	4185.00000
27.39000	4056.00000
27.40000	3994.00000
27.41000	3955.00000
27.42000	3962.00000
27.43000	3907.00000
27.44000	3963.00000
27.45000	3934.00000
27.46000	3811.00000
27.47000	3891.00000
27.48000	3898.00000
27.49000	3880.00000
27.50000	3844.00000
27.51000	3890.00000
27.52000	3994.00000
27.53000	4014.00000
27.54000	3987.00000
27.55000	4042.00000
27.56000	4214.00000
27.57000	4351.00000
27.58000	4427.00000
27.59000	4507.00000
27.60000	4628.00000
27.61000	4726.00000
27.62000	4831.00000
27.63000	4742.00000
27.64000	4777.00000
27.65000	4655.00000
27.66000	4660.00000
27.67000	4609.00000
27.68000	4636.00000
27.69000	4642.00000
27.70000	4507.00000
27.71000	4513.00000
27.72000	4419.00000
27.73000	4270.00000
27.74000	4210.00000
27.75000	4049.00000
27.76000	3967.00000
27.77000	3959.00000
27.78000	3916.00000
27.79000	3830.00000
27.80000	3822.00000
27.81000	3787.00000
27.82000	3792.00000
27.83000	3879.00000
27.84000	3830.00000
27.85000	3882.00000
27.86000	3882.00000
27.87000	3880.00000
27.88000	3884.00000
27.89000	3908.00000
27.90000	3967.00000
27.91000	4047.00000
27.92000	4165.00000
27.93000	4218.00000
27.94000	4138.00000
27.95000	4249.00000
27.96000	4204.00000
27.97000	4276.00000
27.98000	4144.00000
27.99000	4149.00000
28.00000	4127.00000
28.01000	4083.00000
28.02000	3972.00000
28.03000	3905.00000
28.04000	3916.00000
28.05000	3893.00000
28.06000	3927.00000
28.07000	4004.00000
28.08000	3890.00000
28.09000	4002.00000
28.10000	4158.00000
28.11000	4259.00000
28.12000	4264.00000
28.13000	4385.00000
28.14000	4338.00000
28.15000	4376.00000
28.16000	4254.00000
28.17000	4262.00000
28.18000	4229.00000
28.19000	4256.00000
28.20000	4338.00000
28.21000	4377.00000
28.22000	4528.00000
28.23000	4627.00000
28.24000	4692.00000
28.25000	4805.00000
28.26000	4769.00000
28.27000	4758.00000
28.28000	4900.00000
28.29000	4915.00000
28.30000	5053.00000
28.31000	5153.00000
28.32000	5283.00000
28.33000	5348.00000
28.34000	5202.00000
28.35000	4938.00000
28.36000	4736.00000
28.37000	4554.00000
28.38000	4356.00000
28.39000	4244.00000
28.40000	4055.00000
28.41000	3984.00000
28.42000	3913.00000
28.43000	3913.00000
28.44000	3902.00000
28.45000	3854.00000
28.46000	3873.00000
28.47000	3880.00000
28.48000	3865.00000
28.49000	3912.00000
28.50000	3942.00000
28.51000	4075.00000
28.52000	4149.00000
28.53000	4209.00000
28.54000	4352.00000
28.55000	4386.00000
28.56000	4532.00000
28.57000	4663.00000
28.58000	4719.00000
28.59000	4676.00000
28.60000	4683.00000
28.61000	4676.00000
28.62000	4606.00000
28.63000	4594.00000
28.64000	4524.00000
28.65000	4365.00000
28.66000	4307.00000
28.67000	4270.00000
28.68000	4183.00000
28.69000	4176.00000
28.70000	4238.00000
28.71000	4222.00000
28.72000	4315.00000
28.73000	4407.00000
28.74000	4613.00000
28.75000	4752.00000
28.76000	4858.00000
28.77000	5117.00000
28.78000	5165.00000
28.79000	5207.00000
28.80000	5099.00000
28.81000	5020.00000
28.82000	4795.00000
28.83000	4624.00000
28.84000	4388.00000
28.85000	4206.00000
28.86000	4080.00000
28.87000	3969.00000
28.88000	3814.00000
28.89000	3789.00000
28.90000	3781.00000
28.91000	3688.00000
28.92000	3639.00000
28.93000	3707.00000
28.94000	3658.00000
28.95000	3729.00000
28.96000	3731.00000
28.97000	3717.00000
28.98000	3836.00000
28.99000	3888.00000
29.00000	4005.00000
29.01000	4064.00000
29.02000	4026.00000
29.03000	4114.00000
29.04000	4186.00000
29.05000	4187.00000
29.06000	4215.00000
29.07000	4337.00000
29.08000	4486.00000
29.09000	4481.00000
29.10000	4705.00000
29.11000	4823.00000
29.12000	4823.00000
29.13000	4999.00000
29.14000	5094.00000
29.15000	5118.00000
29.16000	5215.00000
29.17000	5355.00000
29.18000	5408.00000
29.19000	5467.00000
29.20000	5447.00000
29.21000	5424.00000
29.22000	5284.00000
29.23000	5085.00000
29.24000	4866.00000
29.25000	4595.00000
29.26000	4405.00000
29.27000	4306.00000
29.28000	4254.00000
29.29000	4143.00000
29.30000	4139.00000
29.31000	4194.00000
29.32000	4310.00000
29.33000	4444.00000
29.34000	4525.00000
29.35000	4647.00000
29.36000	4672.00000
29.37000	4572.00000
29.38000	4540.00000
29.39000	4419.00000
29.40000	4323.00000
29.41000	4200.00000
29.42000	4204.00000
29.43000	4096.00000
29.44000	4045.00000
29.45000	4116.00000
29.46000	4138.00000
29.47000	4108.00000
29.48000	4025.00000
29.49000	4161.00000
29.50000	4095.00000
29.51000	4085.00000
29.52000	4000.00000
29.53000	3894.00000
29.54000	3860.00000
29.55000	3720.00000
29.56000	3621.00000
29.57000	3606.00000
29.58000	3542.00000
29.59000	3551.00000
29.60000	3520.00000
29.61000	3494.00000
29.62000	3584.00000
29.63000	3570.00000
29.64000	3620.00000
29.65000	3609.00000
29.66000	3665.00000
29.67000	3650.00000
29.68000	3573.00000
29.69000	3510.00000
29.70000	3592.00000
29.71000	3466.00000
29.72000	3496.00000
29.73000	3424.00000
29.74000	3366.00000
29.75000	3414.00000
29.76000	3464.00000
29.77000	3461.00000
29.78000	3424.00000
29.79000	3521.00000
29.80000	3529.00000
29.81000	3648.00000
29.82000	3695.00000
29.83000	3737.00000
29.84000	3704.00000
29.85000	3788.00000
29.86000	3727.00000
29.87000	3683.00000
29.88000	3703.00000
29.89000	3645.00000
29.90000	3595.00000
29.91000	3660.00000
29.92000	3699.00000
29.93000	3768.00000
29.94000	3790.00000
29.95000	3805.00000
29.96000	3816.00000
29.97000	3814.00000
29.98000	3770.00000
29.99000	3716.00000
30.00000	3660.00000
30.01000	3572.00000
30.02000	3612.00000
30.03000	3495.00000
30.04000	3449.00000
30.05000	3423.00000
30.06000	3421.00000
30.07000	3369.00000
30.08000	3407.00000
30.09000	3392.00000
30.10000	3366.00000
30.11000	3347.00000
30.12000	3362.00000
30.13000	3348.00000
30.14000	3425.00000
30.15000	3436.00000
30.16000	3472.00000
30.17000	3553.00000
30.18000	3605.00000
30.19000	3689.00000
30.20000	3747.00000
30.21000	3993.00000
30.22000	4005.00000
30.23000	4099.00000
30.24000	4115.00000
30.25000	4167.00000
30.26000	4315.00000
30.27000	4397.00000
30.28000	4519.00000
30.29000	4529.00000
30.30000	4561.00000
30.31000	4596.00000
30.32000	4587.00000
30.33000	4628.00000
30.34000	4453.00000
30.35000	4277.00000
30.36000	4065.00000
30.37000	3839.00000
30.38000	3642.00000
30.39000	3592.00000
30.40000	3478.00000
30.41000	3446.00000
30.42000	3467.00000
30.43000	3491.00000
30.44000	3501.00000
30.45000	3624.00000
30.46000	3608.00000
30.47000	3690.00000
30.48000	3684.00000
30.49000	3745.00000
30.50000	3716.00000
30.51000	3648.00000
30.52000	3635.00000
30.53000	3607.00000
30.54000	3543.00000
30.55000	3470.00000
30.56000	3315.00000
30.57000	3307.00000
30.58000	3307.00000
30.59000	3260.00000
30.60000	3348.00000
30.61000	3210.00000
30.62000	3242.00000
30.63000	3238.00000
30.64000	3224.00000
30.65000	3233.00000
30.66000	3316.00000
30.67000	3425.00000
30.68000	3471.00000
30.69000	3560.00000
30.70000	3617.00000
30.71000	3757.00000
30.72000	3885.00000
30.73000	3877.00000
30.74000	3845.00000
30.75000	3808.00000
30.76000	3676.00000
30.77000	3600.00000
30.78000	3542.00000
30.79000	3452.00000
30.80000	3419.00000
30.81000	3357.00000
30.82000	3302.00000
30.83000	3259.00000
30.84000	3206.00000
30.85000	3231.00000
30.86000	3174.00000
30.87000	3083.00000
30.88000	3149.00000
30.89000	3039.00000
30.90000	3108.00000
30.91000	3074.00000
30.92000	3139.00000
30.93000	3085.00000
30.94000	3131.00000
30.95000	3124.00000
30.96000	3108.00000
30.97000	3066.00000
30.98000	3129.00000
30.99000	3022.00000
31.00000	3094.00000
31.01000	3131.00000
31.02000	3172.00000
31.03000	3123.00000
31.04000	3190.00000
31.05000	3229.00000
31.06000	3250.00000
31.07000	3364.00000
31.08000	3449.00000
31.09000	3583.00000
31.10000	3850.00000
31.11000	3974.00000
31.12000	4193.00000
31.13000	4352.00000
31.14000	4326.00000
31.15000	4390.00000
31.16000	4432.00000
31.17000	4391.00000
31.18000	4386.00000
31.19000	4494.00000
31.20000	4637.00000
31.21000	4705.00000
31.22000	4739.00000
31.23000	4831.00000
31.24000	4763.00000
31.25000	4736.00000
31.26000	4694.00000
31.27000	4589.00000
31.28000	4553.00000
31.29000	4493.00000
31.30000	4278.00000
31.31000	4207.00000
31.32000	4084.00000
31.33000	3945.00000
31.34000	3879.00000
31.35000	3696.00000
31.36000	3571.00000
31.37000	3540.00000
31.38000	3459.00000
31.39000	3510.00000
31.40000	3450.00000
31.41000	3591.00000
31.42000	3523.00000
31.43000	3593.00000
31.44000	3626.00000
31.45000	3730.00000
31.46000	3870.00000
31.47000	3940.00000
31.48000	4101.00000
31.49000	4269.00000
31.50000	4348.00000
31.51000	4519.00000
31.52000	4604.00000
31.53000	4563.00000
31.54000	4593.00000
31.55000	4534.00000
31.56000	4394.00000
31.57000	4413.00000
31.58000	4361.00000
31.59000	4349.00000
31.60000	4302.00000
31.61000	4296.00000
31.62000	4251.00000
31.63000	4148.00000
31.64000	4105.00000
31.65000	4073.00000
31.66000	4025.00000
31.67000	3974.00000
31.68000	3964.00000
31.69000	4115.00000
31.70000	4214.00000
31.71000	4405.00000
31.72000	4570.00000
31.73000	4792.00000
31.74000	5096.00000
31.75000	5271.00000
31.76000	5507.00000
31.77000	5542.00000
31.78000	5377.00000
31.79000	5133.00000
31.80000	4872.00000
31.81000	4695.00000
31.82000	4586.00000
31.83000	4315.00000
31.84000	4209.00000
31.85000	4034.00000
31.86000	3936.00000
31.87000	3717.00000
31.88000	3691.00000
31.89000	3598.00000
31.90000	3562.00000
31.91000	3478.00000
31.92000	3411.00000
31.93000	3334.00000
31.94000	3427.00000
31.95000	3363.00000
31.96000	3354.00000
31.97000	3371.00000
31.98000	3323.00000
31.99000	3271.00000
32.00000	3359.00000
32.01000	3323.00000
32.02000	3315.00000
32.03000	3375.00000
32.04000	3416.00000
32.05000	3397.00000
32.06000	3516.00000
32.07000	3458.00000
32.08000	3481.00000
32.09000	3549.00000
32.10000	3576.00000
32.11000	3575.00000
32.12000	3558.00000
32.13000	3529.00000
32.14000	3488.00000
32.15000	3416.00000
32.16000	3393.00000
32.17000	3383.00000
32.18000	3421.00000
32.19000	3354.00000
32.20000	3326.00000
32.21000	3401.00000
32.22000	3371.00000
32.23000	3550.00000
32.24000	3634.00000
32.25000	3742.00000
32.26000	3929.00000
32.27000	4093.00000
32.28000	4328.00000
32.29000	4443.00000
32.30000	4611.00000
32.31000	4753.00000
32.32000	4770.00000
32.33000	4839.00000
32.34000	4823.00000
32.35000	4762.00000
32.36000	4678.00000
32.37000	4556.00000
32.38000	4524.00000
32.39000	4551.00000
32.40000	4484.00000
32.41000	4524.00000
32.42000	4529.00000
32.43000	4442.00000
32.44000	4284.00000
32.45000	4212.00000
32.46000	4022.00000
32.47000	3906.00000
32.48000	3755.00000
32.49000	3737.00000
32.50000	3681.00000
32.51000	3708.00000
32.52000	3772.00000
32.53000	3774.00000
32.54000	3830.00000
32.55000	3841.00000
32.56000	3899.00000
32.57000	3999.00000
32.58000	4080.00000
32.59000	4027.00000
32.60000	4077.00000
32.61000	4066.00000
32.62000	3970.00000
32.63000	3909.00000
32.64000	3792.00000
32.65000	3725.00000
32.66000	3637.00000
32.67000	3393.00000
32.68000	3367.00000
32.69000	3333.00000
32.70000	3349.00000
32.71000	3318.00000
32.72000	3337.00000
32.73000	3366.00000
32.74000	3380.00000
32.75000	3393.00000
32.76000	3474.00000
32.77000	3551.00000
32.78000	3525.00000
32.79000	3469.00000
32.80000	3405.00000
32.81000	3415.00000
32.82000	3306.00000
32.83000	3199.00000
32.84000	3165.00000
32.85000	3115.00000
32.86000	3104.00000
32.87000	3008.00000
32.88000	3056.00000
32.89000	3007.00000
32.90000	3009.00000
32.91000	2970.00000
32.92000	3050.00000
32.93000	3051.00000
32.94000	3045.00000
32.95000	3101.00000
32.96000	3115.00000
32.97000	3140.00000
32.98000	3198.00000
32.99000	3222.00000
33.00000	3217.00000
33.01000	3328.00000
33.02000	3317.00000
33.03000	3444.00000
33.04000	3483.00000
33.05000	3515.00000
33.06000	3512.00000
33.07000	3493.00000
33.08000	3472.00000
33.09000	3499.00000
33.10000	3374.00000
33.11000	3327.00000
33.12000	3185.00000
33.13000	3164.00000
33.14000	3059.00000
33.15000	3116.00000
33.16000	3067.00000
33.17000	2996.00000
33.18000	3003.00000
33.19000	3020.00000
33.20000	2983.00000
33.21000	3008.00000
33.22000	2952.00000
33.23000	2976.00000
33.24000	2985.00000
33.25000	3027.00000
33.26000	2973.00000
33.27000	2952.00000
33.28000	3021.00000
33.29000	3040.00000
33.30000	3083.00000
33.31000	3111.00000
33.32000	3189.00000
33.33000	3213.00000
33.34000	3240.00000
33.35000	3393.00000
33.36000	3507.00000
33.37000	3543.00000
33.38000	3652.00000
33.39000	3668.00000
33.40000	3690.00000
33.41000	3716.00000
33.42000	3746.00000
33.43000	3686.00000
33.44000	3624.00000
33.45000	3576.00000
33.46000	3611.00000
33.47000	3721.00000
33.48000	3626.00000
33.49000	3705.00000
33.50000	3717.00000
33.51000	3744.00000
33.52000	3898.00000
33.53000	3915.00000
33.54000	3911.00000
33.55000	3932.00000
33.56000	3968.00000
33.57000	3832.00000
33.58000	3733.00000
33.59000	3683.00000
33.60000	3664.00000
33.61000	3653.00000
33.62000	3634.00000
33.63000	3665.00000
33.64000	3594.00000
33.65000	3764.00000
33.66000	3777.00000
33.67000	3694.00000
33.68000	3641.00000
33.69000	3613.00000
33.70000	3467.00000
33.71000	3452.00000
33.72000	3382.00000
33.73000	3276.00000
33.74000	3297.00000
33.75000	3280.00000
33.76000	3289.00000
33.77000	3352.00000
33.78000	3314.00000
33.79000	3244.00000
33.80000	3288.00000
33.81000	3306.00000
33.82000	3301.00000
33.83000	3343.00000
33.84000	3386.00000
33.85000	3408.00000
33.86000	3328.00000
33.87000	3346.00000
33.88000	3329.00000
33.89000	3392.00000
33.90000	3379.00000
33.91000	3291.00000
33.92000	3332.00000
33.93000	3363.00000
33.94000	3265.00000
33.95000	3325.00000
33.96000	3277.00000
33.97000	3258.00000
33.98000	3229.00000
33.99000	3186.00000
34.00000	3198.00000
34.01000	3119.00000
34.02000	3099.00000
34.03000	3045.00000
34.04000	3047.00000
34.05000	2986.00000
34.06000	2935.00000
34.07000	2992.00000
34.08000	2986.00000
34.09000	2975.00000
34.10000	3018.00000
34.11000	2892.00000
34.12000	2868.00000
34.13000	2980.00000
34.14000	2945.00000
34.15000	2889.00000
34.16000	2993.00000
34.17000	2879.00000
34.18000	2941.00000
34.19000	2951.00000
34.20000	2915.00000
34.21000	2950.00000
34.22000	3052.00000
34.23000	3103.00000
34.24000	3171.00000
34.25000	3244.00000
34.26000	3283.00000
34.27000	3326.00000
34.28000	3289.00000
34.29000	3284.00000
34.30000	3262.00000
34.31000	3197.00000
34.32000	3338.00000
34.33000	3216.00000
34.34000	3237.00000
34.35000	3229.00000
34.36000	3278.00000
34.37000	3336.00000
34.38000	3383.00000
34.39000	3355.00000
34.40000	3341.00000
34.41000	3390.00000
34.42000	3374.00000
34.43000	3363.00000
34.44000	3378.00000
34.45000	3447.00000
34.46000	3408.00000
34.47000	3420.00000
34.48000	3426.00000
34.49000	3462.00000
34.50000	3461.00000
34.51000	3414.00000
34.52000	3291.00000
34.53000	3294.00000
34.54000	3109.00000
34.55000	3189.00000
34.56000	3195.00000
34.57000	3185.00000
34.58000	3144.00000
34.59000	3113.00000
34.60000	3120.00000
34.61000	3230.00000
34.62000	3206.00000
34.63000	3270.00000
34.64000	3305.00000
34.65000	3333.00000
34.66000	3435.00000
34.67000	3550.00000
34.68000	3555.00000
34.69000	3675.00000
34.70000	3757.00000
34.71000	3938.00000
34.72000	4039.00000
34.73000	4216.00000
34.74000	4273.00000
34.75000	4229.00000
34.76000	4221.00000
34.77000	4139.00000
34.78000	4111.00000
34.79000	3997.00000
34.80000	3923.00000
34.81000	3806.00000
34.82000	3727.00000
34.83000	3697.00000
34.84000	3757.00000
34.85000	3778.00000
34.86000	3833.00000
34.87000	3918.00000
34.88000	4000.00000
34.89000	4102.00000
34.90000	4201.00000
34.91000	4411.00000
34.92000	4602.00000
34.93000	4763.00000
34.94000	4719.00000
34.95000	4628.00000
34.96000	4554.00000
34.97000	4438.00000
34.98000	4355.00000
34.99000	4210.00000
35.00000	4074.00000
35.01000	3850.00000
35.02000	3730.00000
35.03000	3706.00000
35.04000	3717.00000
35.05000	3695.00000
35.06000	3786.00000
35.07000	3692.00000
35.08000	3679.00000
35.09000	3817.00000
35.10000	3921.00000
35.11000	3992.00000
35.12000	4096.00000
35.13000	4181.00000
35.14000	4257.00000
35.15000	4315.00000
35.16000	4292.00000
35.17000	4338.00000
35.18000	4371.00000
35.19000	4347.00000
35.20000	4241.00000
35.21000	4190.00000
35.22000	4083.00000
35.23000	4109.00000
35.24000	4027.00000
35.25000	3951.00000
35.26000	3870.00000
35.27000	3717.00000
35.28000	3646.00000
35.29000	3554.00000
35.30000	3369.00000
35.31000	3289.00000
35.32000	3303.00000
35.33000	3260.00000
35.34000	3172.00000
35.35000	3226.00000
35.36000	3197.00000
35.37000	3195.00000
35.38000	3135.00000
35.39000	3242.00000
35.40000	3216.00000
35.41000	3303.00000
35.42000	3328.00000
35.43000	3394.00000
35.44000	3432.00000
35.45000	3542.00000
35.46000	3668.00000
35.47000	3723.00000
35.48000	3735.00000
35.49000	3776.00000
35.50000	3826.00000
35.51000	3825.00000
35.52000	3815.00000
35.53000	3731.00000
35.54000	3790.00000
35.55000	3688.00000
35.56000	3645.00000
35.57000	3610.00000
35.58000	3582.00000
35.59000	3386.00000
35.60000	3290.00000
35.61000	3187.00000
35.62000	3138.00000
35.63000	3117.00000
35.64000	3094.00000
35.65000	3029.00000
35.66000	3032.00000
35.67000	3022.00000
35.68000	2961.00000
35.69000	3026.00000
35.70000	3083.00000
35.71000	3159.00000
35.72000	3179.00000
35.73000	3377.00000
35.74000	3470.00000
35.75000	3607.00000
35.76000	3762.00000
35.77000	3913.00000
35.78000	4066.00000
35.79000	4234.00000
35.80000	4246.00000
35.81000	4244.00000
35.82000	4137.00000
35.83000	4040.00000
35.84000	3875.00000
35.85000	3772.00000
35.86000	3618.00000
35.87000	3545.00000
35.88000	3431.00000
35.89000	3276.00000
35.90000	3239.00000
35.91000	3163.00000
35.92000	3094.00000
35.93000	3089.00000
35.94000	2971.00000
35.95000	2957.00000
35.96000	2944.00000
35.97000	2928.00000
35.98000	2944.00000
35.99000	2982.00000
36.00000	2984.00000
36.01000	2986.00000
36.02000	3013.00000
36.03000	3031.00000
36.04000	3088.00000
36.05000	3140.00000
36.06000	3170.00000
36.07000	3288.00000
36.08000	3326.00000
36.09000	3431.00000
36.10000	3556.00000
36.11000	3667.00000
36.12000	3831.00000
36.13000	3849.00000
36.14000	3977.00000
36.15000	3970.00000
36.16000	4000.00000
36.17000	3870.00000
36.18000	3850.00000
36.19000	3632.00000
36.20000	3596.00000
36.21000	3448.00000
36.22000	3296.00000
36.23000	3234.00000
36.24000	3143.00000
36.25000	3088.00000
36.26000	3058.00000
36.27000	3042.00000
36.28000	3002.00000
36.29000	3017.00000
36.30000	3004.00000
36.31000	3014.00000
36.32000	3000.00000
36.33000	2956.00000
36.34000	2986.00000
36.35000	3089.00000
36.36000	3094.00000
36.37000	3077.00000
36.38000	3121.00000
36.39000	3026.00000
36.40000	3100.00000
36.41000	3076.00000
36.42000	3075.00000
36.43000	3002.00000
36.44000	3079.00000
36.45000	3001.00000
36.46000	3038.00000
36.47000	3050.00000
36.48000	3032.00000
36.49000	3054.00000
36.50000	3040.00000
36.51000	3010.00000
36.52000	2995.00000
36.53000	3028.00000
36.54000	3038.00000
36.55000	3054.00000
36.56000	3044.00000
36.57000	3113.00000
36.58000	3171.00000
36.59000	3206.00000
36.60000	3212.00000
36.61000	3142.00000
36.62000	3149.00000
36.63000	3089.00000
36.64000	3074.00000
36.65000	3051.00000
36.66000	3007.00000
36.67000	2965.00000
36.68000	2915.00000
36.69000	2920.00000
36.70000	2925.00000
36.71000	2961.00000
36.72000	2898.00000
36.73000	2909.00000
36.74000	2914.00000
36.75000	2984.00000
36.76000	2925.00000
36.77000	2902.00000
36.78000	2924.00000
36.79000	2897.00000
36.80000	2932.00000
36.81000	2852.00000
36.82000	2902.00000
36.83000	2860.00000
36.84000	2861.00000
36.85000	2829.00000
36.86000	2838.00000
36.87000	2839.00000
36.88000	2828.00000
36.89000	2774.00000
36.90000	2780.00000
36.91000	2817.00000
36.92000	2808.00000
36.93000	2747.00000
36.94000	2756.00000
36.95000	2726.00000
36.96000	2781.00000
36.97000	2794.00000
36.98000	2852.00000
36.99000	2827.00000
37.00000	2803.00000
37.01000	2796.00000
37.02000	2782.00000
37.03000	2818.00000
37.04000	2863.00000
37.05000	2864.00000
37.06000	2770.00000
37.07000	2880.00000
37.08000	2859.00000
37.09000	2921.00000
37.10000	2890.00000
37.11000	3018.00000
37.12000	2987.00000
37.13000	3084.00000
37.14000	3169.00000
37.15000	3246.00000
37.16000	3311.00000
37.17000	3370.00000
37.18000	3542.00000
37.19000	3650.00000
37.20000	3774.00000
37.21000	3872.00000
37.22000	4050.00000
37.23000	4195.00000
37.24000	4304.00000
37.25000	4602.00000
37.26000	4753.00000
37.27000	5008.00000
37.28000	5079.00000
37.29000	5100.00000
37.30000	5054.00000
37.31000	4862.00000
37.32000	4557.00000
37.33000	4314.00000
37.34000	4284.00000
37.35000	4113.00000
37.36000	3964.00000
37.37000	3938.00000
37.38000	3840.00000
37.39000	3820.00000
37.40000	3763.00000
37.41000	3713.00000
37.42000	3766.00000
37.43000	3724.00000
37.44000	3719.00000
37.45000	3681.00000
37.46000	3764.00000
37.47000	3652.00000
37.48000	3550.00000
37.49000	3571.00000
37.50000	3495.00000
37.51000	3381.00000
37.52000	3272.00000
37.53000	3237.00000
37.54000	3175.00000
37.55000	3146.00000
37.56000	3115.00000
37.57000	3146.00000
37.58000	3109.00000
37.59000	3111.00000
37.60000	3076.00000
37.61000	3059.00000
37.62000	3031.00000
37.63000	3029.00000
37.64000	3022.00000
37.65000	3011.00000
37.66000	2908.00000
37.67000	2956.00000
37.68000	2990.00000
37.69000	2989.00000
37.70000	3020.00000
37.71000	3024.00000
37.72000	3020.00000
37.73000	3126.00000
37.74000	3194.00000
37.75000	3176.00000
37.76000	3183.00000
37.77000	3110.00000
37.78000	3111.00000
37.79000	3121.00000
37.80000	3163.00000
37.81000	3065.00000
37.82000	2997.00000
37.83000	2942.00000
37.84000	2920.00000
37.85000	2979.00000
37.86000	2998.00000
37.87000	2893.00000
37.88000	2919.00000
37.89000	2808.00000
37.90000	2796.00000
37.91000	2847.00000
37.92000	2786.00000
37.93000	2765.00000
37.94000	2844.00000
37.95000	2784.00000
37.96000	2755.00000
37.97000	2832.00000
37.98000	2867.00000
37.99000	2829.00000
38.00000	2875.00000
38.01000	2852.00000
38.02000	2837.00000
38.03000	2932.00000
38.04000	2846.00000
38.05000	2865.00000
38.06000	2850.00000
38.07000	2873.00000
38.08000	2801.00000
38.09000	2784.00000
38.10000	2767.00000
38.11000	2750.00000
38.12000	2689.00000
38.13000	2673.00000
38.14000	2611.00000
38.15000	2671.00000
38.16000	2666.00000
38.17000	2638.00000
38.18000	2676.00000
38.19000	2653.00000
38.20000	2672.00000
38.21000	2679.00000
38.22000	2628.00000
38.23000	2620.00000
38.24000	2665.00000
38.25000	2611.00000
38.26000	2631.00000
38.27000	2671.00000
38.28000	2682.00000
38.29000	2697.00000
38.30000	2723.00000
38.31000	2717.00000
38.32000	2752.00000
38.33000	2782.00000
38.34000	2799.00000
38.35000	2799.00000
38.36000	2807.00000
38.37000	2812.00000
38.38000	2765.00000
38.39000	2814.00000
38.40000	2838.00000
38.41000	2856.00000
38.42000	2863.00000
38.43000	2815.00000
38.44000	2804.00000
38.45000	2803.00000
38.46000	2769.00000
38.47000	2733.00000
38.48000	2732.00000
38.49000	2665.00000
38.50000	2658.00000
38.51000	2704.00000
38.52000	2677.00000
38.53000	2650.00000
38.54000	2647.00000
38.55000	2592.00000
38.56000	2596.00000
38.57000	2605.00000
38.58000	2697.00000
38.59000	2647.00000
38.60000	2684.00000
38.61000	2641.00000
38.62000	2709.00000
38.63000	2770.00000
38.64000	2722.00000
38.65000	2762.00000
38.66000	2806.00000
38.67000	2759.00000
38.68000	2731.00000
38.69000	2726.00000
38.70000	2780.00000
38.71000	2787.00000
38.72000	2879.00000
38.73000	2938.00000
38.74000	2996.00000
38.75000	2972.00000
38.76000	3119.00000
38.77000	3130.00000
38.78000	3198.00000
38.79000	3255.00000
38.80000	3209.00000
38.81000	3243.00000
38.82000	3264.00000
38.83000	3297.00000
38.84000	3259.00000
38.85000	3212.00000
38.86000	3278.00000
38.87000	3218.00000
38.88000	3196.00000
38.89000	3220.00000
38.90000	3168.00000
38.91000	3250.00000
38.92000	3312.00000
38.93000	3311.00000
38.94000	3404.00000
38.95000	3456.00000
38.96000	3512.00000
38.97000	3535.00000
38.98000	3674.00000
38.99000	3594.00000
39.00000	3528.00000
39.01000	3467.00000
39.02000	3497.00000
39.03000	3457.00000
39.04000	3350.00000
39.05000	3276.00000
39.06000	3237.00000
39.07000	3173.00000
39.08000	3080.00000
39.09000	3037.00000
39.10000	2933.00000
39.11000	2963.00000
39.12000	2936.00000
39.13000	2861.00000
39.14000	2901.00000
39.15000	2843.00000
39.16000	2828.00000
39.17000	2904.00000
39.18000	2878.00000
39.19000	2868.00000
39.20000	2897.00000
39.21000	2869.00000
39.22000	2820.00000
39.23000	2840.00000
39.24000	2834.00000
39.25000	2918.00000
39.26000	2850.00000
39.27000	2876.00000
39.28000	2893.00000
39.29000	2915.00000
39.30000	2899.00000
39.31000	2924.00000
39.32000	2902.00000
39.33000	2914.00000
39.34000	2899.00000
39.35000	2888.00000
39.36000	2863.00000
39.37000	2949.00000
39.38000	2876.00000
39.39000	2893.00000
39.40000	2787.00000
39.41000	2825.00000
39.42000	2776.00000
39.43000	2743.00000
39.44000	2731.00000
39.45000	2734.00000
39.46000	2705.00000
39.47000	2652.00000
39.48000	2756.00000
39.49000	2668.00000
39.50000	2696.00000
39.51000	2778.00000
39.52000	2834.00000
39.53000	2795.00000
39.54000	2824.00000
39.55000	2834.00000
39.56000	2861.00000
39.57000	2869.00000
39.58000	2862.00000
39.59000	2907.00000
39.60000	2958.00000
39.61000	2928.00000
39.62000	2948.00000
39.63000	2937.00000
39.64000	2911.00000
39.65000	2940.00000
39.66000	2973.00000
39.67000	2888.00000
39.68000	2919.00000
39.69000	2890.00000
39.70000	2821.00000
39.71000	2794.00000
39.72000	2784.00000
39.73000	2759.00000
39.74000	2749.00000
39.75000	2657.00000
39.76000	2651.00000
39.77000	2659.00000
39.78000	2605.00000
39.79000	2554.00000
39.80000	2582.00000
39.81000	2567.00000
39.82000	2542.00000
39.83000	2571.00000
39.84000	2572.00000
39.85000	2582.00000
39.86000	2600.00000
39.87000	2537.00000
39.88000	2617.00000
39.89000	2640.00000
39.90000	2658.00000
39.91000	2665.00000
39.92000	2751.00000
39.93000	2757.00000
39.94000	2773.00000
39.95000	2712.00000
39.96000	2840.00000
39.97000	2859.00000
39.98000	2829.00000
39.99000	2878.00000
40.00000	2779.00000
40.01000	2818.00000
40.02000	2886.00000
40.03000	2771.00000
40.04000	2860.00000
40.05000	2895.00000
40.06000	2865.00000
40.07000	2909.00000
40.08000	2884.00000
40.09000	2864.00000
40.10000	2941.00000
40.11000	2918.00000
40.12000	2897.00000
40.13000	2900.00000
40.14000	2819.00000
40.15000	2800.00000
40.16000	2783.00000
40.17000	2770.00000
40.18000	2737.00000
40.19000	2757.00000
40.20000	2790.00000
40.21000	2792.00000
40.22000	2806.00000
40.23000	2789.00000
40.24000	2878.00000
40.25000	2888.00000
40.26000	2901.00000
40.27000	2889.00000
40.28000	2955.00000
40.29000	2919.00000
40.30000	3018.00000
40.31000	3090.00000
40.32000	3067.00000
40.33000	3086.00000
40.34000	3137.00000
40.35000	3070.00000
40.36000	3060.00000
40.37000	3011.00000
40.38000	3006.00000
40.39000	2963.00000
40.40000	2980.00000
40.41000	2890.00000
40.42000	2925.00000
40.43000	2901.00000
40.44000	2879.00000
40.45000	2863.00000
40.46000	2950.00000
40.47000	2932.00000
40.48000	3011.00000
40.49000	3019.00000
40.50000	3093.00000
40.51000	3115.00000
40.52000	3239.00000
40.53000	3199.00000
40.54000	3251.00000
40.55000	3265.00000
40.56000	3250.00000
40.57000	3200.00000
40.58000	3159.00000
40.59000	3199.00000
40.60000	3074.00000
40.61000	3165.00000
40.62000	3100.00000
40.63000	3001.00000
40.64000	3135.00000
40.65000	3137.00000
40.66000	3087.00000
40.67000	3101.00000
40.68000	3019.00000
40.69000	3037.00000
40.70000	3013.00000
40.71000	2972.00000
40.72000	2884.00000
40.73000	2913.00000
40.74000	2840.00000
40.75000	2859.00000
40.76000	2847.00000
40.77000	2765.00000
40.78000	2731.00000
40.79000	2753.00000
40.80000	2788.00000
40.81000	2752.00000
40.82000	2684.00000
40.83000	2624.00000
40.84000	2642.00000
40.85000	2619.00000
40.86000	2623.00000
40.87000	2664.00000
40.88000	2646.00000
40.89000	2630.00000
40.90000	2590.00000
40.91000	2603.00000
40.92000	2640.00000
40.93000	2672.00000
40.94000	2666.00000
40.95000	2655.00000
40.96000	2689.00000
40.97000	2786.00000
40.98000	2798.00000
40.99000	2768.00000
41.00000	2779.00000
41.01000	2836.00000
41.02000	2765.00000
41.03000	2803.00000
41.04000	2764.00000
41.05000	2802.00000
41.06000	2684.00000
41.07000	2716.00000
41.08000	2649.00000
41.09000	2594.00000
41.10000	2603.00000
41.11000	2596.00000
41.12000	2595.00000
41.13000	2565.00000
41.14000	2559.00000
41.15000	2512.00000
41.16000	2495.00000
41.17000	2519.00000
41.18000	2463.00000
41.19000	2409.00000
41.20000	2466.00000
41.21000	2450.00000
41.22000	2524.00000
41.23000	2589.00000
41.24000	2577.00000
41.25000	2680.00000
41.26000	2633.00000
41.27000	2740.00000
41.28000	2797.00000
41.29000	2759.00000
41.30000	2722.00000
41.31000	2676.00000
41.32000	2627.00000
41.33000	2651.00000
41.34000	2628.00000
41.35000	2517.00000
41.36000	2575.00000
41.37000	2515.00000
41.38000	2434.00000
41.39000	2426.00000
41.40000	2408.00000
41.41000	2410.00000
41.42000	2449.00000
41.43000	2382.00000
41.44000	2469.00000
41.45000	2490.00000
41.46000	2437.00000
41.47000	2449.00000
41.48000	2526.00000
41.49000	2542.00000
41.50000	2563.00000
41.51000	2562.00000
41.52000	2601.00000
41.53000	2634.00000
41.54000	2660.00000
41.55000	2676.00000
41.56000	2731.00000
41.57000	2813.00000
41.58000	2808.00000
41.59000	2848.00000
41.60000	2827.00000
41.61000	2810.00000
41.62000	2794.00000
41.63000	2760.00000
41.64000	2673.00000
41.65000	2714.00000
41.66000	2642.00000
41.67000	2658.00000
41.68000	2662.00000
41.69000	2667.00000
41.70000	2676.00000
41.71000	2605.00000
41.72000	2710.00000
41.73000	2658.00000
41.74000	2688.00000
41.75000	2731.00000
41.76000	2739.00000
41.77000	2792.00000
41.78000	2760.00000
41.79000	2829.00000
41.80000	2762.00000
41.81000	2824.00000
41.82000	2786.00000
41.83000	2849.00000
41.84000	2808.00000
41.85000	2871.00000
41.86000	2812.00000
41.87000	2909.00000
41.88000	2862.00000
41.89000	2816.00000
41.90000	2888.00000
41.91000	2824.00000
41.92000	2866.00000
41.93000	2813.00000
41.94000	2785.00000
41.95000	2699.00000
41.96000	2727.00000
41.97000	2671.00000
41.98000	2614.00000
41.99000	2640.00000
42.00000	2640.00000
42.01000	2510.00000
42.02000	2535.00000
42.03000	2514.00000
42.04000	2537.00000
42.05000	2551.00000
42.06000	2521.00000
42.07000	2446.00000
42.08000	2458.00000
42.09000	2404.00000
42.10000	2525.00000
42.11000	2424.00000
42.12000	2483.00000
42.13000	2515.00000
42.14000	2418.00000
42.15000	2468.00000
42.16000	2453.00000
42.17000	2496.00000
42.18000	2489.00000
42.19000	2484.00000
42.20000	2453.00000
42.21000	2459.00000
42.22000	2437.00000
42.23000	2476.00000
42.24000	2521.00000
42.25000	2495.00000
42.26000	2553.00000
42.27000	2549.00000
42.28000	2547.00000
42.29000	2582.00000
42.30000	2629.00000
42.31000	2681.00000
42.32000	2635.00000
42.33000	2669.00000
42.34000	2678.00000
42.35000	2702.00000
42.36000	2683.00000
42.37000	2678.00000
42.38000	2641.00000
42.39000	2676.00000
42.40000	2600.00000
42.41000	2652.00000
42.42000	2660.00000
42.43000	2627.00000
42.44000	2589.00000
42.45000	2601.00000
42.46000	2534.00000
42.47000	2618.00000
42.48000	2536.00000
42.49000	2493.00000
42.50000	2512.00000
42.51000	2487.00000
42.52000	2468.00000
42.53000	2482.00000
42.54000	2455.00000
42.55000	2459.00000
42.56000	2513.00000
42.57000	2530.00000
42.58000	2532.00000
42.59000	2525.00000
42.60000	2578.00000
42.61000	2518.00000
42.62000	2568.00000
42.63000	2556.00000
42.64000	2564.00000
42.65000	2569.00000
42.66000	2560.00000
42.67000	2599.00000
42.68000	2568.00000
42.69000	2581.00000
42.70000	2594.00000
42.71000	2617.00000
42.72000	2621.00000
42.73000	2604.00000
42.74000	2545.00000
42.75000	2543.00000
42.76000	2498.00000
42.77000	2558.00000
42.78000	2505.00000
42.79000	2515.00000
42.80000	2511.00000
42.81000	2498.00000
42.82000	2479.00000
42.83000	2534.00000
42.84000	2491.00000
42.85000	2561.00000
42.86000	2493.00000
42.87000	2549.00000
42.88000	2600.00000
42.89000	2584.00000
42.90000	2631.00000
42.91000	2569.00000
42.92000	2609.00000
42.93000	2548.00000
42.94000	2530.00000
42.95000	2542.00000
42.96000	2546.00000
42.97000	2513.00000
42.98000	2453.00000
42.99000	2385.00000
43.00000	2446.00000
43.01000	2436.00000
43.02000	2455.00000
43.03000	2328.00000
43.04000	2373.00000
43.05000	2366.00000
43.06000	2418.00000
43.07000	2430.00000
43.08000	2450.00000
43.09000	2447.00000
43.10000	2454.00000
43.11000	2493.00000
43.12000	2488.00000
43.13000	2474.00000
43.14000	2507.00000
43.15000	2451.00000
43.16000	2472.00000
43.17000	2469.00000
43.18000	2496.00000
43.19000	2510.00000
43.20000	2495.00000
43.21000	2507.00000
43.22000	2531.00000
43.23000	2512.00000
43.24000	2511.00000
43.25000	2522.00000
43.26000	2519.00000
43.27000	2457.00000
43.28000	2532.00000
43.29000	2486.00000
43.30000	2451.00000
43.31000	2505.00000
43.32000	2493.00000
43.33000	2519.00000
43.34000	2503.00000
43.35000	2512.00000
43.36000	2493.00000
43.37000	2536.00000
43.38000	2523.00000
43.39000	2521.00000
43.40000	2512.00000
43.41000	2519.00000
43.42000	2563.00000
43.43000	2595.00000
43.44000	2648.00000
43.45000	2623.00000
43.46000	2657.00000
43.47000	2649.00000
43.48000	2576.00000
43.49000	2649.00000
43.50000	2645.00000
43.51000	2628.00000
43.52000	2649.00000
43.53000	2595.00000
43.54000	2513.00000
43.55000	2582.00000
43.56000	2522.00000
43.57000	2496.00000
43.58000	2479.00000
43.59000	2474.00000
43.60000	2437.00000
43.61000	2438.00000
43.62000	2413.00000
43.63000	2399.00000
43.64000	2386.00000
43.65000	2416.00000
43.66000	2408.00000
43.67000	2421.00000
43.68000	2440.00000
43.69000	2413.00000
43.70000	2374.00000
43.71000	2398.00000
43.72000	2433.00000
43.73000	2416.00000
43.74000	2439.00000
43.75000	2487.00000
43.76000	2526.00000
43.77000	2512.00000
43.78000	2527.00000
43.79000	2629.00000
43.80000	2608.00000
43.81000	2647.00000
43.82000	2707.00000
43.83000	2704.00000
43.84000	2692.00000
43.85000	2635.00000
43.86000	2691.00000
43.87000	2627.00000
43.88000	2622.00000
43.89000	2697.00000
43.90000	2680.00000
43.91000	2645.00000
43.92000	2723.00000
43.93000	2762.00000
43.94000	2774.00000
43.95000	2760.00000
43.96000	2797.00000
43.97000	2827.00000
43.98000	2823.00000
43.99000	2823.00000
44.00000	2843.00000
44.01000	2764.00000
44.02000	2737.00000
44.03000	2787.00000
44.04000	2743.00000
44.05000	2673.00000
44.06000	2635.00000
44.07000	2634.00000
44.08000	2657.00000
44.09000	2619.00000
44.10000	2609.00000
44.11000	2654.00000
44.12000	2624.00000
44.13000	2631.00000
44.14000	2582.00000
44.15000	2612.00000
44.16000	2561.00000
44.17000	2582.00000
44.18000	2631.00000
44.19000	2578.00000
44.20000	2564.00000
44.21000	2567.00000
44.22000	2509.00000
44.23000	2487.00000
44.24000	2558.00000
44.25000	2558.00000
44.26000	2532.00000
44.27000	2503.00000
44.28000	2449.00000
44.29000	2411.00000
44.30000	2391.00000
44.31000	2390.00000
44.32000	2392.00000
44.33000	2327.00000
44.34000	2354.00000
44.35000	2347.00000
44.36000	2434.00000
44.37000	2361.00000
44.38000	2388.00000
44.39000	2405.00000
44.40000	2411.00000
44.41000	2353.00000
44.42000	2358.00000
44.43000	2379.00000
44.44000	2402.00000
44.45000	2421.00000
44.46000	2445.00000
44.47000	2434.00000
44.48000	2374.00000
44.49000	2447.00000
44.50000	2383.00000
44.51000	2432.00000
44.52000	2398.00000
44.53000	2423.00000
44.54000	2392.00000
44.55000	2359.00000
44.56000	2431.00000
44.57000	2366.00000
44.58000	2366.00000
44.59000	2314.00000
44.60000	2385.00000
44.61000	2346.00000
44.62000	2404.00000
44.63000	2373.00000
44.64000	2407.00000
44.65000	2355.00000
44.66000	2381.00000
44.67000	2441.00000
44.68000	2432.00000
44.69000	2480.00000
44.70000	2462.00000
44.71000	2483.00000
44.72000	2559.00000
44.73000	2502.00000
44.74000	2464.00000
44.75000	2566.00000
44.76000	2571.00000
44.77000	2478.00000
44.78000	2535.00000
44.79000	2478.00000
44.80000	2448.00000
44.81000	2510.00000
44.82000	2488.00000
44.83000	2492.00000
44.84000	2439.00000
44.85000	2421.00000
44.86000	2452.00000
44.87000	2474.00000
44.88000	2447.00000
44.89000	2422.00000
44.90000	2517.00000
44.91000	2411.00000
44.92000	2369.00000
44.93000	2395.00000
44.94000	2391.00000
44.95000	2348.00000
44.96000	2364.00000
44.97000	2362.00000
44.98000	2364.00000
44.99000	2379.00000
45.00000	2399.00000
45.01000	2419.00000
45.02000	2392.00000
45.03000	2343.00000
45.04000	2344.00000
45.05000	2428.00000
45.06000	2378.00000
45.07000	2399.00000
45.08000	2456.00000
45.09000	2446.00000
45.10000	2453.00000
45.11000	2387.00000
45.12000	2428.00000
45.13000	2433.00000
45.14000	2470.00000
45.15000	2467.00000
45.16000	2494.00000
45.17000	2460.00000
45.18000	2462.00000
45.19000	2500.00000
45.20000	2448.00000
45.21000	2502.00000
45.22000	2541.00000
45.23000	2529.00000
45.24000	2533.00000
45.25000	2556.00000
45.26000	2584.00000
45.27000	2588.00000
45.28000	2571.00000
45.29000	2641.00000
45.30000	2564.00000
45.31000	2606.00000
45.32000	2616.00000
45.33000	2585.00000
45.34000	2562.00000
45.35000	2533.00000
45.36000	2459.00000
45.37000	2505.00000
45.38000	2504.00000
45.39000	2487.00000
45.40000	2452.00000
45.41000	2446.00000
45.42000	2455.00000
45.43000	2451.00000
45.44000	2506.00000
45.45000	2438.00000
45.46000	2482.00000
45.47000	2451.00000
45.48000	2488.00000
45.49000	2431.00000
45.50000	2471.00000
45.51000	2486.00000
45.52000	2395.00000
45.53000	2454.00000
45.54000	2470.00000
45.55000	2384.00000
45.56000	2406.00000
45.57000	2377.00000
45.58000	2335.00000
45.59000	2339.00000
45.60000	2392.00000
45.61000	2386.00000
45.62000	2397.00000
45.63000	2364.00000
45.64000	2325.00000
45.65000	2330.00000
45.66000	2314.00000
45.67000	2306.00000
45.68000	2398.00000
45.69000	2330.00000
45.70000	2351.00000
45.71000	2391.00000
45.72000	2358.00000
45.73000	2373.00000
45.74000	2418.00000
45.75000	2378.00000
45.76000	2348.00000
45.77000	2371.00000
45.78000	2358.00000
45.79000	2365.00000
45.80000	2305.00000
45.81000	2323.00000
45.82000	2350.00000
45.83000	2317.00000
45.84000	2318.00000
45.85000	2350.00000
45.86000	2325.00000
45.87000	2348.00000
45.88000	2320.00000
45.89000	2278.00000
45.90000	2325.00000
45.91000	2354.00000
45.92000	2350.00000
45.93000	2351.00000
45.94000	2351.00000
45.95000	2377.00000
45.96000	2325.00000
45.97000	2356.00000
45.98000	2391.00000
45.99000	2363.00000
46.00000	2433.00000
46.01000	2378.00000
46.02000	2414.00000
46.03000	2378.00000
46.04000	2457.00000
46.05000	2491.00000
46.06000	2434.00000
46.07000	2512.00000
46.08000	2473.00000
46.09000	2422.00000
46.10000	2454.00000
46.11000	2437.00000
46.12000	2445.00000
46.13000	2433.00000
46.14000	2430.00000
46.15000	2442.00000
46.16000	2454.00000
46.17000	2425.00000
46.18000	2460.00000
46.19000	2472.00000
46.20000	2442.00000
46.21000	2453.00000
46.22000	2443.00000
46.23000	2427.00000
46.24000	2374.00000
46.25000	2429.00000
46.26000	2447.00000
46.27000	2405.00000
46.28000	2344.00000
46.29000	2347.00000
46.30000	2359.00000
46.31000	2344.00000
46.32000	2384.00000
46.33000	2330.00000
46.34000	2347.00000
46.35000	2305.00000
46.36000	2348.00000
46.37000	2405.00000
46.38000	2399.00000
46.39000	2339.00000
46.40000	2372.00000
46.41000	2349.00000
46.42000	2394.00000
46.43000	2402.00000
46.44000	2416.00000
46.45000	2385.00000
46.46000	2399.00000
46.47000	2426.00000
46.48000	2414.00000
46.49000	2434.00000
46.50000	2454.00000
46.51000	2479.00000
46.52000	2524.00000
46.53000	2525.00000
46.54000	2483.00000
46.55000	2460.00000
46.56000	2500.00000
46.57000	2482.00000
46.58000	2407.00000
46.59000	2435.00000
46.60000	2431.00000
46.61000	2445.00000
46.62000	2411.00000
46.63000	2382.00000
46.64000	2369.00000
46.65000	2314.00000
46.66000	2372.00000
46.67000	2377.00000
46.68000	2326.00000
46.69000	2339.00000
46.70000	2368.00000
46.71000	2346.00000
46.72000	2312.00000
46.73000	2345.00000
46.74000	2332.00000
46.75000	2424.00000
46.76000	2391.00000
46.77000	2435.00000
46.78000	2338.00000
46.79000	2391.00000
46.80000	2377.00000
46.81000	2439.00000
46.82000	2402.00000
46.83000	2413.00000
46.84000	2409.00000
46.85000	2374.00000
46.86000	2377.00000
46.87000	2399.00000
46.88000	2438.00000
46.89000	2436.00000
46.90000	2396.00000
46.91000	2454.00000
46.92000	2378.00000
46.93000	2408.00000
46.94000	2463.00000
46.95000	2389.00000
46.96000	2373.00000
46.97000	2401.00000
46.98000	2433.00000
46.99000	2439.00000
47.00000	2378.00000
47.01000	2438.00000
47.02000	2374.00000
47.03000	2410.00000
47.04000	2443.00000
47.05000	2457.00000
47.06000	2466.00000
47.07000	2424.00000
47.08000	2386.00000
47.09000	2384.00000
47.10000	2454.00000
47.11000	2395.00000
47.12000	2405.00000
47.13000	2385.00000
47.14000	2384.00000
47.15000	2329.00000
47.16000	2377.00000
47.17000	2390.00000
47.18000	2378.00000
47.19000	2382.00000
47.20000	2377.00000
47.21000	2422.00000
47.22000	2426.00000
47.23000	2383.00000
47.24000	2379.00000
47.25000	2374.00000
47.26000	2397.00000
47.27000	2386.00000
47.28000	2412.00000
47.29000	2374.00000
47.30000	2368.00000
47.31000	2318.00000
47.32000	2375.00000
47.33000	2369.00000
47.34000	2327.00000
47.35000	2304.00000
47.36000	2353.00000
47.37000	2325.00000
47.38000	2307.00000
47.39000	2373.00000
47.40000	2380.00000
47.41000	2376.00000
47.42000	2398.00000
47.43000	2441.00000
47.44000	2467.00000
47.45000	2445.00000
47.46000	2502.00000
47.47000	2494.00000
47.48000	2516.00000
47.49000	2510.00000
47.50000	2473.00000
47.51000	2481.00000
47.52000	2454.00000
47.53000	2419.00000
47.54000	2451.00000
47.55000	2383.00000
47.56000	2401.00000
47.57000	2408.00000
47.58000	2419.00000
47.59000	2427.00000
47.60000	2420.00000
47.61000	2432.00000
47.62000	2405.00000
47.63000	2406.00000
47.64000	2376.00000
47.65000	2360.00000
47.66000	2423.00000
47.67000	2388.00000
47.68000	2426.00000
47.69000	2422.00000
47.70000	2442.00000
47.71000	2489.00000
47.72000	2446.00000
47.73000	2433.00000
47.74000	2452.00000
47.75000	2457.00000
47.76000	2422.00000
47.77000	2357.00000
47.78000	2429.00000
47.79000	2398.00000
47.80000	2426.00000
47.81000	2416.00000
47.82000	2394.00000
47.83000	2367.00000
47.84000	2349.00000
47.85000	2357.00000
47.86000	2300.00000
47.87000	2323.00000
47.88000	2388.00000
47.89000	2339.00000
47.90000	2353.00000
47.91000	2335.00000
47.92000	2365.00000
47.93000	2333.00000
47.94000	2363.00000
47.95000	2309.00000
47.96000	2319.00000
47.97000	2357.00000
47.98000	2299.00000
47.99000	2365.00000
48.00000	2315.00000
48.01000	2343.00000
48.02000	2311.00000
48.03000	2309.00000
48.04000	2331.00000
48.05000	2329.00000
48.06000	2334.00000
48.07000	2331.00000
48.08000	2294.00000
48.09000	2299.00000
48.10000	2276.00000
48.11000	2301.00000
48.12000	2378.00000
48.13000	2339.00000
48.14000	2373.00000
48.15000	2346.00000
48.16000	2327.00000
48.17000	2387.00000
48.18000	2369.00000
48.19000	2366.00000
48.20000	2362.00000
48.21000	2347.00000
48.22000	2378.00000
48.23000	2385.00000
48.24000	2357.00000
48.25000	2336.00000
48.26000	2395.00000
48.27000	2366.00000
48.28000	2304.00000
48.29000	2369.00000
48.30000	2310.00000
48.31000	2306.00000
48.32000	2341.00000
48.33000	2294.00000
48.34000	2367.00000
48.35000	2380.00000
48.36000	2387.00000
48.37000	2371.00000
48.38000	2394.00000
48.39000	2394.00000
48.40000	2396.00000
48.41000	2332.00000
48.42000	2406.00000
48.43000	2460.00000
48.44000	2434.00000
48.45000	2477.00000
48.46000	2415.00000
48.47000	2407.00000
48.48000	2395.00000
48.49000	2425.00000
48.50000	2458.00000
48.51000	2462.00000
48.52000	2443.00000
48.53000	2446.00000
48.54000	2436.00000
48.55000	2411.00000
48.56000	2395.00000
48.57000	2402.00000
48.58000	2410.00000
48.59000	2327.00000
48.60000	2415.00000
48.61000	2397.00000
48.62000	2428.00000
48.63000	2375.00000
48.64000	2314.00000
48.65000	2330.00000
48.66000	2343.00000
48.67000	2381.00000
48.68000	2382.00000
48.69000	2359.00000
48.70000	2346.00000
48.71000	2344.00000
48.72000	2351.00000
48.73000	2396.00000
48.74000	2331.00000
48.75000	2391.00000
48.76000	2352.00000
48.77000	2379.00000
48.78000	2363.00000
48.79000	2319.00000
48.80000	2285.00000
48.81000	2227.00000
48.82000	2311.00000
48.83000	2305.00000
48.84000	2294.00000
48.85000	2268.00000
48.86000	2288.00000
48.87000	2308.00000
48.88000	2330.00000
48.89000	2241.00000
48.90000	2355.00000
48.91000	2271.00000
48.92000	2293.00000
48.93000	2246.00000
48.94000	2307.00000
48.95000	2345.00000
48.96000	2290.00000
48.97000	2266.00000
48.98000	2257.00000
48.99000	2278.00000
49.00000	2245.00000
49.01000	2332.00000
49.02000	2264.00000
49.03000	2294.00000
49.04000	2349.00000
49.05000	2299.00000
49.06000	2330.00000
49.07000	2344.00000
49.08000	2271.00000
49.09000	2340.00000
49.10000	2269.00000
49.11000	2245.00000
49.12000	2343.00000
49.13000	2278.00000
49.14000	2274.00000
49.15000	2303.00000
49.16000	2336.00000
49.17000	2345.00000
49.18000	2275.00000
49.19000	2300.00000
49.20000	2348.00000
49.21000	2289.00000
49.22000	2328.00000
49.23000	2301.00000
49.24000	2279.00000
49.25000	2287.00000
49.26000	2325.00000
49.27000	2354.00000
49.28000	2365.00000
49.29000	2388.00000
49.30000	2311.00000
49.31000	2398.00000
49.32000	2368.00000
49.33000	2352.00000
49.34000	2373.00000
49.35000	2371.00000
49.36000	2319.00000
49.37000	2359.00000
49.38000	2376.00000
49.39000	2306.00000
49.40000	2340.00000
49.41000	2382.00000
49.42000	2378.00000
49.43000	2411.00000
49.44000	2373.00000
49.45000	2343.00000
49.46000	2335.00000
49.47000	2327.00000
49.48000	2326.00000
49.49000	2336.00000
49.50000	2322.00000
49.51000	2316.00000
49.52000	2330.00000
49.53000	2352.00000
49.54000	2298.00000
49.55000	2259.00000
49.56000	2317.00000
49.57000	2281.00000
49.58000	2307.00000
49.59000	2293.00000
49.60000	2311.00000
49.61000	2279.00000
49.62000	2278.00000
49.63000	2275.00000
49.64000	2278.00000
49.65000	2240.00000
49.66000	2260.00000
49.67000	2265.00000
49.68000	2274.00000
49.69000	2282.00000
49.70000	2356.00000
49.71000	2321.00000
49.72000	2305.00000
49.73000	2322.00000
49.74000	2301.00000
49.75000	2318.00000
49.76000	2355.00000
49.77000	2356.00000
49.78000	2364.00000
49.79000	2347.00000
49.80000	2349.00000
49.81000	2356.00000
49.82000	2396.00000
49.83000	2388.00000
49.84000	2304.00000
49.85000	2347.00000
49.86000	2410.00000
49.87000	2388.00000
49.88000	2384.00000
49.89000	2386.00000
49.90000	2303.00000
49.91000	2309.00000
49.92000	2401.00000
49.93000	2346.00000
49.94000	2327.00000
49.95000	2348.00000
49.96000	2357.00000
49.97000	2329.00000
49.98000	2334.00000
49.99000	2375.00000
50.00000	2317.00000
50.01000	2313.00000
50.02000	2289.00000
50.03000	2246.00000
50.04000	2298.00000
50.05000	2301.00000
50.06000	2326.00000
50.07000	2302.00000
50.08000	2311.00000
50.09000	2324.00000
50.10000	2346.00000
50.11000	2288.00000
50.12000	2328.00000
50.13000	2329.00000
50.14000	2308.00000
50.15000	2296.00000
50.16000	2308.00000
50.17000	2342.00000
50.18000	2354.00000
50.19000	2396.00000
50.20000	2342.00000
50.21000	2343.00000
50.22000	2296.00000
50.23000	2373.00000
50.24000	2275.00000
50.25000	2324.00000
50.26000	2288.00000
50.27000	2296.00000
50.28000	2323.00000
50.29000	2284.00000
50.30000	2314.00000
50.31000	2324.00000
50.32000	2346.00000
50.33000	2315.00000
50.34000	2393.00000
50.35000	2337.00000
50.36000	2356.00000
50.37000	2318.00000
50.38000	2356.00000
50.39000	2393.00000
50.40000	2371.00000
50.41000	2404.00000
50.42000	2359.00000
50.43000	2397.00000
50.44000	2321.00000
50.45000	2377.00000
50.46000	2399.00000
50.47000	2376.00000
50.48000	2364.00000
50.49000	2395.00000
50.50000	2377.00000
50.51000	2385.00000
50.52000	2382.00000
50.53000	2355.00000
50.54000	2384.00000
50.55000	2370.00000
50.56000	2428.00000
50.57000	2330.00000
50.58000	2434.00000
50.59000	2384.00000
50.60000	2360.00000
50.61000	2385.00000
50.62000	2325.00000
50.63000	2351.00000
50.64000	2309.00000
50.65000	2306.00000
50.66000	2331.00000
50.67000	2308.00000
50.68000	2320.00000
50.69000	2264.00000
50.70000	2274.00000
50.71000	2261.00000
50.72000	2258.00000
50.73000	2261.00000
50.74000	2249.00000
50.75000	2225.00000
50.76000	2250.00000
50.77000	2264.00000
50.78000	2343.00000
50.79000	2263.00000
50.80000	2233.00000
50.81000	2262.00000
50.82000	2251.00000
50.83000	2245.00000
50.84000	2310.00000
50.85000	2259.00000
50.86000	2256.00000
50.87000	2227.00000
50.88000	2265.00000
50.89000	2200.00000
50.90000	2258.00000
50.91000	2223.00000
50.92000	2237.00000
50.93000	2257.00000
50.94000	2242.00000
50.95000	2289.00000
50.96000	2272.00000
50.97000	2298.00000
50.98000	2278.00000
50.99000	2291.00000
51.00000	2324.00000
51.01000	2310.00000
51.02000	2342.00000
51.03000	2320.00000
51.04000	2381.00000
51.05000	2387.00000
51.06000	2396.00000
51.07000	2371.00000
51.08000	2425.00000
51.09000	2392.00000
51.10000	2321.00000
51.11000	2387.00000
51.12000	2365.00000
51.13000	2316.00000
51.14000	2332.00000
51.15000	2322.00000
51.16000	2306.00000
51.17000	2340.00000
51.18000	2358.00000
51.19000	2363.00000
51.20000	2389.00000
51.21000	2381.00000
51.22000	2324.00000
51.23000	2373.00000
51.24000	2335.00000
51.25000	2317.00000
51.26000	2399.00000
51.27000	2379.00000
51.28000	2386.00000
51.29000	2413.00000
51.30000	2326.00000
51.31000	2381.00000
51.32000	2379.00000
51.33000	2336.00000
51.34000	2254.00000
51.35000	2391.00000
51.36000	2416.00000
51.37000	2308.00000
51.38000	2322.00000
51.39000	2344.00000
51.40000	2331.00000
51.41000	2323.00000
51.42000	2317.00000
51.43000	2312.00000
51.44000	2261.00000
51.45000	2322.00000
51.46000	2273.00000
51.47000	2261.00000
51.48000	2292.00000
51.49000	2290.00000
51.50000	2325.00000
51.51000	2287.00000
51.52000	2339.00000
51.53000	2341.00000
51.54000	2400.00000
51.55000	2343.00000
51.56000	2341.00000
51.57000	2310.00000
51.58000	2319.00000
51.59000	2369.00000
51.60000	2374.00000
51.61000	2305.00000
51.62000	2273.00000
51.63000	2258.00000
51.64000	2334.00000
51.65000	2368.00000
51.66000	2259.00000
51.67000	2278.00000
51.68000	2213.00000
51.69000	2253.00000
51.70000	2282.00000
51.71000	2191.00000
51.72000	2247.00000
51.73000	2219.00000
51.74000	2203.00000
51.75000	2256.00000
51.76000	2261.00000
51.77000	2267.00000
51.78000	2232.00000
51.79000	2207.00000
51.80000	2227.00000
51.81000	2233.00000
51.82000	2246.00000
51.83000	2249.00000
51.84000	2236.00000
51.85000	2197.00000
51.86000	2222.00000
51.87000	2222.00000
51.88000	2252.00000
51.89000	2264.00000
51.90000	2241.00000
51.91000	2232.00000
51.92000	2288.00000
51.93000	2267.00000
51.94000	2262.00000
51.95000	2272.00000
51.96000	2303.00000
51.97000	2289.00000
51.98000	2286.00000
51.99000	2265.00000
52.00000	2269.00000
52.01000	2264.00000
52.02000	2311.00000
52.03000	2299.00000
52.04000	2261.00000
52.05000	2336.00000
52.06000	2284.00000
52.07000	2317.00000
52.08000	2320.00000
52.09000	2313.00000
52.10000	2326.00000
52.11000	2341.00000
52.12000	2385.00000
52.13000	2372.00000
52.14000	2362.00000
52.15000	2400.00000
52.16000	2348.00000
52.17000	2394.00000
52.18000	2384.00000
52.19000	2374.00000
52.20000	2391.00000
52.21000	2431.00000
52.22000	2398.00000
52.23000	2416.00000
52.24000	2363.00000
52.25000	2409.00000
52.26000	2420.00000
52.27000	2372.00000
52.28000	2344.00000
52.29000	2351.00000
52.30000	2352.00000
52.31000	2355.00000
52.32000	2331.00000
52.33000	2325.00000
52.34000	2292.00000
52.35000	2239.00000
52.36000	2315.00000
52.37000	2329.00000
52.38000	2289.00000
52.39000	2347.00000
52.40000	2327.00000
52.41000	2267.00000
52.42000	2253.00000
52.43000	2358.00000
52.44000	2245.00000
52.45000	2318.00000
52.46000	2328.00000
52.47000	2310.00000
52.48000	2253.00000
52.49000	2309.00000
52.50000	2308.00000
52.51000	2371.00000
52.52000	2287.00000
52.53000	2313.00000
52.54000	2278.00000
52.55000	2248.00000
52.56000	2322.00000
52.57000	2278.00000
52.58000	2331.00000
52.59000	2342.00000
52.60000	2276.00000
52.61000	2265.00000
52.62000	2345.00000
52.63000	2296.00000
52.64000	2301.00000
52.65000	2301.00000
52.66000	2311.00000
52.67000	2276.00000
52.68000	2348.00000
52.69000	2289.00000
52.70000	2325.00000
52.71000	2277.00000
52.72000	2311.00000
52.73000	2321.00000
52.74000	2297.00000
52.75000	2259.00000
52.76000	2283.00000
52.77000	2294.00000
52.78000	2313.00000
52.79000	2351.00000
52.80000	2297.00000
52.81000	2283.00000
52.82000	2290.00000
52.83000	2323.00000
52.84000	2268.00000
52.85000	2276.00000
52.86000	2308.00000
52.87000	2293.00000
52.88000	2331.00000
52.89000	2287.00000
52.90000	2321.00000
52.91000	2274.00000
52.92000	2263.00000
52.93000	2236.00000
52.94000	2229.00000
52.95000	2199.00000
52.96000	2231.00000
52.97000	2190.00000
52.98000	2225.00000
52.99000	2230.00000
53.00000	2253.00000
53.01000	2193.00000
53.02000	2325.00000
53.03000	2261.00000
53.04000	2243.00000
53.05000	2233.00000
53.06000	2246.00000
53.07000	2201.00000
53.08000	2197.00000
53.09000	2211.00000
53.10000	2254.00000
53.11000	2202.00000
53.12000	2236.00000
53.13000	2216.00000
53.14000	2230.00000
53.15000	2244.00000
53.16000	2230.00000
53.17000	2268.00000
53.18000	2233.00000
53.19000	2203.00000
53.20000	2256.00000
53.21000	2251.00000
53.22000	2264.00000
53.23000	2271.00000
53.24000	2235.00000
53.25000	2221.00000
53.26000	2256.00000
53.27000	2236.00000
53.28000	2263.00000
53.29000	2234.00000
53.30000	2231.00000
53.31000	2249.00000
53.32000	2246.00000
53.33000	2267.00000
53.34000	2281.00000
53.35000	2235.00000
53.36000	2266.00000
53.37000	2292.00000
53.38000	2275.00000
53.39000	2302.00000
53.40000	2274.00000
53.41000	2298.00000
53.42000	2311.00000
53.43000	2317.00000
53.44000	2308.00000
53.45000	2314.00000
53.46000	2332.00000
53.47000	2372.00000
53.48000	2266.00000
53.49000	2306.00000
53.50000	2270.00000
53.51000	2240.00000
53.52000	2270.00000
53.53000	2293.00000
53.54000	2248.00000
53.55000	2246.00000
53.56000	2260.00000
53.57000	2242.00000
53.58000	2296.00000
53.59000	2308.00000
53.60000	2238.00000
53.61000	2246.00000
53.62000	2245.00000
53.63000	2251.00000
53.64000	2253.00000
53.65000	2328.00000
53.66000	2258.00000
53.67000	2320.00000
53.68000	2287.00000
53.69000	2325.00000
53.70000	2311.00000
53.71000	2370.00000
53.72000	2310.00000
53.73000	2336.00000
53.74000	2288.00000
53.75000	2319.00000
53.76000	2335.00000
53.77000	2377.00000
53.78000	2352.00000
53.79000	2348.00000
53.80000	2306.00000
53.81000	2365.00000
53.82000	2301.00000
53.83000	2311.00000
53.84000	2289.00000
53.85000	2272.00000
53.86000	2298.00000
53.87000	2296.00000
53.88000	2294.00000
53.89000	2300.00000
53.90000	2316.00000
53.91000	2283.00000
53.92000	2255.00000
53.93000	2274.00000
53.94000	2255.00000
53.95000	2337.00000
53.96000	2262.00000
53.97000	2262.00000
53.98000	2242.00000
53.99000	2231.00000
54.00000	2216.00000
54.01000	2275.00000
54.02000	2248.00000
54.03000	2255.00000
54.04000	2210.00000
54.05000	2246.00000
54.06000	2192.00000
54.07000	2277.00000
54.08000	2254.00000
54.09000	2221.00000
54.10000	2264.00000
54.11000	2265.00000
54.12000	2240.00000
54.13000	2244.00000
54.14000	2260.00000
54.15000	2244.00000
54.16000	2222.00000
54.17000	2172.00000
54.18000	2241.00000
54.19000	2279.00000
54.20000	2245.00000
54.21000	2242.00000
54.22000	2267.00000
54.23000	2235.00000
54.24000	2248.00000
54.25000	2226.00000
54.26000	2273.00000
54.27000	2218.00000
54.28000	2168.00000
54.29000	2202.00000
54.30000	2260.00000
54.31000	2290.00000
54.32000	2245.00000
54.33000	2236.00000
54.34000	2253.00000
54.35000	2293.00000
54.36000	2268.00000
54.37000	2275.00000
54.38000	2262.00000
54.39000	2313.00000
54.40000	2244.00000
54.41000	2231.00000
54.42000	2289.00000
54.43000	2295.00000
54.44000	2336.00000
54.45000	2325.00000
54.46000	2310.00000
54.47000	2292.00000
54.48000	2311.00000
54.49000	2286.00000
54.50000	2283.00000
54.51000	2283.00000
54.52000	2294.00000
54.53000	2342.00000
54.54000	2312.00000
54.55000	2317.00000
54.56000	2247.00000
54.57000	2279.00000
54.58000	2248.00000
54.59000	2285.00000
54.60000	2296.00000
54.61000	2269.00000
54.62000	2289.00000
54.63000	2277.00000
54.64000	2284.00000
54.65000	2306.00000
54.66000	2215.00000
54.67000	2268.00000
54.68000	2290.00000
54.69000	2274.00000
54.70000	2198.00000
54.71000	2240.00000
54.72000	2278.00000
54.73000	2301.00000
54.74000	2253.00000
54.75000	2279.00000
54.76000	2286.00000
54.77000	2264.00000
54.78000	2283.00000
54.79000	2302.00000
54.80000	2326.00000
54.81000	2274.00000
54.82000	2293.00000
54.83000	2286.00000
54.84000	2297.00000
54.85000	2367.00000
54.86000	2301.00000
54.87000	2338.00000
54.88000	2289.00000
54.89000	2327.00000
54.90000	2322.00000
54.91000	2334.00000
54.92000	2321.00000
54.93000	2331.00000
54.94000	2282.00000
54.95000	2306.00000
54.96000	2290.00000
54.97000	2335.00000
54.98000	2329.00000
54.99000	2285.00000
55.00000	2277.00000
55.01000	2308.00000
55.02000	2344.00000
55.03000	2290.00000
55.04000	2303.00000
55.05000	2322.00000
55.06000	2285.00000
55.07000	2302.00000
55.08000	2260.00000
55.09000	2293.00000
55.10000	2353.00000
55.11000	2328.00000
55.12000	2349.00000
55.13000	2323.00000
55.14000	2363.00000
55.15000	2231.00000
55.16000	2311.00000
55.17000	2292.00000
55.18000	2239.00000
55.19000	2341.00000
55.20000	2282.00000
55.21000	2265.00000
55.22000	2293.00000
55.23000	2267.00000
55.24000	2281.00000
55.25000	2344.00000
55.26000	2305.00000
55.27000	2267.00000
55.28000	2324.00000
55.29000	2229.00000
55.30000	2296.00000
55.31000	2326.00000
55.32000	2294.00000
55.33000	2334.00000
55.34000	2356.00000
55.35000	2348.00000
55.36000	2312.00000
55.37000	2339.00000
55.38000	2345.00000
55.39000	2283.00000
55.40000	2354.00000
55.41000	2361.00000
55.42000	2299.00000
55.43000	2342.00000
55.44000	2278.00000
55.45000	2268.00000
55.46000	2254.00000
55.47000	2296.00000
55.48000	2293.00000
55.49000	2314.00000
55.50000	2319.00000
55.51000	2293.00000
55.52000	2310.00000
55.53000	2325.00000
55.54000	2308.00000
55.55000	2273.00000
55.56000	2288.00000
55.57000	2268.00000
55.58000	2250.00000
55.59000	2316.00000
55.60000	2310.00000
55.61000	2300.00000
55.62000	2247.00000
55.63000	2295.00000
55.64000	2261.00000
55.65000	2241.00000
55.66000	2239.00000
55.67000	2247.00000
55.68000	2288.00000
55.69000	2274.00000
55.70000	2237.00000
55.71000	2226.00000
55.72000	2214.00000
55.73000	2251.00000
55.74000	2232.00000
55.75000	2224.00000
55.76000	2233.00000
55.77000	2224.00000
55.78000	2241.00000
55.79000	2250.00000
55.80000	2217.00000
55.81000	2174.00000
55.82000	2246.00000
55.83000	2221.00000
55.84000	2239.00000
55.85000	2195.00000
55.86000	2207.00000
55.87000	2203.00000
55.88000	2188.00000
55.89000	2153.00000
55.90000	2176.00000
55.91000	2180.00000
55.92000	2160.00000
55.93000	2190.00000
55.94000	2137.00000
55.95000	2242.00000
55.96000	2210.00000
55.97000	2222.00000
55.98000	2205.00000
55.99000	2218.00000
56.00000	2181.00000
56.01000	2183.00000
56.02000	2209.00000
56.03000	2177.00000
56.04000	2202.00000
56.05000	2220.00000
56.06000	2236.00000
56.07000	2151.00000
56.08000	2222.00000
56.09000	2247.00000
56.10000	2230.00000
56.11000	2182.00000
56.12000	2193.00000
56.13000	2175.00000
56.14000	2163.00000
56.15000	2225.00000
56.16000	2167.00000
56.17000	2198.00000
56.18000	2215.00000
56.19000	2210.00000
56.20000	2231.00000
56.21000	2238.00000
56.22000	2205.00000
56.23000	2244.00000
56.24000	2234.00000
56.25000	2218.00000
56.26000	2219.00000
56.27000	2215.00000
56.28000	2271.00000
56.29000	2272.00000
56.30000	2248.00000
56.31000	2222.00000
56.32000	2223.00000
56.33000	2226.00000
56.34000	2168.00000
56.35000	2215.00000
56.36000	2218.00000
56.37000	2178.00000
56.38000	2203.00000
56.39000	2206.00000
56.40000	2219.00000
56.41000	2198.00000
56.42000	2188.00000
56.43000	2249.00000
56.44000	2219.00000
56.45000	2244.00000
56.46000	2232.00000
56.47000	2210.00000
56.48000	2240.00000
56.49000	2231.00000
56.50000	2260.00000
56.51000	2228.00000
56.52000	2256.00000
56.53000	2264.00000
56.54000	2228.00000
56.55000	2226.00000
56.56000	2235.00000
56.57000	2247.00000
56.58000	2285.00000
56.59000	2277.00000
56.60000	2291.00000
56.61000	2229.00000
56.62000	2248.00000
56.63000	2257.00000
56.64000	2270.00000
56.65000	2270.00000
56.66000	2250.00000
56.67000	2221.00000
56.68000	2170.00000
56.69000	2214.00000
56.70000	2184.00000
56.71000	2221.00000
56.72000	2231.00000
56.73000	2194.00000
56.74000	2190.00000
56.75000	2200.00000
56.76000	2210.00000
56.77000	2156.00000
56.78000	2212.00000
56.79000	2215.00000
56.80000	2213.00000
56.81000	2234.00000
56.82000	2214.00000
56.83000	2148.00000
56.84000	2187.00000
56.85000	2207.00000
56.86000	2181.00000
56.87000	2203.00000
56.88000	2189.00000
56.89000	2175.00000
56.90000	2172.00000
56.91000	2188.00000
56.92000	2223.00000
56.93000	2222.00000
56.94000	2205.00000
56.95000	2193.00000
56.96000	2256.00000
56.97000	2229.00000
56.98000	2249.00000
56.99000	2256.00000
57.00000	2179.00000
57.01000	2255.00000
57.02000	2241.00000
57.03000	2240.00000
57.04000	2209.00000
57.05000	2237.00000
57.06000	2253.00000
57.07000	2221.00000
57.08000	2238.00000
57.09000	2268.00000
57.10000	2218.00000
57.11000	2190.00000
57.12000	2231.00000
57.13000	2241.00000
57.14000	2199.00000
57.15000	2224.00000
57.16000	2253.00000
57.17000	2307.00000
57.18000	2309.00000
57.19000	2257.00000
57.20000	2249.00000
57.21000	2312.00000
57.22000	2259.00000
57.23000	2270.00000
57.24000	2284.00000
57.25000	2313.00000
57.26000	2285.00000
57.27000	2255.00000
57.28000	2221.00000
57.29000	2251.00000
57.30000	2250.00000
57.31000	2246.00000
57.32000	2240.00000
57.33000	2247.00000
57.34000	2260.00000
57.35000	2303.00000
57.36000	2285.00000
57.37000	2247.00000
57.38000	2272.00000
57.39000	2291.00000
57.40000	2284.00000
57.41000	2288.00000
57.42000	2294.00000
57.43000	2236.00000
57.44000	2192.00000
57.45000	2274.00000
57.46000	2199.00000
57.47000	2253.00000
57.48000	2225.00000
57.49000	2219.00000
57.50000	2208.00000
57.51000	2150.00000
57.52000	2152.00000
57.53000	2178.00000
57.54000	2190.00000
57.55000	2210.00000
57.56000	2235.00000
57.57000	2185.00000
57.58000	2205.00000
57.59000	2232.00000
57.60000	2234.00000
57.61000	2236.00000
57.62000	2247.00000
57.63000	2206.00000
57.64000	2269.00000
57.65000	2265.00000
57.66000	2262.00000
57.67000	2232.00000
57.68000	2220.00000
57.69000	2254.00000
57.70000	2227.00000
57.71000	2255.00000
57.72000	2238.00000
57.73000	2233.00000
57.74000	2270.00000
57.75000	2305.00000
57.76000	2265.00000
57.77000	2246.00000
57.78000	2296.00000
57.79000	2302.00000
57.80000	2228.00000
57.81000	2246.00000
57.82000	2212.00000
57.83000	2263.00000
57.84000	2236.00000
57.85000	2263.00000
57.86000	2224.00000
57.87000	2193.00000
57.88000	2230.00000
57.89000	2194.00000
57.90000	2226.00000
57.91000	2267.00000
57.92000	2247.00000
57.93000	2222.00000
57.94000	2259.00000
57.95000	2259.00000
57.96000	2226.00000
57.97000	2212.00000
57.98000	2247.00000
57.99000	2192.00000
58.00000	2240.00000
58.01000	2263.00000
58.02000	2198.00000
58.03000	2247.00000
58.04000	2220.00000
58.05000	2186.00000
58.06000	2166.00000
58.07000	2177.00000
58.08000	2163.00000
58.09000	2167.00000
58.10000	2231.00000
58.11000	2229.00000
58.12000	2232.00000
58.13000	2223.00000
58.14000	2252.00000
58.15000	2364.00000
58.16000	2251.00000
58.17000	2224.00000
58.18000	2226.00000
58.19000	2238.00000
58.20000	2272.00000
58.21000	2261.00000
58.22000	2238.00000
58.23000	2282.00000
58.24000	2284.00000
58.25000	2306.00000
58.26000	2249.00000
58.27000	2287.00000
58.28000	2211.00000
58.29000	2183.00000
58.30000	2226.00000
58.31000	2225.00000
58.32000	2236.00000
58.33000	2229.00000
58.34000	2188.00000
58.35000	2208.00000
58.36000	2136.00000
58.37000	2166.00000
58.38000	2260.00000
58.39000	2243.00000
58.40000	2217.00000
58.41000	2248.00000
58.42000	2212.00000
58.43000	2248.00000
58.44000	2190.00000
58.45000	2204.00000
58.46000	2211.00000
58.47000	2225.00000
58.48000	2201.00000
58.49000	2215.00000
58.50000	2257.00000
58.51000	2242.00000
58.52000	2249.00000
58.53000	2210.00000
58.54000	2156.00000
58.55000	2231.00000
58.56000	2242.00000
58.57000	2239.00000
58.58000	2189.00000
58.59000	2242.00000
58.60000	2178.00000
58.61000	2194.00000
58.62000	2215.00000
58.63000	2213.00000
58.64000	2199.00000
58.65000	2232.00000
58.66000	2224.00000
58.67000	2231.00000
58.68000	2188.00000
58.69000	2221.00000
58.70000	2214.00000
58.71000	2190.00000
58.72000	2239.00000
58.73000	2176.00000
58.74000	2207.00000
58.75000	2147.00000
58.76000	2171.00000
58.77000	2151.00000
58.78000	2122.00000
58.79000	2151.00000
58.80000	2175.00000
58.81000	2134.00000
58.82000	2180.00000
58.83000	2150.00000
58.84000	2129.00000
58.85000	2205.00000
58.86000	2153.00000
58.87000	2210.00000
58.88000	2170.00000
58.89000	2159.00000
58.90000	2165.00000
58.91000	2227.00000
58.92000	2199.00000
58.93000	2205.00000
58.94000	2172.00000
58.95000	2195.00000
58.96000	2176.00000
58.97000	2153.00000
58.98000	2156.00000
58.99000	2155.00000
59.00000	2156.00000
59.01000	2189.00000
59.02000	2228.00000
59.03000	2177.00000
59.04000	2274.00000
59.05000	2194.00000
59.06000	2216.00000
59.07000	2180.00000
59.08000	2183.00000
59.09000	2207.00000
59.10000	2211.00000
59.11000	2182.00000
59.12000	2179.00000
59.13000	2195.00000
59.14000	2211.00000
59.15000	2228.00000
59.16000	2232.00000
59.17000	2171.00000
59.18000	2206.00000
59.19000	2216.00000
59.20000	2228.00000
59.21000	2184.00000
59.22000	2196.00000
59.23000	2127.00000
59.24000	2184.00000
59.25000	2200.00000
59.26000	2170.00000
59.27000	2167.00000
59.28000	2220.00000
59.29000	2193.00000
59.30000	2174.00000
59.31000	2247.00000
59.32000	2237.00000
59.33000	2205.00000
59.34000	2231.00000
59.35000	2244.00000
59.36000	2236.00000
59.37000	2199.00000
59.38000	2182.00000
59.39000	2180.00000
59.40000	2201.00000
59.41000	2190.00000
59.42000	2200.00000
59.43000	2167.00000
59.44000	2187.00000
59.45000	2160.00000
59.46000	2149.00000
59.47000	2216.00000
59.48000	2194.00000
59.49000	2130.00000
59.50000	2198.00000
59.51000	2165.00000
59.52000	2176.00000
59.53000	2145.00000
59.54000	2177.00000
59.55000	2174.00000
59.56000	2117.00000
59.57000	2175.00000
59.58000	2197.00000
59.59000	2183.00000
59.60000	2223.00000
59.61000	2141.00000
59.62000	2212.00000
59.63000	2168.00000
59.64000	2198.00000
59.65000	2172.00000
59.66000	2138.00000
59.67000	2137.00000
59.68000	2164.00000
59.69000	2178.00000
59.70000	2180.00000
59.71000	2173.00000
59.72000	2145.00000
59.73000	2116.00000
59.74000	2119.00000
59.75000	2113.00000
59.76000	2192.00000
59.77000	2163.00000
59.78000	2189.00000
59.79000	2174.00000
59.80000	2228.00000
59.81000	2164.00000
59.82000	2184.00000
59.83000	2215.00000
59.84000	2174.00000
59.85000	2221.00000
59.86000	2220.00000
59.87000	2198.00000
59.88000	2218.00000
59.89000	2147.00000
59.90000	2195.00000
59.91000	2186.00000
59.92000	2169.00000
59.93000	2187.00000
59.94000	2223.00000
59.95000	2192.00000
59.96000	2163.00000
59.97000	2177.00000
59.98000	2169.00000
59.99000	2162.00000
60.00000	2209.00000
60.01000	2150.00000
60.02000	2153.00000
60.03000	2157.00000
60.04000	2179.00000
60.05000	2148.00000
60.06000	2177.00000
60.07000	2154.00000
60.08000	2119.00000
60.09000	2130.00000
60.10000	2183.00000
60.11000	2145.00000
60.12000	2153.00000
60.13000	2159.00000
60.14000	2118.00000
60.15000	2097.00000
60.16000	2096.00000
60.17000	2164.00000
60.18000	2125.00000
60.19000	2167.00000
60.20000	2165.00000
60.21000	2170.00000
60.22000	2178.00000
60.23000	2159.00000
60.24000	2183.00000
60.25000	2179.00000
60.26000	2145.00000
60.27000	2166.00000
60.28000	2140.00000
60.29000	2179.00000
60.30000	2173.00000
60.31000	2175.00000
60.32000	2126.00000
60.33000	2139.00000
60.34000	2210.00000
60.35000	2171.00000
60.36000	2176.00000
60.37000	2187.00000
60.38000	2156.00000
60.39000	2151.00000
60.40000	2104.00000
60.41000	2155.00000
60.42000	2132.00000
60.43000	2160.00000
60.44000	2191.00000
60.45000	2156.00000
60.46000	2151.00000
60.47000	2206.00000
60.48000	2202.00000
60.49000	2197.00000
60.50000	2180.00000
60.51000	2212.00000
60.52000	2183.00000
60.53000	2230.00000
60.54000	2238.00000
60.55000	2216.00000
60.56000	2195.00000
60.57000	2202.00000
60.58000	2216.00000
60.59000	2172.00000
60.60000	2191.00000
60.61000	2182.00000
60.62000	2175.00000
60.63000	2153.00000
60.64000	2189.00000
60.65000	2216.00000
60.66000	2204.00000
60.67000	2196.00000
60.68000	2160.00000
60.69000	2134.00000
60.70000	2201.00000
60.71000	2187.00000
60.72000	2174.00000
60.73000	2130.00000
60.74000	2148.00000
60.75000	2133.00000
60.76000	2101.00000
60.77000	2100.00000
60.78000	2164.00000
60.79000	2177.00000
60.80000	2100.00000
60.81000	2102.00000
60.82000	2135.00000
60.83000	2131.00000
60.84000	2145.00000
60.85000	2116.00000
60.86000	2149.00000
60.87000	2111.00000
60.88000	2145.00000
60.89000	2154.00000
60.90000	2156.00000
60.91000	2124.00000
60.92000	2118.00000
60.93000	2150.00000
60.94000	2114.00000
60.95000	2130.00000
60.96000	2126.00000
60.97000	2153.00000
60.98000	2153.00000
60.99000	2102.00000
61.00000	2147.00000
61.01000	2080.00000
61.02000	2128.00000
61.03000	2097.00000
61.04000	2102.00000
61.05000	2070.00000
61.06000	2062.00000
61.07000	2165.00000
61.08000	2096.00000
61.09000	2079.00000
61.10000	2156.00000
61.11000	2094.00000
61.12000	2113.00000
61.13000	2112.00000
61.14000	2155.00000
61.15000	2121.00000
61.16000	2140.00000
61.17000	2159.00000
61.18000	2161.00000
61.19000	2133.00000
61.20000	2141.00000
61.21000	2117.00000
61.22000	2114.00000
61.23000	2103.00000
61.24000	2140.00000
61.25000	2085.00000
61.26000	2093.00000
61.27000	2129.00000
61.28000	2181.00000
61.29000	2135.00000
61.30000	2107.00000
61.31000	2139.00000
61.32000	2128.00000
61.33000	2105.00000
61.34000	2103.00000
61.35000	2145.00000
61.36000	2068.00000
61.37000	2113.00000
61.38000	2105.00000
61.39000	2079.00000
61.40000	2081.00000
61.41000	2106.00000
61.42000	2092.00000
61.43000	2065.00000
61.44000	2114.00000
61.45000	2100.00000
61.46000	2137.00000
61.47000	2157.00000
61.48000	2121.00000
61.49000	2121.00000
61.50000	2180.00000
61.51000	2090.00000
61.52000	2122.00000
61.53000	2120.00000
61.54000	2157.00000
61.55000	2185.00000
61.56000	2146.00000
61.57000	2163.00000
61.58000	2171.00000
61.59000	2167.00000
61.60000	2160.00000
61.61000	2174.00000
61.62000	2199.00000
61.63000	2143.00000
61.64000	2103.00000
61.65000	2133.00000
61.66000	2137.00000
61.67000	2067.00000
61.68000	2106.00000
61.69000	2146.00000
61.70000	2150.00000
61.71000	2146.00000
61.72000	2160.00000
61.73000	2152.00000
61.74000	2138.00000
61.75000	2108.00000
61.76000	2094.00000
61.77000	2093.00000
61.78000	2100.00000
61.79000	2117.00000
61.80000	2113.00000
61.81000	2192.00000
61.82000	2126.00000
61.83000	2124.00000
61.84000	2124.00000
61.85000	2121.00000
61.86000	2138.00000
61.87000	2130.00000
61.88000	2210.00000
61.89000	2096.00000
61.90000	2111.00000
61.91000	2152.00000
61.92000	2096.00000
61.93000	2070.00000
61.94000	2107.00000
61.95000	2103.00000
61.96000	2095.00000
61.97000	2066.00000
61.98000	2075.00000
61.99000	2059.00000
62.00000	2044.00000
62.01000	2110.00000
62.02000	2101.00000
62.03000	2067.00000
62.04000	2082.00000
62.05000	2071.00000
62.06000	2087.00000
62.07000	2050.00000
62.08000	2090.00000
62.09000	2115.00000
62.10000	2084.00000
62.11000	2122.00000
62.12000	2130.00000
62.13000	2065.00000
62.14000	2135.00000
62.15000	2099.00000
62.16000	2084.00000
62.17000	2119.00000
62.18000	2061.00000
62.19000	2099.00000
62.20000	2094.00000
62.21000	2119.00000
62.22000	2138.00000
62.23000	2114.00000
62.24000	2116.00000
62.25000	2079.00000
62.26000	2104.00000
62.27000	2073.00000
62.28000	2099.00000
62.29000	2140.00000
62.30000	2036.00000
62.31000	2125.00000
62.32000	2086.00000
62.33000	2179.00000
62.34000	2143.00000
62.35000	2138.00000
62.36000	2148.00000
62.37000	2153.00000
62.38000	2145.00000
62.39000	2153.00000
62.40000	2134.00000
62.41000	2071.00000
62.42000	2134.00000
62.43000	2131.00000
62.44000	2133.00000
62.45000	2170.00000
62.46000	2128.00000
62.47000	2123.00000
62.48000	2139.00000
62.49000	2049.00000
62.50000	2128.00000
62.51000	2165.00000
62.52000	2103.00000
62.53000	2127.00000
62.54000	2092.00000
62.55000	2104.00000
62.56000	2095.00000
62.57000	2135.00000
62.58000	2159.00000
62.59000	2098.00000
62.60000	2099.00000
62.61000	2095.00000
62.62000	2101.00000
62.63000	2120.00000
62.64000	2114.00000
62.65000	2097.00000
62.66000	2103.00000
62.67000	2116.00000
62.68000	2124.00000
62.69000	2110.00000
62.70000	2089.00000
62.71000	2078.00000
62.72000	2135.00000
62.73000	2084.00000
62.74000	2087.00000
62.75000	2110.00000
62.76000	2101.00000
62.77000	2147.00000
62.78000	2129.00000
62.79000	2086.00000
62.80000	2136.00000
62.81000	2138.00000
62.82000	2177.00000
62.83000	2123.00000
62.84000	2150.00000
62.85000	2139.00000
62.86000	2091.00000
62.87000	2083.00000
62.88000	2067.00000
62.89000	2105.00000
62.90000	2102.00000
62.91000	2077.00000
62.92000	2103.00000
62.93000	2117.00000
62.94000	2096.00000
62.95000	2075.00000
62.96000	2147.00000
62.97000	2077.00000
62.98000	2086.00000
62.99000	2138.00000
63.00000	2098.00000
63.01000	2156.00000
63.02000	2145.00000
63.03000	2130.00000
63.04000	2125.00000
63.05000	2068.00000
63.06000	2114.00000
63.07000	2121.00000
63.08000	2094.00000
63.09000	2085.00000
63.10000	2084.00000
63.11000	2135.00000
63.12000	2131.00000
63.13000	2045.00000
63.14000	2101.00000
63.15000	2098.00000
63.16000	2103.00000
63.17000	2177.00000
63.18000	2058.00000
63.19000	2131.00000
63.20000	2199.00000
63.21000	2097.00000
63.22000	2125.00000
63.23000	2138.00000
63.24000	2094.00000
63.25000	2113.00000
63.26000	2080.00000
63.27000	2104.00000
63.28000	2124.00000
63.29000	2071.00000
63.30000	2058.00000
63.31000	2041.00000
63.32000	2099.00000
63.33000	2063.00000
63.34000	2062.00000
63.35000	2109.00000
63.36000	2114.00000
63.37000	2111.00000
63.38000	2141.00000
63.39000	2087.00000
63.40000	2088.00000
63.41000	2111.00000
63.42000	2106.00000
63.43000	2103.00000
63.44000	2083.00000
63.45000	2128.00000
63.46000	2060.00000
63.47000	2102.00000
63.48000	2107.00000
63.49000	2024.00000
63.50000	2052.00000
63.51000	2104.00000
63.52000	2087.00000
63.53000	2107.00000
63.54000	2117.00000
63.55000	2101.00000
63.56000	2146.00000
63.57000	2097.00000
63.58000	2132.00000
63.59000	2165.00000
63.60000	2155.00000
63.61000	2162.00000
63.62000	2082.00000
63.63000	2105.00000
63.64000	2088.00000
63.65000	2060.00000
63.66000	2102.00000
63.67000	2060.00000
63.68000	2139.00000
63.69000	2092.00000
63.70000	2104.00000
63.71000	2123.00000
63.72000	2047.00000
63.73000	2111.00000
63.74000	2081.00000
63.75000	2111.00000
63.76000	2078.00000
63.77000	2133.00000
63.78000	2120.00000
63.79000	2122.00000
63.80000	2066.00000
63.81000	2115.00000
63.82000	2150.00000
63.83000	2066.00000
63.84000	2061.00000
63.85000	2136.00000
63.86000	2092.00000
63.87000	2109.00000
63.88000	2142.00000
63.89000	2086.00000
63.90000	2096.00000
63.91000	2093.00000
63.92000	2143.00000
63.93000	2113.00000
63.94000	2096.00000
63.95000	2029.00000
63.96000	2118.00000
63.97000	2115.00000
63.98000	2148.00000
63.99000	2126.00000
64.00000	2121.00000
64.01000	2104.00000
64.02000	2116.00000
64.03000	2103.00000
64.04000	2078.00000
64.05000	2162.00000
64.06000	2105.00000
64.07000	2086.00000
64.08000	2071.00000
64.09000	2053.00000
64.10000	2074.00000
64.11000	2054.00000
64.12000	2086.00000
64.13000	2055.00000
64.14000	2039.00000
64.15000	2071.00000
64.16000	2040.00000
64.17000	2020.00000
64.18000	2019.00000
64.19000	2105.00000
64.20000	2058.00000
64.21000	2114.00000
64.22000	2096.00000
64.23000	2083.00000
64.24000	2001.00000
64.25000	2084.00000
64.26000	2059.00000
64.27000	2056.00000
64.28000	2066.00000
64.29000	2063.00000
64.30000	2040.00000
64.31000	2072.00000
64.32000	2053.00000
64.33000	2114.00000
64.34000	2065.00000
64.35000	2128.00000
64.36000	2094.00000
64.37000	2087.00000
64.38000	2143.00000
64.39000	2078.00000
64.40000	2072.00000
64.41000	2054.00000
64.42000	2073.00000
64.43000	2093.00000
64.44000	2042.00000
64.45000	2047.00000
64.46000	2071.00000
64.47000	2074.00000
64.48000	2087.00000
64.49000	2088.00000
64.50000	2149.00000
64.51000	2056.00000
64.52000	2123.00000
64.53000	2064.00000
64.54000	2096.00000
64.55000	2100.00000
64.56000	2113.00000
64.57000	2070.00000
64.58000	2050.00000
64.59000	1988.00000
64.60000	2113.00000
64.61000	2085.00000
64.62000	2084.00000
64.63000	2031.00000
64.64000	2073.00000
64.65000	2088.00000
64.66000	2054.00000
64.67000	2073.00000
64.68000	2012.00000
64.69000	2059.00000
64.70000	2122.00000
64.71000	2131.00000
64.72000	2107.00000
64.73000	2042.00000
64.74000	2056.00000
64.75000	2022.00000
64.76000	2083.00000
64.77000	2080.00000
64.78000	2093.00000
64.79000	2015.00000
64.80000	2080.00000
64.81000	2035.00000
64.82000	2081.00000
64.83000	2053.00000
64.84000	2041.00000
64.85000	2077.00000
64.86000	2063.00000
64.87000	2062.00000
64.88000	1988.00000
64.89000	1982.00000
64.90000	2009.00000
64.91000	2083.00000
64.92000	2077.00000
64.93000	2079.00000
64.94000	2086.00000
64.95000	2053.00000
64.96000	2006.00000
64.97000	2072.00000
64.98000	2097.00000
64.99000	2049.00000
65.00000	2055.00000
