# 2Theta  Intensity_Obs  Intensity_Fit
10.009433 0.092771 0.086372
10.020300 0.095417 0.086366
10.031166 0.094125 0.086360
10.042033 0.096986 0.086355
10.052899 0.092648 0.086349
10.063765 0.091049 0.086343
10.074632 0.094740 0.086338
10.085498 0.094125 0.086332
10.096365 0.096063 0.086327
10.107231 0.092771 0.086321
10.118098 0.092156 0.086316
10.128964 0.090188 0.086310
10.139831 0.096493 0.086305
10.150697 0.092833 0.086299
10.161563 0.090618 0.086294
10.172430 0.092095 0.086289
10.183296 0.095355 0.086283
10.194163 0.091972 0.086278
10.205029 0.090864 0.086273
10.215896 0.094740 0.086268
10.226762 0.091172 0.086262
10.237628 0.095325 0.086257
10.248495 0.090649 0.086252
10.259361 0.092956 0.086247
10.270228 0.091756 0.086242
10.281094 0.093079 0.086237
10.291961 0.092587 0.086232
10.302827 0.092771 0.086227
10.313694 0.092249 0.086222
10.324560 0.094186 0.086217
10.335426 0.092802 0.086212
10.346293 0.093171 0.086207
10.357159 0.092341 0.086203
10.368026 0.091326 0.086198
10.378892 0.092187 0.086193
10.389759 0.095755 0.086188
10.400625 0.093417 0.086184
10.411492 0.092341 0.086179
10.422358 0.090557 0.086174
10.433224 0.093048 0.086170
10.444091 0.090864 0.086165
10.454957 0.092310 0.086160
10.465824 0.090772 0.086156
10.476690 0.090741 0.086151
10.487557 0.091080 0.086147
10.498423 0.089173 0.086143
10.509289 0.090464 0.086138
10.520156 0.088957 0.086134
10.531022 0.089234 0.086129
10.541889 0.091080 0.086125
10.552755 0.089173 0.086121
10.563622 0.089788 0.086117
10.574488 0.089695 0.086112
10.585355 0.090126 0.086108
10.596221 0.089142 0.086104
10.607087 0.089449 0.086100
10.617954 0.091049 0.086096
10.628820 0.093971 0.086092
10.639687 0.088988 0.086088
10.650553 0.094740 0.086084
10.661420 0.091172 0.086080
10.672286 0.088496 0.086076
10.683153 0.089234 0.086072
10.694019 0.088619 0.086068
10.704885 0.089788 0.086064
10.715752 0.089449 0.086060
10.726618 0.092433 0.086056
10.737485 0.090372 0.086053
10.748351 0.091695 0.086049
10.759218 0.092372 0.086045
10.770084 0.090649 0.086041
10.780950 0.089019 0.086038
10.791817 0.090649 0.086034
10.802683 0.090065 0.086031
10.813550 0.089296 0.086027
10.824416 0.090464 0.086023
10.835283 0.088588 0.086020
10.846149 0.091818 0.086016
10.857016 0.090864 0.086013
10.867882 0.089542 0.086010
10.878748 0.086681 0.086006
10.889615 0.087327 0.086003
10.900481 0.089203 0.085999
10.911348 0.088926 0.085996
10.922214 0.088988 0.085993
10.933081 0.092925 0.085990
10.943947 0.090772 0.085986
10.954814 0.095478 0.085983
10.965680 0.087696 0.085980
10.976546 0.092033 0.085977
10.987413 0.088311 0.085974
10.998279 0.087881 0.085971
11.009146 0.088465 0.085968
11.020012 0.089942 0.085965
11.030879 0.089634 0.085962
11.041745 0.091879 0.085959
11.052611 0.090464 0.085956
11.063478 0.086896 0.085953
11.074344 0.090095 0.085950
11.085211 0.088157 0.085947
11.096077 0.089695 0.085944
11.106944 0.085574 0.085941
11.117810 0.087296 0.085939
11.128677 0.091080 0.085936
11.139543 0.086835 0.085933
11.150409 0.089203 0.085930
11.161276 0.085666 0.085928
11.172142 0.088219 0.085925
11.183009 0.088311 0.085923
11.193875 0.089111 0.085920
11.204742 0.088373 0.085917
11.215608 0.090557 0.085915
11.226475 0.092925 0.085913
11.237341 0.088311 0.085910
11.248207 0.088342 0.085908
11.259074 0.089419 0.085905
11.269940 0.088773 0.085903
11.280807 0.087758 0.085901
11.291673 0.089449 0.085898
11.302540 0.086866 0.085896
11.313406 0.086373 0.085894
11.324272 0.087358 0.085891
11.335139 0.089542 0.085889
11.346005 0.090065 0.085887
11.356872 0.089080 0.085885
11.367738 0.089449 0.085883
11.378605 0.090280 0.085881
11.389471 0.088004 0.085879
11.400338 0.089511 0.085877
11.411204 0.089572 0.085875
11.422070 0.085451 0.085873
11.432937 0.090034 0.085871
11.443803 0.086435 0.085869
11.454670 0.086866 0.085867
11.465536 0.087604 0.085865
11.476403 0.088711 0.085863
11.487269 0.087573 0.085861
11.498136 0.083420 0.085860
11.509002 0.083051 0.085858
11.519868 0.086004 0.085856
11.530735 0.082528 0.085854
11.541601 0.087696 0.085853
11.552468 0.085297 0.085851
11.563334 0.085297 0.085850
11.574201 0.085635 0.085848
11.585067 0.086404 0.085846
11.595933 0.087635 0.085845
11.606800 0.088004 0.085843
11.617666 0.086989 0.085842
11.628533 0.086220 0.085840
11.639399 0.088803 0.085839
11.650266 0.086989 0.085838
11.661132 0.086127 0.085836
11.671999 0.087665 0.085835
11.682865 0.085174 0.085834
11.693731 0.086773 0.085832
11.704598 0.087788 0.085831
11.715464 0.084589 0.085830
11.726331 0.086558 0.085829
11.737197 0.087635 0.085828
11.748064 0.089419 0.085826
11.758930 0.087019 0.085825
11.769796 0.086127 0.085824
11.780663 0.081913 0.085823
11.791529 0.086097 0.085822
11.802396 0.085851 0.085821
11.813262 0.084282 0.085820
11.824129 0.087696 0.085819
11.834995 0.084928 0.085818
11.845862 0.082682 0.085817
11.856728 0.085881 0.085817
11.867594 0.083697 0.085816
11.878461 0.083943 0.085815
11.889327 0.085328 0.085814
11.900194 0.087235 0.085813
11.911060 0.085820 0.085813
11.921927 0.085881 0.085812
11.932793 0.083482 0.085811
11.943660 0.085635 0.085811
11.954526 0.083390 0.085810
11.965392 0.086281 0.085809
11.976259 0.087881 0.085809
11.987125 0.083667 0.085808
11.997992 0.084589 0.085808
12.008858 0.084497 0.085807
12.019725 0.083482 0.085807
12.030591 0.087019 0.085807
12.041457 0.085112 0.085806
12.052324 0.084251 0.085806
12.063190 0.086589 0.085805
12.074057 0.086558 0.085805
12.084923 0.087635 0.085805
12.095790 0.085389 0.085805
12.106656 0.083728 0.085804
12.117523 0.086343 0.085804
12.128389 0.083051 0.085804
12.139255 0.082467 0.085804
12.150122 0.084036 0.085804
12.160988 0.086681 0.085804
12.171855 0.086004 0.085804
12.182721 0.085389 0.085804
12.193588 0.083820 0.085804
12.204454 0.087881 0.085804
12.215321 0.082313 0.085804
12.226187 0.085820 0.085804
12.237053 0.082867 0.085804
12.247920 0.084835 0.085804
12.258786 0.082775 0.085804
12.269653 0.083082 0.085804
12.280519 0.086158 0.085804
12.291386 0.083636 0.085805
12.302252 0.082282 0.085805
12.313118 0.083082 0.085805
12.323985 0.083636 0.085806
12.334851 0.080191 0.085806
12.345718 0.083697 0.085806
12.356584 0.084036 0.085807
12.367451 0.085082 0.085807
12.378317 0.085820 0.085808
12.389184 0.084835 0.085808
12.400050 0.083297 0.085809
12.410916 0.086220 0.085809
12.421783 0.086189 0.085810
12.432649 0.084651 0.085810
12.443516 0.083636 0.085811
12.454382 0.084097 0.085812
12.465249 0.082959 0.085812
12.476115 0.081636 0.085813
12.486982 0.084005 0.085814
12.497848 0.084189 0.085815
12.508714 0.086035 0.085815
12.519581 0.082836 0.085816
12.530447 0.082651 0.085817
12.541314 0.084097 0.085818
12.552180 0.085297 0.085819
12.563047 0.085328 0.085820
12.573913 0.085820 0.085821
12.584779 0.085266 0.085822
12.595646 0.084620 0.085823
12.606512 0.081975 0.085824
12.617379 0.082405 0.085825
12.628245 0.085051 0.085826
12.639112 0.086558 0.085827
12.649978 0.084712 0.085829
12.660845 0.083544 0.085830
12.671711 0.083144 0.085831
12.682577 0.082313 0.085832
12.693444 0.083051 0.085834
12.704310 0.083943 0.085835
12.715177 0.086866 0.085836
12.726043 0.085574 0.085838
12.736910 0.081698 0.085839
12.747776 0.082067 0.085840
12.758643 0.080314 0.085842
12.769509 0.086620 0.085843
12.780375 0.083082 0.085845
12.791242 0.082221 0.085846
12.802108 0.084343 0.085848
12.812975 0.084651 0.085850
12.823841 0.086681 0.085851
12.834708 0.082344 0.085853
12.845574 0.083544 0.085855
12.856440 0.081452 0.085856
12.867307 0.082990 0.085858
12.878173 0.087573 0.085860
12.889040 0.082959 0.085862
12.899906 0.083082 0.085864
12.910773 0.080621 0.085866
12.921639 0.083790 0.085867
12.932506 0.083820 0.085869
12.943372 0.084251 0.085871
12.954238 0.082006 0.085873
12.965105 0.083913 0.085875
12.975971 0.084712 0.085877
12.986838 0.085727 0.085880
12.997704 0.085235 0.085882
13.008571 0.084405 0.085884
13.019437 0.084282 0.085886
13.030304 0.086373 0.085888
13.041170 0.083451 0.085891
13.052036 0.082405 0.085893
13.062903 0.081206 0.085895
13.073769 0.084866 0.085898
13.084636 0.081913 0.085900
13.095502 0.082590 0.085902
13.106369 0.086466 0.085905
13.117235 0.081913 0.085907
13.128101 0.082436 0.085910
13.138968 0.082559 0.085912
13.149834 0.084528 0.085915
13.160701 0.082405 0.085918
13.171567 0.082467 0.085920
13.182434 0.082006 0.085923
13.193300 0.086496 0.085926
13.204167 0.079822 0.085928
13.215033 0.082405 0.085931
13.225899 0.085205 0.085934
13.236766 0.081790 0.085937
13.247632 0.082467 0.085940
13.258499 0.082651 0.085943
13.269365 0.083144 0.085946
13.280232 0.085543 0.085949
13.291098 0.082252 0.085952
13.301965 0.084220 0.085955
13.312831 0.080591 0.085958
13.323697 0.080714 0.085961
13.334564 0.083082 0.085964
13.345430 0.083820 0.085967
13.356297 0.082775 0.085971
13.367163 0.085943 0.085974
13.378030 0.082067 0.085977
13.388896 0.081821 0.085981
13.399762 0.081329 0.085984
13.410629 0.086035 0.085987
13.421495 0.081667 0.085991
13.432362 0.081421 0.085994
13.443228 0.086035 0.085998
13.454095 0.084589 0.086002
13.464961 0.085082 0.086005
13.475828 0.082744 0.086009
13.486694 0.079514 0.086013
13.497560 0.082528 0.086016
13.508427 0.082928 0.086020
13.519293 0.081483 0.086024
13.530160 0.083420 0.086028
13.541026 0.082805 0.086032
13.551893 0.083082 0.086036
13.562759 0.084620 0.086040
13.573626 0.081267 0.086044
13.584492 0.082836 0.086048
13.595358 0.081329 0.086052
13.606225 0.085789 0.086056
13.617091 0.083021 0.086061
13.627958 0.083636 0.086065
13.638824 0.083790 0.086069
13.649691 0.082682 0.086074
13.660557 0.084958 0.086078
13.671423 0.082221 0.086083
13.682290 0.082959 0.086087
13.693156 0.083205 0.086092
13.704023 0.082621 0.086096
13.714889 0.081667 0.086101
13.725756 0.082559 0.086106
13.736622 0.079237 0.086111
13.747489 0.082621 0.086116
13.758355 0.082898 0.086120
13.769221 0.080591 0.086125
13.780088 0.083820 0.086130
13.790954 0.082682 0.086135
13.801821 0.084835 0.086141
13.812687 0.078745 0.086146
13.823554 0.084835 0.086151
13.834420 0.082067 0.086156
13.845287 0.081421 0.086162
13.856153 0.080406 0.086167
13.867019 0.082436 0.086173
13.877886 0.081759 0.086178
13.888752 0.084036 0.086184
13.899619 0.079914 0.086189
13.910485 0.081483 0.086195
13.921352 0.082928 0.086201
13.932218 0.084743 0.086207
13.943084 0.081206 0.086213
13.953951 0.080006 0.086219
13.964817 0.082990 0.086225
13.975684 0.082713 0.086231
13.986550 0.085943 0.086237
13.997417 0.081175 0.086244
14.008283 0.080806 0.086250
14.019150 0.082375 0.086257
14.030016 0.083390 0.086263
14.040882 0.080314 0.086270
14.051749 0.083851 0.086277
14.062615 0.084097 0.086283
14.073482 0.079852 0.086290
14.084348 0.082682 0.086297
14.095215 0.079114 0.086304
14.106081 0.081698 0.086312
14.116948 0.083574 0.086319
14.127814 0.082375 0.086326
14.138680 0.080221 0.086334
14.149547 0.080621 0.086341
14.160413 0.080744 0.086349
14.171280 0.083267 0.086357
14.182146 0.083513 0.086365
14.193013 0.083021 0.086373
14.203879 0.081575 0.086381
14.214745 0.082867 0.086389
14.225612 0.082898 0.086397
14.236478 0.079176 0.086406
14.247345 0.079329 0.086414
14.258211 0.082098 0.086423
14.269078 0.082590 0.086432
14.279944 0.080498 0.086441
14.290811 0.082990 0.086450
14.301677 0.080744 0.086459
14.312543 0.081636 0.086469
14.323410 0.081421 0.086478
14.334276 0.080129 0.086488
14.345143 0.081606 0.086498
14.356009 0.082528 0.086508
14.366876 0.082867 0.086518
14.377742 0.081606 0.086529
14.388609 0.082959 0.086540
14.399475 0.084313 0.086550
14.410341 0.080560 0.086561
14.421208 0.079299 0.086572
14.432074 0.084128 0.086584
14.442941 0.082805 0.086595
14.453807 0.083174 0.086607
14.464674 0.081267 0.086619
14.475540 0.082559 0.086632
14.486407 0.082098 0.086644
14.497273 0.081175 0.086657
14.508139 0.080837 0.086670
14.519006 0.085604 0.086683
14.529872 0.084251 0.086697
14.540739 0.084282 0.086710
14.551605 0.083697 0.086725
14.562472 0.083267 0.086739
14.573338 0.084005 0.086754
14.584204 0.082405 0.086769
14.595071 0.080837 0.086784
14.605937 0.082928 0.086800
14.616804 0.084251 0.086816
14.627670 0.083082 0.086833
14.638537 0.085543 0.086850
14.649403 0.081852 0.086867
14.660270 0.082528 0.086885
14.671136 0.080252 0.086903
14.682002 0.086004 0.086921
14.692869 0.083328 0.086941
14.703735 0.084897 0.086960
14.714602 0.086712 0.086980
14.725468 0.081513 0.087001
14.736335 0.081083 0.087022
14.747201 0.080437 0.087044
14.758067 0.081237 0.087067
14.768934 0.081975 0.087090
14.779800 0.083144 0.087114
14.790667 0.082928 0.087138
14.801533 0.085082 0.087164
14.812400 0.085543 0.087190
14.823266 0.084958 0.087217
14.834133 0.081114 0.087245
14.844999 0.083790 0.087273
14.855865 0.086004 0.087303
14.866732 0.085543 0.087334
14.877598 0.085112 0.087365
14.888465 0.086066 0.087398
14.899331 0.082006 0.087432
14.910198 0.085082 0.087467
14.921064 0.082528 0.087504
14.931931 0.084805 0.087542
14.942797 0.084682 0.087581
14.953663 0.084559 0.087622
14.964530 0.085974 0.087665
14.975396 0.083728 0.087709
14.986263 0.086312 0.087756
14.997129 0.086558 0.087804
15.007996 0.084128 0.087854
15.018862 0.084128 0.087907
15.029729 0.084251 0.087961
15.040595 0.085051 0.088019
15.051461 0.085881 0.088079
15.062328 0.083113 0.088142
15.073194 0.086435 0.088208
15.084061 0.084374 0.088277
15.094927 0.084374 0.088350
15.105794 0.089603 0.088427
15.116660 0.087173 0.088508
15.127526 0.083759 0.088593
15.138393 0.090003 0.088683
15.149259 0.086066 0.088778
15.160126 0.089819 0.088878
15.170992 0.088311 0.088985
15.181859 0.088680 0.089098
15.192725 0.085512 0.089218
15.203592 0.091018 0.089346
15.214458 0.089942 0.089482
15.225324 0.089142 0.089627
15.236191 0.087327 0.089782
15.247057 0.088004 0.089948
15.257924 0.089511 0.090127
15.268790 0.091726 0.090319
15.279657 0.088096 0.090525
15.290523 0.093817 0.090749
15.301389 0.091910 0.090991
15.312256 0.093448 0.091255
15.323122 0.092341 0.091542
15.333989 0.093202 0.091858
15.344855 0.091726 0.092207
15.355722 0.093602 0.092593
15.366588 0.092310 0.093025
15.377455 0.091480 0.093511
15.388321 0.094802 0.094060
15.399187 0.095694 0.094687
15.410054 0.098339 0.095406
15.420920 0.097508 0.096236
15.431787 0.101476 0.097198
15.442653 0.102338 0.098317
15.453520 0.102461 0.099621
15.464386 0.105814 0.101142
15.475253 0.104891 0.102913
15.486119 0.110058 0.104971
15.496985 0.108121 0.107352
15.507852 0.111074 0.110093
15.518718 0.112027 0.113227
15.529585 0.116180 0.116781
15.540451 0.120055 0.120774
15.551318 0.118210 0.125206
15.562184 0.123593 0.130058
15.573051 0.119194 0.135280
15.583917 0.126761 0.140786
15.594783 0.131129 0.146454
15.605650 0.131929 0.152128
15.616516 0.136297 0.157632
15.627383 0.135158 0.162790
15.638249 0.138942 0.167444
15.649116 0.140295 0.171450
15.659982 0.139157 0.174669
15.670848 0.142633 0.176943
15.681715 0.144325 0.178097
15.692581 0.140726 0.177963
15.703448 0.143740 0.176434
15.714314 0.146909 0.173517
15.725181 0.146047 0.169352
15.736047 0.144909 0.164197
15.746914 0.145955 0.158370
15.757780 0.143094 0.152195
15.768646 0.138604 0.145953
15.779513 0.137958 0.139863
15.790379 0.134759 0.134081
15.801246 0.132113 0.128708
15.812112 0.124269 0.123799
15.822979 0.122332 0.119377
15.833845 0.119102 0.115443
15.844711 0.116303 0.111980
15.855578 0.108121 0.108958
15.866444 0.111658 0.106343
15.877311 0.107044 0.104094
15.888177 0.106767 0.102171
15.899044 0.102276 0.100531
15.909910 0.101753 0.099134
15.920777 0.099231 0.097946
15.931643 0.095970 0.096932
15.942509 0.094432 0.096065
15.953376 0.093971 0.095318
15.964242 0.095017 0.094671
15.975109 0.095909 0.094107
15.985975 0.095017 0.093612
15.996842 0.093602 0.093173
16.007708 0.091018 0.092782
16.018575 0.090680 0.092430
16.029441 0.090157 0.092113
16.040307 0.089911 0.091825
16.051174 0.089572 0.091562
16.062040 0.089972 0.091322
16.072907 0.086435 0.091101
16.083773 0.089111 0.090897
16.094640 0.090557 0.090710
16.105506 0.090311 0.090536
16.116373 0.089603 0.090375
16.127239 0.088896 0.090226
16.138105 0.087850 0.090087
16.148972 0.088465 0.089958
16.159838 0.089911 0.089837
16.170705 0.084958 0.089725
16.181571 0.085389 0.089620
16.192438 0.086343 0.089522
16.203304 0.091603 0.089430
16.214170 0.087512 0.089343
16.225037 0.088650 0.089263
16.235903 0.085112 0.089187
16.246770 0.089419 0.089115
16.257636 0.090126 0.089048
16.268503 0.089695 0.088985
16.279369 0.086496 0.088926
16.290236 0.086989 0.088870
16.301102 0.088034 0.088817
16.311968 0.089173 0.088768
16.322835 0.086127 0.088721
16.333701 0.089880 0.088676
16.344568 0.088250 0.088635
16.355434 0.089296 0.088595
16.366301 0.085789 0.088558
16.377167 0.083728 0.088522
16.388033 0.089480 0.088489
16.398900 0.086589 0.088457
16.409766 0.086927 0.088427
16.420633 0.083759 0.088399
16.431499 0.086189 0.088372
16.442366 0.086650 0.088347
16.453232 0.088557 0.088323
16.464099 0.086035 0.088300
16.474965 0.086620 0.088279
16.485831 0.087450 0.088258
16.496698 0.084805 0.088239
16.507564 0.087512 0.088221
16.518431 0.086927 0.088204
16.529297 0.086620 0.088187
16.540164 0.086158 0.088172
16.551030 0.088957 0.088158
16.561897 0.087696 0.088144
16.572763 0.086835 0.088131
16.583629 0.086620 0.088119
16.594496 0.085389 0.088107
16.605362 0.088650 0.088096
16.616229 0.086681 0.088086
16.627095 0.087604 0.088076
16.637962 0.088065 0.088067
16.648828 0.087819 0.088059
16.659695 0.083451 0.088051
16.670561 0.085328 0.088043
16.681427 0.086558 0.088036
16.692294 0.085604 0.088030
16.703160 0.086343 0.088024
16.714027 0.088926 0.088018
16.724893 0.087819 0.088013
16.735760 0.085205 0.088009
16.746626 0.086773 0.088004
16.757492 0.085235 0.088000
16.768359 0.089296 0.087997
16.779225 0.086773 0.087993
16.790092 0.085328 0.087990
16.800958 0.083544 0.087988
16.811825 0.083667 0.087985
16.822691 0.090618 0.087983
16.833558 0.082805 0.087981
16.844424 0.086373 0.087980
16.855290 0.085943 0.087979
16.866157 0.088096 0.087978
16.877023 0.087081 0.087977
16.887890 0.085328 0.087977
16.898756 0.085666 0.087976
16.909623 0.086927 0.087976
16.920489 0.088803 0.087976
16.931355 0.088773 0.087977
16.942222 0.086896 0.087977
16.953088 0.090987 0.087978
16.963955 0.089665 0.087979
16.974821 0.085389 0.087980
16.985688 0.086189 0.087982
16.996554 0.087819 0.087983
17.007421 0.087542 0.087985
17.018287 0.087850 0.087987
17.029153 0.084712 0.087989
17.040020 0.090864 0.087991
17.050886 0.087419 0.087993
17.061753 0.086743 0.087996
17.072619 0.089234 0.087998
17.083486 0.087635 0.088001
17.094352 0.086558 0.088004
17.105219 0.087450 0.088007
17.116085 0.086527 0.088010
17.126951 0.089142 0.088013
17.137818 0.087019 0.088017
17.148684 0.085635 0.088020
17.159551 0.087235 0.088024
17.170417 0.086835 0.088027
17.181284 0.085543 0.088031
17.192150 0.087942 0.088035
17.203017 0.085420 0.088039
17.213883 0.086466 0.088043
17.224749 0.086281 0.088047
17.235616 0.086189 0.088052
17.246482 0.089542 0.088056
17.257349 0.089234 0.088061
17.268215 0.088773 0.088065
17.279082 0.089296 0.088070
17.289948 0.086312 0.088075
17.300814 0.086435 0.088079
17.311681 0.087112 0.088084
17.322547 0.085266 0.088089
17.333414 0.087696 0.088094
17.344280 0.084866 0.088100
17.355147 0.087358 0.088105
17.366013 0.085082 0.088110
17.376880 0.087850 0.088115
17.387746 0.086743 0.088121
17.398612 0.087573 0.088126
17.409479 0.085851 0.088132
17.420345 0.084528 0.088138
17.431212 0.085758 0.088143
17.442078 0.087019 0.088149
17.452945 0.086589 0.088155
17.463811 0.087758 0.088161
17.474677 0.083974 0.088167
17.485544 0.088311 0.088173
17.496410 0.086343 0.088179
17.507277 0.088865 0.088185
17.518143 0.086958 0.088191
17.529010 0.086743 0.088197
17.539876 0.087358 0.088203
17.550743 0.086373 0.088210
17.561609 0.083082 0.088216
17.572475 0.083544 0.088222
17.583342 0.087727 0.088229
17.594208 0.087819 0.088235
17.605075 0.087573 0.088242
17.615941 0.087788 0.088248
17.626808 0.085082 0.088255
17.637674 0.088342 0.088262
17.648541 0.086527 0.088269
17.659407 0.086743 0.088275
17.670273 0.084005 0.088282
17.681140 0.087235 0.088289
17.692006 0.088496 0.088296
17.702873 0.088834 0.088303
17.713739 0.088342 0.088310
17.724606 0.085666 0.088317
17.735472 0.087573 0.088324
17.746339 0.088957 0.088331
17.757205 0.089050 0.088338
17.768071 0.085666 0.088345
17.778938 0.087604 0.088352
17.789804 0.087727 0.088360
17.800671 0.085635 0.088367
17.811537 0.087204 0.088374
17.822404 0.086927 0.088382
17.833270 0.089480 0.088389
17.844136 0.085820 0.088396
17.855003 0.086435 0.088404
17.865869 0.088557 0.088411
17.876736 0.084774 0.088419
17.887602 0.088773 0.088426
17.898469 0.086220 0.088434
17.909335 0.084374 0.088442
17.920202 0.088496 0.088449
17.931068 0.086958 0.088457
17.941934 0.084928 0.088464
17.952801 0.089111 0.088472
17.963667 0.085020 0.088480
17.974534 0.085358 0.088488
17.985400 0.085543 0.088496
17.996267 0.088004 0.088503
18.007133 0.084958 0.088511
18.018000 0.085543 0.088519
18.028866 0.087727 0.088527
18.039732 0.089111 0.088535
18.050599 0.087173 0.088543
18.061465 0.086804 0.088551
18.072332 0.086312 0.088559
18.083198 0.082805 0.088567
18.094065 0.088342 0.088575
18.104931 0.087911 0.088583
18.115797 0.089050 0.088591
18.126664 0.090372 0.088599
18.137530 0.083605 0.088608
18.148397 0.088465 0.088616
18.159263 0.086435 0.088624
18.170130 0.087635 0.088632
18.180996 0.086250 0.088641
18.191863 0.087727 0.088649
18.202729 0.088065 0.088657
18.213595 0.086620 0.088665
18.224462 0.088004 0.088674
18.235328 0.088188 0.088682
18.246195 0.086250 0.088691
18.257061 0.085266 0.088699
18.267928 0.091418 0.088707
18.278794 0.087419 0.088716
18.289661 0.088034 0.088724
18.300527 0.088342 0.088733
18.311393 0.088342 0.088741
18.322260 0.088834 0.088750
18.333126 0.091203 0.088758
18.343993 0.088680 0.088767
18.354859 0.088188 0.088776
18.365726 0.088157 0.088784
18.376592 0.087481 0.088793
18.387458 0.088588 0.088802
18.398325 0.088250 0.088810
18.409191 0.090095 0.088819
18.420058 0.088957 0.088828
18.430924 0.086866 0.088836
18.441791 0.084774 0.088845
18.452657 0.088988 0.088854
18.463524 0.089757 0.088863
18.474390 0.086804 0.088872
18.485256 0.087758 0.088880
18.496123 0.088342 0.088889
18.506989 0.088188 0.088898
18.517856 0.086958 0.088907
18.528722 0.089819 0.088916
18.539589 0.089788 0.088925
18.550455 0.088250 0.088934
18.561321 0.090434 0.088943
18.572188 0.084313 0.088952
18.583054 0.088157 0.088961
18.593921 0.088711 0.088970
18.604787 0.088803 0.088979
18.615654 0.085266 0.088988
18.626520 0.089726 0.088997
18.637387 0.090218 0.089006
18.648253 0.087358 0.089015
18.659119 0.087481 0.089024
18.669986 0.091572 0.089033
18.680852 0.089788 0.089042
18.691719 0.091449 0.089051
18.702585 0.086558 0.089061
18.713452 0.087050 0.089070
18.724318 0.091141 0.089079
18.735185 0.090834 0.089088
18.746051 0.087296 0.089097
18.756917 0.089880 0.089107
18.767784 0.088557 0.089116
18.778650 0.088496 0.089125
18.789517 0.090772 0.089134
18.800383 0.087696 0.089144
18.811250 0.089757 0.089153
18.822116 0.089788 0.089162
18.832982 0.087542 0.089172
18.843849 0.089942 0.089181
18.854715 0.086035 0.089190
18.865582 0.090526 0.089200
18.876448 0.087142 0.089209
18.887315 0.087881 0.089219
18.898181 0.091357 0.089228
18.909048 0.090588 0.089238
18.919914 0.089019 0.089247
18.930780 0.085943 0.089257
18.941647 0.089880 0.089266
18.952513 0.089849 0.089276
18.963380 0.089203 0.089285
18.974246 0.090095 0.089295
18.985113 0.087911 0.089304
18.995979 0.089757 0.089314
19.006846 0.090834 0.089323
19.017712 0.086066 0.089333
19.028578 0.091726 0.089342
19.039445 0.088896 0.089352
19.050311 0.091449 0.089362
19.061178 0.087173 0.089371
19.072044 0.086927 0.089381
19.082911 0.090526 0.089391
19.093777 0.091018 0.089400
19.104644 0.087358 0.089410
19.115510 0.086927 0.089420
19.126376 0.087481 0.089429
19.137243 0.089111 0.089439
19.148109 0.089357 0.089449
19.158976 0.087388 0.089459
19.169842 0.089142 0.089468
19.180709 0.087265 0.089478
19.191575 0.087419 0.089488
19.202441 0.087327 0.089498
19.213308 0.087019 0.089507
19.224174 0.085389 0.089517
19.235041 0.086804 0.089527
19.245907 0.087388 0.089537
19.256774 0.090895 0.089547
19.267640 0.088004 0.089557
19.278507 0.087850 0.089567
19.289373 0.087327 0.089576
19.300239 0.089234 0.089586
19.311106 0.087881 0.089596
19.321972 0.092249 0.089606
19.332839 0.089542 0.089616
19.343705 0.084958 0.089626
19.354572 0.088926 0.089636
19.365438 0.088004 0.089646
19.376304 0.089388 0.089656
19.387171 0.086927 0.089666
19.398037 0.091049 0.089676
19.408904 0.091910 0.089686
19.419770 0.089019 0.089696
19.430637 0.088896 0.089706
19.441503 0.089788 0.089716
19.452370 0.086804 0.089726
19.463236 0.088803 0.089736
19.474102 0.089972 0.089746
19.484969 0.090065 0.089756
19.495835 0.087112 0.089767
19.506702 0.087388 0.089777
19.517568 0.088281 0.089787
19.528435 0.089234 0.089797
19.539301 0.086866 0.089807
19.550168 0.089080 0.089817
19.561034 0.091141 0.089827
19.571900 0.089849 0.089838
19.582767 0.092249 0.089848
19.593633 0.090311 0.089858
19.604500 0.088896 0.089868
19.615366 0.089942 0.089878
19.626233 0.092525 0.089889
19.637099 0.089480 0.089899
19.647965 0.087296 0.089909
19.658832 0.088434 0.089919
19.669698 0.089603 0.089930
19.680565 0.088434 0.089940
19.691431 0.090218 0.089950
19.702298 0.090218 0.089961
19.713164 0.089695 0.089971
19.724031 0.088034 0.089981
19.734897 0.088711 0.089992
19.745763 0.088865 0.090002
19.756630 0.089296 0.090012
19.767496 0.089880 0.090023
19.778363 0.091387 0.090033
19.789229 0.090434 0.090043
19.800096 0.091172 0.090054
19.810962 0.090126 0.090064
19.821829 0.090372 0.090075
19.832695 0.086773 0.090085
19.843561 0.089849 0.090095
19.854428 0.087635 0.090106
19.865294 0.087881 0.090116
19.876161 0.092033 0.090127
19.887027 0.087881 0.090137
19.897894 0.088865 0.090148
19.908760 0.090065 0.090158
19.919626 0.090280 0.090169
19.930493 0.091603 0.090179
19.941359 0.089972 0.090190
19.952226 0.089357 0.090200
19.963092 0.087881 0.090211
19.973959 0.088281 0.090221
19.984825 0.091264 0.090232
19.995692 0.093356 0.090242
20.006558 0.089019 0.090253
20.017424 0.093079 0.090264
20.028291 0.088773 0.090274
20.039157 0.091203 0.090285
20.050024 0.090434 0.090295
20.060890 0.088188 0.090306
20.071757 0.087604 0.090317
20.082623 0.088742 0.090327
20.093490 0.089296 0.090338
20.104356 0.089849 0.090349
20.115222 0.090772 0.090359
20.126089 0.089542 0.090370
20.136955 0.090711 0.090381
20.147822 0.089880 0.090391
20.158688 0.090403 0.090402
20.169555 0.089480 0.090413
20.180421 0.088988 0.090423
20.191288 0.087727 0.090434
20.202154 0.091172 0.090445
20.213020 0.089480 0.090456
20.223887 0.090157 0.090466
20.234753 0.089788 0.090477
20.245620 0.090126 0.090488
20.256486 0.090741 0.090499
20.267353 0.088034 0.090509
20.278219 0.091726 0.090520
20.289085 0.089942 0.090531
20.299952 0.092402 0.090542
20.310818 0.088742 0.090553
20.321685 0.089695 0.090563
20.332551 0.092125 0.090574
20.343418 0.092064 0.090585
20.354284 0.088773 0.090596
20.365151 0.088373 0.090607
20.376017 0.088865 0.090618
20.386883 0.087911 0.090629
20.397750 0.089234 0.090639
20.408616 0.090987 0.090650
20.419483 0.088896 0.090661
20.430349 0.090218 0.090672
20.441216 0.091018 0.090683
20.452082 0.088096 0.090694
20.462948 0.090157 0.090705
20.473815 0.091172 0.090716
20.484681 0.089511 0.090727
20.495548 0.087358 0.090738
20.506414 0.091141 0.090749
20.517281 0.091787 0.090760
20.528147 0.090711 0.090771
20.539014 0.090249 0.090782
20.549880 0.090711 0.090793
20.560746 0.091941 0.090804
20.571613 0.087358 0.090815
20.582479 0.092956 0.090826
20.593346 0.093387 0.090837
20.604212 0.093233 0.090848
20.615079 0.090311 0.090859
20.625945 0.089726 0.090870
20.636812 0.088773 0.090881
20.647678 0.089449 0.090892
20.658544 0.092833 0.090903
20.669411 0.089449 0.090914
20.680277 0.090588 0.090925
20.691144 0.087911 0.090936
20.702010 0.094832 0.090947
20.712877 0.091756 0.090959
20.723743 0.090003 0.090970
20.734609 0.090834 0.090981
20.745476 0.090588 0.090992
20.756342 0.091756 0.091003
20.767209 0.089019 0.091014
20.778075 0.092987 0.091025
20.788942 0.089726 0.091036
20.799808 0.090218 0.091048
20.810675 0.090926 0.091059
20.821541 0.089234 0.091070
20.832407 0.086466 0.091081
20.843274 0.090311 0.091092
20.854140 0.092679 0.091104
20.865007 0.091172 0.091115
20.875873 0.091910 0.091126
20.886740 0.092802 0.091137
20.897606 0.090834 0.091148
20.908473 0.088496 0.091160
20.919339 0.093202 0.091171
20.930205 0.091233 0.091182
20.941072 0.090618 0.091194
20.951938 0.089665 0.091205
20.962805 0.090649 0.091216
20.973671 0.094002 0.091227
20.984538 0.091172 0.091239
20.995404 0.092064 0.091250
21.006270 0.091818 0.091261
21.017137 0.089911 0.091273
21.028003 0.093387 0.091284
21.038870 0.094063 0.091295
21.049736 0.092495 0.091307
21.060603 0.090926 0.091318
21.071469 0.094709 0.091329
21.082336 0.092249 0.091341
21.093202 0.088311 0.091352
21.104068 0.089788 0.091363
21.114935 0.090003 0.091375
21.125801 0.091910 0.091386
21.136668 0.093417 0.091397
21.147534 0.091110 0.091409
21.158401 0.091080 0.091420
21.169267 0.091787 0.091432
21.180134 0.090434 0.091443
21.191000 0.090526 0.091454
21.201866 0.088619 0.091466
21.212733 0.088557 0.091477
21.223599 0.090003 0.091489
21.234466 0.093141 0.091500
21.245332 0.093479 0.091512
21.256199 0.089942 0.091523
21.267065 0.093663 0.091535
21.277932 0.088865 0.091546
21.288798 0.092556 0.091557
21.299664 0.094248 0.091569
21.310531 0.090741 0.091580
21.321397 0.090864 0.091592
21.332264 0.091449 0.091603
21.343130 0.091480 0.091615
21.353997 0.092033 0.091626
21.364863 0.093110 0.091638
21.375729 0.094648 0.091650
21.386596 0.091049 0.091661
21.397462 0.092648 0.091673
21.408329 0.091572 0.091684
21.419195 0.092156 0.091696
21.430062 0.088896 0.091707
21.440928 0.093479 0.091719
21.451795 0.088834 0.091730
21.462661 0.092525 0.091742
21.473527 0.092587 0.091754
21.484394 0.093633 0.091765
21.495260 0.092864 0.091777
21.506127 0.091633 0.091788
21.516993 0.093879 0.091800
21.527860 0.093879 0.091812
21.538726 0.092618 0.091823
21.549592 0.093202 0.091835
21.560459 0.091480 0.091846
21.571325 0.094463 0.091858
21.582192 0.091018 0.091870
21.593058 0.090834 0.091881
21.603925 0.088957 0.091893
21.614791 0.089634 0.091905
21.625658 0.091449 0.091916
21.636524 0.092864 0.091928
21.647390 0.096001 0.091940
21.658257 0.093141 0.091951
21.669123 0.091603 0.091963
21.679990 0.091972 0.091975
21.690856 0.090957 0.091987
21.701723 0.091633 0.091998
21.712589 0.093787 0.092010
21.723456 0.091664 0.092022
21.734322 0.097385 0.092033
21.745188 0.091510 0.092045
21.756055 0.094309 0.092057
21.766921 0.088404 0.092069
21.777788 0.088281 0.092080
21.788654 0.090280 0.092092
21.799521 0.089480 0.092104
21.810387 0.093018 0.092116
21.821253 0.094033 0.092127
21.832120 0.090803 0.092139
21.842986 0.090987 0.092151
21.853853 0.093079 0.092163
21.864719 0.091018 0.092175
21.875586 0.091910 0.092186
21.886452 0.090280 0.092198
21.897319 0.092125 0.092210
21.908185 0.094556 0.092222
21.919051 0.093356 0.092234
21.929918 0.091264 0.092245
21.940784 0.092525 0.092257
21.951651 0.092894 0.092269
21.962517 0.092033 0.092281
21.973384 0.093356 0.092293
21.984250 0.095386 0.092305
21.995117 0.093141 0.092317
22.005983 0.093756 0.092328
22.016849 0.090218 0.092340
22.027716 0.093356 0.092352
22.038582 0.090126 0.092364
22.049449 0.090557 0.092376
22.060315 0.091695 0.092388
22.071182 0.091110 0.092400
22.082048 0.090864 0.092412
22.092914 0.094186 0.092424
22.103781 0.091972 0.092436
22.114647 0.092618 0.092447
22.125514 0.092833 0.092459
22.136380 0.093356 0.092471
22.147247 0.092156 0.092483
22.158113 0.091541 0.092495
22.168980 0.091110 0.092507
22.179846 0.093171 0.092519
22.190712 0.092618 0.092531
22.201579 0.090864 0.092543
22.212445 0.092987 0.092555
22.223312 0.091387 0.092567
22.234178 0.090557 0.092579
22.245045 0.096524 0.092591
22.255911 0.093756 0.092603
22.266778 0.094033 0.092615
22.277644 0.091172 0.092627
22.288510 0.095048 0.092639
22.299377 0.097355 0.092651
22.310243 0.092525 0.092663
22.321110 0.094494 0.092675
22.331976 0.092956 0.092687
22.342843 0.094894 0.092699
22.353709 0.093479 0.092711
22.364576 0.090864 0.092723
22.375442 0.096001 0.092735
22.386308 0.093387 0.092747
22.397175 0.091972 0.092759
22.408041 0.096001 0.092771
22.418908 0.093018 0.092783
22.429774 0.093417 0.092796
22.440641 0.097385 0.092808
22.451507 0.087419 0.092820
22.462373 0.095509 0.092832
22.473240 0.091018 0.092844
22.484106 0.092894 0.092856
22.494973 0.092002 0.092868
22.505839 0.090864 0.092880
22.516706 0.091879 0.092892
22.527572 0.096155 0.092904
22.538439 0.092341 0.092917
22.549305 0.093787 0.092929
22.560171 0.092648 0.092941
22.571038 0.093633 0.092953
22.581904 0.093387 0.092965
22.592771 0.093971 0.092977
22.603637 0.089757 0.092989
22.614504 0.093540 0.093002
22.625370 0.094986 0.093014
22.636236 0.095201 0.093026
22.647103 0.094617 0.093038
22.657969 0.091603 0.093050
22.668836 0.091972 0.093062
22.679702 0.091080 0.093075
22.690569 0.095017 0.093087
22.701435 0.092249 0.093099
22.712302 0.095386 0.093111
22.723168 0.089911 0.093123
22.734034 0.090834 0.093136
22.744901 0.097324 0.093148
22.755767 0.093264 0.093160
22.766634 0.094217 0.093172
22.777500 0.091941 0.093185
22.788367 0.094063 0.093197
22.799233 0.091326 0.093209
22.810100 0.094771 0.093221
22.820966 0.092894 0.093234
22.831832 0.093171 0.093246
22.842699 0.091357 0.093258
22.853565 0.091233 0.093270
22.864432 0.093602 0.093283
22.875298 0.093540 0.093295
22.886165 0.094402 0.093307
22.897031 0.094033 0.093319
22.907897 0.090372 0.093332
22.918764 0.091972 0.093344
22.929630 0.092556 0.093356
22.940497 0.094925 0.093369
22.951363 0.094494 0.093381
22.962230 0.094279 0.093393
22.973096 0.096094 0.093406
22.983963 0.090095 0.093418
22.994829 0.093694 0.093430
23.005695 0.093079 0.093443
23.016562 0.093910 0.093455
23.027428 0.093879 0.093467
23.038295 0.094432 0.093480
23.049161 0.095940 0.093492
23.060028 0.097109 0.093504
23.070894 0.094679 0.093517
23.081761 0.093510 0.093529
23.092627 0.093294 0.093542
23.103493 0.091480 0.093554
23.114360 0.092372 0.093566
23.125226 0.094371 0.093579
23.136093 0.094125 0.093591
23.146959 0.095970 0.093603
23.157826 0.094986 0.093616
23.168692 0.091941 0.093628
23.179558 0.092495 0.093641
23.190425 0.094094 0.093653
23.201291 0.096032 0.093666
23.212158 0.096493 0.093678
23.223024 0.091849 0.093690
23.233891 0.092587 0.093703
23.244757 0.094156 0.093715
23.255624 0.091787 0.093728
23.266490 0.095786 0.093740
23.277356 0.094279 0.093753
23.288223 0.095201 0.093765
23.299089 0.097908 0.093778
23.309956 0.092833 0.093790
23.320822 0.094340 0.093803
23.331689 0.095109 0.093815
23.342555 0.095355 0.093827
23.353422 0.093756 0.093840
23.364288 0.095540 0.093852
23.375154 0.092002 0.093865
23.386021 0.094679 0.093877
23.396887 0.095263 0.093890
23.407754 0.093294 0.093902
23.418620 0.096616 0.093915
23.429487 0.093264 0.093928
23.440353 0.091603 0.093940
23.451220 0.097385 0.093953
23.462086 0.095632 0.093965
23.472952 0.093602 0.093978
23.483819 0.095478 0.093990
23.494685 0.096032 0.094003
23.505552 0.091756 0.094015
23.516418 0.097508 0.094028
23.527285 0.096001 0.094041
23.538151 0.095263 0.094053
23.549017 0.097201 0.094066
23.559884 0.092156 0.094078
23.570750 0.094063 0.094091
23.581617 0.091018 0.094103
23.592483 0.094309 0.094116
23.603350 0.094863 0.094129
23.614216 0.093725 0.094141
23.625083 0.094679 0.094154
23.635949 0.094033 0.094167
23.646815 0.092894 0.094179
23.657682 0.096217 0.094192
23.668548 0.092925 0.094204
23.679415 0.093264 0.094217
23.690281 0.096094 0.094230
23.701148 0.096863 0.094242
23.712014 0.092648 0.094255
23.722881 0.094340 0.094268
23.733747 0.093079 0.094280
23.744613 0.097262 0.094293
23.755480 0.096678 0.094306
23.766346 0.093940 0.094318
23.777213 0.094586 0.094331
23.788079 0.097847 0.094344
23.798946 0.094432 0.094356
23.809812 0.094986 0.094369
23.820678 0.096586 0.094382
23.831545 0.094617 0.094395
23.842411 0.095878 0.094407
23.853278 0.094217 0.094420
23.864144 0.093018 0.094433
23.875011 0.096739 0.094446
23.885877 0.093817 0.094458
23.896744 0.095970 0.094471
23.907610 0.094863 0.094484
23.918476 0.092341 0.094497
23.929343 0.097662 0.094509
23.940209 0.094248 0.094522
23.951076 0.095694 0.094535
23.961942 0.092771 0.094548
23.972809 0.095201 0.094560
23.983675 0.092956 0.094573
23.994542 0.092249 0.094586
24.005408 0.093940 0.094599
24.016274 0.094894 0.094612
24.027141 0.095078 0.094625
24.038007 0.095601 0.094637
24.048874 0.094679 0.094650
24.059740 0.097816 0.094663
24.070607 0.094371 0.094676
24.081473 0.094955 0.094689
24.092339 0.094556 0.094702
24.103206 0.099692 0.094714
24.114072 0.099385 0.094727
24.124939 0.097262 0.094740
24.135805 0.095201 0.094753
24.146672 0.094894 0.094766
24.157538 0.096709 0.094779
24.168405 0.097693 0.094792
24.179271 0.096678 0.094805
24.190137 0.096493 0.094818
24.201004 0.095109 0.094831
24.211870 0.098339 0.094843
24.222737 0.095878 0.094856
24.233603 0.097078 0.094869
24.244470 0.095263 0.094882
24.255336 0.095263 0.094895
24.266202 0.096094 0.094908
24.277069 0.093910 0.094921
24.287935 0.094402 0.094934
24.298802 0.096309 0.094947
24.309668 0.094402 0.094960
24.320535 0.095632 0.094973
24.331401 0.092710 0.094986
24.342268 0.097508 0.094999
24.353134 0.097139 0.095012
24.364000 0.094217 0.095025
24.374867 0.096986 0.095038
24.385733 0.097355 0.095051
24.396600 0.094863 0.095064
24.407466 0.092618 0.095077
24.418333 0.095448 0.095091
24.429199 0.094217 0.095104
24.440066 0.095386 0.095117
24.450932 0.093479 0.095130
24.461798 0.095201 0.095143
24.472665 0.090372 0.095156
24.483531 0.095909 0.095169
24.494398 0.099877 0.095182
24.505264 0.098124 0.095195
24.516131 0.095294 0.095209
24.526997 0.095171 0.095222
24.537864 0.099108 0.095235
24.548730 0.097047 0.095248
24.559596 0.095325 0.095261
24.570463 0.097078 0.095274
24.581329 0.098431 0.095288
24.592196 0.096001 0.095301
24.603062 0.094986 0.095314
24.613929 0.093848 0.095327
24.624795 0.096801 0.095341
24.635661 0.092710 0.095354
24.646528 0.093971 0.095367
24.657394 0.094217 0.095380
24.668261 0.098585 0.095394
24.679127 0.095909 0.095407
24.689994 0.096616 0.095420
24.700860 0.097908 0.095433
24.711727 0.097078 0.095447
24.722593 0.098524 0.095460
24.733459 0.094802 0.095473
24.744326 0.100646 0.095487
24.755192 0.095601 0.095500
24.766059 0.096309 0.095514
24.776925 0.098154 0.095527
24.787792 0.095540 0.095540
24.798658 0.098185 0.095554
24.809525 0.098370 0.095567
24.820391 0.094063 0.095581
24.831257 0.095417 0.095594
24.842124 0.094371 0.095607
24.852990 0.098862 0.095621
24.863857 0.094094 0.095634
24.874723 0.094463 0.095648
24.885590 0.096647 0.095661
24.896456 0.093694 0.095675
24.907322 0.097816 0.095688
24.918189 0.095509 0.095702
24.929055 0.099262 0.095716
24.939922 0.096186 0.095729
24.950788 0.100185 0.095743
24.961655 0.098524 0.095756
24.972521 0.096832 0.095770
24.983388 0.094648 0.095784
24.994254 0.095078 0.095797
25.005120 0.093663 0.095811
25.015987 0.094556 0.095825
25.026853 0.096493 0.095838
25.037720 0.096370 0.095852
25.048586 0.094863 0.095866
25.059453 0.098708 0.095879
25.070319 0.093202 0.095893
25.081186 0.095386 0.095907
25.092052 0.094248 0.095921
25.102918 0.098154 0.095935
25.113785 0.094771 0.095948
25.124651 0.095263 0.095962
25.135518 0.095201 0.095976
25.146384 0.097078 0.095990
25.157251 0.097139 0.096004
25.168117 0.096832 0.096018
25.178983 0.096893 0.096032
25.189850 0.095171 0.096046
25.200716 0.097016 0.096060
25.211583 0.097293 0.096074
25.222449 0.100246 0.096088
25.233316 0.096432 0.096102
25.244182 0.097293 0.096116
25.255049 0.098124 0.096130
25.265915 0.097939 0.096144
25.276781 0.097785 0.096158
25.287648 0.096340 0.096172
25.298514 0.097970 0.096187
25.309381 0.095048 0.096201
25.320247 0.095263 0.096215
25.331114 0.095294 0.096229
25.341980 0.096124 0.096243
25.352846 0.096063 0.096258
25.363713 0.096709 0.096272
25.374579 0.097201 0.096286
25.385446 0.098431 0.096301
25.396312 0.101692 0.096315
25.407179 0.096340 0.096330
25.418045 0.092894 0.096344
25.428912 0.094709 0.096359
25.439778 0.094125 0.096373
25.450644 0.097170 0.096388
25.461511 0.098493 0.096402
25.472377 0.100308 0.096417
25.483244 0.096032 0.096432
25.494110 0.097109 0.096446
25.504977 0.096370 0.096461
25.515843 0.097601 0.096476
25.526710 0.097478 0.096491
25.537576 0.096217 0.096505
25.548442 0.099169 0.096520
25.559309 0.096463 0.096535
25.570175 0.096678 0.096550
25.581042 0.097139 0.096565
25.591908 0.097262 0.096580
25.602775 0.097724 0.096595
25.613641 0.095232 0.096610
25.624507 0.096217 0.096626
25.635374 0.094432 0.096641
25.646240 0.098124 0.096656
25.657107 0.097109 0.096671
25.667973 0.096032 0.096687
25.678840 0.098616 0.096702
25.689706 0.095263 0.096717
25.700573 0.100461 0.096733
25.711439 0.098277 0.096748
25.722305 0.098862 0.096764
25.733172 0.096709 0.096780
25.744038 0.094986 0.096795
25.754905 0.094525 0.096811
25.765771 0.097385 0.096827
25.776638 0.097939 0.096843
25.787504 0.097355 0.096859
25.798371 0.098277 0.096875
25.809237 0.095386 0.096891
25.820103 0.099169 0.096907
25.830970 0.097847 0.096923
25.841836 0.096370 0.096940
25.852703 0.096094 0.096956
25.863569 0.095940 0.096972
25.874436 0.098585 0.096989
25.885302 0.099446 0.097005
25.896169 0.096493 0.097022
25.907035 0.100492 0.097039
25.917901 0.096247 0.097056
25.928768 0.100308 0.097073
25.939634 0.098001 0.097090
25.950501 0.099293 0.097107
25.961367 0.096586 0.097124
25.972234 0.096616 0.097141
25.983100 0.100431 0.097159
25.993966 0.095417 0.097176
26.004833 0.099354 0.097194
26.015699 0.096001 0.097211
26.026566 0.098616 0.097229
26.037432 0.099354 0.097247
26.048299 0.097508 0.097265
26.059165 0.100215 0.097283
26.070032 0.097785 0.097302
26.080898 0.097724 0.097320
26.091764 0.099016 0.097339
26.102631 0.097755 0.097357
26.113497 0.099016 0.097376
26.124364 0.099446 0.097395
26.135230 0.099446 0.097415
26.146097 0.098524 0.097434
26.156963 0.095878 0.097453
26.167829 0.098462 0.097473
26.178696 0.100246 0.097493
26.189562 0.098277 0.097513
26.200429 0.099293 0.097533
26.211295 0.097631 0.097554
26.222162 0.098400 0.097574
26.233028 0.098431 0.097595
26.243895 0.099108 0.097616
26.254761 0.100615 0.097638
26.265627 0.101476 0.097659
26.276494 0.098462 0.097681
26.287360 0.101907 0.097703
26.298227 0.097385 0.097725
26.309093 0.099385 0.097748
26.319960 0.097016 0.097771
26.330826 0.100738 0.097794
26.341693 0.097201 0.097817
26.352559 0.096124 0.097841
26.363425 0.102707 0.097865
26.374292 0.097416 0.097890
26.385158 0.099508 0.097915
26.396025 0.100431 0.097940
26.406891 0.095355 0.097966
26.417758 0.098062 0.097992
26.428624 0.100185 0.098019
26.439490 0.099416 0.098046
26.450357 0.099815 0.098073
26.461223 0.100123 0.098101
26.472090 0.100431 0.098130
26.482956 0.098277 0.098159
26.493823 0.098493 0.098189
26.504689 0.097601 0.098219
26.515556 0.100707 0.098250
26.526422 0.098831 0.098282
26.537288 0.097601 0.098314
26.548155 0.103414 0.098347
26.559021 0.099723 0.098381
26.569888 0.101046 0.098416
26.580754 0.099600 0.098452
26.591621 0.099231 0.098488
26.602487 0.100615 0.098526
26.613354 0.099139 0.098565
26.624220 0.099354 0.098605
26.635086 0.097724 0.098646
26.645953 0.102092 0.098688
26.656819 0.098493 0.098732
26.667686 0.096493 0.098777
26.678552 0.101846 0.098824
26.689419 0.101538 0.098872
26.700285 0.098216 0.098922
26.711151 0.102584 0.098974
26.722018 0.102276 0.099028
26.732884 0.100431 0.099085
26.743751 0.103261 0.099143
26.754617 0.102369 0.099205
26.765484 0.102953 0.099269
26.776350 0.101938 0.099335
26.787217 0.102830 0.099406
26.798083 0.101230 0.099479
26.808949 0.102215 0.099557
26.819816 0.101230 0.099638
26.830682 0.103660 0.099724
26.841549 0.105291 0.099816
26.852415 0.107167 0.099913
26.863282 0.103722 0.100016
26.874148 0.101569 0.100126
26.885015 0.102953 0.100244
26.895881 0.102153 0.100371
26.906747 0.103722 0.100508
26.917614 0.104922 0.100657
26.928480 0.108582 0.100821
26.939347 0.106460 0.101000
26.950213 0.105198 0.101199
26.961080 0.111935 0.101420
26.971946 0.110243 0.101668
26.982813 0.110366 0.101947
26.993679 0.107444 0.102262
27.004545 0.109105 0.102619
27.015412 0.111289 0.103026
27.026278 0.112458 0.103488
27.037145 0.112181 0.104014
27.048011 0.113257 0.104611
27.058878 0.117072 0.105289
27.069744 0.113104 0.106054
27.080610 0.119379 0.106915
27.091477 0.120671 0.107879
27.102343 0.120886 0.108951
27.113210 0.122116 0.110133
27.124076 0.123347 0.111425
27.134943 0.123624 0.112818
27.145809 0.127745 0.114299
27.156676 0.131898 0.115845
27.167542 0.132236 0.117428
27.178408 0.135558 0.119019
27.189275 0.140449 0.120595
27.200141 0.143371 0.122144
27.211008 0.143464 0.123675
27.221874 0.148324 0.125207
27.232741 0.149185 0.126765
27.243607 0.154814 0.128366
27.254474 0.153153 0.130008
27.265340 0.159274 0.131658
27.276206 0.156875 0.133252
27.287073 0.166226 0.134689
27.297939 0.164442 0.135840
27.308806 0.164872 0.136572
27.319672 0.169240 0.136767
27.330539 0.169609 0.136358
27.341405 0.167456 0.135346
27.352271 0.168010 0.133799
27.363138 0.166718 0.131832
27.374004 0.168410 0.129587
27.384871 0.168071 0.127197
27.395737 0.161796 0.124777
27.406604 0.160074 0.122416
27.417470 0.159213 0.120175
27.428337 0.157305 0.118095
27.439203 0.154506 0.116199
27.450069 0.150631 0.114498
27.460936 0.146386 0.112993
27.471802 0.144632 0.111679
27.482669 0.141587 0.110546
27.493535 0.138788 0.109583
27.504402 0.131283 0.108775
27.515268 0.130852 0.108106
27.526134 0.132267 0.107561
27.537001 0.124300 0.107126
27.547867 0.127376 0.106787
27.558734 0.124516 0.106532
27.569600 0.124362 0.106350
27.580467 0.123316 0.106234
27.591333 0.118671 0.106177
27.602200 0.116641 0.106173
27.613066 0.117687 0.106219
27.623932 0.119779 0.106313
27.634799 0.118118 0.106456
27.645665 0.116118 0.106650
27.656532 0.119133 0.106896
27.667398 0.117533 0.107199
27.678265 0.118364 0.107566
27.689131 0.116180 0.108005
27.699998 0.121070 0.108524
27.710864 0.119625 0.109135
27.721730 0.118364 0.109851
27.732597 0.121901 0.110686
27.743463 0.123931 0.111657
27.754330 0.124977 0.112781
27.765196 0.124116 0.114077
27.776063 0.129099 0.115564
27.786929 0.130606 0.117260
27.797795 0.128145 0.119183
27.808662 0.132236 0.121345
27.819528 0.137158 0.123755
27.830395 0.139065 0.126412
27.841261 0.139249 0.129308
27.852128 0.144386 0.132425
27.862994 0.145340 0.135736
27.873861 0.147678 0.139214
27.884727 0.152845 0.142827
27.895593 0.157644 0.146546
27.906460 0.160935 0.150336
27.917326 0.166164 0.154148
27.928193 0.166380 0.157914
27.939059 0.175361 0.161540
27.949926 0.178560 0.164916
27.960792 0.183574 0.167925
27.971659 0.186804 0.170467
27.982525 0.187481 0.172484
27.993391 0.193663 0.173976
28.004258 0.194832 0.175003
28.015124 0.190987 0.175660
28.025991 0.200092 0.176049
28.036857 0.199046 0.176240
28.047724 0.196986 0.176252
28.058590 0.199908 0.176043
28.069457 0.192679 0.175519
28.080323 0.192679 0.174552
28.091189 0.193817 0.173013
28.102056 0.189019 0.170802
28.112922 0.187142 0.167887
28.123789 0.177668 0.164313
28.134655 0.175546 0.160203
28.145522 0.172347 0.155728
28.156388 0.160504 0.151073
28.167254 0.157644 0.146408
28.178121 0.154906 0.141872
28.188987 0.152907 0.137566
28.199854 0.151000 0.133556
28.210720 0.144632 0.129879
28.221587 0.139065 0.126549
28.232453 0.136204 0.123566
28.243320 0.127807 0.120920
28.254186 0.134420 0.118589
28.265052 0.121286 0.116552
28.275919 0.126453 0.114780
28.286785 0.120209 0.113246
28.297652 0.117195 0.111922
28.308518 0.119071 0.110782
28.319385 0.120701 0.109799
28.330251 0.116026 0.108952
28.341118 0.114057 0.108218
28.351984 0.113873 0.107582
28.362850 0.111074 0.107025
28.373717 0.113811 0.106537
28.384583 0.107628 0.106105
28.395450 0.111473 0.105721
28.406316 0.107751 0.105376
28.417183 0.110612 0.105066
28.428049 0.111935 0.104785
28.438915 0.104214 0.104530
28.449782 0.106213 0.104296
28.460648 0.108274 0.104082
28.471515 0.108613 0.103885
28.482381 0.105537 0.103703
28.493248 0.105383 0.103535
28.504114 0.106398 0.103380
28.514981 0.107229 0.103236
28.525847 0.105906 0.103101
28.536713 0.100400 0.102977
28.547580 0.105260 0.102860
28.558446 0.103168 0.102752
28.569313 0.103876 0.102651
28.580179 0.100584 0.102556
28.591046 0.103876 0.102468
28.601912 0.105475 0.102385
28.612778 0.104214 0.102308
28.623645 0.104952 0.102235
28.634511 0.103384 0.102167
28.645378 0.105506 0.102104
28.656244 0.104491 0.102044
28.667111 0.100831 0.101988
28.677977 0.102707 0.101935
28.688844 0.099539 0.101885
28.699710 0.105967 0.101839
28.710576 0.103291 0.101795
28.721443 0.102861 0.101754
28.732309 0.100584 0.101715
28.743176 0.102092 0.101679
28.754042 0.103261 0.101645
28.764909 0.103291 0.101613
28.775775 0.100954 0.101583
28.786642 0.101815 0.101554
28.797508 0.102399 0.101528
28.808374 0.104399 0.101503
28.819241 0.099108 0.101479
28.830107 0.103845 0.101457
28.840974 0.101938 0.101437
28.851840 0.103906 0.101417
28.862707 0.104675 0.101399
28.873573 0.102430 0.101383
28.884439 0.100677 0.101367
28.895306 0.102492 0.101352
28.906172 0.105844 0.101339
28.917039 0.101507 0.101326
28.927905 0.101723 0.101314
28.938772 0.100338 0.101303
28.949638 0.102799 0.101293
28.960505 0.103906 0.101284
28.971371 0.099600 0.101276
28.982237 0.102338 0.101268
28.993104 0.102707 0.101261
29.003970 0.100769 0.101255
29.014837 0.099846 0.101249
29.025703 0.102061 0.101244
29.036570 0.102122 0.101239
29.047436 0.103476 0.101236
29.058303 0.100738 0.101232
29.069169 0.102553 0.101229
29.080035 0.105075 0.101227
29.090902 0.106644 0.101225
29.101768 0.102369 0.101224
29.112635 0.102615 0.101223
29.123501 0.102276 0.101222
29.134368 0.101107 0.101222
29.145234 0.101015 0.101223
29.156101 0.101323 0.101223
29.166967 0.104060 0.101224
29.177833 0.102369 0.101226
29.188700 0.103230 0.101227
29.199566 0.099785 0.101230
29.210433 0.104583 0.101232
29.221299 0.102738 0.101235
29.232166 0.102215 0.101238
29.243032 0.100738 0.101241
29.253898 0.102953 0.101245
29.264765 0.102522 0.101249
29.275631 0.104276 0.101253
29.286498 0.105229 0.101257
29.297364 0.101538 0.101262
29.308231 0.104153 0.101267
29.319097 0.101661 0.101272
29.329964 0.099877 0.101277
29.340830 0.098585 0.101283
29.351696 0.102184 0.101289
29.362563 0.098831 0.101295
29.373429 0.100677 0.101301
29.384296 0.101630 0.101307
29.395162 0.099569 0.101314
29.406029 0.105537 0.101321
29.416895 0.099631 0.101328
29.427762 0.105075 0.101335
29.438628 0.102092 0.101342
29.449494 0.100431 0.101350
29.460361 0.099169 0.101358
29.471227 0.102707 0.101365
29.482094 0.101876 0.101373
29.492960 0.102768 0.101382
29.503827 0.102061 0.101390
29.514693 0.098185 0.101399
29.525559 0.102553 0.101407
29.536426 0.098677 0.101416
29.547292 0.106921 0.101425
29.558159 0.102153 0.101434
29.569025 0.102984 0.101443
29.579892 0.101107 0.101453
29.590758 0.104337 0.101462
29.601625 0.099354 0.101472
29.612491 0.101938 0.101481
29.623357 0.102922 0.101491
29.634224 0.104337 0.101501
29.645090 0.100615 0.101511
29.655957 0.101046 0.101522
29.666823 0.100338 0.101532
29.677690 0.099692 0.101543
29.688556 0.101323 0.101553
29.699422 0.102184 0.101564
29.710289 0.104522 0.101575
29.721155 0.099539 0.101586
29.732022 0.096094 0.101597
29.742888 0.103753 0.101608
29.753755 0.099169 0.101620
29.764621 0.101630 0.101631
29.775488 0.103107 0.101643
29.786354 0.099569 0.101654
29.797220 0.104183 0.101666
29.808087 0.103660 0.101678
29.818953 0.100338 0.101690
29.829820 0.105045 0.101702
29.840686 0.101323 0.101714
29.851553 0.099200 0.101727
29.862419 0.105014 0.101739
29.873286 0.101938 0.101752
29.884152 0.101015 0.101764
29.895018 0.104337 0.101777
29.905885 0.104675 0.101790
29.916751 0.104737 0.101803
29.927618 0.100954 0.101816
29.938484 0.098800 0.101829
29.949351 0.102615 0.101843
29.960217 0.100615 0.101856
29.971083 0.101661 0.101870
29.981950 0.099662 0.101883
29.992816 0.101661 0.101897
30.003683 0.100554 0.101911
30.014549 0.102799 0.101925
30.025416 0.102768 0.101939
30.036282 0.100954 0.101954
30.047149 0.101138 0.101968
30.058015 0.102184 0.101983
30.068881 0.102030 0.101997
30.079748 0.102215 0.102012
30.090614 0.102522 0.102027
30.101481 0.100215 0.102042
30.112347 0.104122 0.102057
30.123214 0.101384 0.102072
30.134080 0.099323 0.102088
30.144947 0.103660 0.102103
30.155813 0.097755 0.102119
30.166679 0.102553 0.102135
30.177546 0.100492 0.102151
30.188412 0.101600 0.102167
30.199279 0.103107 0.102184
30.210145 0.097878 0.102200
30.221012 0.101292 0.102217
30.231878 0.104337 0.102234
30.242745 0.100954 0.102250
30.253611 0.102492 0.102268
30.264477 0.101292 0.102285
30.275344 0.101630 0.102302
30.286210 0.103230 0.102320
30.297077 0.101323 0.102338
30.307943 0.104368 0.102356
30.318810 0.102153 0.102374
30.329676 0.102738 0.102392
30.340542 0.101200 0.102411
30.351409 0.103876 0.102430
30.362275 0.104799 0.102449
30.373142 0.104491 0.102468
30.384008 0.102953 0.102488
30.394875 0.101107 0.102507
30.405741 0.101169 0.102527
30.416608 0.102522 0.102547
30.427474 0.102799 0.102568
30.438340 0.101969 0.102588
30.449207 0.106736 0.102609
30.460073 0.101692 0.102630
30.470940 0.102953 0.102652
30.481806 0.104122 0.102674
30.492673 0.102184 0.102696
30.503539 0.102399 0.102718
30.514406 0.101169 0.102741
30.525272 0.103599 0.102764
30.536138 0.103876 0.102787
30.547005 0.103414 0.102810
30.557871 0.103322 0.102834
30.568738 0.104583 0.102859
30.579604 0.101200 0.102884
30.590471 0.105321 0.102909
30.601337 0.104522 0.102934
30.612203 0.100954 0.102960
30.623070 0.104552 0.102986
30.633936 0.103230 0.103013
30.644803 0.101600 0.103041
30.655669 0.102707 0.103068
30.666536 0.103291 0.103097
30.677402 0.100984 0.103125
30.688269 0.103261 0.103155
30.699135 0.107567 0.103185
30.710001 0.100338 0.103215
30.720868 0.103014 0.103246
30.731734 0.100584 0.103278
30.742601 0.100523 0.103310
30.753467 0.103168 0.103343
30.764334 0.103783 0.103377
30.775200 0.104552 0.103411
30.786066 0.104460 0.103447
30.796933 0.101815 0.103483
30.807799 0.102522 0.103519
30.818666 0.104306 0.103557
30.829532 0.104368 0.103596
30.840399 0.102830 0.103635
30.851265 0.105137 0.103676
30.862132 0.101107 0.103718
30.872998 0.100646 0.103760
30.883864 0.105691 0.103804
30.894731 0.102984 0.103849
30.905597 0.103876 0.103896
30.916464 0.102676 0.103943
30.927330 0.106337 0.103992
30.938197 0.103476 0.104043
30.949063 0.106244 0.104095
30.959930 0.107905 0.104148
30.970796 0.107936 0.104203
30.981662 0.102922 0.104261
30.992529 0.104337 0.104319
31.003395 0.101600 0.104380
31.014262 0.102061 0.104443
31.025128 0.102369 0.104509
31.035995 0.104183 0.104576
31.046861 0.105383 0.104647
31.057727 0.104799 0.104719
31.068594 0.107013 0.104795
31.079460 0.105260 0.104873
31.090327 0.105598 0.104955
31.101193 0.106121 0.105040
31.112060 0.106890 0.105129
31.122926 0.101876 0.105221
31.133793 0.103845 0.105318
31.144659 0.103568 0.105419
31.155525 0.106337 0.105525
31.166392 0.104799 0.105635
31.177258 0.103630 0.105752
31.188125 0.105383 0.105874
31.198991 0.105998 0.106002
31.209858 0.104583 0.106138
31.220724 0.105352 0.106280
31.231591 0.106152 0.106432
31.242457 0.107290 0.106592
31.253323 0.107198 0.106762
31.264190 0.107844 0.106943
31.275056 0.106213 0.107136
31.285923 0.107321 0.107343
31.296789 0.106921 0.107566
31.307656 0.107844 0.107806
31.318522 0.107229 0.108067
31.329389 0.110212 0.108350
31.340255 0.109074 0.108659
31.351121 0.110920 0.108997
31.361988 0.109843 0.109369
31.372854 0.110827 0.109777
31.383721 0.112704 0.110228
31.394587 0.113288 0.110726
31.405454 0.115595 0.111275
31.416320 0.111596 0.111881
31.427186 0.115995 0.112549
31.438053 0.114119 0.113284
31.448919 0.114611 0.114091
31.459786 0.114334 0.114974
31.470652 0.115934 0.115936
31.481519 0.119502 0.116980
31.492385 0.114519 0.118106
31.503252 0.118548 0.119311
31.514118 0.124577 0.120592
31.524984 0.124423 0.121943
31.535851 0.128484 0.123362
31.546717 0.123439 0.124854
31.557584 0.130606 0.126437
31.568450 0.132913 0.128141
31.579317 0.133159 0.130013
31.590183 0.135035 0.132109
31.601050 0.135681 0.134491
31.611916 0.138081 0.137217
31.622782 0.138911 0.140344
31.633649 0.148539 0.143916
31.644515 0.150261 0.147963
31.655382 0.154106 0.152503
31.666248 0.158136 0.157532
31.677115 0.161704 0.163025
31.687981 0.169978 0.168943
31.698847 0.175208 0.175226
31.709714 0.181083 0.181805
31.720580 0.188065 0.188591
31.731447 0.193264 0.195474
31.742313 0.204122 0.202312
31.753180 0.211104 0.208926
31.764046 0.215042 0.215121
31.774913 0.220671 0.220700
31.785779 0.233620 0.225503
31.796645 0.242356 0.229412
31.807512 0.247278 0.232350
31.818378 0.248877 0.234265
31.829245 0.259643 0.235114
31.840111 0.259213 0.234867
31.850978 0.261581 0.233512
31.861844 0.259582 0.231064
31.872710 0.253830 0.227556
31.883577 0.249369 0.223037
31.894443 0.243371 0.217572
31.905310 0.237711 0.211266
31.916176 0.233313 0.204274
31.927043 0.218671 0.196801
31.937909 0.200984 0.189089
31.948776 0.199877 0.181376
31.959642 0.179729 0.173870
31.970508 0.178222 0.166735
31.981375 0.165211 0.160081
31.992241 0.159274 0.153973
32.003108 0.151153 0.148440
32.013974 0.144325 0.143481
32.024841 0.135866 0.139076
32.035707 0.134820 0.135194
32.046574 0.126884 0.131794
32.057440 0.125223 0.128833
32.068306 0.119655 0.126264
32.079173 0.120640 0.124042
32.090039 0.117195 0.122122
32.100906 0.117041 0.120465
32.111772 0.116026 0.119033
32.122639 0.117779 0.117791
32.133505 0.112765 0.116712
32.144371 0.112396 0.115769
32.155238 0.111719 0.114940
32.166104 0.113657 0.114208
32.176971 0.108213 0.113557
32.187837 0.110674 0.112975
32.198704 0.111012 0.112451
32.209570 0.110950 0.111977
32.220437 0.111596 0.111546
32.231303 0.107290 0.111152
32.242169 0.105844 0.110792
32.253036 0.107751 0.110460
32.263902 0.108459 0.110154
32.274769 0.109382 0.109871
32.285635 0.105444 0.109609
32.296502 0.105137 0.109366
32.307368 0.108428 0.109140
32.318235 0.101907 0.108930
32.329101 0.106829 0.108734
32.339967 0.107167 0.108551
32.350834 0.107044 0.108380
32.361700 0.107536 0.108220
32.372567 0.104276 0.108070
32.383433 0.105475 0.107930
32.394300 0.107567 0.107798
32.405166 0.104491 0.107675
32.416033 0.104183 0.107559
32.426899 0.105998 0.107450
32.437765 0.104952 0.107347
32.448632 0.107198 0.107251
32.459498 0.108274 0.107160
32.470365 0.104829 0.107074
32.481231 0.102830 0.106994
32.492098 0.104153 0.106917
32.502964 0.104306 0.106846
32.513830 0.100800 0.106778
32.524697 0.101169 0.106714
32.535563 0.103845 0.106654
32.546430 0.106337 0.106597
32.557296 0.106398 0.106544
32.568163 0.104368 0.106493
32.579029 0.105045 0.106445
32.589896 0.105783 0.106400
32.600762 0.105506 0.106357
32.611628 0.104399 0.106317
32.622495 0.104768 0.106279
32.633361 0.104153 0.106244
32.644228 0.104614 0.106210
32.655094 0.104337 0.106178
32.665961 0.106644 0.106148
32.676827 0.105475 0.106120
32.687694 0.107751 0.106094
32.698560 0.108890 0.106069
32.709426 0.103968 0.106046
32.720293 0.101476 0.106024
32.731159 0.103660 0.106004
32.742026 0.105906 0.105985
32.752892 0.104060 0.105967
32.763759 0.105844 0.105950
32.774625 0.106460 0.105935
32.785491 0.103107 0.105921
32.796358 0.103906 0.105908
32.807224 0.103384 0.105896
32.818091 0.107659 0.105885
32.828957 0.106736 0.105874
32.839824 0.106675 0.105865
32.850690 0.109136 0.105857
32.861557 0.102799 0.105850
32.872423 0.105352 0.105843
32.883289 0.104583 0.105837
32.894156 0.104645 0.105832
32.905022 0.103999 0.105828
32.915889 0.104460 0.105825
32.926755 0.105691 0.105822
32.937622 0.106490 0.105820
32.948488 0.104337 0.105819
32.959354 0.103322 0.105818
32.970221 0.106921 0.105818
32.981087 0.104675 0.105818
32.991954 0.103537 0.105820
33.002820 0.105814 0.105821
33.013687 0.103537 0.105824
33.024553 0.103845 0.105827
33.035420 0.105198 0.105830
33.046286 0.104614 0.105834
33.057152 0.104091 0.105839
33.068019 0.106152 0.105844
33.078885 0.103660 0.105850
33.089752 0.105014 0.105856
33.100618 0.103906 0.105863
33.111485 0.105875 0.105870
33.122351 0.103937 0.105878
33.133218 0.106213 0.105886
33.144084 0.100092 0.105895
33.154950 0.104952 0.105905
33.165817 0.103045 0.105914
33.176683 0.107075 0.105925
33.187550 0.105045 0.105935
33.198416 0.107721 0.105947
33.209283 0.106429 0.105958
33.220149 0.106829 0.105971
33.231015 0.104799 0.105984
33.241882 0.106644 0.105997
33.252748 0.104583 0.106011
33.263615 0.105106 0.106025
33.274481 0.104768 0.106040
33.285348 0.105260 0.106055
33.296214 0.104122 0.106071
33.307081 0.101907 0.106087
33.317947 0.104583 0.106104
33.328813 0.106952 0.106121
33.339680 0.106121 0.106139
33.350546 0.102799 0.106158
33.361413 0.103630 0.106177
33.372279 0.107413 0.106197
33.383146 0.102522 0.106217
33.394012 0.104122 0.106238
33.404879 0.105321 0.106260
33.415745 0.104183 0.106282
33.426611 0.103845 0.106305
33.437478 0.105967 0.106328
33.448344 0.104245 0.106352
33.459211 0.104891 0.106377
33.470077 0.107167 0.106403
33.480944 0.103261 0.106429
33.491810 0.104060 0.106456
33.502676 0.102092 0.106484
33.513543 0.105352 0.106513
33.524409 0.105168 0.106543
33.535276 0.105660 0.106574
33.546142 0.102830 0.106605
33.557009 0.105383 0.106638
33.567875 0.102030 0.106671
33.578742 0.104214 0.106706
33.589608 0.104399 0.106741
33.600474 0.103599 0.106778
33.611341 0.104614 0.106816
33.622207 0.107659 0.106855
33.633074 0.103722 0.106896
33.643940 0.102891 0.106938
33.654807 0.105875 0.106981
33.665673 0.106090 0.107026
33.676540 0.104245 0.107072
33.687406 0.105783 0.107121
33.698272 0.105444 0.107170
33.709139 0.105568 0.107222
33.720005 0.102399 0.107275
33.730872 0.101876 0.107331
33.741738 0.107044 0.107389
33.752605 0.107751 0.107449
33.763471 0.108121 0.107511
33.774338 0.104860 0.107576
33.785204 0.105598 0.107644
33.796070 0.105444 0.107714
33.806937 0.105260 0.107788
33.817803 0.107628 0.107865
33.828670 0.111504 0.107945
33.839536 0.105906 0.108029
33.850403 0.104368 0.108117
33.861269 0.107782 0.108209
33.872135 0.105014 0.108305
33.883002 0.104583 0.108407
33.893868 0.106613 0.108513
33.904735 0.104276 0.108625
33.915601 0.105321 0.108743
33.926468 0.109935 0.108867
33.937334 0.107659 0.108999
33.948201 0.108367 0.109137
33.959067 0.104645 0.109284
33.969933 0.105906 0.109440
33.980800 0.109289 0.109605
33.991666 0.106213 0.109780
34.002533 0.105967 0.109967
34.013399 0.107013 0.110166
34.024266 0.105998 0.110379
34.035132 0.108428 0.110606
34.045998 0.108643 0.110849
34.056865 0.103568 0.111111
34.067731 0.108520 0.111392
34.078598 0.106706 0.111696
34.089464 0.111258 0.112025
34.100331 0.108890 0.112381
34.111197 0.105752 0.112770
34.122064 0.108613 0.113195
34.132930 0.109259 0.113663
34.143796 0.106706 0.114181
34.154663 0.113134 0.114758
34.165529 0.106982 0.115405
34.176396 0.107444 0.116136
34.187262 0.113104 0.116968
34.198129 0.110827 0.117921
34.208995 0.112735 0.119022
34.219862 0.114611 0.120298
34.230728 0.112119 0.121786
34.241594 0.111074 0.123523
34.252461 0.113565 0.125554
34.263327 0.117748 0.127926
34.274194 0.118148 0.130689
34.285060 0.116641 0.133892
34.295927 0.123962 0.137587
34.306793 0.129253 0.141815
34.317659 0.127592 0.146615
34.328526 0.129099 0.152011
34.339392 0.134728 0.158010
34.350259 0.143371 0.164593
34.361125 0.145401 0.171709
34.371992 0.149308 0.179261
34.382858 0.155152 0.187090
34.393725 0.166533 0.194961
34.404591 0.168656 0.202550
34.415457 0.179945 0.209444
34.426324 0.186035 0.215171
34.437190 0.190803 0.219256
34.448057 0.197939 0.221310
34.458923 0.205506 0.221123
34.469790 0.210274 0.218716
34.480656 0.218148 0.214338
34.491523 0.221563 0.208400
34.502389 0.223870 0.201384
34.513255 0.225623 0.193753
34.524122 0.216918 0.185906
34.534988 0.221040 0.178150
34.545855 0.214580 0.170705
34.556721 0.211781 0.163718
34.567588 0.202891 0.157276
34.578454 0.192894 0.151424
34.589320 0.178068 0.146175
34.600187 0.169579 0.141518
34.611053 0.166226 0.137427
34.621920 0.156659 0.133863
34.632786 0.153245 0.130781
34.643653 0.148139 0.128131
34.654519 0.142387 0.125863
34.665386 0.135743 0.123927
34.676252 0.131313 0.122277
34.687118 0.124608 0.120869
34.697985 0.122916 0.119666
34.708851 0.120148 0.118633
34.719718 0.117256 0.117742
34.730584 0.113996 0.116970
34.741451 0.115441 0.116295
34.752317 0.114396 0.115701
34.763184 0.112581 0.115176
34.774050 0.109166 0.114708
34.784916 0.111843 0.114288
34.795783 0.111504 0.113911
34.806649 0.111658 0.113569
34.817516 0.110704 0.113259
34.828382 0.109628 0.112977
34.839249 0.112735 0.112719
34.850115 0.109782 0.112484
34.860982 0.110674 0.112268
34.871848 0.108336 0.112070
34.882714 0.111781 0.111888
34.893581 0.107998 0.111722
34.904447 0.112396 0.111569
34.915314 0.109043 0.111428
34.926180 0.108397 0.111299
34.937047 0.106060 0.111181
34.947913 0.105352 0.111072
34.958779 0.106183 0.110972
34.969646 0.105660 0.110881
34.980512 0.106337 0.110798
34.991379 0.106429 0.110721
35.002245 0.106982 0.110652
35.013112 0.107690 0.110589
35.023978 0.102738 0.110532
35.034845 0.107690 0.110481
35.045711 0.106060 0.110435
35.056577 0.107167 0.110394
35.067444 0.105783 0.110358
35.078310 0.105321 0.110326
35.089177 0.106613 0.110299
35.100043 0.107567 0.110275
35.110910 0.108213 0.110256
35.121776 0.105045 0.110240
35.132643 0.108182 0.110228
35.143509 0.105691 0.110220
35.154375 0.106521 0.110215
35.165242 0.105783 0.110213
35.176108 0.112089 0.110214
35.186975 0.106367 0.110218
35.197841 0.108213 0.110225
35.208708 0.107936 0.110236
35.219574 0.110458 0.110249
35.230440 0.108951 0.110265
35.241307 0.107229 0.110283
35.252173 0.110181 0.110305
35.263040 0.109351 0.110329
35.273906 0.109320 0.110356
35.284773 0.105660 0.110385
35.295639 0.106183 0.110418
35.306506 0.108090 0.110453
35.317372 0.109443 0.110491
35.328238 0.107106 0.110531
35.339105 0.105998 0.110575
35.349971 0.106152 0.110621
35.360838 0.109536 0.110670
35.371704 0.106029 0.110722
35.382571 0.108767 0.110777
35.393437 0.107998 0.110835
35.404303 0.107444 0.110896
35.415170 0.110397 0.110960
35.426036 0.111197 0.111028
35.436903 0.109382 0.111099
35.447769 0.107136 0.111173
35.458636 0.108890 0.111251
35.469502 0.107905 0.111333
35.480369 0.108244 0.111419
35.491235 0.109843 0.111509
35.502101 0.110028 0.111603
35.512968 0.108613 0.111701
35.523834 0.107936 0.111804
35.534701 0.107598 0.111913
35.545567 0.109412 0.112026
35.556434 0.107628 0.112145
35.567300 0.109566 0.112270
35.578167 0.109105 0.112401
35.589033 0.110274 0.112539
35.599899 0.107567 0.112684
35.610766 0.110181 0.112836
35.621632 0.108551 0.112997
35.632499 0.111627 0.113167
35.643365 0.108305 0.113347
35.654232 0.111689 0.113537
35.665098 0.108213 0.113738
35.675964 0.109259 0.113952
35.686831 0.108459 0.114178
35.697697 0.110212 0.114418
35.708564 0.113104 0.114673
35.719430 0.109289 0.114944
35.730297 0.107536 0.115232
35.741163 0.110766 0.115537
35.752030 0.110704 0.115860
35.762896 0.111535 0.116202
35.773762 0.111596 0.116562
35.784629 0.110920 0.116941
35.795495 0.116703 0.117338
35.806362 0.112796 0.117754
35.817228 0.114426 0.118188
35.828095 0.110981 0.118642
35.838961 0.117656 0.119118
35.849828 0.116795 0.119620
35.860694 0.114396 0.120150
35.871560 0.117287 0.120713
35.882427 0.118241 0.121310
35.893293 0.118394 0.121945
35.904160 0.117656 0.122622
35.915026 0.122270 0.123343
35.925893 0.122424 0.124113
35.936759 0.121686 0.124941
35.947626 0.119963 0.125837
35.958492 0.120517 0.126813
35.969358 0.123008 0.127884
35.980225 0.123685 0.129066
35.991091 0.126730 0.130379
36.001958 0.125008 0.131843
36.012824 0.133559 0.133483
36.023691 0.129837 0.135326
36.034557 0.130145 0.137404
36.045423 0.131436 0.139756
36.056290 0.133620 0.142428
36.067156 0.138111 0.145478
36.078023 0.144817 0.148970
36.088889 0.144786 0.152983
36.099756 0.151707 0.157604
36.110622 0.154445 0.162926
36.121489 0.159520 0.169049
36.132355 0.164196 0.176071
36.143221 0.169117 0.184084
36.154088 0.179606 0.193172
36.164954 0.188342 0.203396
36.175821 0.191541 0.214789
36.186687 0.205537 0.227341
36.197554 0.220486 0.240981
36.208420 0.236297 0.255559
36.219287 0.248631 0.270830
36.230153 0.255583 0.286441
36.241019 0.278560 0.301940
36.251886 0.292648 0.316813
36.262752 0.306121 0.330531
36.273619 0.320117 0.342618
36.284485 0.335281 0.352690
36.295352 0.345217 0.360467
36.306218 0.351953 0.365756
36.317084 0.358536 0.368428
36.327951 0.376807 0.368421
36.338817 0.376069 0.365734
36.349684 0.382805 0.360433
36.360550 0.379514 0.352646
36.371417 0.363550 0.342570
36.382283 0.359243 0.330491
36.393150 0.344878 0.316794
36.404016 0.322424 0.301960
36.414882 0.307259 0.286516
36.425749 0.287481 0.270977
36.436615 0.271793 0.255795
36.447482 0.254814 0.241317
36.458348 0.241495 0.227788
36.469215 0.230452 0.215354
36.480081 0.215195 0.204083
36.490947 0.205691 0.193983
36.501814 0.190034 0.185021
36.512680 0.178222 0.177135
36.523547 0.170348 0.170248
36.534413 0.157736 0.164270
36.545280 0.149800 0.159110
36.556146 0.144417 0.154673
36.567013 0.140049 0.150872
36.577879 0.141926 0.147623
36.588745 0.132113 0.144849
36.599612 0.134851 0.142481
36.610478 0.133344 0.140459
36.621345 0.128668 0.138731
36.632211 0.131006 0.137251
36.643078 0.126823 0.135984
36.653944 0.127069 0.134897
36.664811 0.126023 0.133965
36.675677 0.126976 0.133168
36.686543 0.123654 0.132488
36.697410 0.123716 0.131913
36.708276 0.126269 0.131432
36.719143 0.125746 0.131035
36.730009 0.128145 0.130717
36.740876 0.124054 0.130472
36.751742 0.122947 0.130296
36.762608 0.123285 0.130186
36.773475 0.126792 0.130140
36.784341 0.126115 0.130155
36.795208 0.125561 0.130232
36.806074 0.124239 0.130369
36.816941 0.123008 0.130567
36.827807 0.127192 0.130827
36.838674 0.123224 0.131150
36.849540 0.122424 0.131538
36.860406 0.126423 0.131993
36.871273 0.129037 0.132519
36.882139 0.133282 0.133118
36.893006 0.126361 0.133796
36.903872 0.129652 0.134558
36.914739 0.131775 0.135411
36.925605 0.134389 0.136362
36.936472 0.133344 0.137420
36.947338 0.137588 0.138597
36.958204 0.139588 0.139906
36.969071 0.136512 0.141363
36.979937 0.143033 0.142989
36.990804 0.139619 0.144810
37.001670 0.150938 0.146856
37.012537 0.149646 0.149167
37.023403 0.155214 0.151792
37.034270 0.157982 0.154791
37.045136 0.159428 0.158239
37.056002 0.166872 0.162224
37.066869 0.174715 0.166855
37.077735 0.183420 0.172258
37.088602 0.189480 0.178580
37.099468 0.197170 0.185987
37.110335 0.207229 0.194664
37.121201 0.220332 0.204808
37.132067 0.236881 0.216627
37.142934 0.251277 0.230330
37.153800 0.266318 0.246116
37.164667 0.284189 0.264167
37.175533 0.301753 0.284625
37.186400 0.326084 0.307581
37.197266 0.348847 0.333050
37.208133 0.367364 0.360939
37.218999 0.396678 0.391009
37.229865 0.415226 0.422818
37.240732 0.444140 0.455671
37.251598 0.465241 0.488536
37.262465 0.490034 0.520011
37.273331 0.512858 0.548339
37.284198 0.536173 0.571528
37.295064 0.560381 0.587627
37.305931 0.571332 0.595088
37.316797 0.587081 0.593137
37.327663 0.591879 0.581975
37.338530 0.593510 0.562724
37.349396 0.589849 0.537143
37.360263 0.581821 0.507237
37.371129 0.574900 0.474929
37.381996 0.547647 0.441839
37.392862 0.527868 0.409217
37.403728 0.507721 0.377954
37.414595 0.489296 0.348633
37.425461 0.458351 0.321609
37.436328 0.439711 0.297054
37.447194 0.416241 0.275016
37.458061 0.394986 0.255445
37.468927 0.377022 0.238228
37.479794 0.341464 0.223202
37.490660 0.322209 0.210179
37.501526 0.294002 0.198954
37.512393 0.279729 0.189316
37.523259 0.258444 0.181062
37.534126 0.246017 0.173997
37.544992 0.228391 0.167945
37.555859 0.215380 0.162747
37.566725 0.202584 0.158263
37.577591 0.194986 0.154375
37.588458 0.189050 0.150981
37.599324 0.176469 0.147998
37.610191 0.171209 0.145359
37.621057 0.162565 0.143005
37.631924 0.159982 0.140894
37.642790 0.159243 0.138987
37.653657 0.150477 0.137256
37.664523 0.149400 0.135678
37.675389 0.149923 0.134232
37.686256 0.142879 0.132902
37.697122 0.142356 0.131676
37.707989 0.136850 0.130543
37.718855 0.134759 0.129492
37.729722 0.134328 0.128517
37.740588 0.131959 0.127609
37.751455 0.130852 0.126763
37.762321 0.131344 0.125973
37.773187 0.128760 0.125235
37.784054 0.126392 0.124543
37.794920 0.121286 0.123895
37.805787 0.126915 0.123287
37.816653 0.123316 0.122715
37.827520 0.123808 0.122178
37.838386 0.120794 0.121671
37.849252 0.117841 0.121194
37.860119 0.115841 0.120743
37.870985 0.119256 0.120317
37.881852 0.118302 0.119915
37.892718 0.118579 0.119534
37.903585 0.117102 0.119173
37.914451 0.116364 0.118830
37.925318 0.119809 0.118506
37.936184 0.115718 0.118197
37.947050 0.116610 0.117904
37.957917 0.113288 0.117626
37.968783 0.117994 0.117361
37.979650 0.113565 0.117108
37.990516 0.113811 0.116868
38.001383 0.116764 0.116638
38.012249 0.112827 0.116420
38.023116 0.111935 0.116211
38.033982 0.111596 0.116011
38.044848 0.112888 0.115821
38.055715 0.111596 0.115639
38.066581 0.113719 0.115464
38.077448 0.112796 0.115298
38.088314 0.112150 0.115138
38.099181 0.112027 0.114985
38.110047 0.109013 0.114839
38.120914 0.110489 0.114699
38.131780 0.111012 0.114564
38.142646 0.111104 0.114435
38.153513 0.109289 0.114312
38.164379 0.108613 0.114193
38.175246 0.111104 0.114079
38.186112 0.110397 0.113970
38.196979 0.109874 0.113865
38.207845 0.110274 0.113764
38.218711 0.110243 0.113668
38.229578 0.110366 0.113575
38.240444 0.112396 0.113486
38.251311 0.110489 0.113400
38.262177 0.111135 0.113317
38.273044 0.108367 0.113238
38.283910 0.110151 0.113162
38.294777 0.111320 0.113089
38.305643 0.109474 0.113019
38.316509 0.110981 0.112952
38.327376 0.113104 0.112887
38.338242 0.109382 0.112825
38.349109 0.114057 0.112766
38.359975 0.111812 0.112709
38.370842 0.112858 0.112654
38.381708 0.108582 0.112601
38.392575 0.109136 0.112551
38.403441 0.109136 0.112503
38.414307 0.110858 0.112457
38.425174 0.107936 0.112413
38.436040 0.112827 0.112371
38.446907 0.111135 0.112331
38.457773 0.109013 0.112292
38.468640 0.109043 0.112256
38.479506 0.111320 0.112221
38.490372 0.110581 0.112188
38.501239 0.112335 0.112157
38.512105 0.110981 0.112128
38.522972 0.110366 0.112100
38.533838 0.109474 0.112074
38.544705 0.108182 0.112049
38.555571 0.110612 0.112026
38.566438 0.111473 0.112005
38.577304 0.110028 0.111986
38.588170 0.108336 0.111967
38.599037 0.113288 0.111951
38.609903 0.110489 0.111936
38.620770 0.110827 0.111922
38.631636 0.111227 0.111911
38.642503 0.111289 0.111900
38.653369 0.111289 0.111892
38.664235 0.105168 0.111885
38.675102 0.111535 0.111879
38.685968 0.108736 0.111876
38.696835 0.111166 0.111874
38.707701 0.111012 0.111873
38.718568 0.109197 0.111875
38.729434 0.110920 0.111878
38.740301 0.110581 0.111883
38.751167 0.112981 0.111890
38.762033 0.110797 0.111899
38.772900 0.109136 0.111910
38.783766 0.107628 0.111923
38.794633 0.110458 0.111938
38.805499 0.111719 0.111955
38.816366 0.107229 0.111975
38.827232 0.111320 0.111997
38.838099 0.112488 0.112022
38.848965 0.112981 0.112050
38.859831 0.112888 0.112081
38.870698 0.110551 0.112115
38.881564 0.111381 0.112152
38.892431 0.115903 0.112192
38.903297 0.108890 0.112237
38.914164 0.112335 0.112285
38.925030 0.111135 0.112338
38.935896 0.111904 0.112395
38.946763 0.116672 0.112458
38.957629 0.110643 0.112527
38.968496 0.113934 0.112602
38.979362 0.115226 0.112684
38.990229 0.113380 0.112774
39.001095 0.114334 0.112873
39.011962 0.111074 0.112983
39.022828 0.110397 0.113104
39.033694 0.109628 0.113239
39.044561 0.113227 0.113390
39.055427 0.114488 0.113559
39.066294 0.113842 0.113749
39.077160 0.117533 0.113963
39.088027 0.113565 0.114205
39.098893 0.113903 0.114480
39.109760 0.113996 0.114790
39.120626 0.114396 0.115141
39.131492 0.115257 0.115537
39.142359 0.118056 0.115983
39.153225 0.115226 0.116483
39.164092 0.115872 0.117042
39.174958 0.119840 0.117663
39.185825 0.120025 0.118349
39.196691 0.122947 0.119099
39.207558 0.119717 0.119913
39.218424 0.122885 0.120784
39.229290 0.123870 0.121705
39.240157 0.120025 0.122662
39.251023 0.124392 0.123638
39.261890 0.125838 0.124616
39.272756 0.126453 0.125582
39.283623 0.124331 0.126530
39.294489 0.128730 0.127463
39.305355 0.129591 0.128394
39.316222 0.135589 0.129340
39.327088 0.134143 0.130323
39.337955 0.133282 0.131357
39.348821 0.136266 0.132455
39.359688 0.138696 0.133623
39.370554 0.141372 0.134870
39.381421 0.147124 0.136208
39.392287 0.151584 0.137654
39.403153 0.152815 0.139221
39.414020 0.152753 0.140920
39.424886 0.156690 0.142745
39.435753 0.159828 0.144669
39.446619 0.163211 0.146638
39.457486 0.164103 0.148576
39.468352 0.166533 0.150384
39.479219 0.170409 0.151959
39.490085 0.171332 0.153215
39.500951 0.178930 0.154098
39.511818 0.173547 0.154603
39.522684 0.175269 0.154773
39.533551 0.182682 0.154684
39.544417 0.177607 0.154433
39.555284 0.180191 0.154113
39.566150 0.179176 0.153809
39.577016 0.178222 0.153583
39.587883 0.179883 0.153470
39.598749 0.177884 0.153473
39.609616 0.176315 0.153560
39.620482 0.174931 0.153669
39.631349 0.167364 0.153707
39.642215 0.165118 0.153567
39.653082 0.162719 0.153142
39.663948 0.158321 0.152339
39.674814 0.158290 0.151105
39.685681 0.154537 0.149438
39.696547 0.151861 0.147384
39.707414 0.147585 0.145031
39.718280 0.148908 0.142486
39.729147 0.141833 0.139857
39.740013 0.140141 0.137238
39.750879 0.138819 0.134701
39.761746 0.136942 0.132296
39.772612 0.134020 0.130058
39.783479 0.134143 0.128004
39.794345 0.135589 0.126140
39.805212 0.132144 0.124466
39.816078 0.125315 0.122976
39.826945 0.123685 0.121659
39.837811 0.120148 0.120502
39.848677 0.123347 0.119491
39.859544 0.122824 0.118612
39.870410 0.120455 0.117848
39.881277 0.121193 0.117187
39.892143 0.118886 0.116613
39.903010 0.121317 0.116115
39.913876 0.118118 0.115681
39.924743 0.116826 0.115302
39.935609 0.119379 0.114969
39.946475 0.117748 0.114674
39.957342 0.120117 0.114413
39.968208 0.111074 0.114178
39.979075 0.114365 0.113968
39.989941 0.113134 0.113777
40.000808 0.115503 0.113604
40.011674 0.113934 0.113445
40.022540 0.111596 0.113300
40.033407 0.115195 0.113166
40.044273 0.112796 0.113043
40.055140 0.113811 0.112929
40.066006 0.109997 0.112823
40.076873 0.114180 0.112724
40.087739 0.113134 0.112633
40.098606 0.112396 0.112548
40.109472 0.113504 0.112468
40.120338 0.110458 0.112394
40.131205 0.113596 0.112324
40.142071 0.112365 0.112260
40.152938 0.114457 0.112199
40.163804 0.111627 0.112142
40.174671 0.112119 0.112088
40.185537 0.114426 0.112038
40.196404 0.110028 0.111991
40.207270 0.109536 0.111947
40.218136 0.112796 0.111906
40.229003 0.110643 0.111867
40.239869 0.111473 0.111830
40.250736 0.108151 0.111795
40.261602 0.108459 0.111763
40.272469 0.109597 0.111733
40.283335 0.112796 0.111704
40.294201 0.113257 0.111677
40.305068 0.107013 0.111652
40.315934 0.109474 0.111628
40.326801 0.112058 0.111606
40.337667 0.107875 0.111585
40.348534 0.109259 0.111565
40.359400 0.111074 0.111546
40.370267 0.108859 0.111529
40.381133 0.108797 0.111513
40.391999 0.111381 0.111498
40.402866 0.108767 0.111484
40.413732 0.106829 0.111470
40.424599 0.111074 0.111458
40.435465 0.109566 0.111447
40.446332 0.110489 0.111436
40.457198 0.108551 0.111426
40.468065 0.109812 0.111418
40.478931 0.110766 0.111409
40.489797 0.112858 0.111402
40.500664 0.112212 0.111395
40.511530 0.108336 0.111389
40.522397 0.110674 0.111383
40.533263 0.107751 0.111378
40.544130 0.106306 0.111374
40.554996 0.107690 0.111370
40.565863 0.106521 0.111366
40.576729 0.115288 0.111364
40.587595 0.108490 0.111361
40.598462 0.109935 0.111360
40.609328 0.108090 0.111358
40.620195 0.109228 0.111357
40.631061 0.108490 0.111357
40.641928 0.110735 0.111357
40.652794 0.109474 0.111358
40.663660 0.106152 0.111358
40.674527 0.110612 0.111360
40.685393 0.109782 0.111361
40.696260 0.111996 0.111364
40.707126 0.108828 0.111366
40.717993 0.107413 0.111369
40.728859 0.108674 0.111372
40.739726 0.111289 0.111376
40.750592 0.111596 0.111379
40.761458 0.109935 0.111384
40.772325 0.111227 0.111388
40.783191 0.107167 0.111393
40.794058 0.110274 0.111398
40.804924 0.108951 0.111404
40.815791 0.111258 0.111410
40.826657 0.108274 0.111416
40.837523 0.110212 0.111422
40.848390 0.107875 0.111429
40.859256 0.106152 0.111436
40.870123 0.112827 0.111444
40.880989 0.110704 0.111451
40.891856 0.109289 0.111459
40.902722 0.108305 0.111468
40.913589 0.107844 0.111476
40.924455 0.110366 0.111485
40.935321 0.108674 0.111494
40.946188 0.107013 0.111504
40.957054 0.106890 0.111514
40.967921 0.109443 0.111524
40.978787 0.108244 0.111534
40.989654 0.109166 0.111545
41.000520 0.108890 0.111555
41.011387 0.108613 0.111567
41.022253 0.109259 0.111578
41.033119 0.110612 0.111590
41.043986 0.111381 0.111602
41.054852 0.108305 0.111614
41.065719 0.109259 0.111627
41.076585 0.109628 0.111640
41.087452 0.108582 0.111653
41.098318 0.108459 0.111667
41.109184 0.109659 0.111680
41.120051 0.107044 0.111695
41.130917 0.111843 0.111709
41.141784 0.108428 0.111724
41.152650 0.106675 0.111739
41.163517 0.105198 0.111754
41.174383 0.106029 0.111770
41.185250 0.109412 0.111786
41.196116 0.106060 0.111802
41.206982 0.107198 0.111819
41.217849 0.106798 0.111836
41.228715 0.106921 0.111853
41.239582 0.109935 0.111871
41.250448 0.108920 0.111889
41.261315 0.111689 0.111908
41.272181 0.109751 0.111927
41.283048 0.108182 0.111946
41.293914 0.105629 0.111965
41.304780 0.107198 0.111985
41.315647 0.107259 0.112006
41.326513 0.107259 0.112026
41.337380 0.107998 0.112048
41.348246 0.107321 0.112069
41.359113 0.108920 0.112091
41.369979 0.107321 0.112114
41.380845 0.105168 0.112136
41.391712 0.106675 0.112160
41.402578 0.104891 0.112184
41.413445 0.107229 0.112208
41.424311 0.109443 0.112233
41.435178 0.106829 0.112258
41.446044 0.105721 0.112284
41.456911 0.107136 0.112310
41.467777 0.107598 0.112337
41.478643 0.105906 0.112365
41.489510 0.106613 0.112393
41.500376 0.108859 0.112421
41.511243 0.107751 0.112451
41.522109 0.110674 0.112480
41.532976 0.107628 0.112511
41.543842 0.109351 0.112542
41.554709 0.110797 0.112574
41.565575 0.110335 0.112607
41.576441 0.107628 0.112640
41.587308 0.106859 0.112675
41.598174 0.107567 0.112710
41.609041 0.109105 0.112746
41.619907 0.110704 0.112782
41.630774 0.107413 0.112820
41.641640 0.110981 0.112859
41.652507 0.108274 0.112899
41.663373 0.109659 0.112939
41.674239 0.108674 0.112981
41.685106 0.109812 0.113024
41.695972 0.110612 0.113068
41.706839 0.109566 0.113114
41.717705 0.108274 0.113161
41.728572 0.108674 0.113209
41.739438 0.110305 0.113259
41.750304 0.107106 0.113311
41.761171 0.109259 0.113364
41.772037 0.109197 0.113420
41.782904 0.107813 0.113477
41.793770 0.110028 0.113537
41.804637 0.111535 0.113600
41.815503 0.112827 0.113665
41.826370 0.108674 0.113734
41.837236 0.109966 0.113806
41.848102 0.111535 0.113883
41.858969 0.112888 0.113964
41.869835 0.111412 0.114051
41.880702 0.111227 0.114145
41.891568 0.107905 0.114245
41.902435 0.110089 0.114354
41.913301 0.113196 0.114471
41.924168 0.111904 0.114599
41.935034 0.112796 0.114739
41.945900 0.113504 0.114891
41.956767 0.113042 0.115056
41.967633 0.115226 0.115236
41.978500 0.109474 0.115431
41.989366 0.114149 0.115641
42.000233 0.113811 0.115867
42.011099 0.117041 0.116109
42.021965 0.110827 0.116365
42.032832 0.114672 0.116632
42.043698 0.117102 0.116907
42.054565 0.112765 0.117186
42.065431 0.114211 0.117461
42.076298 0.115134 0.117728
42.087164 0.115411 0.117980
42.098031 0.117994 0.118215
42.108897 0.118364 0.118433
42.119763 0.118025 0.118640
42.130630 0.119317 0.118844
42.141496 0.120548 0.119054
42.152363 0.120548 0.119280
42.163229 0.122455 0.119529
42.174096 0.120947 0.119806
42.184962 0.119502 0.120113
42.195828 0.120978 0.120448
42.206695 0.126146 0.120805
42.217561 0.124331 0.121177
42.228428 0.123193 0.121553
42.239294 0.120271 0.121922
42.250161 0.123839 0.122276
42.261027 0.123685 0.122606
42.271894 0.121440 0.122907
42.282760 0.127376 0.123176
42.293626 0.127684 0.123407
42.304493 0.125777 0.123589
42.315359 0.123716 0.123713
42.326226 0.124577 0.123767
42.337092 0.124454 0.123744
42.347959 0.124977 0.123645
42.358825 0.124608 0.123477
42.369692 0.126177 0.123255
42.380558 0.126177 0.122999
42.391424 0.124823 0.122728
42.402291 0.124300 0.122460
42.413157 0.127161 0.122208
42.424024 0.122978 0.121982
42.434890 0.122362 0.121790
42.445757 0.123131 0.121634
42.456623 0.124946 0.121516
42.467489 0.121440 0.121438
42.478356 0.120548 0.121398
42.489222 0.121070 0.121396
42.500089 0.118610 0.121429
42.510955 0.118702 0.121495
42.521822 0.119532 0.121593
42.532688 0.118917 0.121720
42.543555 0.119717 0.121874
42.554421 0.118179 0.122054
42.565287 0.117072 0.122257
42.576154 0.114149 0.122483
42.587020 0.120363 0.122731
42.597887 0.119040 0.123000
42.608753 0.116026 0.123288
42.619620 0.118394 0.123597
42.630486 0.118271 0.123925
42.641353 0.121501 0.124274
42.652219 0.116118 0.124642
42.663085 0.120917 0.125032
42.673952 0.119840 0.125444
42.684818 0.121532 0.125877
42.695685 0.121686 0.126335
42.706551 0.118917 0.126817
42.717418 0.121655 0.127325
42.728284 0.117748 0.127861
42.739151 0.122055 0.128426
42.750017 0.122947 0.129022
42.760883 0.124639 0.129651
42.771750 0.122024 0.130314
42.782616 0.121655 0.131016
42.793483 0.124146 0.131757
42.804349 0.132236 0.132542
42.815216 0.126730 0.133372
42.826082 0.127438 0.134252
42.836948 0.129345 0.135186
42.847815 0.129099 0.136177
42.858681 0.129191 0.137231
42.869548 0.130391 0.138353
42.880414 0.133221 0.139548
42.891281 0.131898 0.140823
42.902147 0.134205 0.142185
42.913014 0.144140 0.143643
42.923880 0.137742 0.145206
42.934746 0.143002 0.146885
42.945613 0.138204 0.148692
42.956479 0.142510 0.150642
42.967346 0.149185 0.152753
42.978212 0.148201 0.155043
42.989079 0.151338 0.157538
42.999945 0.154722 0.160265
43.010811 0.156536 0.163259
43.021678 0.159951 0.166561
43.032544 0.160135 0.170218
43.043411 0.162227 0.174290
43.054277 0.167579 0.178845
43.065144 0.174808 0.183966
43.076010 0.182221 0.189747
43.086877 0.186004 0.196303
43.097743 0.198124 0.203762
43.108609 0.207229 0.212273
43.119476 0.214119 0.222008
43.130342 0.227530 0.233155
43.141209 0.236666 0.245925
43.152075 0.250538 0.260543
43.162942 0.271516 0.277251
43.173808 0.295755 0.296292
43.184675 0.311104 0.317905
43.195541 0.340787 0.342305
43.206407 0.364780 0.369663
43.217274 0.408305 0.400085
43.228140 0.434328 0.433580
43.239007 0.472132 0.470054
43.249873 0.523131 0.509306
43.260740 0.566103 0.551042
43.271606 0.620394 0.594903
43.282472 0.669855 0.640466
43.293339 0.723131 0.687220
43.304205 0.768440 0.734461
43.315072 0.816733 0.781190
43.325938 0.870747 0.826020
43.336805 0.906029 0.867187
43.347671 0.945094 0.902680
43.358538 0.958505 0.930494
43.369404 0.990834 0.948897
43.380270 1.000000 0.956644
43.391137 0.997447 0.953078
43.402003 0.969209 0.938148
43.412870 0.947524 0.912419
43.423736 0.910397 0.877077
43.434603 0.857736 0.833862
43.445469 0.819071 0.784917
43.456336 0.760228 0.732521
43.467202 0.722824 0.678827
43.478068 0.670501 0.625668
43.488935 0.643002 0.574449
43.499801 0.606460 0.526163
43.510668 0.572655 0.481430
43.521534 0.528760 0.440577
43.532401 0.489572 0.403712
43.543267 0.440418 0.370778
43.554133 0.411535 0.341611
43.565000 0.363857 0.315967
43.575866 0.329622 0.293562
43.586733 0.296278 0.274084
43.597599 0.278653 0.257213
43.608466 0.258444 0.242638
43.619332 0.237035 0.230059
43.630199 0.229868 0.219198
43.641065 0.216272 0.209805
43.651931 0.205844 0.201657
43.662798 0.199508 0.194558
43.673664 0.190311 0.188342
43.684531 0.179606 0.182867
43.695397 0.176899 0.178014
43.706264 0.171240 0.173686
43.717130 0.163088 0.169803
43.727997 0.160043 0.166297
43.738863 0.162227 0.163116
43.749729 0.156260 0.160215
43.760596 0.151676 0.157559
43.771462 0.146540 0.155117
43.782329 0.146878 0.152865
43.793195 0.145155 0.150782
43.804062 0.145094 0.148851
43.814928 0.138204 0.147057
43.825795 0.135651 0.145386
43.836661 0.136666 0.143828
43.847527 0.135589 0.142372
43.858394 0.133344 0.141010
43.869260 0.132082 0.139733
43.880127 0.129253 0.138536
43.890993 0.130975 0.137411
43.901860 0.124946 0.136352
43.912726 0.128883 0.135356
43.923592 0.125285 0.134416
43.934459 0.123285 0.133529
43.945325 0.125008 0.132691
43.956192 0.124731 0.131899
43.967058 0.118702 0.131149
43.977925 0.122639 0.130438
43.988791 0.123839 0.129764
43.999658 0.121839 0.129124
44.010524 0.122547 0.128516
44.021390 0.119902 0.127938
44.032257 0.120271 0.127388
44.043123 0.120424 0.126864
44.053990 0.117625 0.126365
44.064856 0.115934 0.125889
44.075723 0.114334 0.125435
44.086589 0.112919 0.125001
44.097455 0.114734 0.124586
44.108322 0.117102 0.124189
44.119188 0.111812 0.123810
44.130055 0.116087 0.123447
44.140921 0.116118 0.123098
44.151788 0.116795 0.122765
44.162654 0.115257 0.122445
44.173521 0.115103 0.122138
44.184387 0.110858 0.121843
44.195253 0.118979 0.121559
44.206120 0.113996 0.121287
44.216986 0.116610 0.121025
44.227853 0.119563 0.120773
44.238719 0.114980 0.120531
44.249586 0.115441 0.120298
44.260452 0.111904 0.120073
44.271319 0.112488 0.119856
44.282185 0.110120 0.119647
44.293051 0.117472 0.119445
44.303918 0.109013 0.119251
44.314784 0.116672 0.119063
44.325651 0.114119 0.118882
44.336517 0.112919 0.118707
44.347384 0.115780 0.118537
44.358250 0.108705 0.118374
44.369116 0.112181 0.118215
44.379983 0.113104 0.118062
44.390849 0.111627 0.117914
44.401716 0.117102 0.117770
44.412582 0.111381 0.117632
44.423449 0.113288 0.117497
44.434315 0.111535 0.117367
44.445182 0.109228 0.117240
44.456048 0.110797 0.117118
44.466914 0.112919 0.116999
44.477781 0.112458 0.116884
44.488647 0.116026 0.116772
44.499514 0.112488 0.116663
44.510380 0.113934 0.116558
44.521247 0.112427 0.116455
44.532113 0.111473 0.116356
44.542980 0.109905 0.116259
44.553846 0.109197 0.116165
44.564712 0.111381 0.116074
44.575579 0.112304 0.115985
44.586445 0.112150 0.115899
44.597312 0.113165 0.115815
44.608178 0.111320 0.115734
44.619045 0.110920 0.115654
44.629911 0.110028 0.115577
44.640777 0.109259 0.115502
44.651644 0.110428 0.115428
44.662510 0.110766 0.115357
44.673377 0.112365 0.115287
44.684243 0.112273 0.115220
44.695110 0.110489 0.115154
44.705976 0.109505 0.115089
44.716843 0.109382 0.115027
44.727709 0.107967 0.114965
44.738575 0.112335 0.114906
44.749442 0.109751 0.114848
44.760308 0.109136 0.114791
44.771175 0.109597 0.114736
44.782041 0.108090 0.114682
44.792908 0.110920 0.114629
44.803774 0.113411 0.114578
44.814641 0.111381 0.114527
44.825507 0.110089 0.114478
44.836373 0.110489 0.114431
44.847240 0.109443 0.114384
44.858106 0.109505 0.114338
44.868973 0.108705 0.114294
44.879839 0.112181 0.114250
44.890706 0.110089 0.114208
44.901572 0.112242 0.114166
44.912439 0.108244 0.114125
44.923305 0.109905 0.114086
44.934171 0.106613 0.114047
44.945038 0.110827 0.114009
44.955904 0.110889 0.113972
44.966771 0.112242 0.113936
44.977637 0.112335 0.113900
44.988504 0.110181 0.113865
44.999370 0.106029 0.113832
45.010236 0.107782 0.113798
45.021103 0.112212 0.113766
45.031969 0.114365 0.113734
45.042836 0.107936 0.113703
45.053702 0.107413 0.113673
45.064569 0.110058 0.113643
45.075435 0.112981 0.113614
45.086302 0.108982 0.113585
45.097168 0.108859 0.113557
45.108034 0.109966 0.113530
45.118901 0.112058 0.113504
45.129767 0.107352 0.113477
45.140634 0.109935 0.113452
45.151500 0.108951 0.113427
45.162367 0.107967 0.113402
45.173233 0.112304 0.113378
45.184099 0.107413 0.113355
45.194966 0.109720 0.113332
45.205832 0.109997 0.113309
45.216699 0.110120 0.113287
45.227565 0.109320 0.113265
45.238432 0.110920 0.113244
45.249298 0.113380 0.113224
45.260165 0.112612 0.113203
45.271031 0.109412 0.113183
45.281897 0.111104 0.113164
45.292764 0.111350 0.113145
45.303630 0.112765 0.113126
45.314497 0.109659 0.113108
45.325363 0.108582 0.113090
45.336230 0.111074 0.113073
45.347096 0.112581 0.113055
45.357963 0.110089 0.113039
45.368829 0.108736 0.113022
45.379695 0.108828 0.113006
45.390562 0.107936 0.112990
45.401428 0.110889 0.112975
45.412295 0.107905 0.112960
45.423161 0.109228 0.112945
45.434028 0.109782 0.112931
45.444894 0.112304 0.112917
45.455760 0.107998 0.112903
45.466627 0.111843 0.112889
45.477493 0.111689 0.112876
45.488360 0.108336 0.112863
45.499226 0.108367 0.112850
45.510093 0.108643 0.112838
45.520959 0.105906 0.112826
45.531826 0.107875 0.112814
45.542692 0.112273 0.112802
45.553558 0.110735 0.112791
45.564425 0.109566 0.112780
45.575291 0.108336 0.112769
45.586158 0.105506 0.112759
45.597024 0.109997 0.112748
45.607891 0.107413 0.112738
45.618757 0.110428 0.112728
45.629624 0.109505 0.112719
45.640490 0.105906 0.112710
45.651356 0.112212 0.112700
45.662223 0.108459 0.112692
45.673089 0.108213 0.112683
45.683956 0.110520 0.112675
45.694822 0.110858 0.112666
45.705689 0.109320 0.112658
45.716555 0.111412 0.112651
45.727421 0.108428 0.112643
45.738288 0.111289 0.112636
45.749154 0.108028 0.112629
45.760021 0.108828 0.112622
45.770887 0.111350 0.112615
45.781754 0.107229 0.112609
45.792620 0.110397 0.112603
45.803487 0.112212 0.112597
45.814353 0.107075 0.112591
45.825219 0.110151 0.112585
45.836086 0.110397 0.112580
45.846952 0.111350 0.112575
45.857819 0.109935 0.112570
45.868685 0.109843 0.112565
45.879552 0.108182 0.112560
45.890418 0.106644 0.112556
45.901285 0.106583 0.112552
45.912151 0.109382 0.112548
45.923017 0.110920 0.112544
45.933884 0.109997 0.112540
45.944750 0.108090 0.112537
45.955617 0.112612 0.112534
45.966483 0.113011 0.112531
45.977350 0.108274 0.112528
45.988216 0.107875 0.112526
45.999083 0.108674 0.112523
46.009949 0.107690 0.112521
46.020815 0.109474 0.112519
46.031682 0.110335 0.112518
46.042548 0.106521 0.112516
46.053415 0.108736 0.112515
46.064281 0.108490 0.112514
46.075148 0.108674 0.112513
46.086014 0.109659 0.112513
46.096880 0.108613 0.112512
46.107747 0.111812 0.112512
46.118613 0.105660 0.112512
46.129480 0.110028 0.112513
46.140346 0.107290 0.112513
46.151213 0.112365 0.112514
46.162079 0.107875 0.112515
46.172946 0.108920 0.112517
46.183812 0.110735 0.112518
46.194678 0.111443 0.112520
46.205545 0.110335 0.112522
46.216411 0.110397 0.112525
46.227278 0.104122 0.112527
46.238144 0.109966 0.112530
46.249011 0.109874 0.112534
46.259877 0.109997 0.112537
46.270743 0.108951 0.112541
46.281610 0.111935 0.112545
46.292476 0.110058 0.112550
46.303343 0.111904 0.112555
46.314209 0.112796 0.112560
46.325076 0.107844 0.112565
46.335942 0.107536 0.112571
46.346809 0.110089 0.112578
46.357675 0.111381 0.112584
46.368541 0.110489 0.112592
46.379408 0.111443 0.112599
46.390274 0.107598 0.112607
46.401141 0.105844 0.112616
46.412007 0.108397 0.112625
46.422874 0.109905 0.112634
46.433740 0.110058 0.112644
46.444607 0.109320 0.112654
46.455473 0.109259 0.112665
46.466339 0.114918 0.112677
46.477206 0.109566 0.112689
46.488072 0.109659 0.112702
46.498939 0.109074 0.112715
46.509805 0.111719 0.112729
46.520672 0.109536 0.112744
46.531538 0.109935 0.112760
46.542404 0.107721 0.112776
46.553271 0.111197 0.112793
46.564137 0.109074 0.112811
46.575004 0.107352 0.112830
46.585870 0.109259 0.112850
46.596737 0.109228 0.112871
46.607603 0.110274 0.112893
46.618470 0.110274 0.112916
46.629336 0.110981 0.112941
46.640202 0.110489 0.112966
46.651069 0.110058 0.112993
46.661935 0.112027 0.113022
46.672802 0.108705 0.113052
46.683668 0.110858 0.113084
46.694535 0.113657 0.113117
46.705401 0.110243 0.113153
46.716268 0.111504 0.113190
46.727134 0.110028 0.113230
46.738000 0.112827 0.113272
46.748867 0.109689 0.113317
46.759733 0.112673 0.113365
46.770600 0.109812 0.113415
46.781466 0.111043 0.113469
46.792333 0.109043 0.113527
46.803199 0.110950 0.113588
46.814065 0.109013 0.113654
46.824932 0.110181 0.113725
46.835798 0.113873 0.113801
46.846665 0.110551 0.113884
46.857531 0.112919 0.113974
46.868398 0.110028 0.114072
46.879264 0.109659 0.114180
46.890131 0.114672 0.114299
46.900997 0.113565 0.114431
46.911863 0.114703 0.114578
46.922730 0.111904 0.114744
46.933596 0.114734 0.114931
46.944463 0.111412 0.115144
46.955329 0.115964 0.115387
46.966196 0.112365 0.115665
46.977062 0.114026 0.115984
46.987929 0.117595 0.116349
46.998795 0.120578 0.116766
47.009661 0.116549 0.117242
47.020528 0.115872 0.117783
47.031394 0.116887 0.118393
47.042261 0.120609 0.119078
47.053127 0.118241 0.119840
47.063994 0.122578 0.120681
47.074860 0.115811 0.121597
47.085726 0.123008 0.122582
47.096593 0.122024 0.123626
47.107459 0.122578 0.124708
47.118326 0.122270 0.125800
47.129192 0.121501 0.126863
47.140059 0.122916 0.127847
47.150925 0.126146 0.128695
47.161792 0.122547 0.129351
47.172658 0.120917 0.129765
47.183524 0.125869 0.129911
47.194391 0.125992 0.129788
47.205257 0.127130 0.129424
47.216124 0.123039 0.128868
47.226990 0.122362 0.128179
47.237857 0.124300 0.127416
47.248723 0.122916 0.126633
47.259590 0.125192 0.125874
47.270456 0.122947 0.125169
47.281322 0.125315 0.124545
47.292189 0.123531 0.124018
47.303055 0.123039 0.123601
47.313922 0.122301 0.123305
47.324788 0.122086 0.123136
47.335655 0.124762 0.123103
47.346521 0.125500 0.123212
47.357387 0.120824 0.123474
47.368254 0.122209 0.123896
47.379120 0.119502 0.124491
47.389987 0.124146 0.125271
47.400853 0.122024 0.126250
47.411720 0.124546 0.127445
47.422586 0.124208 0.128872
47.433453 0.131129 0.130548
47.444319 0.126976 0.132488
47.455185 0.127499 0.134704
47.466052 0.126607 0.137205
47.476918 0.131498 0.139991
47.487785 0.132605 0.143051
47.498651 0.138388 0.146360
47.509518 0.139557 0.149873
47.520384 0.143710 0.153520
47.531251 0.150784 0.157206
47.542117 0.149985 0.160814
47.552983 0.154414 0.164207
47.563850 0.155521 0.167249
47.574716 0.159859 0.169809
47.585583 0.161858 0.171781
47.596449 0.165580 0.173084
47.607316 0.170532 0.173664
47.618182 0.171209 0.173501
47.629048 0.172408 0.172599
47.639915 0.173731 0.170993
47.650781 0.170317 0.168748
47.661648 0.168594 0.165955
47.672514 0.163088 0.162733
47.683381 0.160320 0.159216
47.694247 0.159797 0.155540
47.705114 0.155675 0.151836
47.715980 0.155829 0.148210
47.726846 0.150907 0.144747
47.737713 0.150046 0.141504
47.748579 0.149831 0.138516
47.759446 0.148416 0.135801
47.770312 0.141587 0.133362
47.781179 0.142510 0.131194
47.792045 0.138665 0.129283
47.802912 0.141649 0.127613
47.813778 0.132021 0.126163
47.824644 0.132636 0.124914
47.835511 0.128699 0.123845
47.846377 0.126238 0.122935
47.857244 0.126515 0.122167
47.868110 0.124023 0.121524
47.878977 0.119686 0.120991
47.889843 0.118118 0.120555
47.900709 0.120424 0.120207
47.911576 0.117595 0.119937
47.922442 0.123008 0.119741
47.933309 0.120824 0.119612
47.944175 0.121993 0.119549
47.955042 0.121686 0.119550
47.965908 0.117256 0.119613
47.976775 0.119163 0.119739
47.987641 0.121347 0.119929
47.998507 0.120394 0.120181
48.009374 0.123008 0.120496
48.020240 0.121932 0.120873
48.031107 0.123624 0.121310
48.041973 0.123839 0.121802
48.052840 0.122916 0.122342
48.063706 0.123439 0.122917
48.074573 0.123347 0.123512
48.085439 0.123839 0.124105
48.096305 0.125623 0.124668
48.107172 0.127407 0.125173
48.118038 0.129345 0.125591
48.128905 0.126423 0.125903
48.139771 0.125746 0.126101
48.150638 0.134635 0.126196
48.161504 0.130022 0.126213
48.172370 0.131683 0.126189
48.183237 0.127253 0.126166
48.194103 0.132790 0.126184
48.204970 0.135558 0.126280
48.215836 0.131775 0.126485
48.226703 0.138757 0.126823
48.237569 0.134728 0.127311
48.248436 0.138019 0.127961
48.259302 0.137004 0.128778
48.270168 0.139926 0.129763
48.281035 0.137527 0.130905
48.291901 0.139096 0.132189
48.302768 0.140326 0.133584
48.313634 0.140511 0.135048
48.324501 0.138542 0.136521
48.335367 0.141679 0.137928
48.346234 0.139772 0.139183
48.357100 0.140849 0.140197
48.367966 0.140726 0.140892
48.378833 0.141679 0.141222
48.389699 0.142448 0.141173
48.400566 0.144325 0.140777
48.411432 0.140972 0.140095
48.422299 0.142479 0.139208
48.433165 0.142941 0.138201
48.444031 0.140726 0.137150
48.454898 0.143771 0.136114
48.465764 0.144233 0.135138
48.476631 0.141403 0.134249
48.487497 0.146447 0.133465
48.498364 0.143371 0.132797
48.509230 0.142848 0.132253
48.520097 0.144940 0.131843
48.530963 0.148447 0.131576
48.541829 0.148939 0.131460
48.552696 0.147708 0.131497
48.563562 0.148570 0.131685
48.574429 0.149277 0.132010
48.585295 0.155952 0.132454
48.596162 0.149369 0.132992
48.607028 0.155521 0.133594
48.617895 0.151523 0.134235
48.628761 0.160105 0.134892
48.639627 0.166718 0.135548
48.650494 0.162750 0.136192
48.661360 0.166287 0.136812
48.672227 0.165426 0.137396
48.683093 0.167733 0.137923
48.693960 0.166287 0.138369
48.704826 0.170717 0.138703
48.715692 0.167702 0.138900
48.726559 0.164134 0.138941
48.737425 0.165241 0.138824
48.748292 0.167364 0.138559
48.759158 0.166687 0.138167
48.770025 0.164749 0.137674
48.780891 0.161181 0.137104
48.791758 0.163796 0.136473
48.802624 0.158720 0.135795
48.813490 0.152322 0.135081
48.824357 0.154229 0.134342
48.835223 0.158105 0.133586
48.846090 0.156629 0.132822
48.856956 0.151277 0.132050
48.867823 0.146970 0.131268
48.878689 0.146047 0.130466
48.889556 0.144110 0.129634
48.900422 0.145371 0.128764
48.911288 0.141833 0.127851
48.922155 0.141249 0.126897
48.933021 0.139373 0.125911
48.943888 0.137711 0.124908
48.954754 0.130975 0.123907
48.965621 0.134974 0.122928
48.976487 0.130483 0.121987
48.987353 0.128853 0.121099
48.998220 0.130729 0.120271
49.009086 0.127069 0.119509
49.019953 0.131621 0.118814
49.030819 0.126946 0.118185
49.041686 0.125285 0.117619
49.052552 0.122424 0.117113
49.063419 0.119871 0.116662
49.074285 0.124331 0.116262
49.085151 0.122701 0.115907
49.096018 0.120578 0.115593
49.106884 0.119563 0.115315
49.117751 0.119532 0.115070
49.128617 0.115687 0.114852
49.139484 0.115811 0.114658
49.150350 0.119748 0.114486
49.161217 0.117010 0.114331
49.172083 0.114980 0.114192
49.182949 0.118056 0.114067
49.193816 0.109689 0.113953
49.204682 0.116703 0.113850
49.215549 0.113996 0.113755
49.226415 0.112673 0.113668
49.237282 0.112242 0.113587
49.248148 0.115257 0.113513
49.259014 0.114549 0.113444
49.269881 0.116272 0.113380
49.280747 0.111197 0.113320
49.291614 0.115195 0.113264
49.302480 0.107106 0.113212
49.313347 0.114334 0.113164
49.324213 0.111781 0.113118
49.335080 0.110950 0.113076
49.345946 0.111504 0.113036
49.356812 0.116395 0.113000
49.367679 0.113811 0.112965
49.378545 0.110704 0.112933
49.389412 0.112827 0.112903
49.400278 0.111227 0.112875
49.411145 0.113288 0.112849
49.422011 0.109689 0.112826
49.432878 0.113965 0.112804
49.443744 0.107751 0.112784
49.454610 0.110212 0.112766
49.465477 0.113442 0.112749
49.476343 0.112427 0.112735
49.487210 0.109443 0.112722
49.498076 0.110520 0.112711
49.508943 0.111227 0.112702
49.519809 0.112888 0.112695
49.530676 0.113073 0.112690
49.541542 0.111843 0.112687
49.552408 0.109659 0.112686
49.563275 0.113350 0.112687
49.574141 0.110305 0.112691
49.585008 0.112458 0.112698
49.595874 0.107659 0.112707
49.606741 0.110028 0.112720
49.617607 0.111135 0.112737
49.628473 0.110120 0.112757
49.639340 0.109105 0.112783
49.650206 0.112581 0.112814
49.661073 0.110058 0.112851
49.671939 0.111197 0.112895
49.682806 0.112827 0.112947
49.693672 0.108520 0.113009
49.704539 0.108828 0.113081
49.715405 0.113011 0.113165
49.726271 0.111473 0.113263
49.737138 0.110335 0.113375
49.748004 0.109689 0.113504
49.758871 0.107044 0.113651
49.769737 0.111535 0.113818
49.780604 0.113196 0.114005
49.791470 0.109566 0.114212
49.802336 0.110366 0.114441
49.813203 0.112304 0.114689
49.824069 0.112950 0.114956
49.834936 0.114088 0.115238
49.845802 0.112427 0.115534
49.856669 0.113011 0.115840
49.867535 0.114396 0.116153
49.878402 0.116856 0.116471
49.889268 0.114795 0.116787
49.900134 0.114795 0.117096
49.911001 0.117287 0.117389
49.921867 0.113104 0.117654
49.932734 0.117810 0.117881
49.943600 0.114980 0.118060
49.954467 0.115872 0.118187
49.965333 0.117256 0.118264
49.976200 0.117687 0.118297
49.987066 0.117287 0.118301
49.997932 0.119594 0.118288
50.008799 0.117502 0.118272
50.019665 0.116518 0.118263
50.030532 0.117072 0.118266
50.041398 0.117472 0.118278
50.052265 0.115995 0.118293
50.063131 0.114980 0.118301
50.073997 0.115411 0.118287
50.084864 0.117349 0.118236
50.095730 0.116057 0.118137
50.106597 0.115011 0.117981
50.117463 0.113196 0.117766
50.128330 0.115072 0.117496
50.139196 0.112612 0.117181
50.150063 0.111843 0.116833
50.160929 0.111074 0.116463
50.171795 0.115626 0.116084
50.182662 0.113104 0.115707
50.193528 0.113996 0.115341
50.204395 0.114795 0.114992
50.215261 0.109874 0.114664
50.226128 0.114088 0.114361
50.236994 0.112581 0.114084
50.247861 0.109720 0.113833
50.258727 0.110612 0.113608
50.269593 0.110428 0.113407
50.280460 0.112981 0.113228
50.291326 0.110889 0.113071
50.302193 0.116518 0.112932
50.313059 0.110458 0.112811
50.323926 0.114888 0.112704
50.334792 0.111627 0.112610
50.345658 0.108274 0.112528
50.356525 0.111166 0.112455
50.367391 0.111197 0.112391
50.378258 0.110212 0.112334
50.389124 0.109720 0.112283
50.399991 0.111689 0.112238
50.410857 0.111443 0.112196
50.421724 0.108305 0.112159
50.432590 0.108890 0.112124
50.443456 0.109382 0.112093
50.454323 0.109351 0.112064
50.465189 0.109136 0.112037
50.476056 0.109659 0.112012
50.486922 0.109289 0.111988
50.497789 0.109536 0.111966
50.508655 0.107721 0.111946
50.519522 0.109074 0.111926
50.530388 0.108459 0.111908
50.541254 0.110520 0.111891
50.552121 0.110950 0.111874
50.562987 0.110489 0.111859
50.573854 0.106829 0.111844
50.584720 0.107013 0.111830
50.595587 0.110428 0.111817
50.606453 0.109505 0.111804
50.617320 0.109166 0.111791
50.628186 0.110704 0.111780
50.639052 0.106921 0.111769
50.649919 0.111719 0.111758
50.660785 0.104799 0.111747
50.671652 0.107382 0.111737
50.682518 0.109197 0.111728
50.693385 0.110151 0.111719
50.704251 0.110058 0.111710
50.715117 0.106890 0.111701
50.725984 0.106829 0.111693
50.736850 0.109259 0.111685
50.747717 0.112058 0.111677
50.758583 0.108459 0.111670
50.769450 0.109013 0.111662
50.780316 0.105568 0.111655
50.791183 0.108551 0.111648
50.802049 0.109228 0.111642
50.812915 0.109597 0.111635
50.823782 0.109474 0.111629
50.834648 0.109628 0.111623
50.845515 0.108582 0.111617
50.856381 0.109843 0.111611
50.867248 0.110581 0.111605
50.878114 0.111443 0.111599
50.888980 0.108274 0.111594
50.899847 0.108059 0.111589
50.910713 0.107751 0.111583
50.921580 0.106183 0.111578
50.932446 0.106398 0.111573
50.943313 0.105629 0.111569
50.954179 0.105598 0.111564
50.965046 0.109536 0.111559
50.975912 0.108951 0.111554
50.986778 0.108951 0.111550
50.997645 0.109043 0.111546
51.008511 0.107229 0.111541
51.019378 0.106583 0.111537
51.030244 0.105937 0.111533
51.041111 0.107690 0.111529
51.051977 0.107044 0.111525
51.062844 0.109443 0.111521
51.073710 0.106460 0.111517
51.084576 0.110704 0.111513
51.095443 0.108459 0.111509
51.106309 0.107721 0.111505
51.117176 0.110612 0.111501
51.128042 0.111535 0.111498
51.138909 0.106982 0.111494
51.149775 0.108336 0.111491
51.160641 0.106029 0.111487
51.171508 0.104706 0.111484
51.182374 0.106798 0.111480
51.193241 0.110366 0.111477
51.204107 0.108336 0.111474
51.214974 0.106736 0.111470
51.225840 0.112181 0.111467
51.236707 0.111689 0.111464
51.247573 0.110397 0.111461
51.258439 0.107875 0.111458
51.269306 0.106090 0.111455
51.280172 0.108059 0.111451
51.291039 0.110058 0.111448
51.301905 0.109659 0.111445
51.312772 0.107413 0.111442
51.323638 0.109043 0.111439
51.334505 0.106213 0.111437
51.345371 0.108951 0.111434
51.356237 0.106798 0.111431
51.367104 0.110551 0.111428
51.377970 0.106213 0.111425
51.388837 0.110305 0.111422
51.399703 0.111197 0.111420
51.410570 0.109505 0.111417
51.421436 0.110274 0.111414
51.432302 0.109105 0.111411
51.443169 0.108643 0.111409
51.454035 0.106921 0.111406
51.464902 0.107967 0.111404
51.475768 0.111166 0.111401
51.486635 0.107875 0.111398
51.497501 0.109228 0.111396
51.508368 0.107721 0.111393
51.519234 0.108059 0.111391
51.530100 0.108828 0.111388
51.540967 0.109628 0.111386
51.551833 0.109382 0.111383
51.562700 0.105383 0.111381
51.573566 0.105137 0.111378
51.584433 0.105475 0.111376
51.595299 0.109289 0.111373
51.606166 0.107782 0.111371
51.617032 0.106890 0.111369
51.627898 0.111873 0.111366
51.638765 0.113227 0.111364
51.649631 0.109443 0.111362
51.660498 0.105691 0.111359
51.671364 0.108305 0.111357
51.682231 0.106398 0.111355
51.693097 0.108090 0.111352
51.703964 0.107567 0.111350
51.714830 0.108059 0.111348
51.725696 0.106552 0.111345
51.736563 0.109043 0.111343
51.747429 0.109566 0.111341
51.758296 0.109843 0.111339
51.769162 0.110612 0.111337
51.780029 0.107505 0.111334
51.790895 0.110366 0.111332
51.801761 0.109320 0.111330
51.812628 0.107259 0.111328
51.823494 0.109505 0.111326
51.834361 0.109136 0.111323
51.845227 0.109320 0.111321
51.856094 0.108367 0.111319
51.866960 0.107936 0.111317
51.877827 0.109966 0.111315
51.888693 0.106613 0.111313
51.899559 0.107659 0.111311
51.910426 0.106952 0.111309
51.921292 0.110274 0.111307
51.932159 0.110428 0.111305
51.943025 0.107075 0.111302
51.953892 0.109412 0.111300
51.964758 0.107875 0.111298
51.975624 0.106767 0.111296
51.986491 0.105906 0.111294
51.997357 0.108890 0.111292
52.008224 0.107782 0.111290
52.019090 0.107013 0.111288
52.029957 0.105537 0.111286
52.040823 0.107013 0.111284
52.051690 0.105721 0.111282
52.062556 0.105568 0.111280
52.073422 0.106613 0.111278
52.084289 0.109043 0.111276
52.095155 0.109136 0.111274
52.106022 0.108244 0.111272
52.116888 0.109259 0.111270
52.127755 0.107167 0.111268
52.138621 0.108982 0.111266
52.149488 0.106890 0.111265
52.160354 0.111658 0.111263
52.171220 0.111104 0.111261
52.182087 0.109105 0.111259
52.192953 0.108490 0.111257
52.203820 0.106706 0.111255
52.214686 0.109843 0.111253
52.225553 0.107321 0.111251
52.236419 0.108305 0.111249
52.247285 0.106798 0.111247
52.258152 0.107413 0.111245
52.269018 0.107998 0.111244
52.279885 0.109905 0.111242
52.290751 0.108151 0.111240
52.301618 0.107413 0.111238
52.312484 0.108090 0.111236
52.323351 0.106521 0.111234
52.334217 0.107536 0.111232
52.345083 0.109628 0.111231
52.355950 0.107475 0.111229
52.366816 0.106090 0.111227
52.377683 0.104983 0.111225
52.388549 0.105875 0.111223
52.399416 0.109935 0.111221
52.410282 0.105875 0.111220
52.421149 0.109966 0.111218
52.432015 0.107536 0.111216
52.442881 0.105598 0.111214
52.453748 0.106213 0.111212
52.464614 0.107721 0.111211
52.475481 0.107782 0.111209
52.486347 0.108305 0.111207
52.497214 0.110274 0.111205
52.508080 0.106121 0.111204
52.518946 0.109905 0.111202
52.529813 0.108213 0.111200
52.540679 0.107413 0.111198
52.551546 0.109659 0.111197
52.562412 0.108182 0.111195
52.573279 0.112335 0.111193
52.584145 0.105168 0.111191
52.595012 0.108059 0.111190
52.605878 0.107721 0.111188
52.616744 0.108274 0.111186
52.627611 0.108582 0.111185
52.638477 0.106982 0.111183
52.649344 0.104276 0.111181
52.660210 0.107352 0.111179
52.671077 0.105660 0.111178
52.681943 0.103507 0.111176
52.692810 0.108336 0.111174
52.703676 0.109536 0.111173
52.714542 0.106152 0.111171
52.725409 0.110120 0.111169
52.736275 0.107998 0.111168
52.747142 0.107598 0.111166
52.758008 0.106367 0.111164
52.768875 0.109382 0.111163
52.779741 0.106921 0.111161
52.790608 0.109505 0.111159
52.801474 0.106552 0.111158
52.812340 0.102768 0.111156
52.823207 0.106275 0.111154
52.834073 0.105844 0.111153
52.844940 0.107259 0.111151
52.855806 0.109966 0.111150
52.866673 0.106736 0.111148
52.877539 0.104675 0.111146
52.888405 0.108705 0.111145
52.899272 0.110366 0.111143
52.910138 0.108920 0.111142
52.921005 0.108028 0.111140
52.931871 0.106398 0.111139
52.942738 0.107782 0.111137
52.953604 0.109874 0.111135
52.964471 0.108367 0.111134
52.975337 0.107075 0.111132
52.986203 0.106244 0.111131
52.997070 0.108121 0.111129
53.007936 0.108367 0.111128
53.018803 0.104429 0.111126
53.029669 0.109013 0.111125
53.040536 0.108551 0.111123
53.051402 0.108428 0.111122
53.062268 0.105045 0.111120
53.073135 0.106767 0.111119
53.084001 0.108028 0.111117
53.094868 0.105629 0.111116
53.105734 0.108797 0.111114
53.116601 0.106952 0.111113
53.127467 0.106706 0.111111
53.138334 0.107229 0.111110
53.149200 0.105168 0.111108
53.160066 0.107782 0.111107
53.170933 0.105352 0.111106
53.181799 0.107998 0.111104
53.192666 0.109351 0.111103
53.203532 0.106060 0.111101
53.214399 0.110735 0.111100
53.225265 0.105537 0.111098
53.236132 0.105106 0.111097
53.246998 0.110089 0.111096
53.257864 0.109136 0.111094
53.268731 0.108244 0.111093
53.279597 0.104645 0.111092
53.290464 0.108705 0.111090
53.301330 0.107044 0.111089
53.312197 0.109228 0.111088
53.323063 0.107967 0.111086
53.333929 0.108244 0.111085
53.344796 0.108828 0.111084
53.355662 0.107444 0.111082
53.366529 0.106213 0.111081
53.377395 0.107536 0.111080
53.388262 0.111904 0.111079
53.399128 0.107967 0.111077
53.409995 0.110120 0.111076
53.420861 0.106736 0.111075
53.431727 0.108982 0.111074
53.442594 0.106706 0.111073
53.453460 0.107290 0.111071
53.464327 0.102461 0.111070
53.475193 0.109013 0.111069
53.486060 0.106121 0.111068
53.496926 0.106306 0.111067
53.507793 0.106244 0.111066
53.518659 0.109074 0.111065
53.529525 0.108274 0.111064
53.540392 0.108551 0.111062
53.551258 0.108797 0.111061
53.562125 0.106706 0.111060
53.572991 0.104860 0.111059
53.583858 0.107475 0.111058
53.594724 0.108397 0.111057
53.605590 0.107013 0.111056
53.616457 0.108520 0.111055
53.627323 0.109105 0.111054
53.638190 0.110335 0.111054
53.649056 0.107167 0.111053
53.659923 0.109628 0.111052
53.670789 0.109013 0.111051
53.681656 0.109689 0.111050
53.692522 0.108890 0.111049
53.703388 0.108336 0.111049
53.714255 0.109289 0.111048
53.725121 0.108520 0.111047
53.735988 0.110243 0.111046
53.746854 0.107167 0.111046
53.757721 0.110920 0.111045
53.768587 0.106736 0.111044
53.779454 0.105352 0.111044
53.790320 0.107567 0.111043
53.801186 0.105475 0.111043
53.812053 0.107721 0.111042
53.822919 0.108151 0.111042
53.833786 0.108797 0.111041
53.844652 0.105229 0.111041
53.855519 0.107721 0.111040
53.866385 0.107167 0.111040
53.877251 0.108951 0.111039
53.888118 0.108551 0.111039
53.898984 0.107352 0.111039
53.909851 0.109751 0.111038
53.920717 0.106952 0.111038
53.931584 0.108797 0.111038
53.942450 0.105537 0.111037
53.953317 0.109782 0.111037
53.964183 0.109074 0.111037
53.975049 0.107475 0.111037
53.985916 0.105106 0.111037
53.996782 0.105506 0.111037
54.007649 0.108428 0.111037
54.018515 0.107936 0.111037
54.029382 0.112150 0.111037
54.040248 0.108520 0.111038
54.051115 0.105752 0.111038
54.061981 0.105014 0.111038
54.072847 0.109013 0.111039
54.083714 0.106183 0.111040
54.094580 0.109382 0.111040
54.105447 0.108151 0.111041
54.116313 0.107536 0.111042
54.127180 0.109628 0.111042
54.138046 0.108367 0.111043
54.148912 0.108705 0.111044
54.159779 0.104706 0.111044
54.170645 0.107136 0.111045
54.181512 0.107998 0.111045
54.192378 0.107844 0.111046
54.203245 0.106060 0.111047
54.214111 0.107352 0.111047
54.224978 0.108428 0.111048
54.235844 0.108674 0.111049
54.246710 0.108336 0.111050
54.257577 0.107844 0.111051
54.268443 0.104060 0.111052
54.279310 0.106736 0.111053
54.290176 0.110274 0.111055
54.301043 0.106337 0.111056
54.311909 0.107628 0.111058
54.322776 0.109843 0.111060
54.333642 0.108367 0.111062
54.344508 0.110766 0.111064
54.355375 0.105814 0.111065
54.366241 0.108090 0.111068
54.377108 0.107536 0.111070
54.387974 0.106921 0.111072
54.398841 0.108428 0.111074
54.409707 0.108213 0.111077
54.420573 0.108305 0.111079
54.431440 0.109597 0.111082
54.442306 0.107936 0.111085
54.453173 0.110889 0.111088
54.464039 0.105260 0.111091
54.474906 0.105937 0.111095
54.485772 0.105937 0.111098
54.496639 0.110735 0.111102
54.507505 0.107321 0.111106
54.518371 0.111596 0.111111
54.529238 0.110735 0.111116
54.540104 0.110335 0.111121
54.550971 0.109105 0.111126
54.561837 0.110028 0.111132
54.572704 0.111689 0.111138
54.583570 0.109874 0.111144
54.594437 0.108090 0.111151
54.605303 0.109935 0.111158
54.616169 0.108397 0.111165
54.627036 0.105075 0.111173
54.637902 0.108643 0.111182
54.648769 0.108643 0.111190
54.659635 0.109566 0.111200
54.670502 0.106982 0.111210
54.681368 0.110151 0.111221
54.692234 0.110551 0.111232
54.703101 0.110428 0.111244
54.713967 0.106306 0.111257
54.724834 0.107659 0.111270
54.735700 0.110089 0.111285
54.746567 0.106490 0.111301
54.757433 0.109782 0.111318
54.768300 0.105629 0.111336
54.779166 0.108213 0.111355
54.790032 0.108397 0.111377
54.800899 0.111135 0.111400
54.811765 0.110612 0.111425
54.822632 0.111289 0.111453
54.833498 0.106736 0.111483
54.844365 0.110766 0.111517
54.855231 0.109443 0.111554
54.866098 0.105906 0.111596
54.876964 0.111289 0.111643
54.887830 0.106982 0.111696
54.898697 0.108643 0.111756
54.909563 0.110766 0.111824
54.920430 0.112150 0.111901
54.931296 0.110551 0.111987
54.942163 0.112181 0.112086
54.953029 0.110981 0.112197
54.963895 0.108951 0.112322
54.974762 0.108059 0.112463
54.985628 0.109412 0.112619
54.996495 0.114795 0.112793
55.007361 0.110766 0.112984
55.018228 0.110397 0.113191
55.029094 0.116210 0.113415
55.039961 0.110397 0.113652
55.050827 0.112242 0.113898
55.061693 0.111258 0.114151
55.072560 0.112488 0.114402
55.083426 0.110274 0.114646
55.094293 0.115687 0.114877
55.105159 0.114365 0.115088
55.116026 0.118271 0.115277
55.126892 0.116887 0.115438
55.137759 0.115411 0.115569
55.148625 0.116856 0.115668
55.159491 0.114857 0.115734
55.170358 0.115288 0.115766
55.181224 0.117410 0.115767
55.192091 0.116703 0.115744
55.202957 0.124085 0.115707
55.213824 0.117164 0.115668
55.224690 0.121686 0.115637
55.235556 0.122639 0.115627
55.246423 0.121901 0.115646
55.257289 0.119594 0.115700
55.268156 0.120732 0.115793
55.279022 0.122947 0.115927
55.289889 0.123962 0.116101
55.300755 0.120763 0.116310
55.311622 0.120486 0.116547
55.322488 0.125069 0.116801
55.333354 0.122301 0.117059
55.344221 0.124516 0.117302
55.355087 0.121317 0.117512
55.365954 0.123654 0.117673
55.376820 0.128114 0.117772
55.387687 0.127592 0.117804
55.398553 0.125223 0.117774
55.409420 0.127499 0.117691
55.420286 0.122701 0.117573
55.431152 0.123962 0.117436
55.442019 0.123224 0.117295
55.452885 0.118671 0.117160
55.463752 0.124177 0.117040
55.474618 0.123070 0.116936
55.485485 0.120917 0.116847
55.496351 0.118118 0.116769
55.507217 0.118948 0.116698
55.518084 0.119286 0.116627
55.528950 0.121317 0.116552
55.539817 0.118364 0.116468
55.550683 0.118025 0.116370
55.561550 0.117564 0.116252
55.572416 0.117841 0.116110
55.583283 0.114795 0.115939
55.594149 0.115657 0.115740
55.605015 0.116456 0.115515
55.615882 0.118517 0.115271
55.626748 0.117072 0.115014
55.637615 0.113627 0.114753
55.648481 0.113288 0.114496
55.659348 0.111289 0.114250
55.670214 0.113996 0.114018
55.681081 0.115380 0.113804
55.691947 0.114242 0.113609
55.702813 0.112519 0.113434
55.713680 0.113073 0.113279
55.724546 0.112365 0.113144
55.735413 0.113011 0.113027
55.746279 0.111627 0.112927
55.757146 0.109443 0.112843
55.768012 0.114857 0.112775
55.778878 0.111197 0.112720
55.789745 0.113134 0.112678
55.800611 0.113104 0.112648
55.811478 0.113903 0.112628
55.822344 0.110704 0.112618
55.833211 0.110305 0.112618
55.844077 0.110981 0.112626
55.854944 0.113565 0.112644
55.865810 0.112181 0.112670
55.876676 0.107751 0.112705
55.887543 0.111320 0.112749
55.898409 0.114180 0.112802
55.909276 0.110674 0.112865
55.920142 0.112273 0.112938
55.931009 0.109720 0.113022
55.941875 0.112981 0.113117
55.952742 0.111381 0.113223
55.963608 0.112058 0.113341
55.974474 0.110058 0.113470
55.985341 0.113350 0.113610
55.996207 0.112273 0.113761
56.007074 0.110151 0.113920
56.017940 0.113996 0.114086
56.028807 0.108490 0.114255
56.039673 0.109659 0.114424
56.050539 0.113380 0.114586
56.061406 0.112396 0.114738
56.072272 0.114180 0.114872
56.083139 0.110489 0.114988
56.094005 0.113134 0.115083
56.104872 0.112704 0.115160
56.115738 0.109566 0.115223
56.126605 0.117595 0.115281
56.137471 0.113842 0.115339
56.148337 0.112427 0.115407
56.159204 0.113073 0.115490
56.170070 0.115195 0.115595
56.180937 0.118118 0.115726
56.191803 0.116210 0.115889
56.202670 0.116180 0.116087
56.213536 0.116887 0.116323
56.224403 0.119133 0.116601
56.235269 0.120886 0.116922
56.246135 0.115564 0.117289
56.257002 0.122178 0.117702
56.267868 0.118794 0.118164
56.278735 0.118948 0.118672
56.289601 0.121532 0.119226
56.300468 0.121747 0.119822
56.311334 0.120271 0.120454
56.322200 0.122024 0.121114
56.333067 0.122731 0.121792
56.343933 0.122147 0.122473
56.354800 0.123654 0.123147
56.365666 0.120548 0.123804
56.376533 0.123193 0.124445
56.387399 0.122762 0.125076
56.398266 0.123747 0.125718
56.409132 0.122639 0.126397
56.419998 0.126330 0.127149
56.430865 0.125531 0.128008
56.441731 0.124577 0.129010
56.452598 0.129806 0.130187
56.463464 0.129652 0.131565
56.474331 0.126392 0.133168
56.485197 0.130944 0.135015
56.496064 0.132575 0.137116
56.506930 0.134205 0.139476
56.517796 0.137958 0.142089
56.528663 0.138911 0.144937
56.539529 0.141956 0.147984
56.550396 0.145494 0.151173
56.561262 0.149462 0.154426
56.572129 0.157982 0.157643
56.582995 0.163273 0.160713
56.593861 0.169886 0.163527
56.604728 0.173454 0.166002
56.615594 0.182159 0.168099
56.626461 0.181452 0.169829
56.637327 0.189603 0.171248
56.648194 0.196863 0.172436
56.659060 0.198154 0.173473
56.669927 0.200400 0.174412
56.680793 0.204583 0.175268
56.691659 0.206890 0.176014
56.702526 0.205383 0.176594
56.713392 0.203168 0.176941
56.724259 0.195632 0.177006
56.735125 0.188619 0.176771
56.745992 0.183205 0.176262
56.756858 0.178284 0.175535
56.767725 0.177176 0.174657
56.778591 0.172562 0.173680
56.789457 0.170471 0.172622
56.800324 0.167056 0.171462
56.811190 0.167210 0.170138
56.822057 0.163242 0.168571
56.832923 0.160197 0.166681
56.843790 0.163088 0.164419
56.854656 0.157029 0.161782
56.865522 0.150046 0.158816
56.876389 0.149646 0.155607
56.887255 0.143494 0.152260
56.898122 0.140357 0.148883
56.908988 0.135189 0.145568
56.919855 0.132390 0.142385
56.930721 0.129499 0.139385
56.941588 0.127991 0.136598
56.952454 0.124915 0.134039
56.963320 0.123931 0.131712
56.974187 0.120424 0.129613
56.985053 0.120363 0.127732
56.995920 0.117748 0.126056
57.006786 0.114088 0.124570
57.017653 0.114795 0.123257
57.028519 0.116149 0.122100
57.039386 0.112550 0.121083
57.050252 0.115288 0.120190
57.061118 0.117748 0.119406
57.071985 0.114980 0.118716
57.082851 0.115072 0.118108
57.093718 0.112488 0.117570
57.104584 0.111904 0.117092
57.115451 0.112796 0.116667
57.126317 0.112119 0.116285
57.137183 0.112150 0.115942
57.148050 0.112150 0.115631
57.158916 0.112365 0.115348
57.169783 0.108828 0.115090
57.180649 0.111473 0.114853
57.191516 0.111719 0.114635
57.202382 0.112488 0.114433
57.213249 0.105537 0.114247
57.224115 0.112242 0.114074
57.234981 0.115042 0.113913
57.245848 0.110920 0.113763
57.256714 0.111627 0.113623
57.267581 0.106982 0.113493
57.278447 0.112273 0.113371
57.289314 0.110950 0.113257
57.300180 0.112365 0.113151
57.311047 0.111473 0.113051
57.321913 0.112858 0.112958
57.332779 0.107321 0.112872
57.343646 0.107905 0.112791
57.354512 0.111566 0.112717
57.365379 0.111996 0.112648
57.376245 0.110274 0.112584
57.387112 0.109812 0.112526
57.397978 0.108367 0.112473
57.408845 0.110089 0.112426
57.419711 0.109935 0.112384
57.430577 0.110766 0.112347
57.441444 0.112827 0.112317
57.452310 0.107382 0.112291
57.463177 0.110458 0.112272
57.474043 0.109105 0.112259
57.484910 0.112642 0.112251
57.495776 0.109474 0.112250
57.506642 0.109105 0.112254
57.517509 0.109659 0.112264
57.528375 0.110489 0.112280
57.539242 0.111627 0.112300
57.550108 0.112335 0.112324
57.560975 0.111535 0.112351
57.571841 0.110766 0.112379
57.582708 0.109536 0.112408
57.593574 0.110028 0.112436
57.604440 0.108736 0.112464
57.615307 0.110151 0.112493
57.626173 0.112765 0.112522
57.637040 0.108859 0.112556
57.647906 0.106121 0.112596
57.658773 0.107259 0.112643
57.669639 0.112458 0.112700
57.680505 0.112827 0.112767
57.691372 0.109351 0.112844
57.702238 0.110520 0.112931
57.713105 0.112981 0.113025
57.723971 0.111966 0.113125
57.734838 0.112981 0.113230
57.745704 0.110335 0.113336
57.756571 0.110674 0.113443
57.767437 0.113257 0.113546
57.778303 0.111043 0.113641
57.789170 0.112581 0.113724
57.800036 0.114980 0.113788
57.810903 0.110858 0.113826
57.821769 0.109412 0.113836
57.832636 0.112827 0.113813
57.843502 0.113196 0.113760
57.854369 0.115534 0.113683
57.865235 0.111596 0.113587
57.876101 0.109289 0.113483
57.886968 0.113688 0.113378
57.897834 0.116118 0.113280
57.908701 0.113042 0.113195
57.919567 0.111443 0.113126
57.930434 0.111227 0.113077
57.941300 0.110920 0.113048
57.952166 0.111473 0.113041
57.963033 0.116487 0.113053
57.973899 0.110950 0.113084
57.984766 0.111566 0.113131
57.995632 0.116118 0.113191
58.006499 0.112242 0.113263
58.017365 0.110766 0.113344
58.028232 0.110089 0.113430
58.039098 0.109935 0.113516
58.049964 0.113534 0.113598
58.060831 0.110643 0.113667
58.071697 0.113196 0.113717
58.082564 0.114180 0.113738
58.093430 0.111935 0.113725
58.104297 0.109289 0.113673
58.115163 0.109443 0.113584
58.126030 0.112181 0.113459
58.136896 0.112765 0.113306
58.147762 0.109443 0.113131
58.158629 0.111443 0.112943
58.169495 0.106429 0.112750
58.180362 0.110766 0.112557
58.191228 0.108890 0.112369
58.202095 0.111904 0.112190
58.212961 0.109351 0.112023
58.223827 0.109782 0.111868
58.234694 0.109320 0.111727
58.245560 0.108951 0.111600
58.256427 0.110551 0.111486
58.267293 0.108674 0.111384
58.278160 0.105598 0.111295
58.289026 0.114334 0.111216
58.299893 0.105568 0.111148
58.310759 0.110581 0.111089
58.321625 0.110797 0.111039
58.332492 0.108090 0.110996
58.343358 0.111781 0.110960
58.354225 0.109628 0.110930
58.365091 0.109474 0.110905
58.375958 0.109197 0.110887
58.386824 0.104706 0.110873
58.397691 0.109320 0.110864
58.408557 0.109443 0.110860
58.419423 0.106890 0.110861
58.430290 0.110366 0.110866
58.441156 0.113719 0.110877
58.452023 0.108274 0.110893
58.462889 0.108890 0.110915
58.473756 0.106613 0.110942
58.484622 0.110181 0.110976
58.495489 0.109474 0.111015
58.506355 0.108397 0.111061
58.517221 0.107013 0.111113
58.528088 0.110028 0.111172
58.538954 0.109228 0.111235
58.549821 0.111289 0.111304
58.560687 0.111596 0.111375
58.571554 0.114088 0.111447
58.582420 0.110151 0.111518
58.593286 0.110520 0.111585
58.604153 0.111074 0.111645
58.615019 0.110458 0.111695
58.625886 0.108951 0.111734
58.636752 0.111412 0.111762
58.647619 0.114734 0.111781
58.658485 0.112765 0.111795
58.669352 0.112950 0.111805
58.680218 0.113750 0.111817
58.691084 0.110766 0.111833
58.701951 0.110858 0.111854
58.712817 0.112888 0.111883
58.723684 0.109874 0.111920
58.734550 0.111996 0.111962
58.745417 0.108244 0.112009
58.756283 0.114057 0.112057
58.767149 0.111350 0.112103
58.778016 0.111012 0.112145
58.788882 0.108797 0.112181
58.799749 0.110366 0.112211
58.810615 0.112304 0.112237
58.821482 0.114703 0.112261
58.832348 0.112365 0.112289
58.843215 0.114549 0.112325
58.854081 0.113842 0.112371
58.864947 0.110520 0.112430
58.875814 0.118456 0.112505
58.886680 0.110489 0.112594
58.897547 0.115134 0.112695
58.908413 0.113011 0.112806
58.919280 0.113227 0.112919
58.930146 0.117441 0.113028
58.941013 0.108643 0.113122
58.951879 0.111258 0.113192
58.962745 0.113473 0.113227
58.973612 0.111719 0.113221
58.984478 0.112150 0.113169
58.995345 0.110981 0.113073
59.006211 0.113042 0.112938
59.017078 0.112089 0.112773
59.027944 0.110581 0.112589
59.038810 0.112827 0.112393
59.049677 0.109782 0.112194
59.060543 0.111258 0.111998
59.071410 0.111904 0.111810
59.082276 0.110181 0.111633
59.093143 0.109074 0.111468
59.104009 0.110612 0.111317
59.114876 0.110766 0.111180
59.125742 0.108859 0.111056
59.136608 0.112765 0.110945
59.147475 0.106275 0.110846
59.158341 0.111566 0.110759
59.169208 0.109443 0.110682
59.180074 0.107075 0.110614
59.190941 0.107936 0.110555
59.201807 0.108767 0.110503
59.212674 0.109259 0.110457
59.223540 0.111320 0.110417
59.234406 0.107505 0.110381
59.245273 0.111473 0.110350
59.256139 0.106090 0.110322
59.267006 0.113534 0.110296
59.277872 0.111166 0.110273
59.288739 0.108213 0.110253
59.299605 0.112673 0.110234
59.310471 0.111197 0.110217
59.321338 0.109812 0.110201
59.332204 0.106890 0.110186
59.343071 0.108397 0.110172
59.353937 0.107905 0.110159
59.364804 0.107967 0.110147
59.375670 0.109966 0.110136
59.386537 0.105998 0.110125
59.397403 0.108920 0.110115
59.408269 0.109197 0.110106
59.419136 0.108767 0.110097
59.430002 0.109782 0.110088
59.440869 0.106337 0.110080
59.451735 0.112027 0.110073
59.462602 0.111197 0.110065
59.473468 0.108613 0.110059
59.484335 0.109874 0.110052
59.495201 0.110889 0.110046
59.506067 0.111566 0.110040
59.516934 0.109812 0.110034
59.527800 0.109197 0.110028
59.538667 0.108367 0.110023
59.549533 0.109874 0.110018
59.560400 0.109566 0.110013
59.571266 0.107321 0.110009
59.582133 0.111781 0.110004
59.592999 0.108428 0.110000
59.603865 0.108613 0.109996
59.614732 0.110950 0.109992
59.625598 0.107013 0.109988
59.636465 0.109166 0.109985
59.647331 0.108367 0.109981
59.658198 0.106829 0.109978
59.669064 0.109105 0.109975
59.679930 0.109320 0.109972
59.690797 0.108982 0.109969
59.701663 0.107813 0.109966
59.712530 0.109197 0.109963
59.723396 0.105875 0.109961
59.734263 0.109320 0.109958
59.745129 0.108274 0.109956
59.755996 0.108490 0.109953
59.766862 0.109782 0.109951
59.777728 0.104952 0.109949
59.788595 0.108028 0.109947
59.799461 0.105568 0.109945
59.810328 0.110950 0.109943
59.821194 0.111904 0.109942
59.832061 0.109751 0.109940
59.842927 0.105998 0.109939
59.853793 0.104337 0.109937
59.864660 0.110366 0.109936
59.875526 0.106060 0.109934
59.886393 0.108920 0.109933
59.897259 0.108613 0.109932
59.908126 0.109597 0.109931
59.918992 0.107628 0.109930
59.929859 0.114365 0.109929
59.940725 0.102399 0.109928
59.951591 0.106982 0.109927
59.962458 0.111781 0.109927
59.973324 0.110212 0.109926
59.984191 0.106767 0.109926
59.995057 0.109474 0.109925
60.005924 0.110428 0.109925
60.016790 0.109228 0.109924
60.027657 0.108151 0.109924
60.038523 0.107690 0.109924
60.049389 0.107567 0.109924
60.060256 0.108951 0.109924
60.071122 0.106306 0.109924
60.081989 0.110458 0.109924
60.092855 0.106982 0.109924
60.103722 0.107106 0.109924
60.114588 0.107998 0.109924
60.125454 0.108551 0.109925
60.136321 0.106306 0.109925
60.147187 0.106183 0.109926
60.158054 0.107967 0.109926
60.168920 0.108828 0.109927
60.179787 0.107659 0.109928
60.190653 0.108613 0.109929
60.201520 0.106644 0.109929
60.212386 0.104706 0.109930
60.223252 0.107690 0.109931
60.234119 0.108182 0.109933
60.244985 0.108336 0.109934
60.255852 0.106521 0.109935
60.266718 0.110335 0.109936
60.277585 0.110858 0.109938
60.288451 0.109320 0.109939
60.299318 0.105752 0.109941
60.310184 0.109628 0.109942
60.321050 0.109228 0.109944
60.331917 0.103445 0.109946
60.342783 0.109505 0.109948
60.353650 0.109905 0.109950
60.364516 0.106306 0.109952
60.375383 0.109443 0.109954
60.386249 0.108336 0.109956
60.397115 0.108244 0.109959
60.407982 0.106767 0.109961
60.418848 0.107844 0.109964
60.429715 0.108951 0.109966
60.440581 0.107013 0.109969
60.451448 0.110058 0.109972
60.462314 0.108982 0.109975
60.473181 0.110551 0.109977
60.484047 0.108182 0.109981
60.494913 0.110089 0.109984
60.505780 0.112581 0.109987
60.516646 0.107998 0.109990
60.527513 0.107690 0.109994
60.538379 0.110366 0.109997
60.549246 0.110704 0.110001
60.560112 0.111904 0.110005
60.570979 0.109351 0.110009
60.581845 0.109289 0.110013
60.592711 0.109782 0.110017
60.603578 0.107106 0.110021
60.614444 0.108244 0.110025
60.625311 0.110674 0.110030
60.636177 0.109166 0.110034
60.647044 0.111535 0.110039
60.657910 0.110397 0.110044
60.668776 0.111996 0.110049
60.679643 0.110458 0.110054
60.690509 0.111197 0.110059
60.701376 0.108643 0.110064
60.712242 0.112304 0.110070
60.723109 0.106490 0.110075
60.733975 0.109443 0.110081
60.744842 0.113780 0.110087
60.755708 0.108274 0.110093
60.766574 0.112888 0.110099
60.777441 0.109659 0.110105
60.788307 0.110643 0.110112
60.799174 0.110735 0.110119
60.810040 0.108490 0.110125
60.820907 0.110643 0.110132
60.831773 0.112242 0.110139
60.842640 0.108397 0.110147
60.853506 0.112119 0.110154
60.864372 0.110212 0.110162
60.875239 0.109259 0.110170
60.886105 0.107751 0.110178
60.896972 0.106121 0.110186
60.907838 0.106613 0.110194
60.918705 0.108213 0.110203
60.929571 0.107936 0.110211
60.940437 0.112089 0.110220
60.951304 0.105537 0.110229
60.962170 0.109997 0.110239
60.973037 0.110489 0.110248
60.983903 0.111381 0.110258
60.994770 0.108920 0.110268
61.005636 0.111381 0.110278
61.016503 0.108951 0.110289
61.027369 0.111135 0.110300
61.038235 0.109136 0.110311
61.049102 0.108028 0.110322
61.059968 0.111658 0.110334
61.070835 0.109043 0.110345
61.081701 0.109259 0.110357
61.092568 0.112089 0.110370
61.103434 0.110950 0.110383
61.114301 0.110797 0.110396
61.125167 0.110151 0.110409
61.136033 0.111227 0.110422
61.146900 0.113473 0.110436
61.157766 0.107352 0.110451
61.168633 0.109074 0.110465
61.179499 0.109935 0.110480
61.190366 0.107905 0.110496
61.201232 0.110612 0.110511
61.212098 0.110151 0.110527
61.222965 0.109166 0.110544
61.233831 0.112058 0.110560
61.244698 0.114180 0.110577
61.255564 0.110489 0.110595
61.266431 0.111627 0.110612
61.277297 0.109074 0.110630
61.288164 0.108705 0.110648
61.299030 0.109320 0.110666
61.309896 0.110151 0.110685
61.320763 0.110028 0.110705
61.331629 0.109166 0.110724
61.342496 0.110674 0.110745
61.353362 0.111781 0.110765
61.364229 0.110920 0.110787
61.375095 0.109843 0.110809
61.385962 0.116026 0.110831
61.396828 0.110551 0.110854
61.407694 0.110181 0.110878
61.418561 0.112519 0.110903
61.429427 0.111843 0.110928
61.440294 0.109351 0.110954
61.451160 0.108428 0.110980
61.462027 0.108182 0.111008
61.472893 0.113688 0.111036
61.483759 0.110120 0.111064
61.494626 0.110305 0.111094
61.505492 0.112858 0.111124
61.516359 0.113504 0.111155
61.527225 0.110704 0.111186
61.538092 0.115072 0.111218
61.548958 0.114211 0.111251
61.559825 0.112581 0.111284
61.570691 0.109505 0.111319
61.581557 0.110643 0.111354
61.592424 0.110766 0.111390
61.603290 0.112796 0.111427
61.614157 0.111443 0.111465
61.625023 0.114211 0.111504
61.635890 0.112089 0.111544
61.646756 0.111412 0.111585
61.657623 0.110458 0.111627
61.668489 0.108213 0.111670
61.679355 0.111935 0.111715
61.690222 0.110674 0.111760
61.701088 0.113042 0.111806
61.711955 0.111904 0.111853
61.722821 0.113750 0.111901
61.733688 0.109566 0.111951
61.744554 0.112150 0.112001
61.755420 0.111104 0.112053
61.766287 0.114549 0.112106
61.777153 0.112089 0.112160
61.788020 0.112550 0.112216
61.798886 0.110581 0.112274
61.809753 0.110889 0.112333
61.820619 0.107075 0.112395
61.831486 0.110766 0.112458
61.842352 0.112242 0.112524
61.853218 0.108490 0.112592
61.864085 0.111658 0.112662
61.874951 0.114795 0.112734
61.885818 0.111689 0.112808
61.896684 0.114273 0.112885
61.907551 0.113903 0.112964
61.918417 0.110489 0.113045
61.929284 0.112119 0.113129
61.940150 0.110950 0.113216
61.951016 0.114396 0.113305
61.961883 0.114611 0.113397
61.972749 0.112642 0.113493
61.983616 0.114918 0.113591
61.994482 0.111504 0.113693
62.005349 0.113903 0.113799
62.016215 0.110674 0.113908
62.027081 0.116057 0.114021
62.037948 0.116733 0.114138
62.048814 0.112365 0.114260
62.059681 0.111012 0.114386
62.070547 0.114980 0.114516
62.081414 0.114918 0.114652
62.092280 0.116087 0.114792
62.103147 0.113104 0.114938
62.114013 0.113196 0.115090
62.124879 0.115103 0.115247
62.135746 0.115072 0.115411
62.146612 0.116672 0.115581
62.157479 0.117871 0.115758
62.168345 0.113719 0.115942
62.179212 0.115964 0.116134
62.190078 0.117195 0.116334
62.200945 0.117656 0.116542
62.211811 0.114119 0.116759
62.222677 0.119563 0.116986
62.233544 0.120578 0.117222
62.244410 0.119686 0.117469
62.255277 0.117472 0.117727
62.266143 0.117225 0.117996
62.277010 0.119871 0.118279
62.287876 0.120394 0.118574
62.298742 0.121655 0.118884
62.309609 0.123347 0.119208
62.320475 0.119471 0.119548
62.331342 0.120701 0.119906
62.342208 0.124208 0.120281
62.353075 0.123377 0.120676
62.363941 0.125500 0.121092
62.374808 0.122762 0.121530
62.385674 0.127099 0.121991
62.396540 0.123962 0.122478
62.407407 0.126607 0.122992
62.418273 0.125684 0.123535
62.429140 0.130514 0.124110
62.440006 0.126853 0.124719
62.450873 0.132144 0.125365
62.461739 0.133282 0.126051
62.472606 0.134943 0.126780
62.483472 0.133313 0.127555
62.494338 0.136789 0.128382
62.505205 0.137773 0.129264
62.516071 0.138727 0.130206
62.526938 0.137958 0.131216
62.537804 0.137681 0.132298
62.548671 0.140480 0.133462
62.559537 0.147093 0.134717
62.570403 0.150231 0.136072
62.581270 0.143494 0.137540
62.592136 0.153368 0.139137
62.603003 0.148385 0.140880
62.613869 0.155952 0.142789
62.624736 0.160781 0.144891
62.635602 0.162934 0.147215
62.646469 0.172224 0.149797
62.657335 0.171547 0.152680
62.668201 0.172501 0.155914
62.679068 0.176223 0.159556
62.689934 0.183759 0.163676
62.700801 0.187235 0.168349
62.711667 0.193479 0.173664
62.722534 0.200031 0.179718
62.733400 0.204245 0.186618
62.744267 0.215534 0.194480
62.755133 0.227376 0.203426
62.765999 0.234143 0.213582
62.776866 0.249185 0.225077
62.787732 0.261673 0.238032
62.798599 0.273424 0.252559
62.809465 0.287758 0.268749
62.820332 0.306152 0.286660
62.831198 0.331990 0.306300
62.842064 0.339003 0.327609
62.852931 0.360997 0.350438
62.863797 0.387758 0.374523
62.874664 0.396094 0.399477
62.885530 0.420824 0.424780
62.896397 0.441556 0.449804
62.907263 0.451646 0.473854
62.918130 0.470994 0.496222
62.928996 0.481944 0.516257
62.939862 0.485512 0.533416
62.950729 0.486896 0.547297
62.961595 0.486281 0.557635
62.972462 0.484559 0.564274
62.983328 0.477330 0.567121
62.994195 0.471486 0.566096
63.005061 0.465272 0.561105
63.015928 0.450815 0.552063
63.026794 0.440603 0.538965
63.037660 0.431098 0.521984
63.048527 0.413350 0.501538
63.059393 0.416057 0.478296
63.070260 0.406490 0.453106
63.081126 0.394740 0.426875
63.091993 0.389449 0.400457
63.102859 0.382067 0.374572
63.113725 0.375884 0.349771
63.124592 0.363919 0.326431
63.135458 0.355491 0.304785
63.146325 0.339988 0.284947
63.157191 0.330791 0.266943
63.168058 0.320763 0.250737
63.178924 0.307075 0.236249
63.189791 0.289695 0.223374
63.200657 0.270102 0.211987
63.211523 0.260043 0.201956
63.222390 0.250261 0.193146
63.233256 0.241495 0.185424
63.244123 0.229960 0.178663
63.254989 0.219071 0.172743
63.265856 0.214365 0.167555
63.276722 0.202030 0.162999
63.287589 0.196678 0.158987
63.298455 0.190957 0.155441
63.309321 0.186773 0.152294
63.320188 0.178038 0.149487
63.331054 0.169425 0.146971
63.341921 0.166287 0.144706
63.352787 0.166380 0.142657
63.363654 0.156844 0.140795
63.374520 0.154783 0.139096
63.385386 0.153676 0.137539
63.396253 0.153091 0.136110
63.407119 0.149062 0.134793
63.417986 0.144940 0.133577
63.428852 0.139342 0.132453
63.439719 0.140234 0.131412
63.450585 0.140172 0.130447
63.461452 0.143587 0.129553
63.472318 0.137927 0.128724
63.483184 0.135189 0.127955
63.494051 0.139588 0.127243
63.504917 0.134174 0.126584
63.515784 0.134359 0.125975
63.526650 0.132052 0.125413
63.537517 0.128022 0.124895
63.548383 0.131590 0.124419
63.559250 0.130852 0.123981
63.570116 0.131713 0.123579
63.580982 0.127438 0.123208
63.591849 0.128237 0.122866
63.602715 0.127715 0.122547
63.613582 0.125438 0.122247
63.624448 0.121470 0.121962
63.635315 0.128545 0.121686
63.646181 0.126823 0.121418
63.657047 0.126915 0.121155
63.667914 0.118733 0.120896
63.678780 0.123193 0.120640
63.689647 0.122178 0.120388
63.700513 0.123224 0.120141
63.711380 0.122024 0.119900
63.722246 0.121378 0.119667
63.733113 0.124177 0.119444
63.743979 0.119932 0.119231
63.754845 0.121286 0.119031
63.765712 0.120701 0.118843
63.776578 0.123439 0.118667
63.787445 0.119563 0.118503
63.798311 0.121255 0.118352
63.809178 0.121009 0.118215
63.820044 0.120640 0.118095
63.830911 0.119194 0.117995
63.841777 0.123624 0.117919
63.852643 0.123777 0.117870
63.863510 0.121563 0.117852
63.874376 0.125531 0.117867
63.885243 0.123316 0.117915
63.896109 0.125192 0.117998
63.906976 0.125254 0.118114
63.917842 0.124054 0.118260
63.928708 0.122239 0.118434
63.939575 0.124023 0.118629
63.950441 0.123593 0.118843
63.961308 0.123870 0.119070
63.972174 0.122824 0.119304
63.983041 0.127099 0.119540
63.993907 0.126453 0.119768
64.004774 0.125346 0.119980
64.015640 0.124023 0.120167
64.026506 0.125746 0.120317
64.037373 0.125469 0.120422
64.048239 0.125500 0.120476
64.059106 0.124885 0.120478
64.069972 0.122147 0.120428
64.080839 0.126330 0.120330
64.091705 0.123039 0.120189
64.102572 0.128484 0.120014
64.113438 0.126054 0.119811
64.124304 0.125469 0.119589
64.135171 0.125408 0.119355
64.146037 0.123039 0.119119
64.156904 0.121778 0.118889
64.167770 0.123377 0.118673
64.178637 0.121932 0.118476
64.189503 0.124454 0.118304
64.200369 0.123747 0.118153
64.211236 0.123224 0.118023
64.222102 0.122455 0.117906
64.232969 0.121255 0.117794
64.243835 0.125623 0.117680
64.254702 0.120424 0.117559
64.265568 0.121716 0.117426
64.276435 0.120794 0.117281
64.287301 0.120424 0.117124
64.298167 0.120086 0.116955
64.309034 0.120424 0.116775
64.319900 0.120517 0.116580
64.330767 0.113934 0.116368
64.341633 0.119655 0.116133
64.352500 0.121778 0.115873
64.363366 0.118640 0.115589
64.374233 0.118979 0.115282
64.385099 0.116887 0.114959
64.395965 0.119594 0.114628
64.406832 0.116703 0.114296
64.417698 0.118825 0.113971
64.428565 0.113380 0.113658
64.439431 0.114119 0.113361
64.450298 0.111843 0.113083
64.461164 0.113934 0.112826
64.472031 0.114734 0.112590
64.482897 0.114334 0.112374
64.493763 0.111535 0.112178
64.504630 0.112735 0.112002
64.515496 0.115503 0.111843
64.526363 0.115257 0.111700
64.537229 0.113596 0.111573
64.548096 0.114396 0.111461
64.558962 0.113780 0.111361
64.569828 0.112150 0.111273
64.580695 0.111473 0.111196
64.591561 0.113319 0.111129
64.602428 0.112427 0.111072
64.613294 0.114765 0.111024
64.624161 0.111258 0.110984
64.635027 0.111658 0.110953
64.645894 0.111812 0.110929
64.656760 0.109505 0.110913
64.667626 0.112827 0.110904
64.678493 0.112427 0.110902
64.689359 0.111843 0.110908
64.700226 0.113996 0.110919
64.711092 0.112981 0.110936
64.721959 0.113903 0.110959
64.732825 0.111289 0.110985
64.743691 0.112058 0.111015
64.754558 0.110981 0.111046
64.765424 0.115318 0.111077
64.776291 0.112519 0.111106
64.787157 0.113011 0.111132
64.798024 0.113996 0.111152
64.808890 0.111596 0.111164
64.819757 0.114795 0.111168
64.830623 0.112212 0.111161
64.841489 0.112858 0.111144
64.852356 0.110520 0.111117
64.863222 0.110920 0.111081
64.874089 0.111443 0.111038
64.884955 0.114057 0.110990
64.895822 0.111781 0.110940
64.906688 0.114426 0.110891
64.917555 0.116487 0.110844
64.928421 0.112273 0.110801
64.939287 0.113903 0.110763
64.950154 0.114057 0.110730
64.961020 0.115072 0.110703
64.971887 0.113873 0.110681
64.982753 0.109843 0.110664
64.993620 0.113657 0.110653
65.004486 0.115964 0.110648
65.015353 0.116979 0.110650
65.026219 0.112058 0.110660
65.037085 0.113780 0.110679
65.047952 0.113227 0.110707
65.058818 0.112304 0.110745
65.069685 0.115872 0.110792
65.080551 0.113042 0.110848
65.091418 0.114734 0.110912
65.102284 0.116826 0.110982
65.113150 0.113780 0.111056
65.124017 0.118118 0.111132
65.134883 0.114857 0.111206
65.145750 0.116826 0.111276
65.156616 0.114703 0.111340
65.167483 0.114795 0.111394
65.178349 0.117441 0.111439
65.189216 0.114734 0.111476
65.200082 0.112396 0.111505
65.210948 0.112581 0.111528
65.221815 0.114303 0.111548
65.232681 0.114795 0.111566
65.243548 0.113350 0.111579
65.254414 0.112642 0.111588
65.265281 0.112796 0.111590
65.276147 0.113380 0.111580
65.287014 0.112365 0.111557
65.297880 0.116303 0.111518
65.308746 0.118733 0.111462
65.319613 0.115411 0.111393
65.330479 0.112427 0.111311
65.341346 0.114026 0.111223
65.352212 0.114980 0.111132
65.363079 0.115657 0.111042
65.373945 0.108151 0.110957
65.384811 0.113565 0.110878
65.395678 0.111843 0.110807
65.406544 0.109782 0.110744
65.417411 0.113596 0.110689
65.428277 0.110827 0.110640
65.439144 0.111473 0.110595
65.450010 0.114734 0.110550
65.460877 0.111689 0.110503
65.471743 0.108797 0.110451
65.482609 0.108982 0.110393
65.493476 0.111473 0.110328
65.504342 0.112581 0.110256
65.515209 0.110243 0.110180
65.526075 0.109874 0.110101
65.536942 0.110089 0.110022
65.547808 0.114303 0.109944
65.558674 0.111320 0.109871
65.569541 0.110243 0.109802
65.580407 0.111320 0.109738
65.591274 0.111935 0.109681
65.602140 0.107967 0.109630
65.613007 0.111627 0.109585
65.623873 0.111658 0.109548
65.634740 0.108520 0.109516
65.645606 0.110643 0.109491
65.656472 0.111443 0.109473
65.667339 0.109043 0.109461
65.678205 0.111197 0.109456
65.689072 0.114457 0.109457
65.699938 0.112673 0.109465
65.710805 0.113442 0.109479
65.721671 0.112488 0.109499
65.732538 0.113442 0.109526
65.743404 0.112181 0.109559
65.754270 0.110335 0.109598
65.765137 0.112735 0.109643
65.776003 0.108920 0.109694
65.786870 0.113811 0.109749
65.797736 0.111966 0.109807
65.808603 0.110581 0.109867
65.819469 0.113565 0.109926
65.830336 0.111966 0.109983
65.841202 0.108951 0.110033
65.852068 0.109474 0.110074
65.862935 0.109382 0.110102
65.873801 0.108828 0.110117
65.884668 0.107167 0.110118
65.895534 0.108828 0.110105
65.906401 0.113473 0.110082
65.917267 0.113780 0.110052
65.928133 0.111535 0.110017
65.939000 0.110643 0.109982
65.949866 0.112212 0.109949
65.960733 0.114149 0.109920
65.971599 0.115288 0.109898
65.982466 0.111443 0.109884
65.993332 0.116856 0.109879
66.004199 0.113442 0.109884
66.015065 0.110735 0.109900
66.025931 0.106398 0.109929
66.036798 0.109751 0.109970
66.047664 0.113780 0.110024
66.058531 0.107936 0.110093
66.069397 0.109289 0.110177
66.080264 0.109536 0.110276
66.091130 0.111627 0.110391
66.101996 0.110120 0.110523
66.112863 0.112950 0.110672
66.123729 0.114642 0.110837
66.134596 0.111443 0.111019
66.145462 0.113780 0.111217
66.156329 0.110981 0.111428
66.167195 0.109966 0.111649
66.178062 0.114057 0.111878
66.188928 0.112181 0.112108
66.199794 0.110212 0.112335
66.210661 0.113903 0.112554
66.221527 0.111443 0.112762
66.232394 0.113288 0.112958
66.243260 0.111689 0.113145
66.254127 0.112519 0.113329
66.264993 0.115872 0.113516
66.275860 0.113504 0.113714
66.286726 0.111658 0.113931
66.297592 0.113873 0.114170
66.308459 0.114057 0.114434
66.319325 0.111596 0.114723
66.330192 0.118979 0.115029
66.341058 0.110520 0.115345
66.351925 0.119655 0.115659
66.362791 0.114365 0.115956
66.373658 0.117841 0.116222
66.384524 0.120301 0.116445
66.395390 0.120025 0.116621
66.406257 0.122393 0.116749
66.417123 0.123931 0.116837
66.427990 0.123993 0.116898
66.438856 0.119902 0.116945
66.449723 0.121317 0.116993
66.460589 0.124146 0.117049
66.471455 0.120086 0.117117
66.482322 0.122301 0.117195
66.493188 0.117533 0.117276
66.504055 0.121563 0.117349
66.514921 0.116303 0.117400
66.525788 0.120671 0.117420
66.536654 0.118794 0.117403
66.547521 0.115380 0.117347
66.558387 0.115718 0.117261
66.569253 0.116272 0.117153
66.580120 0.117625 0.117037
66.590986 0.116426 0.116922
66.601853 0.116057 0.116814
66.612719 0.115534 0.116713
66.623586 0.116395 0.116616
66.634452 0.117256 0.116511
66.645319 0.114026 0.116386
66.656185 0.120148 0.116225
66.667051 0.114980 0.116016
66.677918 0.114180 0.115753
66.688784 0.113534 0.115436
66.699651 0.112981 0.115070
66.710517 0.112735 0.114668
66.721384 0.115872 0.114244
66.732250 0.113165 0.113812
66.743116 0.110797 0.113384
66.753983 0.111412 0.112970
66.764849 0.109597 0.112578
66.775716 0.111412 0.112210
66.786582 0.109966 0.111871
66.797449 0.111227 0.111561
66.808315 0.111473 0.111280
66.819182 0.111381 0.111026
66.830048 0.110120 0.110799
66.840914 0.111996 0.110597
66.851781 0.107628 0.110418
66.862647 0.108336 0.110260
66.873514 0.109935 0.110121
66.884380 0.111535 0.110000
66.895247 0.108459 0.109893
66.906113 0.107167 0.109800
66.916979 0.111596 0.109718
66.927846 0.112396 0.109647
66.938712 0.111873 0.109585
66.949579 0.111166 0.109531
66.960445 0.110581 0.109483
66.971312 0.110551 0.109442
66.982178 0.115011 0.109405
66.993045 0.109412 0.109373
67.003911 0.110089 0.109346
67.014777 0.110181 0.109321
67.025644 0.110858 0.109300
67.036510 0.109935 0.109283
67.047377 0.112273 0.109267
67.058243 0.109013 0.109255
67.069110 0.110397 0.109244
67.079976 0.109228 0.109236
67.090843 0.109935 0.109230
67.101709 0.109197 0.109225
67.112575 0.109382 0.109223
67.123442 0.107659 0.109222
67.134308 0.112058 0.109224
67.145175 0.109105 0.109227
67.156041 0.107782 0.109231
67.166908 0.109782 0.109237
67.177774 0.110397 0.109245
67.188641 0.107598 0.109255
67.199507 0.110028 0.109266
67.210373 0.109259 0.109279
67.221240 0.108551 0.109293
67.232106 0.111566 0.109309
67.242973 0.108397 0.109327
67.253839 0.110581 0.109346
67.264706 0.109905 0.109368
67.275572 0.111227 0.109391
67.286438 0.109228 0.109415
67.297305 0.110735 0.109442
67.308171 0.110274 0.109471
67.319038 0.111473 0.109501
67.329904 0.110120 0.109534
67.340771 0.112089 0.109569
67.351637 0.107936 0.109607
67.362504 0.109166 0.109646
67.373370 0.112396 0.109689
67.384236 0.111627 0.109734
67.395103 0.110674 0.109781
67.405969 0.114026 0.109832
67.416836 0.110704 0.109886
67.427702 0.112242 0.109943
67.438569 0.106890 0.110004
67.449435 0.110735 0.110069
67.460301 0.108982 0.110137
67.471168 0.109412 0.110210
67.482034 0.110243 0.110288
67.492901 0.113104 0.110370
67.503767 0.112181 0.110458
67.514634 0.108643 0.110552
67.525500 0.107013 0.110651
67.536367 0.110274 0.110758
67.547233 0.111719 0.110871
67.558099 0.114949 0.110992
67.568966 0.112735 0.111122
67.579832 0.114734 0.111262
67.590699 0.112181 0.111411
67.601565 0.114334 0.111572
67.612432 0.110151 0.111746
67.623298 0.111227 0.111934
67.634165 0.109289 0.112137
67.645031 0.115441 0.112359
67.655897 0.109874 0.112601
67.666764 0.112919 0.112867
67.677630 0.113227 0.113159
67.688497 0.115103 0.113482
67.699363 0.110581 0.113841
67.710230 0.119594 0.114241
67.721096 0.116364 0.114690
67.731962 0.115349 0.115194
67.742829 0.116026 0.115762
67.753695 0.115872 0.116403
67.764562 0.116641 0.117129
67.775428 0.112488 0.117951
67.786295 0.111904 0.118881
67.797161 0.118886 0.119932
67.808028 0.121132 0.121118
67.818894 0.117779 0.122453
67.829760 0.120209 0.123948
67.840627 0.121778 0.125618
67.851493 0.118979 0.127470
67.862360 0.122885 0.129514
67.873226 0.127561 0.131752
67.884093 0.130268 0.134179
67.894959 0.130298 0.136783
67.905826 0.136789 0.139536
67.916692 0.133743 0.142400
67.927558 0.139649 0.145315
67.938425 0.142233 0.148211
67.949291 0.154199 0.151005
67.960158 0.155152 0.153618
67.971024 0.159182 0.155985
67.981891 0.165549 0.158067
67.992757 0.170286 0.159860
68.003624 0.172993 0.161388
68.014490 0.174408 0.162689
68.025356 0.176407 0.163802
68.036223 0.174008 0.164747
68.047089 0.176284 0.165523
68.057956 0.173670 0.166106
68.068822 0.168963 0.166464
68.079689 0.167056 0.166569
68.090555 0.158259 0.166412
68.101421 0.157336 0.166003
68.112288 0.152907 0.165375
68.123154 0.145709 0.164559
68.134021 0.146939 0.163580
68.144887 0.148354 0.162437
68.155754 0.142233 0.161110
68.166620 0.146447 0.159561
68.177487 0.149154 0.157750
68.188353 0.146447 0.155657
68.199219 0.144848 0.153287
68.210086 0.149400 0.150679
68.220952 0.144325 0.147899
68.231819 0.148201 0.145025
68.242685 0.141157 0.142138
68.253552 0.139834 0.139308
68.264418 0.141280 0.136590
68.275284 0.136358 0.134024
68.286151 0.137773 0.131634
68.297017 0.130114 0.129433
68.307884 0.125531 0.127425
68.318750 0.125408 0.125606
68.329617 0.120486 0.123969
68.340483 0.119902 0.122505
68.351350 0.119779 0.121200
68.362216 0.120671 0.120041
68.373082 0.117102 0.119016
68.383949 0.115349 0.118111
68.394815 0.118610 0.117313
68.405682 0.116395 0.116611
68.416548 0.117472 0.115992
68.427415 0.112612 0.115446
68.438281 0.113319 0.114964
68.449148 0.112981 0.114537
68.460014 0.110704 0.114158
68.470880 0.112950 0.113822
68.481747 0.111012 0.113521
68.492613 0.117349 0.113252
68.503480 0.111166 0.113010
68.514346 0.114273 0.112792
68.525213 0.110366 0.112596
68.536079 0.111566 0.112419
68.546946 0.108951 0.112259
68.557812 0.111719 0.112114
68.568678 0.111843 0.111984
68.579545 0.111412 0.111866
68.590411 0.112581 0.111760
68.601278 0.113380 0.111666
68.612144 0.114488 0.111582
68.623011 0.112888 0.111508
68.633877 0.110920 0.111443
68.644743 0.109074 0.111388
68.655610 0.114672 0.111342
68.666476 0.108274 0.111305
68.677343 0.109105 0.111276
68.688209 0.108244 0.111255
68.699076 0.111812 0.111244
68.709942 0.111258 0.111241
68.720809 0.108674 0.111246
68.731675 0.110858 0.111261
68.742541 0.112488 0.111286
68.753408 0.111966 0.111320
68.764274 0.113565 0.111366
68.775141 0.112488 0.111423
68.786007 0.114765 0.111493
68.796874 0.112396 0.111577
68.807740 0.116026 0.111676
68.818607 0.113196 0.111793
68.829473 0.111135 0.111930
68.840339 0.110612 0.112089
68.851206 0.110766 0.112275
68.862072 0.111012 0.112489
68.872939 0.114734 0.112737
68.883805 0.113411 0.113023
68.894672 0.116549 0.113351
68.905538 0.113104 0.113727
68.916404 0.115349 0.114158
68.927271 0.113257 0.114647
68.938137 0.115841 0.115202
68.949004 0.113657 0.115827
68.959870 0.113657 0.116529
68.970737 0.114980 0.117311
68.981603 0.114488 0.118178
68.992470 0.114088 0.119130
69.003336 0.117533 0.120167
69.014202 0.119717 0.121284
69.025069 0.122547 0.122473
69.035935 0.126361 0.123716
69.046802 0.123162 0.124991
69.057668 0.123808 0.126266
69.068535 0.124946 0.127503
69.079401 0.127038 0.128661
69.090267 0.131990 0.129700
69.101134 0.131313 0.130592
69.112000 0.132359 0.131327
69.122867 0.139403 0.131913
69.133733 0.139988 0.132377
69.144600 0.139619 0.132756
69.155466 0.141157 0.133093
69.166333 0.143863 0.133421
69.177199 0.142202 0.133764
69.188065 0.141587 0.134129
69.198932 0.146047 0.134506
69.209798 0.138880 0.134871
69.220665 0.135866 0.135194
69.231531 0.134297 0.135440
69.242398 0.131498 0.135587
69.253264 0.130114 0.135625
69.264131 0.130544 0.135560
69.274997 0.127315 0.135414
69.285863 0.125746 0.135215
69.296730 0.127807 0.134990
69.307596 0.125131 0.134759
69.318463 0.129622 0.134526
69.329329 0.129191 0.134284
69.340196 0.133497 0.134010
69.351062 0.131252 0.133670
69.361929 0.127991 0.133229
69.372795 0.128207 0.132657
69.383661 0.130452 0.131933
69.394528 0.125900 0.131058
69.405394 0.127530 0.130047
69.416261 0.128114 0.128933
69.427127 0.121532 0.127756
69.437994 0.121532 0.126559
69.448860 0.122947 0.125377
69.459726 0.120055 0.124239
69.470593 0.121901 0.123165
69.481459 0.121870 0.122168
69.492326 0.119286 0.121253
69.503192 0.120055 0.120424
69.514059 0.115042 0.119680
69.524925 0.118087 0.119023
69.535792 0.116826 0.118452
69.546658 0.118979 0.117968
69.557524 0.116887 0.117571
69.568391 0.117410 0.117260
69.579257 0.114949 0.117031
69.590124 0.117349 0.116882
69.600990 0.118425 0.116806
69.611857 0.117133 0.116794
69.622723 0.116918 0.116837
69.633589 0.119655 0.116921
69.644456 0.119133 0.117027
69.655322 0.116918 0.117137
69.666189 0.120271 0.117229
69.677055 0.119809 0.117281
69.687922 0.119625 0.117274
69.698788 0.120025 0.117196
69.709655 0.119840 0.117044
69.720521 0.119717 0.116822
69.731387 0.119717 0.116544
69.742254 0.118056 0.116226
69.753120 0.117841 0.115887
69.763987 0.117656 0.115544
69.774853 0.118087 0.115213
69.785720 0.120794 0.114903
69.796586 0.122024 0.114622
69.807453 0.118548 0.114374
69.818319 0.120947 0.114159
69.829185 0.119625 0.113978
69.840052 0.121409 0.113829
69.850918 0.120548 0.113708
69.861785 0.118118 0.113615
69.872651 0.117964 0.113548
69.883518 0.116826 0.113509
69.894384 0.121501 0.113502
69.905250 0.118425 0.113528
69.916117 0.116426 0.113592
69.926983 0.115811 0.113697
69.937850 0.116764 0.113844
69.948716 0.118671 0.114033
69.959583 0.114457 0.114262
69.970449 0.119686 0.114525
69.981316 0.114795 0.114816
69.992182 0.116426 0.115120
70.003048 0.114672 0.115423
70.013915 0.116456 0.115705
70.024781 0.119779 0.115942
70.035648 0.116087 0.116112
70.046514 0.113534 0.116192
70.057381 0.115534 0.116169
70.068247 0.115165 0.116036
70.079114 0.115841 0.115797
70.089980 0.114488 0.115468
70.100846 0.109935 0.115066
70.111713 0.113504 0.114616
70.122579 0.112735 0.114137
70.133446 0.112827 0.113649
70.144312 0.114026 0.113167
70.155179 0.114795 0.112702
70.166045 0.114888 0.112261
70.176912 0.109320 0.111848
70.187778 0.111873 0.111467
70.198644 0.111966 0.111119
70.209511 0.113473 0.110802
70.220377 0.112858 0.110517
70.231244 0.112427 0.110262
70.242110 0.114026 0.110034
70.252977 0.111166 0.109833
70.263843 0.111381 0.109655
70.274709 0.113350 0.109498
70.285576 0.114580 0.109361
70.296442 0.108767 0.109240
70.307309 0.113011 0.109135
70.318175 0.109782 0.109043
70.329042 0.109013 0.108962
70.339908 0.110058 0.108893
70.350775 0.110920 0.108832
70.361641 0.110735 0.108780
70.372507 0.109289 0.108735
70.383374 0.108428 0.108698
70.394240 0.107875 0.108667
70.405107 0.108613 0.108642
70.415973 0.112550 0.108623
70.426840 0.112642 0.108609
70.437706 0.107967 0.108602
70.448572 0.110058 0.108599
70.459439 0.109412 0.108602
70.470305 0.107475 0.108609
70.481172 0.108274 0.108621
70.492038 0.111596 0.108638
70.502905 0.112212 0.108658
70.513771 0.105229 0.108681
70.524638 0.109782 0.108705
70.535504 0.113780 0.108729
70.546370 0.107382 0.108753
70.557237 0.109289 0.108773
70.568103 0.111627 0.108790
70.578970 0.112335 0.108802
70.589836 0.109505 0.108809
70.600703 0.113596 0.108813
70.611569 0.108336 0.108813
70.622436 0.112058 0.108811
70.633302 0.105844 0.108807
70.644168 0.110028 0.108802
70.655035 0.113873 0.108795
70.665901 0.111566 0.108786
70.676768 0.110274 0.108774
70.687634 0.112365 0.108760
70.698501 0.109105 0.108742
70.709367 0.110950 0.108723
70.720234 0.108797 0.108702
70.731100 0.111412 0.108681
70.741966 0.111566 0.108663
70.752833 0.112119 0.108649
70.763699 0.108859 0.108640
70.774566 0.111443 0.108639
70.785432 0.108705 0.108646
70.796299 0.112704 0.108662
70.807165 0.110120 0.108689
70.818031 0.108305 0.108727
70.828898 0.113011 0.108776
70.839764 0.111350 0.108836
70.850631 0.113134 0.108909
70.861497 0.111012 0.108994
70.872364 0.112519 0.109091
70.883230 0.112089 0.109198
70.894097 0.111966 0.109314
70.904963 0.112550 0.109439
70.915829 0.113165 0.109571
70.926696 0.112704 0.109709
70.937562 0.110704 0.109850
70.948429 0.114611 0.109993
70.959295 0.111843 0.110136
70.970162 0.114457 0.110277
70.981028 0.112212 0.110410
70.991895 0.111535 0.110530
71.002761 0.112089 0.110630
71.013627 0.111197 0.110705
71.024494 0.114180 0.110747
71.035360 0.115011 0.110754
71.046227 0.114795 0.110727
71.057093 0.113842 0.110667
71.067960 0.114242 0.110582
71.078826 0.109382 0.110479
71.089692 0.111012 0.110368
71.100559 0.112458 0.110255
71.111425 0.114580 0.110149
71.122292 0.113780 0.110055
71.133158 0.110335 0.109977
71.144025 0.112735 0.109916
71.154891 0.111658 0.109876
71.165758 0.109751 0.109855
71.176624 0.112796 0.109853
71.187490 0.110458 0.109869
71.198357 0.111104 0.109898
71.209223 0.114457 0.109937
71.220090 0.110243 0.109979
71.230956 0.112981 0.110019
71.241823 0.111658 0.110048
71.252689 0.113534 0.110059
71.263555 0.113750 0.110045
71.274422 0.112427 0.110004
71.285288 0.107967 0.109933
71.296155 0.112950 0.109836
71.307021 0.108643 0.109716
71.317888 0.113134 0.109580
71.328754 0.109259 0.109434
71.339621 0.108643 0.109283
71.350487 0.112365 0.109132
71.361353 0.110028 0.108986
71.372220 0.112365 0.108846
71.383086 0.107998 0.108715
71.393953 0.112365 0.108593
71.404819 0.108982 0.108481
71.415686 0.106798 0.108378
71.426552 0.110520 0.108285
71.437419 0.112304 0.108202
71.448285 0.109874 0.108127
71.459151 0.107198 0.108061
71.470018 0.108859 0.108001
71.480884 0.108274 0.107949
71.491751 0.111227 0.107902
71.502617 0.109628 0.107861
71.513484 0.107505 0.107825
71.524350 0.108982 0.107793
71.535217 0.107782 0.107764
71.546083 0.109812 0.107739
71.556949 0.109166 0.107716
71.567816 0.111412 0.107696
71.578682 0.110212 0.107678
71.589549 0.109013 0.107661
71.600415 0.106306 0.107646
71.611282 0.107536 0.107633
71.622148 0.110243 0.107621
71.633014 0.107598 0.107610
71.643881 0.106736 0.107599
71.654747 0.110151 0.107590
71.665614 0.106829 0.107581
71.676480 0.110674 0.107573
71.687347 0.110181 0.107566
71.698213 0.111197 0.107560
71.709080 0.108305 0.107554
71.719946 0.109320 0.107548
71.730812 0.111689 0.107543
71.741679 0.106460 0.107539
71.752545 0.109935 0.107535
71.763412 0.109659 0.107531
71.774278 0.112058 0.107528
71.785145 0.112427 0.107525
71.796011 0.109412 0.107523
71.806877 0.107075 0.107521
71.817744 0.109013 0.107519
71.828610 0.109505 0.107518
71.839477 0.111012 0.107517
71.850343 0.113011 0.107516
71.861210 0.109228 0.107516
71.872076 0.108982 0.107516
71.882943 0.110458 0.107517
71.893809 0.110981 0.107517
71.904675 0.108367 0.107519
71.915542 0.110612 0.107520
71.926408 0.109935 0.107522
71.937275 0.105568 0.107524
71.948141 0.105875 0.107527
71.959008 0.107013 0.107530
71.969874 0.111350 0.107533
71.980741 0.108244 0.107537
71.991607 0.108674 0.107541
72.002473 0.108213 0.107546
72.013340 0.107813 0.107551
72.024206 0.109474 0.107556
72.035073 0.110735 0.107562
72.045939 0.110581 0.107569
72.056806 0.111412 0.107576
72.067672 0.107936 0.107583
72.078539 0.109566 0.107592
72.089405 0.107967 0.107601
72.100271 0.109382 0.107610
72.111138 0.109812 0.107621
72.122004 0.111166 0.107632
72.132871 0.109659 0.107644
72.143737 0.109659 0.107656
72.154604 0.113473 0.107670
72.165470 0.112612 0.107685
72.176336 0.106736 0.107701
72.187203 0.111873 0.107718
72.198069 0.111750 0.107737
72.208936 0.111135 0.107757
72.219802 0.109720 0.107779
72.230669 0.110674 0.107803
72.241535 0.112273 0.107828
72.252402 0.105998 0.107856
72.263268 0.107567 0.107887
72.274134 0.108920 0.107921
72.285001 0.109966 0.107958
72.295867 0.109689 0.107999
72.306734 0.109105 0.108044
72.317600 0.109074 0.108094
72.328467 0.109289 0.108151
72.339333 0.112242 0.108214
72.350200 0.110643 0.108286
72.361066 0.110766 0.108366
72.371932 0.110612 0.108458
72.382799 0.112796 0.108562
72.393665 0.106613 0.108679
72.404532 0.110889 0.108813
72.415398 0.107690 0.108965
72.426265 0.109136 0.109136
72.437131 0.110089 0.109330
72.447997 0.107598 0.109547
72.458864 0.112765 0.109791
72.469730 0.111750 0.110062
72.480597 0.109843 0.110360
72.491463 0.111843 0.110688
72.502330 0.112335 0.111043
72.513196 0.110489 0.111424
72.524063 0.111843 0.111830
72.534929 0.113565 0.112255
72.545795 0.113257 0.112694
72.556662 0.110366 0.113140
72.567528 0.114580 0.113581
72.578395 0.109412 0.114004
72.589261 0.112858 0.114390
72.600128 0.119256 0.114719
72.610994 0.115687 0.114970
72.621860 0.116149 0.115123
72.632727 0.114765 0.115166
72.643593 0.115472 0.115094
72.654460 0.113319 0.114913
72.665326 0.115811 0.114637
72.676193 0.115288 0.114289
72.687059 0.113104 0.113890
72.697926 0.114795 0.113464
72.708792 0.116364 0.113030
72.719658 0.112458 0.112603
72.730525 0.114057 0.112194
72.741391 0.116795 0.111812
72.752258 0.115934 0.111462
72.763124 0.114488 0.111147
72.773991 0.117256 0.110867
72.784857 0.111904 0.110623
72.795724 0.113104 0.110414
72.806590 0.116795 0.110237
72.817456 0.114149 0.110090
72.828323 0.110428 0.109969
72.839189 0.113842 0.109870
72.850056 0.115903 0.109790
72.860922 0.112642 0.109723
72.871789 0.115718 0.109667
72.882655 0.112612 0.109618
72.893522 0.113565 0.109574
72.904388 0.110243 0.109533
72.915254 0.112365 0.109494
72.926121 0.110797 0.109456
72.936987 0.113350 0.109418
72.947854 0.111966 0.109377
72.958720 0.114488 0.109333
72.969587 0.108705 0.109282
72.980453 0.109074 0.109222
72.991319 0.110181 0.109154
73.002186 0.112365 0.109077
73.013052 0.110428 0.108993
73.023919 0.111535 0.108903
73.034785 0.109935 0.108810
73.045652 0.110458 0.108717
73.056518 0.111966 0.108626
73.067385 0.111320 0.108538
73.078251 0.109505 0.108455
73.089117 0.112396 0.108377
73.099984 0.112458 0.108305
73.110850 0.109474 0.108239
73.121717 0.111074 0.108179
73.132583 0.114734 0.108125
73.143450 0.111689 0.108076
73.154316 0.109074 0.108032
73.165183 0.111504 0.107992
73.176049 0.107259 0.107958
73.186915 0.110458 0.107927
73.197782 0.113750 0.107899
73.208648 0.110028 0.107875
73.219515 0.109935 0.107853
73.230381 0.113565 0.107834
73.241248 0.111135 0.107818
73.252114 0.113104 0.107803
73.262980 0.110397 0.107790
73.273847 0.114334 0.107779
73.284713 0.111412 0.107769
73.295580 0.109905 0.107760
73.306446 0.110458 0.107752
73.317313 0.110397 0.107745
73.328179 0.109751 0.107739
73.339046 0.111719 0.107734
73.349912 0.109812 0.107729
73.360778 0.111227 0.107725
73.371645 0.112981 0.107722
73.382511 0.107536 0.107719
73.393378 0.108582 0.107717
73.404244 0.110551 0.107715
73.415111 0.110151 0.107714
73.425977 0.110581 0.107713
73.436843 0.109843 0.107713
73.447710 0.111873 0.107713
73.458576 0.110920 0.107713
73.469443 0.114888 0.107714
73.480309 0.110028 0.107715
73.491176 0.110581 0.107716
73.502042 0.107259 0.107718
73.512909 0.106982 0.107720
73.523775 0.109874 0.107722
73.534641 0.110797 0.107724
73.545508 0.111689 0.107727
73.556374 0.105106 0.107730
73.567241 0.111873 0.107733
73.578107 0.110889 0.107737
73.588974 0.107690 0.107741
73.599840 0.113165 0.107745
73.610707 0.110151 0.107749
73.621573 0.107998 0.107754
73.632439 0.110551 0.107758
73.643306 0.111443 0.107763
73.654172 0.109351 0.107769
73.665039 0.109812 0.107774
73.675905 0.107013 0.107780
73.686772 0.111658 0.107786
73.697638 0.110489 0.107792
73.708505 0.108582 0.107798
73.719371 0.110643 0.107805
73.730237 0.107259 0.107812
73.741104 0.111227 0.107819
73.751970 0.109259 0.107826
73.762837 0.111289 0.107833
73.773703 0.107075 0.107841
73.784570 0.111627 0.107849
73.795436 0.106798 0.107857
73.806302 0.107628 0.107866
73.817169 0.109228 0.107874
73.828035 0.110643 0.107883
73.838902 0.112581 0.107892
73.849768 0.107259 0.107902
73.860635 0.111535 0.107911
73.871501 0.111289 0.107921
73.882368 0.109443 0.107931
73.893234 0.106859 0.107942
73.904100 0.109812 0.107952
73.914967 0.109382 0.107963
73.925833 0.109320 0.107975
73.936700 0.109720 0.107986
73.947566 0.107721 0.107998
73.958433 0.114057 0.108010
73.969299 0.108121 0.108022
73.980165 0.109843 0.108035
73.991032 0.113688 0.108048
74.001898 0.108982 0.108061
74.012765 0.112335 0.108075
74.023631 0.108859 0.108089
74.034498 0.109874 0.108103
74.045364 0.111750 0.108118
74.056231 0.108182 0.108133
74.067097 0.112427 0.108148
74.077963 0.106152 0.108164
74.088830 0.107259 0.108180
74.099696 0.110028 0.108196
74.110563 0.107844 0.108213
74.121429 0.110889 0.108230
74.132296 0.110458 0.108248
74.143162 0.108244 0.108266
74.154029 0.109074 0.108285
74.164895 0.110058 0.108304
74.175761 0.108367 0.108323
74.186628 0.109228 0.108343
74.197494 0.108674 0.108364
74.208361 0.109659 0.108385
74.219227 0.112550 0.108407
74.230094 0.111289 0.108429
74.240960 0.113873 0.108451
74.251827 0.112981 0.108475
74.262693 0.111412 0.108498
74.273559 0.115195 0.108523
74.284426 0.109935 0.108548
74.295292 0.106244 0.108574
74.306159 0.107567 0.108600
74.317025 0.109751 0.108627
74.327892 0.107628 0.108655
74.338758 0.108397 0.108684
74.349624 0.112488 0.108713
74.360491 0.109997 0.108744
74.371357 0.114888 0.108775
74.382224 0.111043 0.108807
74.393090 0.113657 0.108839
74.403957 0.113534 0.108873
74.414823 0.112458 0.108908
74.425690 0.112427 0.108944
74.436556 0.110858 0.108980
74.447422 0.112273 0.109018
74.458289 0.113903 0.109057
74.469155 0.108244 0.109097
74.480022 0.111658 0.109138
74.490888 0.108674 0.109181
74.501755 0.109935 0.109225
74.512621 0.112027 0.109270
74.523488 0.110181 0.109317
74.534354 0.112550 0.109365
74.545220 0.111197 0.109415
74.556087 0.113534 0.109466
74.566953 0.110397 0.109519
74.577820 0.110028 0.109573
74.588686 0.108428 0.109630
74.599553 0.114365 0.109688
74.610419 0.112519 0.109749
74.621285 0.110950 0.109811
74.632152 0.116057 0.109876
74.643018 0.114273 0.109943
74.653885 0.110674 0.110012
74.664751 0.113165 0.110084
74.675618 0.112858 0.110158
74.686484 0.109412 0.110236
74.697351 0.110674 0.110316
74.708217 0.107813 0.110399
74.719083 0.112181 0.110485
74.729950 0.111873 0.110575
74.740816 0.108797 0.110668
74.751683 0.113411 0.110765
74.762549 0.114672 0.110866
74.773416 0.110858 0.110971
74.784282 0.115349 0.111081
74.795149 0.114519 0.111195
74.806015 0.116826 0.111314
74.816881 0.113965 0.111438
74.827748 0.113842 0.111568
74.838614 0.115718 0.111703
74.849481 0.112242 0.111845
74.860347 0.112704 0.111993
74.871214 0.113873 0.112148
74.882080 0.115534 0.112311
74.892946 0.119502 0.112482
74.903813 0.112673 0.112661
74.914679 0.114549 0.112849
74.925546 0.115411 0.113046
74.936412 0.116641 0.113254
74.947279 0.115841 0.113473
74.958145 0.119133 0.113704
74.969012 0.118302 0.113947
74.979878 0.121809 0.114205
74.990744 0.119840 0.114477
75.001611 0.114580 0.114764
75.012477 0.120855 0.115070
75.023344 0.118025 0.115394
75.034210 0.117994 0.115738
75.045077 0.121409 0.116105
75.055943 0.121286 0.116496
75.066810 0.122209 0.116914
75.077676 0.121132 0.117362
75.088542 0.121409 0.117843
75.099409 0.124885 0.118360
75.110275 0.123377 0.118919
75.121142 0.125254 0.119524
75.132008 0.125531 0.120182
75.142875 0.125500 0.120898
75.153741 0.126054 0.121681
75.164607 0.126423 0.122541
75.175474 0.130175 0.123487
75.186340 0.131590 0.124531
75.197207 0.131498 0.125688
75.208073 0.132728 0.126971
75.218940 0.134666 0.128398
75.229806 0.135128 0.129988
75.240673 0.135989 0.131760
75.251539 0.140541 0.133738
75.262405 0.138665 0.135945
75.273272 0.147278 0.138407
75.284138 0.149677 0.141150
75.295005 0.150846 0.144202
75.305871 0.154629 0.147591
75.316738 0.157398 0.151341
75.327604 0.164442 0.155477
75.338470 0.166749 0.160013
75.349337 0.173239 0.164958
75.360203 0.173731 0.170308
75.371070 0.181606 0.176044
75.381936 0.187419 0.182131
75.392803 0.187850 0.188522
75.403669 0.200185 0.195164
75.414536 0.201230 0.202008
75.425402 0.206583 0.209025
75.436268 0.206552 0.216206
75.447135 0.213903 0.223571
75.458001 0.212888 0.231147
75.468868 0.212796 0.238955
75.479734 0.214580 0.246978
75.490601 0.209812 0.255145
75.501467 0.215903 0.263309
75.512334 0.208705 0.271251
75.523200 0.211227 0.278694
75.534066 0.213442 0.285333
75.544933 0.207505 0.290876
75.555799 0.204030 0.295079
75.566666 0.203045 0.297768
75.577532 0.196278 0.298840
75.588399 0.195601 0.298246
75.599265 0.194832 0.295970
75.610132 0.193540 0.292031
75.620998 0.189326 0.286488
75.631864 0.193264 0.279468
75.642731 0.190372 0.271174
75.653597 0.193725 0.261880
75.664464 0.189203 0.251909
75.675330 0.187481 0.241593
75.686197 0.182682 0.231237
75.697063 0.183420 0.221100
75.707929 0.178407 0.211380
75.718796 0.179022 0.202217
75.729662 0.176130 0.193698
75.740529 0.171209 0.185870
75.751395 0.166902 0.178745
75.762262 0.168471 0.172313
75.773128 0.167825 0.166549
75.783995 0.161827 0.161415
75.794861 0.158905 0.156866
75.805727 0.158536 0.152855
75.816594 0.153245 0.149330
75.827460 0.146293 0.146241
75.838327 0.150846 0.143536
75.849193 0.145771 0.141167
75.860060 0.146416 0.139084
75.870926 0.142602 0.137242
75.881793 0.138880 0.135599
75.892659 0.139496 0.134117
75.903525 0.136758 0.132768
75.914392 0.134143 0.131531
75.925258 0.130237 0.130390
75.936125 0.131929 0.129337
75.946991 0.131990 0.128368
75.957858 0.131467 0.127482
75.968724 0.130452 0.126675
75.979590 0.130452 0.125947
75.990457 0.131560 0.125293
76.001323 0.123808 0.124708
76.012190 0.128176 0.124184
76.023056 0.128883 0.123712
76.033923 0.128453 0.123281
76.044789 0.128607 0.122878
76.055656 0.121347 0.122493
76.066522 0.125838 0.122112
76.077388 0.120363 0.121729
76.088255 0.120332 0.121336
76.099121 0.126607 0.120930
76.109988 0.121839 0.120510
76.120854 0.127099 0.120077
76.131721 0.123962 0.119632
76.142587 0.122793 0.119179
76.153453 0.121932 0.118719
76.164320 0.118487 0.118257
76.175186 0.123193 0.117798
76.186053 0.125285 0.117347
76.196919 0.120917 0.116910
76.207786 0.119748 0.116490
76.218652 0.120117 0.116094
76.229519 0.118733 0.115722
76.240385 0.123131 0.115377
76.251251 0.121286 0.115061
76.262118 0.121224 0.114773
76.272984 0.118548 0.114514
76.283851 0.120486 0.114283
76.294717 0.120763 0.114080
76.305584 0.119625 0.113904
76.316450 0.119440 0.113754
76.327317 0.120363 0.113631
76.338183 0.118333 0.113532
76.349049 0.116087 0.113458
76.359916 0.114918 0.113406
76.370782 0.122608 0.113377
76.381649 0.121501 0.113370
76.392515 0.121470 0.113381
76.403382 0.118056 0.113411
76.414248 0.116856 0.113455
76.425115 0.115934 0.113511
76.435981 0.119379 0.113573
76.446847 0.116456 0.113638
76.457714 0.119594 0.113697
76.468580 0.120794 0.113744
76.479447 0.118640 0.113774
76.490313 0.118763 0.113781
76.501180 0.119686 0.113761
76.512046 0.121563 0.113716
76.522912 0.119471 0.113647
76.533779 0.116641 0.113557
76.544645 0.118825 0.113453
76.555512 0.117748 0.113339
76.566378 0.118948 0.113218
76.577245 0.121070 0.113095
76.588111 0.114949 0.112970
76.598978 0.115380 0.112847
76.609844 0.118886 0.112727
76.620710 0.120548 0.112614
76.631577 0.120240 0.112509
76.642443 0.115595 0.112416
76.653310 0.115841 0.112337
76.664176 0.117164 0.112273
76.675043 0.114426 0.112228
76.685909 0.119256 0.112203
76.696776 0.114918 0.112199
76.707642 0.113442 0.112217
76.718508 0.117225 0.112259
76.729375 0.116364 0.112325
76.740241 0.115995 0.112416
76.751108 0.117072 0.112532
76.761974 0.115564 0.112674
76.772841 0.116303 0.112843
76.783707 0.120240 0.113038
76.794573 0.119010 0.113258
76.805440 0.115195 0.113504
76.816306 0.117994 0.113772
76.827173 0.114580 0.114063
76.838039 0.117225 0.114376
76.848906 0.117133 0.114711
76.859772 0.117010 0.115069
76.870639 0.115257 0.115451
76.881505 0.118210 0.115860
76.892371 0.119102 0.116297
76.903238 0.119163 0.116761
76.914104 0.116487 0.117248
76.924971 0.117010 0.117752
76.935837 0.123101 0.118262
76.946704 0.119348 0.118765
76.957570 0.122916 0.119245
76.968437 0.120609 0.119688
76.979303 0.126084 0.120083
76.990169 0.122455 0.120422
77.001036 0.124146 0.120706
77.011902 0.126730 0.120941
77.022769 0.125131 0.121137
77.033635 0.128299 0.121306
77.044502 0.130145 0.121459
77.055368 0.125346 0.121601
77.066234 0.127345 0.121736
77.077101 0.127407 0.121859
77.087967 0.123593 0.121964
77.098834 0.122209 0.122041
77.109700 0.123593 0.122082
77.120567 0.123316 0.122078
77.131433 0.123777 0.122027
77.142300 0.125223 0.121928
77.153166 0.123254 0.121787
77.164032 0.122485 0.121615
77.174899 0.121378 0.121422
77.185765 0.122424 0.121217
77.196632 0.122978 0.121009
77.207498 0.125161 0.120801
77.218365 0.127007 0.120591
77.229231 0.122885 0.120376
77.240098 0.125777 0.120152
77.250964 0.131836 0.119914
77.261830 0.120824 0.119662
77.272697 0.126453 0.119401
77.283563 0.125315 0.119140
77.294430 0.125285 0.118891
77.305296 0.124762 0.118667
77.316163 0.125254 0.118482
77.327029 0.121163 0.118345
77.337895 0.125100 0.118265
77.348762 0.122547 0.118245
77.359628 0.123747 0.118285
77.370495 0.124792 0.118385
77.381361 0.118271 0.118538
77.392228 0.123347 0.118736
77.403094 0.123624 0.118970
77.413961 0.122485 0.119226
77.424827 0.123377 0.119488
77.435693 0.121686 0.119740
77.446560 0.121839 0.119961
77.457426 0.124054 0.120135
77.468293 0.124946 0.120247
77.479159 0.122485 0.120287
77.490026 0.121409 0.120252
77.500892 0.126638 0.120143
77.511758 0.122762 0.119969
77.522625 0.125807 0.119738
77.533491 0.124177 0.119463
77.544358 0.124208 0.119156
77.555224 0.121716 0.118829
77.566091 0.122916 0.118494
77.576957 0.123839 0.118157
77.587824 0.120486 0.117827
77.598690 0.123747 0.117506
77.609556 0.120517 0.117197
77.620423 0.125715 0.116902
77.631289 0.124362 0.116619
77.642156 0.123377 0.116348
77.653022 0.124300 0.116088
77.663889 0.121409 0.115837
77.674755 0.119779 0.115594
77.685622 0.120486 0.115359
77.696488 0.119840 0.115130
77.707354 0.119409 0.114908
77.718221 0.122731 0.114692
77.729087 0.119071 0.114484
77.739954 0.123931 0.114283
77.750820 0.121624 0.114090
77.761687 0.118733 0.113907
77.772553 0.117994 0.113734
77.783420 0.120671 0.113574
77.794286 0.119256 0.113428
77.805152 0.118948 0.113297
77.816019 0.118241 0.113181
77.826885 0.119840 0.113080
77.837752 0.117102 0.112990
77.848618 0.120701 0.112911
77.859485 0.118702 0.112837
77.870351 0.118856 0.112768
77.881217 0.121932 0.112697
77.892084 0.118517 0.112624
77.902950 0.118241 0.112542
77.913817 0.118118 0.112450
77.924683 0.116149 0.112344
77.935550 0.117379 0.112225
77.946416 0.117656 0.112092
77.957283 0.117871 0.111948
77.968149 0.115195 0.111797
77.979015 0.115411 0.111642
77.989882 0.115195 0.111488
78.000748 0.115841 0.111338
78.011615 0.110674 0.111196
78.022481 0.115749 0.111063
78.033348 0.117410 0.110939
78.044214 0.114242 0.110827
78.055081 0.114457 0.110726
78.065947 0.112058 0.110637
78.076813 0.112058 0.110558
78.087680 0.115134 0.110489
78.098546 0.115841 0.110430
78.109413 0.115318 0.110379
78.120279 0.114888 0.110334
78.131146 0.113996 0.110294
78.142012 0.111658 0.110256
78.152878 0.115626 0.110219
78.163745 0.114580 0.110182
78.174611 0.113934 0.110143
78.185478 0.111320 0.110103
78.196344 0.112488 0.110062
78.207211 0.113719 0.110020
78.218077 0.111227 0.109979
78.228944 0.114334 0.109940
78.239810 0.114857 0.109903
78.250676 0.115072 0.109871
78.261543 0.109751 0.109844
78.272409 0.114918 0.109823
78.283276 0.114365 0.109808
78.294142 0.113288 0.109799
78.305009 0.113288 0.109797
78.315875 0.112612 0.109801
78.326741 0.114242 0.109813
78.337608 0.115226 0.109831
78.348474 0.115195 0.109856
78.359341 0.112612 0.109887
78.370207 0.112888 0.109924
78.381074 0.111012 0.109967
78.391940 0.112642 0.110014
78.402807 0.112396 0.110064
78.413673 0.111935 0.110116
78.424539 0.115380 0.110168
78.435406 0.115318 0.110219
78.446272 0.115841 0.110268
78.457139 0.115995 0.110312
78.468005 0.112581 0.110353
78.478872 0.114857 0.110390
78.489738 0.115749 0.110424
78.500605 0.114857 0.110457
78.511471 0.114642 0.110492
78.522337 0.114949 0.110528
78.533204 0.117164 0.110569
78.544070 0.116887 0.110615
78.554937 0.112950 0.110665
78.565803 0.113227 0.110720
78.576670 0.112950 0.110779
78.587536 0.118702 0.110840
78.598403 0.116272 0.110901
78.609269 0.113811 0.110961
78.620135 0.115811 0.111017
78.631002 0.114795 0.111068
78.641868 0.114580 0.111113
78.652735 0.114026 0.111154
78.663601 0.116733 0.111189
78.674468 0.119963 0.111222
78.685334 0.114396 0.111252
78.696200 0.118364 0.111282
78.707067 0.116026 0.111312
78.717933 0.114549 0.111343
78.728800 0.117010 0.111377
78.739666 0.115195 0.111415
78.750533 0.113873 0.111459
78.761399 0.113903 0.111508
78.772266 0.114642 0.111564
78.783132 0.112273 0.111628
78.793998 0.115872 0.111698
78.804865 0.116949 0.111773
78.815731 0.117964 0.111853
78.826598 0.121347 0.111935
78.837464 0.116333 0.112018
78.848331 0.111381 0.112098
78.859197 0.113811 0.112176
78.870064 0.118702 0.112251
78.880930 0.114488 0.112323
78.891796 0.118825 0.112393
78.902663 0.115257 0.112465
78.913529 0.115811 0.112540
78.924396 0.117441 0.112620
78.935262 0.117256 0.112706
78.946129 0.117902 0.112799
78.956995 0.116549 0.112900
78.967861 0.116641 0.113008
78.978728 0.118271 0.113123
78.989594 0.118025 0.113244
79.000461 0.120701 0.113370
79.011327 0.123500 0.113501
79.022194 0.121040 0.113638
79.033060 0.121193 0.113780
79.043927 0.123285 0.113929
79.054793 0.123377 0.114087
79.065659 0.123162 0.114255
79.076526 0.121932 0.114437
79.087392 0.122608 0.114635
79.098259 0.123470 0.114852
79.109125 0.125408 0.115090
79.119992 0.122978 0.115353
79.130858 0.122393 0.115644
79.141725 0.125254 0.115965
79.152591 0.126023 0.116320
79.163457 0.125531 0.116713
79.174324 0.129406 0.117148
79.185190 0.130145 0.117631
79.196057 0.133036 0.118168
79.206923 0.130821 0.118766
79.217790 0.132113 0.119434
79.228656 0.132882 0.120183
79.239522 0.133374 0.121025
79.250389 0.134143 0.121974
79.261255 0.137558 0.123048
79.272122 0.142264 0.124265
79.282988 0.142602 0.125646
79.293855 0.143648 0.127216
79.304721 0.145278 0.129001
79.315588 0.150600 0.131029
79.326454 0.152076 0.133329
79.337320 0.156536 0.135932
79.348187 0.160135 0.138869
79.359053 0.155091 0.142168
79.369920 0.163242 0.145859
79.380786 0.167487 0.149964
79.391653 0.171578 0.154501
79.402519 0.173670 0.159479
79.413386 0.169486 0.164896
79.424252 0.171147 0.170732
79.435118 0.178068 0.176943
79.445985 0.185727 0.183456
79.456851 0.178930 0.190158
79.467718 0.175208 0.196885
79.478584 0.173485 0.203421
79.489451 0.172408 0.209495
79.500317 0.173700 0.214794
79.511183 0.171732 0.218993
79.522050 0.168963 0.221794
79.532916 0.167333 0.222980
79.543783 0.167179 0.222454
79.554649 0.163304 0.220258
79.565516 0.166103 0.216568
79.576382 0.165764 0.211657
79.587249 0.165580 0.205844
79.598115 0.165795 0.199451
79.608981 0.164103 0.192768
79.619848 0.163119 0.186032
79.630714 0.164226 0.179428
79.641581 0.167118 0.173086
79.652447 0.164042 0.167096
79.663314 0.162535 0.161511
79.674180 0.163088 0.156358
79.685046 0.158167 0.151647
79.695913 0.162196 0.147373
79.706779 0.158167 0.143520
79.717646 0.155368 0.140068
79.728512 0.151430 0.136989
79.739379 0.147493 0.134255
79.750245 0.146693 0.131835
79.761112 0.146693 0.129699
79.771978 0.147524 0.127815
79.782844 0.145463 0.126157
79.793711 0.142233 0.124695
79.804577 0.139649 0.123407
79.815444 0.139342 0.122268
79.826310 0.140172 0.121258
79.837177 0.135681 0.120361
79.848043 0.136235 0.119560
79.858910 0.134851 0.118842
79.869776 0.130637 0.118196
79.880642 0.135774 0.117612
79.891509 0.129652 0.117081
79.902375 0.129898 0.116598
79.913242 0.127192 0.116155
79.924108 0.127284 0.115748
79.934975 0.124454 0.115373
79.945841 0.127038 0.115027
79.956708 0.123562 0.114706
79.967574 0.125069 0.114408
79.978440 0.124054 0.114131
79.989307 0.120763 0.113872
80.000173 0.125346 0.113630
80.011040 0.121870 0.113404
80.021906 0.121286 0.113192
80.032773 0.116641 0.112992
80.043639 0.118671 0.112804
80.054505 0.119440 0.112626
80.065372 0.121839 0.112459
80.076238 0.119686 0.112300
80.087105 0.116149 0.112150
80.097971 0.118394 0.112008
80.108838 0.121624 0.111873
80.119704 0.117410 0.111745
80.130571 0.115564 0.111624
80.141437 0.117933 0.111509
80.152303 0.117810 0.111400
80.163170 0.114765 0.111297
80.174036 0.112458 0.111200
80.184903 0.114488 0.111108
80.195769 0.115811 0.111020
80.206636 0.115626 0.110938
80.217502 0.112673 0.110859
80.228369 0.112119 0.110786
80.239235 0.114918 0.110716
80.250101 0.113627 0.110649
80.260968 0.115134 0.110587
80.271834 0.116610 0.110527
80.282701 0.115595 0.110470
80.293567 0.112242 0.110416
80.304434 0.113165 0.110364
80.315300 0.115934 0.110313
80.326166 0.117379 0.110265
80.337033 0.116057 0.110217
80.347899 0.113134 0.110171
80.358766 0.112396 0.110126
80.369632 0.113196 0.110082
80.380499 0.111074 0.110040
80.391365 0.110181 0.109999
80.402232 0.112550 0.109959
80.413098 0.113903 0.109922
80.423964 0.111197 0.109885
80.434831 0.110643 0.109851
80.445697 0.114457 0.109818
80.456564 0.111658 0.109787
80.467430 0.112919 0.109758
80.478297 0.115841 0.109730
80.489163 0.110981 0.109703
80.500030 0.111381 0.109678
80.510896 0.110243 0.109654
80.521762 0.112858 0.109631
80.532629 0.110335 0.109609
80.543495 0.109074 0.109588
80.554362 0.115011 0.109567
80.565228 0.111904 0.109547
80.576095 0.111658 0.109527
80.586961 0.112212 0.109508
80.597827 0.109751 0.109489
80.608694 0.111166 0.109470
80.619560 0.110674 0.109452
80.630427 0.112273 0.109434
80.641293 0.112427 0.109417
80.652160 0.109320 0.109400
80.663026 0.109536 0.109384
80.673893 0.109536 0.109369
80.684759 0.109197 0.109355
80.695625 0.108551 0.109341
80.706492 0.113504 0.109329
80.717358 0.111443 0.109317
80.728225 0.107198 0.109306
80.739091 0.110397 0.109296
80.749958 0.110151 0.109286
80.760824 0.113165 0.109278
80.771691 0.106460 0.109270
80.782557 0.111812 0.109263
80.793423 0.108182 0.109257
80.804290 0.109166 0.109251
80.815156 0.108674 0.109247
80.826023 0.113442 0.109243
80.836889 0.109382 0.109240
80.847756 0.112981 0.109237
80.858622 0.108428 0.109236
80.869488 0.110120 0.109235
80.880355 0.111535 0.109235
80.891221 0.107598 0.109235
80.902088 0.109043 0.109237
80.912954 0.112519 0.109239
80.923821 0.109351 0.109242
80.934687 0.113657 0.109246
80.945554 0.109105 0.109250
80.956420 0.110366 0.109256
80.967286 0.109320 0.109263
80.978153 0.108705 0.109270
80.989019 0.109935 0.109279
80.999886 0.108736 0.109289
81.010752 0.108121 0.109300
81.021619 0.110551 0.109313
81.032485 0.108920 0.109327
81.043351 0.114026 0.109342
81.054218 0.110858 0.109359
81.065084 0.108213 0.109378
81.075951 0.109320 0.109399
81.086817 0.111843 0.109422
81.097684 0.106859 0.109447
81.108550 0.112427 0.109475
81.119417 0.112458 0.109506
81.130283 0.110858 0.109541
81.141149 0.108244 0.109579
81.152016 0.112765 0.109622
81.162882 0.112765 0.109670
81.173749 0.106521 0.109724
81.184615 0.114426 0.109785
81.195482 0.107782 0.109853
81.206348 0.110428 0.109931
81.217215 0.111719 0.110019
81.228081 0.110520 0.110118
81.238947 0.110305 0.110231
81.249814 0.107013 0.110358
81.260680 0.111412 0.110503
81.271547 0.110181 0.110666
81.282413 0.111966 0.110850
81.293280 0.109228 0.111056
81.304146 0.112027 0.111287
81.315013 0.110397 0.111544
81.325879 0.110858 0.111828
81.336745 0.111566 0.112140
81.347612 0.111074 0.112480
81.358478 0.112827 0.112848
81.369345 0.111596 0.113240
81.380211 0.112181 0.113654
81.391078 0.111350 0.114083
81.401944 0.112181 0.114519
81.412810 0.112612 0.114950
81.423677 0.113596 0.115364
81.434543 0.112273 0.115744
81.445410 0.114457 0.116075
81.456276 0.116026 0.116342
81.467143 0.112704 0.116531
81.478009 0.119040 0.116632
81.488876 0.117379 0.116641
81.499742 0.113688 0.116557
81.510608 0.110827 0.116384
81.521475 0.115749 0.116132
81.532341 0.111412 0.115813
81.543208 0.114703 0.115443
81.554074 0.111104 0.115038
81.564941 0.111197 0.114613
81.575807 0.111812 0.114182
81.586674 0.112581 0.113757
81.597540 0.113934 0.113345
81.608406 0.108090 0.112954
81.619273 0.111012 0.112588
81.630139 0.113073 0.112249
81.641006 0.111812 0.111939
81.651872 0.110981 0.111656
81.662739 0.108920 0.111401
81.673605 0.110950 0.111173
81.684471 0.114888 0.110969
81.695338 0.111197 0.110789
81.706204 0.111904 0.110629
81.717071 0.113165 0.110489
81.727937 0.110089 0.110366
81.738804 0.108674 0.110259
81.749670 0.112858 0.110166
81.760537 0.108705 0.110085
81.771403 0.107413 0.110015
81.782269 0.109874 0.109955
81.793136 0.112581 0.109904
81.804002 0.110151 0.109860
81.814869 0.109289 0.109823
81.825735 0.109782 0.109792
81.836602 0.113934 0.109767
81.847468 0.113196 0.109747
81.858334 0.110181 0.109732
81.869201 0.111658 0.109722
81.880067 0.113934 0.109717
81.890934 0.107536 0.109716
81.901800 0.111381 0.109720
81.912667 0.106029 0.109728
81.923533 0.111012 0.109741
81.934400 0.108551 0.109759
81.945266 0.110151 0.109781
81.956132 0.113196 0.109809
81.966999 0.108982 0.109841
81.977865 0.109536 0.109878
81.988732 0.110120 0.109921
81.999598 0.108674 0.109968
82.010465 0.108643 0.110019
82.021331 0.110458 0.110075
82.032198 0.108244 0.110134
82.043064 0.108767 0.110196
82.053930 0.109566 0.110259
82.064797 0.110274 0.110322
82.075663 0.109997 0.110385
82.086530 0.113288 0.110445
82.097396 0.112519 0.110504
82.108263 0.112550 0.110561
82.119129 0.109289 0.110618
82.129996 0.113934 0.110677
82.140862 0.111596 0.110740
82.151728 0.109566 0.110809
82.162595 0.110489 0.110888
82.173461 0.110028 0.110976
82.184328 0.110612 0.111077
82.195194 0.112212 0.111190
82.206061 0.110889 0.111315
82.216927 0.114642 0.111452
82.227793 0.110274 0.111599
82.238660 0.110181 0.111754
82.249526 0.114426 0.111912
82.260393 0.114457 0.112073
82.271259 0.109751 0.112230
82.282126 0.110827 0.112379
82.292992 0.112119 0.112515
82.303859 0.112765 0.112633
82.314725 0.109843 0.112726
82.325591 0.113750 0.112788
82.336458 0.114119 0.112815
82.347324 0.117287 0.112804
82.358191 0.112150 0.112755
82.369057 0.112612 0.112672
82.379924 0.113104 0.112560
82.390790 0.115564 0.112428
82.401657 0.111535 0.112285
82.412523 0.113903 0.112138
82.423389 0.113473 0.111994
82.434256 0.107844 0.111860
82.445122 0.112488 0.111740
82.455989 0.114642 0.111637
82.466855 0.109966 0.111555
82.477722 0.115257 0.111493
82.488588 0.117225 0.111455
82.499454 0.119102 0.111439
82.510321 0.114026 0.111447
82.521187 0.111104 0.111478
82.532054 0.112704 0.111531
82.542920 0.115472 0.111605
82.553787 0.112458 0.111698
82.564653 0.111443 0.111807
82.575520 0.110551 0.111931
82.586386 0.111074 0.112066
82.597252 0.111627 0.112208
82.608119 0.111996 0.112354
82.618985 0.112304 0.112498
82.629852 0.109320 0.112636
82.640718 0.116518 0.112764
82.651585 0.109536 0.112873
82.662451 0.112550 0.112959
82.673318 0.112089 0.113015
82.684184 0.113504 0.113036
82.695050 0.110028 0.113018
82.705917 0.114457 0.112963
82.716783 0.112519 0.112873
82.727650 0.113780 0.112752
82.738516 0.110827 0.112606
82.749383 0.108797 0.112443
82.760249 0.113073 0.112266
82.771115 0.111473 0.112081
82.781982 0.112150 0.111892
82.792848 0.115657 0.111701
82.803715 0.111689 0.111513
82.814581 0.113134 0.111329
82.825448 0.108767 0.111152
82.836314 0.111873 0.110984
82.847181 0.110766 0.110826
82.858047 0.108674 0.110678
82.868913 0.111504 0.110543
82.879780 0.106337 0.110419
82.890646 0.110489 0.110306
82.901513 0.110827 0.110204
82.912379 0.109566 0.110113
82.923246 0.113380 0.110031
82.934112 0.111935 0.109958
82.944979 0.110766 0.109893
82.955845 0.110212 0.109835
82.966711 0.108059 0.109783
82.977578 0.108397 0.109737
82.988444 0.111781 0.109697
82.999311 0.108428 0.109661
83.010177 0.110920 0.109628
83.021044 0.107382 0.109600
83.031910 0.108705 0.109574
83.042776 0.109935 0.109551
83.053643 0.107567 0.109531
83.064509 0.109905 0.109512
83.075376 0.108705 0.109496
83.086242 0.109166 0.109481
83.097109 0.108151 0.109467
83.107975 0.112519 0.109455
83.118842 0.107198 0.109444
83.129708 0.111596 0.109434
83.140574 0.112058 0.109424
83.151441 0.109074 0.109416
83.162307 0.109412 0.109408
83.173174 0.105906 0.109401
83.184040 0.109905 0.109395
83.194907 0.110551 0.109389
83.205773 0.109874 0.109384
83.216639 0.110305 0.109379
83.227506 0.112089 0.109375
83.238372 0.109074 0.109371
83.249239 0.108551 0.109368
83.260105 0.109966 0.109365
83.270972 0.109628 0.109362
83.281838 0.112335 0.109360
83.292705 0.109043 0.109357
83.303571 0.107875 0.109356
83.314437 0.107598 0.109354
83.325304 0.109597 0.109353
83.336170 0.110581 0.109352
83.347037 0.107813 0.109351
83.357903 0.109013 0.109350
83.368770 0.109074 0.109350
83.379636 0.110243 0.109350
83.390503 0.108920 0.109350
83.401369 0.109905 0.109350
83.412235 0.111043 0.109350
83.423102 0.111043 0.109350
83.433968 0.108920 0.109351
83.444835 0.110889 0.109352
83.455701 0.107382 0.109353
83.466568 0.107813 0.109354
83.477434 0.107198 0.109355
83.488301 0.108336 0.109356
83.499167 0.104583 0.109357
83.510033 0.109228 0.109359
83.520900 0.111074 0.109360
83.531766 0.109597 0.109362
83.542633 0.114580 0.109364
83.553499 0.109966 0.109366
83.564366 0.107167 0.109368
83.575232 0.109597 0.109370
83.586098 0.110674 0.109372
83.596965 0.107259 0.109374
83.607831 0.107721 0.109376
83.618698 0.110889 0.109378
83.629564 0.108828 0.109381
83.640431 0.108828 0.109383
83.651297 0.108459 0.109386
83.662164 0.108090 0.109388
83.673030 0.110489 0.109391
83.683896 0.111135 0.109394
83.694763 0.112888 0.109397
83.705629 0.109628 0.109400
83.716496 0.108797 0.109402
83.727362 0.110889 0.109405
83.738229 0.111596 0.109408
83.749095 0.111320 0.109412
83.759962 0.108520 0.109415
83.770828 0.111596 0.109418
83.781694 0.110305 0.109421
83.792561 0.112950 0.109425
83.803427 0.107721 0.109428
83.814294 0.107751 0.109431
83.825160 0.109320 0.109435
83.836027 0.105414 0.109438
83.846893 0.108920 0.109442
83.857759 0.111658 0.109446
83.868626 0.110243 0.109449
83.879492 0.108797 0.109453
83.890359 0.109874 0.109457
83.901225 0.106767 0.109461
83.912092 0.108213 0.109465
83.922958 0.110120 0.109469
83.933825 0.108244 0.109473
83.944691 0.115288 0.109477
83.955557 0.108797 0.109481
83.966424 0.106675 0.109485
83.977290 0.107013 0.109490
83.988157 0.106706 0.109494
83.999023 0.108582 0.109499
84.009890 0.109597 0.109503
84.020756 0.111750 0.109508
84.031622 0.110520 0.109512
84.042489 0.108890 0.109517
84.053355 0.109013 0.109522
84.064222 0.107167 0.109527
84.075088 0.107936 0.109532
84.085955 0.106306 0.109537
84.096821 0.108213 0.109543
84.107688 0.110274 0.109548
84.118554 0.109259 0.109554
84.129420 0.107505 0.109559
84.140287 0.108982 0.109565
84.151153 0.107382 0.109571
84.162020 0.108520 0.109578
84.172886 0.111197 0.109584
84.183753 0.107259 0.109591
84.194619 0.109843 0.109598
84.205486 0.108951 0.109606
84.216352 0.107844 0.109614
84.227218 0.109597 0.109622
84.238085 0.109843 0.109631
84.248951 0.105168 0.109641
84.259818 0.108582 0.109651
84.270684 0.107782 0.109662
84.281551 0.112242 0.109673
84.292417 0.108920 0.109686
84.303284 0.110827 0.109699
84.314150 0.107875 0.109713
84.325016 0.109782 0.109728
84.335883 0.109751 0.109744
84.346749 0.109105 0.109761
84.357616 0.108244 0.109779
84.368482 0.107905 0.109798
84.379349 0.112058 0.109818
84.390215 0.108121 0.109839
84.401081 0.110274 0.109859
84.411948 0.112458 0.109880
84.422814 0.110274 0.109899
84.433681 0.106798 0.109918
84.444547 0.111074 0.109935
84.455414 0.108920 0.109950
84.466280 0.111627 0.109962
84.477147 0.106213 0.109972
84.488013 0.108551 0.109979
84.498879 0.107936 0.109984
84.509746 0.109443 0.109988
84.520612 0.112181 0.109990
84.531479 0.110858 0.109992
84.542345 0.111258 0.109995
84.553212 0.107875 0.109998
84.564078 0.115288 0.110003
84.574945 0.107751 0.110009
84.585811 0.109136 0.110017
84.596677 0.111996 0.110027
84.607544 0.111596 0.110038
84.618410 0.110212 0.110050
84.629277 0.112212 0.110064
84.640143 0.108797 0.110078
84.651010 0.111166 0.110092
84.661876 0.109874 0.110106
84.672742 0.111258 0.110119
84.683609 0.109259 0.110130
84.694475 0.112704 0.110139
84.705342 0.114457 0.110147
84.716208 0.109782 0.110152
84.727075 0.106367 0.110156
84.737941 0.110551 0.110160
84.748808 0.108520 0.110163
84.759674 0.109197 0.110168
84.770540 0.107905 0.110174
84.781407 0.110028 0.110182
84.792273 0.107690 0.110192
84.803140 0.109382 0.110206
84.814006 0.107136 0.110224
84.824873 0.109720 0.110245
84.835739 0.112027 0.110271
84.846606 0.112827 0.110302
84.857472 0.109505 0.110337
84.868338 0.109197 0.110377
84.879205 0.108890 0.110422
84.890071 0.108428 0.110472
84.900938 0.108920 0.110527
84.911804 0.107659 0.110586
84.922671 0.110181 0.110649
84.933537 0.112735 0.110714
84.944403 0.110366 0.110782
84.955270 0.110827 0.110849
84.966136 0.107751 0.110914
84.977003 0.108951 0.110974
84.987869 0.111596 0.111026
84.998736 0.108828 0.111068
85.009602 0.108090 0.111098
85.020469 0.110120 0.111115
85.031335 0.110120 0.111118
85.042201 0.110028 0.111110
85.053068 0.110674 0.111091
85.063934 0.111166 0.111065
85.074801 0.107505 0.111033
85.085667 0.111996 0.110998
85.096534 0.110458 0.110961
85.107400 0.109689 0.110924
85.118267 0.110551 0.110888
85.129133 0.107075 0.110852
85.139999 0.110212 0.110818
85.150866 0.109782 0.110785
85.161732 0.112027 0.110754
85.172599 0.107751 0.110726
85.183465 0.109412 0.110700
85.194332 0.109843 0.110679
85.205198 0.114918 0.110661
85.216064 0.111104 0.110648
85.226931 0.108182 0.110641
85.237797 0.111289 0.110639
85.248664 0.109043 0.110643
85.259530 0.108920 0.110653
85.270397 0.111197 0.110669
85.281263 0.109812 0.110691
85.292130 0.108490 0.110719
85.302996 0.112058 0.110753
85.313862 0.111197 0.110792
85.324729 0.110981 0.110836
85.335595 0.110028 0.110884
85.346462 0.109320 0.110936
85.357328 0.112550 0.110991
85.368195 0.108428 0.111048
85.379061 0.110520 0.111105
85.389927 0.109874 0.111163
85.400794 0.109105 0.111220
85.411660 0.113288 0.111275
85.422527 0.109382 0.111325
85.433393 0.114119 0.111371
85.444260 0.109935 0.111408
85.455126 0.106121 0.111435
85.465993 0.112735 0.111451
85.476859 0.111996 0.111455
85.487725 0.111443 0.111447
85.498592 0.112150 0.111429
85.509458 0.110058 0.111401
85.520325 0.111197 0.111368
85.531191 0.110827 0.111330
85.542058 0.110397 0.111291
85.552924 0.108244 0.111253
85.563791 0.112858 0.111215
85.574657 0.109105 0.111178
85.585523 0.108397 0.111143
85.596390 0.107998 0.111109
85.607256 0.109689 0.111074
85.618123 0.110305 0.111040
85.628989 0.110674 0.111004
85.639856 0.109320 0.110966
85.650722 0.108890 0.110927
85.661589 0.108828 0.110887
85.672455 0.109597 0.110847
85.683321 0.112273 0.110808
85.694188 0.110120 0.110770
85.705054 0.109443 0.110733
85.715921 0.108305 0.110700
85.726787 0.110489 0.110669
85.737654 0.111197 0.110640
85.748520 0.111258 0.110615
85.759386 0.112027 0.110593
85.770253 0.109197 0.110574
85.781119 0.111504 0.110558
85.791986 0.108828 0.110544
85.802852 0.113011 0.110534
85.813719 0.108982 0.110525
85.824585 0.112919 0.110520
85.835452 0.108244 0.110516
85.846318 0.105752 0.110516
85.857184 0.107782 0.110517
85.868051 0.108582 0.110521
85.878917 0.108797 0.110527
85.889784 0.109505 0.110536
85.900650 0.109043 0.110547
85.911517 0.108428 0.110561
85.922383 0.103168 0.110578
85.933250 0.108397 0.110597
85.944116 0.111935 0.110620
85.954982 0.107167 0.110646
85.965849 0.112212 0.110675
85.976715 0.110950 0.110708
85.987582 0.110181 0.110744
85.998448 0.110397 0.110784
86.009315 0.109412 0.110827
86.020181 0.112581 0.110873
86.031047 0.109043 0.110922
86.041914 0.106859 0.110974
86.052780 0.112888 0.111026
86.063647 0.111104 0.111079
86.074513 0.109905 0.111130
86.085380 0.112673 0.111178
86.096246 0.110428 0.111220
86.107113 0.110612 0.111254
86.117979 0.111966 0.111278
86.128845 0.107936 0.111290
86.139712 0.112119 0.111289
86.150578 0.104983 0.111277
86.161445 0.108182 0.111253
86.172311 0.107998 0.111221
86.183178 0.110335 0.111181
86.194044 0.111504 0.111137
86.204910 0.111566 0.111091
86.215777 0.112150 0.111044
86.226643 0.109720 0.110998
86.237510 0.110089 0.110953
86.248376 0.107075 0.110911
86.259243 0.111843 0.110872
86.270109 0.108828 0.110836
86.280976 0.113627 0.110803
86.291842 0.112119 0.110773
86.302708 0.110058 0.110747
86.313575 0.108920 0.110724
86.324441 0.108643 0.110703
86.335308 0.108643 0.110685
86.346174 0.106398 0.110670
86.357041 0.109443 0.110657
86.367907 0.109443 0.110645
86.378774 0.108213 0.110636
86.389640 0.104983 0.110628
86.400506 0.108397 0.110622
86.411373 0.107905 0.110617
86.422239 0.108305 0.110613
86.433106 0.110612 0.110610
86.443972 0.108736 0.110608
86.454839 0.113011 0.110606
86.465705 0.109597 0.110605
86.476572 0.108613 0.110605
86.487438 0.107844 0.110605
86.498304 0.109474 0.110606
86.509171 0.108643 0.110607
86.520037 0.110274 0.110608
86.530904 0.110797 0.110610
86.541770 0.107567 0.110612
86.552637 0.111873 0.110614
86.563503 0.110704 0.110616
86.574369 0.111443 0.110619
86.585236 0.109412 0.110621
86.596102 0.104675 0.110624
86.606969 0.110151 0.110627
86.617835 0.107998 0.110630
86.628702 0.107475 0.110634
86.639568 0.109443 0.110637
86.650435 0.109197 0.110641
86.661301 0.108428 0.110644
86.672167 0.106213 0.110648
86.683034 0.110212 0.110652
86.693900 0.113996 0.110656
86.704767 0.110397 0.110660
86.715633 0.109597 0.110664
86.726500 0.110366 0.110668
86.737366 0.110028 0.110672
86.748233 0.111074 0.110677
86.759099 0.111412 0.110681
86.769965 0.109259 0.110685
86.780832 0.110212 0.110690
86.791698 0.104429 0.110694
86.802565 0.110520 0.110699
86.813431 0.109628 0.110704
86.824298 0.107875 0.110708
86.835164 0.109505 0.110713
86.846030 0.109874 0.110718
86.856897 0.110858 0.110723
86.867763 0.109843 0.110727
86.878630 0.108767 0.110732
86.889496 0.110766 0.110737
86.900363 0.110243 0.110742
86.911229 0.111719 0.110747
86.922096 0.112458 0.110752
86.932962 0.110058 0.110757
86.943828 0.109013 0.110763
86.954695 0.111258 0.110768
86.965561 0.110058 0.110773
86.976428 0.111504 0.110778
86.987294 0.109351 0.110783
86.998161 0.108274 0.110789
87.009027 0.112642 0.110794
87.019894 0.112365 0.110799
87.030760 0.108674 0.110805
87.041626 0.104491 0.110810
87.052493 0.111812 0.110816
87.063359 0.107505 0.110821
87.074226 0.105291 0.110827
87.085092 0.109289 0.110832
87.095959 0.108643 0.110838
87.106825 0.108059 0.110843
87.117691 0.110889 0.110849
87.128558 0.107321 0.110854
87.139424 0.107352 0.110860
87.150291 0.107229 0.110866
87.161157 0.108274 0.110872
87.172024 0.110458 0.110877
87.182890 0.113104 0.110883
87.193757 0.108274 0.110889
87.204623 0.108551 0.110895
87.215489 0.109166 0.110901
87.226356 0.110674 0.110906
87.237222 0.110305 0.110912
87.248089 0.107813 0.110918
87.258955 0.107967 0.110924
87.269822 0.114703 0.110930
87.280688 0.108274 0.110936
87.291555 0.112150 0.110942
87.302421 0.106337 0.110949
87.313287 0.111935 0.110955
87.324154 0.110151 0.110961
87.335020 0.108028 0.110967
87.345887 0.110520 0.110973
87.356753 0.108028 0.110980
87.367620 0.111289 0.110986
87.378486 0.107167 0.110992
87.389352 0.108121 0.110999
87.400219 0.108828 0.111005
87.411085 0.108828 0.111012
87.421952 0.108951 0.111018
87.432818 0.106090 0.111025
87.443685 0.111166 0.111031
87.454551 0.109874 0.111038
87.465418 0.107998 0.111045
87.476284 0.106890 0.111051
87.487150 0.105506 0.111058
87.498017 0.113596 0.111065
87.508883 0.109228 0.111072
87.519750 0.109136 0.111079
87.530616 0.109782 0.111086
87.541483 0.109966 0.111093
87.552349 0.109043 0.111100
87.563215 0.111535 0.111107
87.574082 0.111412 0.111114
87.584948 0.111012 0.111122
87.595815 0.111843 0.111129
87.606681 0.112427 0.111136
87.617548 0.107106 0.111144
87.628414 0.111966 0.111151
87.639281 0.109105 0.111159
87.650147 0.113473 0.111167
87.661013 0.112488 0.111174
87.671880 0.107106 0.111182
87.682746 0.113504 0.111190
87.693613 0.107352 0.111198
87.704479 0.111443 0.111207
87.715346 0.110028 0.111215
87.726212 0.108182 0.111223
87.737079 0.107998 0.111232
87.747945 0.111658 0.111240
87.758811 0.110028 0.111249
87.769678 0.110058 0.111258
87.780544 0.107413 0.111267
87.791411 0.107413 0.111276
87.802277 0.112304 0.111285
87.813144 0.111966 0.111294
87.824010 0.108274 0.111304
87.834877 0.111074 0.111314
87.845743 0.110212 0.111323
87.856609 0.106982 0.111334
87.867476 0.107998 0.111344
87.878342 0.110366 0.111354
87.889209 0.113319 0.111365
87.900075 0.108951 0.111376
87.910942 0.109013 0.111387
87.921808 0.106829 0.111399
87.932674 0.109197 0.111411
87.943541 0.110827 0.111423
87.954407 0.109013 0.111436
87.965274 0.107382 0.111449
87.976140 0.112765 0.111462
87.987007 0.109935 0.111476
87.997873 0.110366 0.111490
88.008740 0.108367 0.111505
88.019606 0.112212 0.111520
88.030472 0.113780 0.111537
88.041339 0.111043 0.111554
88.052205 0.111658 0.111571
88.063072 0.112858 0.111590
88.073938 0.109351 0.111610
88.084805 0.112396 0.111631
88.095671 0.111258 0.111653
88.106538 0.110797 0.111677
88.117404 0.113319 0.111703
88.128270 0.110397 0.111730
88.139137 0.113934 0.111760
88.150003 0.105444 0.111792
88.160870 0.107321 0.111827
88.171736 0.105106 0.111865
88.182603 0.110458 0.111906
88.193469 0.111750 0.111950
88.204335 0.111320 0.111999
88.215202 0.110212 0.112051
88.226068 0.108643 0.112108
88.236935 0.108028 0.112170
88.247801 0.111719 0.112236
88.258668 0.107751 0.112307
88.269534 0.112735 0.112383
88.280401 0.111873 0.112463
88.291267 0.109751 0.112548
88.302133 0.111596 0.112635
88.313000 0.110212 0.112725
88.323866 0.109105 0.112817
88.334733 0.110674 0.112909
88.345599 0.112150 0.113000
88.356466 0.107690 0.113089
88.367332 0.111320 0.113177
88.378199 0.111104 0.113260
88.389065 0.109074 0.113339
88.399931 0.112581 0.113412
88.410798 0.110674 0.113478
88.421664 0.112827 0.113536
88.432531 0.111719 0.113583
88.443397 0.110920 0.113620
88.454264 0.111166 0.113648
88.465130 0.109474 0.113667
88.475996 0.110797 0.113680
88.486863 0.110212 0.113688
88.497729 0.112519 0.113694
88.508596 0.114119 0.113701
88.519462 0.115257 0.113708
88.530329 0.110827 0.113718
88.541195 0.110489 0.113728
88.552062 0.114303 0.113740
88.562928 0.112704 0.113750
88.573794 0.115349 0.113757
88.584661 0.113196 0.113761
88.595527 0.115687 0.113760
88.606394 0.113104 0.113755
88.617260 0.113473 0.113747
88.628127 0.112027 0.113738
88.638993 0.112396 0.113730
88.649860 0.116703 0.113727
88.660726 0.114426 0.113730
88.671592 0.112827 0.113741
88.682459 0.115657 0.113761
88.693325 0.115318 0.113793
88.704192 0.113473 0.113835
88.715058 0.116210 0.113889
88.725925 0.116087 0.113953
88.736791 0.116856 0.114027
88.747657 0.114918 0.114108
88.758524 0.117472 0.114195
88.769390 0.112827 0.114285
88.780257 0.114149 0.114376
88.791123 0.114026 0.114465
88.801990 0.113719 0.114549
88.812856 0.116703 0.114626
88.823723 0.112704 0.114694
88.834589 0.115780 0.114753
88.845455 0.113196 0.114803
88.856322 0.115011 0.114843
88.867188 0.114949 0.114877
88.878055 0.116026 0.114906
88.888921 0.114918 0.114933
88.899788 0.115072 0.114959
88.910654 0.115380 0.114987
88.921520 0.115318 0.115017
88.932387 0.115934 0.115049
88.943253 0.116549 0.115083
88.954120 0.115872 0.115118
88.964986 0.112150 0.115151
88.975853 0.111627 0.115183
88.986719 0.113903 0.115210
88.997586 0.116395 0.115231
89.008452 0.117256 0.115247
89.019318 0.113965 0.115255
89.030185 0.115995 0.115257
89.041051 0.114026 0.115254
89.051918 0.113903 0.115248
89.062784 0.115964 0.115240
89.073651 0.113842 0.115233
89.084517 0.113750 0.115229
89.095384 0.114365 0.115227
89.106250 0.113596 0.115231
89.117116 0.112519 0.115241
89.127983 0.112027 0.115257
89.138849 0.115349 0.115281
89.149716 0.113257 0.115312
89.160582 0.112150 0.115351
89.171449 0.112242 0.115396
89.182315 0.113996 0.115449
89.193182 0.112150 0.115507
89.204048 0.112273 0.115569
89.214914 0.111258 0.115634
89.225781 0.113873 0.115698
89.236647 0.114795 0.115761
89.247514 0.110950 0.115819
89.258380 0.110827 0.115869
89.269247 0.114980 0.115911
89.280113 0.112827 0.115942
89.290979 0.112058 0.115964
89.301846 0.112612 0.115977
89.312712 0.110151 0.115986
89.323579 0.110858 0.115993
89.334445 0.109412 0.116003
89.345312 0.110858 0.116021
89.356178 0.115011 0.116051
89.367045 0.112858 0.116097
89.377911 0.112365 0.116164
89.388777 0.112458 0.116255
89.399644 0.113073 0.116373
89.410510 0.112550 0.116521
89.421377 0.111104 0.116703
89.432243 0.112027 0.116922
89.443110 0.114826 0.117181
89.453976 0.113442 0.117483
89.464843 0.112058 0.117831
89.475709 0.117164 0.118230
89.486575 0.112212 0.118683
89.497442 0.116087 0.119192
89.508308 0.113965 0.119760
89.519175 0.116549 0.120392
89.530041 0.120824 0.121087
89.540908 0.115380 0.121847
89.551774 0.121532 0.122671
89.562640 0.124054 0.123555
89.573507 0.119963 0.124493
89.584373 0.124700 0.125476
89.595240 0.121040 0.126489
89.606106 0.128114 0.127512
89.616973 0.127715 0.128523
89.627839 0.128576 0.129496
89.638706 0.126792 0.130406
89.649572 0.134543 0.131231
89.660438 0.128576 0.131957
89.671305 0.133590 0.132581
89.682171 0.129898 0.133107
89.693038 0.131436 0.133550
89.703904 0.133159 0.133928
89.714771 0.130944 0.134259
89.725637 0.122824 0.134556
89.736503 0.127530 0.134824
89.747370 0.124700 0.135062
89.758236 0.123008 0.135260
89.769103 0.125592 0.135405
89.779969 0.121563 0.135484
89.790836 0.119717 0.135490
89.801702 0.120947 0.135420
89.812569 0.120824 0.135282
89.823435 0.114211 0.135086
89.834301 0.120886 0.134847
89.845168 0.118886 0.134578
89.856034 0.118517 0.134283
89.866901 0.118763 0.133961
89.877767 0.121901 0.133603
89.888634 0.119256 0.133191
89.899500 0.121962 0.132707
89.910367 0.123562 0.132135
89.921233 0.123685 0.131463
89.932099 0.121409 0.130690
89.942966 0.126453 0.129824
89.953832 0.122270 0.128884
89.964699 0.119010 0.127893
89.975565 0.124423 0.126875
89.986432 0.122055 0.125854
89.997298 0.122209 0.124852
90.008165 0.121870 0.123885
90.019031 0.119686 0.122965
90.029897 0.119071 0.122099
90.040764 0.115934 0.121292
90.051630 0.120178 0.120546
90.062497 0.114549 0.119860
90.073363 0.113811 0.119234
90.084230 0.116087 0.118663
90.095096 0.114180 0.118146
90.105962 0.117072 0.117679
90.116829 0.116918 0.117258
90.127695 0.115134 0.116879
90.138562 0.110858 0.116538
90.149428 0.115011 0.116232
90.160295 0.112519 0.115957
90.171161 0.113996 0.115710
90.182028 0.115411 0.115489
90.192894 0.115195 0.115289
90.203760 0.113903 0.115109
90.214627 0.110520 0.114947
90.225493 0.110120 0.114800
90.236360 0.114488 0.114666
90.247226 0.116949 0.114544
90.258093 0.115472 0.114433
90.268959 0.115718 0.114331
90.279826 0.115749 0.114237
90.290692 0.111289 0.114150
90.301558 0.111320 0.114070
90.312425 0.117102 0.113996
90.323291 0.113380 0.113927
90.334158 0.116518 0.113863
90.345024 0.113842 0.113803
90.355891 0.114426 0.113747
90.366757 0.112304 0.113694
90.377623 0.114149 0.113645
90.388490 0.111781 0.113599
90.399356 0.115195 0.113556
90.410223 0.111289 0.113515
90.421089 0.116918 0.113477
90.431956 0.115318 0.113441
90.442822 0.113873 0.113407
90.453689 0.112673 0.113375
90.464555 0.112704 0.113345
90.475421 0.114949 0.113317
90.486288 0.113873 0.113290
90.497154 0.111843 0.113264
90.508021 0.112858 0.113240
90.518887 0.111904 0.113217
90.529754 0.110889 0.113196
90.540620 0.113657 0.113176
90.551487 0.112765 0.113156
90.562353 0.114149 0.113138
90.573219 0.114488 0.113121
90.584086 0.113473 0.113105
90.594952 0.113873 0.113089
90.605819 0.111719 0.113074
90.616685 0.113227 0.113061
90.627552 0.109843 0.113047
90.638418 0.115811 0.113035
90.649284 0.111443 0.113023
90.660151 0.113473 0.113012
90.671017 0.115226 0.113001
90.681884 0.112827 0.112991
90.692750 0.109782 0.112982
90.703617 0.113688 0.112973
90.714483 0.108551 0.112964
90.725350 0.113411 0.112956
90.736216 0.110243 0.112949
90.747082 0.114242 0.112942
90.757949 0.112089 0.112935
90.768815 0.111381 0.112928
90.779682 0.113227 0.112922
90.790548 0.110674 0.112917
90.801415 0.114457 0.112911
90.812281 0.109874 0.112906
90.823148 0.112089 0.112902
90.834014 0.114303 0.112897
90.844880 0.113442 0.112893
90.855747 0.111473 0.112889
90.866613 0.111258 0.112886
90.877480 0.112335 0.112882
90.888346 0.112181 0.112879
90.899213 0.110028 0.112876
90.910079 0.109597 0.112874
90.920945 0.112027 0.112871
90.931812 0.110858 0.112869
90.942678 0.108520 0.112867
90.953545 0.110489 0.112865
90.964411 0.111843 0.112864
90.975278 0.113104 0.112862
90.986144 0.110950 0.112861
90.997011 0.115964 0.112860
91.007877 0.109812 0.112859
91.018743 0.108736 0.112858
91.029610 0.113873 0.112857
91.040476 0.113873 0.112856
91.051343 0.111473 0.112856
91.062209 0.108336 0.112856
91.073076 0.108028 0.112856
91.083942 0.109843 0.112855
91.094808 0.110858 0.112856
91.105675 0.112919 0.112856
91.116541 0.110428 0.112856
91.127408 0.111197 0.112856
91.138274 0.109505 0.112857
91.149141 0.110458 0.112857
91.160007 0.112519 0.112858
91.170874 0.112181 0.112859
91.181740 0.110950 0.112860
91.192606 0.112304 0.112861
91.203473 0.106090 0.112862
91.214339 0.115011 0.112863
91.225206 0.111135 0.112864
91.236072 0.110366 0.112865
91.246939 0.113288 0.112867
91.257805 0.111197 0.112868
91.268672 0.115595 0.112870
91.279538 0.114703 0.112871
91.290404 0.113073 0.112873
91.301271 0.111966 0.112874
91.312137 0.112981 0.112876
91.323004 0.113104 0.112878
91.333870 0.112335 0.112880
91.344737 0.111873 0.112882
91.355603 0.109166 0.112884
91.366470 0.110489 0.112886
91.377336 0.107813 0.112888
91.388202 0.113134 0.112890
91.399069 0.108151 0.112892
91.409935 0.111289 0.112894
91.420802 0.113442 0.112897
91.431668 0.107413 0.112899
91.442535 0.113688 0.112901
91.453401 0.110981 0.112904
91.464267 0.110520 0.112906
91.475134 0.115811 0.112909
91.486000 0.112981 0.112911
91.496867 0.110089 0.112914
91.507733 0.113165 0.112916
91.518600 0.109320 0.112919
91.529466 0.110643 0.112922
91.540333 0.112765 0.112924
91.551199 0.115380 0.112927
91.562065 0.107444 0.112930
91.572932 0.111689 0.112933
91.583798 0.110920 0.112935
91.594665 0.111719 0.112938
91.605531 0.112488 0.112941
91.616398 0.110305 0.112944
91.627264 0.112058 0.112947
91.638131 0.114088 0.112950
91.648997 0.109351 0.112953
91.659863 0.109997 0.112956
91.670730 0.109259 0.112959
91.681596 0.115257 0.112962
91.692463 0.110858 0.112965
91.703329 0.108613 0.112968
91.714196 0.113288 0.112971
91.725062 0.109935 0.112974
91.735928 0.109197 0.112978
91.746795 0.110089 0.112981
91.757661 0.113504 0.112984
91.768528 0.112396 0.112987
91.779394 0.110397 0.112990
91.790261 0.110151 0.112994
91.801127 0.110335 0.112997
91.811994 0.108674 0.113000
91.822860 0.111627 0.113004
91.833726 0.113165 0.113007
91.844593 0.114980 0.113010
91.855459 0.112704 0.113014
91.866326 0.107967 0.113017
91.877192 0.111719 0.113020
91.888059 0.108736 0.113024
91.898925 0.111627 0.113027
91.909791 0.109382 0.113031
91.920658 0.110920 0.113034
91.931524 0.110151 0.113037
91.942391 0.107598 0.113041
91.953257 0.110151 0.113044
91.964124 0.113811 0.113048
91.974990 0.112519 0.113051
91.985857 0.109412 0.113055
91.996723 0.112488 0.113058
92.007589 0.111381 0.113062
92.018456 0.114549 0.113066
92.029322 0.110028 0.113069
92.040189 0.109720 0.113073
92.051055 0.111197 0.113076
92.061922 0.110797 0.113080
92.072788 0.113442 0.113083
92.083655 0.108859 0.113087
92.094521 0.109105 0.113091
92.105387 0.109997 0.113094
92.116254 0.106644 0.113098
92.127120 0.110120 0.113102
92.137987 0.107751 0.113105
92.148853 0.111074 0.113109
92.159720 0.109597 0.113112
92.170586 0.110766 0.113116
92.181453 0.110766 0.113120
92.192319 0.113134 0.113123
92.203185 0.107751 0.113127
92.214052 0.107721 0.113131
92.224918 0.109412 0.113135
92.235785 0.109628 0.113138
92.246651 0.112888 0.113142
92.257518 0.111227 0.113146
92.268384 0.107967 0.113149
92.279250 0.110212 0.113153
92.290117 0.110581 0.113157
92.300983 0.110458 0.113161
92.311850 0.109228 0.113164
92.322716 0.109474 0.113168
92.333583 0.108890 0.113172
92.344449 0.111381 0.113175
92.355316 0.112612 0.113179
92.366182 0.111258 0.113183
92.377048 0.109197 0.113187
92.387915 0.107413 0.113190
92.398781 0.111843 0.113194
92.409648 0.112888 0.113198
92.420514 0.111750 0.113202
92.431381 0.109812 0.113206
92.442247 0.111197 0.113209
92.453114 0.112027 0.113213
92.463980 0.110520 0.113217
92.474846 0.108828 0.113221
92.485713 0.113257 0.113224
92.496579 0.109751 0.113228
92.507446 0.114273 0.113232
92.518312 0.108951 0.113236
92.529179 0.110305 0.113240
92.540045 0.108182 0.113243
92.550911 0.109474 0.113247
92.561778 0.114980 0.113251
92.572644 0.107998 0.113255
92.583511 0.108890 0.113259
92.594377 0.112058 0.113262
92.605244 0.113104 0.113266
92.616110 0.111473 0.113270
92.626977 0.109966 0.113274
92.637843 0.110243 0.113278
92.648709 0.111289 0.113281
92.659576 0.111258 0.113285
92.670442 0.110243 0.113289
92.681309 0.110950 0.113293
92.692175 0.109013 0.113297
92.703042 0.111135 0.113300
92.713908 0.112335 0.113304
92.724775 0.115318 0.113308
92.735641 0.113750 0.113312
92.746507 0.111381 0.113316
92.757374 0.114457 0.113319
92.768240 0.116426 0.113323
92.779107 0.112919 0.113327
92.789973 0.116949 0.113331
92.800840 0.117564 0.113335
92.811706 0.116272 0.113338
92.822572 0.118702 0.113342
92.833439 0.113780 0.113346
92.844305 0.115226 0.113350
92.855172 0.113011 0.113354
92.866038 0.114857 0.113357
92.876905 0.116641 0.113361
92.887771 0.120548 0.113365
92.898638 0.118640 0.113369
92.909504 0.117748 0.113372
92.920370 0.117195 0.113376
92.931237 0.112735 0.113380
92.942103 0.112827 0.113384
92.952970 0.116672 0.113388
92.963836 0.114457 0.113391
92.974703 0.116518 0.113395
92.985569 0.113965 0.113399
92.996436 0.113227 0.113403
93.007302 0.112950 0.113406
93.018168 0.110458 0.113410
93.029035 0.110335 0.113414
93.039901 0.107475 0.113418
93.050768 0.113965 0.113422
93.061634 0.114334 0.113425
93.072501 0.110120 0.113429
93.083367 0.117441 0.113433
93.094233 0.114519 0.113437
93.105100 0.113811 0.113440
93.115966 0.111535 0.113444
93.126833 0.115934 0.113448
93.137699 0.114457 0.113452
93.148566 0.115441 0.113455
93.159432 0.114519 0.113459
93.170299 0.117625 0.113463
93.181165 0.113688 0.113467
93.192031 0.112858 0.113470
93.202898 0.113011 0.113474
93.213764 0.112888 0.113478
93.224631 0.114149 0.113481
93.235497 0.114211 0.113485
93.246364 0.110612 0.113489
93.257230 0.108367 0.113493
93.268096 0.111258 0.113496
93.278963 0.111689 0.113500
93.289829 0.114580 0.113504
93.300696 0.113688 0.113507
93.311562 0.109412 0.113511
93.322429 0.110674 0.113515
93.333295 0.111535 0.113519
93.344162 0.106736 0.113522
93.355028 0.109351 0.113526
93.365894 0.113380 0.113530
93.376761 0.110520 0.113533
93.387627 0.109228 0.113537
93.398494 0.112365 0.113541
93.409360 0.110366 0.113544
93.420227 0.107598 0.113548
93.431093 0.109289 0.113552
93.441960 0.109228 0.113555
93.452826 0.110920 0.113559
93.463692 0.111596 0.113563
93.474559 0.107106 0.113566
93.485425 0.109935 0.113570
93.496292 0.109566 0.113573
93.507158 0.113934 0.113577
93.518025 0.113319 0.113581
93.528891 0.111566 0.113584
93.539758 0.108028 0.113588
93.550624 0.109720 0.113592
93.561490 0.109412 0.113595
93.572357 0.107905 0.113599
93.583223 0.109105 0.113602
93.594090 0.110243 0.113606
93.604956 0.110243 0.113610
93.615823 0.108551 0.113613
93.626689 0.112981 0.113617
93.637555 0.114826 0.113620
93.648422 0.111935 0.113624
93.659288 0.109720 0.113627
93.670155 0.109043 0.113631
93.681021 0.108767 0.113635
93.691888 0.110458 0.113638
93.702754 0.110643 0.113642
93.713621 0.107505 0.113645
93.724487 0.108367 0.113649
93.735353 0.108490 0.113652
93.746220 0.112058 0.113656
93.757086 0.111412 0.113659
93.767953 0.111719 0.113663
93.778819 0.111043 0.113666
93.789686 0.106060 0.113670
93.800552 0.109505 0.113673
93.811419 0.110766 0.113677
93.822285 0.106798 0.113680
93.833151 0.105598 0.113684
93.844018 0.111227 0.113687
93.854884 0.112242 0.113691
93.865751 0.112396 0.113694
93.876617 0.111873 0.113698
93.887484 0.109905 0.113701
93.898350 0.108797 0.113705
93.909216 0.111658 0.113708
93.920083 0.109874 0.113712
93.930949 0.112181 0.113715
93.941816 0.108244 0.113719
93.952682 0.112581 0.113722
93.963549 0.110397 0.113725
93.974415 0.110674 0.113729
93.985282 0.111227 0.113732
93.996148 0.112427 0.113736
94.007014 0.109382 0.113739
94.017881 0.109997 0.113743
94.028747 0.109105 0.113746
94.039614 0.108705 0.113749
94.050480 0.113688 0.113753
94.061347 0.111473 0.113756
94.072213 0.108459 0.113759
94.083079 0.110920 0.113763
94.093946 0.108767 0.113766
94.104812 0.107721 0.113770
94.115679 0.111781 0.113773
94.126545 0.109259 0.113776
94.137412 0.112181 0.113780
94.148278 0.112612 0.113783
94.159145 0.110797 0.113786
94.170011 0.112888 0.113790
94.180877 0.111104 0.113793
94.191744 0.111504 0.113796
94.202610 0.108674 0.113800
94.213477 0.113627 0.113803
94.224343 0.113811 0.113806
94.235210 0.110797 0.113809
94.246076 0.112365 0.113813
94.256943 0.109043 0.113816
94.267809 0.114488 0.113819
94.278675 0.111966 0.113822
94.289542 0.113257 0.113826
94.300408 0.108151 0.113829
94.311275 0.114795 0.113832
94.322141 0.108397 0.113835
94.333008 0.110212 0.113839
94.343874 0.109474 0.113842
94.354741 0.112058 0.113845
94.365607 0.111658 0.113848
94.376473 0.110120 0.113852
94.387340 0.113996 0.113855
94.398206 0.111658 0.113858
94.409073 0.107321 0.113861
94.419939 0.111873 0.113864
94.430806 0.112212 0.113868
94.441672 0.110551 0.113871
94.452538 0.110704 0.113874
94.463405 0.112427 0.113877
94.474271 0.109597 0.113880
94.485138 0.111227 0.113883
94.496004 0.110305 0.113886
94.506871 0.110458 0.113890
94.517737 0.112673 0.113893
94.528604 0.110858 0.113896
94.539470 0.111535 0.113899
94.550336 0.109536 0.113902
94.561203 0.117287 0.113905
94.572069 0.113165 0.113908
94.582936 0.113257 0.113911
94.593802 0.113565 0.113914
94.604669 0.115134 0.113917
94.615535 0.112058 0.113920
94.626402 0.114396 0.113924
94.637268 0.111873 0.113927
94.648134 0.115534 0.113930
94.659001 0.116979 0.113933
94.669867 0.112950 0.113936
94.680734 0.112488 0.113939
94.691600 0.114765 0.113942
94.702467 0.112827 0.113945
94.713333 0.111966 0.113948
94.724199 0.114765 0.113951
94.735066 0.117133 0.113954
94.745932 0.110058 0.113957
94.756799 0.118210 0.113960
94.767665 0.116641 0.113963
94.778532 0.115718 0.113966
94.789398 0.123470 0.113968
94.800265 0.115318 0.113971
94.811131 0.114980 0.113974
94.821997 0.120086 0.113977
94.832864 0.119379 0.113980
94.843730 0.116856 0.113983
94.854597 0.120424 0.113986
94.865463 0.122178 0.113989
94.876330 0.115964 0.113992
94.887196 0.123993 0.113995
94.898063 0.118517 0.113998
94.908929 0.120978 0.114000
94.919795 0.120978 0.114003
94.930662 0.124731 0.114006
94.941528 0.124392 0.114009
94.952395 0.126915 0.114012
94.963261 0.125592 0.114015
94.974128 0.127684 0.114017
94.984994 0.129806 0.114020
94.995860 0.128422 0.114023
95.006727 0.136266 0.114026
95.017593 0.134143 0.114029
95.028460 0.132267 0.114031
95.039326 0.137865 0.114034
95.050193 0.141587 0.114037
95.061059 0.141403 0.114040
95.071926 0.141587 0.114042
95.082792 0.147124 0.114045
95.093658 0.144448 0.114048
95.104525 0.145709 0.114051
95.115391 0.150015 0.114053
95.126258 0.144448 0.114056
95.137124 0.148324 0.114059
95.147991 0.149400 0.114061
95.158857 0.145494 0.114064
95.169724 0.142172 0.114067
95.180590 0.142848 0.114070
95.191456 0.143494 0.114072
95.202323 0.144602 0.114075
95.213189 0.142479 0.114077
95.224056 0.140880 0.114080
95.234922 0.142418 0.114083
95.245789 0.138911 0.114085
95.256655 0.139834 0.114088
95.267521 0.143248 0.114091
95.278388 0.142387 0.114093
95.289254 0.142079 0.114096
95.300121 0.144386 0.114098
95.310987 0.146970 0.114101
95.321854 0.150292 0.114104
95.332720 0.152661 0.114106
95.343587 0.154414 0.114109
95.354453 0.153491 0.114111
95.365319 0.154937 0.114114
95.376186 0.155122 0.114116
95.387052 0.152753 0.114119
95.397919 0.152907 0.114121
95.408785 0.153368 0.114124
95.419652 0.154168 0.114126
95.430518 0.150508 0.114129
95.441384 0.149185 0.114131
95.452251 0.145278 0.114134
95.463117 0.144356 0.114136
95.473984 0.139157 0.114139
95.484850 0.141526 0.114141
95.495717 0.139526 0.114143
95.506583 0.135035 0.114146
95.517450 0.133743 0.114148
95.528316 0.137373 0.114151
95.539182 0.132728 0.114153
95.550049 0.136420 0.114155
95.560915 0.131529 0.114158
95.571782 0.129376 0.114160
95.582648 0.128945 0.114163
95.593515 0.133590 0.114165
95.604381 0.130145 0.114167
95.615248 0.129253 0.114170
95.626114 0.137896 0.114172
95.636980 0.128822 0.114174
95.647847 0.133190 0.114177
95.658713 0.134143 0.114179
95.669580 0.132175 0.114181
95.680446 0.131037 0.114183
95.691313 0.133405 0.114186
95.702179 0.132359 0.114188
95.713046 0.129068 0.114190
95.723912 0.127376 0.114192
95.734778 0.129314 0.114195
95.745645 0.129529 0.114197
95.756511 0.125161 0.114199
95.767378 0.123254 0.114201
95.778244 0.126361 0.114204
95.789111 0.122824 0.114206
95.799977 0.123070 0.114208
95.810843 0.121655 0.114210
95.821710 0.124300 0.114212
95.832576 0.120455 0.114214
95.843443 0.119040 0.114217
95.854309 0.119102 0.114219
95.865176 0.117718 0.114221
95.876042 0.120086 0.114223
95.886909 0.118425 0.114225
95.897775 0.117964 0.114227
95.908641 0.121593 0.114229
95.919508 0.117072 0.114231
95.930374 0.120578 0.114233
95.941241 0.118487 0.114235
95.952107 0.116979 0.114237
95.962974 0.116057 0.114240
95.973840 0.115841 0.114242
95.984707 0.115995 0.114244
95.995573 0.118579 0.114246
96.006439 0.116856 0.114248
96.017306 0.118886 0.114250
96.028172 0.116118 0.114252
96.039039 0.115995 0.114254
96.049905 0.113688 0.114255
96.060772 0.113319 0.114257
96.071638 0.113719 0.114259
96.082504 0.116918 0.114261
96.093371 0.117625 0.114263
96.104237 0.113688 0.114265
96.115104 0.116057 0.114267
96.125970 0.113842 0.114269
96.136837 0.119625 0.114271
96.147703 0.117318 0.114273
96.158570 0.115811 0.114275
96.169436 0.115288 0.114276
96.180302 0.115749 0.114278
96.191169 0.112827 0.114280
96.202035 0.113411 0.114282
96.212902 0.113811 0.114284
96.223768 0.113903 0.114286
96.234635 0.113996 0.114287
96.245501 0.114242 0.114289
96.256368 0.114826 0.114291
96.267234 0.114211 0.114293
96.278100 0.117164 0.114294
96.288967 0.109782 0.114296
96.299833 0.113565 0.114298
96.310700 0.112858 0.114300
96.321566 0.112981 0.114301
96.332433 0.111381 0.114303
96.343299 0.113073 0.114305
96.354165 0.115318 0.114306
96.365032 0.111320 0.114308
96.375898 0.111719 0.114310
96.386765 0.113688 0.114311
96.397631 0.113719 0.114313
96.408498 0.112488 0.114315
96.419364 0.114057 0.114316
96.430231 0.114703 0.114318
96.441097 0.114549 0.114320
96.451963 0.111781 0.114321
96.462830 0.113750 0.114323
96.473696 0.113227 0.114324
96.484563 0.114303 0.114326
96.495429 0.115134 0.114327
96.506296 0.116210 0.114329
96.517162 0.111873 0.114331
96.528029 0.113442 0.114332
96.538895 0.113688 0.114334
96.549761 0.114303 0.114335
96.560628 0.113473 0.114337
96.571494 0.113688 0.114338
96.582361 0.112089 0.114339
96.593227 0.116610 0.114341
96.604094 0.114303 0.114342
96.614960 0.111258 0.114344
96.625826 0.114149 0.114345
96.636693 0.111166 0.114347
96.647559 0.110797 0.114348
96.658426 0.112488 0.114349
96.669292 0.115103 0.114351
96.680159 0.115103 0.114352
96.691025 0.111935 0.114354
96.701892 0.113350 0.114355
96.712758 0.113504 0.114356
96.723624 0.118425 0.114358
96.734491 0.112888 0.114359
96.745357 0.113411 0.114360
96.756224 0.114765 0.114361
96.767090 0.116057 0.114363
96.777957 0.115011 0.114364
96.788823 0.112150 0.114365
96.799689 0.112612 0.114367
96.810556 0.111566 0.114368
96.821422 0.114334 0.114369
96.832289 0.113319 0.114370
96.843155 0.112858 0.114371
96.854022 0.115995 0.114373
96.864888 0.116795 0.114374
96.875755 0.114734 0.114375
96.886621 0.114672 0.114376
96.897487 0.115165 0.114377
96.908354 0.114088 0.114378
96.919220 0.112365 0.114380
96.930087 0.111381 0.114381
96.940953 0.113873 0.114382
96.951820 0.109536 0.114383
96.962686 0.113442 0.114384
96.973553 0.114334 0.114385
96.984419 0.113811 0.114386
96.995285 0.113565 0.114387
97.006152 0.110950 0.114388
97.017018 0.115534 0.114389
97.027885 0.112242 0.114390
97.038751 0.113688 0.114391
97.049618 0.112796 0.114392
97.060484 0.115441 0.114393
97.071351 0.112212 0.114394
97.082217 0.113750 0.114395
97.093083 0.112981 0.114396
97.103950 0.113442 0.114397
97.114816 0.117010 0.114398
97.125683 0.114426 0.114399
97.136549 0.114088 0.114400
97.147416 0.114057 0.114401
97.158282 0.114980 0.114401
97.169148 0.113380 0.114402
97.180015 0.114334 0.114403
97.190881 0.113073 0.114404
97.201748 0.111843 0.114405
97.212614 0.114488 0.114406
97.223481 0.113011 0.114406
97.234347 0.108490 0.114407
97.245214 0.113534 0.114408
97.256080 0.112550 0.114409
97.266946 0.115564 0.114410
97.277813 0.114980 0.114410
97.288679 0.115964 0.114411
97.299546 0.110120 0.114412
97.310412 0.111227 0.114412
97.321279 0.112519 0.114413
97.332145 0.113596 0.114414
97.343012 0.112396 0.114415
97.353878 0.110489 0.114415
97.364744 0.111166 0.114416
97.375611 0.110212 0.114416
97.386477 0.115872 0.114417
97.397344 0.112242 0.114418
97.408210 0.108705 0.114418
97.419077 0.111381 0.114419
97.429943 0.111012 0.114419
97.440809 0.115472 0.114420
97.451676 0.115626 0.114421
97.462542 0.110612 0.114421
97.473409 0.110089 0.114422
97.484275 0.112796 0.114422
97.495142 0.108705 0.114423
97.506008 0.116180 0.114423
97.516875 0.111658 0.114424
97.527741 0.109474 0.114424
97.538607 0.111504 0.114425
97.549474 0.111135 0.114425
97.560340 0.111166 0.114425
97.571207 0.110428 0.114426
97.582073 0.109166 0.114426
97.592940 0.111443 0.114427
97.603806 0.109997 0.114427
97.614672 0.110704 0.114427
97.625539 0.114488 0.114428
97.636405 0.111473 0.114428
97.647272 0.109935 0.114428
97.658138 0.111412 0.114429
97.669005 0.111443 0.114429
97.679871 0.111443 0.114429
97.690738 0.109659 0.114430
97.701604 0.112181 0.114430
97.712470 0.108736 0.114430
97.723337 0.109905 0.114430
97.734203 0.113504 0.114430
97.745070 0.110028 0.114431
97.755936 0.108582 0.114431
97.766803 0.113227 0.114431
97.777669 0.110981 0.114431
97.788536 0.112796 0.114431
97.799402 0.109259 0.114432
97.810268 0.113227 0.114432
97.821135 0.110274 0.114432
97.832001 0.112642 0.114432
97.842868 0.111320 0.114432
97.853734 0.111658 0.114432
97.864601 0.110458 0.114432
97.875467 0.111719 0.114432
97.886334 0.112027 0.114432
97.897200 0.110489 0.114432
97.908066 0.109474 0.114432
97.918933 0.106798 0.114432
97.929799 0.112119 0.114432
97.940666 0.112581 0.114432
97.951532 0.108890 0.114432
97.962399 0.113104 0.114432
97.973265 0.110089 0.114432
97.984131 0.111566 0.114432
97.994998 0.113011 0.114432
98.005864 0.112181 0.114432
98.016731 0.108213 0.114432
98.027597 0.112058 0.114432
98.038464 0.110766 0.114431
98.049330 0.109136 0.114431
98.060197 0.113534 0.114431
98.071063 0.107259 0.114431
98.081929 0.109166 0.114431
98.092796 0.106675 0.114430
98.103662 0.110243 0.114430
98.114529 0.109782 0.114430
98.125395 0.108028 0.114430
98.136262 0.112704 0.114430
98.147128 0.112396 0.114429
98.157995 0.111504 0.114429
98.168861 0.110674 0.114429
98.179727 0.109997 0.114428
98.190594 0.111812 0.114428
98.201460 0.109659 0.114428
98.212327 0.109782 0.114427
98.223193 0.114026 0.114427
98.234060 0.112488 0.114427
98.244926 0.112119 0.114426
98.255792 0.110674 0.114426
98.266659 0.111104 0.114425
98.277525 0.111658 0.114425
98.288392 0.114149 0.114424
98.299258 0.111843 0.114424
98.310125 0.112642 0.114423
98.320991 0.109874 0.114423
98.331858 0.112365 0.114422
98.342724 0.114672 0.114422
98.353590 0.111596 0.114421
98.364457 0.110858 0.114421
98.375323 0.110151 0.114420
98.386190 0.110212 0.114420
98.397056 0.110581 0.114419
98.407923 0.111966 0.114418
98.418789 0.109812 0.114418
98.429656 0.112488 0.114417
98.440522 0.110889 0.114416
98.451388 0.110766 0.114416
98.462255 0.110674 0.114415
98.473121 0.113996 0.114414
98.483988 0.111258 0.114414
98.494854 0.112919 0.114413
98.505721 0.111750 0.114412
98.516587 0.113073 0.114411
98.527453 0.118548 0.114411
98.538320 0.112396 0.114410
98.549186 0.115318 0.114409
98.560053 0.112119 0.114408
98.570919 0.117133 0.114407
98.581786 0.116887 0.114407
98.592652 0.117379 0.114406
98.603519 0.116733 0.114405
98.614385 0.120332 0.114404
98.625251 0.121993 0.114403
98.636118 0.120178 0.114402
98.646984 0.119686 0.114401
98.657851 0.121378 0.114400
98.668717 0.120117 0.114399
98.679584 0.123254 0.114398
98.690450 0.122762 0.114397
98.701317 0.116826 0.114396
98.712183 0.125192 0.114395
98.723049 0.119594 0.114394
98.733916 0.122455 0.114393
98.744782 0.123408 0.114392
98.755649 0.117072 0.114391
98.766515 0.115380 0.114390
98.777382 0.116641 0.114389
98.788248 0.119563 0.114388
98.799114 0.113811 0.114387
98.809981 0.113288 0.114385
98.820847 0.113565 0.114384
98.831714 0.116087 0.114383
98.842580 0.113442 0.114382
98.853447 0.116210 0.114381
98.864313 0.113288 0.114379
98.875180 0.114303 0.114378
98.886046 0.113873 0.114377
98.896912 0.114365 0.114376
98.907779 0.114549 0.114374
98.918645 0.115103 0.114373
98.929512 0.116795 0.114372
98.940378 0.110981 0.114370
98.951245 0.115257 0.114369
98.962111 0.116918 0.114368
98.972977 0.116272 0.114366
98.983844 0.114765 0.114365
98.994710 0.117810 0.114364
99.005577 0.113688 0.114362
99.016443 0.114488 0.114361
99.027310 0.117933 0.114359
99.038176 0.120025 0.114358
99.049043 0.114396 0.114356
99.059909 0.115626 0.114355
99.070775 0.117010 0.114353
99.081642 0.116026 0.114352
99.092508 0.111996 0.114350
99.103375 0.113903 0.114349
99.114241 0.111320 0.114347
99.125108 0.108090 0.114345
99.135974 0.112396 0.114344
99.146841 0.112181 0.114342
99.157707 0.113319 0.114341
99.168573 0.114396 0.114339
99.179440 0.113350 0.114337
99.190306 0.112458 0.114335
99.201173 0.110489 0.114334
99.212039 0.114180 0.114332
99.222906 0.113780 0.114330
99.233772 0.110766 0.114329
99.244639 0.108551 0.114327
99.255505 0.111473 0.114325
99.266371 0.108951 0.114323
99.277238 0.111381 0.114321
99.288104 0.112858 0.114320
99.298971 0.109351 0.114318
99.309837 0.110704 0.114316
99.320704 0.109966 0.114314
99.331570 0.112119 0.114312
99.342436 0.108982 0.114310
99.353303 0.109659 0.114308
99.364169 0.108982 0.114306
99.375036 0.109874 0.114304
99.385902 0.111812 0.114302
99.396769 0.106367 0.114300
99.407635 0.113042 0.114298
99.418502 0.112242 0.114296
99.429368 0.111627 0.114294
99.440234 0.113504 0.114292
99.451101 0.113165 0.114290
99.461967 0.110735 0.114288
99.472834 0.110058 0.114286
99.483700 0.110797 0.114284
99.494567 0.115934 0.114282
99.505433 0.110305 0.114279
99.516300 0.111197 0.114277
99.527166 0.112396 0.114275
99.538032 0.112089 0.114273
99.548899 0.109597 0.114271
99.559765 0.112242 0.114268
99.570632 0.110704 0.114266
99.581498 0.112212 0.114264
99.592365 0.108305 0.114262
99.603231 0.112427 0.114259
99.614097 0.111197 0.114257
99.624964 0.112458 0.114255
99.635830 0.109812 0.114252
99.646697 0.112150 0.114250
99.657563 0.107598 0.114247
99.668430 0.112919 0.114245
99.679296 0.108920 0.114243
99.690163 0.111689 0.114240
99.701029 0.112089 0.114238
99.711895 0.111658 0.114235
99.722762 0.110735 0.114233
99.733628 0.110089 0.114230
99.744495 0.116210 0.114228
99.755361 0.109597 0.114225
99.766228 0.109566 0.114223
99.777094 0.111412 0.114220
99.787960 0.112242 0.114217
99.798827 0.110827 0.114215
99.809693 0.108674 0.114212
99.820560 0.109443 0.114210
99.831426 0.107567 0.114207
99.842293 0.109720 0.114204
99.853159 0.105906 0.114202
99.864026 0.105967 0.114199
99.874892 0.109013 0.114196
99.885758 0.110274 0.114193
99.896625 0.112673 0.114191
99.907491 0.110674 0.114188
99.918358 0.113903 0.114185
99.929224 0.110458 0.114182
99.940091 0.107136 0.114179
99.950957 0.110766 0.114176
99.961824 0.110643 0.114174
99.972690 0.114396 0.114171
99.983556 0.109628 0.114168
99.994423 0.108951 0.114165
