12.60950	11954.00000
12.62990	12085.00000
12.65040	12290.00000
12.67080	12079.00000
12.69120	12116.00000
12.71160	12020.00000
12.73210	12304.00000
12.75250	12388.00000
12.77290	12114.00000
12.79340	12265.00000
12.81380	12162.00000
12.83420	12206.00000
12.85460	11990.00000
12.87510	11968.00000
12.89550	12086.00000
12.91590	12009.00000
12.93640	11757.00000
12.95680	12079.00000
12.97720	11887.00000
12.99760	12021.00000
13.01810	11995.00000
13.03850	11993.00000
13.05890	11958.00000
13.07940	11925.00000
13.09980	11861.00000
13.12020	11925.00000
13.14060	11737.00000
13.16110	11631.00000
13.18150	11645.00000
13.20190	11711.00000
13.22240	11794.00000
13.24280	11679.00000
13.26320	11759.00000
13.28360	11808.00000
13.30410	11974.00000
13.32450	11714.00000
13.34490	11644.00000
13.36540	11630.00000
13.38580	11842.00000
13.40620	11758.00000
13.42660	11881.00000
13.44710	11684.00000
13.46750	11897.00000
13.48790	11915.00000
13.50840	11808.00000
13.52880	11695.00000
13.54920	11528.00000
13.56960	11486.00000
13.59010	11805.00000
13.61050	11501.00000
13.63090	11525.00000
13.65130	11702.00000
13.67180	11490.00000
13.69220	11523.00000
13.71260	11593.00000
13.73310	11423.00000
13.75350	11541.00000
13.77390	11613.00000
13.79430	11512.00000
13.81480	11616.00000
13.83520	11503.00000
13.85560	11515.00000
13.87610	11310.00000
13.89650	11570.00000
13.91690	11350.00000
13.93730	11481.00000
13.95780	11498.00000
13.97820	11478.00000
13.99860	11392.00000
14.01910	11424.00000
14.03950	11568.00000
14.05990	11597.00000
14.08030	11477.00000
14.10080	11492.00000
14.12120	11410.00000
14.14160	11333.00000
14.16210	11395.00000
14.18250	11500.00000
14.20290	11464.00000
14.22330	11225.00000
14.24380	11362.00000
14.26420	11250.00000
14.28460	11433.00000
14.30510	11410.00000
14.32550	11176.00000
14.34590	11351.00000
14.36630	11294.00000
14.38680	11090.00000
14.40720	11442.00000
14.42760	11444.00000
14.44810	11158.00000
14.46850	11233.00000
14.48890	11427.00000
14.50930	11038.00000
14.52980	11383.00000
14.55020	11242.00000
14.57060	11228.00000
14.59110	11241.00000
14.61150	11195.00000
14.63190	11091.00000
14.65230	11162.00000
14.67280	11168.00000
14.69320	11260.00000
14.71360	11197.00000
14.73410	11198.00000
14.75450	11541.00000
14.77490	11470.00000
14.79530	11579.00000
14.81580	11632.00000
14.83620	11476.00000
14.85660	11863.00000
14.87700	11885.00000
14.89750	11845.00000
14.91790	11907.00000
14.93830	12048.00000
14.95880	11996.00000
14.97920	12020.00000
14.99960	12114.00000
15.02000	12309.00000
15.04050	12658.00000
15.06090	12787.00000
15.08130	13119.00000
15.10180	13534.00000
15.12220	14658.00000
15.14260	15453.00000
15.16300	17158.00000
15.18350	20111.00000
15.20390	24056.00000
15.22430	30459.00000
15.24480	39443.00000
15.26520	49901.00000
15.28560	57624.00000
15.30600	56628.00000
15.32650	49891.00000
15.34690	40005.00000
15.36730	31021.00000
15.38780	23946.00000
15.40820	19626.00000
15.42860	16807.00000
15.44900	14930.00000
15.46950	13814.00000
15.48990	13304.00000
15.51030	12788.00000
15.53080	12353.00000
15.55120	12127.00000
15.57160	12234.00000
15.59200	11894.00000
15.61250	11883.00000
15.63290	11691.00000
15.65330	11517.00000
15.67380	11894.00000
15.69420	11723.00000
15.71460	11937.00000
15.73500	11450.00000
15.75550	11865.00000
15.77590	11561.00000
15.79630	11610.00000
15.81680	11819.00000
15.83720	11506.00000
15.85760	11499.00000
15.87800	11416.00000
15.89850	11304.00000
15.91890	11386.00000
15.93930	11350.00000
15.95980	11208.00000
15.98020	11467.00000
16.00060	11164.00000
16.02100	11519.00000
16.04150	11395.00000
16.06190	11532.00000
16.08230	11598.00000
16.10280	11741.00000
16.12320	11943.00000
16.14360	12426.00000
16.16400	12953.00000
16.18450	13858.00000
16.20490	15066.00000
16.22530	16716.00000
16.24570	18830.00000
16.26620	20584.00000
16.28660	21187.00000
16.30700	20016.00000
16.32750	17939.00000
16.34790	16110.00000
16.36830	14387.00000
16.38870	13017.00000
16.40920	12657.00000
16.42960	11826.00000
16.45000	11487.00000
16.47050	11240.00000
16.49090	11188.00000
16.51130	11143.00000
16.53170	11195.00000
16.55220	11118.00000
16.57260	11026.00000
16.59300	10867.00000
16.61350	10750.00000
16.63390	11075.00000
16.65430	10945.00000
16.67470	10893.00000
16.69520	11092.00000
16.71560	10640.00000
16.73600	10864.00000
16.75650	10825.00000
16.77690	10660.00000
16.79730	10623.00000
16.81770	10629.00000
16.83820	10690.00000
16.85860	10822.00000
16.87900	10748.00000
16.89950	10656.00000
16.91990	10745.00000
16.94030	10809.00000
16.96070	10668.00000
16.98120	10542.00000
17.00160	10751.00000
17.02200	10703.00000
17.04250	10574.00000
17.06290	10647.00000
17.08330	10941.00000
17.10370	10860.00000
17.12420	10589.00000
17.14460	10552.00000
17.16500	10633.00000
17.18550	10543.00000
17.20590	10492.00000
17.22630	10757.00000
17.24670	10749.00000
17.26720	10602.00000
17.28760	10559.00000
17.30800	10569.00000
17.32850	10642.00000
17.34890	10576.00000
17.36930	10643.00000
17.38970	10350.00000
17.41020	10533.00000
17.43060	10666.00000
17.45100	10532.00000
17.47140	10596.00000
17.49190	10729.00000
17.51230	10603.00000
17.53270	10613.00000
17.55320	10655.00000
17.57360	10597.00000
17.59400	10649.00000
17.61440	10648.00000
17.63490	10550.00000
17.65530	10634.00000
17.67570	10645.00000
17.69620	10741.00000
17.71660	10398.00000
17.73700	10656.00000
17.75740	10609.00000
17.77790	10617.00000
17.79830	10535.00000
17.81870	10663.00000
17.83920	10628.00000
17.85960	10687.00000
17.88000	10886.00000
17.90040	10690.00000
17.92090	10669.00000
17.94130	10645.00000
17.96170	10615.00000
17.98220	10433.00000
18.00260	10862.00000
18.02300	10633.00000
18.04340	10553.00000
18.06390	10673.00000
18.08430	10705.00000
18.10470	10907.00000
18.12520	10683.00000
18.14560	10673.00000
18.16600	10879.00000
18.18640	10964.00000
18.20690	11046.00000
18.22730	11066.00000
18.24770	11158.00000
18.26820	11362.00000
18.28860	11566.00000
18.30900	11714.00000
18.32940	11811.00000
18.34990	12617.00000
18.37030	13480.00000
18.39070	14929.00000
18.41120	16978.00000
18.43160	19717.00000
18.45200	22681.00000
18.47240	24292.00000
18.49290	24451.00000
18.51330	23102.00000
18.53370	21005.00000
18.55420	18907.00000
18.57460	16514.00000
18.59500	15144.00000
18.61540	13640.00000
18.63590	13056.00000
18.65630	12468.00000
18.67670	11976.00000
18.69720	11728.00000
18.71760	11781.00000
18.73800	11568.00000
18.75840	11696.00000
18.77890	11640.00000
18.79930	11309.00000
18.81970	11450.00000
18.84010	11313.00000
18.86060	11324.00000
18.88100	11211.00000
18.90140	11164.00000
18.92190	11037.00000
18.94230	11018.00000
18.96270	11147.00000
18.98310	11204.00000
19.00360	11178.00000
19.02400	11193.00000
19.04440	11408.00000
19.06490	11339.00000
19.08530	11306.00000
19.10570	11463.00000
19.12610	11490.00000
19.14660	11540.00000
19.16700	11914.00000
19.18740	12134.00000
19.20790	12577.00000
19.22830	13161.00000
19.24870	14261.00000
19.26910	15739.00000
19.28960	17792.00000
19.31000	20585.00000
19.33040	23955.00000
19.35090	27728.00000
19.37130	30060.00000
19.39170	29628.00000
19.41210	27048.00000
19.43260	23758.00000
19.45300	19811.00000
19.47340	17023.00000
19.49390	14795.00000
19.51430	13538.00000
19.53470	13013.00000
19.55510	12513.00000
19.57560	11867.00000
19.59600	11668.00000
19.61640	11722.00000
19.63690	11593.00000
19.65730	11447.00000
19.67770	11365.00000
19.69810	11242.00000
19.71860	11401.00000
19.73900	11012.00000
19.75940	11089.00000
19.77990	10819.00000
19.80030	10596.00000
19.82070	10757.00000
19.84110	10849.00000
19.86160	10680.00000
19.88200	10839.00000
19.90240	10724.00000
19.92290	10766.00000
19.94330	10800.00000
19.96370	10625.00000
19.98410	10702.00000
20.00460	10814.00000
20.02500	10751.00000
20.04540	10665.00000
20.06580	10798.00000
20.08630	10794.00000
20.10670	10765.00000
20.12710	10739.00000
20.14760	10780.00000
20.16800	10824.00000
20.18840	10687.00000
20.20880	10703.00000
20.22930	10676.00000
20.24970	10785.00000
20.27010	10643.00000
20.29060	10922.00000
20.31100	10868.00000
20.33140	10869.00000
20.35180	10942.00000
20.37230	10988.00000
20.39270	11029.00000
20.41310	11041.00000
20.43360	11019.00000
20.45400	11321.00000
20.47440	11450.00000
20.49480	11417.00000
20.51530	11605.00000
20.53570	11381.00000
20.55610	11182.00000
20.57660	11439.00000
20.59700	11133.00000
20.61740	11487.00000
20.63780	11625.00000
20.65830	11694.00000
20.67870	11925.00000
20.69910	12294.00000
20.71960	13135.00000
20.74000	14200.00000
20.76040	15809.00000
20.78080	17283.00000
20.80130	18835.00000
20.82170	19589.00000
20.84210	19034.00000
20.86260	18509.00000
20.88300	17253.00000
20.90340	15864.00000
20.92380	14949.00000
20.94430	14032.00000
20.96470	13091.00000
20.98510	12575.00000
21.00560	12166.00000
21.02600	11713.00000
21.04640	11373.00000
21.06680	11290.00000
21.08730	11013.00000
21.10770	11070.00000
21.12810	10987.00000
21.14860	10967.00000
21.16900	10830.00000
21.18940	10801.00000
21.20980	11006.00000
21.23030	10710.00000
21.25070	10790.00000
21.27110	10913.00000
21.29160	10870.00000
21.31200	10862.00000
21.33240	10880.00000
21.35280	10926.00000
21.37330	10920.00000
21.39370	10753.00000
21.41410	10875.00000
21.43450	10726.00000
21.45500	10861.00000
21.47540	10793.00000
21.49580	10578.00000
21.51630	10620.00000
21.53670	10748.00000
21.55710	10889.00000
21.57750	10440.00000
21.59800	10545.00000
21.61840	10700.00000
21.63880	10823.00000
21.65930	10561.00000
21.67970	10599.00000
21.70010	10376.00000
21.72050	10738.00000
21.74100	10759.00000
21.76140	10486.00000
21.78180	10633.00000
21.80230	10592.00000
21.82270	10692.00000
21.84310	10789.00000
21.86350	10673.00000
21.88400	10507.00000
21.90440	10576.00000
21.92480	10682.00000
21.94530	10606.00000
21.96570	10731.00000
21.98610	10742.00000
22.00650	10762.00000
22.02700	10693.00000
22.04740	10729.00000
22.06780	10908.00000
22.08830	10687.00000
22.10870	10651.00000
22.12910	10843.00000
22.14950	10801.00000
22.17000	10737.00000
22.19040	10680.00000
22.21080	10779.00000
22.23130	10692.00000
22.25170	10608.00000
22.27210	11009.00000
22.29250	10805.00000
22.31300	10502.00000
22.33340	10674.00000
22.35380	10801.00000
22.37430	10767.00000
22.39470	10713.00000
22.41510	10644.00000
22.43550	10643.00000
22.45600	10555.00000
22.47640	10701.00000
22.49680	10641.00000
22.51730	10818.00000
22.53770	10686.00000
22.55810	10569.00000
22.57850	10549.00000
22.59900	10527.00000
22.61940	10600.00000
22.63980	10604.00000
22.66030	10582.00000
22.68070	10612.00000
22.70110	10719.00000
22.72150	10843.00000
22.74200	10729.00000
22.76240	10854.00000
22.78280	10787.00000
22.80320	10466.00000
22.82370	10857.00000
22.84410	10751.00000
22.86450	10500.00000
22.88500	10613.00000
22.90540	10690.00000
22.92580	10848.00000
22.94620	10923.00000
22.96670	10845.00000
22.98710	10895.00000
23.00750	10928.00000
23.02800	11134.00000
23.04840	11308.00000
23.06880	11664.00000
23.08920	11769.00000
23.10970	11988.00000
23.13010	12587.00000
23.15050	13253.00000
23.17100	13564.00000
23.19140	14244.00000
23.21180	15127.00000
23.23220	16753.00000
23.25270	17976.00000
23.27310	18941.00000
23.29350	20366.00000
23.31400	20310.00000
23.33440	19171.00000
23.35480	18026.00000
23.37520	16528.00000
23.39570	15063.00000
23.41610	13726.00000
23.43650	12863.00000
23.45700	12327.00000
23.47740	11890.00000
23.49780	11571.00000
23.51820	11377.00000
23.53870	11233.00000
23.55910	11144.00000
23.57950	11005.00000
23.60000	10872.00000
23.62040	10847.00000
23.64080	10900.00000
23.66120	10910.00000
23.68170	10771.00000
23.70210	10881.00000
23.72250	10583.00000
23.74300	10633.00000
23.76340	10773.00000
23.78380	10778.00000
23.80420	10633.00000
23.82470	10787.00000
23.84510	10523.00000
23.86550	10765.00000
23.88600	10838.00000
23.90640	10801.00000
23.92680	10881.00000
23.94720	11114.00000
23.96770	10797.00000
23.98810	10883.00000
24.00850	10861.00000
24.02890	10780.00000
24.04940	10900.00000
24.06980	10680.00000
24.09020	10783.00000
24.11070	10586.00000
24.13110	10757.00000
24.15150	10732.00000
24.17190	10569.00000
24.19240	10561.00000
24.21280	10559.00000
24.23320	10634.00000
24.25370	10607.00000
24.27410	10490.00000
24.29450	10348.00000
24.31490	10605.00000
24.33540	10421.00000
24.35580	10404.00000
24.37620	10350.00000
24.39670	10266.00000
24.41710	10411.00000
24.43750	10445.00000
24.45790	10421.00000
24.47840	10491.00000
24.49880	10292.00000
24.51920	10203.00000
24.53970	10353.00000
24.56010	10301.00000
24.58050	10368.00000
24.60090	10382.00000
24.62140	10391.00000
24.64180	10201.00000
24.66220	10515.00000
24.68270	10477.00000
24.70310	10296.00000
24.72350	10473.00000
24.74390	10423.00000
24.76440	10405.00000
24.78480	10440.00000
24.80520	10500.00000
24.82570	10407.00000
24.84610	10416.00000
24.86650	10437.00000
24.88690	10515.00000
24.90740	10494.00000
24.92780	10542.00000
24.94820	10563.00000
24.96870	10441.00000
24.98910	10377.00000
25.00950	10444.00000
25.02990	10361.00000
25.05040	10398.00000
25.07080	10343.00000
25.09120	10320.00000
25.11170	10453.00000
25.13210	10396.00000
25.15250	10335.00000
25.17290	10659.00000
25.19340	10491.00000
25.21380	10348.00000
25.23420	10421.00000
25.25470	10349.00000
25.27510	10519.00000
25.29550	10346.00000
25.31590	10504.00000
25.33640	10556.00000
25.35680	10570.00000
25.37720	10571.00000
25.39760	10759.00000
25.41810	10617.00000
25.43850	10735.00000
25.45890	10762.00000
25.47940	10878.00000
25.49980	11100.00000
25.52020	11395.00000
25.54060	11716.00000
25.56110	11952.00000
25.58150	12425.00000
25.60190	12990.00000
25.62240	14014.00000
25.64280	14526.00000
25.66320	15114.00000
25.68360	15073.00000
25.70410	14676.00000
25.72450	14354.00000
25.74490	13655.00000
25.76540	13292.00000
25.78580	12727.00000
25.80620	12445.00000
25.82660	12222.00000
25.84710	12313.00000
25.86750	12322.00000
25.88790	12688.00000
25.90840	12876.00000
25.92880	13795.00000
25.94920	14273.00000
25.96960	15425.00000
25.99010	16881.00000
26.01050	17968.00000
26.03090	18941.00000
26.05140	19545.00000
26.07180	19262.00000
26.09220	18790.00000
26.11260	18557.00000
26.13310	17420.00000
26.15350	16939.00000
26.17390	16088.00000
26.19440	15451.00000
26.21480	14865.00000
26.23520	14293.00000
26.25560	13972.00000
26.27610	13720.00000
26.29650	13484.00000
26.31690	13226.00000
26.33740	13320.00000
26.35780	13169.00000
26.37820	13358.00000
26.39860	13251.00000
26.41910	13599.00000
26.43950	13743.00000
26.45990	14261.00000
26.48040	15419.00000
26.50080	16341.00000
26.52120	18302.00000
26.54160	20496.00000
26.56210	22824.00000
26.58250	24097.00000
26.60290	23733.00000
26.62330	22088.00000
26.64380	20242.00000
26.66420	18558.00000
26.68460	15996.00000
26.70510	14640.00000
26.72550	13045.00000
26.74590	12255.00000
26.76630	11648.00000
26.78680	11476.00000
26.80720	11076.00000
26.82760	10932.00000
26.84810	10808.00000
26.86850	10695.00000
26.88890	10763.00000
26.90930	10657.00000
26.92980	10694.00000
26.95020	10634.00000
26.97060	10510.00000
26.99110	10768.00000
27.01150	10646.00000
27.03190	10790.00000
27.05230	10713.00000
27.07280	10772.00000
27.09320	10676.00000
27.11360	11020.00000
27.13410	11135.00000
27.15450	11140.00000
27.17490	11258.00000
27.19530	11473.00000
27.21580	11668.00000
27.23620	11784.00000
27.25660	11627.00000
27.27710	11887.00000
27.29750	11943.00000
27.31790	12030.00000
27.33830	12281.00000
27.35880	12816.00000
27.37920	13510.00000
27.39960	13908.00000
27.42010	14942.00000
27.44050	15609.00000
27.46090	16383.00000
27.48130	16342.00000
27.50180	15797.00000
27.52220	15158.00000
27.54260	14348.00000
27.56310	13613.00000
27.58350	12652.00000
27.60390	12229.00000
27.62430	12085.00000
27.64480	11773.00000
27.66520	11824.00000
27.68560	11718.00000
27.70610	11832.00000
27.72650	11706.00000
27.74690	12175.00000
27.76730	12181.00000
27.78780	12645.00000
27.80820	13049.00000
27.82860	13797.00000
27.84910	14464.00000
27.86950	15568.00000
27.88990	17249.00000
27.91030	19164.00000
27.93080	22009.00000
27.95120	25329.00000
27.97160	28716.00000
27.99200	31500.00000
28.01250	32462.00000
28.03290	32307.00000
28.05330	31310.00000
28.07380	29972.00000
28.09420	27467.00000
28.11460	25613.00000
28.13500	23561.00000
28.15550	21657.00000
28.17590	20061.00000
28.19630	18740.00000
28.21680	17728.00000
28.23720	16275.00000
28.25760	15310.00000
28.27800	14753.00000
28.29850	13925.00000
28.31890	13591.00000
28.33930	13096.00000
28.35980	13081.00000
28.38020	12161.00000
28.40060	12189.00000
28.42100	11991.00000
28.44150	11714.00000
28.46190	11582.00000
28.48230	11393.00000
28.50280	11227.00000
28.52320	11244.00000
28.54360	10894.00000
28.56400	10811.00000
28.58450	10745.00000
28.60490	10611.00000
28.62530	10572.00000
28.64580	10519.00000
28.66620	10606.00000
28.68660	10663.00000
28.70700	10462.00000
28.72750	10494.00000
28.74790	10602.00000
28.76830	10474.00000
28.78880	10413.00000
28.80920	10392.00000
28.82960	10547.00000
28.85000	10581.00000
28.87050	10646.00000
28.89090	10509.00000
28.91130	10619.00000
28.93180	10839.00000
28.95220	10667.00000
28.97260	10807.00000
28.99300	10763.00000
29.01350	10850.00000
29.03390	10995.00000
29.05430	10795.00000
29.07480	11139.00000
29.09520	10967.00000
29.11560	11332.00000
29.13600	11335.00000
29.15650	11481.00000
29.17690	11660.00000
29.19730	11805.00000
29.21770	12219.00000
29.23820	12424.00000
29.25860	12789.00000
29.27900	13450.00000
29.29950	13963.00000
29.31990	14046.00000
29.34030	14261.00000
29.36070	13862.00000
29.38120	13622.00000
29.40160	13322.00000
29.42200	12768.00000
29.44250	12489.00000
29.46290	12061.00000
29.48330	11964.00000
29.50370	11880.00000
29.52420	11849.00000
29.54460	12018.00000
29.56500	12151.00000
29.58550	12752.00000
29.60590	13007.00000
29.62630	13735.00000
29.64670	14771.00000
29.66720	15928.00000
29.68760	17467.00000
29.70800	19656.00000
29.72850	22492.00000
29.74890	26096.00000
29.76930	30519.00000
29.78970	36165.00000
29.81020	41569.00000
29.83060	44606.00000
29.85100	43901.00000
29.87150	40071.00000
29.89190	37037.00000
29.91230	33584.00000
29.93270	29077.00000
29.95320	24617.00000
29.97360	21623.00000
29.99400	19563.00000
30.01450	18767.00000
30.03490	18695.00000
30.05530	19003.00000
30.07570	19531.00000
30.09620	20713.00000
30.11660	22356.00000
30.13700	23808.00000
30.15750	26142.00000
30.17790	28026.00000
30.19830	30862.00000
30.21870	32767.00000
30.23920	32720.00000
30.25960	31082.00000
30.28000	27804.00000
30.30050	25826.00000
30.32090	22948.00000
30.34130	20245.00000
30.36170	17531.00000
30.38220	15340.00000
30.40260	14299.00000
30.42300	13079.00000
30.44350	12556.00000
30.46390	11888.00000
30.48430	11509.00000
30.50470	11349.00000
30.52520	11171.00000
30.54560	10855.00000
30.56600	10825.00000
30.58640	10613.00000
30.60690	10575.00000
30.62730	10614.00000
30.64770	10606.00000
30.66820	10784.00000
30.68860	10615.00000
30.70900	10617.00000
30.72940	10971.00000
30.74990	11480.00000
30.77030	11737.00000
30.79070	12464.00000
30.81120	13332.00000
30.83160	13884.00000
30.85200	14621.00000
30.87240	14573.00000
30.89290	14375.00000
30.91330	14072.00000
30.93370	13631.00000
30.95420	13112.00000
30.97460	12618.00000
30.99500	12146.00000
31.01540	11413.00000
31.03590	11234.00000
31.05630	11009.00000
31.07670	10890.00000
31.09720	10919.00000
31.11760	10862.00000
31.13800	10857.00000
31.15840	11045.00000
31.17890	11106.00000
31.19930	11169.00000
31.21970	11447.00000
31.24020	11974.00000
31.26060	12345.00000
31.28100	12891.00000
31.30140	13688.00000
31.32190	14650.00000
31.34230	16001.00000
31.36270	18224.00000
31.38320	20426.00000
31.40360	23235.00000
31.42400	26604.00000
31.44440	29336.00000
31.46490	30532.00000
31.48530	29404.00000
31.50570	28395.00000
31.52620	26465.00000
31.54660	24524.00000
31.56700	21791.00000
31.58740	19286.00000
31.60790	17582.00000
31.62830	15573.00000
31.64870	14164.00000
31.66920	13309.00000
31.68960	12653.00000
31.71000	11915.00000
31.73040	11551.00000
31.75090	11277.00000
31.77130	10738.00000
31.79170	10645.00000
31.81210	10672.00000
31.83260	10538.00000
31.85300	10365.00000
31.87340	10433.00000
31.89390	10359.00000
31.91430	10667.00000
31.93470	10733.00000
31.95510	10723.00000
31.97560	10873.00000
31.99600	11069.00000
32.01640	11233.00000
32.03690	11706.00000
32.05730	11917.00000
32.07770	12282.00000
32.09810	13138.00000
32.11860	13955.00000
32.13900	15223.00000
32.15940	16994.00000
32.17990	18620.00000
32.20030	20431.00000
32.22070	21184.00000
32.24110	21073.00000
32.26160	20764.00000
32.28200	20412.00000
32.30240	19605.00000
32.32290	18838.00000
32.34330	17721.00000
32.36370	16799.00000
32.38410	15773.00000
32.40460	15389.00000
32.42500	14702.00000
32.44540	13929.00000
32.46590	13547.00000
32.48630	12851.00000
32.50670	12443.00000
32.52710	11973.00000
32.54760	11903.00000
32.56800	11527.00000
32.58840	11486.00000
32.60890	11334.00000
32.62930	11272.00000
32.64970	11323.00000
32.67010	11415.00000
32.69060	11946.00000
32.71100	12282.00000
32.73140	12840.00000
32.75190	13648.00000
32.77230	14964.00000
32.79270	16308.00000
32.81310	18460.00000
32.83360	20631.00000
32.85400	23494.00000
32.87440	25611.00000
32.89490	26846.00000
32.91530	25708.00000
32.93570	24865.00000
32.95610	23901.00000
32.97660	22461.00000
32.99700	20569.00000
33.01740	18420.00000
33.03790	16522.00000
33.05830	14794.00000
33.07870	13937.00000
33.09910	12928.00000
33.11960	12233.00000
33.14000	11576.00000
33.16040	11237.00000
33.18080	10675.00000
33.20130	10340.00000
33.22170	10142.00000
33.24210	9973.00000
33.26260	9771.00000
33.28300	9509.00000
33.30340	9463.00000
33.32380	9448.00000
33.34430	9267.00000
33.36470	9321.00000
33.38510	9272.00000
33.40560	9248.00000
33.42600	9054.00000
33.44640	8992.00000
33.46680	8929.00000
33.48730	8942.00000
33.50770	8920.00000
33.52810	9017.00000
33.54860	8895.00000
33.56900	8679.00000
33.58940	8724.00000
33.60980	8557.00000
33.63030	8695.00000
33.65070	8783.00000
33.67110	8720.00000
33.69160	8611.00000
33.71200	8553.00000
33.73240	8659.00000
33.75280	8601.00000
33.77330	8543.00000
33.79370	8587.00000
33.81410	8616.00000
33.83460	8592.00000
33.85500	8644.00000
33.87540	8816.00000
33.89580	8545.00000
33.91630	8899.00000
33.93670	8792.00000
33.95710	8938.00000
33.97760	9023.00000
33.99800	9264.00000
34.01840	9160.00000
34.03880	9612.00000
34.05930	9919.00000
34.07970	10227.00000
34.10010	10584.00000
34.12060	10990.00000
34.14100	11498.00000
34.16140	12090.00000
34.18180	12622.00000
34.20230	13308.00000
34.22270	13974.00000
34.24310	14728.00000
34.26360	15618.00000
34.28400	16681.00000
34.30440	17577.00000
34.32480	18819.00000
34.34530	19743.00000
34.36570	20063.00000
34.38610	19506.00000
34.40650	18262.00000
34.42700	17180.00000
34.44740	16133.00000
34.46780	15042.00000
34.48830	13751.00000
34.50870	12409.00000
34.52910	11576.00000
34.54950	10761.00000
34.57000	10269.00000
34.59040	9735.00000
34.61080	9742.00000
34.63130	9586.00000
34.65170	9408.00000
34.67210	9212.00000
34.69250	9119.00000
34.71300	9144.00000
34.73340	9237.00000
34.75380	9419.00000
34.77430	9717.00000
34.79470	9563.00000
34.81510	9741.00000
34.83550	10140.00000
34.85600	10546.00000
34.87640	11070.00000
34.89680	11680.00000
34.91730	12767.00000
34.93770	13902.00000
34.95810	15366.00000
34.97850	17192.00000
34.99900	17899.00000
35.01940	18002.00000
35.03980	17176.00000
35.06030	16951.00000
35.08070	16195.00000
35.10110	15161.00000
35.12150	14172.00000
35.14200	13006.00000
35.16240	11810.00000
35.18280	11086.00000
35.20330	10426.00000
35.22370	10006.00000
35.24410	9400.00000
35.26450	9159.00000
35.28500	8758.00000
35.30540	8644.00000
35.32580	8627.00000
35.34630	8413.00000
35.36670	8420.00000
35.38710	8322.00000
35.40750	8181.00000
35.42800	8008.00000
35.44840	8127.00000
35.46880	8234.00000
35.48930	8195.00000
35.50970	8475.00000
35.53010	8261.00000
35.55050	8085.00000
35.57100	8087.00000
35.59140	8283.00000
35.61180	8333.00000
35.63230	8300.00000
35.65270	8525.00000
35.67310	8770.00000
35.69350	8472.00000
35.71400	8640.00000
35.73440	8714.00000
35.75480	8805.00000
35.77520	8931.00000
35.79570	9048.00000
35.81610	9286.00000
35.83650	9257.00000
35.85700	9746.00000
35.87740	9798.00000
35.89780	10423.00000
35.91820	10447.00000
35.93870	11021.00000
35.95910	11446.00000
35.97950	11782.00000
36.00000	12541.00000
36.02040	13442.00000
36.04080	13952.00000
36.06120	14553.00000
36.08170	14519.00000
36.10210	14314.00000
36.12250	13713.00000
36.14300	13274.00000
36.16340	12753.00000
36.18380	11847.00000
36.20420	11131.00000
36.22470	10485.00000
36.24510	9810.00000
36.26550	9297.00000
36.28600	9161.00000
36.30640	8778.00000
36.32680	8668.00000
36.34720	8738.00000
36.36770	8363.00000
36.38810	8130.00000
36.40850	8242.00000
36.42900	8270.00000
36.44940	8126.00000
36.46980	8281.00000
36.49020	8318.00000
36.51070	8236.00000
36.53110	8177.00000
36.55150	8388.00000
36.57200	8517.00000
36.59240	8717.00000
36.61280	8971.00000
36.63320	9054.00000
36.65370	9364.00000
36.67410	9369.00000
36.69450	10111.00000
36.71500	10769.00000
36.73540	11515.00000
36.75580	12356.00000
36.77620	13616.00000
36.79670	14671.00000
36.81710	15496.00000
36.83750	15887.00000
36.85800	16289.00000
36.87840	16916.00000
36.89880	17562.00000
36.91920	17988.00000
36.93970	17732.00000
36.96010	17278.00000
36.98050	16128.00000
37.00090	15683.00000
37.02140	14945.00000
37.04180	14159.00000
37.06220	13530.00000
37.08270	12776.00000
37.10310	12324.00000
37.12350	12209.00000
37.14390	12097.00000
37.16440	12001.00000
37.18480	12441.00000
37.20520	12464.00000
37.22570	12676.00000
37.24610	12679.00000
37.26650	12323.00000
37.28690	12114.00000
37.30740	12067.00000
37.32780	11503.00000
37.34820	11317.00000
37.36870	10951.00000
37.38910	10563.00000
37.40950	10253.00000
37.42990	10050.00000
37.45040	9743.00000
37.47080	9516.00000
37.49120	9630.00000
37.51170	9426.00000
37.53210	9503.00000
37.55250	9640.00000
37.57290	9908.00000
37.59340	9900.00000
37.61380	10474.00000
37.63420	10972.00000
37.65470	11390.00000
37.67510	11679.00000
37.69550	11608.00000
37.71590	12002.00000
37.73640	11989.00000
37.75680	12209.00000
37.77720	12588.00000
37.79770	12562.00000
37.81810	12920.00000
37.83850	12842.00000
37.85890	13009.00000
37.87940	13196.00000
37.89980	13030.00000
37.92020	12561.00000
37.94070	12188.00000
37.96110	11659.00000
37.98150	11405.00000
38.00190	10938.00000
38.02240	10355.00000
38.04280	9770.00000
38.06320	9320.00000
38.08370	9101.00000
38.10410	8783.00000
38.12450	8624.00000
38.14490	8564.00000
38.16540	8359.00000
38.18580	8318.00000
38.20620	8177.00000
38.22670	7996.00000
38.24710	7838.00000
38.26750	7909.00000
38.28790	7792.00000
38.30840	7621.00000
38.32880	7770.00000
38.34920	7419.00000
38.36960	7471.00000
38.39010	7359.00000
38.41050	7239.00000
38.43090	7220.00000
38.45140	7275.00000
38.47180	7193.00000
38.49220	7237.00000
38.51260	7226.00000
38.53310	7251.00000
38.55350	7187.00000
38.57390	7167.00000
38.59440	7223.00000
38.61480	7179.00000
38.63520	7336.00000
38.65560	7069.00000
38.67610	7153.00000
38.69650	7124.00000
38.71690	7276.00000
38.73740	7274.00000
38.75780	7308.00000
38.77820	7371.00000
38.79860	7288.00000
38.81910	7267.00000
38.83950	7375.00000
38.85990	7326.00000
38.88040	7308.00000
38.90080	7498.00000
38.92120	7474.00000
38.94160	7780.00000
38.96210	7833.00000
38.98250	7858.00000
39.00290	8073.00000
39.02340	8127.00000
39.04380	8423.00000
39.06420	8560.00000
39.08460	8597.00000
39.10510	9415.00000
39.12550	9694.00000
39.14590	10357.00000
39.16640	10577.00000
39.18680	11864.00000
39.20720	12508.00000
39.22760	13738.00000
39.24810	14880.00000
39.26850	16271.00000
39.28890	17249.00000
39.30940	17876.00000
39.32980	17706.00000
39.35020	17206.00000
39.37060	16711.00000
39.39110	16050.00000
39.41150	15373.00000
39.43190	14591.00000
39.45240	13953.00000
39.47280	13133.00000
39.49320	12523.00000
39.51360	12163.00000
39.53410	11896.00000
39.55450	11629.00000
39.57490	11668.00000
39.59530	11740.00000
39.61580	11809.00000
39.63620	11742.00000
39.65660	11661.00000
39.67710	11226.00000
39.69750	11172.00000
39.71790	10536.00000
39.73830	10433.00000
39.75880	10148.00000
39.77920	9905.00000
39.79960	9651.00000
39.82010	9826.00000
39.84050	9652.00000
39.86090	9551.00000
39.88130	9796.00000
39.90180	10044.00000
39.92220	10571.00000
39.94260	10864.00000
39.96310	11723.00000
39.98350	12225.00000
40.00390	12902.00000
40.02430	12746.00000
40.04480	12290.00000
40.06520	11772.00000
40.08560	11495.00000
40.10610	11194.00000
40.12650	10830.00000
40.14690	10140.00000
40.16730	9615.00000
40.18780	8997.00000
40.20820	8631.00000
40.22860	8539.00000
40.24910	8389.00000
40.26950	8040.00000
40.28990	7676.00000
40.31030	7878.00000
40.33080	7660.00000
40.35120	7465.00000
40.37160	7639.00000
40.39210	7431.00000
40.41250	7461.00000
40.43290	7401.00000
40.45330	7434.00000
40.47380	7529.00000
40.49420	7687.00000
40.51460	7826.00000
40.53510	7671.00000
40.55550	7806.00000
40.57590	8032.00000
40.59630	7979.00000
40.61680	8301.00000
40.63720	8363.00000
40.65760	8546.00000
40.67810	8986.00000
40.69850	9237.00000
40.71890	9361.00000
40.73930	9737.00000
40.75980	9827.00000
40.78020	9595.00000
40.80060	9262.00000
40.82110	9341.00000
40.84150	9139.00000
40.86190	9040.00000
40.88230	8877.00000
40.90280	8787.00000
40.92320	8667.00000
40.94360	8727.00000
40.96400	8805.00000
40.98450	8886.00000
41.00490	8984.00000
41.02530	9015.00000
41.04580	8812.00000
41.06620	8572.00000
41.08660	8495.00000
41.10700	8342.00000
41.12750	8234.00000
41.14790	7971.00000
41.16830	7738.00000
41.18880	7565.00000
41.20920	7485.00000
41.22960	7488.00000
41.25000	7122.00000
41.27050	7326.00000
41.29090	7179.00000
41.31130	7247.00000
41.33180	7085.00000
41.35220	7114.00000
41.37260	7093.00000
41.39300	7230.00000
41.41350	7078.00000
41.43390	7174.00000
41.45430	7299.00000
41.47480	7280.00000
41.49520	7321.00000
41.51560	7290.00000
41.53600	7380.00000
41.55650	7532.00000
41.57690	7685.00000
41.59730	7665.00000
41.61780	7698.00000
41.63820	8046.00000
41.65860	8155.00000
41.67900	8357.00000
41.69950	8348.00000
41.71990	8309.00000
41.74030	8087.00000
41.76080	8027.00000
41.78120	8075.00000
41.80160	8027.00000
41.82200	8133.00000
41.84250	7875.00000
41.86290	7789.00000
41.88330	7813.00000
41.90380	7431.00000
41.92420	7224.00000
41.94460	7432.00000
41.96500	7393.00000
41.98550	7239.00000
42.00590	7235.00000
42.02630	7472.00000
42.04680	7113.00000
42.06720	7161.00000
42.08760	7340.00000
42.10800	7175.00000
42.12850	7405.00000
42.14890	7269.00000
42.16930	7243.00000
42.18970	7421.00000
42.21020	7343.00000
42.23060	7474.00000
42.25100	7587.00000
42.27150	7655.00000
42.29190	7847.00000
42.31230	7847.00000
42.33270	7913.00000
42.35320	7954.00000
42.37360	8043.00000
42.39400	8017.00000
42.41450	8146.00000
42.43490	8211.00000
42.45530	8303.00000
42.47570	8463.00000
42.49620	8330.00000
42.51660	8443.00000
42.53700	8611.00000
42.55750	8716.00000
42.57790	8886.00000
42.59830	9404.00000
42.61870	9460.00000
42.63920	9884.00000
42.65960	10042.00000
42.68000	10041.00000
42.70050	10389.00000
42.72090	10614.00000
42.74130	10984.00000
42.76170	10824.00000
42.78220	10769.00000
42.80260	10559.00000
42.82300	10456.00000
42.84350	10170.00000
42.86390	10168.00000
42.88430	9974.00000
42.90470	9630.00000
42.92520	9452.00000
42.94560	9386.00000
42.96600	9158.00000
42.98650	9045.00000
43.00690	8896.00000
43.02730	8851.00000
43.04770	8625.00000
43.06820	8759.00000
43.08860	8750.00000
43.10900	8720.00000
43.12950	8545.00000
43.14990	8448.00000
43.17030	8769.00000
43.19070	8810.00000
43.21120	8800.00000
43.23160	8868.00000
43.25200	8895.00000
43.27250	8954.00000
43.29290	8943.00000
43.31330	9183.00000
43.33370	9273.00000
43.35420	9620.00000
43.37460	9655.00000
43.39500	10134.00000
43.41550	10800.00000
43.43590	11041.00000
43.45630	11773.00000
43.47670	12235.00000
43.49720	12329.00000
43.51760	12066.00000
43.53800	12371.00000
43.55840	12362.00000
43.57890	12583.00000
43.59930	12450.00000
43.61970	12874.00000
43.64020	12887.00000
43.66060	13389.00000
43.68100	13908.00000
43.70140	14455.00000
43.72190	15736.00000
43.74230	17020.00000
43.76270	18427.00000
43.78320	20725.00000
43.80360	22875.00000
43.82400	25007.00000
43.84440	27486.00000
43.86490	29223.00000
43.88530	30621.00000
43.90570	31176.00000
43.92620	31634.00000
43.94660	32511.00000
43.96700	32859.00000
43.98740	31910.00000
44.00790	29870.00000
44.02830	27518.00000
44.04870	25026.00000
44.06920	23697.00000
44.08960	21712.00000
44.11000	19819.00000
44.13040	17738.00000
44.15090	15931.00000
44.17130	14283.00000
44.19170	12948.00000
44.21220	12010.00000
44.23260	11206.00000
44.25300	10445.00000
44.27340	9959.00000
44.29390	9417.00000
44.31430	9063.00000
44.33470	8683.00000
44.35520	8430.00000
44.37560	8334.00000
44.39600	8210.00000
44.41640	7862.00000
44.43690	7968.00000
44.45730	7557.00000
44.47770	7757.00000
44.49820	7558.00000
44.51860	7581.00000
44.53900	7428.00000
44.55940	7305.00000
44.57990	7213.00000
44.60030	7242.00000
44.62070	7275.00000
44.64120	7152.00000
44.66160	7169.00000
44.68200	7156.00000
44.70240	7290.00000
44.72290	7040.00000
44.74330	7232.00000
44.76370	7379.00000
44.78410	7252.00000
44.80460	7101.00000
44.82500	7261.00000
44.84540	7268.00000
44.86590	7262.00000
44.88630	7259.00000
44.90670	7492.00000
44.92710	7747.00000
44.94760	7831.00000
44.96800	8064.00000
44.98840	8144.00000
45.00890	8361.00000
45.02930	8411.00000
45.04970	8836.00000
45.07010	9367.00000
45.09060	9668.00000
45.11100	9971.00000
45.13140	10136.00000
45.15190	10152.00000
45.17230	9948.00000
45.19270	9949.00000
45.21310	9890.00000
45.23360	10125.00000
45.25400	9943.00000
45.27440	9869.00000
45.29490	9614.00000
45.31530	9431.00000
45.33570	9235.00000
45.35610	9236.00000
45.37660	9081.00000
45.39700	9064.00000
45.41740	8890.00000
45.43790	8919.00000
45.45830	8711.00000
45.47870	8391.00000
45.49910	8441.00000
45.51960	8392.00000
45.54000	8281.00000
45.56040	8186.00000
45.58090	8119.00000
45.60130	8179.00000
45.62170	8045.00000
45.64210	8180.00000
45.66260	8082.00000
45.68300	8173.00000
45.70340	8187.00000
45.72390	8043.00000
45.74430	7969.00000
45.76470	8196.00000
45.78510	7946.00000
45.80560	7792.00000
45.82600	7880.00000
45.84640	7660.00000
45.86690	7866.00000
45.88730	7741.00000
45.90770	7601.00000
45.92810	7844.00000
45.94860	7730.00000
45.96900	7604.00000
45.98940	7664.00000
46.00990	7528.00000
46.03030	7615.00000
46.05070	7811.00000
46.07110	7644.00000
46.09160	7496.00000
46.11200	7478.00000
46.13240	7479.00000
46.15280	7462.00000
46.17330	7183.00000
46.19370	7282.00000
46.21410	7374.00000
46.23460	7158.00000
46.25500	7059.00000
46.27540	7159.00000
46.29580	6939.00000
46.31630	7034.00000
46.33670	6885.00000
46.35710	6897.00000
46.37760	6954.00000
46.39800	7035.00000
46.41840	6982.00000
46.43880	6982.00000
46.45930	7044.00000
46.47970	6917.00000
46.50010	7054.00000
46.52060	6986.00000
46.54100	6896.00000
46.56140	6943.00000
46.58180	6851.00000
46.60230	6993.00000
46.62270	6977.00000
46.64310	6934.00000
46.66360	6867.00000
46.68400	7135.00000
46.70440	6939.00000
46.72480	6962.00000
46.74530	7177.00000
46.76570	7121.00000
46.78610	7292.00000
46.80660	7163.00000
46.82700	7351.00000
46.84740	7545.00000
46.86780	7458.00000
46.88830	7637.00000
46.90870	7967.00000
46.92910	8174.00000
46.94960	8607.00000
46.97000	8934.00000
46.99040	9702.00000
47.01080	9604.00000
47.03130	9877.00000
47.05170	9755.00000
47.07210	9706.00000
47.09260	9588.00000
47.11300	9623.00000
47.13340	9573.00000
47.15380	9640.00000
47.17430	9414.00000
47.19470	9103.00000
47.21510	9008.00000
47.23560	8774.00000
47.25600	8875.00000
47.27640	8482.00000
47.29680	8632.00000
47.31730	8839.00000
47.33770	8829.00000
47.35810	8930.00000
47.37850	8784.00000
47.39900	8942.00000
47.41940	8752.00000
47.43980	8793.00000
47.46030	8837.00000
47.48070	8607.00000
47.50110	8406.00000
47.52150	8361.00000
47.54200	8425.00000
47.56240	8281.00000
47.58280	8180.00000
47.60330	7990.00000
47.62370	7977.00000
47.64410	7869.00000
47.66450	8081.00000
47.68500	7994.00000
47.70540	8000.00000
47.72580	8039.00000
47.74630	7990.00000
47.76670	8119.00000
47.78710	8017.00000
47.80750	8307.00000
47.82800	8371.00000
47.84840	8560.00000
47.86880	8586.00000
47.88930	8635.00000
47.90970	8624.00000
47.93010	8565.00000
47.95050	8561.00000
47.97100	8405.00000
47.99140	8286.00000
48.01180	8181.00000
48.03230	8184.00000
48.05270	8101.00000
48.07310	8090.00000
48.09350	7833.00000
48.11400	7878.00000
48.13440	7960.00000
48.15480	8003.00000
48.17530	7833.00000
48.19570	7990.00000
48.21610	8036.00000
48.23650	8310.00000
48.25700	8214.00000
48.27740	8470.00000
48.29780	8580.00000
48.31830	8927.00000
48.33870	8951.00000
48.35910	8761.00000
48.37950	8961.00000
48.40000	8728.00000
48.42040	8722.00000
48.44080	8482.00000
48.46130	8347.00000
48.48170	8461.00000
48.50210	8230.00000
48.52250	8260.00000
48.54300	8088.00000
48.56340	8137.00000
48.58380	8002.00000
48.60430	8096.00000
48.62470	8099.00000
48.64510	7971.00000
48.66550	8104.00000
48.68600	8013.00000
48.70640	7945.00000
48.72680	7887.00000
48.74720	8039.00000
48.76770	8201.00000
48.78810	8307.00000
48.80850	8249.00000
48.82900	8432.00000
48.84940	8302.00000
48.86980	8621.00000
48.89020	8845.00000
48.91070	8915.00000
48.93110	8954.00000
48.95150	9036.00000
48.97200	9211.00000
48.99240	9197.00000
49.01280	9439.00000
49.03320	9544.00000
49.05370	9759.00000
49.07410	9832.00000
49.09450	9844.00000
49.11500	9693.00000
49.13540	9621.00000
49.15580	9140.00000
49.17620	8924.00000
49.19670	8714.00000
49.21710	8501.00000
49.23750	8494.00000
49.25800	8174.00000
49.27840	8096.00000
49.29880	7901.00000
49.31920	7681.00000
49.33970	7416.00000
49.36010	7385.00000
49.38050	7338.00000
49.40100	7109.00000
49.42140	6941.00000
49.44180	7143.00000
49.46220	7087.00000
49.48270	7180.00000
49.50310	7296.00000
49.52350	7212.00000
49.54400	7133.00000
49.56440	7158.00000
49.58480	7299.00000
49.60520	7400.00000
49.62570	7391.00000
49.64610	6955.00000
49.66650	7196.00000
49.68700	7324.00000
49.70740	6949.00000
49.72780	7024.00000
49.74820	6913.00000
49.76870	6825.00000
49.78910	6787.00000
49.80950	6708.00000
49.83000	6764.00000
49.85040	6755.00000
49.87080	6644.00000
49.89120	6537.00000
49.91170	6612.00000
49.93210	6686.00000
49.95250	6605.00000
49.97290	6680.00000
49.99340	6595.00000
50.01380	6618.00000
50.03420	6667.00000
50.05470	6846.00000
50.07510	6737.00000
50.09550	6847.00000
50.11590	7017.00000
50.13640	6978.00000
50.15680	7065.00000
50.17720	7224.00000
50.19770	7110.00000
50.21810	7425.00000
50.23850	7325.00000
50.25890	7416.00000
50.27940	7584.00000
50.29980	7346.00000
50.32020	7290.00000
50.34070	7317.00000
50.36110	7330.00000
50.38150	7457.00000
50.40190	7352.00000
50.42240	7291.00000
50.44280	7452.00000
50.46320	7428.00000
50.48370	7512.00000
50.50410	7676.00000
50.52450	7812.00000
50.54490	7872.00000
50.56540	7925.00000
50.58580	8231.00000
50.60620	8531.00000
50.62670	9052.00000
50.64710	9308.00000
50.66750	9433.00000
50.68790	9256.00000
50.70840	9104.00000
50.72880	9097.00000
50.74920	8917.00000
50.76970	8878.00000
50.79010	8832.00000
50.81050	8668.00000
50.83090	8459.00000
50.85140	8337.00000
50.87180	8056.00000
50.89220	7725.00000
50.91270	7561.00000
50.93310	7395.00000
50.95350	7212.00000
50.97390	7164.00000
50.99440	7127.00000
51.01480	7098.00000
51.03520	6911.00000
51.05570	6764.00000
51.07610	6764.00000
51.09650	6856.00000
51.11690	6749.00000
51.13740	6640.00000
51.15780	6766.00000
51.17820	6753.00000
51.19870	6697.00000
51.21910	6569.00000
51.23950	6541.00000
51.25990	6671.00000
51.28040	6536.00000
51.30080	6704.00000
51.32120	6665.00000
51.34160	6409.00000
51.36210	6812.00000
51.38250	6763.00000
51.40290	6719.00000
51.42340	6850.00000
51.44380	6794.00000
51.46420	6850.00000
51.48460	6813.00000
51.50510	6944.00000
51.52550	7189.00000
51.54590	7192.00000
51.56640	7418.00000
51.58680	7358.00000
51.60720	7498.00000
51.62760	7820.00000
51.64810	7743.00000
51.66850	7888.00000
51.68890	8196.00000
51.70940	8248.00000
51.72980	8326.00000
51.75020	8518.00000
51.77060	8709.00000
51.79110	8752.00000
51.81150	8889.00000
51.83190	9038.00000
51.85240	9143.00000
51.87280	9329.00000
51.89320	9577.00000
51.91360	9810.00000
51.93410	10008.00000
51.95450	10207.00000
51.97490	10272.00000
51.99540	10518.00000
52.01580	10589.00000
52.03620	10495.00000
52.05660	10464.00000
52.07710	10508.00000
52.09750	10600.00000
52.11790	10395.00000
52.13840	10497.00000
52.15880	10204.00000
52.17920	9989.00000
52.19960	9955.00000
52.22010	9792.00000
52.24050	9684.00000
52.26090	9636.00000
52.28140	9674.00000
52.30180	9618.00000
52.32220	9569.00000
52.34260	9541.00000
52.36310	9571.00000
52.38350	9463.00000
52.40390	9612.00000
52.42440	9505.00000
52.44480	9544.00000
52.46520	9353.00000
52.48560	9108.00000
52.50610	9239.00000
52.52650	9054.00000
52.54690	8874.00000
52.56730	8776.00000
52.58780	8854.00000
52.60820	8734.00000
52.62860	8757.00000
52.64910	8705.00000
52.66950	8588.00000
52.68990	8515.00000
52.71030	8624.00000
52.73080	8582.00000
52.75120	8610.00000
52.77160	8745.00000
52.79210	8802.00000
52.81250	8749.00000
52.83290	9035.00000
52.85330	9237.00000
52.87380	9489.00000
52.89420	9618.00000
52.91460	10006.00000
52.93510	10131.00000
52.95550	10459.00000
52.97590	11028.00000
52.99630	11109.00000
53.01680	11494.00000
53.03720	11529.00000
53.05760	11585.00000
53.07810	11446.00000
53.09850	11148.00000
53.11890	10963.00000
53.13930	10749.00000
53.15980	10856.00000
53.18020	10542.00000
53.20060	10535.00000
53.22110	10145.00000
53.24150	9961.00000
53.26190	9909.00000
53.28230	10002.00000
53.30280	9588.00000
53.32320	9909.00000
53.34360	9685.00000
53.36410	9670.00000
53.38450	9595.00000
53.40490	9894.00000
53.42530	10024.00000
53.44580	9916.00000
53.46620	10205.00000
53.48660	10643.00000
53.50710	10805.00000
53.52750	10876.00000
53.54790	10775.00000
53.56830	10626.00000
53.58880	10426.00000
53.60920	10408.00000
53.62960	10266.00000
53.65010	10052.00000
53.67050	10210.00000
53.69090	9900.00000
53.71130	9957.00000
53.73180	9760.00000
53.75220	9632.00000
53.77260	9648.00000
53.79310	9453.00000
53.81350	9730.00000
53.83390	9773.00000
53.85430	9822.00000
53.87480	10041.00000
53.89520	9849.00000
53.91560	9715.00000
53.93600	9537.00000
53.95650	9523.00000
53.97690	9464.00000
53.99730	9391.00000
54.01780	9444.00000
54.03820	9287.00000
54.05860	9300.00000
54.07900	9118.00000
54.09950	8977.00000
54.11990	8872.00000
54.14030	8832.00000
54.16080	8787.00000
54.18120	8600.00000
54.20160	8636.00000
54.22200	8864.00000
54.24250	8740.00000
54.26290	8817.00000
54.28330	8893.00000
54.30380	8847.00000
54.32420	9117.00000
54.34460	9181.00000
54.36500	9125.00000
54.38550	9477.00000
54.40590	9713.00000
54.42630	9616.00000
54.44680	9630.00000
54.46720	9158.00000
54.48760	9108.00000
54.50800	8823.00000
54.52850	8545.00000
54.54890	8694.00000
54.56930	8441.00000
54.58980	8188.00000
54.61020	8188.00000
54.63060	7805.00000
54.65100	7714.00000
54.67150	7469.00000
54.69190	7507.00000
54.71230	7226.00000
54.73280	7383.00000
54.75320	7214.00000
54.77360	7215.00000
54.79400	7074.00000
54.81450	7137.00000
54.83490	7174.00000
54.85530	7015.00000
54.87580	6972.00000
54.89620	6930.00000
54.91660	7017.00000
54.93700	6934.00000
54.95750	7038.00000
54.97790	6895.00000
54.99830	7018.00000
55.01880	7038.00000
55.03920	6924.00000
55.05960	6829.00000
55.08000	6952.00000
55.10050	6946.00000
55.12090	6923.00000
55.14130	6962.00000
55.16180	7101.00000
55.18220	7154.00000
55.20260	7037.00000
55.22300	6996.00000
55.24350	7056.00000
55.26390	7158.00000
55.28430	7042.00000
55.30470	7164.00000
55.32520	7137.00000
55.34560	7221.00000
55.36600	7252.00000
55.38650	7050.00000
55.40690	7386.00000
55.42730	7479.00000
55.44770	7480.00000
55.46820	7486.00000
55.48860	7479.00000
55.50900	7561.00000
55.52950	7763.00000
55.54990	7837.00000
55.57030	8089.00000
55.59070	8170.00000
55.61120	8249.00000
55.63160	8429.00000
55.65200	8780.00000
55.67250	8997.00000
55.69290	9101.00000
55.71330	9213.00000
55.73370	9337.00000
55.75420	9420.00000
55.77460	9622.00000
55.79500	9800.00000
55.81550	10053.00000
55.83590	10272.00000
55.85630	10098.00000
55.87670	10037.00000
55.89720	9905.00000
55.91760	9855.00000
55.93800	9711.00000
55.95850	9676.00000
55.97890	9807.00000
55.99930	9469.00000
56.01970	9487.00000
56.04020	9402.00000
56.06060	9290.00000
56.08100	8951.00000
56.10150	8921.00000
56.12190	8767.00000
56.14230	8565.00000
56.16270	8434.00000
56.18320	8275.00000
56.20360	8431.00000
56.22400	8290.00000
56.24450	8126.00000
56.26490	8163.00000
56.28530	7900.00000
56.30570	8066.00000
56.32620	7968.00000
56.34660	8034.00000
56.36700	8187.00000
56.38750	8089.00000
56.40790	8137.00000
56.42830	8280.00000
56.44870	8432.00000
56.46920	8555.00000
56.48960	8653.00000
56.51000	8916.00000
56.53040	9201.00000
56.55090	9653.00000
56.57130	9635.00000
56.59170	10193.00000
56.61220	10526.00000
56.63260	10983.00000
56.65300	11210.00000
56.67340	11811.00000
56.69390	12042.00000
56.71430	12005.00000
56.73470	11839.00000
56.75520	11558.00000
56.77560	11168.00000
56.79600	10952.00000
56.81640	10895.00000
56.83690	10729.00000
56.85730	10756.00000
56.87770	10417.00000
56.89820	10095.00000
56.91860	9887.00000
56.93900	9510.00000
56.95940	9426.00000
56.97990	9460.00000
57.00030	9269.00000
57.02070	9094.00000
57.04120	9075.00000
57.06160	9082.00000
57.08200	9163.00000
57.10240	8907.00000
57.12290	8940.00000
57.14330	9015.00000
57.16370	9263.00000
57.18420	9221.00000
57.20460	9298.00000
57.22500	9527.00000
57.24540	9741.00000
57.26590	9867.00000
57.28630	9940.00000
57.30670	9998.00000
57.32720	9961.00000
57.34760	9945.00000
57.36800	9806.00000
57.38840	9934.00000
57.40890	9921.00000
57.42930	10146.00000
57.44970	10138.00000
57.47020	10257.00000
57.49060	9846.00000
57.51100	9662.00000
57.53140	9487.00000
57.55190	9126.00000
57.57230	8821.00000
57.59270	8753.00000
57.61320	8737.00000
57.63360	8328.00000
57.65400	8314.00000
57.67440	8108.00000
57.69490	7996.00000
57.71530	7739.00000
57.73570	7576.00000
57.75620	7634.00000
57.77660	7316.00000
57.79700	7221.00000
57.81740	7296.00000
57.83790	7284.00000
57.85830	7240.00000
57.87870	7065.00000
57.89910	7254.00000
57.91960	7130.00000
57.94000	7212.00000
57.96040	7196.00000
57.98090	7288.00000
58.00130	7229.00000
58.02170	7306.00000
58.04210	7419.00000
58.06260	7338.00000
58.08300	7568.00000
58.10340	7616.00000
58.12390	7825.00000
58.14430	8072.00000
58.16470	8289.00000
58.18510	8203.00000
58.20560	8653.00000
58.22600	8642.00000
58.24640	8703.00000
58.26690	8793.00000
58.28730	8731.00000
58.30770	8842.00000
58.32810	9032.00000
58.34860	9012.00000
58.36900	9381.00000
58.38940	9655.00000
58.40990	9769.00000
58.43030	9895.00000
58.45070	9871.00000
58.47110	9948.00000
58.49160	9823.00000
58.51200	10059.00000
58.53240	10117.00000
58.55290	10018.00000
58.57330	10069.00000
58.59370	10121.00000
58.61410	9857.00000
58.63460	10058.00000
58.65500	10167.00000
58.67540	10151.00000
58.69590	10254.00000
58.71630	10035.00000
58.73670	10594.00000
58.75710	10498.00000
58.77760	10562.00000
58.79800	10693.00000
58.81840	10805.00000
58.83890	10700.00000
58.85930	10323.00000
58.87970	10334.00000
58.90010	10242.00000
58.92060	10175.00000
58.94100	10176.00000
58.96140	9895.00000
58.98190	9846.00000
59.00230	9637.00000
59.02270	9441.00000
59.04310	9230.00000
59.06360	9027.00000
59.08400	8766.00000
59.10440	8806.00000
59.12480	8821.00000
59.14530	8633.00000
59.16570	8601.00000
59.18610	8262.00000
59.20660	8154.00000
59.22700	7957.00000
59.24740	8060.00000
59.26780	7831.00000
59.28830	7593.00000
59.30870	7571.00000
59.32910	7594.00000
59.34960	7373.00000
59.37000	7330.00000
59.39040	7281.00000
59.41080	7053.00000
59.43130	7202.00000
59.45170	7035.00000
59.47210	7002.00000
59.49260	6920.00000
59.51300	6838.00000
59.53340	6876.00000
59.55380	6855.00000
59.57430	6767.00000
59.59470	6992.00000
59.61510	7026.00000
59.63560	6999.00000
59.65600	7026.00000
59.67640	7037.00000
59.69680	7312.00000
59.71730	7208.00000
59.73770	7311.00000
59.75810	7359.00000
59.77860	7332.00000
59.79900	7392.00000
59.81940	7343.00000
59.83980	7161.00000
59.86030	7223.00000
59.88070	7231.00000
59.90110	7289.00000
59.92160	7240.00000
59.94200	7118.00000
59.96240	7252.00000
59.98280	7202.00000
60.00330	7041.00000
60.02370	7234.00000
60.04410	7034.00000
60.06460	7120.00000
60.08500	7125.00000
60.10540	7093.00000
60.12580	7191.00000
60.14630	7242.00000
60.16670	7359.00000
60.18710	7446.00000
60.20760	7493.00000
60.22800	7669.00000
60.24840	7869.00000
60.26880	7625.00000
60.28930	7984.00000
60.30970	7984.00000
60.33010	8163.00000
60.35060	8304.00000
60.37100	8532.00000
60.39140	8665.00000
60.41180	8710.00000
60.43230	8930.00000
60.45270	9344.00000
60.47310	9160.00000
60.49350	9133.00000
60.51400	9529.00000
60.53440	9715.00000
60.55480	9770.00000
60.57530	10111.00000
60.59570	10325.00000
60.61610	10470.00000
60.63650	10771.00000
60.65700	10815.00000
60.67740	11220.00000
60.69780	11378.00000
60.71830	11358.00000
60.73870	11536.00000
60.75910	11809.00000
60.77950	11786.00000
60.80000	12231.00000
60.82040	12417.00000
60.84080	12615.00000
60.86130	12691.00000
60.88170	12820.00000
60.90210	12737.00000
60.92250	12911.00000
60.94300	12985.00000
60.96340	12782.00000
60.98380	12618.00000
61.00430	12760.00000
61.02470	12677.00000
61.04510	12623.00000
61.06550	12491.00000
61.08600	12369.00000
61.10640	12145.00000
61.12680	12105.00000
61.14730	11656.00000
61.16770	11539.00000
61.18810	11106.00000
61.20850	10999.00000
61.22900	10976.00000
61.24940	10956.00000
61.26980	10669.00000
61.29030	10524.00000
61.31070	10550.00000
61.33110	10275.00000
61.35150	9986.00000
61.37200	9878.00000
61.39240	9594.00000
61.41280	9436.00000
61.43330	9207.00000
61.45370	9120.00000
61.47410	9031.00000
61.49450	8911.00000
61.51500	8640.00000
61.53540	8359.00000
61.55580	8378.00000
61.57630	8104.00000
61.59670	7980.00000
61.61710	7845.00000
61.63750	7684.00000
61.65800	7679.00000
61.67840	7621.00000
61.69880	7557.00000
61.71920	7608.00000
61.73970	7583.00000
61.76010	7349.00000
61.78050	7535.00000
61.80100	7482.00000
61.82140	7439.00000
61.84180	7580.00000
61.86220	7456.00000
61.88270	7668.00000
61.90310	7813.00000
61.92350	7873.00000
61.94400	7919.00000
61.96440	7908.00000
61.98480	8128.00000
62.00520	7899.00000
62.02570	7888.00000
62.04610	7814.00000
62.06650	7579.00000
62.08700	7753.00000
62.10740	7727.00000
62.12780	7944.00000
62.14820	7886.00000
62.16870	7816.00000
62.18910	7770.00000
62.20950	7724.00000
62.23000	7554.00000
62.25040	7348.00000
62.27080	7378.00000
62.29120	7361.00000
62.31170	7411.00000
62.33210	7356.00000
62.35250	7379.00000
62.37300	7187.00000
62.39340	7220.00000
62.41380	7236.00000
62.43420	7157.00000
62.45470	7116.00000
62.47510	7163.00000
62.49550	7125.00000
62.51600	7168.00000
62.53640	7199.00000
62.55680	7102.00000
62.57720	7043.00000
62.59770	7011.00000
62.61810	7185.00000
62.63850	7200.00000
62.65900	7128.00000
62.67940	7233.00000
62.69980	7019.00000
62.72020	7161.00000
62.74070	7267.00000
62.76110	7472.00000
62.78150	7509.00000
62.80200	7806.00000
62.82240	7498.00000
62.84280	7651.00000
62.86320	7938.00000
62.88370	7848.00000
62.90410	8052.00000
62.92450	7774.00000
62.94500	7921.00000
62.96540	7997.00000
62.98580	7886.00000
63.00620	8091.00000
63.02670	8128.00000
63.04710	7984.00000
63.06750	7980.00000
63.08790	8071.00000
63.10840	8087.00000
63.12880	8289.00000
63.14920	8111.00000
63.16970	8383.00000
63.19010	8370.00000
63.21050	8329.00000
63.23090	8255.00000
63.25140	8485.00000
63.27180	8537.00000
63.29220	8666.00000
63.31270	8543.00000
63.33310	8613.00000
63.35350	8750.00000
63.37390	8582.00000
63.39440	8470.00000
63.41480	8478.00000
63.43520	8384.00000
63.45570	8389.00000
63.47610	8210.00000
63.49650	8191.00000
63.51690	8152.00000
63.53740	8051.00000
63.55780	8103.00000
63.57820	8027.00000
63.59870	7757.00000
63.61910	7763.00000
63.63950	7573.00000
63.65990	7663.00000
63.68040	7608.00000
63.70080	7660.00000
63.72120	7718.00000
63.74170	7816.00000
63.76210	7692.00000
63.78250	7793.00000
63.80290	7763.00000
63.82340	7818.00000
63.84380	7596.00000
63.86420	7661.00000
63.88470	7840.00000
63.90510	7870.00000
63.92550	7759.00000
63.94590	7762.00000
63.96640	7833.00000
63.98680	7783.00000
64.00720	8163.00000
64.02770	8009.00000
64.04810	7959.00000
64.06850	8088.00000
64.08890	8183.00000
64.10940	8218.00000
64.12980	8422.00000
64.15020	8369.00000
64.17070	8664.00000
64.19110	8626.00000
64.21150	8524.00000
64.23190	8718.00000
64.25240	8961.00000
64.27280	9012.00000
64.29320	8950.00000
64.31360	8792.00000
64.33410	8833.00000
64.35450	8897.00000
64.37490	8910.00000
64.39540	9055.00000
64.41580	9221.00000
64.43620	9195.00000
64.45660	9186.00000
64.47710	9362.00000
64.49750	9310.00000
64.51790	9569.00000
64.53840	9831.00000
64.55880	9796.00000
64.57920	10128.00000
64.59960	10115.00000
64.62010	10402.00000
64.64050	10271.00000
64.66090	10175.00000
64.68140	9957.00000
64.70180	10019.00000
64.72220	9785.00000
64.74260	9764.00000
64.76310	9656.00000
64.78350	9699.00000
64.80390	9491.00000
64.82440	9188.00000
64.84480	9121.00000
64.86520	8774.00000
64.88560	8804.00000
64.90610	8438.00000
64.92650	8406.00000
64.94690	8267.00000
64.96740	8287.00000
64.98780	8167.00000
65.00820	7992.00000
65.02860	7757.00000
65.04910	7816.00000
65.06950	7448.00000
65.08990	7435.00000
65.11040	7401.00000
65.13080	7379.00000
65.15120	7176.00000
65.17160	7210.00000
65.19210	7131.00000
65.21250	7097.00000
65.23290	7253.00000
65.25340	7212.00000
65.27380	7167.00000
65.29420	7139.00000
65.31460	7231.00000
65.33510	7268.00000
65.35550	7114.00000
65.37590	7256.00000
65.39640	7451.00000
65.41680	7623.00000
65.43720	7585.00000
65.45760	7756.00000
65.47810	7790.00000
65.49850	8084.00000
65.51890	8376.00000
65.53940	8417.00000
65.55980	8585.00000
65.58020	8748.00000
65.60060	8716.00000
65.62110	8910.00000
65.64150	8834.00000
65.66190	8878.00000
65.68230	8992.00000
65.70280	8756.00000
65.72320	8742.00000
65.74360	8804.00000
65.76410	8630.00000
65.78450	8463.00000
65.80490	8467.00000
65.82530	8485.00000
65.84580	8274.00000
65.86620	8329.00000
65.88660	8138.00000
65.90710	8011.00000
65.92750	7840.00000
65.94790	7682.00000
65.96830	7532.00000
65.98880	7511.00000
66.00920	7476.00000
66.02960	7322.00000
66.05010	7351.00000
66.07050	7334.00000
66.09090	7202.00000
66.11130	7078.00000
66.13180	7111.00000
66.15220	7059.00000
66.17260	7227.00000
66.19310	7054.00000
66.21350	7037.00000
66.23390	7009.00000
66.25430	6922.00000
66.27480	7112.00000
66.29520	7038.00000
66.31560	7248.00000
66.33610	7055.00000
66.35650	7238.00000
66.37690	7208.00000
66.39730	7393.00000
66.41780	7494.00000
66.43820	7713.00000
66.45860	7950.00000
66.47910	8087.00000
66.49950	8240.00000
66.51990	8440.00000
66.54030	8706.00000
66.56080	8699.00000
66.58120	9029.00000
66.60160	8843.00000
66.62210	8674.00000
66.64250	8801.00000
66.66290	8793.00000
66.68330	8619.00000
66.70380	8790.00000
66.72420	8633.00000
66.74460	8688.00000
66.76510	8562.00000
66.78550	8608.00000
66.80590	8444.00000
66.82630	8380.00000
66.84680	8138.00000
66.86720	8351.00000
66.88760	8126.00000
66.90800	7940.00000
66.92850	7866.00000
66.94890	7682.00000
66.96930	7721.00000
66.98980	7516.00000
67.01020	7603.00000
67.03060	7717.00000
67.05100	7619.00000
67.07150	7542.00000
67.09190	7684.00000
67.11230	7386.00000
67.13280	7428.00000
67.15320	7309.00000
67.17360	7330.00000
67.19400	7279.00000
67.21450	7285.00000
67.23490	7293.00000
67.25530	7271.00000
67.27580	7254.00000
67.29620	7166.00000
67.31660	7304.00000
67.33700	7260.00000
67.35750	7115.00000
67.37790	7348.00000
67.39830	7506.00000
67.41880	7378.00000
67.43920	7234.00000
67.45960	7446.00000
67.48000	7662.00000
67.50050	7650.00000
67.52090	7583.00000
67.54130	7909.00000
67.56180	8182.00000
67.58220	8290.00000
67.60260	8465.00000
67.62300	8441.00000
67.64350	8553.00000
67.66390	8526.00000
67.68430	8527.00000
67.70480	8627.00000
67.72520	8842.00000
67.74560	8794.00000
67.76600	8995.00000
67.78650	9056.00000
67.80690	9114.00000
67.82730	9163.00000
67.84780	9456.00000
67.86820	9585.00000
67.88860	9388.00000
67.90900	9454.00000
67.92950	9450.00000
67.94990	9498.00000
67.97030	9412.00000
67.99080	9333.00000
68.01120	9426.00000
68.03160	9245.00000
68.05200	9517.00000
68.07250	9318.00000
68.09290	9551.00000
68.11330	9425.00000
68.13380	9281.00000
68.15420	9331.00000
68.17460	9064.00000
68.19500	9090.00000
68.21550	9101.00000
68.23590	8980.00000
68.25630	9047.00000
68.27670	9081.00000
68.29720	8995.00000
68.31760	9040.00000
68.33800	9045.00000
68.35850	8869.00000
68.37890	9037.00000
68.39930	8869.00000
68.41970	8855.00000
68.44020	8839.00000
68.46060	8850.00000
68.48100	8970.00000
68.50150	8958.00000
68.52190	8747.00000
68.54230	8744.00000
68.56270	8899.00000
68.58320	8572.00000
68.60360	8573.00000
68.62400	8634.00000
68.64450	8569.00000
68.66490	8560.00000
68.68530	8591.00000
68.70570	8567.00000
68.72620	8371.00000
68.74660	8200.00000
68.76700	7945.00000
68.78750	8081.00000
68.80790	7805.00000
68.82830	7730.00000
68.84870	7725.00000
68.86920	7647.00000
68.88960	7679.00000
68.91000	7508.00000
68.93050	7607.00000
68.95090	7598.00000
68.97130	7610.00000
68.99170	7408.00000
69.01220	7238.00000
69.03260	7244.00000
69.05300	7080.00000
69.07350	7183.00000
69.09390	7121.00000
69.11430	6987.00000
69.13470	7105.00000
69.15520	7072.00000
69.17560	6808.00000
69.19600	6924.00000
69.21650	6722.00000
69.23690	6836.00000
69.25730	6818.00000
69.27770	6848.00000
69.29820	6751.00000
69.31860	6688.00000
69.33900	6975.00000
69.35950	6920.00000
69.37990	6754.00000
69.40030	6899.00000
69.42070	6776.00000
69.44120	6670.00000
69.46160	6586.00000
69.48200	6917.00000
69.50240	6849.00000
69.52290	6953.00000
69.54330	6981.00000
69.56370	7204.00000
69.58420	7268.00000
69.60460	7350.00000
69.62500	7133.00000
69.64540	7358.00000
69.66590	7276.00000
69.68630	7383.00000
69.70670	7278.00000
69.72720	7114.00000
69.74760	7275.00000
69.76800	7068.00000
69.78840	7018.00000
69.80890	6927.00000
69.82930	6859.00000
69.84970	6907.00000
69.87020	6916.00000
69.89060	6847.00000
69.91100	6681.00000
69.93140	6587.00000
69.95190	6676.00000
69.97230	6452.00000
69.99270	6319.00000
70.01320	6427.00000
70.03360	6330.00000
70.05400	6388.00000
70.07440	6429.00000
70.09490	6301.00000
70.11530	6187.00000
70.13570	6240.00000
70.15620	6264.00000
70.17660	6211.00000
70.19700	6382.00000
70.21740	6317.00000
70.23790	6427.00000
70.25830	6283.00000
70.27870	6326.00000
70.29920	6273.00000
70.31960	6327.00000
70.34000	6495.00000
70.36040	6364.00000
70.38090	6343.00000
70.40130	6436.00000
70.42170	6442.00000
70.44220	6586.00000
70.46260	6704.00000
70.48300	6694.00000
70.50340	6759.00000
70.52390	6879.00000
70.54430	6959.00000
70.56470	6878.00000
70.58520	6766.00000
70.60560	7028.00000
70.62600	6945.00000
70.64640	6758.00000
70.66690	6834.00000
70.68730	6688.00000
70.70770	6792.00000
70.72820	6814.00000
70.74860	6593.00000
70.76900	6789.00000
70.78940	6726.00000
70.80990	6546.00000
70.83030	6498.00000
70.85070	6317.00000
70.87110	6331.00000
70.89160	6336.00000
70.91200	6363.00000
70.93240	6253.00000
70.95290	6387.00000
70.97330	6208.00000
70.99370	6171.00000
71.01410	6174.00000
71.03460	6253.00000
71.05500	6337.00000
71.07540	6217.00000
71.09590	6227.00000
71.11630	6184.00000
71.13670	6221.00000
71.15710	6264.00000
71.17760	6119.00000
71.19800	6079.00000
71.21840	6081.00000
71.23890	6129.00000
71.25930	6047.00000
71.27970	6098.00000
71.30010	6142.00000
71.32060	6361.00000
71.34100	6132.00000
71.36140	6176.00000
71.38190	6191.00000
71.40230	6207.00000
71.42270	6171.00000
71.44310	6182.00000
71.46360	6102.00000
71.48400	6185.00000
71.50440	6149.00000
71.52490	6242.00000
71.54530	6139.00000
71.56570	6303.00000
71.58610	6127.00000
71.60660	6315.00000
71.62700	6257.00000
71.64740	6119.00000
71.66790	6091.00000
71.68830	6024.00000
71.70870	6025.00000
71.72910	6031.00000
71.74960	6057.00000
71.77000	6124.00000
71.79040	6145.00000
71.81090	6178.00000
71.83130	6127.00000
71.85170	6259.00000
71.87210	6222.00000
71.89260	6310.00000
71.91300	6249.00000
71.93340	6239.00000
71.95390	6263.00000
71.97430	6303.00000
71.99470	6334.00000
72.01510	6476.00000
72.03560	6343.00000
72.05600	6405.00000
72.07640	6544.00000
72.09680	6557.00000
72.11730	6604.00000
72.13770	6668.00000
72.15810	6648.00000
72.17860	6730.00000
72.19900	6758.00000
72.21940	6559.00000
72.23980	6643.00000
72.26030	6703.00000
72.28070	6856.00000
72.30110	6869.00000
72.32160	7003.00000
72.34200	6977.00000
72.36240	6900.00000
72.38280	7015.00000
72.40330	7044.00000
72.42370	7006.00000
72.44410	7013.00000
72.46460	7036.00000
72.48500	7019.00000
72.50540	7039.00000
72.52580	6961.00000
72.54630	7090.00000
72.56670	6909.00000
72.58710	6860.00000
72.60760	6903.00000
72.62800	6902.00000
72.64840	6754.00000
72.66880	6630.00000
72.68930	6916.00000
72.70970	6814.00000
72.73010	6719.00000
72.75060	6596.00000
72.77100	6542.00000
72.79140	6735.00000
72.81180	6604.00000
72.83230	6562.00000
72.85270	6656.00000
72.87310	6592.00000
72.89360	6649.00000
72.91400	6481.00000
72.93440	6563.00000
72.95480	6503.00000
72.97530	6607.00000
72.99570	6473.00000
73.01610	6585.00000
73.03660	6632.00000
73.05700	6611.00000
73.07740	6590.00000
73.09780	6633.00000
73.11830	6619.00000
73.13870	6772.00000
73.15910	6798.00000
73.17960	6801.00000
73.20000	6731.00000
73.22040	7109.00000
73.24080	7027.00000
73.26130	7086.00000
73.28170	7012.00000
73.30210	6988.00000
73.32260	6990.00000
73.34300	6953.00000
73.36340	7008.00000
73.38380	7095.00000
73.40430	6930.00000
73.42470	7021.00000
73.44510	7127.00000
73.46550	7038.00000
73.48600	7145.00000
73.50640	7195.00000
73.52680	7135.00000
73.54730	7000.00000
73.56770	7126.00000
73.58810	7102.00000
73.60850	6933.00000
73.62900	6985.00000
73.64940	7107.00000
73.66980	7091.00000
73.69030	7011.00000
73.71070	7038.00000
73.73110	7040.00000
73.75150	7007.00000
73.77200	7019.00000
73.79240	6978.00000
73.81280	6777.00000
73.83330	6870.00000
73.85370	6880.00000
73.87410	6678.00000
73.89450	6672.00000
73.91500	6764.00000
73.93540	6569.00000
73.95580	6694.00000
73.97630	6694.00000
73.99670	6731.00000
74.01710	6854.00000
74.03750	6458.00000
74.05800	6680.00000
74.07840	6670.00000
74.09880	6603.00000
74.11930	6452.00000
74.13970	6548.00000
74.16010	6790.00000
74.18050	6790.00000
74.20100	6695.00000
74.22140	6703.00000
74.24180	6599.00000
74.26230	6752.00000
74.28270	6755.00000
74.30310	6740.00000
74.32350	6748.00000
74.34400	6995.00000
74.36440	6941.00000
74.38480	7087.00000
74.40530	7037.00000
74.42570	7251.00000
74.44610	7118.00000
74.46650	7291.00000
74.48700	7468.00000
74.50740	7469.00000
74.52780	7697.00000
74.54830	7773.00000
74.56870	7655.00000
74.58910	7806.00000
74.60950	7945.00000
74.63000	8129.00000
74.65040	8047.00000
74.67080	8070.00000
74.69120	8165.00000
74.71170	8025.00000
74.73210	8037.00000
74.75250	8005.00000
74.77300	7944.00000
74.79340	7830.00000
74.81380	7824.00000
74.83420	7668.00000
74.85470	7572.00000
74.87510	7435.00000
74.89550	7384.00000
74.91600	7372.00000
74.93640	7228.00000
74.95680	7150.00000
74.97720	6811.00000
74.99770	6948.00000
75.01810	6824.00000
75.03850	6620.00000
75.05900	6568.00000
75.07940	6561.00000
75.09980	6465.00000
75.12020	6360.00000
75.14070	6407.00000
75.16110	6301.00000
75.18150	6307.00000
75.20200	6194.00000
75.22240	6253.00000
75.24280	6159.00000
75.26320	6122.00000
75.28370	6047.00000
75.30410	5990.00000
75.32450	6107.00000
75.34500	6068.00000
75.36540	5900.00000
75.38580	6071.00000
75.40620	5985.00000
75.42670	6067.00000
75.44710	6011.00000
75.46750	5899.00000
75.48800	6089.00000
75.50840	6039.00000
75.52880	6042.00000
75.54920	5934.00000
75.56970	5920.00000
75.59010	5929.00000
75.61050	6092.00000
75.63100	5931.00000
75.65140	5885.00000
75.67180	6018.00000
75.69220	6076.00000
75.71270	5955.00000
75.73310	5991.00000
75.75350	5917.00000
75.77400	5773.00000
75.79440	5953.00000
75.81480	5954.00000
75.83520	6078.00000
75.85570	5952.00000
75.87610	5991.00000
75.89650	5946.00000
75.91700	6027.00000
75.93740	5879.00000
75.95780	5943.00000
75.97820	6019.00000
75.99870	5994.00000
76.01910	5946.00000
76.03950	6077.00000
76.05990	5874.00000
76.08040	5991.00000
76.10080	6038.00000
76.12120	5954.00000
76.14170	6148.00000
76.16210	6158.00000
76.18250	5996.00000
76.20290	6000.00000
76.22340	5990.00000
76.24380	6054.00000
76.26420	6035.00000
76.28470	6179.00000
76.30510	6063.00000
76.32550	6043.00000
76.34590	6263.00000
76.36640	6073.00000
76.38680	6195.00000
76.40720	6315.00000
76.42770	6151.00000
76.44810	6221.00000
76.46850	6337.00000
76.48890	6267.00000
76.50940	6394.00000
76.52980	6470.00000
76.55020	6491.00000
76.57070	6510.00000
76.59110	6516.00000
76.61150	6556.00000
76.63190	6717.00000
76.65240	6682.00000
76.67280	6643.00000
76.69320	6782.00000
76.71370	6766.00000
76.73410	6947.00000
76.75450	6760.00000
76.77490	6694.00000
76.79540	6798.00000
76.81580	6723.00000
76.83620	6890.00000
76.85670	6947.00000
76.87710	6859.00000
76.89750	6760.00000
76.91790	6758.00000
76.93840	6767.00000
76.95880	6790.00000
76.97920	6918.00000
76.99970	6822.00000
77.02010	6790.00000
77.04050	6825.00000
77.06090	6751.00000
77.08140	6893.00000
77.10180	6815.00000
77.12220	6895.00000
77.14270	6871.00000
77.16310	6836.00000
77.18350	6922.00000
77.20390	6765.00000
77.22440	7027.00000
77.24480	7076.00000
77.26520	7061.00000
77.28560	7007.00000
77.30610	7118.00000
77.32650	6976.00000
77.34690	7049.00000
77.36740	6973.00000
77.38780	7015.00000
77.40820	7027.00000
77.42860	6953.00000
77.44910	6925.00000
77.46950	7088.00000
77.48990	7164.00000
77.51040	7135.00000
77.53080	7242.00000
77.55120	7209.00000
77.57160	7256.00000
77.59210	7346.00000
77.61250	7324.00000
77.63290	7319.00000
77.65340	7283.00000
77.67380	7276.00000
77.69420	7355.00000
77.71460	7332.00000
77.73510	7468.00000
77.75550	7477.00000
77.77590	7440.00000
77.79640	7305.00000
77.81680	7309.00000
77.83720	7159.00000
77.85760	7251.00000
77.87810	7145.00000
77.89850	7037.00000
77.91890	7276.00000
77.93940	7064.00000
77.95980	7148.00000
77.98020	7219.00000
78.00060	6929.00000
78.02110	6866.00000
78.04150	6925.00000
78.06190	6790.00000
78.08240	6785.00000
78.10280	6743.00000
78.12320	6643.00000
78.14360	6693.00000
78.16410	6616.00000
78.18450	6508.00000
78.20490	6600.00000
78.22540	6335.00000
78.24580	6583.00000
78.26620	6338.00000
78.28660	6353.00000
78.30710	6383.00000
78.32750	6547.00000
78.34790	6363.00000
78.36840	6386.00000
78.38880	6215.00000
78.40920	6400.00000
78.42960	6513.00000
78.45010	6485.00000
78.47050	6411.00000
78.49090	6479.00000
78.51140	6453.00000
78.53180	6701.00000
78.55220	6688.00000
78.57260	6721.00000
78.59310	6631.00000
78.61350	6661.00000
78.63390	6783.00000
78.65430	6631.00000
78.67480	6570.00000
78.69520	6659.00000
78.71560	6816.00000
78.73610	6538.00000
78.75650	6595.00000
78.77690	6670.00000
78.79730	6720.00000
78.81780	6811.00000
78.83820	6719.00000
78.85860	6780.00000
78.87910	6628.00000
78.89950	6588.00000
78.91990	6732.00000
78.94030	6885.00000
78.96080	6708.00000
78.98120	6790.00000
79.00160	6761.00000
79.02210	6648.00000
79.04250	6613.00000
79.06290	6768.00000
79.08330	6591.00000
79.10380	6563.00000
79.12420	6467.00000
79.14460	6716.00000
79.16510	6503.00000
79.18550	6780.00000
79.20590	6717.00000
79.22630	6663.00000
79.24680	6737.00000
79.26720	6639.00000
79.28760	6753.00000
79.30810	6829.00000
79.32850	6817.00000
79.34890	6886.00000
79.36930	6922.00000
79.38980	7162.00000
79.41020	7037.00000
79.43060	7133.00000
79.45110	7418.00000
79.47150	7204.00000
79.49190	7433.00000
79.51230	7381.00000
79.53280	7243.00000
79.55320	7311.00000
79.57360	7425.00000
79.59410	7656.00000
79.61450	7722.00000
79.63490	7852.00000
79.65530	7801.00000
79.67580	8053.00000
79.69620	7813.00000
79.71660	7966.00000
79.73710	8051.00000
79.75750	8036.00000
79.77790	8129.00000
79.79830	8046.00000
79.81880	8210.00000
79.83920	8298.00000
79.85960	8366.00000
79.88000	8315.00000
79.90050	8083.00000
79.92090	8015.00000
79.94130	8036.00000
79.96180	7930.00000
79.98220	7898.00000
80.00260	7853.00000
80.02300	7742.00000
80.04350	7792.00000
80.06390	7767.00000
80.08430	7655.00000
80.10480	7653.00000
80.12520	7461.00000
80.14560	7483.00000
80.16600	7367.00000
80.18650	7267.00000
80.20690	7107.00000
80.22730	7003.00000
80.24780	6990.00000
80.26820	7010.00000
80.28860	6842.00000
80.30900	6766.00000
80.32950	6843.00000
80.34990	6833.00000
80.37030	6721.00000
80.39080	6620.00000
80.41120	6627.00000
80.43160	6489.00000
80.45200	6477.00000
80.47250	6493.00000
80.49290	6369.00000
80.51330	6448.00000
80.53380	6608.00000
80.55420	6437.00000
80.57460	6403.00000
80.59500	6320.00000
80.61550	6361.00000
80.63590	6322.00000
80.65630	6428.00000
80.67680	6322.00000
80.69720	6398.00000
80.71760	6509.00000
80.73800	6512.00000
80.75850	6585.00000
80.77890	6496.00000
80.79930	6529.00000
80.81980	6597.00000
80.84020	6686.00000
80.86060	6723.00000
80.88100	6648.00000
80.90150	6754.00000
80.92190	6880.00000
80.94230	6893.00000
80.96280	6719.00000
80.98320	6874.00000
81.00360	6806.00000
81.02400	6859.00000
81.04450	6752.00000
81.06490	6711.00000
81.08530	6619.00000
81.10580	6845.00000
81.12620	6532.00000
81.14660	6553.00000
81.16700	6721.00000
81.18750	6673.00000
81.20790	6705.00000
81.22830	6521.00000
81.24870	6607.00000
81.26920	6564.00000
81.28960	6555.00000
81.31000	6434.00000
81.33050	6427.00000
81.35090	6458.00000
81.37130	6661.00000
81.39170	6356.00000
81.41220	6477.00000
81.43260	6486.00000
81.45300	6438.00000
81.47350	6366.00000
81.49390	6346.00000
81.51430	6314.00000
81.53470	6523.00000
81.55520	6414.00000
81.57560	6260.00000
81.59600	6545.00000
81.61650	6394.00000
81.63690	6346.00000
81.65730	6435.00000
81.67770	6237.00000
81.69820	6444.00000
81.71860	6453.00000
81.73900	6321.00000
81.75950	6441.00000
81.77990	6295.00000
81.80030	6167.00000
81.82070	6430.00000
81.84120	6335.00000
81.86160	6439.00000
81.88200	6446.00000
81.90250	6358.00000
81.92290	6214.00000
81.94330	6305.00000
81.96370	6288.00000
81.98420	6132.00000
82.00460	6322.00000
82.02500	6325.00000
82.04550	6104.00000
82.06590	6291.00000
82.08630	6273.00000
82.10670	6161.00000
82.12720	6117.00000
82.14760	6201.00000
82.16800	6100.00000
82.18850	6233.00000
82.20890	6230.00000
82.22930	6031.00000
82.24970	6083.00000
82.27020	6182.00000
82.29060	5910.00000
82.31100	6045.00000
82.33150	6048.00000
82.35190	5866.00000
82.37230	5964.00000
82.39270	6081.00000
82.41320	6023.00000
82.43360	6128.00000
82.45400	6044.00000
82.47440	5933.00000
82.49490	5975.00000
82.51530	5757.00000
82.53570	5920.00000
82.55620	5975.00000
82.57660	5930.00000
82.59700	5866.00000
82.61740	5823.00000
82.63790	5955.00000
82.65830	5907.00000
82.67870	5884.00000
82.69920	5848.00000
82.71960	5824.00000
82.74000	5951.00000
82.76040	5767.00000
82.78090	5705.00000
82.80130	5731.00000
82.82170	5857.00000
82.84220	5781.00000
82.86260	5860.00000
82.88300	5859.00000
82.90340	5821.00000
82.92390	5782.00000
82.94430	5902.00000
82.96470	5894.00000
82.98520	5900.00000
83.00560	5893.00000
83.02600	5747.00000
83.04640	5736.00000
83.06690	5802.00000
83.08730	5881.00000
83.10770	5877.00000
83.12820	5984.00000
83.14860	5992.00000
83.16900	5888.00000
83.18940	5925.00000
83.20990	5993.00000
83.23030	6067.00000
83.25070	6088.00000
83.27120	6105.00000
83.29160	6139.00000
83.31200	6223.00000
83.33240	6467.00000
83.35290	6306.00000
83.37330	6368.00000
83.39370	6505.00000
83.41420	6473.00000
83.43460	6685.00000
83.45500	6613.00000
83.47540	6856.00000
83.49590	6747.00000
83.51630	6909.00000
83.53670	6876.00000
83.55720	6984.00000
83.57760	6866.00000
83.59800	6921.00000
83.61840	7168.00000
83.63890	6995.00000
83.65930	7369.00000
83.67970	7218.00000
83.70020	7261.00000
83.72060	7126.00000
83.74100	7331.00000
83.76140	7333.00000
83.78190	7282.00000
83.80230	7424.00000
83.82270	7388.00000
83.84310	7392.00000
83.86360	7333.00000
83.88400	7424.00000
83.90440	7484.00000
83.92490	7354.00000
83.94530	7266.00000
83.96570	7449.00000
83.98610	7431.00000
84.00660	7333.00000
84.02700	7409.00000
84.04740	7362.00000
84.06790	7413.00000
84.08830	7340.00000
84.10870	7288.00000
84.12910	7175.00000
84.14960	7273.00000
84.17000	7143.00000
84.19040	7274.00000
84.21090	7294.00000
84.23130	7220.00000
84.25170	7213.00000
84.27210	7319.00000
84.29260	7153.00000
84.31300	7205.00000
84.33340	7299.00000
84.35390	7199.00000
84.37430	7353.00000
84.39470	7257.00000
84.41510	7134.00000
84.43560	7289.00000
84.45600	7307.00000
84.47640	7206.00000
84.49690	7276.00000
84.51730	7389.00000
84.53770	7391.00000
84.55810	7061.00000
84.57860	7260.00000
84.59900	7182.00000
84.61940	7039.00000
84.63990	7035.00000
84.66030	7229.00000
84.68070	6935.00000
84.70110	7062.00000
84.72160	6903.00000
84.74200	6914.00000
84.76240	7016.00000
84.78290	7015.00000
84.80330	6871.00000
84.82370	6753.00000
84.84410	6794.00000
84.86460	6676.00000
84.88500	6698.00000
84.90540	6750.00000
84.92590	6699.00000
84.94630	6683.00000
84.96670	6593.00000
84.98710	6595.00000
85.00760	6799.00000
85.02800	6885.00000
85.04840	6597.00000
85.06880	6617.00000
85.08930	6628.00000
85.10970	6548.00000
85.13010	6605.00000
85.15060	6468.00000
85.17100	6371.00000
85.19140	6437.00000
85.21180	6374.00000
85.23230	6376.00000
85.25270	6510.00000
85.27310	6522.00000
85.29360	6379.00000
85.31400	6371.00000
85.33440	6290.00000
85.35480	6344.00000
85.37530	6253.00000
85.39570	6203.00000
85.41610	6243.00000
85.43660	6213.00000
85.45700	6057.00000
85.47740	6299.00000
85.49780	5974.00000
85.51830	6046.00000
85.53870	5916.00000
85.55910	6019.00000
85.57960	5860.00000
85.60000	5864.00000
85.62040	5786.00000
85.64080	5842.00000
85.66130	5889.00000
85.68170	5847.00000
85.70210	5972.00000
85.72260	5866.00000
85.74300	5881.00000
85.76340	5739.00000
85.78380	5797.00000
85.80430	5763.00000
85.82470	5753.00000
85.84510	5823.00000
85.86560	5762.00000
85.88600	5695.00000
85.90640	5647.00000
85.92680	5753.00000
85.94730	5647.00000
85.96770	5733.00000
85.98810	5703.00000
86.00860	5649.00000
86.02900	5843.00000
86.04940	5792.00000
86.06980	5730.00000
86.09030	5740.00000
86.11070	5767.00000
86.13110	5694.00000
86.15160	5702.00000
86.17200	5810.00000
86.19240	5709.00000
86.21280	5826.00000
86.23330	5638.00000
86.25370	5733.00000
86.27410	5884.00000
86.29460	5762.00000
86.31500	5777.00000
86.33540	5797.00000
86.35580	5940.00000
86.37630	5779.00000
86.39670	5919.00000
86.41710	5897.00000
86.43750	5876.00000
86.45800	6149.00000
86.47840	6004.00000
86.49880	6063.00000
86.51930	6125.00000
86.53970	6037.00000
86.56010	6123.00000
86.58050	6137.00000
86.60100	6180.00000
86.62140	6123.00000
86.64180	6314.00000
86.66230	6343.00000
86.68270	6218.00000
86.70310	6360.00000
86.72350	6283.00000
86.74400	6291.00000
86.76440	6316.00000
86.78480	6286.00000
86.80530	6203.00000
86.82570	6373.00000
86.84610	6330.00000
86.86650	6386.00000
86.88700	6307.00000
86.90740	6355.00000
86.92780	6416.00000
86.94830	6415.00000
86.96870	6164.00000
86.98910	6385.00000
87.00950	6387.00000
87.03000	6205.00000
87.05040	6222.00000
87.07080	6252.00000
87.09130	6260.00000
87.11170	6398.00000
87.13210	6395.00000
87.15250	6321.00000
87.17300	6473.00000
87.19340	6457.00000
87.21380	6438.00000
87.23430	6346.00000
87.25470	6442.00000
87.27510	6458.00000
87.29550	6413.00000
87.31600	6462.00000
87.33640	6499.00000
87.35680	6468.00000
87.37730	6553.00000
87.39770	6508.00000
87.41810	6470.00000
87.43850	6643.00000
87.45900	6600.00000
87.47940	6619.00000
87.49980	6544.00000
87.52030	6625.00000
87.54070	6565.00000
87.56110	6388.00000
87.58150	6505.00000
87.60200	6576.00000
87.62240	6356.00000
87.64280	6415.00000
87.66320	6385.00000
87.68370	6405.00000
87.70410	6331.00000
87.72450	6279.00000
87.74500	6389.00000
87.76540	6362.00000
87.78580	6363.00000
87.80620	6330.00000
87.82670	6376.00000
87.84710	6245.00000
87.86750	6241.00000
87.88800	6015.00000
87.90840	6267.00000
87.92880	6063.00000
87.94920	6264.00000
87.96970	6145.00000
87.99010	6093.00000
88.01050	6413.00000
88.03100	6090.00000
88.05140	6009.00000
88.07180	6132.00000
88.09220	6046.00000
88.11270	6206.00000
88.13310	6018.00000
88.15350	6191.00000
88.17400	6152.00000
88.19440	6053.00000
88.21480	6139.00000
88.23520	6060.00000
88.25570	6118.00000
88.27610	5916.00000
88.29650	6067.00000
88.31700	6143.00000
88.33740	5994.00000
88.35780	6046.00000
88.37820	6082.00000
88.39870	6122.00000
88.41910	6275.00000
88.43950	6148.00000
88.46000	6137.00000
88.48040	6146.00000
88.50080	6041.00000
88.52120	6105.00000
88.54170	6067.00000
88.56210	6278.00000
88.58250	6120.00000
88.60300	6355.00000
88.62340	6147.00000
88.64380	6346.00000
88.66420	6255.00000
88.68470	6331.00000
88.70510	6463.00000
88.72550	6294.00000
88.74600	6456.00000
88.76640	6401.00000
88.78680	6482.00000
88.80720	6269.00000
88.82770	6560.00000
88.84810	6589.00000
88.86850	6541.00000
88.88900	6530.00000
88.90940	6721.00000
88.92980	6650.00000
88.95020	6681.00000
88.97070	6854.00000
88.99110	6695.00000
89.01150	6726.00000
89.03190	6573.00000
89.05240	6590.00000
89.07280	6631.00000
89.09320	6617.00000
89.11370	6482.00000
89.13410	6621.00000
89.15450	6658.00000
89.17490	6722.00000
89.19540	6545.00000
89.21580	6576.00000
89.23620	6806.00000
89.25670	6429.00000
89.27710	6604.00000
89.29750	6600.00000
89.31790	6566.00000
89.33840	6355.00000
89.35880	6466.00000
89.37920	6333.00000
89.39970	6330.00000
89.42010	6459.00000
89.44050	6263.00000
89.46090	6327.00000
89.48140	6326.00000
89.50180	6467.00000
89.52220	6307.00000
89.54270	6103.00000
89.56310	6397.00000
89.58350	6338.00000
89.60390	6222.00000
89.62440	6303.00000
89.64480	6191.00000
89.66520	6213.00000
89.68570	6089.00000
89.70610	6160.00000
89.72650	6114.00000
89.74690	6161.00000
89.76740	6267.00000
89.78780	6254.00000
89.80820	6291.00000
89.82870	6194.00000
89.84910	6207.00000
89.86950	6307.00000
89.88990	6193.00000
89.91040	6232.00000
89.93080	6373.00000
89.95120	6219.00000
89.97170	6451.00000
89.99210	6366.00000
90.01250	6356.00000
90.03290	6466.00000
90.05340	6568.00000
90.07380	6386.00000
90.09420	6625.00000
90.11470	6599.00000
90.13510	6619.00000
90.15550	6743.00000
90.17590	6834.00000
90.19640	6701.00000
90.21680	6668.00000
90.23720	6775.00000
90.25770	6722.00000
90.27810	6834.00000
90.29850	6658.00000
90.31890	6659.00000
90.33940	6584.00000
90.35980	6651.00000
90.38020	6554.00000
90.40060	6614.00000
90.42110	6714.00000
90.44150	6637.00000
90.46190	6633.00000
90.48240	6589.00000
90.50280	6576.00000
90.52320	6680.00000
90.54360	6675.00000
90.56410	6479.00000
90.58450	6547.00000
90.60490	6552.00000
90.62540	6592.00000
90.64580	6438.00000
90.66620	6566.00000
90.68660	6647.00000
90.70710	6561.00000
90.72750	6561.00000
90.74790	6625.00000
90.76840	6571.00000
90.78880	6602.00000
90.80920	6543.00000
90.82960	6523.00000
90.85010	6481.00000
90.87050	6449.00000
90.89090	6437.00000
90.91140	6457.00000
90.93180	6240.00000
90.95220	6348.00000
90.97260	6439.00000
90.99310	6285.00000
91.01350	6448.00000
91.03390	6288.00000
91.05440	6323.00000
91.07480	6259.00000
91.09520	6197.00000
91.11560	6383.00000
91.13610	6343.00000
91.15650	6308.00000
91.17690	6304.00000
91.19740	6336.00000
91.21780	6399.00000
91.23820	6304.00000
91.25860	6227.00000
91.27910	6072.00000
91.29950	6168.00000
91.31990	6185.00000
91.34040	6074.00000
91.36080	6064.00000
91.38120	6181.00000
91.40160	5955.00000
91.42210	5997.00000
91.44250	6005.00000
91.46290	6132.00000
91.48340	6171.00000
91.50380	6110.00000
91.52420	5921.00000
91.54460	6037.00000
91.56510	5958.00000
91.58550	6032.00000
91.60590	5915.00000
91.62630	5862.00000
91.64680	5883.00000
91.66720	5903.00000
91.68760	5972.00000
91.70810	5842.00000
91.72850	5897.00000
91.74890	5974.00000
91.76930	5930.00000
91.78980	5961.00000
91.81020	6056.00000
91.83060	5935.00000
91.85110	6069.00000
91.87150	6016.00000
91.89190	6133.00000
91.91230	6128.00000
91.93280	6046.00000
91.95320	6140.00000
91.97360	6098.00000
91.99410	6318.00000
92.01450	6204.00000
92.03490	6104.00000
92.05530	6170.00000
92.07580	6161.00000
92.09620	6279.00000
92.11660	6095.00000
92.13710	6127.00000
92.15750	6150.00000
92.17790	6115.00000
92.19830	6111.00000
92.21880	6161.00000
92.23920	6207.00000
92.25960	6198.00000
92.28010	6196.00000
92.30050	6367.00000
92.32090	6182.00000
92.34130	6158.00000
92.36180	6135.00000
92.38220	6176.00000
92.40260	6168.00000
92.42310	6024.00000
92.44350	6151.00000
92.46390	6063.00000
92.48430	5980.00000
92.50480	6173.00000
92.52520	6074.00000
92.54560	6210.00000
92.56610	6121.00000
92.58650	6001.00000
92.60690	6023.00000
92.62730	6050.00000
92.64780	5933.00000
92.66820	6161.00000
92.68860	6083.00000
92.70910	6161.00000
92.72950	6142.00000
92.74990	6065.00000
92.77030	5999.00000
92.79080	6033.00000
92.81120	6206.00000
92.83160	6095.00000
92.85210	6056.00000
92.87250	6087.00000
92.89290	6035.00000
92.91330	6145.00000
92.93380	6041.00000
92.95420	6152.00000
92.97460	6182.00000
92.99500	6220.00000
93.01550	6192.00000
93.03590	5955.00000
93.05630	6000.00000
93.07680	6115.00000
93.09720	5923.00000
93.11760	6104.00000
93.13800	6238.00000
93.15850	6124.00000
93.17890	6067.00000
93.19930	6206.00000
93.21980	6167.00000
93.24020	6223.00000
93.26060	6183.00000
93.28100	6164.00000
93.30150	6257.00000
93.32190	6184.00000
93.34230	6214.00000
93.36280	6335.00000
93.38320	6407.00000
93.40360	6247.00000
93.42400	6257.00000
93.44450	6313.00000
93.46490	6431.00000
93.48530	6449.00000
93.50580	6433.00000
93.52620	6526.00000
93.54660	6681.00000
93.56700	6645.00000
93.58750	6798.00000
93.60790	6764.00000
93.62830	6739.00000
93.64880	6908.00000
93.66920	6752.00000
93.68960	7111.00000
93.71000	7339.00000
93.73050	7135.00000
93.75090	7144.00000
93.77130	7126.00000
93.79180	7033.00000
93.81220	6977.00000
93.83260	7078.00000
93.85300	7239.00000
93.87350	7253.00000
93.89390	7070.00000
93.91430	7023.00000
93.93480	7190.00000
93.95520	7121.00000
93.97560	7055.00000
93.99600	7163.00000
94.01650	7336.00000
94.03690	7090.00000
94.05730	7267.00000
94.07780	7049.00000
94.09820	7160.00000
94.11860	7150.00000
94.13900	7286.00000
94.15950	7242.00000
94.17990	7261.00000
94.20030	7105.00000
94.22070	7245.00000
94.24120	7063.00000
94.26160	7129.00000
94.28200	7108.00000
94.30250	7075.00000
94.32290	7077.00000
94.34330	7062.00000
94.36370	7053.00000
94.38420	7101.00000
94.40460	7133.00000
94.42500	7047.00000
94.44550	7107.00000
94.46590	6996.00000
94.48630	7052.00000
94.50670	7097.00000
94.52720	6838.00000
94.54760	6944.00000
94.56800	7126.00000
94.58850	6858.00000
94.60890	6870.00000
94.62930	7052.00000
94.64970	6981.00000
94.67020	6968.00000
94.69060	7072.00000
94.71100	6960.00000
94.73150	7165.00000
94.75190	7145.00000
94.77230	7112.00000
94.79270	7088.00000
94.81320	7078.00000
94.83360	7164.00000
94.85400	7154.00000
94.87450	7203.00000
94.89490	7289.00000
94.91530	7327.00000
94.93570	7282.00000
94.95620	7101.00000
94.97660	7330.00000
94.99700	7318.00000
95.01750	7231.00000
95.03790	7213.00000
95.05830	7416.00000
95.07870	7416.00000
95.09920	7430.00000
95.11960	7337.00000
95.14000	7174.00000
95.16050	7533.00000
95.18090	7340.00000
95.20130	7448.00000
95.22170	7436.00000
95.24220	7533.00000
95.26260	7399.00000
95.28300	7457.00000
95.30350	7477.00000
95.32390	7442.00000
95.34430	7308.00000
95.36470	7441.00000
95.38520	7477.00000
95.40560	7257.00000
95.42600	7416.00000
95.44650	7535.00000
95.46690	7397.00000
95.48730	7492.00000
95.50770	7426.00000
95.52820	7558.00000
95.54860	7487.00000
95.56900	7582.00000
95.58940	7431.00000
95.60990	7385.00000
95.63030	7514.00000
95.65070	7600.00000
95.67120	7495.00000
95.69160	7461.00000
95.71200	7412.00000
95.73240	7497.00000
95.75290	7350.00000
95.77330	7487.00000
95.79370	7378.00000
95.81420	7573.00000
95.83460	7450.00000
95.85500	7570.00000
95.87540	7395.00000
95.89590	7498.00000
95.91630	7348.00000
95.93670	7454.00000
95.95720	7431.00000
95.97760	7495.00000
95.99800	7312.00000
96.01840	7345.00000
96.03890	7374.00000
96.05930	7147.00000
96.07970	7446.00000
96.10020	7324.00000
96.12060	7177.00000
96.14100	7295.00000
96.16140	7257.00000
96.18190	7147.00000
96.20230	7015.00000
96.22270	7148.00000
96.24320	7196.00000
96.26360	6927.00000
96.28400	7120.00000
96.30440	7087.00000
96.32490	6968.00000
96.34530	6902.00000
96.36570	6864.00000
96.38620	6824.00000
96.40660	6884.00000
96.42700	6884.00000
96.44740	6820.00000
96.46790	6791.00000
96.48830	6912.00000
96.50870	6853.00000
96.52920	6855.00000
96.54960	6787.00000
96.57000	6753.00000
96.59040	6757.00000
96.61090	6928.00000
96.63130	6963.00000
96.65170	6832.00000
96.67220	6951.00000
96.69260	6881.00000
96.71300	6832.00000
96.73340	6836.00000
96.75390	6876.00000
96.77430	6827.00000
96.79470	7033.00000
96.81510	6895.00000
96.83560	6919.00000
96.85600	6804.00000
96.87640	6804.00000
96.89690	6901.00000
96.91730	6951.00000
96.93770	6972.00000
96.95810	6963.00000
96.97860	7075.00000
96.99900	6760.00000
97.01940	6966.00000
97.03990	6793.00000
97.06030	6773.00000
97.08070	6660.00000
97.10110	6725.00000
97.12160	6747.00000
97.14200	6841.00000
97.16240	6667.00000
97.18290	6649.00000
97.20330	6630.00000
97.22370	6725.00000
97.24410	6627.00000
97.26460	6649.00000
97.28500	6679.00000
97.30540	6582.00000
97.32590	6461.00000
97.34630	6526.00000
97.36670	6657.00000
97.38710	6477.00000
97.40760	6467.00000
97.42800	6580.00000
97.44840	6458.00000
97.46890	6331.00000
97.48930	6478.00000
97.50970	6466.00000
97.53010	6226.00000
97.55060	6380.00000
97.57100	6390.00000
97.59140	6432.00000
97.61190	6438.00000
97.63230	6288.00000
97.65270	6427.00000
97.67310	6306.00000
97.69360	6256.00000
97.71400	6196.00000
97.73440	6374.00000
97.75490	6468.00000
97.77530	6350.00000
97.79570	6302.00000
97.81610	6293.00000
97.83660	6305.00000
97.85700	6332.00000
97.87740	6268.00000
97.89790	6248.00000
97.91830	6246.00000
97.93870	6285.00000
97.95910	6410.00000
97.97960	6401.00000
98.00000	6254.00000
98.02040	6279.00000
98.04090	6316.00000
98.06130	6151.00000
98.08170	6195.00000
98.10210	6264.00000
98.12260	6328.00000
98.14300	6259.00000
98.16340	6340.00000
98.18380	6380.00000
98.20430	6286.00000
98.22470	6271.00000
98.24510	6133.00000
98.26560	6279.00000
98.28600	6216.00000
98.30640	6159.00000
98.32680	6212.00000
98.34730	6082.00000
98.36770	6270.00000
98.38810	6102.00000
98.40860	6009.00000
98.42900	6104.00000
98.44940	6137.00000
98.46980	6193.00000
98.49030	6094.00000
98.51070	6281.00000
98.53110	6209.00000
98.55160	6151.00000
98.57200	6253.00000
98.59240	6072.00000
98.61280	6230.00000
98.63330	6187.00000
98.65370	6264.00000
98.67410	6316.00000
98.69460	6135.00000
98.71500	6268.00000
98.73540	6314.00000
98.75580	6240.00000
98.77630	6223.00000
98.79670	6262.00000
98.81710	6400.00000
98.83760	6386.00000
98.85800	6335.00000
98.87840	6363.00000
98.89880	6244.00000
98.91930	6313.00000
98.93970	6451.00000
98.96010	6264.00000
98.98060	6397.00000
99.00100	6484.00000
99.02140	6338.00000
99.04180	6312.00000
99.06230	6516.00000
99.08270	6492.00000
99.10310	6629.00000
99.12360	6530.00000
99.14400	6551.00000
99.16440	6436.00000
99.18480	6340.00000
99.20530	6770.00000
99.22570	6598.00000
99.24610	6583.00000
99.26660	6651.00000
99.28700	6680.00000
99.30740	6546.00000
99.32780	6683.00000
99.34830	6589.00000
99.36870	6500.00000
99.38910	6505.00000
99.40950	6543.00000
99.43000	6660.00000
99.45040	6768.00000
99.47080	6473.00000
99.49130	6493.00000
99.51170	6483.00000
99.53210	6587.00000
99.55250	6457.00000
99.57300	6479.00000
99.59340	6389.00000
99.61380	6436.00000
99.63430	6512.00000
99.65470	6442.00000
99.67510	6266.00000
99.69550	6489.00000
99.71600	6358.00000
99.73640	6346.00000
99.75680	6286.00000
99.77730	6287.00000
99.79770	6357.00000
99.81810	6400.00000
99.83850	6362.00000
99.85900	6357.00000
99.87940	6270.00000
99.89980	6446.00000
99.92030	6361.00000
99.94070	6414.00000
99.96110	6385.00000
99.98150	6339.00000
100.00200	6315.00000
100.02240	6221.00000
100.04280	6341.00000
100.06330	6369.00000
100.08370	6243.00000
100.10410	6080.00000
100.12450	6278.00000
100.14500	6248.00000
100.16540	6263.00000
100.18580	6155.00000
100.20630	6337.00000
100.22670	6377.00000
100.24710	6169.00000
100.26750	6196.00000
100.28800	6116.00000
100.30840	6327.00000
100.32880	6078.00000
100.34930	6218.00000
100.36970	6103.00000
100.39010	6174.00000
100.41050	6173.00000
100.43100	6057.00000
100.45140	6103.00000
100.47180	6102.00000
100.49230	6036.00000
100.51270	6041.00000
100.53310	6218.00000
100.55350	6131.00000
100.57400	6137.00000
100.59440	6179.00000
100.61480	6266.00000
100.63530	6114.00000
100.65570	6193.00000
100.67610	6158.00000
100.69650	6211.00000
100.71700	6236.00000
100.73740	6240.00000
100.75780	6336.00000
100.77820	6183.00000
100.79870	6317.00000
100.81910	6081.00000
100.83950	6266.00000
100.86000	6211.00000
100.88040	6389.00000
100.90080	6114.00000
100.92120	6144.00000
100.94170	6190.00000
100.96210	6292.00000
100.98250	6214.00000
101.00300	6354.00000
101.02340	6343.00000
101.04380	6191.00000
101.06420	6216.00000
101.08470	6212.00000
101.10510	6285.00000
101.12550	6284.00000
101.14600	6251.00000
101.16640	6171.00000
101.18680	6235.00000
101.20720	6401.00000
101.22770	6437.00000
101.24810	6261.00000
101.26850	6415.00000
101.28900	6159.00000
101.30940	6244.00000
101.32980	6197.00000
101.35020	6206.00000
101.37070	6183.00000
101.39110	6200.00000
101.41150	6320.00000
101.43200	6589.00000
101.45240	6326.00000
101.47280	6452.00000
101.49320	6540.00000
101.51370	6385.00000
101.53410	6490.00000
101.55450	6576.00000
101.57500	6362.00000
101.59540	6445.00000
101.61580	6550.00000
101.63620	6543.00000
101.65670	6630.00000
101.67710	6574.00000
101.69750	6636.00000
101.71800	6693.00000
101.73840	6530.00000
101.75880	6693.00000
101.77920	6514.00000
101.79970	6680.00000
101.82010	6643.00000
101.84050	6598.00000
101.86100	6513.00000
101.88140	6602.00000
101.90180	6489.00000
101.92220	6845.00000
101.94270	6666.00000
101.96310	6493.00000
101.98350	6670.00000
102.00390	6451.00000
102.02440	6626.00000
102.04480	6422.00000
102.06520	6591.00000
102.08570	6526.00000
102.10610	6652.00000
102.12650	6652.00000
102.14690	6637.00000
102.16740	6552.00000
102.18780	6651.00000
102.20820	6438.00000
102.22870	6541.00000
102.24910	6547.00000
102.26950	6646.00000
102.28990	6604.00000
102.31040	6634.00000
102.33080	6648.00000
102.35120	6711.00000
102.37170	6566.00000
102.39210	6578.00000
102.41250	6540.00000
102.43290	6634.00000
102.45340	6591.00000
102.47380	6618.00000
102.49420	6596.00000
102.51470	6611.00000
102.53510	6624.00000
102.55550	6523.00000
102.57590	6527.00000
102.59640	6541.00000
102.61680	6577.00000
102.63720	6532.00000
102.65770	6456.00000
102.67810	6531.00000
102.69850	6792.00000
102.71890	6579.00000
102.73940	6612.00000
102.75980	6628.00000
102.78020	6682.00000
102.80070	6642.00000
102.82110	6550.00000
102.84150	6454.00000
102.86190	6521.00000
102.88240	6474.00000
102.90280	6717.00000
102.92320	6519.00000
102.94370	6520.00000
102.96410	6576.00000
102.98450	6596.00000
103.00490	6559.00000
103.02540	6545.00000
103.04580	6494.00000
103.06620	6484.00000
103.08670	6513.00000
103.10710	6499.00000
103.12750	6425.00000
103.14790	6404.00000
103.16840	6520.00000
103.18880	6400.00000
103.20920	6384.00000
103.22970	6546.00000
103.25010	6429.00000
103.27050	6265.00000
103.29090	6289.00000
103.31140	6338.00000
103.33180	6389.00000
103.35220	6406.00000
103.37260	6323.00000
103.39310	6327.00000
103.41350	6378.00000
103.43390	6357.00000
103.45440	6088.00000
103.47480	6301.00000
103.49520	6273.00000
103.51560	6145.00000
103.53610	6179.00000
103.55650	6301.00000
103.57690	6274.00000
103.59740	6216.00000
103.61780	6210.00000
103.63820	6215.00000
103.65860	6212.00000
103.67910	6090.00000
103.69950	6040.00000
103.71990	6186.00000
103.74040	6220.00000
103.76080	6151.00000
103.78120	6122.00000
103.80160	6319.00000
103.82210	6122.00000
103.84250	6048.00000
103.86290	6038.00000
103.88340	6035.00000
103.90380	6157.00000
103.92420	6212.00000
103.94460	6097.00000
103.96510	5984.00000
103.98550	5915.00000
104.00590	6168.00000
104.02640	6088.00000
104.04680	6121.00000
104.06720	6158.00000
104.08760	6073.00000
104.10810	6130.00000
104.12850	6040.00000
104.14890	6140.00000
104.16940	6316.00000
104.18980	6168.00000
104.21020	6110.00000
104.23060	6293.00000
104.25110	6237.00000
104.27150	6069.00000
104.29190	6313.00000
104.31240	6258.00000
104.33280	6190.00000
104.35320	6088.00000
104.37360	6159.00000
104.39410	6252.00000
104.41450	6237.00000
104.43490	6174.00000
104.45540	6292.00000
104.47580	6343.00000
104.49620	6299.00000
104.51660	6420.00000
104.53710	6283.00000
104.55750	6303.00000
104.57790	6253.00000
104.59830	6185.00000
104.61880	6268.00000
104.63920	6251.00000
104.65960	6179.00000
104.68010	6130.00000
104.70050	6040.00000
104.72090	6060.00000
104.74130	6124.00000
104.76180	6169.00000
104.78220	6262.00000
104.80260	6131.00000
104.82310	6156.00000
104.84350	6172.00000
104.86390	6081.00000
104.88430	6184.00000
104.90480	6224.00000
104.92520	6107.00000
104.94560	6350.00000
104.96610	6082.00000
104.98650	6145.00000
105.00690	6040.00000
105.02730	6151.00000
105.04780	5965.00000
105.06820	6103.00000
105.08860	5992.00000
105.10910	6085.00000
105.12950	6138.00000
105.14990	6286.00000
105.17030	6220.00000
105.19080	6124.00000
105.21120	6181.00000
105.23160	6083.00000
105.25210	6082.00000
105.27250	6052.00000
105.29290	6241.00000
105.31330	6177.00000
105.33380	6110.00000
105.35420	6288.00000
105.37460	6305.00000
105.39510	6362.00000
105.41550	6342.00000
105.43590	6344.00000
105.45630	6365.00000
105.47680	6388.00000
105.49720	6316.00000
105.51760	6191.00000
105.53810	6232.00000
105.55850	6351.00000
105.57890	6318.00000
105.59930	6269.00000
105.61980	6284.00000
105.64020	6277.00000
105.66060	6241.00000
105.68110	6348.00000
105.70150	6302.00000
105.72190	6303.00000
105.74230	6243.00000
105.76280	6352.00000
105.78320	6273.00000
105.80360	6471.00000
105.82410	6374.00000
105.84450	6297.00000
105.86490	6221.00000
105.88530	6165.00000
105.90580	6195.00000
105.92620	6246.00000
105.94660	6166.00000
105.96700	6200.00000
105.98750	6181.00000
106.00790	6219.00000
106.02830	6301.00000
106.04880	6290.00000
106.06920	6264.00000
106.08960	6184.00000
106.11000	6193.00000
106.13050	6285.00000
106.15090	6301.00000
106.17130	6334.00000
106.19180	6239.00000
106.21220	6197.00000
106.23260	6071.00000
106.25300	6181.00000
106.27350	6258.00000
106.29390	6278.00000
106.31430	6176.00000
106.33480	6262.00000
106.35520	6289.00000
106.37560	6259.00000
106.39600	6378.00000
106.41650	6196.00000
106.43690	6349.00000
106.45730	6329.00000
106.47780	6232.00000
106.49820	6427.00000
106.51860	6225.00000
106.53900	6480.00000
106.55950	6472.00000
106.57990	6331.00000
106.60030	6378.00000
106.62080	6354.00000
106.64120	6590.00000
106.66160	6533.00000
106.68200	6479.00000
106.70250	6523.00000
106.72290	6338.00000
106.74330	6406.00000
106.76380	6350.00000
106.78420	6362.00000
106.80460	6334.00000
106.82500	6342.00000
106.84550	6351.00000
106.86590	6363.00000
106.88630	6308.00000
106.90680	6355.00000
106.92720	6251.00000
106.94760	6272.00000
106.96800	6418.00000
106.98850	6289.00000
107.00890	6458.00000
107.02930	6296.00000
107.04980	6247.00000
107.07020	6372.00000
107.09060	6282.00000
107.11100	6293.00000
107.13150	6321.00000
107.15190	6312.00000
107.17230	6279.00000
107.19270	6302.00000
107.21320	6463.00000
107.23360	6291.00000
107.25400	6320.00000
107.27450	6307.00000
107.29490	6295.00000
107.31530	6295.00000
107.33570	6425.00000
107.35620	6362.00000
107.37660	6400.00000
107.39700	6262.00000
107.41750	6244.00000
107.43790	6342.00000
107.45830	6251.00000
107.47870	6291.00000
107.49920	6279.00000
107.51960	6239.00000
107.54000	6403.00000
107.56050	6281.00000
107.58090	6392.00000
107.60130	6274.00000
107.62170	6355.00000
107.64220	6450.00000
107.66260	6444.00000
107.68300	6493.00000
107.70350	6433.00000
107.72390	6329.00000
107.74430	6400.00000
107.76470	6441.00000
107.78520	6362.00000
107.80560	6378.00000
107.82600	6312.00000
107.84650	6417.00000
107.86690	6596.00000
107.88730	6464.00000
107.90770	6221.00000
107.92820	6425.00000
107.94860	6468.00000
107.96900	6384.00000
107.98950	6507.00000
108.00990	6398.00000
108.03030	6413.00000
108.05070	6412.00000
108.07120	6474.00000
108.09160	6292.00000
108.11200	6335.00000
108.13250	6243.00000
108.15290	6430.00000
108.17330	6360.00000
108.19370	6270.00000
108.21420	6357.00000
108.23460	6403.00000
108.25500	6233.00000
108.27550	6401.00000
108.29590	6489.00000
108.31630	6401.00000
108.33670	6392.00000
108.35720	6496.00000
108.37760	6398.00000
108.39800	6213.00000
108.41850	6139.00000
108.43890	6463.00000
108.45930	6320.00000
108.47970	6448.00000
108.50020	6186.00000
108.52060	6248.00000
108.54100	6178.00000
108.56140	6223.00000
108.58190	6251.00000
108.60230	6351.00000
108.62270	6104.00000
108.64320	6245.00000
108.66360	6298.00000
108.68400	6239.00000
108.70440	6216.00000
108.72490	6240.00000
108.74530	6288.00000
108.76570	6339.00000
108.78620	6167.00000
108.80660	6214.00000
108.82700	6360.00000
108.84740	6254.00000
108.86790	6197.00000
108.88830	6096.00000
108.90870	6230.00000
108.92920	6229.00000
108.94960	6173.00000
108.97000	6293.00000
108.99040	6240.00000
109.01090	6235.00000
109.03130	6036.00000
109.05170	6272.00000
109.07220	6226.00000
109.09260	6192.00000
109.11300	6292.00000
109.13340	6160.00000
109.15390	6168.00000
109.17430	6366.00000
109.19470	6254.00000
109.21520	6163.00000
109.23560	6178.00000
109.25600	6173.00000
109.27640	6212.00000
109.29690	6152.00000
109.31730	6151.00000
109.33770	6201.00000
109.35820	6240.00000
109.37860	6208.00000
109.39900	6226.00000
109.41940	6126.00000
109.43990	6183.00000
109.46030	6275.00000
109.48070	6273.00000
109.50120	6318.00000
109.52160	6320.00000
109.54200	6142.00000
109.56240	6341.00000
109.58290	6409.00000
109.60330	6449.00000
109.62370	6259.00000
109.64420	6280.00000
109.66460	6176.00000
109.68500	6352.00000
109.70540	6257.00000
109.72590	6174.00000
109.74630	6187.00000
109.76670	6175.00000
109.78710	6131.00000
109.80760	6212.00000
109.82800	6225.00000
109.84840	6163.00000
109.86890	6337.00000
109.88930	6123.00000
109.90970	6104.00000
109.93010	6189.00000
109.95060	6230.00000
109.97100	6163.00000
109.99140	6177.00000
110.01190	6148.00000
110.03230	6143.00000
110.05270	6192.00000
110.07310	6127.00000
110.09360	6157.00000
110.11400	6224.00000
110.13440	6173.00000
110.15490	6182.00000
110.17530	6366.00000
110.19570	6224.00000
110.21610	6225.00000
110.23660	6272.00000
110.25700	6168.00000
110.27740	6102.00000
110.29790	6272.00000
110.31830	6276.00000
110.33870	6364.00000
110.35910	6194.00000
110.37960	6231.00000
110.40000	6172.00000
110.42040	6225.00000
110.44090	6324.00000
110.46130	6110.00000
110.48170	6264.00000
110.50210	6044.00000
110.52260	6157.00000
110.54300	6182.00000
110.56340	6059.00000
110.58390	6136.00000
110.60430	6163.00000
110.62470	6247.00000
110.64510	6082.00000
110.66560	6134.00000
110.68600	6059.00000
110.70640	5979.00000
110.72690	6092.00000
110.74730	6096.00000
110.76770	6230.00000
110.78810	6121.00000
110.80860	6267.00000
110.82900	6001.00000
110.84940	6091.00000
110.86990	6126.00000
110.89030	6027.00000
110.91070	6055.00000
110.93110	5937.00000
110.95160	6241.00000
110.97200	6129.00000
110.99240	6047.00000
111.01290	6075.00000
111.03330	6066.00000
111.05370	6030.00000
111.07410	6065.00000
111.09460	6092.00000
111.11500	5876.00000
111.13540	6090.00000
111.15580	6036.00000
111.17630	6085.00000
111.19670	5996.00000
111.21710	6071.00000
111.23760	5897.00000
111.25800	5868.00000
111.27840	6086.00000
111.29880	6059.00000
111.31930	5998.00000
111.33970	5895.00000
111.36010	5979.00000
111.38060	6037.00000
111.40100	5894.00000
111.42140	5906.00000
111.44180	5937.00000
111.46230	6054.00000
111.48270	6073.00000
111.50310	5987.00000
111.52360	5995.00000
111.54400	6039.00000
111.56440	5905.00000
111.58480	6036.00000
111.60530	5936.00000
111.62570	6064.00000
111.64610	6067.00000
111.66660	5992.00000
111.68700	5948.00000
111.70740	6123.00000
111.72780	5994.00000
111.74830	5970.00000
111.76870	5931.00000
111.78910	6089.00000
111.80960	6055.00000
111.83000	5952.00000
111.85040	6037.00000
111.87080	6105.00000
111.89130	6065.00000
111.91170	6010.00000
111.93210	6053.00000
111.95260	6064.00000
111.97300	6159.00000
111.99340	6068.00000
112.01380	6174.00000
112.03430	6041.00000
112.05470	6134.00000
112.07510	6133.00000
112.09560	6117.00000
112.11600	6187.00000
112.13640	6045.00000
112.15680	6130.00000
112.17730	6203.00000
112.19770	6203.00000
112.21810	6066.00000
112.23860	6035.00000
112.25900	6183.00000
112.27940	6018.00000
112.29980	6218.00000
112.32030	6182.00000
112.34070	6234.00000
112.36110	6054.00000
112.38150	6108.00000
112.40200	6126.00000
112.42240	6060.00000
112.44280	6120.00000
112.46330	6135.00000
112.48370	6160.00000
112.50410	5974.00000
112.52450	5929.00000
112.54500	6083.00000
112.56540	6127.00000
112.58580	5915.00000
112.60630	6107.00000
112.62670	5893.00000
112.64710	5951.00000
112.66750	6133.00000
112.68800	6143.00000
112.70840	6009.00000
112.72880	5984.00000
112.74930	5920.00000
112.76970	5994.00000
112.79010	6018.00000
112.81050	5943.00000
112.83100	5841.00000
112.85140	6098.00000
112.87180	6119.00000
112.89230	5923.00000
112.91270	6128.00000
112.93310	6036.00000
112.95350	6047.00000
112.97400	6106.00000
112.99440	6147.00000
113.01480	6079.00000
113.03530	6014.00000
113.05570	6087.00000
113.07610	6141.00000
113.09650	6142.00000
113.11700	6116.00000
113.13740	5912.00000
113.15780	5955.00000
113.17830	6009.00000
113.19870	6082.00000
113.21910	6119.00000
113.23950	6170.00000
113.26000	6221.00000
113.28040	6099.00000
113.30080	6131.00000
113.32130	6072.00000
113.34170	6098.00000
113.36210	6077.00000
113.38250	5906.00000
113.40300	6068.00000
113.42340	6083.00000
113.44380	6207.00000
113.46430	6159.00000
113.48470	6185.00000
113.50510	6183.00000
113.52550	6116.00000
113.54600	6224.00000
113.56640	6234.00000
113.58680	6253.00000
113.60730	6321.00000
113.62770	6246.00000
113.64810	6115.00000
113.66850	6182.00000
113.68900	6163.00000
113.70940	6169.00000
113.72980	6168.00000
113.75020	6144.00000
113.77070	6186.00000
113.79110	6245.00000
113.81150	6276.00000
113.83200	6147.00000
113.85240	6253.00000
113.87280	6149.00000
113.89320	6291.00000
113.91370	6169.00000
113.93410	6291.00000
113.95450	6281.00000
113.97500	6319.00000
113.99540	6167.00000
114.01580	6376.00000
114.03620	6389.00000
114.05670	6244.00000
114.07710	6457.00000
114.09750	6238.00000
114.11800	6358.00000
114.13840	6222.00000
114.15880	6261.00000
114.17920	6272.00000
114.19970	6152.00000
114.22010	6279.00000
114.24050	6378.00000
114.26100	6244.00000
114.28140	6136.00000
114.30180	6273.00000
114.32220	6174.00000
114.34270	6250.00000
114.36310	6282.00000
114.38350	6194.00000
114.40400	6106.00000
114.42440	6141.00000
114.44480	6186.00000
114.46520	6294.00000
114.48570	6260.00000
114.50610	6012.00000
114.52650	6299.00000
114.54700	6323.00000
114.56740	6111.00000
114.58780	6169.00000
114.60820	6242.00000
114.62870	6292.00000
114.64910	6296.00000
114.66950	6219.00000
114.69000	6277.00000
114.71040	6157.00000
114.73080	6133.00000
114.75120	6050.00000
114.77170	6288.00000
114.79210	6089.00000
114.81250	6199.00000
114.83300	6016.00000
114.85340	6239.00000
114.87380	6201.00000
114.89420	6170.00000
114.91470	6265.00000
114.93510	6225.00000
114.95550	6276.00000
114.97590	6266.00000
114.99640	6263.00000
115.01680	6358.00000
115.03720	6152.00000
115.05770	6198.00000
115.07810	6325.00000
115.09850	6376.00000
115.11890	6265.00000
115.13940	6301.00000
115.15980	6246.00000
115.18020	6260.00000
115.20070	6306.00000
115.22110	6222.00000
115.24150	6288.00000
115.26190	6283.00000
115.28240	6215.00000
115.30280	6415.00000
115.32320	6150.00000
115.34370	6459.00000
115.36410	6368.00000
115.38450	6336.00000
115.40490	6229.00000
115.42540	6263.00000
115.44580	6407.00000
115.46620	6256.00000
115.48670	6159.00000
115.50710	6182.00000
115.52750	6365.00000
115.54790	6261.00000
115.56840	6164.00000
115.58880	6245.00000
115.60920	6244.00000
115.62970	6128.00000
115.65010	6375.00000
115.67050	6420.00000
115.69090	6242.00000
115.71140	6195.00000
115.73180	6353.00000
115.75220	6335.00000
115.77270	6230.00000
115.79310	6280.00000
115.81350	6315.00000
115.83390	6161.00000
115.85440	6237.00000
115.87480	6278.00000
115.89520	6280.00000
115.91570	6092.00000
115.93610	6301.00000
115.95650	6225.00000
115.97690	6223.00000
115.99740	6095.00000
116.01780	6200.00000
116.03820	6089.00000
116.05870	6237.00000
116.07910	6127.00000
116.09950	6153.00000
116.11990	6361.00000
116.14040	6178.00000
116.16080	6206.00000
116.18120	6160.00000
116.20170	6251.00000
116.22210	6166.00000
116.24250	6308.00000
116.26290	6258.00000
116.28340	6151.00000
116.30380	6105.00000
116.32420	6161.00000
116.34460	6116.00000
116.36510	6067.00000
116.38550	6072.00000
116.40590	6064.00000
116.42640	6031.00000
116.44680	6178.00000
116.46720	6125.00000
116.48760	6050.00000
116.50810	6100.00000
116.52850	6083.00000
116.54890	6062.00000
116.56940	6113.00000
116.58980	6098.00000
116.61020	5979.00000
116.63060	6194.00000
116.65110	6003.00000
116.67150	6116.00000
116.69190	6080.00000
116.71240	6050.00000
116.73280	6147.00000
116.75320	6133.00000
116.77360	6138.00000
116.79410	6066.00000
116.81450	6067.00000
116.83490	6169.00000
116.85540	5869.00000
116.87580	6017.00000
116.89620	6002.00000
116.91660	5892.00000
116.93710	5971.00000
116.95750	5944.00000
116.97790	6125.00000
116.99840	6026.00000
117.01880	5931.00000
117.03920	6270.00000
117.05960	6146.00000
117.08010	6019.00000
117.10050	6086.00000
117.12090	5979.00000
117.14140	5969.00000
117.16180	6055.00000
117.18220	6005.00000
117.20260	6195.00000
117.22310	6000.00000
117.24350	5979.00000
117.26390	5952.00000
117.28440	6205.00000
117.30480	6077.00000
117.32520	6083.00000
117.34560	6267.00000
117.36610	6193.00000
117.38650	6112.00000
117.40690	6090.00000
117.42740	6279.00000
117.44780	6311.00000
117.46820	6013.00000
117.48860	6295.00000
117.50910	6141.00000
117.52950	6198.00000
117.54990	6116.00000
117.57030	6088.00000
117.59080	6229.00000
117.61120	6206.00000
117.63160	6147.00000
117.65210	6206.00000
117.67250	6128.00000
117.69290	6260.00000
117.71330	6108.00000
117.73380	6299.00000
117.75420	6350.00000
117.77460	6264.00000
117.79510	6391.00000
117.81550	6347.00000
117.83590	6366.00000
117.85630	6229.00000
117.87680	6369.00000
117.89720	6437.00000
117.91760	6505.00000
117.93810	6376.00000
117.95850	6370.00000
117.97890	6392.00000
117.99930	6367.00000
118.01980	6539.00000
118.04020	6509.00000
118.06060	6470.00000
118.08110	6525.00000
118.10150	6469.00000
118.12190	6490.00000
118.14230	6452.00000
118.16280	6385.00000
118.18320	6276.00000
118.20360	6585.00000
118.22410	6603.00000
118.24450	6402.00000
118.26490	6466.00000
118.28530	6339.00000
118.30580	6285.00000
118.32620	6427.00000
118.34660	6233.00000
118.36710	6212.00000
118.38750	6285.00000
118.40790	6255.00000
118.42830	6266.00000
118.44880	6366.00000
118.46920	6389.00000
118.48960	6278.00000
118.51010	6373.00000
118.53050	6471.00000
118.55090	6277.00000
118.57130	6349.00000
118.59180	6190.00000
118.61220	6292.00000
118.63260	6454.00000
118.65310	6190.00000
118.67350	6278.00000
118.69390	6193.00000
118.71430	6299.00000
118.73480	6295.00000
118.75520	6253.00000
118.77560	6234.00000
118.79610	6207.00000
118.81650	6317.00000
118.83690	6291.00000
118.85730	6315.00000
118.87780	6314.00000
118.89820	6323.00000
118.91860	6190.00000
118.93900	6335.00000
118.95950	6358.00000
118.97990	6257.00000
119.00030	6365.00000
119.02080	6320.00000
119.04120	6501.00000
119.06160	6240.00000
119.08200	6326.00000
119.10250	6353.00000
119.12290	6203.00000
119.14330	6337.00000
119.16380	6371.00000
119.18420	6282.00000
119.20460	6166.00000
119.22500	6408.00000
119.24550	6289.00000
119.26590	6352.00000
119.28630	6461.00000
119.30680	6346.00000
119.32720	6392.00000
119.34760	6265.00000
119.36800	6330.00000
119.38850	6471.00000
119.40890	6390.00000
119.42930	6395.00000
119.44980	6427.00000
119.47020	6566.00000
119.49060	6380.00000
119.51100	6574.00000
119.53150	6381.00000
119.55190	6520.00000
119.57230	6487.00000
119.59280	6583.00000
119.61320	6470.00000
119.63360	6404.00000
119.65400	6502.00000
119.67450	6524.00000
119.69490	6509.00000
119.71530	6425.00000
119.73580	6491.00000
119.75620	6434.00000
119.77660	6458.00000
119.79700	6261.00000
