# 2Theta  Intensity_Obs  Intensity_Fit  Residual_ObsMinusFit
10.000000 0.020342 0.001726 0.018616
10.010000 0.014448 0.001745 0.012703
10.020000 0.008987 0.001766 0.007221
10.030000 0.024863 0.001789 0.023074
10.040000 0.006355 0.001816 0.004540
10.050000 0.018759 0.001845 0.016914
10.060000 0.017232 0.001877 0.015356
10.070000 0.020059 0.001912 0.018148
10.080000 0.016366 0.001950 0.014416
10.090000 0.023120 0.001992 0.021128
10.100000 0.013334 0.002038 0.011297
10.110000 0.023143 0.002088 0.021055
10.120000 0.018582 0.002142 0.016441
10.130000 0.023614 0.002201 0.021414
10.140000 0.015581 0.002265 0.013316
10.150000 0.005373 0.002334 0.003039
10.160000 0.021286 0.002410 0.018875
10.170000 0.027630 0.002493 0.025138
10.180000 0.026570 0.002582 0.023987
10.190000 0.028996 0.002680 0.026316
10.200000 0.020106 0.002786 0.017320
10.210000 0.021231 0.002903 0.018329
10.220000 0.026713 0.003030 0.023683
10.230000 0.023926 0.003169 0.020757
10.240000 0.033330 0.003321 0.030008
10.250000 0.022715 0.003488 0.019227
10.260000 0.030814 0.003673 0.027141
10.270000 0.041536 0.003876 0.037660
10.280000 0.030046 0.004101 0.025946
10.290000 0.026839 0.004350 0.022489
10.300000 0.027113 0.004627 0.022486
10.310000 0.051340 0.004937 0.046404
10.320000 0.040294 0.005283 0.035011
10.330000 0.039713 0.005672 0.034040
10.340000 0.063064 0.006112 0.056953
10.350000 0.050729 0.006610 0.044120
10.360000 0.068428 0.007178 0.061250
10.370000 0.080049 0.007831 0.072218
10.380000 0.089038 0.008593 0.080445
10.390000 0.090644 0.009499 0.081146
10.400000 0.119234 0.010618 0.108615
10.410000 0.124326 0.012087 0.112239
10.420000 0.132893 0.014169 0.118724
10.430000 0.136689 0.017374 0.119315
10.440000 0.181825 0.022621 0.159204
10.450000 0.190846 0.031469 0.159378
10.460000 0.234245 0.046345 0.187901
10.470000 0.238916 0.070684 0.168232
10.480000 0.284061 0.108819 0.175242
10.490000 0.323999 0.165431 0.158569
10.500000 0.350427 0.244474 0.105953
10.510000 0.460026 0.347641 0.112385
10.520000 0.577882 0.472686 0.105196
10.530000 0.610426 0.612135 -0.001709
10.540000 0.708260 0.752914 -0.044653
10.550000 0.870978 0.877389 -0.006411
10.560000 0.920927 0.966344 -0.045416
10.570000 0.998319 1.004030 -0.005711
10.580000 0.982969 0.983532 -0.000562
10.590000 0.877951 0.909131 -0.031181
10.600000 0.752461 0.794384 -0.041924
10.610000 0.637433 0.657595 -0.020162
10.620000 0.460139 0.516957 -0.056817
10.630000 0.339890 0.386980 -0.047090
10.640000 0.229209 0.276818 -0.047609
10.650000 0.167736 0.190231 -0.022495
10.660000 0.141952 0.126649 0.015303
10.670000 0.059586 0.082763 -0.023178
10.680000 0.055573 0.054099 0.001473
10.690000 0.045478 0.036225 0.009253
10.700000 0.042339 0.025442 0.016896
10.710000 0.026152 0.019021 0.007131
10.720000 0.016486 0.015139 0.001347
10.730000 0.009010 0.012677 -0.003667
10.740000 0.016325 0.010996 0.005330
10.750000 0.016253 0.009752 0.006502
10.760000 0.000000 0.008767 -0.008767
10.770000 0.014795 0.007950 0.006845
10.780000 0.017764 0.007254 0.010510
10.790000 0.005943 0.006651 -0.000707
10.800000 0.011962 0.006122 0.005840
10.810000 0.003192 0.005656 -0.002464
10.820000 0.017485 0.005242 0.012243
10.830000 0.003494 0.004874 -0.001381
10.840000 0.009518 0.004545 0.004973
10.850000 0.005543 0.004249 0.001294
10.860000 0.006346 0.003983 0.002363
10.870000 0.015434 0.003741 0.011692
10.880000 0.006226 0.003523 0.002704
10.890000 0.015753 0.003324 0.012429
10.900000 0.013078 0.003142 0.009936
10.910000 0.019124 0.002976 0.016148
10.920000 0.000000 0.002824 -0.002824
10.930000 0.011183 0.002684 0.008499
10.940000 0.002854 0.002555 0.000299
10.950000 0.000000 0.002436 -0.002436
10.960000 0.003192 0.002326 0.000867
10.970000 0.006198 0.002224 0.003974
10.980000 0.000000 0.002129 -0.002129
10.990000 0.000000 0.002041 -0.002041
11.000000 0.018250 0.001959 0.016291
11.010000 0.000363 0.001882 -0.001519
11.020000 0.000000 0.001811 -0.001811
11.030000 0.000000 0.001744 -0.001744
11.040000 0.001982 0.001681 0.000301
11.050000 0.010656 0.001622 0.009033
11.060000 0.000000 0.001567 -0.001567
11.070000 0.004925 0.001516 0.003410
11.080000 0.000000 0.001467 -0.001467
11.090000 0.006165 0.001421 0.004744
11.100000 0.001341 0.001378 -0.000037
11.110000 0.009151 0.001337 0.007814
11.120000 0.006941 0.001299 0.005643
11.130000 0.008658 0.001262 0.007395
11.140000 0.009498 0.001228 0.008270
11.150000 0.008604 0.001196 0.007408
11.160000 0.006835 0.001165 0.005669
11.170000 0.006378 0.001136 0.005242
11.180000 0.000693 0.001109 -0.000416
11.190000 0.000000 0.001083 -0.001083
11.200000 0.000000 0.001059 -0.001059
11.210000 0.008904 0.001036 0.007868
11.220000 0.000000 0.001014 -0.001014
11.230000 0.000000 0.000994 -0.000994
11.240000 0.004928 0.000974 0.003954
11.250000 0.015362 0.000956 0.014406
11.260000 0.007508 0.000939 0.006569
11.270000 0.005319 0.000923 0.004396
11.280000 0.004432 0.000908 0.003525
11.290000 0.002245 0.000894 0.001351
11.300000 0.013985 0.000881 0.013105
11.310000 0.015282 0.000868 0.014413
11.320000 0.000000 0.000857 -0.000857
11.330000 0.004813 0.000847 0.003966
11.340000 0.008721 0.000837 0.007883
11.350000 0.011761 0.000829 0.010932
11.360000 0.001304 0.000821 0.000483
11.370000 0.003475 0.000815 0.002661
11.380000 0.000000 0.000809 -0.000809
11.390000 0.000000 0.000804 -0.000804
11.400000 0.001282 0.000800 0.000481
11.410000 0.000000 0.000798 -0.000798
11.420000 0.003452 0.000796 0.002656
11.430000 0.003015 0.000796 0.002219
11.440000 0.013025 0.000796 0.012229
11.450000 0.012154 0.000798 0.011356
11.460000 0.000000 0.000801 -0.000801
11.470000 0.000000 0.000806 -0.000806
11.480000 0.000000 0.000813 -0.000813
11.490000 0.002143 0.000821 0.001322
11.500000 0.000838 0.000831 0.000007
11.510000 0.004324 0.000843 0.003481
11.520000 0.017387 0.000857 0.016530
11.530000 0.007378 0.000874 0.006503
11.540000 0.003899 0.000894 0.003005
11.550000 0.008693 0.000918 0.007775
11.560000 0.008262 0.000945 0.007317
11.570000 0.007833 0.000977 0.006856
11.580000 0.018287 0.001013 0.017274
11.590000 0.014811 0.001056 0.013755
11.600000 0.001758 0.001106 0.000652
11.610000 0.002636 0.001164 0.001472
11.620000 0.009175 0.001233 0.007941
11.630000 0.004829 0.001317 0.003513
11.640000 0.007451 0.001421 0.006030
11.650000 0.003542 0.001560 0.001982
11.660000 0.010953 0.001760 0.009193
11.670000 0.007915 0.002072 0.005844
11.680000 0.017504 0.002589 0.014915
11.690000 0.025786 0.003471 0.022315
11.700000 0.015784 0.004969 0.010815
11.710000 0.022326 0.007438 0.014888
11.720000 0.034528 0.011325 0.023203
11.730000 0.044554 0.017110 0.027443
11.740000 0.042390 0.025186 0.017204
11.750000 0.051110 0.035692 0.015418
11.760000 0.070279 0.048339 0.021940
11.770000 0.084224 0.062279 0.021946
11.780000 0.089898 0.076090 0.013807
11.790000 0.105150 0.087906 0.017244
11.800000 0.096457 0.095737 0.000720
11.810000 0.095166 0.098029 -0.002863
11.820000 0.090827 0.094282 -0.003455
11.830000 0.075170 0.085294 -0.010124
11.840000 0.078233 0.072789 0.005444
11.850000 0.062141 0.058774 0.003367
11.860000 0.038648 0.045028 -0.006380
11.870000 0.033005 0.032839 0.000166
11.880000 0.024750 0.022912 0.001837
11.890000 0.022154 0.015417 0.006737
11.900000 0.007369 0.010134 -0.002765
11.910000 0.007386 0.006635 0.000751
11.920000 0.003050 0.004438 -0.001388
11.930000 0.000000 0.003115 -0.003115
11.940000 0.000038 0.002336 -0.002298
11.950000 0.000000 0.001874 -0.001874
11.960000 0.000000 0.001590 -0.001590
11.970000 0.010976 0.001401 0.009574
11.980000 0.004899 0.001265 0.003634
11.990000 0.013189 0.001158 0.012031
12.000000 0.000147 0.001071 -0.000924
12.010000 0.000000 0.000996 -0.000996
12.020000 0.000000 0.000932 -0.000932
12.030000 0.003686 0.000875 0.002810
12.040000 0.004140 0.000826 0.003314
12.050000 0.004159 0.000781 0.003377
12.060000 0.009837 0.000742 0.009096
12.070000 0.002455 0.000706 0.001749
12.080000 0.000000 0.000675 -0.000675
12.090000 0.007718 0.000646 0.007072
12.100000 0.002948 0.000620 0.002328
12.110000 0.000000 0.000596 -0.000596
12.120000 0.009081 0.000574 0.008507
12.130000 0.000000 0.000554 -0.000554
12.140000 0.000000 0.000536 -0.000536
12.150000 0.000000 0.000519 -0.000519
12.160000 0.000000 0.000504 -0.000504
12.170000 0.005690 0.000490 0.005201
12.180000 0.003966 0.000476 0.003490
12.190000 0.000000 0.000464 -0.000464
12.200000 0.000000 0.000452 -0.000452
12.210000 0.000000 0.000442 -0.000442
12.220000 0.001855 0.000431 0.001423
12.230000 0.012754 0.000422 0.012332
12.240000 0.000000 0.000413 -0.000413
12.250000 0.000000 0.000405 -0.000405
12.260000 0.011492 0.000397 0.011095
12.270000 0.000000 0.000390 -0.000390
12.280000 0.009344 0.000383 0.008961
12.290000 0.000000 0.000376 -0.000376
12.300000 0.000000 0.000370 -0.000370
12.310000 0.000000 0.000364 -0.000364
12.320000 0.000000 0.000359 -0.000359
12.330000 0.000000 0.000353 -0.000353
12.340000 0.018566 0.000348 0.018218
12.350000 0.009437 0.000344 0.009093
12.360000 0.006837 0.000339 0.006498
12.370000 0.001625 0.000335 0.001290
12.380000 0.012956 0.000331 0.012625
12.390000 0.015579 0.000327 0.015252
12.400000 0.010801 0.000323 0.010478
12.410000 0.006894 0.000320 0.006574
12.420000 0.007774 0.000316 0.007458
12.430000 0.008654 0.000313 0.008341
12.440000 0.000827 0.000310 0.000517
12.450000 0.000000 0.000307 -0.000307
12.460000 0.001713 0.000304 0.001408
12.470000 0.000000 0.000302 -0.000302
12.480000 0.000000 0.000299 -0.000299
12.490000 0.001730 0.000297 0.001434
12.500000 0.002606 0.000294 0.002312
12.510000 0.000000 0.000292 -0.000292
12.520000 0.007402 0.000290 0.007112
12.530000 0.005664 0.000288 0.005376
12.540000 0.002184 0.000286 0.001898
12.550000 0.000000 0.000284 -0.000284
12.560000 0.000000 0.000282 -0.000282
12.570000 0.007850 0.000280 0.007570
12.580000 0.003934 0.000279 0.003655
12.590000 0.000000 0.000277 -0.000277
12.600000 0.007856 0.000276 0.007580
12.610000 0.005681 0.000274 0.005407
12.620000 0.010907 0.000273 0.010634
12.630000 0.007426 0.000272 0.007155
12.640000 0.001333 0.000271 0.001063
12.650000 0.003076 0.000269 0.002807
12.660000 0.006561 0.000268 0.006293
12.670000 0.009175 0.000267 0.008908
12.680000 0.006129 0.000266 0.005863
12.690000 0.000000 0.000265 -0.000265
12.700000 0.009180 0.000265 0.008916
12.710000 0.000000 0.000264 -0.000264
12.720000 0.007443 0.000263 0.007180
12.730000 0.000000 0.000262 -0.000262
12.740000 0.000000 0.000262 -0.000262
12.750000 0.000000 0.000261 -0.000261
12.760000 0.000000 0.000261 -0.000261
12.770000 0.017030 0.000260 0.016770
12.780000 0.003536 0.000260 0.003277
12.790000 0.014423 0.000259 0.014163
12.800000 0.003105 0.000259 0.002846
12.810000 0.000000 0.000258 -0.000258
12.820000 0.012252 0.000258 0.011994
12.830000 0.001371 0.000258 0.001113
12.840000 0.006597 0.000258 0.006339
12.850000 0.000000 0.000258 -0.000258
12.860000 0.009649 0.000258 0.009392
12.870000 0.001380 0.000258 0.001123
12.880000 0.002253 0.000258 0.001996
12.890000 0.001385 0.000258 0.001128
12.900000 0.000952 0.000258 0.000695
12.910000 0.006179 0.000258 0.005921
12.920000 0.010535 0.000258 0.010277
12.930000 0.000525 0.000258 0.000267
12.940000 0.004446 0.000259 0.004187
12.950000 0.013156 0.000259 0.012897
12.960000 0.007935 0.000259 0.007675
12.970000 0.000000 0.000260 -0.000260
12.980000 0.004458 0.000260 0.004198
12.990000 0.004461 0.000260 0.004201
13.000000 0.012300 0.000261 0.012039
13.010000 0.004903 0.000262 0.004641
13.020000 0.000000 0.000262 -0.000262
13.030000 0.000000 0.000263 -0.000263
13.040000 0.000000 0.000264 -0.000264
13.050000 0.002304 0.000264 0.002040
13.060000 0.003614 0.000265 0.003349
13.070000 0.000570 0.000266 0.000304
13.080000 0.003621 0.000267 0.003354
13.090000 0.005802 0.000268 0.005534
13.100000 0.011465 0.000269 0.011196
13.110000 0.000000 0.000270 -0.000270
13.120000 0.002331 0.000271 0.002060
13.130000 0.005818 0.000272 0.005545
13.140000 0.007563 0.000274 0.007290
13.150000 0.015839 0.000275 0.015564
13.160000 0.000000 0.000276 -0.000276
13.170000 0.001917 0.000278 0.001639
13.180000 0.000000 0.000279 -0.000279
13.190000 0.003667 0.000281 0.003386
13.200000 0.000188 0.000282 -0.000094
13.210000 0.013689 0.000284 0.013405
13.220000 0.004551 0.000286 0.004265
13.230000 0.010215 0.000287 0.009928
13.240000 0.001948 0.000289 0.001659
13.250000 0.001518 0.000291 0.001227
13.260000 0.011971 0.000293 0.011678
13.270000 0.004140 0.000295 0.003845
13.280000 0.006757 0.000297 0.006459
13.290000 0.009809 0.000300 0.009510
13.300000 0.004590 0.000302 0.004288
13.310000 0.002854 0.000304 0.002549
13.320000 0.007212 0.000307 0.006905
13.330000 0.003735 0.000310 0.003425
13.340000 0.000000 0.000312 -0.000312
13.350000 0.006793 0.000315 0.006478
13.360000 0.000000 0.000318 -0.000318
13.370000 0.005062 0.000321 0.004741
13.380000 0.008550 0.000324 0.008226
13.390000 0.000284 0.000327 -0.000043
13.400000 0.000000 0.000331 -0.000331
13.410000 0.009873 0.000334 0.009538
13.420000 0.008572 0.000338 0.008234
13.430000 0.011625 0.000341 0.011284
13.440000 0.000000 0.000345 -0.000345
13.450000 0.000752 0.000349 0.000403
13.460000 0.011206 0.000353 0.010852
13.470000 0.003810 0.000358 0.003452
13.480000 0.011652 0.000362 0.011289
13.490000 0.009480 0.000367 0.009113
13.500000 0.012532 0.000372 0.012160
13.510000 0.000000 0.000377 -0.000377
13.520000 0.013847 0.000382 0.013465
13.530000 0.009061 0.000387 0.008674
13.540000 0.004275 0.000393 0.003882
13.550000 0.002536 0.000399 0.002138
13.560000 0.012116 0.000405 0.011711
13.570000 0.011246 0.000411 0.010835
13.580000 0.000363 0.000418 -0.000055
13.590000 0.000000 0.000425 -0.000425
13.600000 0.001668 0.000432 0.001236
13.610000 0.004278 0.000440 0.003839
13.620000 0.000793 0.000447 0.000346
13.630000 0.006014 0.000456 0.005559
13.640000 0.000000 0.000464 -0.000464
13.650000 0.000000 0.000473 -0.000473
13.660000 0.000000 0.000483 -0.000483
13.670000 0.003812 0.000493 0.003319
13.680000 0.004672 0.000504 0.004168
13.690000 0.007270 0.000515 0.006756
13.700000 0.000000 0.000527 -0.000527
13.710000 0.000000 0.000540 -0.000540
13.720000 0.000679 0.000553 0.000126
13.730000 0.000000 0.000569 -0.000569
13.740000 0.006713 0.000586 0.006127
13.750000 0.001017 0.000607 0.000410
13.760000 0.000000 0.000634 -0.000634
13.770000 0.000000 0.000671 -0.000671
13.780000 0.000000 0.000725 -0.000725
13.790000 0.004748 0.000807 0.003942
13.800000 0.000000 0.000927 -0.000927
13.810000 0.003330 0.001101 0.002230
13.820000 0.002836 0.001338 0.001498
13.830000 0.004081 0.001644 0.002437
13.840000 0.003584 0.002012 0.001572
13.850000 0.000000 0.002420 -0.002420
13.860000 0.003893 0.002828 0.001066
13.870000 0.006006 0.003186 0.002821
13.880000 0.001154 0.003438 -0.002284
13.890000 0.009361 0.003539 0.005822
13.900000 0.000000 0.003473 -0.003473
13.910000 0.004008 0.003260 0.000748
13.920000 0.000000 0.002946 -0.002946
13.930000 0.003009 0.002588 0.000421
13.940000 0.000000 0.002236 -0.002236
13.950000 0.000000 0.001928 -0.001928
13.960000 0.000000 0.001684 -0.001684
13.970000 0.014071 0.001511 0.012561
13.980000 0.007913 0.001402 0.006510
13.990000 0.005671 0.001348 0.004324
14.000000 0.004302 0.001334 0.002968
14.010000 0.000000 0.001349 -0.001349
14.020000 0.002435 0.001384 0.001051
14.030000 0.007158 0.001432 0.005726
14.040000 0.000000 0.001491 -0.001491
14.050000 0.005290 0.001558 0.003733
14.060000 0.000000 0.001632 -0.001632
14.070000 0.011695 0.001715 0.009980
14.080000 0.000000 0.001805 -0.001805
14.090000 0.000000 0.001904 -0.001904
14.100000 0.026312 0.002013 0.024299
14.110000 0.006657 0.002133 0.004523
14.120000 0.005727 0.002266 0.003461
14.130000 0.000000 0.002413 -0.002413
14.140000 0.016488 0.002576 0.013912
14.150000 0.010329 0.002757 0.007571
14.160000 0.008530 0.002960 0.005569
14.170000 0.014996 0.003188 0.011809
14.180000 0.013633 0.003444 0.010189
14.190000 0.023147 0.003734 0.019414
14.200000 0.028315 0.004064 0.024252
14.210000 0.022593 0.004442 0.018151
14.220000 0.030374 0.004882 0.025492
14.230000 0.033359 0.005402 0.027956
14.240000 0.027644 0.006041 0.021604
14.250000 0.052833 0.006868 0.045964
14.260000 0.044072 0.008027 0.036044
14.270000 0.066213 0.009791 0.056422
14.280000 0.057453 0.012660 0.044793
14.290000 0.094397 0.017497 0.076900
14.300000 0.100875 0.025664 0.075211
14.310000 0.120405 0.039125 0.081280
14.320000 0.139074 0.060406 0.078667
14.330000 0.169924 0.092311 0.077613
14.340000 0.199477 0.137307 0.062170
14.350000 0.255143 0.196620 0.058523
14.360000 0.318655 0.269207 0.049447
14.370000 0.384770 0.350925 0.033845
14.380000 0.407359 0.434235 -0.026876
14.390000 0.501772 0.508742 -0.006969
14.400000 0.558320 0.562832 -0.004511
14.410000 0.563923 0.586573 -0.022650
14.420000 0.584337 0.575162 0.009175
14.430000 0.530732 0.530937 -0.000205
14.440000 0.430990 0.462373 -0.031383
14.450000 0.352571 0.380882 -0.028311
14.460000 0.281563 0.297551 -0.015989
14.470000 0.193566 0.221053 -0.027487
14.480000 0.132137 0.156744 -0.024607
14.490000 0.087677 0.106697 -0.019021
14.500000 0.074573 0.070379 0.004194
14.510000 0.027936 0.045644 -0.017708
14.520000 0.028764 0.029721 -0.000956
14.530000 0.003896 0.019935 -0.016038
14.540000 0.011256 0.014106 -0.002850
14.550000 0.015122 0.010663 0.004459
14.560000 0.008115 0.008583 -0.000468
14.570000 0.018512 0.007252 0.011260
14.580000 0.011942 0.006330 0.005612
14.590000 0.001443 0.005637 -0.004194
14.600000 0.000533 0.005081 -0.004548
14.610000 0.000000 0.004617 -0.004617
14.620000 0.004363 0.004220 0.000143
14.630000 0.000000 0.003875 -0.003875
14.640000 0.001230 0.003573 -0.002343
14.650000 0.004665 0.003307 0.001358
14.660000 0.000000 0.003071 -0.003071
14.670000 0.008934 0.002860 0.006074
14.680000 0.001062 0.002673 -0.001611
14.690000 0.002757 0.002504 0.000253
14.700000 0.010558 0.002353 0.008206
14.710000 0.007466 0.002216 0.005250
14.720000 0.006561 0.002092 0.004469
14.730000 0.008258 0.001979 0.006278
14.740000 0.000000 0.001877 -0.001877
14.750000 0.006004 0.001783 0.004221
14.760000 0.007712 0.001697 0.006015
14.770000 0.000000 0.001619 -0.001619
14.780000 0.013297 0.001547 0.011750
14.790000 0.002806 0.001480 0.001326
14.800000 0.004081 0.001419 0.002662
14.810000 0.002734 0.001362 0.001372
14.820000 0.004880 0.001310 0.003570
14.830000 0.000921 0.001261 -0.000340
14.840000 0.007856 0.001216 0.006641
14.850000 0.009994 0.001174 0.008820
14.860000 0.000000 0.001135 -0.001135
14.870000 0.004702 0.001099 0.003603
14.880000 0.000000 0.001065 -0.001065
14.890000 0.005941 0.001034 0.004907
14.900000 0.006347 0.001004 0.005343
14.910000 0.006746 0.000977 0.005769
14.920000 0.004976 0.000951 0.004025
14.930000 0.000000 0.000927 -0.000927
14.940000 0.011008 0.000905 0.010103
14.950000 0.000000 0.000884 -0.000884
14.960000 0.002238 0.000864 0.001374
14.970000 0.003074 0.000845 0.002229
14.980000 0.005224 0.000828 0.004396
14.990000 0.000000 0.000812 -0.000812
15.000000 0.000000 0.000797 -0.000797
15.010000 0.012097 0.000783 0.011314
15.020000 0.004234 0.000770 0.003464
15.030000 0.000000 0.000758 -0.000758
15.040000 0.000000 0.000747 -0.000747
15.050000 0.006322 0.000736 0.005586
15.060000 0.000000 0.000726 -0.000726
15.070000 0.000000 0.000717 -0.000717
15.080000 0.000000 0.000709 -0.000709
15.090000 0.000115 0.000701 -0.000586
15.100000 0.013150 0.000694 0.012456
15.110000 0.012250 0.000688 0.011563
15.120000 0.000000 0.000682 -0.000682
15.130000 0.000000 0.000676 -0.000676
15.140000 0.000852 0.000672 0.000181
15.150000 0.000000 0.000668 -0.000668
15.160000 0.006894 0.000664 0.006230
15.170000 0.010784 0.000661 0.010124
15.180000 0.002488 0.000658 0.001830
15.190000 0.005508 0.000656 0.004852
15.200000 0.002001 0.000655 0.001346
15.210000 0.008069 0.000654 0.007415
15.220000 0.000000 0.000653 -0.000653
15.230000 0.002359 0.000653 0.001706
15.240000 0.007123 0.000653 0.006470
15.250000 0.013192 0.000654 0.012537
15.260000 0.002719 0.000656 0.002063
15.270000 0.007482 0.000658 0.006824
15.280000 0.000056 0.000660 -0.000604
15.290000 0.000000 0.000663 -0.000663
15.300000 0.004360 0.000666 0.003693
15.310000 0.000000 0.000670 -0.000670
15.320000 0.000000 0.000675 -0.000675
15.330000 0.008638 0.000680 0.007957
15.340000 0.004259 0.000686 0.003573
15.350000 0.003362 0.000692 0.002670
15.360000 0.001158 0.000699 0.000459
15.370000 0.002872 0.000707 0.002166
15.380000 0.004585 0.000715 0.003870
15.390000 0.000000 0.000724 -0.000724
15.400000 0.011925 0.000733 0.011191
15.410000 0.000000 0.000744 -0.000744
15.420000 0.000000 0.000755 -0.000755
15.430000 0.000000 0.000767 -0.000767
15.440000 0.000000 0.000780 -0.000780
15.450000 0.001724 0.000794 0.000930
15.460000 0.000000 0.000809 -0.000809
15.470000 0.000000 0.000825 -0.000825
15.480000 0.000000 0.000843 -0.000843
15.490000 0.000000 0.000861 -0.000861
15.500000 0.000000 0.000881 -0.000881
15.510000 0.000000 0.000902 -0.000902
15.520000 0.008342 0.000925 0.007417
15.530000 0.006981 0.000949 0.006032
15.540000 0.011715 0.000976 0.010739
15.550000 0.001210 0.001004 0.000206
15.560000 0.002025 0.001034 0.000991
15.570000 0.000000 0.001067 -0.001067
15.580000 0.001912 0.001102 0.000810
15.590000 0.000000 0.001139 -0.001139
15.600000 0.000000 0.001180 -0.001180
15.610000 0.003048 0.001224 0.001824
15.620000 0.000000 0.001272 -0.001272
15.630000 0.008595 0.001323 0.007272
15.640000 0.003750 0.001379 0.002371
15.650000 0.000000 0.001440 -0.001440
15.660000 0.002767 0.001507 0.001261
15.670000 0.000000 0.001579 -0.001579
15.680000 0.000913 0.001659 -0.000746
15.690000 0.000000 0.001746 -0.001746
15.700000 0.000000 0.001842 -0.001842
15.710000 0.016419 0.001948 0.014470
15.720000 0.015493 0.002066 0.013428
15.730000 0.006295 0.002196 0.004099
15.740000 0.012335 0.002341 0.009994
15.750000 0.008797 0.002504 0.006293
15.760000 0.004825 0.002687 0.002139
15.770000 0.005204 0.002893 0.002312
15.780000 0.015600 0.003127 0.012473
15.790000 0.012932 0.003394 0.009538
15.800000 0.010267 0.003701 0.006566
15.810000 0.015435 0.004061 0.011374
15.820000 0.015383 0.004493 0.010890
15.830000 0.031000 0.005034 0.025966
15.840000 0.027901 0.005758 0.022143
15.850000 0.037859 0.006814 0.031045
15.860000 0.046515 0.008479 0.038036
15.870000 0.056038 0.011256 0.044781
15.880000 0.063388 0.015980 0.047408
15.890000 0.055932 0.023924 0.032008
15.900000 0.071991 0.036834 0.035156
15.910000 0.109376 0.056816 0.052561
15.920000 0.129354 0.085983 0.043370
15.930000 0.148019 0.125848 0.022171
15.940000 0.188023 0.176530 0.011493
15.950000 0.246742 0.235997 0.010745
15.960000 0.269768 0.299615 -0.029848
15.970000 0.355914 0.360253 -0.004339
15.980000 0.405932 0.409107 -0.003175
15.990000 0.438531 0.437478 0.001052
16.000000 0.423682 0.439522 -0.015840
16.010000 0.395331 0.414780 -0.019449
16.020000 0.356539 0.368418 -0.011879
16.030000 0.314258 0.308919 0.005339
16.040000 0.240202 0.245222 -0.005020
16.050000 0.159175 0.184781 -0.025606
16.060000 0.110806 0.132622 -0.021816
16.070000 0.081586 0.091143 -0.009557
16.080000 0.051502 0.060495 -0.008993
16.090000 0.032296 0.039317 -0.007021
16.100000 0.024852 0.025535 -0.000683
16.110000 0.014353 0.017010 -0.002657
16.120000 0.019099 0.011931 0.007168
16.130000 0.018614 0.008953 0.009661
16.140000 0.012477 0.007184 0.005292
16.150000 0.008945 0.006082 0.002863
16.160000 0.014127 0.005341 0.008786
16.170000 0.008855 0.004801 0.004054
16.180000 0.000000 0.004379 -0.004379
16.190000 0.001365 0.004035 -0.002670
16.200000 0.009595 0.003747 0.005848
16.210000 0.005195 0.003505 0.001690
16.220000 0.000000 0.003300 -0.003300
16.230000 0.006850 0.003127 0.003723
16.240000 0.017694 0.002984 0.014710
16.250000 0.009376 0.002869 0.006508
16.260000 0.012819 0.002781 0.010038
16.270000 0.009292 0.002727 0.006565
16.280000 0.004028 0.002716 0.001312
16.290000 0.002242 0.002773 -0.000531
16.300000 0.006122 0.002942 0.003180
16.310000 0.008255 0.003299 0.004956
16.320000 0.000000 0.003963 -0.003963
16.330000 0.009044 0.005100 0.003944
16.340000 0.005959 0.006920 -0.000961
16.350000 0.011576 0.009646 0.001930
16.360000 0.015020 0.013461 0.001559
16.370000 0.027169 0.018436 0.008733
16.380000 0.024083 0.024447 -0.000364
16.390000 0.029703 0.031119 -0.001416
16.400000 0.019653 0.037809 -0.018157
16.410000 0.037026 0.043667 -0.006641
16.420000 0.037424 0.047774 -0.010350
16.430000 0.046092 0.049402 -0.003311
16.440000 0.055632 0.048263 0.007369
16.450000 0.046887 0.044600 0.002287
16.460000 0.033790 0.039070 -0.005280
16.470000 0.028092 0.032530 -0.004439
16.480000 0.035892 0.025828 0.010063
16.490000 0.012345 0.019641 -0.007296
16.500000 0.014920 0.014393 0.000527
16.510000 0.026638 0.010259 0.016378
16.520000 0.014412 0.007213 0.007199
16.530000 0.008715 0.005099 0.003617
16.540000 0.010857 0.003709 0.007148
16.550000 0.008208 0.002836 0.005372
16.560000 0.000000 0.002306 -0.002306
16.570000 0.002041 0.001989 0.000052
16.580000 0.013324 0.001798 0.011526
16.590000 0.003711 0.001680 0.002031
16.600000 0.005852 0.001602 0.004251
16.610000 0.002333 0.001547 0.000786
16.620000 0.000000 0.001507 -0.001507
16.630000 0.000521 0.001477 -0.000955
16.640000 0.009193 0.001454 0.007739
16.650000 0.000000 0.001437 -0.001437
16.660000 0.000000 0.001426 -0.001426
16.670000 0.000000 0.001419 -0.001419
16.680000 0.005568 0.001417 0.004151
16.690000 0.000000 0.001419 -0.001419
16.700000 0.000000 0.001424 -0.001424
16.710000 0.003282 0.001434 0.001849
16.720000 0.000000 0.001447 -0.001447
16.730000 0.002334 0.001463 0.000871
16.740000 0.001423 0.001483 -0.000061
16.750000 0.003121 0.001507 0.001614
16.760000 0.000000 0.001535 -0.001535
16.770000 0.000000 0.001566 -0.001566
16.780000 0.002106 0.001602 0.000504
16.790000 0.000000 0.001641 -0.001641
16.800000 0.000000 0.001686 -0.001686
16.810000 0.000000 0.001735 -0.001735
16.820000 0.004911 0.001789 0.003122
16.830000 0.006147 0.001849 0.004297
16.840000 0.000000 0.001916 -0.001916
16.850000 0.000000 0.001989 -0.001989
16.860000 0.000000 0.002069 -0.002069
16.870000 0.000000 0.002159 -0.002159
16.880000 0.000000 0.002257 -0.002257
16.890000 0.001743 0.002366 -0.000623
16.900000 0.000000 0.002486 -0.002486
16.910000 0.001131 0.002620 -0.001489
16.920000 0.000000 0.002769 -0.002769
16.930000 0.000000 0.002935 -0.002935
16.940000 0.005651 0.003122 0.002530
16.950000 0.005997 0.003331 0.002666
16.960000 0.005472 0.003567 0.001905
16.970000 0.000000 0.003835 -0.003835
16.980000 0.013129 0.004141 0.008988
16.990000 0.021312 0.004494 0.016818
17.000000 0.015563 0.004911 0.010652
17.010000 0.021135 0.005417 0.015717
17.020000 0.018433 0.006066 0.012368
17.030000 0.030101 0.006955 0.023146
17.040000 0.018693 0.008272 0.010421
17.050000 0.037763 0.010351 0.027412
17.060000 0.048558 0.013749 0.034809
17.070000 0.057181 0.019339 0.037842
17.080000 0.067106 0.028361 0.038745
17.090000 0.081824 0.042417 0.039407
17.100000 0.108730 0.063330 0.045400
17.110000 0.129544 0.092834 0.036710
17.120000 0.159062 0.132113 0.026949
17.130000 0.204257 0.181239 0.023019
17.140000 0.239872 0.238648 0.001224
17.150000 0.297693 0.300810 -0.003117
17.160000 0.362042 0.362288 -0.000246
17.170000 0.425524 0.416426 0.009099
17.180000 0.451128 0.456687 -0.005559
17.190000 0.479348 0.478111 0.001237
17.200000 0.464465 0.478295 -0.013829
17.210000 0.433915 0.457720 -0.023805
17.220000 0.433399 0.419424 0.013975
17.230000 0.366281 0.368206 -0.001925
17.240000 0.318749 0.309789 0.008960
17.250000 0.233782 0.249984 -0.016201
17.260000 0.208890 0.193772 0.015118
17.270000 0.142210 0.144628 -0.002418
17.280000 0.098164 0.104317 -0.006153
17.290000 0.060219 0.073124 -0.012905
17.300000 0.052744 0.050269 0.002475
17.310000 0.045710 0.034362 0.011348
17.320000 0.014293 0.023808 -0.009515
17.330000 0.027287 0.017096 0.010192
17.340000 0.011108 0.012972 -0.001864
17.350000 0.004514 0.010499 -0.005985
17.360000 0.005751 0.009034 -0.003284
17.370000 0.019184 0.008176 0.011009
17.380000 0.009539 0.007697 0.001842
17.390000 0.013397 0.007501 0.005896
17.400000 0.008542 0.007588 0.000955
17.410000 0.016755 0.008061 0.008694
17.420000 0.016691 0.009154 0.007537
17.430000 0.010104 0.011269 -0.001165
17.440000 0.025715 0.015021 0.010694
17.450000 0.034802 0.021242 0.013560
17.460000 0.059122 0.030912 0.028209
17.470000 0.056021 0.044976 0.011045
17.480000 0.064669 0.064043 0.000626
17.490000 0.072454 0.088021 -0.015567
17.500000 0.102437 0.115779 -0.013342
17.510000 0.123720 0.144978 -0.021258
17.520000 0.139773 0.172169 -0.032396
17.530000 0.179778 0.193239 -0.013462
17.540000 0.201928 0.204314 -0.002386
17.550000 0.214507 0.203061 0.011446
17.560000 0.197477 0.189743 0.007734
17.570000 0.151285 0.167094 -0.015809
17.580000 0.133387 0.139145 -0.005759
17.590000 0.129426 0.109955 0.019471
17.600000 0.067559 0.082810 -0.015251
17.610000 0.060552 0.059862 0.000690
17.620000 0.045269 0.042105 0.003165
17.630000 0.017803 0.029590 -0.011787
17.640000 0.022548 0.021789 0.000759
17.650000 0.032524 0.017949 0.014574
17.660000 0.016809 0.017344 -0.000535
17.670000 0.028528 0.019383 0.009145
17.680000 0.033276 0.023588 0.009688
17.690000 0.020617 0.029495 -0.008878
17.700000 0.036251 0.036528 -0.000277
17.710000 0.042313 0.043926 -0.001613
17.720000 0.045759 0.050740 -0.004981
17.730000 0.049211 0.055957 -0.006746
17.740000 0.067896 0.058706 0.009190
17.750000 0.058288 0.058468 -0.000180
17.760000 0.043017 0.055222 -0.012205
17.770000 0.036894 0.049475 -0.012581
17.780000 0.018577 0.042127 -0.023551
17.790000 0.017679 0.034196 -0.016517
17.800000 0.011989 0.026569 -0.014580
17.810000 0.024588 0.019868 0.004720
17.820000 0.001920 0.014420 -0.012499
17.830000 0.001025 0.010288 -0.009262
17.840000 0.000000 0.007347 -0.007347
17.850000 0.000000 0.005370 -0.005370
17.860000 0.000000 0.004106 -0.004106
17.870000 0.001796 0.003328 -0.001532
17.880000 0.000000 0.002860 -0.002860
17.890000 0.003491 0.002578 0.000913
17.900000 0.005644 0.002404 0.003239
17.910000 0.000000 0.002293 -0.002293
17.920000 0.000000 0.002217 -0.002217
17.930000 0.004711 0.002166 0.002545
17.940000 0.000000 0.002131 -0.002131
17.950000 0.002929 0.002109 0.000820
17.960000 0.013357 0.002099 0.011257
17.970000 0.006374 0.002101 0.004273
17.980000 0.000000 0.002114 -0.002114
17.990000 0.000000 0.002137 -0.002137
18.000000 0.004577 0.002173 0.002404
18.010000 0.000000 0.002220 -0.002220
18.020000 0.000000 0.002280 -0.002280
18.030000 0.000000 0.002354 -0.002354
18.040000 0.000000 0.002444 -0.002444
18.050000 0.011460 0.002552 0.008908
18.060000 0.007961 0.002681 0.005280
18.070000 0.000000 0.002834 -0.002834
18.080000 0.000000 0.003017 -0.003017
18.090000 0.004434 0.003240 0.001194
18.100000 0.010949 0.003518 0.007431
18.110000 0.021384 0.003886 0.017498
18.120000 0.010485 0.004409 0.006076
18.130000 0.010036 0.005216 0.004820
18.140000 0.020035 0.006544 0.013490
18.150000 0.024375 0.008803 0.015572
18.160000 0.030021 0.012642 0.017379
18.170000 0.046116 0.018999 0.027117
18.180000 0.065258 0.029078 0.036180
18.190000 0.066551 0.044208 0.022344
18.200000 0.083952 0.065538 0.018414
18.210000 0.099612 0.093600 0.006012
18.220000 0.138781 0.127809 0.010972
18.230000 0.162277 0.166084 -0.003806
18.240000 0.210153 0.204736 0.005417
18.250000 0.236262 0.238756 -0.002494
18.260000 0.264547 0.262613 0.001934
18.270000 0.273676 0.271690 0.001986
18.280000 0.272792 0.264037 0.008756
18.290000 0.234033 0.241290 -0.007257
18.300000 0.195273 0.207906 -0.012633
18.310000 0.149113 0.169414 -0.020301
18.320000 0.109047 0.130912 -0.021865
18.330000 0.076817 0.096223 -0.019407
18.340000 0.057647 0.067571 -0.009924
18.350000 0.048490 0.045655 0.002835
18.360000 0.015824 0.030023 -0.014199
18.370000 0.013197 0.019555 -0.006358
18.380000 0.008392 0.012922 -0.004530
18.390000 0.004022 0.008900 -0.004878
18.400000 0.005311 0.006526 -0.001215
18.410000 0.006163 0.005126 0.001038
18.420000 0.010933 0.004272 0.006661
18.430000 0.003946 0.003715 0.000231
18.440000 0.001747 0.003321 -0.001574
18.450000 0.000000 0.003019 -0.003019
18.460000 0.000000 0.002774 -0.002774
18.470000 0.000000 0.002569 -0.002569
18.480000 0.000000 0.002392 -0.002392
18.490000 0.000000 0.002239 -0.002239
18.500000 0.000000 0.002105 -0.002105
18.510000 0.002429 0.001988 0.000441
18.520000 0.009799 0.001884 0.007914
18.530000 0.009332 0.001793 0.007539
18.540000 0.005817 0.001712 0.004104
18.550000 0.017103 0.001640 0.015463
18.560000 0.007928 0.001577 0.006351
18.570000 0.000000 0.001520 -0.001520
18.580000 0.000000 0.001470 -0.001470
18.590000 0.000000 0.001426 -0.001426
18.600000 0.003875 0.001386 0.002489
18.610000 0.003840 0.001351 0.002489
18.620000 0.000000 0.001321 -0.001321
18.630000 0.004640 0.001295 0.003345
18.640000 0.009828 0.001272 0.008556
18.650000 0.001955 0.001252 0.000702
18.660000 0.000176 0.001236 -0.001060
18.670000 0.000000 0.001223 -0.001223
18.680000 0.004017 0.001213 0.002804
18.690000 0.000000 0.001206 -0.001206
18.700000 0.004373 0.001202 0.003171
18.710000 0.000000 0.001201 -0.001201
18.720000 0.000000 0.001203 -0.001203
18.730000 0.003379 0.001207 0.002172
18.740000 0.008997 0.001215 0.007782
18.750000 0.001118 0.001226 -0.000108
18.760000 0.001511 0.001240 0.000271
18.770000 0.000000 0.001257 -0.001257
18.780000 0.000000 0.001279 -0.001279
18.790000 0.000000 0.001304 -0.001304
18.800000 0.000033 0.001334 -0.001302
18.810000 0.009567 0.001369 0.008198
18.820000 0.002558 0.001410 0.001149
18.830000 0.000000 0.001456 -0.001456
18.840000 0.001601 0.001510 0.000091
18.850000 0.010701 0.001572 0.009128
18.860000 0.013270 0.001644 0.011626
18.870000 0.000000 0.001726 -0.001726
18.880000 0.003606 0.001822 0.001785
18.890000 0.000000 0.001933 -0.001933
18.900000 0.013099 0.002066 0.011032
18.910000 0.018281 0.002230 0.016051
18.920000 0.009095 0.002442 0.006654
18.930000 0.004265 0.002737 0.001528
18.940000 0.009446 0.003185 0.006261
18.950000 0.011581 0.003914 0.007667
18.960000 0.015457 0.005146 0.010311
18.970000 0.019769 0.007233 0.012536
18.980000 0.027998 0.010688 0.017310
18.990000 0.031005 0.016175 0.014831
19.000000 0.039670 0.024431 0.015239
19.010000 0.053561 0.036107 0.017454
19.020000 0.059179 0.051521 0.007658
19.030000 0.076118 0.070385 0.005732
19.040000 0.113516 0.091588 0.021928
19.050000 0.112607 0.113122 -0.000516
19.060000 0.128673 0.132231 -0.003558
19.070000 0.146047 0.145839 0.000209
19.080000 0.170387 0.151328 0.019059
19.090000 0.152934 0.147523 0.005411
19.100000 0.153329 0.135246 0.018083
19.110000 0.129347 0.116926 0.012421
19.120000 0.086206 0.095630 -0.009424
19.130000 0.075284 0.074216 0.001068
19.140000 0.050429 0.054846 -0.004417
19.150000 0.034284 0.038796 -0.004512
19.160000 0.021184 0.026489 -0.005305
19.170000 0.023761 0.017696 0.006065
19.180000 0.011967 0.011805 0.000162
19.190000 0.025426 0.008079 0.017347
19.200000 0.006668 0.005832 0.000836
19.210000 0.013597 0.004522 0.009075
19.220000 0.000000 0.003769 -0.003769
19.230000 0.003076 0.003330 -0.000254
19.240000 0.006956 0.003065 0.003891
19.250000 0.009098 0.002897 0.006201
19.260000 0.011673 0.002785 0.008888
19.270000 0.005544 0.002711 0.002833
19.280000 0.002895 0.002664 0.000231
19.290000 0.000000 0.002640 -0.002640
19.300000 0.000000 0.002637 -0.002637
19.310000 0.000000 0.002653 -0.002653
19.320000 0.000000 0.002688 -0.002688
19.330000 0.003594 0.002741 0.000853
19.340000 0.006172 0.002813 0.003359
19.350000 0.007010 0.002906 0.004104
19.360000 0.013506 0.003019 0.010486
19.370000 0.000000 0.003157 -0.003157
19.380000 0.011698 0.003321 0.008377
19.390000 0.008184 0.003515 0.004669
19.400000 0.007715 0.003744 0.003971
19.410000 0.005507 0.004015 0.001493
19.420000 0.013311 0.004339 0.008972
19.430000 0.035920 0.004736 0.031185
19.440000 0.015861 0.005242 0.010618
19.450000 0.013219 0.005932 0.007287
19.460000 0.026248 0.006946 0.019302
19.470000 0.026654 0.008552 0.018102
19.480000 0.041424 0.011218 0.030206
19.490000 0.047491 0.015713 0.031778
19.500000 0.057907 0.023192 0.034716
19.510000 0.076162 0.035224 0.040938
19.520000 0.087452 0.053693 0.033759
19.530000 0.110498 0.080500 0.029998
19.540000 0.136153 0.117055 0.019098
19.550000 0.172696 0.163614 0.009082
19.560000 0.241451 0.218622 0.022829
19.570000 0.257967 0.278274 -0.020307
19.580000 0.307133 0.336509 -0.029377
19.590000 0.364138 0.385666 -0.021528
19.600000 0.430717 0.418011 0.012706
19.610000 0.425902 0.427941 -0.002039
19.620000 0.421954 0.413803 0.008151
19.630000 0.396678 0.378281 0.018397
19.640000 0.362256 0.327428 0.034827
19.650000 0.282125 0.268896 0.013229
19.660000 0.208521 0.210020 -0.001498
19.670000 0.162783 0.156445 0.006338
19.680000 0.110078 0.111563 -0.001485
19.690000 0.069129 0.076596 -0.007468
19.700000 0.056041 0.051091 0.004949
19.710000 0.038601 0.033570 0.005031
19.720000 0.028560 0.022159 0.006401
19.730000 0.019828 0.015050 0.004778
19.740000 0.011094 0.010753 0.000341
19.750000 0.014551 0.008182 0.006369
19.760000 0.002335 0.006615 -0.004280
19.770000 0.014064 0.005610 0.008454
19.780000 0.005331 0.004916 0.000415
19.790000 0.000000 0.004396 -0.004396
19.800000 0.000000 0.003982 -0.003982
19.810000 0.009172 0.003638 0.005534
19.820000 0.012193 0.003343 0.008851
19.830000 0.000000 0.003087 -0.003087
19.840000 0.000000 0.002862 -0.002862
19.850000 0.000000 0.002664 -0.002664
19.860000 0.000000 0.002488 -0.002488
19.870000 0.000000 0.002332 -0.002332
19.880000 0.006377 0.002192 0.004186
19.890000 0.013315 0.002066 0.011250
19.900000 0.000000 0.001952 -0.001952
19.910000 0.000000 0.001850 -0.001850
19.920000 0.000000 0.001757 -0.001757
19.930000 0.005795 0.001672 0.004123
19.940000 0.000000 0.001595 -0.001595
19.950000 0.000066 0.001524 -0.001458
19.960000 0.000464 0.001460 -0.000995
19.970000 0.000000 0.001400 -0.001400
19.980000 0.000000 0.001346 -0.001346
19.990000 0.000000 0.001296 -0.001296
20.000000 0.000000 0.001249 -0.001249
20.010000 0.000000 0.001206 -0.001206
20.020000 0.000000 0.001167 -0.001167
20.030000 0.013649 0.001130 0.012519
20.040000 0.000000 0.001096 -0.001096
20.050000 0.004840 0.001064 0.003776
20.060000 0.000000 0.001035 -0.001035
20.070000 0.000000 0.001007 -0.001007
20.080000 0.005553 0.000981 0.004572
20.090000 0.001146 0.000958 0.000188
20.100000 0.001091 0.000935 0.000156
20.110000 0.008873 0.000915 0.007958
20.120000 0.000000 0.000895 -0.000895
20.130000 0.000000 0.000877 -0.000877
20.140000 0.005221 0.000860 0.004361
20.150000 0.007776 0.000844 0.006932
20.160000 0.000317 0.000830 -0.000513
20.170000 0.014624 0.000816 0.013808
20.180000 0.000633 0.000803 -0.000170
20.190000 0.000000 0.000791 -0.000791
20.200000 0.000000 0.000780 -0.000780
20.210000 0.008285 0.000770 0.007515
20.220000 0.012140 0.000760 0.011380
20.230000 0.010770 0.000751 0.010019
20.240000 0.000000 0.000743 -0.000743
20.250000 0.004110 0.000735 0.003375
20.260000 0.000000 0.000728 -0.000728
20.270000 0.007026 0.000722 0.006304
20.280000 0.000000 0.000716 -0.000716
20.290000 0.008634 0.000711 0.007923
20.300000 0.002907 0.000706 0.002201
20.310000 0.000000 0.000702 -0.000702
20.320000 0.000000 0.000698 -0.000698
20.330000 0.012716 0.000695 0.012022
20.340000 0.010036 0.000692 0.009344
20.350000 0.010403 0.000689 0.009713
20.360000 0.006416 0.000688 0.005728
20.370000 0.000000 0.000686 -0.000686
20.380000 0.004102 0.000685 0.003417
20.390000 0.008386 0.000684 0.007702
20.400000 0.000000 0.000684 -0.000684
20.410000 0.000000 0.000684 -0.000684
20.420000 0.002519 0.000685 0.001834
20.430000 0.000000 0.000686 -0.000686
20.440000 0.002816 0.000688 0.002128
20.450000 0.011453 0.000690 0.010763
20.460000 0.018784 0.000692 0.018092
20.470000 0.010006 0.000695 0.009312
20.480000 0.012983 0.000698 0.012285
20.490000 0.000722 0.000701 0.000021
20.500000 0.010229 0.000706 0.009523
20.510000 0.011462 0.000710 0.010752
20.520000 0.014437 0.000715 0.013722
20.530000 0.004351 0.000721 0.003630
20.540000 0.000000 0.000727 -0.000727
20.550000 0.000000 0.000733 -0.000733
20.560000 0.010657 0.000740 0.009917
20.570000 0.017547 0.000748 0.016799
20.580000 0.001362 0.000756 0.000606
20.590000 0.012168 0.000765 0.011403
20.600000 0.005559 0.000774 0.004785
20.610000 0.000000 0.000784 -0.000784
20.620000 0.001918 0.000795 0.001123
20.630000 0.000000 0.000806 -0.000806
20.640000 0.007851 0.000819 0.007032
20.650000 0.002545 0.000832 0.001713
20.660000 0.014652 0.000845 0.013807
20.670000 0.004992 0.000860 0.004131
20.680000 0.001861 0.000876 0.000985
20.690000 0.007436 0.000892 0.006544
20.700000 0.009964 0.000910 0.009054
20.710000 0.019457 0.000929 0.018528
20.720000 0.000000 0.000949 -0.000949
20.730000 0.000000 0.000970 -0.000970
20.740000 0.000000 0.000993 -0.000993
20.750000 0.001261 0.001017 0.000244
20.760000 0.000000 0.001043 -0.001043
20.770000 0.005001 0.001071 0.003930
20.780000 0.000000 0.001100 -0.001100
20.790000 0.000000 0.001131 -0.001131
20.800000 0.000000 0.001165 -0.001165
20.810000 0.000000 0.001201 -0.001201
20.820000 0.000000 0.001240 -0.001240
20.830000 0.004863 0.001281 0.003582
20.840000 0.007373 0.001326 0.006047
20.850000 0.001174 0.001374 -0.000200
20.860000 0.000000 0.001426 -0.001426
20.870000 0.000000 0.001482 -0.001482
20.880000 0.002596 0.001542 0.001054
20.890000 0.005099 0.001608 0.003491
20.900000 0.000000 0.001679 -0.001679
20.910000 0.005749 0.001757 0.003992
20.920000 0.000000 0.001842 -0.001842
20.930000 0.001608 0.001934 -0.000326
20.940000 0.001932 0.002036 -0.000105
20.950000 0.000000 0.002148 -0.002148
20.960000 0.003012 0.002272 0.000740
20.970000 0.014218 0.002409 0.011809
20.980000 0.016281 0.002562 0.013719
20.990000 0.000000 0.002732 -0.002732
21.000000 0.014310 0.002922 0.011388
21.010000 0.021595 0.003137 0.018459
21.020000 0.017996 0.003379 0.014617
21.030000 0.008302 0.003656 0.004646
21.040000 0.002090 0.003975 -0.001886
21.050000 0.015032 0.004350 0.010683
21.060000 0.000547 0.004803 -0.004256
21.070000 0.013924 0.005380 0.008544
21.080000 0.022511 0.006168 0.016343
21.090000 0.018472 0.007330 0.011142
21.100000 0.023576 0.009165 0.014410
21.110000 0.036515 0.012179 0.024337
21.120000 0.054678 0.017162 0.037517
21.130000 0.046285 0.025253 0.021032
21.140000 0.060964 0.037925 0.023040
21.150000 0.092622 0.056852 0.035770
21.160000 0.111655 0.083626 0.028028
21.170000 0.136782 0.119319 0.017463
21.180000 0.180194 0.163976 0.016218
21.190000 0.194437 0.216152 -0.021715
21.200000 0.240896 0.272621 -0.031725
21.210000 0.290402 0.328396 -0.037994
21.220000 0.397810 0.377310 0.020500
21.230000 0.416406 0.413337 0.003069
21.240000 0.457205 0.432181 0.025024
21.250000 0.459693 0.431988 0.027705
21.260000 0.429529 0.413010 0.016519
21.270000 0.398059 0.377359 0.020700
21.280000 0.325230 0.329167 -0.003937
21.290000 0.303338 0.274153 0.029185
21.300000 0.193504 0.218280 -0.024776
21.310000 0.147232 0.166442 -0.019210
21.320000 0.106184 0.121843 -0.015659
21.330000 0.065572 0.085968 -0.020395
21.340000 0.053257 0.058851 -0.005594
21.350000 0.060535 0.039520 0.021015
21.360000 0.022534 0.026467 -0.003933
21.370000 0.024153 0.018067 0.006086
21.380000 0.001390 0.012864 -0.011474
21.390000 0.004316 0.009713 -0.005397
21.400000 0.005497 0.007804 -0.002307
21.410000 0.015825 0.006612 0.009212
21.420000 0.003946 0.005823 -0.001877
21.430000 0.000000 0.005261 -0.005261
21.440000 0.011538 0.004832 0.006706
21.450000 0.000000 0.004489 -0.004489
21.460000 0.011295 0.004206 0.007090
21.470000 0.009872 0.003969 0.005903
21.480000 0.000000 0.003770 -0.003770
21.490000 0.003102 0.003605 -0.000502
21.500000 0.002544 0.003468 -0.000924
21.510000 0.000000 0.003358 -0.003358
21.520000 0.000000 0.003273 -0.003273
21.530000 0.000018 0.003211 -0.003193
21.540000 0.000000 0.003172 -0.003172
21.550000 0.000000 0.003158 -0.003158
21.560000 0.000000 0.003172 -0.003172
21.570000 0.000000 0.003222 -0.003222
21.580000 0.000307 0.003325 -0.003018
21.590000 0.016742 0.003516 0.013226
21.600000 0.002258 0.003862 -0.001604
21.610000 0.000000 0.004484 -0.004484
21.620000 0.019884 0.005582 0.014303
21.630000 0.009767 0.007459 0.002308
21.640000 0.024018 0.010528 0.013490
21.650000 0.007372 0.015284 -0.007912
21.660000 0.018143 0.022215 -0.004072
21.670000 0.040681 0.031659 0.009021
21.680000 0.041875 0.043619 -0.001744
21.690000 0.046565 0.057586 -0.011021
21.700000 0.062563 0.072443 -0.009880
21.710000 0.071609 0.086498 -0.014888
21.720000 0.095880 0.097682 -0.001801
21.730000 0.099705 0.103984 -0.004279
21.740000 0.100034 0.104098 -0.004064
21.750000 0.089059 0.097996 -0.008937
21.760000 0.077635 0.086945 -0.009311
21.770000 0.069274 0.072949 -0.003675
21.780000 0.044356 0.058083 -0.013727
21.790000 0.026421 0.044060 -0.017639
21.800000 0.023272 0.032018 -0.008746
21.810000 0.028848 0.022486 0.006362
21.820000 0.000000 0.015476 -0.015476
21.830000 0.000000 0.010658 -0.010658
21.840000 0.000000 0.007544 -0.007544
21.850000 0.011081 0.005639 0.005442
21.860000 0.000103 0.004524 -0.004421
21.870000 0.000000 0.003895 -0.003895
21.880000 0.004290 0.003546 0.000744
21.890000 0.007265 0.003358 0.003908
21.900000 0.005870 0.003262 0.002608
21.910000 0.000000 0.003227 -0.003227
21.920000 0.012245 0.003243 0.009001
21.930000 0.008260 0.003317 0.004943
21.940000 0.002952 0.003472 -0.000519
21.950000 0.008113 0.003755 0.004358
21.960000 0.005855 0.004245 0.001610
21.970000 0.000000 0.005059 -0.005059
21.980000 0.000928 0.006354 -0.005426
21.990000 0.006530 0.008320 -0.001790
22.000000 0.006455 0.011158 -0.004703
22.010000 0.015543 0.015038 0.000505
22.020000 0.039415 0.020056 0.019359
22.030000 0.027175 0.026180 0.000994
22.040000 0.050614 0.033216 0.017398
22.050000 0.042730 0.040780 0.001950
22.060000 0.070091 0.048323 0.021767
22.070000 0.053503 0.055207 -0.001704
22.080000 0.090879 0.060843 0.030036
22.090000 0.084743 0.064772 0.019971
22.100000 0.072493 0.066631 0.005862
22.110000 0.065924 0.066129 -0.000205
22.120000 0.068914 0.063151 0.005763
22.130000 0.060173 0.057902 0.002270
22.140000 0.050540 0.050945 -0.000405
22.150000 0.057910 0.043080 0.014830
22.160000 0.031302 0.035137 -0.003835
22.170000 0.020390 0.027813 -0.007423
22.180000 0.009022 0.021573 -0.012550
22.190000 0.026847 0.016636 0.010211
22.200000 0.024625 0.013010 0.011615
22.210000 0.005883 0.010551 -0.004669
22.220000 0.006276 0.009044 -0.002767
22.230000 0.014094 0.008259 0.005835
22.240000 0.000000 0.008006 -0.008006
22.250000 0.008815 0.008163 0.000652
22.260000 0.000000 0.008689 -0.008689
22.270000 0.013120 0.009647 0.003473
22.280000 0.010040 0.011224 -0.001184
22.290000 0.010466 0.013770 -0.003305
22.300000 0.030463 0.017829 0.012633
22.310000 0.037421 0.024164 0.013257
22.320000 0.042184 0.033733 0.008451
22.330000 0.068737 0.047601 0.021135
22.340000 0.086128 0.066757 0.019371
22.350000 0.068712 0.091835 -0.023122
22.360000 0.111793 0.122783 -0.010991
22.370000 0.151846 0.158550 -0.006704
22.380000 0.177951 0.196911 -0.018960
22.390000 0.219749 0.234592 -0.014843
22.400000 0.224959 0.267749 -0.042789
22.410000 0.265889 0.292660 -0.026771
22.420000 0.290694 0.306587 -0.015893
22.430000 0.292880 0.308808 -0.015929
22.440000 0.295049 0.301422 -0.006373
22.450000 0.293754 0.289265 0.004489
22.460000 0.317258 0.279077 0.038182
22.470000 0.316837 0.278530 0.038308
22.480000 0.322059 0.295277 0.026782
22.490000 0.367352 0.335647 0.031705
22.500000 0.393909 0.402947 -0.009038
22.510000 0.488835 0.495834 -0.006999
22.520000 0.613349 0.607255 0.006094
22.530000 0.675190 0.724385 -0.049196
22.540000 0.826263 0.829868 -0.003605
22.550000 0.942525 0.904794 0.037731
22.560000 1.000000 0.933512 0.066488
22.570000 0.941252 0.908847 0.032406
22.580000 0.870301 0.834733 0.035567
22.590000 0.758877 0.724379 0.034498
22.600000 0.604340 0.595345 0.008995
22.610000 0.447206 0.464577 -0.017371
22.620000 0.320099 0.345206 -0.025108
22.630000 0.236541 0.245222 -0.008681
22.640000 0.150359 0.167581 -0.017222
22.650000 0.110338 0.111284 -0.000946
22.660000 0.063775 0.072923 -0.009148
22.670000 0.046395 0.048177 -0.001782
22.680000 0.027261 0.032905 -0.005644
22.690000 0.037744 0.023746 0.013998
22.700000 0.018612 0.018281 0.000331
22.710000 0.013424 0.014934 -0.001509
22.720000 0.000000 0.012757 -0.012757
22.730000 0.000000 0.011225 -0.011225
22.740000 0.003066 0.010058 -0.006992
22.750000 0.000927 0.009113 -0.008185
22.760000 0.000000 0.008318 -0.008318
22.770000 0.003608 0.007633 -0.004025
22.780000 0.009298 0.007036 0.002263
22.790000 0.005420 0.006510 -0.001090
22.800000 0.001099 0.006044 -0.004945
22.810000 0.000000 0.005630 -0.005630
22.820000 0.000000 0.005259 -0.005259
22.830000 0.012970 0.004927 0.008043
22.840000 0.013875 0.004627 0.009248
22.850000 0.003904 0.004356 -0.000452
22.860000 0.000000 0.004111 -0.004111
22.870000 0.000000 0.003888 -0.003888
22.880000 0.012728 0.003684 0.009043
22.890000 0.000000 0.003498 -0.003498
22.900000 0.000184 0.003328 -0.003144
22.910000 0.001097 0.003171 -0.002074
22.920000 0.000000 0.003027 -0.003027
22.930000 0.010758 0.002894 0.007864
22.940000 0.000000 0.002772 -0.002772
22.950000 0.021725 0.002658 0.019067
22.960000 0.015672 0.002553 0.013119
22.970000 0.000000 0.002455 -0.002455
22.980000 0.000000 0.002364 -0.002364
22.990000 0.007963 0.002280 0.005684
23.000000 0.015842 0.002201 0.013641
23.010000 0.000211 0.002127 -0.001917
23.020000 0.008088 0.002059 0.006030
23.030000 0.005082 0.001995 0.003087
23.040000 0.009910 0.001935 0.007975
23.050000 0.000000 0.001879 -0.001879
23.060000 0.020434 0.001827 0.018608
23.070000 0.000000 0.001778 -0.001778
23.080000 0.000000 0.001732 -0.001732
23.090000 0.001376 0.001689 -0.000313
23.100000 0.000000 0.001649 -0.001649
23.110000 0.000000 0.001611 -0.001611
23.120000 0.003188 0.001576 0.001613
23.130000 0.009736 0.001543 0.008193
23.140000 0.004525 0.001512 0.003013
23.150000 0.003230 0.001484 0.001746
23.160000 0.000190 0.001458 -0.001268
23.170000 0.012819 0.001433 0.011386
23.180000 0.000000 0.001410 -0.001410
23.190000 0.000000 0.001389 -0.001389
23.200000 0.009335 0.001370 0.007965
23.210000 0.003670 0.001352 0.002318
23.220000 0.009759 0.001337 0.008422
23.230000 0.000000 0.001322 -0.001322
23.240000 0.000000 0.001310 -0.001310
23.250000 0.000000 0.001298 -0.001298
23.260000 0.011464 0.001289 0.010176
23.270000 0.000000 0.001281 -0.001281
23.280000 0.000000 0.001274 -0.001274
23.290000 0.000000 0.001270 -0.001270
23.300000 0.000096 0.001266 -0.001171
23.310000 0.002257 0.001265 0.000992
23.320000 0.007900 0.001265 0.006635
23.330000 0.000000 0.001267 -0.001267
23.340000 0.000000 0.001271 -0.001271
23.350000 0.000874 0.001276 -0.000403
23.360000 0.006073 0.001284 0.004789
23.370000 0.005175 0.001294 0.003881
23.380000 0.008192 0.001306 0.006886
23.390000 0.000323 0.001321 -0.000998
23.400000 0.000000 0.001338 -0.001338
23.410000 0.000000 0.001359 -0.001359
23.420000 0.000000 0.001382 -0.001382
23.430000 0.000000 0.001409 -0.001409
23.440000 0.000000 0.001440 -0.001440
23.450000 0.009216 0.001476 0.007740
23.460000 0.002201 0.001516 0.000686
23.470000 0.000845 0.001561 -0.000716
23.480000 0.000000 0.001613 -0.001613
23.490000 0.000000 0.001672 -0.001672
23.500000 0.004609 0.001738 0.002870
23.510000 0.025888 0.001814 0.024074
23.520000 0.013210 0.001901 0.011309
23.530000 0.000000 0.002000 -0.002000
23.540000 0.000000 0.002113 -0.002113
23.550000 0.000000 0.002245 -0.002245
23.560000 0.010820 0.002399 0.008421
23.570000 0.012945 0.002582 0.010362
23.580000 0.000000 0.002809 -0.002809
23.590000 0.000000 0.003104 -0.003104
23.600000 0.012785 0.003521 0.009264
23.610000 0.002285 0.004160 -0.001876
23.620000 0.015291 0.005207 0.010084
23.630000 0.017852 0.006980 0.010872
23.640000 0.027812 0.009982 0.017830
23.650000 0.025148 0.014934 0.010215
23.660000 0.051651 0.022754 0.028897
23.670000 0.073804 0.034445 0.039359
23.680000 0.064608 0.050853 0.013755
23.690000 0.093291 0.072336 0.020956
23.700000 0.109346 0.098385 0.010961
23.710000 0.144125 0.127353 0.016772
23.720000 0.174982 0.156381 0.018601
23.730000 0.196700 0.181642 0.015059
23.740000 0.226252 0.198964 0.027288
23.750000 0.225332 0.204948 0.020385
23.760000 0.227892 0.198297 0.029595
23.770000 0.208253 0.180441 0.027812
23.780000 0.183821 0.154861 0.028961
23.790000 0.135014 0.125740 0.009274
23.800000 0.107536 0.096871 0.010664
23.810000 0.072660 0.071048 0.001612
23.820000 0.059113 0.049853 0.009260
23.830000 0.052537 0.033737 0.018799
23.840000 0.031589 0.022306 0.009283
23.850000 0.017176 0.014692 0.002484
23.860000 0.017126 0.009893 0.007233
23.870000 0.009680 0.006998 0.002682
23.880000 0.000923 0.005298 -0.004376
23.890000 0.003926 0.004302 -0.000377
23.900000 0.003876 0.003701 0.000175
23.910000 0.002091 0.003316 -0.001225
23.920000 0.003348 0.003049 0.000299
23.930000 0.000000 0.002851 -0.002851
23.940000 0.011963 0.002697 0.009267
23.950000 0.000166 0.002574 -0.002408
23.960000 0.005343 0.002477 0.002866
23.970000 0.000000 0.002400 -0.002400
23.980000 0.009607 0.002342 0.007265
23.990000 0.000000 0.002301 -0.002301
24.000000 0.002989 0.002275 0.000713
24.010000 0.000000 0.002265 -0.002265
24.020000 0.000000 0.002269 -0.002269
24.030000 0.003297 0.002288 0.001009
24.040000 0.013700 0.002322 0.011378
24.050000 0.013660 0.002374 0.011286
24.060000 0.000000 0.002444 -0.002444
24.070000 0.007046 0.002535 0.004511
24.080000 0.017451 0.002653 0.014798
24.090000 0.000000 0.002809 -0.002809
24.100000 0.013886 0.003023 0.010864
24.110000 0.015590 0.003335 0.012255
24.120000 0.000000 0.003827 -0.003827
24.130000 0.020734 0.004642 0.016092
24.140000 0.011985 0.006032 0.005954
24.150000 0.014996 0.008385 0.006611
24.160000 0.030192 0.012259 0.017933
24.170000 0.027979 0.018358 0.009621
24.180000 0.044482 0.027442 0.017041
24.190000 0.058378 0.040144 0.018234
24.200000 0.038747 0.056716 -0.017969
24.210000 0.084424 0.076740 0.007684
24.220000 0.096575 0.098930 -0.002355
24.230000 0.120050 0.121081 -0.001031
24.240000 0.160934 0.140263 0.020671
24.250000 0.160030 0.153316 0.006714
24.260000 0.163910 0.157701 0.006209
24.270000 0.156911 0.152490 0.004421
24.280000 0.159922 0.138797 0.021125
24.290000 0.118095 0.119271 -0.001176
24.300000 0.109787 0.097093 0.012694
24.310000 0.074491 0.075146 -0.000655
24.320000 0.069666 0.055560 0.014106
24.330000 0.045255 0.039552 0.005702
24.340000 0.034336 0.027499 0.006837
24.350000 0.026903 0.019169 0.007734
24.360000 0.030787 0.014024 0.016763
24.370000 0.012036 0.011500 0.000536
24.380000 0.015920 0.011195 0.004725
24.390000 0.015890 0.012964 0.002926
24.400000 0.019775 0.016897 0.002878
24.410000 0.028452 0.023218 0.005234
24.420000 0.013617 0.032114 -0.018497
24.430000 0.041885 0.043539 -0.001654
24.440000 0.063185 0.057021 0.006164
24.450000 0.074475 0.071553 0.002922
24.460000 0.071396 0.085590 -0.014194
24.470000 0.105760 0.097225 0.008535
24.480000 0.126190 0.104581 0.021610
24.490000 0.123985 0.106357 0.017628
24.500000 0.093044 0.102249 -0.009205
24.510000 0.099982 0.093013 0.006968
24.520000 0.079055 0.080201 -0.001146
24.530000 0.098618 0.065707 0.032911
24.540000 0.068113 0.051304 0.016810
24.550000 0.032822 0.038322 -0.005499
24.560000 0.045854 0.027534 0.018319
24.570000 0.031895 0.019191 0.012704
24.580000 0.030125 0.013145 0.016980
24.590000 0.000000 0.009015 -0.009015
24.600000 0.000000 0.006338 -0.006338
24.610000 0.000004 0.004676 -0.004672
24.620000 0.000000 0.003673 -0.003673
24.630000 0.000000 0.003073 -0.003073
24.640000 0.000000 0.002706 -0.002706
24.650000 0.000000 0.002472 -0.002472
24.660000 0.000000 0.002311 -0.002311
24.670000 0.004631 0.002193 0.002437
24.680000 0.002427 0.002103 0.000324
24.690000 0.002837 0.002031 0.000805
24.700000 0.001068 0.001974 -0.000906
24.710000 0.001478 0.001929 -0.000451
24.720000 0.007547 0.001895 0.005652
24.730000 0.007086 0.001870 0.005217
24.740000 0.010107 0.001853 0.008254
24.750000 0.006600 0.001845 0.004755
24.760000 0.000000 0.001844 -0.001844
24.770000 0.010467 0.001851 0.008617
24.780000 0.000000 0.001865 -0.001865
24.790000 0.000000 0.001886 -0.001886
24.800000 0.000000 0.001915 -0.001915
24.810000 0.000000 0.001952 -0.001952
24.820000 0.010342 0.001997 0.008344
24.830000 0.000000 0.002052 -0.002052
24.840000 0.000000 0.002116 -0.002116
24.850000 0.012446 0.002191 0.010255
24.860000 0.003278 0.002278 0.001000
24.870000 0.001949 0.002379 -0.000431
24.880000 0.000000 0.002496 -0.002496
24.890000 0.000595 0.002632 -0.002037
24.900000 0.010148 0.002790 0.007358
24.910000 0.005771 0.002976 0.002795
24.920000 0.000000 0.003201 -0.003201
24.930000 0.000000 0.003484 -0.003484
24.940000 0.000000 0.003862 -0.003862
24.950000 0.000019 0.004409 -0.004390
24.960000 0.026987 0.005258 0.021729
24.970000 0.010422 0.006644 0.003778
24.980000 0.011270 0.008946 0.002324
24.990000 0.020827 0.012728 0.008099
25.000000 0.027333 0.018753 0.008580
25.010000 0.026006 0.027928 -0.001922
25.020000 0.031207 0.041164 -0.009957
25.030000 0.055131 0.059143 -0.004012
25.040000 0.083842 0.081999 0.001843
25.050000 0.088176 0.109016 -0.020840
25.060000 0.137349 0.138413 -0.001064
25.070000 0.148650 0.167326 -0.018676
25.080000 0.169959 0.192120 -0.022161
25.090000 0.190403 0.209116 -0.018713
25.100000 0.196910 0.215600 -0.018690
25.110000 0.189492 0.210611 -0.021119
25.120000 0.206883 0.195154 0.011729
25.130000 0.180311 0.171953 0.008358
25.140000 0.153296 0.144781 0.008515
25.150000 0.124983 0.117549 0.007434
25.160000 0.103193 0.093534 0.009659
25.170000 0.070962 0.074992 -0.004031
25.180000 0.056138 0.063072 -0.006934
25.190000 0.049158 0.057896 -0.008738
25.200000 0.057844 0.058734 -0.000891
25.210000 0.060007 0.064197 -0.004190
25.220000 0.067822 0.072423 -0.004601
25.230000 0.082176 0.081299 0.000876
25.240000 0.075625 0.088740 -0.013115
25.250000 0.087367 0.093045 -0.005678
25.260000 0.099972 0.093256 0.006716
25.270000 0.085594 0.089411 -0.003817
25.280000 0.087751 0.082611 0.005141
25.290000 0.073374 0.074770 -0.001396
25.300000 0.055941 0.068137 -0.012197
25.310000 0.062897 0.064831 -0.001934
25.320000 0.082904 0.066479 0.016425
25.330000 0.060692 0.073945 -0.013253
25.340000 0.070252 0.087118 -0.016867
25.350000 0.104636 0.104800 -0.000164
25.360000 0.118114 0.124740 -0.006625
25.370000 0.138133 0.143866 -0.005733
25.380000 0.145082 0.158777 -0.013695
25.390000 0.181645 0.166471 0.015174
25.400000 0.180758 0.165156 0.015602
25.410000 0.167691 0.154816 0.012876
25.420000 0.148520 0.137213 0.011307
25.430000 0.108027 0.115229 -0.007202
25.440000 0.089727 0.091941 -0.002214
25.450000 0.077098 0.069919 0.007178
25.460000 0.048350 0.050894 -0.002544
25.470000 0.033109 0.035690 -0.002581
25.480000 0.031789 0.024363 0.007426
25.490000 0.020467 0.016447 0.004020
25.500000 0.006958 0.011223 -0.004265
25.510000 0.000858 0.007936 -0.007079
25.520000 0.001719 0.005939 -0.004221
25.530000 0.012598 0.004744 0.007854
25.540000 0.006494 0.004017 0.002476
25.550000 0.006929 0.003556 0.003373
25.560000 0.000387 0.003240 -0.002853
25.570000 0.000819 0.003007 -0.002188
25.580000 0.000000 0.002823 -0.002823
25.590000 0.008646 0.002673 0.005973
25.600000 0.004286 0.002546 0.001739
25.610000 0.002544 0.002438 0.000106
25.620000 0.008631 0.002346 0.006285
25.630000 0.005582 0.002268 0.003314
25.640000 0.000000 0.002201 -0.002201
25.650000 0.000000 0.002145 -0.002145
25.660000 0.000000 0.002098 -0.002098
25.670000 0.000000 0.002059 -0.002059
25.680000 0.000000 0.002028 -0.002028
25.690000 0.001654 0.002004 -0.000350
25.700000 0.008183 0.001987 0.006196
25.710000 0.009490 0.001976 0.007515
25.720000 0.000348 0.001971 -0.001623
25.730000 0.010366 0.001971 0.008395
25.740000 0.000350 0.001978 -0.001628
25.750000 0.000000 0.001990 -0.001990
25.760000 0.000000 0.002008 -0.002008
25.770000 0.000000 0.002032 -0.002032
25.780000 0.018208 0.002061 0.016146
25.790000 0.004284 0.002097 0.002187
25.800000 0.000000 0.002140 -0.002140
25.810000 0.006030 0.002189 0.003842
25.820000 0.006033 0.002246 0.003787
25.830000 0.005604 0.002310 0.003294
25.840000 0.000000 0.002383 -0.002383
25.850000 0.000000 0.002466 -0.002466
25.860000 0.002572 0.002559 0.000013
25.870000 0.002145 0.002664 -0.000519
25.880000 0.000000 0.002782 -0.002782
25.890000 0.001724 0.002914 -0.001190
25.900000 0.001729 0.003062 -0.001334
25.910000 0.020461 0.003230 0.017231
25.920000 0.007403 0.003419 0.003985
25.930000 0.000000 0.003632 -0.003632
25.940000 0.002631 0.003875 -0.001244
25.950000 0.012655 0.004151 0.008503
25.960000 0.000000 0.004469 -0.004469
25.970000 0.007013 0.004837 0.002176
25.980000 0.004844 0.005273 -0.000429
25.990000 0.015739 0.005804 0.009934
26.000000 0.009216 0.006488 0.002729
26.010000 0.012714 0.007429 0.005284
26.020000 0.006190 0.008830 -0.002641
26.030000 0.018829 0.011049 0.007780
26.040000 0.026672 0.014687 0.011986
26.050000 0.040619 0.020676 0.019943
26.060000 0.041497 0.030340 0.011157
26.070000 0.062409 0.045370 0.017039
26.080000 0.091150 0.067666 0.023485
26.090000 0.119899 0.098999 0.020900
26.100000 0.161267 0.140511 0.020756
26.110000 0.175649 0.192128 -0.016479
26.120000 0.242703 0.252024 -0.009321
26.130000 0.294526 0.316290 -0.021764
26.140000 0.382042 0.379009 0.003033
26.150000 0.422110 0.433056 -0.010946
26.160000 0.505708 0.471705 0.034003
26.170000 0.556224 0.490325 0.065900
26.180000 0.517490 0.487103 0.030387
26.190000 0.486161 0.463028 0.023132
26.200000 0.443944 0.421946 0.021998
26.210000 0.349924 0.370163 -0.020239
26.220000 0.266349 0.314883 -0.048535
26.230000 0.233713 0.262311 -0.028598
26.240000 0.201511 0.216511 -0.014999
26.250000 0.166700 0.179162 -0.012463
26.260000 0.170196 0.149893 0.020303
26.270000 0.113617 0.127012 -0.013395
26.280000 0.084028 0.108413 -0.024386
26.290000 0.078384 0.092302 -0.013918
26.300000 0.066210 0.077556 -0.011346
26.310000 0.059261 0.063766 -0.004505
26.320000 0.052745 0.051048 0.001698
26.330000 0.039266 0.039741 -0.000474
26.340000 0.036670 0.030159 0.006511
26.350000 0.000000 0.022448 -0.022448
26.360000 0.015806 0.016558 -0.000752
26.370000 0.012775 0.012271 0.000504
26.380000 0.012356 0.009283 0.003073
26.390000 0.000000 0.007267 -0.007267
26.400000 0.001506 0.005930 -0.004424
26.410000 0.008053 0.005041 0.003012
26.420000 0.000000 0.004432 -0.004432
26.430000 0.001121 0.003995 -0.002874
26.440000 0.001573 0.003662 -0.002088
26.450000 0.000000 0.003393 -0.003393
26.460000 0.002913 0.003167 -0.000253
26.470000 0.015991 0.002971 0.013020
26.480000 0.008606 0.002798 0.005808
26.490000 0.007752 0.002644 0.005108
26.500000 0.005156 0.002506 0.002650
26.510000 0.001254 0.002382 -0.001128
26.520000 0.000000 0.002270 -0.002270
26.530000 0.000000 0.002169 -0.002169
26.540000 0.001734 0.002077 -0.000343
26.550000 0.000000 0.001992 -0.001992
26.560000 0.006112 0.001916 0.004196
26.570000 0.000028 0.001846 -0.001818
26.580000 0.003955 0.001781 0.002174
26.590000 0.000000 0.001722 -0.001722
26.600000 0.004840 0.001668 0.003171
26.610000 0.000000 0.001619 -0.001619
26.620000 0.000000 0.001573 -0.001573
26.630000 0.000000 0.001531 -0.001531
26.640000 0.000000 0.001492 -0.001492
26.650000 0.017908 0.001457 0.016451
26.660000 0.000055 0.001424 -0.001369
26.670000 0.000000 0.001393 -0.001393
26.680000 0.000915 0.001366 -0.000451
26.690000 0.000000 0.001340 -0.001340
26.700000 0.000000 0.001317 -0.001317
26.710000 0.009591 0.001295 0.008295
26.720000 0.002610 0.001276 0.001335
26.730000 0.006946 0.001258 0.005688
26.740000 0.010408 0.001242 0.009166
26.750000 0.000000 0.001227 -0.001227
26.760000 0.014274 0.001214 0.013059
26.770000 0.007275 0.001203 0.006073
26.780000 0.000000 0.001193 -0.001193
26.790000 0.000000 0.001184 -0.001184
26.800000 0.001924 0.001176 0.000748
26.810000 0.000000 0.001170 -0.001170
26.820000 0.010086 0.001165 0.008921
26.830000 0.000446 0.001161 -0.000715
26.840000 0.004732 0.001158 0.003574
26.850000 0.000000 0.001156 -0.001156
26.860000 0.000000 0.001155 -0.001155
26.870000 0.001894 0.001156 0.000738
26.880000 0.000000 0.001158 -0.001158
26.890000 0.000000 0.001161 -0.001161
26.900000 0.000000 0.001164 -0.001164
26.910000 0.002863 0.001170 0.001693
26.920000 0.000000 0.001176 -0.001176
26.930000 0.000945 0.001183 -0.000239
26.940000 0.000000 0.001192 -0.001192
26.950000 0.007732 0.001202 0.006530
26.960000 0.008515 0.001213 0.007302
26.970000 0.000000 0.001225 -0.001225
26.980000 0.007030 0.001239 0.005791
26.990000 0.000000 0.001255 -0.001255
27.000000 0.002935 0.001271 0.001664
27.010000 0.000000 0.001290 -0.001290
27.020000 0.000000 0.001310 -0.001310
27.030000 0.000000 0.001332 -0.001332
27.040000 0.000000 0.001356 -0.001356
27.050000 0.000000 0.001382 -0.001382
27.060000 0.011992 0.001410 0.010582
27.070000 0.000000 0.001440 -0.001440
27.080000 0.000940 0.001473 -0.000534
27.090000 0.000000 0.001509 -0.001509
27.100000 0.006866 0.001548 0.005318
27.110000 0.000000 0.001590 -0.001590
27.120000 0.000000 0.001636 -0.001636
27.130000 0.000953 0.001687 -0.000734
27.140000 0.001747 0.001743 0.000005
27.150000 0.002532 0.001805 0.000727
27.160000 0.000000 0.001877 -0.001877
27.170000 0.001937 0.001962 -0.000026
27.180000 0.004041 0.002071 0.001969
27.190000 0.007004 0.002217 0.004786
27.200000 0.000403 0.002424 -0.002022
27.210000 0.004238 0.002725 0.001513
27.220000 0.012441 0.003164 0.009276
27.230000 0.000000 0.003791 -0.003791
27.240000 0.005762 0.004652 0.001110
27.250000 0.001764 0.005778 -0.004014
27.260000 0.006923 0.007165 -0.000242
27.270000 0.009022 0.008764 0.000258
27.280000 0.011572 0.010473 0.001099
27.290000 0.002352 0.012140 -0.009787
27.300000 0.000116 0.013583 -0.013468
27.310000 0.009618 0.014635 -0.005016
27.320000 0.009125 0.015190 -0.006064
27.330000 0.004699 0.015242 -0.010543
27.340000 0.000000 0.014859 -0.014859
27.350000 0.002396 0.014146 -0.011750
27.360000 0.013662 0.013220 0.000443
27.370000 0.011417 0.012213 -0.000797
27.380000 0.000000 0.011267 -0.011267
27.390000 0.012606 0.010517 0.002089
27.400000 0.011252 0.010091 0.001161
27.410000 0.015541 0.010138 0.005403
27.420000 0.013319 0.010872 0.002447
27.430000 0.007598 0.012658 -0.005060
27.440000 0.038030 0.016104 0.021926
27.450000 0.033617 0.022165 0.011451
27.460000 0.067100 0.032207 0.034893
27.470000 0.080103 0.047967 0.032136
27.480000 0.067441 0.071357 -0.003916
27.490000 0.128336 0.104070 0.024266
27.500000 0.170532 0.147018 0.023513
27.510000 0.207049 0.199723 0.007326
27.520000 0.262744 0.259829 0.002915
27.530000 0.307100 0.322902 -0.015802
27.540000 0.371505 0.382686 -0.011181
27.550000 0.436325 0.432045 0.004281
27.560000 0.475483 0.464715 0.010767
27.570000 0.475874 0.477162 -0.001288
27.580000 0.527659 0.469205 0.058454
27.590000 0.449255 0.443194 0.006061
27.600000 0.426162 0.402908 0.023254
27.610000 0.361256 0.352893 0.008363
27.620000 0.308128 0.298008 0.010120
27.630000 0.245837 0.242942 0.002895
27.640000 0.197936 0.191709 0.006227
27.650000 0.165687 0.147247 0.018440
27.660000 0.122142 0.111290 0.010852
27.670000 0.092073 0.084478 0.007596
27.680000 0.091196 0.066587 0.024609
27.690000 0.065919 0.056768 0.009151
27.700000 0.049373 0.053724 -0.004351
27.710000 0.053703 0.055840 -0.002137
27.720000 0.039771 0.061274 -0.021503
27.730000 0.058035 0.068047 -0.010012
27.740000 0.071098 0.074183 -0.003085
27.750000 0.081965 0.077943 0.004022
27.760000 0.078488 0.078192 0.000295
27.770000 0.064106 0.074729 -0.010623
27.780000 0.071951 0.068333 0.003618
27.790000 0.048430 0.060471 -0.012041
27.800000 0.049748 0.052907 -0.003159
27.810000 0.049739 0.047418 0.002321
27.820000 0.061073 0.045648 0.015425
27.830000 0.058020 0.049025 0.008994
27.840000 0.068921 0.058685 0.010236
27.850000 0.088944 0.075371 0.013573
27.860000 0.115956 0.099286 0.016670
27.870000 0.118133 0.129924 -0.011791
27.880000 0.159950 0.165914 -0.005964
27.890000 0.216113 0.204925 0.011188
27.900000 0.241389 0.243751 -0.002362
27.910000 0.281447 0.278744 0.002703
27.920000 0.321528 0.306594 0.014933
27.930000 0.373778 0.324891 0.048888
27.940000 0.352912 0.331986 0.020926
27.950000 0.356406 0.326668 0.029738
27.960000 0.321175 0.308510 0.012666
27.970000 0.268076 0.278760 -0.010683
27.980000 0.212822 0.240655 -0.027833
27.990000 0.171045 0.198572 -0.027528
28.000000 0.127546 0.156789 -0.029242
28.010000 0.088384 0.118671 -0.030287
28.020000 0.078410 0.086359 -0.007949
28.030000 0.056665 0.060744 -0.004079
28.040000 0.033632 0.041668 -0.008036
28.050000 0.022773 0.028261 -0.005489
28.060000 0.026299 0.019317 0.006982
28.070000 0.022407 0.013604 0.008804
28.080000 0.012874 0.010065 0.002810
28.090000 0.008985 0.007897 0.001089
28.100000 0.012079 0.006549 0.005530
28.110000 0.014288 0.005672 0.008615
28.120000 0.002581 0.005062 -0.002482
28.130000 0.000000 0.004606 -0.004606
28.140000 0.003099 0.004241 -0.001143
28.150000 0.008794 0.003938 0.004857
28.160000 0.000000 0.003677 -0.003677
28.170000 0.007141 0.003451 0.003690
28.180000 0.000000 0.003251 -0.003251
28.190000 0.009409 0.003074 0.006335
28.200000 0.003366 0.002917 0.000449
28.210000 0.007326 0.002777 0.004550
28.220000 0.003461 0.002650 0.000810
28.230000 0.000457 0.002537 -0.002080
28.240000 0.000000 0.002435 -0.002435
28.250000 0.006650 0.002343 0.004308
28.260000 0.000000 0.002259 -0.002259
28.270000 0.002833 0.002183 0.000650
28.280000 0.008111 0.002114 0.005997
28.290000 0.000000 0.002052 -0.002052
28.300000 0.000000 0.001995 -0.001995
28.310000 0.002603 0.001944 0.000660
28.320000 0.011800 0.001897 0.009903
28.330000 0.001402 0.001854 -0.000453
28.340000 0.000000 0.001816 -0.001816
28.350000 0.000000 0.001781 -0.001781
28.360000 0.000000 0.001749 -0.001749
28.370000 0.000000 0.001721 -0.001721
28.380000 0.000000 0.001696 -0.001696
28.390000 0.008243 0.001673 0.006570
28.400000 0.000000 0.001653 -0.001653
28.410000 0.000068 0.001636 -0.001568
28.420000 0.000000 0.001621 -0.001621
28.430000 0.004947 0.001608 0.003339
28.440000 0.000000 0.001598 -0.001598
28.450000 0.000000 0.001590 -0.001590
28.460000 0.000000 0.001583 -0.001583
28.470000 0.000000 0.001579 -0.001579
28.480000 0.000000 0.001577 -0.001577
28.490000 0.006460 0.001577 0.004883
28.500000 0.006050 0.001578 0.004472
28.510000 0.013039 0.001582 0.011457
28.520000 0.000000 0.001588 -0.001588
28.530000 0.003068 0.001596 0.001473
28.540000 0.000000 0.001605 -0.001605
28.550000 0.018777 0.001617 0.017160
28.560000 0.000000 0.001631 -0.001631
28.570000 0.005745 0.001647 0.004097
28.580000 0.004885 0.001666 0.003219
28.590000 0.000000 0.001687 -0.001687
28.600000 0.000000 0.001710 -0.001710
28.610000 0.000104 0.001736 -0.001632
28.620000 0.000000 0.001765 -0.001765
28.630000 0.000516 0.001797 -0.001281
28.640000 0.002668 0.001832 0.000837
28.650000 0.000000 0.001870 -0.001870
28.660000 0.000410 0.001912 -0.001502
28.670000 0.003398 0.001958 0.001440
28.680000 0.000000 0.002008 -0.002008
28.690000 0.004977 0.002063 0.002914
28.700000 0.000000 0.002123 -0.002123
28.710000 0.006490 0.002189 0.004302
28.720000 0.000000 0.002260 -0.002260
28.730000 0.000000 0.002339 -0.002339
28.740000 0.007759 0.002425 0.005334
28.750000 0.005391 0.002519 0.002871
28.760000 0.007795 0.002623 0.005172
28.770000 0.000000 0.002738 -0.002738
28.780000 0.012998 0.002864 0.010133
28.790000 0.000000 0.003005 -0.003005
28.800000 0.000000 0.003160 -0.003160
28.810000 0.000000 0.003334 -0.003334
28.820000 0.000000 0.003528 -0.003528
28.830000 0.010375 0.003746 0.006629
28.840000 0.000000 0.003992 -0.003992
28.850000 0.000000 0.004272 -0.004272
28.860000 0.000000 0.004592 -0.004592
28.870000 0.000000 0.004963 -0.004963
28.880000 0.014182 0.005405 0.008778
28.890000 0.000000 0.005950 -0.005950
28.900000 0.001859 0.006666 -0.004807
28.910000 0.009407 0.007680 0.001727
28.920000 0.016093 0.009231 0.006862
28.930000 0.018417 0.011741 0.006676
28.940000 0.013351 0.015908 -0.002557
28.950000 0.022642 0.022792 -0.000150
28.960000 0.035429 0.033859 0.001570
28.970000 0.064748 0.050919 0.013829
28.980000 0.085375 0.075889 0.009486
28.990000 0.133851 0.110353 0.023497
29.000000 0.127490 0.154958 -0.027469
29.010000 0.177710 0.208752 -0.031043
29.020000 0.244492 0.268668 -0.024176
29.030000 0.306034 0.329355 -0.023321
29.040000 0.350617 0.383608 -0.032991
29.050000 0.445685 0.423638 0.022046
29.060000 0.463716 0.443037 0.020679
29.070000 0.472152 0.438570 0.033582
29.080000 0.475387 0.411001 0.064386
29.090000 0.371506 0.364904 0.006601
29.100000 0.309878 0.307452 0.002426
29.110000 0.241701 0.246432 -0.004731
29.120000 0.209683 0.188462 0.021221
29.130000 0.119742 0.138052 -0.018310
29.140000 0.087295 0.097436 -0.010141
29.150000 0.060050 0.066893 -0.006843
29.160000 0.040670 0.045347 -0.004677
29.170000 0.021702 0.031026 -0.009324
29.180000 0.016260 0.022016 -0.005756
29.190000 0.021678 0.016626 0.005052
29.200000 0.014937 0.013555 0.001381
29.210000 0.000000 0.011915 -0.011915
29.220000 0.007096 0.011175 -0.004079
29.230000 0.001643 0.011090 -0.009447
29.240000 0.002318 0.011650 -0.009333
29.250000 0.004272 0.013072 -0.008800
29.260000 0.015403 0.015814 -0.000412
29.270000 0.029990 0.020615 0.009375
29.280000 0.044611 0.028500 0.016112
29.290000 0.046581 0.040720 0.005861
29.300000 0.042926 0.058577 -0.015651
29.310000 0.095404 0.083114 0.012291
29.320000 0.109172 0.114697 -0.005525
29.330000 0.130748 0.152573 -0.021825
29.340000 0.168904 0.194528 -0.025624
29.350000 0.233154 0.236789 -0.003635
29.360000 0.241715 0.274362 -0.032647
29.370000 0.280287 0.301956 -0.021669
29.380000 0.320639 0.315281 0.005358
29.390000 0.275197 0.312121 -0.036924
29.400000 0.308157 0.292884 0.015274
29.410000 0.255759 0.260619 -0.004860
29.420000 0.214719 0.220277 -0.005558
29.430000 0.171472 0.177307 -0.005835
29.440000 0.118689 0.136373 -0.017685
29.450000 0.066744 0.100681 -0.033936
29.460000 0.056200 0.071847 -0.015647
29.470000 0.042141 0.050117 -0.007976
29.480000 0.012016 0.034768 -0.022752
29.490000 0.018429 0.024568 -0.006139
29.500000 0.006165 0.018169 -0.012004
29.510000 0.000000 0.014370 -0.014370
29.520000 0.003817 0.012240 -0.008423
29.530000 0.000000 0.011130 -0.011130
29.540000 0.000000 0.010636 -0.010636
29.550000 0.000000 0.010529 -0.010529
29.560000 0.000928 0.010709 -0.009781
29.570000 0.005641 0.011170 -0.005529
29.580000 0.004305 0.012000 -0.007696
29.590000 0.000000 0.013403 -0.013403
29.600000 0.022071 0.015747 0.006324
29.610000 0.012004 0.019633 -0.007629
29.620000 0.025057 0.025953 -0.000896
29.630000 0.032416 0.035916 -0.003500
29.640000 0.045479 0.051011 -0.005532
29.650000 0.075488 0.072870 0.002618
29.660000 0.102930 0.103035 -0.000105
29.670000 0.127726 0.142645 -0.014919
29.680000 0.190442 0.192083 -0.001641
29.690000 0.227875 0.250621 -0.022746
29.700000 0.280154 0.316122 -0.035968
29.710000 0.365487 0.384988 -0.019501
29.720000 0.458701 0.452586 0.006116
29.730000 0.497898 0.514001 -0.016103
29.740000 0.551071 0.564397 -0.013327
29.750000 0.619013 0.598832 0.020181
29.760000 0.643028 0.612630 0.030398
29.770000 0.636971 0.603007 0.033964
29.780000 0.596130 0.570713 0.025417
29.790000 0.526088 0.519859 0.006229
29.800000 0.490047 0.456210 0.033836
29.810000 0.392154 0.385807 0.006347
29.820000 0.306493 0.314466 -0.007973
29.830000 0.238215 0.247351 -0.009136
29.840000 0.185652 0.188313 -0.002661
29.850000 0.140024 0.139521 0.000503
29.860000 0.098355 0.101610 -0.003255
29.870000 0.077554 0.074134 0.003419
29.880000 0.057227 0.056050 0.001177
29.890000 0.052545 0.046124 0.006421
29.900000 0.037018 0.043192 -0.006174
29.910000 0.044536 0.046253 -0.001717
29.920000 0.053834 0.054420 -0.000586
29.930000 0.053527 0.066761 -0.013235
29.940000 0.062835 0.082118 -0.019283
29.950000 0.080388 0.098969 -0.018581
29.960000 0.101895 0.115405 -0.013510
29.970000 0.115540 0.129316 -0.013776
29.980000 0.142717 0.138831 0.003886
29.990000 0.152889 0.142789 0.010101
30.000000 0.152213 0.140879 0.011334
30.010000 0.149770 0.133480 0.016290
30.020000 0.133429 0.121576 0.011853
30.030000 0.127949 0.106794 0.021155
30.040000 0.093767 0.091235 0.002532
30.050000 0.071318 0.077071 -0.005753
30.060000 0.061525 0.066182 -0.004657
30.070000 0.059981 0.059975 0.000006
30.080000 0.055856 0.059318 -0.003462
30.090000 0.067817 0.064505 0.003312
30.100000 0.064135 0.075232 -0.011097
30.110000 0.087860 0.090577 -0.002718
30.120000 0.103776 0.109003 -0.005227
30.130000 0.109224 0.128437 -0.019213
30.140000 0.119488 0.146521 -0.027033
30.150000 0.154984 0.160972 -0.005988
30.160000 0.177010 0.169901 0.007109
30.170000 0.169849 0.172023 -0.002174
30.180000 0.160535 0.166905 -0.006370
30.190000 0.165572 0.155145 0.010427
30.200000 0.147558 0.138232 0.009326
30.210000 0.131705 0.118152 0.013553
30.220000 0.117615 0.096994 0.020621
30.230000 0.073036 0.076625 -0.003589
30.240000 0.051115 0.058445 -0.007329
30.250000 0.045289 0.043259 0.002030
30.260000 0.029904 0.031311 -0.001407
30.270000 0.021907 0.022415 -0.000508
30.280000 0.010881 0.016122 -0.005241
30.290000 0.000000 0.011876 -0.011876
30.300000 0.016248 0.009130 0.007118
30.310000 0.000000 0.007416 -0.007416
30.320000 0.000000 0.006375 -0.006375
30.330000 0.000000 0.005757 -0.005757
30.340000 0.000000 0.005401 -0.005401
30.350000 0.000000 0.005213 -0.005213
30.360000 0.000000 0.005149 -0.005149
30.370000 0.000000 0.005196 -0.005196
30.380000 0.000000 0.005364 -0.005364
30.390000 0.000000 0.005677 -0.005677
30.400000 0.000000 0.006171 -0.006171
30.410000 0.000000 0.006884 -0.006884
30.420000 0.000000 0.007862 -0.007862
30.430000 0.004108 0.009160 -0.005052
30.440000 0.000000 0.010865 -0.010865
30.450000 0.000000 0.013133 -0.013133
30.460000 0.011163 0.016234 -0.005071
30.470000 0.011916 0.020594 -0.008678
30.480000 0.013547 0.026823 -0.013276
30.490000 0.037377 0.035662 0.001715
30.500000 0.045104 0.047848 -0.002744
30.510000 0.061535 0.063870 -0.002335
30.520000 0.097561 0.083715 0.013846
30.530000 0.101803 0.106693 -0.004891
30.540000 0.114320 0.131398 -0.017078
30.550000 0.183866 0.155868 0.027998
30.560000 0.217278 0.177997 0.039281
30.570000 0.204542 0.196142 0.008400
30.580000 0.230551 0.209657 0.020894
30.590000 0.226084 0.218972 0.007112
30.600000 0.266454 0.225099 0.041355
30.610000 0.265898 0.228826 0.037072
30.620000 0.231815 0.230003 0.001812
30.630000 0.239085 0.227367 0.011717
30.640000 0.218486 0.219074 -0.000588
30.650000 0.231837 0.203821 0.028016
30.660000 0.222107 0.181878 0.040229
30.670000 0.187554 0.155165 0.032388
30.680000 0.129483 0.126462 0.003021
30.690000 0.109715 0.098518 0.011197
30.700000 0.057288 0.073499 -0.016211
30.710000 0.051001 0.052724 -0.001724
30.720000 0.035563 0.036639 -0.001076
30.730000 0.027955 0.024972 0.002984
30.740000 0.022953 0.017002 0.005951
30.750000 0.014463 0.011837 0.002625
30.760000 0.000000 0.008626 -0.008626
30.770000 0.003562 0.006677 -0.003115
30.780000 0.002459 0.005492 -0.003033
30.790000 0.000000 0.004748 -0.004748
30.800000 0.012433 0.004251 0.008183
30.810000 0.003049 0.003891 -0.000842
30.820000 0.001064 0.003612 -0.002549
30.830000 0.006913 0.003385 0.003528
30.840000 0.006664 0.003194 0.003470
30.850000 0.007719 0.003030 0.004689
30.860000 0.000000 0.002889 -0.002889
30.870000 0.008078 0.002767 0.005312
30.880000 0.000000 0.002661 -0.002661
30.890000 0.000000 0.002570 -0.002570
30.900000 0.000000 0.002492 -0.002492
30.910000 0.017444 0.002426 0.015018
30.920000 0.000000 0.002370 -0.002370
30.930000 0.000000 0.002324 -0.002324
30.940000 0.006526 0.002288 0.004238
30.950000 0.000000 0.002260 -0.002260
30.960000 0.000000 0.002241 -0.002241
30.970000 0.000000 0.002231 -0.002231
30.980000 0.000000 0.002230 -0.002230
30.990000 0.000000 0.002237 -0.002237
31.000000 0.000433 0.002253 -0.001821
31.010000 0.006987 0.002280 0.004707
31.020000 0.000000 0.002318 -0.002318
31.030000 0.000000 0.002367 -0.002367
31.040000 0.000000 0.002432 -0.002432
31.050000 0.000000 0.002514 -0.002514
31.060000 0.000000 0.002620 -0.002620
31.070000 0.005642 0.002763 0.002879
31.080000 0.000000 0.002966 -0.002966
31.090000 0.014735 0.003278 0.011458
31.100000 0.000779 0.003784 -0.003005
31.110000 0.011199 0.004636 0.006563
31.120000 0.012480 0.006074 0.006406
31.130000 0.011581 0.008449 0.003132
31.140000 0.018958 0.012217 0.006741
31.150000 0.023718 0.017894 0.005824
31.160000 0.023696 0.025950 -0.002254
31.170000 0.044128 0.036646 0.007483
31.180000 0.049766 0.049842 -0.000076
31.190000 0.081956 0.064842 0.017114
31.200000 0.091949 0.080319 0.011630
31.210000 0.102808 0.094398 0.008410
31.220000 0.106277 0.104929 0.001347
31.230000 0.121053 0.110000 0.011052
31.240000 0.131053 0.108591 0.022462
31.250000 0.104908 0.101007 0.003900
31.260000 0.080083 0.088747 -0.008664
31.270000 0.102263 0.073916 0.028347
31.280000 0.071782 0.058603 0.013179
31.290000 0.031708 0.044477 -0.012769
31.300000 0.038235 0.032618 0.005617
31.310000 0.019931 0.023521 -0.003590
31.320000 0.024720 0.017228 0.007492
31.330000 0.010336 0.013530 -0.003193
31.340000 0.024707 0.012163 0.012544
31.350000 0.011196 0.012945 -0.001749
31.360000 0.030794 0.015822 0.014972
31.370000 0.021205 0.020821 0.000384
31.380000 0.020780 0.027925 -0.007145
31.390000 0.042974 0.036924 0.006049
31.400000 0.037330 0.047271 -0.009941
31.410000 0.051254 0.058012 -0.006758
31.420000 0.082184 0.067832 0.014351
31.430000 0.074779 0.075233 -0.000454
31.440000 0.061307 0.078879 -0.017572
31.450000 0.105712 0.078030 0.027682
31.460000 0.087020 0.072856 0.014164
31.470000 0.062208 0.064370 -0.002162
31.480000 0.067029 0.054036 0.012992
31.490000 0.057893 0.043320 0.014573
31.500000 0.030502 0.033394 -0.002892
31.510000 0.019193 0.025011 -0.005818
31.520000 0.021847 0.018496 0.003351
31.530000 0.000000 0.013824 -0.013824
31.540000 0.000000 0.010749 -0.010749
31.550000 0.000000 0.008943 -0.008943
31.560000 0.011962 0.008100 0.003862
31.570000 0.003712 0.008023 -0.004311
31.580000 0.010298 0.008673 0.001625
31.590000 0.000000 0.010227 -0.010227
31.600000 0.022574 0.013121 0.009453
31.610000 0.031311 0.018102 0.013208
31.620000 0.025281 0.026232 -0.000951
31.630000 0.028363 0.038806 -0.010443
31.640000 0.043671 0.057128 -0.013458
31.650000 0.075055 0.082145 -0.007091
31.660000 0.107781 0.113964 -0.006183
31.670000 0.151359 0.151415 -0.000056
31.680000 0.173207 0.191814 -0.018607
31.690000 0.206341 0.231071 -0.024729
31.700000 0.225147 0.264247 -0.039100
31.710000 0.264381 0.286682 -0.022302
31.720000 0.277096 0.295670 -0.018575
31.730000 0.302403 0.291901 0.010502
31.740000 0.295968 0.279340 0.016628
31.750000 0.296465 0.263440 0.033025
31.760000 0.266960 0.249034 0.017927
31.770000 0.237858 0.238922 -0.001064
31.780000 0.227514 0.233299 -0.005784
31.790000 0.225844 0.229930 -0.004086
31.800000 0.232048 0.225069 0.006979
31.810000 0.220370 0.215034 0.005336
31.820000 0.192186 0.197882 -0.005695
31.830000 0.171370 0.174138 -0.002769
31.840000 0.144062 0.146182 -0.002120
31.850000 0.135005 0.117066 0.017939
31.860000 0.087240 0.089593 -0.002353
31.870000 0.086024 0.065783 0.020241
31.880000 0.048277 0.046673 0.001604
31.890000 0.021381 0.032385 -0.011005
31.900000 0.010195 0.022380 -0.012185
31.910000 0.014213 0.015781 -0.001569
31.920000 0.013480 0.011655 0.001825
31.930000 0.000000 0.009195 -0.009195
31.940000 0.011115 0.007803 0.003312
31.950000 0.018190 0.007093 0.011097
31.960000 0.000487 0.006864 -0.006377
31.970000 0.010614 0.007058 0.003556
31.980000 0.000000 0.007726 -0.007726
31.990000 0.003047 0.008988 -0.005940
32.000000 0.018440 0.011004 0.007436
32.010000 0.005067 0.013926 -0.008858
32.020000 0.020899 0.017844 0.003055
32.030000 0.024510 0.022740 0.001769
32.040000 0.029462 0.028451 0.001012
32.050000 0.045267 0.034664 0.010603
32.060000 0.028456 0.040958 -0.012502
32.070000 0.039040 0.046879 -0.007839
32.080000 0.054449 0.052101 0.002348
32.090000 0.077228 0.056588 0.020640
32.100000 0.072179 0.060644 0.011535
32.110000 0.077113 0.064775 0.012338
32.120000 0.073373 0.069525 0.003848
32.130000 0.085277 0.075393 0.009884
32.140000 0.079364 0.082866 -0.003503
32.150000 0.091707 0.092487 -0.000780
32.160000 0.097116 0.104770 -0.007654
32.170000 0.092920 0.119930 -0.027010
32.180000 0.109216 0.137563 -0.028347
32.190000 0.141158 0.156501 -0.015344
32.200000 0.174435 0.174931 -0.000496
32.210000 0.175471 0.190731 -0.015261
32.220000 0.196126 0.201876 -0.005750
32.230000 0.219804 0.206754 0.013050
32.240000 0.216517 0.204419 0.012099
32.250000 0.186215 0.194768 -0.008553
32.260000 0.199474 0.178690 0.020784
32.270000 0.180059 0.158054 0.022005
32.280000 0.126276 0.135293 -0.009017
32.290000 0.095980 0.112728 -0.016748
32.300000 0.087041 0.092055 -0.005015
32.310000 0.071115 0.074179 -0.003065
32.320000 0.061742 0.059324 0.002417
32.330000 0.035370 0.047296 -0.011925
32.340000 0.039495 0.037737 0.001758
32.350000 0.023575 0.030270 -0.006695
32.360000 0.015946 0.024540 -0.008594
32.370000 0.020491 0.020229 0.000262
32.380000 0.001109 0.017061 -0.015952
32.390000 0.006092 0.014788 -0.008697
32.400000 0.005431 0.013185 -0.007755
32.410000 0.007804 0.012033 -0.004230
32.420000 0.006708 0.011122 -0.004414
32.430000 0.017791 0.010268 0.007523
32.440000 0.008860 0.009347 -0.000488
32.450000 0.003401 0.008320 -0.004919
32.460000 0.004919 0.007219 -0.002300
32.470000 0.000000 0.006113 -0.006113
32.480000 0.001851 0.005077 -0.003226
32.490000 0.000000 0.004165 -0.004165
32.500000 0.000000 0.003411 -0.003411
32.510000 0.000000 0.002819 -0.002819
32.520000 0.014005 0.002376 0.011629
32.530000 0.000000 0.002056 -0.002056
32.540000 0.013988 0.001828 0.012160
32.550000 0.000000 0.001665 -0.001665
32.560000 0.000000 0.001545 -0.001545
32.570000 0.001992 0.001454 0.000539
32.580000 0.000000 0.001379 -0.001379
32.590000 0.000000 0.001316 -0.001316
32.600000 0.000881 0.001261 -0.000380
32.610000 0.000000 0.001211 -0.001211
32.620000 0.000000 0.001166 -0.001166
32.630000 0.004118 0.001124 0.002994
32.640000 0.006066 0.001086 0.004981
32.650000 0.000000 0.001050 -0.001050
32.660000 0.001689 0.001017 0.000672
32.670000 0.010165 0.000987 0.009178
32.680000 0.001662 0.000959 0.000703
32.690000 0.000558 0.000932 -0.000374
32.700000 0.000000 0.000907 -0.000907
32.710000 0.006618 0.000884 0.005734
32.720000 0.000000 0.000862 -0.000862
32.730000 0.003094 0.000842 0.002252
32.740000 0.000000 0.000823 -0.000823
32.750000 0.000866 0.000805 0.000061
32.760000 0.004101 0.000789 0.003313
32.770000 0.000000 0.000773 -0.000773
32.780000 0.000113 0.000758 -0.000645
32.790000 0.000000 0.000744 -0.000744
32.800000 0.000028 0.000731 -0.000703
32.810000 0.008034 0.000719 0.007315
32.820000 0.004718 0.000707 0.004010
32.830000 0.011847 0.000697 0.011150
32.840000 0.009395 0.000687 0.008709
32.850000 0.001282 0.000677 0.000604
32.860000 0.002744 0.000669 0.002075
32.870000 0.000000 0.000661 -0.000661
32.880000 0.003486 0.000653 0.002833
32.890000 0.011474 0.000647 0.010827
32.900000 0.004659 0.000640 0.004019
32.910000 0.010033 0.000635 0.009398
32.920000 0.000000 0.000630 -0.000630
32.930000 0.005976 0.000626 0.005351
32.940000 0.000028 0.000622 -0.000594
32.950000 0.000000 0.000619 -0.000619
32.960000 0.000000 0.000617 -0.000617
32.970000 0.006555 0.000615 0.005940
32.980000 0.000000 0.000614 -0.000614
32.990000 0.001608 0.000614 0.000994
33.000000 0.000000 0.000615 -0.000615
33.010000 0.010144 0.000617 0.009527
33.020000 0.010270 0.000620 0.009650
33.030000 0.000000 0.000625 -0.000625
33.040000 0.000000 0.000632 -0.000632
33.050000 0.006268 0.000642 0.005626
33.060000 0.000716 0.000657 0.000059
33.070000 0.000000 0.000681 -0.000681
33.080000 0.000000 0.000720 -0.000720
33.090000 0.000000 0.000786 -0.000786
33.100000 0.000000 0.000896 -0.000896
33.110000 0.000000 0.001073 -0.001073
33.120000 0.003449 0.001346 0.002102
33.130000 0.000000 0.001745 -0.001745
33.140000 0.003174 0.002291 0.000883
33.150000 0.005864 0.002989 0.002875
33.160000 0.000000 0.003815 -0.003815
33.170000 0.016464 0.004713 0.011751
33.180000 0.010878 0.005596 0.005282
33.190000 0.000067 0.006357 -0.006290
33.200000 0.018424 0.006899 0.011526
33.210000 0.000000 0.007167 -0.007167
33.220000 0.013777 0.007190 0.006587
33.230000 0.009057 0.007080 0.001976
33.240000 0.005641 0.006997 -0.001355
33.250000 0.020074 0.007088 0.012986
33.260000 0.010561 0.007451 0.003110
33.270000 0.034568 0.008104 0.026464
33.280000 0.023310 0.008971 0.014339
33.290000 0.005520 0.009895 -0.004375
33.300000 0.016897 0.010668 0.006229
33.310000 0.020436 0.011082 0.009354
33.320000 0.020055 0.010991 0.009064
33.330000 0.011400 0.010360 0.001041
33.340000 0.008839 0.009274 -0.000435
33.350000 0.010194 0.007902 0.002292
33.360000 0.019819 0.006435 0.013384
33.370000 0.017688 0.005037 0.012652
33.380000 0.009897 0.003821 0.006076
33.390000 0.013423 0.002845 0.010578
33.400000 0.004758 0.002116 0.002642
33.410000 0.003928 0.001607 0.002321
33.420000 0.003968 0.001273 0.002695
33.430000 0.025340 0.001067 0.024272
33.440000 0.003175 0.000947 0.002228
33.450000 0.000601 0.000880 -0.000279
33.460000 0.008474 0.000845 0.007629
33.470000 0.012429 0.000829 0.011600
33.480000 0.000000 0.000824 -0.000824
33.490000 0.000000 0.000825 -0.000825
33.500000 0.005135 0.000832 0.004303
33.510000 0.000000 0.000842 -0.000842
33.520000 0.006946 0.000855 0.006091
33.530000 0.000000 0.000871 -0.000871
33.540000 0.000000 0.000891 -0.000891
33.550000 0.000000 0.000914 -0.000914
33.560000 0.003162 0.000940 0.002222
33.570000 0.003629 0.000970 0.002660
33.580000 0.000000 0.001003 -0.001003
33.590000 0.000000 0.001042 -0.001042
33.600000 0.008946 0.001085 0.007861
33.610000 0.004621 0.001133 0.003488
33.620000 0.000000 0.001188 -0.001188
33.630000 0.000000 0.001250 -0.001250
33.640000 0.005576 0.001320 0.004256
33.650000 0.000000 0.001400 -0.001400
33.660000 0.000000 0.001490 -0.001490
33.670000 0.000000 0.001595 -0.001595
33.680000 0.000000 0.001716 -0.001716
33.690000 0.007886 0.001860 0.006026
33.700000 0.010959 0.002038 0.008921
33.710000 0.000000 0.002269 -0.002269
33.720000 0.000000 0.002593 -0.002593
33.730000 0.000000 0.003085 -0.003085
33.740000 0.006274 0.003877 0.002397
33.750000 0.004123 0.005189 -0.001066
33.760000 0.016774 0.007363 0.009412
33.770000 0.021154 0.010874 0.010280
33.780000 0.020310 0.016324 0.003986
33.790000 0.016853 0.024363 -0.007510
33.800000 0.039518 0.035556 0.003962
33.810000 0.053040 0.050176 0.002864
33.820000 0.047407 0.067988 -0.020581
33.830000 0.063107 0.088053 -0.024946
33.840000 0.095785 0.108656 -0.012871
33.850000 0.114532 0.127416 -0.012884
33.860000 0.137197 0.141678 -0.004481
33.870000 0.155945 0.149159 0.006786
33.880000 0.157278 0.148596 0.008682
33.890000 0.143810 0.140089 0.003720
33.900000 0.144272 0.125074 0.019198
33.910000 0.126886 0.105932 0.020954
33.920000 0.109935 0.085319 0.024616
33.930000 0.067734 0.065542 0.002192
33.940000 0.057313 0.048209 0.009104
33.950000 0.044281 0.034153 0.010128
33.960000 0.024718 0.023531 0.001187
33.970000 0.017346 0.016021 0.001325
33.980000 0.010409 0.011053 -0.000645
33.990000 0.014356 0.008010 0.006346
34.000000 0.007419 0.006358 0.001061
34.010000 0.021380 0.005718 0.015662
34.020000 0.014443 0.005873 0.008570
34.030000 0.003589 0.006745 -0.003156
34.040000 0.000000 0.008340 -0.008340
34.050000 0.000000 0.010696 -0.010696
34.060000 0.016304 0.013818 0.002486
34.070000 0.019817 0.017634 0.002183
34.080000 0.028119 0.021956 0.006163
34.090000 0.033809 0.026466 0.007343
34.100000 0.035146 0.030743 0.004402
34.110000 0.021245 0.034342 -0.013096
34.120000 0.027806 0.036921 -0.009114
34.130000 0.055265 0.038342 0.016923
34.140000 0.048330 0.038679 0.009652
34.150000 0.052280 0.038195 0.014085
34.160000 0.030979 0.037384 -0.006405
34.170000 0.035800 0.036986 -0.001186
34.180000 0.025819 0.037891 -0.012072
34.190000 0.043265 0.040926 0.002338
34.200000 0.031542 0.046625 -0.015083
34.210000 0.052907 0.055036 -0.002129
34.220000 0.072095 0.065606 0.006488
34.230000 0.082140 0.077159 0.004981
34.240000 0.091315 0.088008 0.003308
34.250000 0.108762 0.096255 0.012507
34.260000 0.088769 0.100281 -0.011512
34.270000 0.107957 0.099207 0.008750
34.280000 0.094494 0.093104 0.001390
34.290000 0.077549 0.082906 -0.005357
34.300000 0.070616 0.070130 0.000486
34.310000 0.061507 0.056474 0.005033
34.320000 0.040643 0.043414 -0.002770
34.330000 0.026745 0.031977 -0.005231
34.340000 0.027650 0.022689 0.004961
34.350000 0.025506 0.015638 0.009868
34.360000 0.002031 0.010605 -0.008574
34.370000 0.021219 0.007205 0.014014
34.380000 0.000000 0.005018 -0.005018
34.390000 0.013450 0.003660 0.009789
34.400000 0.000422 0.002835 -0.002413
34.410000 0.000000 0.002332 -0.002332
34.420000 0.008325 0.002013 0.006311
34.430000 0.000000 0.001799 -0.001799
34.440000 0.000118 0.001644 -0.001526
34.450000 0.002762 0.001523 0.001239
34.460000 0.001923 0.001424 0.000498
34.470000 0.010660 0.001341 0.009319
34.480000 0.008948 0.001269 0.007679
34.490000 0.001575 0.001206 0.000369
34.500000 0.000000 0.001151 -0.001151
34.510000 0.000318 0.001104 -0.000786
34.520000 0.000000 0.001062 -0.001062
34.530000 0.000000 0.001025 -0.001025
34.540000 0.005593 0.000992 0.004601
34.550000 0.000000 0.000964 -0.000964
34.560000 0.000000 0.000940 -0.000940
34.570000 0.000000 0.000919 -0.000919
34.580000 0.000000 0.000901 -0.000901
34.590000 0.000000 0.000887 -0.000887
34.600000 0.000000 0.000876 -0.000876
34.610000 0.000758 0.000870 -0.000112
34.620000 0.000000 0.000869 -0.000869
34.630000 0.000000 0.000877 -0.000877
34.640000 0.016774 0.000897 0.015877
34.650000 0.006288 0.000936 0.005352
34.660000 0.000588 0.001003 -0.000415
34.670000 0.000000 0.001108 -0.001108
34.680000 0.011384 0.001263 0.010122
34.690000 0.000000 0.001477 -0.001477
34.700000 0.000000 0.001756 -0.001756
34.710000 0.004713 0.002102 0.002611
34.720000 0.000000 0.002508 -0.002508
34.730000 0.000261 0.002959 -0.002698
34.740000 0.000000 0.003435 -0.003435
34.750000 0.010608 0.003910 0.006698
34.760000 0.000000 0.004366 -0.004366
34.770000 0.000000 0.004790 -0.004790
34.780000 0.001742 0.005167 -0.003425
34.790000 0.011265 0.005481 0.005785
34.800000 0.000000 0.005706 -0.005706
34.810000 0.000000 0.005826 -0.005826
34.820000 0.000000 0.005831 -0.005831
34.830000 0.000000 0.005715 -0.005715
34.840000 0.002272 0.005475 -0.003203
34.850000 0.000000 0.005117 -0.005117
34.860000 0.000000 0.004674 -0.004674
34.870000 0.000000 0.004205 -0.004205
34.880000 0.010741 0.003785 0.006956
34.890000 0.011117 0.003498 0.007619
34.900000 0.014104 0.003435 0.010669
34.910000 0.008388 0.003684 0.004704
34.920000 0.000000 0.004326 -0.004326
34.930000 0.002609 0.005423 -0.002814
34.940000 0.009951 0.006996 0.002955
34.950000 0.015118 0.009005 0.006113
34.960000 0.008093 0.011328 -0.003235
34.970000 0.008039 0.013756 -0.005717
34.980000 0.029747 0.016003 0.013744
34.990000 0.022730 0.017752 0.004978
35.000000 0.029634 0.018725 0.010909
35.010000 0.013039 0.018766 -0.005727
35.020000 0.008193 0.017870 -0.009678
35.030000 0.016852 0.016192 0.000660
35.040000 0.000000 0.014000 -0.014000
35.050000 0.006741 0.011607 -0.004865
35.060000 0.000000 0.009291 -0.009291
35.070000 0.003154 0.007254 -0.004100
35.080000 0.000000 0.005603 -0.005603
35.090000 0.000000 0.004366 -0.004366
35.100000 0.000000 0.003511 -0.003511
35.110000 0.000000 0.002974 -0.002974
35.120000 0.015104 0.002679 0.012424
35.130000 0.000000 0.002561 -0.002561
35.140000 0.000000 0.002569 -0.002569
35.150000 0.003233 0.002674 0.000559
35.160000 0.000000 0.002870 -0.002870
35.170000 0.007943 0.003179 0.004764
35.180000 0.000000 0.003659 -0.003659
35.190000 0.000000 0.004423 -0.004423
35.200000 0.009999 0.005655 0.004344
35.210000 0.014777 0.007635 0.007143
35.220000 0.000000 0.010749 -0.010749
35.230000 0.014278 0.015486 -0.001208
35.240000 0.029028 0.022401 0.006627
35.250000 0.037293 0.032039 0.005253
35.260000 0.033760 0.044825 -0.011065
35.270000 0.052477 0.060923 -0.008447
35.280000 0.081162 0.080088 0.001074
35.290000 0.105978 0.101535 0.004443
35.300000 0.115945 0.123903 -0.007958
35.310000 0.144248 0.145382 -0.001134
35.320000 0.164666 0.163944 0.000722
35.330000 0.177735 0.177581 0.000154
35.340000 0.209474 0.184537 0.024937
35.350000 0.200345 0.183637 0.016708
35.360000 0.188987 0.174623 0.014364
35.370000 0.155917 0.158399 -0.002483
35.380000 0.148479 0.136988 0.011492
35.390000 0.098870 0.113055 -0.014185
35.400000 0.074892 0.089233 -0.014340
35.410000 0.069258 0.067598 0.001660
35.420000 0.047895 0.049466 -0.001571
35.430000 0.027028 0.035391 -0.008364
35.440000 0.018293 0.025314 -0.007021
35.450000 0.016585 0.018760 -0.002175
35.460000 0.005242 0.015048 -0.009807
35.470000 0.003103 0.013448 -0.010345
35.480000 0.000000 0.013272 -0.013272
35.490000 0.005736 0.013914 -0.008177
35.500000 0.011378 0.014855 -0.003477
35.510000 0.020567 0.015670 0.004897
35.520000 0.006186 0.016058 -0.009872
35.530000 0.016250 0.015897 0.000353
35.540000 0.013191 0.015286 -0.002095
35.550000 0.008458 0.014516 -0.006059
35.560000 0.012804 0.013997 -0.001193
35.570000 0.008510 0.014178 -0.005669
35.580000 0.008506 0.015494 -0.006988
35.590000 0.009441 0.018298 -0.008857
35.600000 0.010312 0.022803 -0.012491
35.610000 0.031277 0.029029 0.002248
35.620000 0.026492 0.036767 -0.010276
35.630000 0.033530 0.045569 -0.012039
35.640000 0.045728 0.054773 -0.009045
35.650000 0.054076 0.063584 -0.009508
35.660000 0.063231 0.071241 -0.008010
35.670000 0.057652 0.077214 -0.019562
35.680000 0.079871 0.081283 -0.001412
35.690000 0.080391 0.083406 -0.003014
35.700000 0.082588 0.083566 -0.000978
35.710000 0.080065 0.081805 -0.001739
35.720000 0.056581 0.078417 -0.021837
35.730000 0.072782 0.074164 -0.001382
35.740000 0.054090 0.070273 -0.016183
35.750000 0.061153 0.068150 -0.006998
35.760000 0.057268 0.068962 -0.011694
35.770000 0.058239 0.073273 -0.015034
35.780000 0.052617 0.080819 -0.028202
35.790000 0.079713 0.090440 -0.010727
35.800000 0.092815 0.100204 -0.007388
35.810000 0.104678 0.107748 -0.003069
35.820000 0.104289 0.110876 -0.006587
35.830000 0.095259 0.108328 -0.013069
35.840000 0.105322 0.100303 0.005019
35.850000 0.086717 0.088308 -0.001591
35.860000 0.074147 0.074492 -0.000346
35.870000 0.031166 0.060998 -0.029832
35.880000 0.029484 0.049551 -0.020068
35.890000 0.034395 0.041248 -0.006853
35.900000 0.037070 0.036494 0.000577
35.910000 0.023265 0.035057 -0.011792
35.920000 0.024638 0.036210 -0.011571
35.930000 0.037828 0.038895 -0.001067
35.940000 0.040947 0.041898 -0.000951
35.950000 0.035855 0.044037 -0.008183
35.960000 0.038543 0.044391 -0.005848
35.970000 0.033888 0.042552 -0.008663
35.980000 0.032663 0.038718 -0.006055
35.990000 0.025399 0.033538 -0.008139
36.000000 0.012859 0.027830 -0.014970
36.010000 0.010822 0.022368 -0.011545
36.020000 0.019619 0.017777 0.001842
36.030000 0.019760 0.014504 0.005256
36.040000 0.008100 0.012844 -0.004744
36.050000 0.009550 0.012992 -0.003442
36.060000 0.019225 0.015096 0.004129
36.070000 0.025901 0.019263 0.006638
36.080000 0.010766 0.025520 -0.014754
36.090000 0.025280 0.033733 -0.008454
36.100000 0.029740 0.043509 -0.013769
36.110000 0.062540 0.054117 0.008423
36.120000 0.068746 0.064492 0.004254
36.130000 0.064108 0.073353 -0.009245
36.140000 0.067702 0.079462 -0.011760
36.150000 0.070459 0.081907 -0.011448
36.160000 0.081467 0.080285 0.001182
36.170000 0.074204 0.074822 -0.000618
36.180000 0.044736 0.066404 -0.021668
36.190000 0.047930 0.056378 -0.008448
36.200000 0.043275 0.046182 -0.002907
36.210000 0.032545 0.037030 -0.004485
36.220000 0.019615 0.029752 -0.010137
36.230000 0.017150 0.024756 -0.007605
36.240000 0.037750 0.022067 0.015683
36.250000 0.017875 0.021410 -0.003534
36.260000 0.010616 0.022311 -0.011695
36.270000 0.012948 0.024197 -0.011249
36.280000 0.024845 0.026483 -0.001638
36.290000 0.028480 0.028661 -0.000181
36.300000 0.036027 0.030364 0.005663
36.310000 0.030955 0.031352 -0.000397
36.320000 0.031974 0.031457 0.000517
36.330000 0.022548 0.030553 -0.008005
36.340000 0.025311 0.028604 -0.003293
36.350000 0.023724 0.025726 -0.002002
36.360000 0.013426 0.022200 -0.008774
36.370000 0.000000 0.018397 -0.018397
36.380000 0.011991 0.014681 -0.002690
36.390000 0.007791 0.011333 -0.003542
36.400000 0.014473 0.008525 0.005948
36.410000 0.000000 0.006322 -0.006322
36.420000 0.000000 0.004699 -0.004699
36.430000 0.000000 0.003573 -0.003573
36.440000 0.000000 0.002833 -0.002833
36.450000 0.000000 0.002372 -0.002372
36.460000 0.000000 0.002097 -0.002097
36.470000 0.000000 0.001941 -0.001941
36.480000 0.000000 0.001857 -0.001857
36.490000 0.000000 0.001817 -0.001817
36.500000 0.000000 0.001806 -0.001806
36.510000 0.000000 0.001816 -0.001816
36.520000 0.000000 0.001844 -0.001844
36.530000 0.000000 0.001891 -0.001891
36.540000 0.000000 0.001959 -0.001959
36.550000 0.000152 0.002054 -0.001902
36.560000 0.001088 0.002182 -0.001094
36.570000 0.012468 0.002358 0.010109
36.580000 0.000000 0.002600 -0.002600
36.590000 0.006045 0.002937 0.003108
36.600000 0.006095 0.003409 0.002686
36.610000 0.001788 0.004069 -0.002281
36.620000 0.000000 0.004983 -0.004983
36.630000 0.000000 0.006230 -0.006230
36.640000 0.000000 0.007897 -0.007897
36.650000 0.000000 0.010088 -0.010088
36.660000 0.018981 0.012932 0.006049
36.670000 0.018150 0.016604 0.001546
36.680000 0.024720 0.021345 0.003375
36.690000 0.017358 0.027460 -0.010102
36.700000 0.035247 0.035298 -0.000051
36.710000 0.036156 0.045173 -0.009016
36.720000 0.049256 0.057236 -0.007980
36.730000 0.061049 0.071309 -0.010260
36.740000 0.061958 0.086761 -0.024803
36.750000 0.070704 0.102487 -0.031782
36.760000 0.072483 0.117027 -0.044543
36.770000 0.114752 0.128851 -0.014099
36.780000 0.124368 0.136824 -0.012456
36.790000 0.120490 0.140692 -0.020202
36.800000 0.142732 0.141149 0.001583
36.810000 0.141032 0.139294 0.001738
36.820000 0.159790 0.135931 0.023859
36.830000 0.142417 0.131181 0.011237
36.840000 0.136362 0.124531 0.011831
36.850000 0.104188 0.115293 -0.011105
36.860000 0.096826 0.103237 -0.006411
36.870000 0.075974 0.088925 -0.012951
36.880000 0.060340 0.073512 -0.013172
36.890000 0.040794 0.058309 -0.017515
36.900000 0.038656 0.044455 -0.005799
36.910000 0.035654 0.032740 0.002915
36.920000 0.019586 0.023543 -0.003957
36.930000 0.002219 0.016872 -0.014653
36.940000 0.013578 0.012473 0.001105
36.950000 0.005790 0.009960 -0.004170
36.960000 0.009749 0.008928 0.000821
36.970000 0.008927 0.009012 -0.000085
36.980000 0.002003 0.009904 -0.007901
36.990000 0.019467 0.011333 0.008134
37.000000 0.000000 0.013053 -0.013053
37.010000 0.007806 0.014846 -0.007040
37.020000 0.016120 0.016550 -0.000430
37.030000 0.019220 0.018137 0.001083
37.040000 0.012734 0.019792 -0.007058
37.050000 0.027589 0.021956 0.005633
37.060000 0.021103 0.025254 -0.004150
37.070000 0.021158 0.030321 -0.009163
37.080000 0.033829 0.037597 -0.003768
37.090000 0.030837 0.047122 -0.016285
37.100000 0.048733 0.058395 -0.009662
37.110000 0.063156 0.070331 -0.007174
37.120000 0.068428 0.081350 -0.012922
37.130000 0.082852 0.089641 -0.006789
37.140000 0.095091 0.093618 0.001473
37.150000 0.077736 0.092505 -0.014770
37.160000 0.094329 0.086674 0.007654
37.170000 0.074798 0.077404 -0.002607
37.180000 0.061352 0.066312 -0.004960
37.190000 0.050529 0.054868 -0.004339
37.200000 0.027508 0.044147 -0.016640
37.210000 0.041501 0.034760 0.006740
37.220000 0.026752 0.026924 -0.000173
37.230000 0.010706 0.020601 -0.009894
37.240000 0.003795 0.015620 -0.011825
37.250000 0.008212 0.011768 -0.003556
37.260000 0.001301 0.008833 -0.007532
37.270000 0.015733 0.006635 0.009098
37.280000 0.000116 0.005023 -0.004907
37.290000 0.009759 0.003871 0.005888
37.300000 0.018959 0.003073 0.015886
37.310000 0.004659 0.002535 0.002123
37.320000 0.002975 0.002182 0.000793
37.330000 0.000866 0.001954 -0.001089
37.340000 0.003102 0.001809 0.001293
37.350000 0.000000 0.001719 -0.001719
37.360000 0.007148 0.001669 0.005479
37.370000 0.011570 0.001654 0.009915
37.380000 0.004230 0.001682 0.002548
37.390000 0.000000 0.001772 -0.001772
37.400000 0.004361 0.001965 0.002396
37.410000 0.004866 0.002325 0.002541
37.420000 0.001011 0.002952 -0.001941
37.430000 0.000000 0.003979 -0.003979
37.440000 0.000000 0.005563 -0.005563
37.450000 0.003391 0.007861 -0.004469
37.460000 0.000000 0.010983 -0.010983
37.470000 0.011363 0.014943 -0.003580
37.480000 0.015347 0.019600 -0.004253
37.490000 0.021077 0.024628 -0.003552
37.500000 0.028979 0.029516 -0.000537
37.510000 0.030791 0.033623 -0.002832
37.520000 0.033470 0.036312 -0.002842
37.530000 0.031799 0.037134 -0.005334
37.540000 0.035350 0.035959 -0.000609
37.550000 0.033243 0.033002 0.000241
37.560000 0.026346 0.028749 -0.002403
37.570000 0.020756 0.023824 -0.003068
37.580000 0.017342 0.018838 -0.001496
37.590000 0.008704 0.014271 -0.005566
37.600000 0.000000 0.010415 -0.010415
37.610000 0.006665 0.007384 -0.000719
37.620000 0.004121 0.005153 -0.001031
37.630000 0.000000 0.003604 -0.003604
37.640000 0.012529 0.002585 0.009944
37.650000 0.000000 0.001944 -0.001944
37.660000 0.000000 0.001554 -0.001554
37.670000 0.000000 0.001320 -0.001320
37.680000 0.001036 0.001179 -0.000143
37.690000 0.002405 0.001091 0.001314
37.700000 0.003335 0.001033 0.002302
37.710000 0.003828 0.000993 0.002835
37.720000 0.001270 0.000964 0.000306
37.730000 0.010462 0.000943 0.009520
37.740000 0.005719 0.000928 0.004790
37.750000 0.000000 0.000919 -0.000919
37.760000 0.000000 0.000914 -0.000914
37.770000 0.000000 0.000915 -0.000915
37.780000 0.000000 0.000920 -0.000920
37.790000 0.000000 0.000931 -0.000931
37.800000 0.000000 0.000947 -0.000947
37.810000 0.000000 0.000970 -0.000970
37.820000 0.000000 0.001002 -0.001002
37.830000 0.000000 0.001048 -0.001048
37.840000 0.007974 0.001116 0.006858
37.850000 0.007947 0.001224 0.006723
37.860000 0.001386 0.001401 -0.000015
37.870000 0.010494 0.001693 0.008801
37.880000 0.001750 0.002170 -0.000420
37.890000 0.007806 0.002925 0.004880
37.900000 0.005588 0.004072 0.001516
37.910000 0.009028 0.005722 0.003306
37.920000 0.008113 0.007965 0.000148
37.930000 0.014598 0.010828 0.003771
37.940000 0.014987 0.014242 0.000746
37.950000 0.014504 0.018021 -0.003516
37.960000 0.010538 0.021857 -0.011319
37.970000 0.030079 0.025351 0.004728
37.980000 0.022192 0.028089 -0.005897
37.990000 0.036507 0.029755 0.006752
38.000000 0.030796 0.030221 0.000575
38.010000 0.019424 0.029555 -0.010131
38.020000 0.034608 0.027956 0.006652
38.030000 0.038037 0.025696 0.012341
38.040000 0.031454 0.023088 0.008366
38.050000 0.029658 0.020455 0.009203
38.060000 0.028734 0.018069 0.010665
38.070000 0.030421 0.016091 0.014330
38.080000 0.006423 0.014565 -0.008142
38.090000 0.025960 0.013440 0.012521
38.100000 0.007187 0.012626 -0.005439
38.110000 0.014534 0.012047 0.002488
38.120000 0.013175 0.011655 0.001520
38.130000 0.008768 0.011420 -0.002652
38.140000 0.004797 0.011306 -0.006508
38.150000 0.010839 0.011269 -0.000430
38.160000 0.012529 0.011269 0.001259
38.170000 0.000000 0.011290 -0.011290
38.180000 0.000000 0.011383 -0.011383
38.190000 0.007583 0.011715 -0.004132
38.200000 0.014933 0.012586 0.002347
38.210000 0.002256 0.014383 -0.012127
38.220000 0.021797 0.017515 0.004281
38.230000 0.014780 0.022320 -0.007540
38.240000 0.013860 0.028969 -0.015109
38.250000 0.018163 0.037380 -0.019217
38.260000 0.049459 0.047150 0.002309
38.270000 0.045056 0.057537 -0.012481
38.280000 0.046314 0.067506 -0.021193
38.290000 0.063243 0.075907 -0.012664
38.300000 0.070162 0.081749 -0.011587
38.310000 0.078820 0.084417 -0.005596
38.320000 0.079209 0.083666 -0.004457
38.330000 0.087869 0.079530 0.008338
38.340000 0.084776 0.072368 0.012408
38.350000 0.072539 0.062951 0.009588
38.360000 0.061611 0.052364 0.009247
38.370000 0.057211 0.041720 0.015491
38.380000 0.026258 0.031917 -0.005659
38.390000 0.022295 0.023534 -0.001239
38.400000 0.020946 0.016831 0.004115
38.410000 0.008277 0.011799 -0.003522
38.420000 0.000399 0.008242 -0.007843
38.430000 0.006886 0.005869 0.001018
38.440000 0.000000 0.004369 -0.004369
38.450000 0.001144 0.003472 -0.002327
38.460000 0.000000 0.002967 -0.002967
38.470000 0.008030 0.002716 0.005314
38.480000 0.006686 0.002636 0.004050
38.490000 0.000000 0.002692 -0.002692
38.500000 0.003561 0.002881 0.000681
38.510000 0.000000 0.003222 -0.003222
38.520000 0.000000 0.003748 -0.003748
38.530000 0.000000 0.004492 -0.004492
38.540000 0.000000 0.005489 -0.005489
38.550000 0.000000 0.006766 -0.006766
38.560000 0.000000 0.008356 -0.008356
38.570000 0.000697 0.010301 -0.009604
38.580000 0.011114 0.012673 -0.001560
38.590000 0.007597 0.015591 -0.007994
38.600000 0.011919 0.019229 -0.007310
38.610000 0.020593 0.023802 -0.003209
38.620000 0.019693 0.029521 -0.009828
38.630000 0.016179 0.036518 -0.020340
38.640000 0.022245 0.044773 -0.022528
38.650000 0.020909 0.054059 -0.033150
38.660000 0.038731 0.063954 -0.025223
38.670000 0.057422 0.073912 -0.016490
38.680000 0.059573 0.083368 -0.023795
38.690000 0.069558 0.091806 -0.022247
38.700000 0.078676 0.098734 -0.020058
38.710000 0.071249 0.103636 -0.032387
38.720000 0.076014 0.105998 -0.029984
38.730000 0.076860 0.105519 -0.028659
38.740000 0.084239 0.102318 -0.018079
38.750000 0.084651 0.096901 -0.012250
38.760000 0.078535 0.089910 -0.011375
38.770000 0.076771 0.081928 -0.005157
38.780000 0.051936 0.073449 -0.021512
38.790000 0.041032 0.064938 -0.023906
38.800000 0.041884 0.056898 -0.015014
38.810000 0.026627 0.049821 -0.023194
38.820000 0.023998 0.044053 -0.020056
38.830000 0.023109 0.039697 -0.016588
38.840000 0.014386 0.036584 -0.022198
38.850000 0.014369 0.034331 -0.019962
38.860000 0.016967 0.032459 -0.015492
38.870000 0.023047 0.030558 -0.007512
38.880000 0.028693 0.028423 0.000270
38.890000 0.027373 0.026050 0.001323
38.900000 0.029102 0.023535 0.005567
38.910000 0.022560 0.020976 0.001583
38.920000 0.021678 0.018428 0.003250
38.930000 0.019926 0.015916 0.004009
38.940000 0.014692 0.013475 0.001217
38.950000 0.015553 0.011167 0.004386
38.960000 0.010320 0.009064 0.001257
38.970000 0.005523 0.007226 -0.001703
38.980000 0.000000 0.005693 -0.005693
38.990000 0.000000 0.004475 -0.004475
39.000000 0.008115 0.003559 0.004556
39.010000 0.000000 0.002912 -0.002912
39.020000 0.000000 0.002492 -0.002492
39.030000 0.000000 0.002257 -0.002257
39.040000 0.000000 0.002184 -0.002184
39.050000 0.005047 0.002276 0.002772
39.060000 0.008528 0.002571 0.005957
39.070000 0.000000 0.003156 -0.003156
39.080000 0.000000 0.004159 -0.004159
39.090000 0.011137 0.005745 0.005392
39.100000 0.000000 0.008088 -0.008088
39.110000 0.000000 0.011320 -0.011320
39.120000 0.000000 0.015471 -0.015471
39.130000 0.000000 0.020405 -0.020405
39.140000 0.001133 0.025777 -0.024645
39.150000 0.002442 0.031032 -0.028589
39.160000 0.023343 0.035458 -0.012115
39.170000 0.026396 0.038325 -0.011930
39.180000 0.025965 0.039093 -0.013128
39.190000 0.032502 0.037610 -0.005108
39.200000 0.019012 0.034176 -0.015164
39.210000 0.024679 0.029419 -0.004740
39.220000 0.005531 0.024082 -0.018551
39.230000 0.012941 0.018835 -0.005894
39.240000 0.009032 0.014166 -0.005135
39.250000 0.003382 0.010351 -0.006969
39.260000 0.000000 0.007467 -0.007467
39.270000 0.001661 0.005447 -0.003786
39.280000 0.000000 0.004149 -0.004149
39.290000 0.000000 0.003417 -0.003417
39.300000 0.000000 0.003129 -0.003129
39.310000 0.000000 0.003229 -0.003229
39.320000 0.000000 0.003745 -0.003745
39.330000 0.000000 0.004797 -0.004797
39.340000 0.002623 0.006594 -0.003971
39.350000 0.008298 0.009413 -0.001115
39.360000 0.000000 0.013549 -0.013549
39.370000 0.009636 0.019241 -0.009605
39.380000 0.018359 0.026567 -0.008207
39.390000 0.020554 0.035340 -0.014786
39.400000 0.046257 0.045037 0.001220
39.410000 0.045405 0.054789 -0.009383
39.420000 0.056743 0.063463 -0.006720
39.430000 0.067647 0.069889 -0.002242
39.440000 0.066360 0.073174 -0.006814
39.450000 0.068122 0.072981 -0.004859
39.460000 0.061612 0.069617 -0.008005
39.470000 0.065552 0.063909 0.001644
39.480000 0.053384 0.056923 -0.003539
39.490000 0.061678 0.049647 0.012031
39.500000 0.027743 0.042760 -0.015017
39.510000 0.044746 0.036559 0.008187
39.520000 0.034320 0.031045 0.003276
39.530000 0.019543 0.026099 -0.006556
39.540000 0.017390 0.021638 -0.004248
39.550000 0.010015 0.017671 -0.007656
39.560000 0.009605 0.014278 -0.004673
39.570000 0.008325 0.011581 -0.003256
39.580000 0.000079 0.009724 -0.009645
39.590000 0.010990 0.008860 0.002130
39.600000 0.000133 0.009135 -0.009002
39.610000 0.001467 0.010665 -0.009199
39.620000 0.000000 0.013506 -0.013506
39.630000 0.001523 0.017596 -0.016073
39.640000 0.017659 0.022698 -0.005039
39.650000 0.023348 0.028365 -0.005017
39.660000 0.012493 0.033933 -0.021440
39.670000 0.039950 0.038588 0.001363
39.680000 0.020389 0.041505 -0.021116
39.690000 0.026515 0.042093 -0.015578
39.700000 0.040477 0.040234 0.000243
39.710000 0.033542 0.036343 -0.002801
39.720000 0.018771 0.031193 -0.012421
39.730000 0.015320 0.025642 -0.010322
39.740000 0.021011 0.020444 0.000567
39.750000 0.004935 0.016138 -0.011203
39.760000 0.000000 0.013015 -0.013015
39.770000 0.017191 0.011136 0.006055
39.780000 0.003728 0.010388 -0.006660
39.790000 0.000000 0.010547 -0.010547
39.800000 0.006842 0.011339 -0.004498
39.810000 0.012535 0.012490 0.000045
39.820000 0.012569 0.013768 -0.001199
39.830000 0.009556 0.015006 -0.005451
39.840000 0.008719 0.016103 -0.007384
39.850000 0.023556 0.017006 0.006550
39.860000 0.019672 0.017724 0.001948
39.870000 0.004470 0.018346 -0.013877
39.880000 0.016259 0.019020 -0.002760
39.890000 0.005411 0.019876 -0.014466
39.900000 0.008493 0.020953 -0.012460
39.910000 0.007658 0.022157 -0.014499
39.920000 0.010306 0.023272 -0.012966
39.930000 0.012518 0.024028 -0.011510
39.940000 0.030403 0.024208 0.006196
39.950000 0.016943 0.023738 -0.006795
39.960000 0.016979 0.022689 -0.005710
39.970000 0.011791 0.021191 -0.009400
39.980000 0.012698 0.019355 -0.006657
39.990000 0.007510 0.017258 -0.009749
40.000000 0.017124 0.014978 0.002145
40.010000 0.018030 0.012622 0.005409
40.020000 0.010230 0.010321 -0.000091
40.030000 0.000000 0.008201 -0.008201
40.040000 0.000000 0.006351 -0.006351
40.050000 0.008162 0.004825 0.003337
40.060000 0.005151 0.003633 0.001518
40.070000 0.000000 0.002752 -0.002752
40.080000 0.000000 0.002139 -0.002139
40.090000 0.000000 0.001737 -0.001737
40.100000 0.000000 0.001490 -0.001490
40.110000 0.000000 0.001353 -0.001353
40.120000 0.000000 0.001293 -0.001293
40.130000 0.000000 0.001295 -0.001295
40.140000 0.000000 0.001358 -0.001358
40.150000 0.005898 0.001503 0.004394
40.160000 0.000000 0.001772 -0.001772
40.170000 0.000000 0.002229 -0.002229
40.180000 0.000000 0.002968 -0.002968
40.190000 0.000000 0.004096 -0.004096
40.200000 0.000000 0.005724 -0.005724
40.210000 0.000000 0.007934 -0.007934
40.220000 0.000000 0.010747 -0.010747
40.230000 0.000000 0.014079 -0.014079
40.240000 0.000000 0.017722 -0.017722
40.250000 0.014464 0.021334 -0.006870
40.260000 0.020151 0.024477 -0.004325
40.270000 0.018002 0.026702 -0.008700
40.280000 0.011499 0.027667 -0.016168
40.290000 0.028505 0.027219 0.001285
40.300000 0.027225 0.025438 0.001788
40.310000 0.026382 0.022627 0.003754
40.320000 0.018137 0.019250 -0.001113
40.330000 0.012504 0.015807 -0.003303
40.340000 0.012966 0.012741 0.000225
40.350000 0.004721 0.010395 -0.005674
40.360000 0.012584 0.009004 0.003580
40.370000 0.000000 0.008702 -0.008702
40.380000 0.000000 0.009539 -0.009539
40.390000 0.003086 0.011475 -0.008389
40.400000 0.011819 0.014378 -0.002559
40.410000 0.005751 0.018014 -0.012262
40.420000 0.006649 0.022044 -0.015396
40.430000 0.011900 0.026055 -0.014155
40.440000 0.003655 0.029606 -0.025951
40.450000 0.023709 0.032333 -0.008624
40.460000 0.026783 0.034071 -0.007288
40.470000 0.035518 0.034897 0.000621
40.480000 0.029886 0.035015 -0.005130
40.490000 0.029042 0.034597 -0.005554
40.500000 0.036471 0.033668 0.002803
40.510000 0.017779 0.032122 -0.014343
40.520000 0.018242 0.029823 -0.011581
40.530000 0.027412 0.026763 0.000650
40.540000 0.011768 0.023125 -0.011357
40.550000 0.023551 0.019229 0.004321
40.560000 0.005295 0.015419 -0.010124
40.570000 0.008806 0.011983 -0.003177
40.580000 0.011883 0.009124 0.002759
40.590000 0.010606 0.006945 0.003660
40.600000 0.001057 0.005476 -0.004419
40.610000 0.000000 0.004714 -0.004714
40.620000 0.000000 0.004676 -0.004676
40.630000 0.000276 0.005444 -0.005169
40.640000 0.000305 0.007190 -0.006884
40.650000 0.000000 0.010165 -0.010165
40.660000 0.005155 0.014647 -0.009492
40.670000 0.016940 0.020844 -0.003904
40.680000 0.030902 0.028767 0.002135
40.690000 0.042253 0.038111 0.004141
40.700000 0.038801 0.048178 -0.009377
40.710000 0.044928 0.057880 -0.012952
40.720000 0.079787 0.065857 0.013931
40.730000 0.081996 0.070748 0.011248
40.740000 0.092912 0.071603 0.021309
40.750000 0.084238 0.068247 0.015991
40.760000 0.083400 0.061355 0.022045
40.770000 0.043380 0.052168 -0.008787
40.780000 0.040366 0.042079 -0.001713
40.790000 0.043882 0.032304 0.011579
40.800000 0.029985 0.023700 0.006284
40.810000 0.032196 0.016721 0.015474
40.820000 0.021346 0.011457 0.009889
40.830000 0.008320 0.007742 0.000578
40.840000 0.003565 0.005273 -0.001708
40.850000 0.000000 0.003717 -0.003717
40.860000 0.001894 0.002778 -0.000884
40.870000 0.000000 0.002227 -0.002227
40.880000 0.000000 0.001909 -0.001909
40.890000 0.000000 0.001724 -0.001724
40.900000 0.000000 0.001618 -0.001618
40.910000 0.000000 0.001565 -0.001565
40.920000 0.000804 0.001559 -0.000755
40.930000 0.013466 0.001611 0.011855
40.940000 0.003490 0.001748 0.001742
40.950000 0.000000 0.002020 -0.002020
40.960000 0.000000 0.002500 -0.002500
40.970000 0.000555 0.003281 -0.002725
40.980000 0.000000 0.004468 -0.004468
40.990000 0.003244 0.006152 -0.002908
41.000000 0.001105 0.008376 -0.007271
41.010000 0.005497 0.011097 -0.005599
41.020000 0.009890 0.014154 -0.004264
41.030000 0.015589 0.017260 -0.001672
41.040000 0.027818 0.020021 0.007797
41.050000 0.023068 0.021997 0.001072
41.060000 0.022237 0.022814 -0.000576
41.070000 0.022712 0.022304 0.000408
41.080000 0.032766 0.020581 0.012185
41.090000 0.024970 0.017986 0.006984
41.100000 0.021092 0.014956 0.006136
41.110000 0.010249 0.011904 -0.001655
41.120000 0.013772 0.009141 0.004632
41.130000 0.008154 0.006856 0.001298
41.140000 0.020385 0.005115 0.015270
41.150000 0.000000 0.003893 -0.003893
41.160000 0.000000 0.003108 -0.003108
41.170000 0.000000 0.002663 -0.002663
41.180000 0.000000 0.002472 -0.002472
41.190000 0.000000 0.002479 -0.002479
41.200000 0.000000 0.002664 -0.002664
41.210000 0.008922 0.003052 0.005870
41.220000 0.007658 0.003717 0.003941
41.230000 0.005523 0.004785 0.000738
41.240000 0.000777 0.006439 -0.005662
41.250000 0.008220 0.008916 -0.000696
41.260000 0.008263 0.012492 -0.004229
41.270000 0.018318 0.017456 0.000863
41.280000 0.020973 0.024061 -0.003087
41.290000 0.021451 0.032462 -0.011011
41.300000 0.047615 0.042652 0.004963
41.310000 0.058977 0.054416 0.004561
41.320000 0.076434 0.067314 0.009120
41.330000 0.072559 0.080691 -0.008132
41.340000 0.082615 0.093710 -0.011096
41.350000 0.093106 0.105461 -0.012355
41.360000 0.111869 0.115095 -0.003227
41.370000 0.139774 0.121934 0.017840
41.380000 0.101070 0.125489 -0.024419
41.390000 0.118090 0.125443 -0.007352
41.400000 0.118132 0.121620 -0.003488
41.410000 0.099889 0.114068 -0.014179
41.420000 0.092528 0.103188 -0.010659
41.430000 0.087344 0.089796 -0.002452
41.440000 0.083901 0.075048 0.008854
41.450000 0.073492 0.060218 0.013274
41.460000 0.051327 0.046429 0.004898
41.470000 0.036998 0.034467 0.002531
41.480000 0.037035 0.024725 0.012309
41.490000 0.019657 0.017251 0.002406
41.500000 0.016209 0.011829 0.004380
41.510000 0.015808 0.008096 0.007712
41.520000 0.013230 0.005642 0.007588
41.530000 0.008039 0.004087 0.003952
41.540000 0.000000 0.003123 -0.003123
41.550000 0.005492 0.002524 0.002968
41.560000 0.000000 0.002141 -0.002141
41.570000 0.005990 0.001883 0.004107
41.580000 0.004279 0.001695 0.002584
41.590000 0.000000 0.001550 -0.001550
41.600000 0.000000 0.001431 -0.001431
41.610000 0.011334 0.001330 0.010003
41.620000 0.000000 0.001243 -0.001243
41.630000 0.000507 0.001167 -0.000661
41.640000 0.000000 0.001101 -0.001101
41.650000 0.000000 0.001042 -0.001042
41.660000 0.000154 0.000989 -0.000835
41.670000 0.000000 0.000943 -0.000943
41.680000 0.000000 0.000901 -0.000901
41.690000 0.003716 0.000864 0.002852
41.700000 0.006354 0.000831 0.005523
41.710000 0.006815 0.000802 0.006013
41.720000 0.008581 0.000775 0.007806
41.730000 0.000000 0.000752 -0.000752
41.740000 0.000000 0.000731 -0.000731
41.750000 0.005168 0.000712 0.004457
41.760000 0.000000 0.000695 -0.000695
41.770000 0.000000 0.000681 -0.000681
41.780000 0.007405 0.000668 0.006736
41.790000 0.000000 0.000658 -0.000658
41.800000 0.000000 0.000649 -0.000649
41.810000 0.000000 0.000641 -0.000641
41.820000 0.000000 0.000635 -0.000635
41.830000 0.003981 0.000631 0.003350
41.840000 0.000067 0.000629 -0.000561
41.850000 0.004858 0.000627 0.004230
41.860000 0.000000 0.000628 -0.000628
41.870000 0.000000 0.000630 -0.000630
41.880000 0.005282 0.000634 0.004648
41.890000 0.008756 0.000640 0.008116
41.900000 0.011358 0.000648 0.010710
41.910000 0.001768 0.000658 0.001110
41.920000 0.000000 0.000670 -0.000670
41.930000 0.000000 0.000685 -0.000685
41.940000 0.000000 0.000704 -0.000704
41.950000 0.000000 0.000725 -0.000725
41.960000 0.000000 0.000752 -0.000752
41.970000 0.006013 0.000783 0.005230
41.980000 0.002944 0.000822 0.002122
41.990000 0.000000 0.000872 -0.000872
42.000000 0.008557 0.000942 0.007616
42.010000 0.000000 0.001045 -0.001045
42.020000 0.000000 0.001207 -0.001207
42.030000 0.000647 0.001475 -0.000828
42.040000 0.009763 0.001919 0.007845
42.050000 0.005818 0.002639 0.003180
42.060000 0.003614 0.003763 -0.000150
42.070000 0.010115 0.005433 0.004682
42.080000 0.008778 0.007768 0.001010
42.090000 0.014840 0.010824 0.004016
42.100000 0.013935 0.014546 -0.000612
42.110000 0.020428 0.018729 0.001698
42.120000 0.022999 0.023014 -0.000014
42.130000 0.015554 0.026920 -0.011366
42.140000 0.028132 0.029936 -0.001804
42.150000 0.032434 0.031664 0.000770
42.160000 0.035425 0.031993 0.003433
42.170000 0.036236 0.031168 0.005068
42.180000 0.025723 0.029686 -0.003963
42.190000 0.041762 0.028087 0.013675
42.200000 0.023840 0.026788 -0.002948
42.210000 0.019409 0.025989 -0.006580
42.220000 0.037178 0.025660 0.011519
42.230000 0.027517 0.025592 0.001925
42.240000 0.027866 0.025518 0.002347
42.250000 0.025164 0.025222 -0.000057
42.260000 0.028556 0.024568 0.003988
42.270000 0.027592 0.023471 0.004121
42.280000 0.010954 0.021869 -0.010916
42.290000 0.036108 0.019757 0.016351
42.300000 0.040364 0.017230 0.023135
42.310000 0.012839 0.014478 -0.001639
42.320000 0.006211 0.011730 -0.005520
42.330000 0.002629 0.009187 -0.006558
42.340000 0.011237 0.006986 0.004251
42.350000 0.007655 0.005201 0.002454
42.360000 0.010167 0.003839 0.006328
42.370000 0.000000 0.002861 -0.002861
42.380000 0.000000 0.002200 -0.002200
42.390000 0.000000 0.001778 -0.001778
42.400000 0.000000 0.001526 -0.001526
42.410000 0.000000 0.001386 -0.001386
42.420000 0.000000 0.001320 -0.001320
42.430000 0.000000 0.001306 -0.001306
42.440000 0.000000 0.001335 -0.001335
42.450000 0.000000 0.001410 -0.001410
42.460000 0.002647 0.001550 0.001097
42.470000 0.000000 0.001787 -0.001787
42.480000 0.000000 0.002173 -0.002173
42.490000 0.007578 0.002778 0.004799
42.500000 0.005738 0.003691 0.002047
42.510000 0.003030 0.005007 -0.001978
42.520000 0.000756 0.006809 -0.006053
42.530000 0.008061 0.009136 -0.001075
42.540000 0.000000 0.011951 -0.011951
42.550000 0.012657 0.015117 -0.002460
42.560000 0.012561 0.018384 -0.005823
42.570000 0.018126 0.021409 -0.003283
42.580000 0.021078 0.023811 -0.002733
42.590000 0.032304 0.025275 0.007029
42.600000 0.016101 0.025676 -0.009576
42.610000 0.030375 0.025174 0.005200
42.620000 0.018526 0.024205 -0.005679
42.630000 0.006244 0.023381 -0.017137
42.640000 0.023130 0.023325 -0.000195
42.650000 0.009543 0.024505 -0.014962
42.660000 0.026865 0.027117 -0.000252
42.670000 0.030259 0.031005 -0.000747
42.680000 0.039745 0.035654 0.004091
42.690000 0.041398 0.040254 0.001144
42.700000 0.039131 0.043843 -0.004712
42.710000 0.044703 0.045545 -0.000841
42.720000 0.040261 0.044874 -0.004613
42.730000 0.031468 0.041946 -0.010478
42.740000 0.041829 0.037407 0.004422
42.750000 0.049145 0.032168 0.016977
42.760000 0.021631 0.027154 -0.005523
42.770000 0.021113 0.023156 -0.002044
42.780000 0.024510 0.020758 0.003752
42.790000 0.008756 0.020308 -0.011553
42.800000 0.015637 0.021915 -0.006277
42.810000 0.021217 0.025451 -0.004235
42.820000 0.020263 0.030562 -0.010299
42.830000 0.031068 0.036676 -0.005608
42.840000 0.029246 0.043037 -0.013791
42.850000 0.044841 0.048778 -0.003937
42.860000 0.030831 0.053032 -0.022201
42.870000 0.042509 0.055096 -0.012586
42.880000 0.051574 0.054595 -0.003021
42.890000 0.048452 0.051573 -0.003121
42.900000 0.053600 0.046479 0.007121
42.910000 0.043079 0.040060 0.003019
42.920000 0.046052 0.033187 0.012865
42.930000 0.034227 0.026647 0.007580
42.940000 0.021964 0.021018 0.000946
42.950000 0.014058 0.016625 -0.002567
42.960000 0.017470 0.013568 0.003902
42.970000 0.006954 0.011776 -0.004821
42.980000 0.000354 0.011084 -0.010730
42.990000 0.009431 0.011305 -0.001874
43.000000 0.011976 0.012277 -0.000302
43.010000 0.003205 0.013890 -0.010685
43.020000 0.005315 0.016076 -0.010760
43.030000 0.016572 0.018804 -0.002232
43.040000 0.023909 0.022082 0.001828
43.050000 0.011659 0.025966 -0.014308
43.060000 0.011161 0.030565 -0.019404
43.070000 0.025034 0.036012 -0.010978
43.080000 0.041082 0.042434 -0.001353
43.090000 0.040154 0.049902 -0.009748
43.100000 0.049238 0.058307 -0.009069
43.110000 0.045699 0.067249 -0.021549
43.120000 0.058268 0.076013 -0.017745
43.130000 0.075193 0.083702 -0.008510
43.140000 0.069914 0.089429 -0.019514
43.150000 0.062896 0.092461 -0.029565
43.160000 0.070680 0.092369 -0.021689
43.170000 0.081513 0.089222 -0.007709
43.180000 0.064919 0.083700 -0.018782
43.190000 0.078801 0.076903 0.001898
43.200000 0.070480 0.069932 0.000549
43.210000 0.055631 0.063530 -0.007899
43.220000 0.054278 0.057931 -0.003653
43.230000 0.045089 0.052902 -0.007812
43.240000 0.032854 0.047959 -0.015105
43.250000 0.030633 0.042686 -0.012053
43.260000 0.031896 0.036965 -0.005070
43.270000 0.024452 0.030989 -0.006537
43.280000 0.006996 0.025112 -0.018116
43.290000 0.013920 0.019699 -0.005779
43.300000 0.000384 0.015031 -0.014647
43.310000 0.020806 0.011254 0.009552
43.320000 0.000000 0.008382 -0.008382
43.330000 0.000000 0.006319 -0.006319
43.340000 0.000000 0.004914 -0.004914
43.350000 0.000000 0.004006 -0.004006
43.360000 0.000000 0.003451 -0.003451
43.370000 0.000000 0.003146 -0.003146
43.380000 0.003571 0.003033 0.000538
43.390000 0.000000 0.003097 -0.003097
43.400000 0.000000 0.003375 -0.003375
43.410000 0.000000 0.003952 -0.003952
43.420000 0.000000 0.004974 -0.004974
43.430000 0.007327 0.006638 0.000689
43.440000 0.000000 0.009182 -0.009182
43.450000 0.000000 0.012839 -0.012839
43.460000 0.001143 0.017782 -0.016638
43.470000 0.008950 0.024046 -0.015095
43.480000 0.019372 0.031472 -0.012100
43.490000 0.018473 0.039677 -0.021204
43.500000 0.034118 0.048077 -0.013959
43.510000 0.034963 0.055975 -0.021012
43.520000 0.044080 0.062725 -0.018646
43.530000 0.053197 0.067946 -0.014749
43.540000 0.053172 0.071647 -0.018475
43.550000 0.077963 0.074134 0.003829
43.560000 0.069668 0.075726 -0.006058
43.570000 0.068338 0.076498 -0.008159
43.580000 0.054820 0.076225 -0.021405
43.590000 0.070035 0.074510 -0.004475
43.600000 0.062612 0.070983 -0.008371
43.610000 0.063026 0.065486 -0.002460
43.620000 0.042978 0.058229 -0.015250
43.630000 0.039040 0.049831 -0.010792
43.640000 0.036407 0.041165 -0.004757
43.650000 0.001124 0.033099 -0.031975
43.660000 0.020695 0.026330 -0.005635
43.670000 0.008051 0.021293 -0.013243
43.680000 0.013256 0.018149 -0.004894
43.690000 0.004965 0.016811 -0.011845
43.700000 0.005382 0.016999 -0.011617
43.710000 0.006670 0.018312 -0.011641
43.720000 0.023196 0.020279 0.002917
43.730000 0.011424 0.022426 -0.011002
43.740000 0.015760 0.024336 -0.008575
43.750000 0.022708 0.025718 -0.003010
43.760000 0.020950 0.026420 -0.005470
43.770000 0.019192 0.026368 -0.007176
43.780000 0.013516 0.025513 -0.011997
43.790000 0.018289 0.023842 -0.005554
43.800000 0.017837 0.021443 -0.003606
43.810000 0.010856 0.018536 -0.007680
43.820000 0.008663 0.015417 -0.006754
43.830000 0.004729 0.012378 -0.007648
43.840000 0.002102 0.009641 -0.007539
43.850000 0.001216 0.007348 -0.006133
43.860000 0.003378 0.005553 -0.002175
43.870000 0.002056 0.004237 -0.002181
43.880000 0.000000 0.003338 -0.003338
43.890000 0.000000 0.002768 -0.002768
43.900000 0.000000 0.002444 -0.002444
43.910000 0.000000 0.002299 -0.002299
43.920000 0.000000 0.002297 -0.002297
43.930000 0.000000 0.002433 -0.002433
43.940000 0.001084 0.002745 -0.001660
43.950000 0.004988 0.003322 0.001666
43.960000 0.004975 0.004314 0.000661
43.970000 0.000000 0.005930 -0.005930
43.980000 0.000158 0.008431 -0.008273
43.990000 0.000000 0.012089 -0.012089
44.000000 0.008403 0.017123 -0.008720
44.010000 0.016661 0.023610 -0.006949
44.020000 0.013166 0.031399 -0.018233
44.030000 0.014459 0.040049 -0.025590
44.040000 0.030990 0.048820 -0.017829
44.050000 0.042732 0.056745 -0.014013
44.060000 0.034884 0.062811 -0.027927
44.070000 0.055768 0.066245 -0.010476
44.080000 0.046180 0.066773 -0.020593
44.090000 0.054004 0.064672 -0.010668
44.100000 0.059218 0.060599 -0.001381
44.110000 0.063560 0.055357 0.008202
44.120000 0.056149 0.049703 0.006446
44.130000 0.039159 0.044211 -0.005052
44.140000 0.042633 0.039259 0.003374
44.150000 0.024337 0.035086 -0.010749
44.160000 0.023023 0.031830 -0.008808
44.170000 0.025625 0.029510 -0.003885
44.180000 0.029100 0.028004 0.001096
44.190000 0.015595 0.027077 -0.011482
44.200000 0.022989 0.026448 -0.003458
44.210000 0.014709 0.025892 -0.011183
44.220000 0.017315 0.025313 -0.007998
44.230000 0.029932 0.024741 0.005191
44.240000 0.012514 0.024289 -0.011775
44.250000 0.014683 0.024102 -0.009419
44.260000 0.022951 0.024318 -0.001367
44.270000 0.016414 0.024983 -0.008568
44.280000 0.026860 0.025987 0.000873
44.290000 0.019454 0.027055 -0.007601
44.300000 0.009874 0.027798 -0.017923
44.310000 0.023366 0.027850 -0.004485
44.320000 0.011611 0.027043 -0.015432
44.330000 0.022491 0.025530 -0.003039
44.340000 0.020315 0.023764 -0.003449
44.350000 0.016394 0.022365 -0.005971
44.360000 0.016396 0.021964 -0.005569
44.370000 0.006381 0.023089 -0.016709
44.380000 0.006384 0.026069 -0.019684
44.390000 0.029457 0.030966 -0.001509
44.400000 0.013354 0.037548 -0.024195
44.410000 0.022061 0.045292 -0.023231
44.420000 0.042528 0.053434 -0.010906
44.430000 0.036435 0.061077 -0.024642
44.440000 0.036007 0.067371 -0.031364
44.450000 0.074755 0.071685 0.003070
44.460000 0.078682 0.073671 0.005011
44.470000 0.069543 0.073178 -0.003634
44.480000 0.056493 0.070182 -0.013689
44.490000 0.055627 0.064822 -0.009195
44.500000 0.043013 0.057505 -0.014491
44.510000 0.044325 0.048929 -0.004604
44.520000 0.022135 0.039945 -0.017809
44.530000 0.017353 0.031340 -0.013987
44.540000 0.021286 0.023706 -0.002419
44.550000 0.007798 0.017389 -0.009591
44.560000 0.000000 0.012510 -0.012510
44.570000 0.000000 0.009009 -0.009009
44.580000 0.000000 0.006718 -0.006718
44.590000 0.004805 0.005427 -0.000622
44.600000 0.003083 0.004933 -0.001850
44.610000 0.000918 0.005066 -0.004149
44.620000 0.002244 0.005685 -0.003440
44.630000 0.000000 0.006660 -0.006660
44.640000 0.000000 0.007854 -0.007854
44.650000 0.003165 0.009114 -0.005949
44.660000 0.000000 0.010268 -0.010268
44.670000 0.001028 0.011160 -0.010133
44.680000 0.005406 0.011694 -0.006288
44.690000 0.004988 0.011891 -0.006903
44.700000 0.000000 0.011909 -0.011909
44.710000 0.003292 0.011999 -0.008707
44.720000 0.010721 0.012449 -0.001728
44.730000 0.019448 0.013527 0.005921
44.740000 0.001193 0.015439 -0.014247
44.750000 0.015581 0.018295 -0.002714
44.760000 0.012564 0.022057 -0.009492
44.770000 0.014764 0.026504 -0.011740
44.780000 0.033516 0.031220 0.002296
44.790000 0.013079 0.035633 -0.022554
44.800000 0.030526 0.039117 -0.008590
44.810000 0.026634 0.041136 -0.014502
44.820000 0.025363 0.041340 -0.015977
44.830000 0.028002 0.039618 -0.011616
44.840000 0.018895 0.036155 -0.017259
44.850000 0.016747 0.031429 -0.014682
44.860000 0.015914 0.026088 -0.010174
44.870000 0.009849 0.020765 -0.010916
44.880000 0.000000 0.015961 -0.015961
44.890000 0.011224 0.012001 -0.000777
44.900000 0.004734 0.009052 -0.004318
44.910000 0.007814 0.007162 0.000652
44.920000 0.000000 0.006322 -0.006322
44.930000 0.002665 0.006509 -0.003844
44.940000 0.000000 0.007715 -0.007715
44.950000 0.003613 0.009936 -0.006323
44.960000 0.005398 0.013130 -0.007731
44.970000 0.011094 0.017166 -0.006072
44.980000 0.019410 0.021776 -0.002366
44.990000 0.006387 0.026538 -0.020151
45.000000 0.015140 0.030894 -0.015754
45.010000 0.022145 0.034235 -0.012091
45.020000 0.020015 0.036058 -0.016043
45.030000 0.033116 0.036141 -0.003025
45.040000 0.037517 0.034616 0.002901
45.050000 0.031028 0.031875 -0.000847
45.060000 0.021935 0.028407 -0.006472
45.070000 0.025460 0.024706 0.000754
45.080000 0.013755 0.021219 -0.007464
45.090000 0.010751 0.018307 -0.007556
45.100000 0.012108 0.016199 -0.004091
45.110000 0.006493 0.014990 -0.008497
45.120000 0.015252 0.014655 0.000597
45.130000 0.011380 0.015079 -0.003699
45.140000 0.008385 0.016067 -0.007683
45.150000 0.000000 0.017370 -0.017370
45.160000 0.000000 0.018704 -0.018704
45.170000 0.002438 0.019791 -0.017354
45.180000 0.002927 0.020404 -0.017477
45.190000 0.007330 0.020428 -0.013099
45.200000 0.010432 0.019909 -0.009477
45.210000 0.018753 0.019023 -0.000269
45.220000 0.020115 0.017969 0.002146
45.230000 0.011459 0.016886 -0.005427
45.240000 0.006291 0.015807 -0.009516
45.250000 0.006778 0.014676 -0.007898
45.260000 0.000740 0.013407 -0.012667
45.270000 0.000000 0.011957 -0.011957
45.280000 0.008251 0.010365 -0.002114
45.290000 0.001774 0.008732 -0.006958
45.300000 0.000000 0.007179 -0.007179
45.310000 0.009287 0.005817 0.003469
45.320000 0.007604 0.004735 0.002869
45.330000 0.000693 0.003995 -0.003303
45.340000 0.000000 0.003652 -0.003652
45.350000 0.000000 0.003771 -0.003771
45.360000 0.000000 0.004457 -0.004457
45.370000 0.006582 0.005872 0.000710
45.380000 0.000000 0.008229 -0.008229
45.390000 0.000000 0.011764 -0.011764
45.400000 0.006759 0.016676 -0.009917
45.410000 0.015088 0.023043 -0.007955
45.420000 0.014278 0.030730 -0.016452
45.430000 0.030879 0.039320 -0.008441
45.440000 0.033117 0.048091 -0.014974
45.450000 0.041447 0.056068 -0.014621
45.460000 0.049344 0.062192 -0.012848
45.470000 0.042002 0.065571 -0.023569
45.480000 0.051205 0.065717 -0.014512
45.490000 0.036027 0.062660 -0.026632
45.500000 0.057421 0.056900 0.000521
45.510000 0.031359 0.049269 -0.017909
45.520000 0.026632 0.040738 -0.014106
45.530000 0.031045 0.032237 -0.001192
45.540000 0.016740 0.024492 -0.007752
45.550000 0.006788 0.017947 -0.011159
45.560000 0.005978 0.012773 -0.006794
45.570000 0.001250 0.008928 -0.007679
45.580000 0.000000 0.006243 -0.006243
45.590000 0.003549 0.004488 -0.000940
45.600000 0.010575 0.003445 0.007130
45.610000 0.000000 0.002933 -0.002933
45.620000 0.000000 0.002825 -0.002825
45.630000 0.000000 0.003044 -0.003044
45.640000 0.003850 0.003542 0.000307
45.650000 0.000000 0.004285 -0.004285
45.660000 0.000000 0.005226 -0.005226
45.670000 0.000000 0.006300 -0.006300
45.680000 0.004081 0.007423 -0.003342
45.690000 0.000000 0.008494 -0.008494
45.700000 0.000000 0.009426 -0.009426
45.710000 0.000000 0.010167 -0.010167
45.720000 0.000000 0.010731 -0.010731
45.730000 0.000000 0.011168 -0.011168
45.740000 0.019210 0.011526 0.007684
45.750000 0.015780 0.011805 0.003975
45.760000 0.001030 0.011952 -0.010922
45.770000 0.000000 0.011890 -0.011890
45.780000 0.000000 0.011554 -0.011554
45.790000 0.000000 0.010928 -0.010928
45.800000 0.008203 0.010068 -0.001866
45.810000 0.000000 0.009095 -0.009095
45.820000 0.000000 0.008149 -0.008149
45.830000 0.002695 0.007348 -0.004654
45.840000 0.005792 0.006760 -0.000968
45.850000 0.000617 0.006389 -0.005772
45.860000 0.006760 0.006191 0.000569
45.870000 0.011597 0.006089 0.005509
45.880000 0.004680 0.006006 -0.001326
45.890000 0.000000 0.005888 -0.005888
45.900000 0.000000 0.005726 -0.005726
45.910000 0.000000 0.005560 -0.005560
45.920000 0.001819 0.005476 -0.003657
45.930000 0.000559 0.005594 -0.005035
45.940000 0.004958 0.006037 -0.001079
45.950000 0.001085 0.006904 -0.005819
45.960000 0.002872 0.008240 -0.005368
45.970000 0.011188 0.010013 0.001176
45.980000 0.009057 0.012103 -0.003047
45.990000 0.009101 0.014308 -0.005206
46.000000 0.003051 0.016365 -0.013314
46.010000 0.009191 0.018008 -0.008817
46.020000 0.010106 0.019027 -0.008921
46.030000 0.006233 0.019315 -0.013082
46.040000 0.017596 0.018883 -0.001287
46.050000 0.019382 0.017849 0.001533
46.060000 0.016379 0.016394 -0.000015
46.070000 0.009457 0.014709 -0.005252
46.080000 0.010808 0.012969 -0.002161
46.090000 0.000000 0.011320 -0.011320
46.100000 0.000000 0.009891 -0.009891
46.110000 0.011810 0.008783 0.003026
46.120000 0.006194 0.008055 -0.001861
46.130000 0.000000 0.007706 -0.007706
46.140000 0.000000 0.007678 -0.007678
46.150000 0.008064 0.007871 0.000193
46.160000 0.002447 0.008154 -0.005707
46.170000 0.005536 0.008403 -0.002866
46.180000 0.000000 0.008530 -0.008530
46.190000 0.004749 0.008509 -0.003760
46.200000 0.005225 0.008366 -0.003141
46.210000 0.005266 0.008153 -0.002887
46.220000 0.007483 0.007918 -0.000435
46.230000 0.006217 0.007696 -0.001479
46.240000 0.005821 0.007516 -0.001695
46.250000 0.008908 0.007421 0.001486
46.260000 0.006335 0.007475 -0.001140
46.270000 0.003761 0.007751 -0.003990
46.280000 0.007717 0.008317 -0.000600
46.290000 0.006884 0.009219 -0.002334
46.300000 0.008663 0.010487 -0.001824
46.310000 0.000000 0.012151 -0.012151
46.320000 0.002640 0.014257 -0.011617
46.330000 0.018782 0.016894 0.001888
46.340000 0.022298 0.020201 0.002097
46.350000 0.009269 0.024318 -0.015049
46.360000 0.014522 0.029282 -0.014759
46.370000 0.025434 0.034923 -0.009489
46.380000 0.028507 0.040812 -0.012305
46.390000 0.030273 0.046280 -0.016007
46.400000 0.030294 0.050530 -0.020236
46.410000 0.036844 0.052826 -0.015981
46.420000 0.052099 0.052697 -0.000598
46.430000 0.034701 0.050089 -0.015388
46.440000 0.032974 0.045401 -0.012427
46.450000 0.035598 0.039379 -0.003781
46.460000 0.022113 0.032881 -0.010767
46.470000 0.025170 0.026645 -0.001475
46.480000 0.021261 0.021165 0.000095
46.490000 0.019527 0.016661 0.002866
46.500000 0.021275 0.013121 0.008154
46.510000 0.000000 0.010393 -0.010393
46.520000 0.002131 0.008286 -0.006155
46.530000 0.003876 0.006631 -0.002755
46.540000 0.000000 0.005314 -0.005314
46.550000 0.001271 0.004259 -0.002988
46.560000 0.000000 0.003427 -0.003427
46.570000 0.000000 0.002795 -0.002795
46.580000 0.009110 0.002347 0.006763
46.590000 0.000000 0.002070 -0.002070
46.600000 0.003446 0.001953 0.001493
46.610000 0.000000 0.001990 -0.001990
46.620000 0.000000 0.002179 -0.002179
46.630000 0.001688 0.002525 -0.000837
46.640000 0.000000 0.003035 -0.003035
46.650000 0.000000 0.003717 -0.003717
46.660000 0.000000 0.004586 -0.004586
46.670000 0.002958 0.005664 -0.002706
46.680000 0.000335 0.006994 -0.006659
46.690000 0.003807 0.008641 -0.004834
46.700000 0.000000 0.010696 -0.010696
46.710000 0.007702 0.013257 -0.005554
46.720000 0.009432 0.016380 -0.006948
46.730000 0.020740 0.020009 0.000732
46.740000 0.015940 0.023918 -0.007978
46.750000 0.005045 0.027701 -0.022656
46.760000 0.014176 0.030818 -0.016642
46.770000 0.023308 0.032707 -0.009400
46.780000 0.014154 0.032956 -0.018802
46.790000 0.011967 0.031462 -0.019494
46.800000 0.017181 0.028498 -0.011317
46.810000 0.025878 0.024616 0.001262
46.820000 0.000000 0.020472 -0.020472
46.830000 0.000000 0.016671 -0.016671
46.840000 0.002340 0.013686 -0.011346
46.850000 0.002767 0.011818 -0.009051
46.860000 0.000000 0.011195 -0.011195
46.870000 0.000000 0.011778 -0.011778
46.880000 0.011884 0.013383 -0.001499
46.890000 0.013184 0.015700 -0.002516
46.900000 0.019271 0.018316 0.000954
46.910000 0.015782 0.020756 -0.004974
46.920000 0.023176 0.022547 0.000629
46.930000 0.004886 0.023319 -0.018433
46.940000 0.029259 0.022895 0.006364
46.950000 0.020548 0.021334 -0.000785
46.960000 0.011835 0.018902 -0.007066
46.970000 0.012703 0.015989 -0.003286
46.980000 0.000000 0.012997 -0.012997
46.990000 0.000000 0.010255 -0.010255
47.000000 0.001374 0.007992 -0.006618
47.010000 0.014434 0.006334 0.008100
47.020000 0.000000 0.005335 -0.005335
47.030000 0.011384 0.005011 0.006373
47.040000 0.009640 0.005381 0.004259
47.050000 0.009643 0.006486 0.003157
47.060000 0.000000 0.008398 -0.008398
47.070000 0.000000 0.011205 -0.011205
47.080000 0.006162 0.014982 -0.008820
47.090000 0.018357 0.019752 -0.001395
47.100000 0.017487 0.025452 -0.007966
47.110000 0.024023 0.031903 -0.007880
47.120000 0.029685 0.038792 -0.009108
47.130000 0.046672 0.045672 0.001000
47.140000 0.040144 0.052001 -0.011857
47.150000 0.035365 0.057242 -0.021877
47.160000 0.055395 0.060917 -0.005522
47.170000 0.058018 0.062618 -0.004599
47.180000 0.061506 0.062053 -0.000547
47.190000 0.056730 0.059220 -0.002490
47.200000 0.044547 0.054551 -0.010004
47.210000 0.043255 0.048861 -0.005606
47.220000 0.022801 0.043121 -0.020320
47.230000 0.034136 0.038233 -0.004097
47.240000 0.029792 0.034867 -0.005075
47.250000 0.021973 0.033358 -0.011385
47.260000 0.020242 0.033668 -0.013426
47.270000 0.024180 0.035415 -0.011236
47.280000 0.022014 0.037967 -0.015953
47.290000 0.041191 0.040594 0.000597
47.300000 0.028578 0.042633 -0.014054
47.310000 0.025554 0.043625 -0.018071
47.320000 0.032534 0.043358 -0.010824
47.330000 0.041265 0.041849 -0.000584
47.340000 0.031268 0.039284 -0.008016
47.350000 0.030859 0.035918 -0.005060
47.360000 0.012591 0.031995 -0.019404
47.370000 0.014360 0.027738 -0.013378
47.380000 0.015249 0.023394 -0.008145
47.390000 0.015714 0.019232 -0.003517
47.400000 0.008333 0.015495 -0.007161
47.410000 0.005752 0.012358 -0.006605
47.420000 0.004468 0.009913 -0.005445
47.430000 0.009725 0.008181 0.001544
47.440000 0.000000 0.007132 -0.007132
47.450000 0.003687 0.006721 -0.003034
47.460000 0.001535 0.006919 -0.005384
47.470000 0.000000 0.007747 -0.007747
47.480000 0.009433 0.009285 0.000148
47.490000 0.000000 0.011654 -0.011654
47.500000 0.006886 0.014952 -0.008066
47.510000 0.009102 0.019169 -0.010067
47.520000 0.026980 0.024111 0.002870
47.530000 0.025715 0.029360 -0.003646
47.540000 0.011814 0.034292 -0.022478
47.550000 0.014903 0.038151 -0.023248
47.560000 0.018418 0.040230 -0.021812
47.570000 0.009319 0.040106 -0.030787
47.580000 0.018495 0.037828 -0.019333
47.590000 0.023764 0.033887 -0.010124
47.600000 0.022058 0.029000 -0.006942
47.610000 0.008608 0.023869 -0.015262
47.620000 0.009080 0.019048 -0.009968
47.630000 0.014351 0.014878 -0.000527
47.640000 0.013083 0.011508 0.001575
47.650000 0.003989 0.008948 -0.004958
47.660000 0.003158 0.007138 -0.003980
47.670000 0.000000 0.006000 -0.006000
47.680000 0.008037 0.005475 0.002562
47.690000 0.012877 0.005536 0.007341
47.700000 0.008130 0.006185 0.001945
47.710000 0.015583 0.007427 0.008157
47.720000 0.005614 0.009242 -0.003628
47.730000 0.006102 0.011562 -0.005459
47.740000 0.014854 0.014256 0.000598
47.750000 0.016649 0.017145 -0.000496
47.760000 0.017131 0.020035 -0.002904
47.770000 0.031117 0.022781 0.008336
47.780000 0.023328 0.025366 -0.002038
47.790000 0.030785 0.027943 0.002842
47.800000 0.033445 0.030796 0.002650
47.810000 0.024360 0.034222 -0.009863
47.820000 0.031810 0.038385 -0.006575
47.830000 0.041445 0.043202 -0.001757
47.840000 0.023646 0.048310 -0.024663
47.850000 0.031540 0.053132 -0.021591
47.860000 0.038993 0.057057 -0.018064
47.870000 0.036875 0.059690 -0.022815
47.880000 0.055212 0.060987 -0.005774
47.890000 0.057013 0.061176 -0.004163
47.900000 0.064903 0.060584 0.004318
47.910000 0.054513 0.059553 -0.005040
47.920000 0.046296 0.058416 -0.012120
47.930000 0.056804 0.057418 -0.000614
47.940000 0.056860 0.056588 0.000272
47.950000 0.050824 0.055690 -0.004865
47.960000 0.057846 0.054332 0.003513
47.970000 0.052681 0.052162 0.000519
47.980000 0.027923 0.048994 -0.021071
47.990000 0.041042 0.044822 -0.003780
48.000000 0.045890 0.039775 0.006116
48.010000 0.032889 0.034109 -0.001219
48.020000 0.039043 0.028207 0.010835
48.030000 0.006451 0.022496 -0.016045
48.040000 0.020441 0.017332 0.003109
48.050000 0.010052 0.012944 -0.002893
48.060000 0.000000 0.009425 -0.009425
48.070000 0.005381 0.006751 -0.001370
48.080000 0.003263 0.004821 -0.001558
48.090000 0.004628 0.003492 0.001135
48.100000 0.003380 0.002614 0.000766
48.110000 0.000000 0.002050 -0.002050
48.120000 0.000000 0.001693 -0.001693
48.130000 0.000000 0.001464 -0.001464
48.140000 0.004473 0.001313 0.003160
48.150000 0.004959 0.001207 0.003752
48.160000 0.003701 0.001128 0.002573
48.170000 0.000698 0.001066 -0.000368
48.180000 0.000000 0.001015 -0.001015
48.190000 0.000000 0.000973 -0.000973
48.200000 0.000000 0.000938 -0.000938
48.210000 0.000000 0.000909 -0.000909
48.220000 0.000000 0.000885 -0.000885
48.230000 0.000000 0.000867 -0.000867
48.240000 0.000000 0.000854 -0.000854
48.250000 0.000875 0.000847 0.000028
48.260000 0.000000 0.000847 -0.000847
48.270000 0.003044 0.000858 0.002186
48.280000 0.000423 0.000886 -0.000463
48.290000 0.000000 0.000939 -0.000939
48.300000 0.004749 0.001035 0.003714
48.310000 0.002120 0.001195 0.000925
48.320000 0.004713 0.001444 0.003269
48.330000 0.011659 0.001815 0.009844
48.340000 0.000000 0.002332 -0.002332
48.350000 0.003779 0.003012 0.000767
48.360000 0.000274 0.003856 -0.003582
48.370000 0.000000 0.004839 -0.004839
48.380000 0.009804 0.005918 0.003886
48.390000 0.000000 0.007027 -0.007027
48.400000 0.000000 0.008094 -0.008094
48.410000 0.000000 0.009052 -0.009052
48.420000 0.003607 0.009866 -0.006258
48.430000 0.000000 0.010520 -0.010520
48.440000 0.008343 0.010995 -0.002652
48.450000 0.013976 0.011243 0.002734
48.460000 0.001760 0.011190 -0.009431
48.470000 0.000862 0.010782 -0.009919
48.480000 0.007801 0.010028 -0.002226
48.490000 0.010822 0.009034 0.001789
48.500000 0.000000 0.007974 -0.007974
48.510000 0.013817 0.007049 0.006767
48.520000 0.000000 0.006457 -0.006457
48.530000 0.000000 0.006363 -0.006363
48.540000 0.000000 0.006892 -0.006892
48.550000 0.003264 0.008106 -0.004842
48.560000 0.005415 0.009995 -0.004580
48.570000 0.000000 0.012476 -0.012476
48.580000 0.001446 0.015390 -0.013945
48.590000 0.009257 0.018523 -0.009266
48.600000 0.016633 0.021619 -0.004987
48.610000 0.008771 0.024444 -0.015673
48.620000 0.020066 0.026839 -0.006773
48.630000 0.007852 0.028740 -0.020889
48.640000 0.005651 0.030115 -0.024465
48.650000 0.007804 0.030888 -0.023085
48.660000 0.015181 0.030934 -0.015753
48.670000 0.014287 0.030149 -0.015862
48.680000 0.007733 0.028550 -0.020817
48.690000 0.004663 0.026321 -0.021658
48.700000 0.015524 0.023801 -0.008277
48.710000 0.012019 0.021406 -0.009386
48.720000 0.003290 0.019513 -0.016223
48.730000 0.016765 0.018371 -0.001606
48.740000 0.015437 0.018039 -0.002602
48.750000 0.011063 0.018385 -0.007322
48.760000 0.013218 0.019111 -0.005893
48.770000 0.004927 0.019830 -0.014903
48.780000 0.002729 0.020169 -0.017439
48.790000 0.020124 0.019868 0.000256
48.800000 0.016622 0.018832 -0.002210
48.810000 0.016167 0.017134 -0.000967
48.820000 0.011795 0.015003 -0.003208
48.830000 0.003070 0.012757 -0.009687
48.840000 0.011758 0.010724 0.001035
48.850000 0.000000 0.009190 -0.009190
48.860000 0.009111 0.008376 0.000735
48.870000 0.006482 0.008429 -0.001947
48.880000 0.000000 0.009415 -0.009415
48.890000 0.001225 0.011309 -0.010084
48.900000 0.002515 0.013985 -0.011470
48.910000 0.004241 0.017201 -0.012960
48.920000 0.013368 0.020602 -0.007233
48.930000 0.015095 0.023745 -0.008651
48.940000 0.027270 0.026178 0.001092
48.950000 0.037269 0.027546 0.009723
48.960000 0.023324 0.027699 -0.004375
48.970000 0.016345 0.026728 -0.010383
48.980000 0.018073 0.024965 -0.006892
48.990000 0.018060 0.022923 -0.004863
49.000000 0.018483 0.021195 -0.002712
49.010000 0.018035 0.020328 -0.002293
49.020000 0.010622 0.020729 -0.010107
49.030000 0.012352 0.022609 -0.010256
49.040000 0.007988 0.025947 -0.017959
49.050000 0.020602 0.030487 -0.009885
49.060000 0.025380 0.035768 -0.010387
49.070000 0.026241 0.041176 -0.014936
49.080000 0.028843 0.046025 -0.017183
49.090000 0.044941 0.049651 -0.004710
49.100000 0.031871 0.051565 -0.019694
49.110000 0.036215 0.051593 -0.015378
49.120000 0.034029 0.049893 -0.015864
49.130000 0.020960 0.046845 -0.025885
49.140000 0.027917 0.042900 -0.014983
49.150000 0.032263 0.038503 -0.006241
49.160000 0.013099 0.034080 -0.020981
49.170000 0.006126 0.030013 -0.023888
49.180000 0.021791 0.026597 -0.004806
49.190000 0.014382 0.023989 -0.009607
49.200000 0.010022 0.022208 -0.012187
49.210000 0.012627 0.021136 -0.008509
49.220000 0.010008 0.020553 -0.010545
49.230000 0.024368 0.020202 0.004166
49.240000 0.003900 0.019887 -0.015988
49.250000 0.013471 0.019548 -0.006077
49.260000 0.015206 0.019257 -0.004051
49.270000 0.005187 0.019133 -0.013947
49.280000 0.017806 0.019247 -0.001441
49.290000 0.016929 0.019560 -0.002630
49.300000 0.017794 0.019918 -0.002123
49.310000 0.009952 0.020093 -0.010141
49.320000 0.008205 0.019857 -0.011652
49.330000 0.009505 0.019049 -0.009543
49.340000 0.012112 0.017634 -0.005522
49.350000 0.006447 0.015703 -0.009257
49.360000 0.000000 0.013442 -0.013442
49.370000 0.010789 0.011072 -0.000284
49.380000 0.006430 0.008805 -0.002376
49.390000 0.009036 0.006799 0.002237
49.400000 0.002935 0.005141 -0.002206
49.410000 0.015554 0.003856 0.011698
49.420000 0.000000 0.002917 -0.002917
49.430000 0.000000 0.002267 -0.002267
49.440000 0.000000 0.001842 -0.001842
49.450000 0.015964 0.001580 0.014384
49.460000 0.000000 0.001429 -0.001429
49.470000 0.000000 0.001353 -0.001353
49.480000 0.006363 0.001328 0.005035
49.490000 0.000000 0.001343 -0.001343
49.500000 0.000000 0.001401 -0.001401
49.510000 0.000000 0.001513 -0.001513
49.520000 0.000000 0.001704 -0.001704
49.530000 0.000000 0.002014 -0.002014
49.540000 0.000000 0.002499 -0.002499
49.550000 0.000000 0.003226 -0.003226
49.560000 0.000000 0.004275 -0.004275
49.570000 0.001050 0.005729 -0.004679
49.580000 0.003652 0.007666 -0.004014
49.590000 0.000000 0.010157 -0.010157
49.600000 0.000000 0.013257 -0.013257
49.610000 0.006234 0.016996 -0.010762
49.620000 0.011012 0.021363 -0.010351
49.630000 0.021017 0.026301 -0.005285
49.640000 0.020571 0.031684 -0.011112
49.650000 0.026223 0.037282 -0.011059
49.660000 0.026648 0.042709 -0.016061
49.670000 0.043184 0.047394 -0.004210
49.680000 0.057541 0.050649 0.006893
49.690000 0.060582 0.051842 0.008741
49.700000 0.029663 0.050622 -0.020959
49.710000 0.053602 0.047064 0.006539
49.720000 0.037486 0.041651 -0.004165
49.730000 0.040964 0.035133 0.005832
49.740000 0.041828 0.028320 0.013507
49.750000 0.029199 0.021909 0.007290
49.760000 0.012649 0.016383 -0.003734
49.770000 0.016565 0.011998 0.004567
49.780000 0.023960 0.008816 0.015144
49.790000 0.008721 0.006780 0.001941
49.800000 0.001316 0.005787 -0.004471
49.810000 0.001751 0.005745 -0.003994
49.820000 0.002618 0.006606 -0.003988
49.830000 0.006538 0.008353 -0.001815
49.840000 0.003053 0.010964 -0.007912
49.850000 0.009151 0.014362 -0.005211
49.860000 0.002183 0.018359 -0.016175
49.870000 0.009589 0.022638 -0.013048
49.880000 0.018296 0.026767 -0.008471
49.890000 0.013078 0.030269 -0.017191
49.900000 0.013950 0.032748 -0.018798
49.910000 0.012652 0.034046 -0.021394
49.920000 0.023538 0.034345 -0.010808
49.930000 0.020936 0.034109 -0.013173
49.940000 0.037918 0.033873 0.004045
49.950000 0.032706 0.034024 -0.001318
49.960000 0.034887 0.034664 0.000223
49.970000 0.043608 0.035580 0.008028
49.980000 0.041437 0.036307 0.005130
49.990000 0.026651 0.036305 -0.009654
50.000000 0.030577 0.035204 -0.004627
50.010000 0.023629 0.033003 -0.009373
50.020000 0.012755 0.030078 -0.017323
50.030000 0.010163 0.027006 -0.016844
50.040000 0.010173 0.024359 -0.014186
50.050000 0.000000 0.022555 -0.022555
50.060000 0.004113 0.021782 -0.017670
50.070000 0.013279 0.021982 -0.008703
50.080000 0.008504 0.022886 -0.014382
50.090000 0.013320 0.024102 -0.010782
50.100000 0.005499 0.025233 -0.019734
50.110000 0.011187 0.026004 -0.014817
50.120000 0.021218 0.026300 -0.005082
50.130000 0.030391 0.026106 0.004285
50.140000 0.024751 0.025421 -0.000670
50.150000 0.019994 0.024237 -0.004243
50.160000 0.009567 0.022578 -0.013011
50.170000 0.015262 0.020540 -0.005279
50.180000 0.012238 0.018286 -0.006049
50.190000 0.000520 0.015993 -0.015473
50.200000 0.013606 0.013817 -0.000211
50.210000 0.012774 0.011875 0.000900
50.220000 0.000000 0.010232 -0.010232
50.230000 0.001088 0.008917 -0.007829
50.240000 0.000000 0.007952 -0.007952
50.250000 0.003338 0.007373 -0.004035
50.260000 0.010770 0.007239 0.003531
50.270000 0.014299 0.007619 0.006679
50.280000 0.003883 0.008579 -0.004695
50.290000 0.005673 0.010158 -0.004485
50.300000 0.000000 0.012354 -0.012354
50.310000 0.007499 0.015106 -0.007607
50.320000 0.000000 0.018292 -0.018292
50.330000 0.008024 0.021747 -0.013723
50.340000 0.009805 0.025280 -0.015475
50.350000 0.022484 0.028706 -0.006222
50.360000 0.018608 0.031900 -0.013292
50.370000 0.019970 0.034846 -0.014876
50.380000 0.036122 0.037637 -0.001516
50.390000 0.031826 0.040357 -0.008531
50.400000 0.036661 0.042943 -0.006282
50.410000 0.041510 0.045129 -0.003619
50.420000 0.040687 0.046484 -0.005797
50.430000 0.028560 0.046560 -0.018001
50.440000 0.038187 0.045084 -0.006896
50.450000 0.027368 0.042099 -0.014731
50.460000 0.027420 0.037938 -0.010518
50.470000 0.024438 0.033073 -0.008635
50.480000 0.015350 0.027987 -0.012637
50.490000 0.020642 0.023120 -0.002478
50.500000 0.030711 0.018848 0.011863
50.510000 0.005095 0.015452 -0.010357
50.520000 0.015166 0.013092 0.002074
50.530000 0.008272 0.011807 -0.003535
50.540000 0.000000 0.011524 -0.011524
50.550000 0.011888 0.012074 -0.000186
50.560000 0.009338 0.013216 -0.003878
50.570000 0.008542 0.014662 -0.006120
50.580000 0.007736 0.016123 -0.008387
50.590000 0.020437 0.017368 0.003069
50.600000 0.011361 0.018303 -0.006942
50.610000 0.016227 0.019006 -0.002779
50.620000 0.022390 0.019678 0.002713
50.630000 0.023776 0.020518 0.003258
50.640000 0.024281 0.021620 0.002660
50.650000 0.018702 0.022926 -0.004224
50.660000 0.030963 0.024230 0.006733
50.670000 0.020161 0.025256 -0.005095
50.680000 0.033295 0.025786 0.007509
50.690000 0.016400 0.025809 -0.009409
50.700000 0.011250 0.025574 -0.014324
50.710000 0.025266 0.025502 -0.000236
50.720000 0.020554 0.026025 -0.005471
50.730000 0.011933 0.027462 -0.015530
50.740000 0.023330 0.029934 -0.006604
50.750000 0.028206 0.033326 -0.005121
50.760000 0.025673 0.037314 -0.011641
50.770000 0.032291 0.041439 -0.009148
50.780000 0.021923 0.045193 -0.023269
50.790000 0.026366 0.048059 -0.021693
50.800000 0.041250 0.049550 -0.008300
50.810000 0.047435 0.049314 -0.001880
50.820000 0.042729 0.047264 -0.004535
50.830000 0.049786 0.043607 0.006179
50.840000 0.036374 0.038759 -0.002384
50.850000 0.030371 0.033237 -0.002866
50.860000 0.027844 0.027572 0.000272
50.870000 0.023147 0.022223 0.000924
50.880000 0.019316 0.017508 0.001808
50.890000 0.008524 0.013586 -0.005062
50.900000 0.008177 0.010468 -0.002291
50.910000 0.017412 0.008066 0.009346
50.920000 0.004005 0.006244 -0.002239
50.930000 0.000000 0.004866 -0.004866
50.940000 0.003752 0.003820 -0.000068
50.950000 0.005587 0.003022 0.002564
50.960000 0.006112 0.002412 0.003700
50.970000 0.002287 0.001947 0.000340
50.980000 0.000000 0.001597 -0.001597
50.990000 0.008566 0.001339 0.007227
51.000000 0.001256 0.001151 0.000106
51.010000 0.005703 0.001016 0.004687
51.020000 0.000000 0.000919 -0.000919
51.030000 0.000000 0.000848 -0.000848
51.040000 0.000000 0.000796 -0.000796
51.050000 0.000838 0.000755 0.000084
51.060000 0.000000 0.000722 -0.000722
51.070000 0.006234 0.000695 0.005539
51.080000 0.000000 0.000671 -0.000671
51.090000 0.000733 0.000652 0.000081
51.100000 0.001677 0.000635 0.001043
51.110000 0.002617 0.000620 0.001997
51.120000 0.000000 0.000608 -0.000608
51.130000 0.001434 0.000597 0.000836
51.140000 0.000000 0.000589 -0.000589
51.150000 0.000000 0.000582 -0.000582
51.160000 0.005494 0.000577 0.004917
51.170000 0.000000 0.000573 -0.000573
51.180000 0.000000 0.000571 -0.000571
51.190000 0.003411 0.000571 0.002840
51.200000 0.004303 0.000572 0.003731
51.210000 0.000000 0.000574 -0.000574
51.220000 0.006510 0.000578 0.005931
51.230000 0.002166 0.000584 0.001581
51.240000 0.000000 0.000592 -0.000592
51.250000 0.003917 0.000601 0.003315
51.260000 0.000000 0.000613 -0.000613
51.270000 0.000000 0.000627 -0.000627
51.280000 0.000000 0.000643 -0.000643
51.290000 0.001729 0.000662 0.001066
51.300000 0.000000 0.000685 -0.000685
51.310000 0.003451 0.000711 0.002740
51.320000 0.000000 0.000742 -0.000742
51.330000 0.008647 0.000780 0.007867
51.340000 0.000000 0.000827 -0.000827
51.350000 0.000000 0.000890 -0.000890
51.360000 0.001187 0.000979 0.000208
51.370000 0.002035 0.001115 0.000919
51.380000 0.000000 0.001333 -0.001333
51.390000 0.000000 0.001684 -0.001684
51.400000 0.005873 0.002247 0.003626
51.410000 0.004103 0.003121 0.000982
51.420000 0.000000 0.004415 -0.004415
51.430000 0.000000 0.006234 -0.006234
51.440000 0.003575 0.008644 -0.005069
51.450000 0.002238 0.011642 -0.009404
51.460000 0.000465 0.015130 -0.014665
51.470000 0.023071 0.018904 0.004166
51.480000 0.008672 0.022664 -0.013991
51.490000 0.020830 0.026045 -0.005215
51.500000 0.025151 0.028710 -0.003559
51.510000 0.020766 0.030446 -0.009681
51.520000 0.018121 0.031210 -0.013089
51.530000 0.030715 0.031054 -0.000339
51.540000 0.032424 0.030030 0.002394
51.550000 0.024991 0.028167 -0.003176
51.560000 0.030183 0.025534 0.004649
51.570000 0.011867 0.022321 -0.010454
51.580000 0.019672 0.018826 0.000845
51.590000 0.023123 0.015387 0.007736
51.600000 0.011772 0.012304 -0.000532
51.610000 0.000000 0.009811 -0.009811
51.620000 0.004309 0.008071 -0.003762
51.630000 0.007761 0.007185 0.000575
51.640000 0.005553 0.007205 -0.001652
51.650000 0.000000 0.008137 -0.008137
51.660000 0.008104 0.009942 -0.001839
51.670000 0.000000 0.012530 -0.012530
51.680000 0.015008 0.015743 -0.000734
51.690000 0.017590 0.019356 -0.001765
51.700000 0.005370 0.023092 -0.017722
51.710000 0.028414 0.026667 0.001747
51.720000 0.024901 0.029875 -0.004973
51.730000 0.025743 0.032686 -0.006944
51.740000 0.018312 0.035265 -0.016953
51.750000 0.029602 0.037872 -0.008270
51.760000 0.033056 0.040729 -0.007674
51.770000 0.028673 0.043958 -0.015285
51.780000 0.051283 0.047554 0.003729
51.790000 0.039935 0.051386 -0.011451
51.800000 0.046438 0.055215 -0.008777
51.810000 0.048151 0.058744 -0.010593
51.820000 0.055088 0.061701 -0.006613
51.830000 0.060285 0.063876 -0.003591
51.840000 0.054598 0.065085 -0.010487
51.850000 0.051088 0.065095 -0.014007
51.860000 0.044095 0.063615 -0.019520
51.870000 0.044939 0.060402 -0.015463
51.880000 0.053619 0.055404 -0.001784
51.890000 0.040096 0.048875 -0.008778
51.900000 0.039635 0.041370 -0.001735
51.910000 0.044833 0.033590 0.011242
51.920000 0.028264 0.026195 0.002069
51.930000 0.022578 0.019674 0.002904
51.940000 0.001220 0.014302 -0.013081
51.950000 0.007290 0.010150 -0.002860
51.960000 0.003782 0.007130 -0.003348
51.970000 0.000000 0.005055 -0.005055
51.980000 0.001555 0.003702 -0.002147
51.990000 0.000000 0.002863 -0.002863
52.000000 0.000000 0.002369 -0.002369
52.010000 0.004094 0.002101 0.001993
52.020000 0.006682 0.001988 0.004694
52.030000 0.008835 0.002002 0.006833
52.040000 0.003151 0.002143 0.001008
52.050000 0.000000 0.002441 -0.002441
52.060000 0.006587 0.002941 0.003647
52.070000 0.004822 0.003697 0.001125
52.080000 0.000000 0.004769 -0.004769
52.090000 0.008259 0.006202 0.002057
52.100000 0.000000 0.008023 -0.008023
52.110000 0.000000 0.010223 -0.010223
52.120000 0.010367 0.012751 -0.002383
52.130000 0.007297 0.015512 -0.008214
52.140000 0.006404 0.018382 -0.011977
52.150000 0.017266 0.021229 -0.003964
52.160000 0.020291 0.023919 -0.003628
52.170000 0.029411 0.026302 0.003109
52.180000 0.028083 0.028230 -0.000147
52.190000 0.023272 0.029582 -0.006310
52.200000 0.024992 0.030289 -0.005297
52.210000 0.011909 0.030334 -0.018424
52.220000 0.019288 0.029727 -0.010439
52.230000 0.013172 0.028474 -0.015302
52.240000 0.015327 0.026581 -0.011255
52.250000 0.013999 0.024115 -0.010116
52.260000 0.013977 0.021232 -0.007256
52.270000 0.017873 0.018162 -0.000289
52.280000 0.003920 0.015134 -0.011214
52.290000 0.006074 0.012327 -0.006253
52.300000 0.009535 0.009853 -0.000319
52.310000 0.014301 0.007762 0.006539
52.320000 0.008618 0.006055 0.002564
52.330000 0.000000 0.004706 -0.004706
52.340000 0.001606 0.003669 -0.002062
52.350000 0.000276 0.002891 -0.002615
52.360000 0.000000 0.002323 -0.002323
52.370000 0.002840 0.001917 0.000923
52.380000 0.000000 0.001637 -0.001637
52.390000 0.000000 0.001450 -0.001450
52.400000 0.003200 0.001332 0.001869
52.410000 0.002304 0.001263 0.001041
52.420000 0.000000 0.001228 -0.001228
52.430000 0.007038 0.001218 0.005820
52.440000 0.000045 0.001227 -0.001182
52.450000 0.000000 0.001251 -0.001251
52.460000 0.004776 0.001289 0.003487
52.470000 0.000000 0.001344 -0.001344
52.480000 0.000000 0.001421 -0.001421
52.490000 0.000000 0.001533 -0.001533
52.500000 0.002478 0.001702 0.000776
52.510000 0.000000 0.001967 -0.001967
52.520000 0.000000 0.002392 -0.002392
52.530000 0.000000 0.003068 -0.003068
52.540000 0.000176 0.004118 -0.003942
52.550000 0.006675 0.005692 0.000983
52.560000 0.007950 0.007949 0.000001
52.570000 0.002695 0.011026 -0.008332
52.580000 0.010935 0.015007 -0.004072
52.590000 0.010905 0.019880 -0.008975
52.600000 0.010874 0.025507 -0.014633
52.610000 0.021292 0.031606 -0.010314
52.620000 0.023438 0.037763 -0.014324
52.630000 0.033422 0.043504 -0.010082
52.640000 0.044275 0.048410 -0.004135
52.650000 0.040763 0.052172 -0.011409
52.660000 0.042474 0.054564 -0.012089
52.670000 0.037657 0.055421 -0.017764
52.680000 0.041981 0.054739 -0.012758
52.690000 0.048048 0.052766 -0.004719
52.700000 0.040182 0.049961 -0.009779
52.710000 0.047991 0.046836 0.001155
52.720000 0.036643 0.043863 -0.007220
52.730000 0.018767 0.041481 -0.022714
52.740000 0.033541 0.040107 -0.006566
52.750000 0.034385 0.040060 -0.005674
52.760000 0.035228 0.041455 -0.006227
52.770000 0.047829 0.044136 0.003692
52.780000 0.043012 0.047677 -0.004665
52.790000 0.038199 0.051462 -0.013263
52.800000 0.052975 0.054829 -0.001854
52.810000 0.042503 0.057215 -0.014713
52.820000 0.037688 0.058232 -0.020544
52.830000 0.041584 0.057664 -0.016080
52.840000 0.045041 0.055443 -0.010402
52.850000 0.045020 0.051634 -0.006615
52.860000 0.042383 0.046482 -0.004099
52.870000 0.034962 0.040465 -0.005504
52.880000 0.022748 0.034238 -0.011490
52.890000 0.012280 0.028460 -0.016180
52.900000 0.024011 0.023656 0.000356
52.910000 0.025734 0.020144 0.005591
52.920000 0.014393 0.018018 -0.003625
52.930000 0.017858 0.017169 0.000688
52.940000 0.006953 0.017332 -0.010379
52.950000 0.009548 0.018151 -0.008603
52.960000 0.018670 0.019268 -0.000598
52.970000 0.016913 0.020409 -0.003496
52.980000 0.007751 0.021460 -0.013709
52.990000 0.019491 0.022460 -0.002969
53.000000 0.016425 0.023515 -0.007090
53.010000 0.009445 0.024705 -0.015260
53.020000 0.026406 0.026036 0.000370
53.030000 0.015074 0.027464 -0.012389
53.040000 0.030730 0.028950 0.001780
53.050000 0.017223 0.030509 -0.013287
53.060000 0.008500 0.032211 -0.023711
53.070000 0.015019 0.034186 -0.019166
53.080000 0.014569 0.036622 -0.022053
53.090000 0.027184 0.039695 -0.012510
53.100000 0.028477 0.043438 -0.014961
53.110000 0.043705 0.047654 -0.003949
53.120000 0.030196 0.051906 -0.021710
53.130000 0.035412 0.055616 -0.020204
53.140000 0.050202 0.058242 -0.008040
53.150000 0.050195 0.059435 -0.009240
53.160000 0.054973 0.059084 -0.004111
53.170000 0.037553 0.057231 -0.019678
53.180000 0.045814 0.053976 -0.008162
53.190000 0.037102 0.049485 -0.012384
53.200000 0.044058 0.044057 0.000001
53.210000 0.037959 0.038133 -0.000175
53.220000 0.025760 0.032219 -0.006459
53.230000 0.024015 0.026800 -0.002785
53.240000 0.019219 0.022288 -0.003069
53.250000 0.012686 0.018979 -0.006293
53.260000 0.013550 0.017014 -0.003464
53.270000 0.015724 0.016368 -0.000644
53.280000 0.016589 0.016862 -0.000273
53.290000 0.000000 0.018187 -0.018187
53.300000 0.003086 0.019951 -0.016865
53.310000 0.007439 0.021736 -0.014297
53.320000 0.011353 0.023178 -0.011825
53.330000 0.016577 0.024047 -0.007470
53.340000 0.001771 0.024287 -0.022516
53.350000 0.005690 0.023968 -0.018278
53.360000 0.018747 0.023205 -0.004458
53.370000 0.011347 0.022094 -0.010747
53.380000 0.023535 0.020688 0.002847
53.390000 0.021359 0.019022 0.002337
53.400000 0.022229 0.017130 0.005098
53.410000 0.016135 0.015061 0.001073
53.420000 0.010475 0.012897 -0.002422
53.430000 0.008735 0.010744 -0.002009
53.440000 0.001334 0.008723 -0.007389
53.450000 0.008737 0.006940 0.001797
53.460000 0.000000 0.005472 -0.005472
53.470000 0.002209 0.004361 -0.002152
53.480000 0.000469 0.003611 -0.003142
53.490000 0.000000 0.003197 -0.003197
53.500000 0.000000 0.003074 -0.003074
53.510000 0.002216 0.003176 -0.000960
53.520000 0.000000 0.003427 -0.003427
53.530000 0.003091 0.003740 -0.000649
53.540000 0.002223 0.004028 -0.001805
53.550000 0.000000 0.004211 -0.004211
53.560000 0.000000 0.004235 -0.004235
53.570000 0.000000 0.004091 -0.004091
53.580000 0.000000 0.003810 -0.003810
53.590000 0.000000 0.003451 -0.003451
53.600000 0.000000 0.003079 -0.003079
53.610000 0.000000 0.002748 -0.002748
53.620000 0.001372 0.002497 -0.001125
53.630000 0.001374 0.002346 -0.000972
53.640000 0.000000 0.002305 -0.002305
53.650000 0.006603 0.002379 0.004225
53.660000 0.000000 0.002572 -0.002572
53.670000 0.000000 0.002894 -0.002894
53.680000 0.000516 0.003352 -0.002837
53.690000 0.008354 0.003951 0.004403
53.700000 0.015323 0.004688 0.010635
53.710000 0.005312 0.005557 -0.000245
53.720000 0.007056 0.006564 0.000492
53.730000 0.000000 0.007737 -0.007737
53.740000 0.003579 0.009151 -0.005572
53.750000 0.002275 0.010924 -0.008649
53.760000 0.000537 0.013204 -0.012667
53.770000 0.013600 0.016110 -0.002510
53.780000 0.009686 0.019679 -0.009993
53.790000 0.014913 0.023821 -0.008908
53.800000 0.021447 0.028311 -0.006864
53.810000 0.026674 0.032810 -0.006136
53.820000 0.028855 0.036912 -0.008057
53.830000 0.027116 0.040221 -0.013105
53.840000 0.021897 0.042465 -0.020568
53.850000 0.031478 0.043602 -0.012125
53.860000 0.010150 0.043802 -0.033652
53.870000 0.032792 0.043310 -0.010518
53.880000 0.032798 0.042317 -0.009519
53.890000 0.026706 0.040938 -0.014232
53.900000 0.019311 0.039249 -0.019938
53.910000 0.014091 0.037304 -0.023213
53.920000 0.019322 0.035151 -0.015829
53.930000 0.031080 0.032857 -0.001777
53.940000 0.013238 0.030513 -0.017276
53.950000 0.000000 0.028195 -0.028195
53.960000 0.019345 0.025922 -0.006577
53.970000 0.011949 0.023667 -0.011718
53.980000 0.008909 0.021411 -0.012502
53.990000 0.019799 0.019219 0.000579
54.000000 0.017195 0.017251 -0.000056
54.010000 0.015460 0.015711 -0.000251
54.020000 0.017646 0.014765 0.002881
54.030000 0.009816 0.014486 -0.004671
54.040000 0.011132 0.014825 -0.003693
54.050000 0.032471 0.015602 0.016869
54.060000 0.014197 0.016541 -0.002344
54.070000 0.008980 0.017326 -0.008346
54.080000 0.001590 0.017684 -0.016094
54.090000 0.008564 0.017477 -0.008913
54.100000 0.013365 0.016751 -0.003386
54.110000 0.015550 0.015706 -0.000156
54.120000 0.000000 0.014598 -0.014598
54.130000 0.012960 0.013646 -0.000686
54.140000 0.000000 0.012984 -0.012984
54.150000 0.000000 0.012642 -0.012642
54.160000 0.011691 0.012568 -0.000877
54.170000 0.000818 0.012676 -0.011858
54.180000 0.012152 0.012910 -0.000758
54.190000 0.003456 0.013289 -0.009833
54.200000 0.008261 0.013893 -0.005633
54.210000 0.010885 0.014798 -0.003913
54.220000 0.016125 0.016009 0.000116
54.230000 0.011349 0.017424 -0.006075
54.240000 0.020944 0.018829 0.002115
54.250000 0.018345 0.019942 -0.001596
54.260000 0.007915 0.020497 -0.012582
54.270000 0.009235 0.020323 -0.011088
54.280000 0.014478 0.019382 -0.004905
54.290000 0.023200 0.017781 0.005418
54.300000 0.009723 0.015754 -0.006032
54.310000 0.011045 0.013599 -0.002554
54.320000 0.011065 0.011587 -0.000522
54.330000 0.008034 0.009908 -0.001874
54.340000 0.003701 0.008646 -0.004945
54.350000 0.001541 0.007793 -0.006252
54.360000 0.000000 0.007282 -0.007282
54.370000 0.004193 0.007028 -0.002836
54.380000 0.008133 0.006983 0.001150
54.390000 0.000316 0.007155 -0.006840
54.400000 0.000000 0.007598 -0.007598
54.410000 0.009500 0.008373 0.001128
54.420000 0.005171 0.009507 -0.004336
54.430000 0.019557 0.010969 0.008588
54.440000 0.012616 0.012659 -0.000043
54.450000 0.013508 0.014414 -0.000906
54.460000 0.003084 0.016045 -0.012960
54.470000 0.003542 0.017396 -0.013855
54.480000 0.016192 0.018399 -0.002207
54.490000 0.009249 0.019076 -0.009827
54.500000 0.011888 0.019496 -0.007609
54.510000 0.020183 0.019722 0.000461
54.520000 0.024128 0.019784 0.004343
54.530000 0.018492 0.019707 -0.001214
54.540000 0.006330 0.019513 -0.013183
54.550000 0.009838 0.019204 -0.009366
54.560000 0.013348 0.018732 -0.005383
54.570000 0.024693 0.018002 0.006691
54.580000 0.008614 0.016939 -0.008325
54.590000 0.000000 0.015557 -0.015557
54.600000 0.011717 0.013994 -0.002277
54.610000 0.010873 0.012458 -0.001585
54.620000 0.007855 0.011156 -0.003301
54.630000 0.005270 0.010231 -0.004960
54.640000 0.001818 0.009737 -0.007920
54.650000 0.010988 0.009630 0.001358
54.660000 0.000000 0.009777 -0.009777
54.670000 0.000000 0.009994 -0.009994
54.680000 0.006290 0.010100 -0.003810
54.690000 0.009802 0.009965 -0.000163
54.700000 0.005480 0.009533 -0.004053
54.710000 0.000000 0.008813 -0.008813
54.720000 0.000000 0.007867 -0.007867
54.730000 0.000000 0.006804 -0.006804
54.740000 0.003428 0.005757 -0.002329
54.750000 0.003023 0.004851 -0.001828
54.760000 0.010892 0.004186 0.006707
54.770000 0.000000 0.003825 -0.003825
54.780000 0.000000 0.003800 -0.003800
54.790000 0.000000 0.004105 -0.004105
54.800000 0.004056 0.004705 -0.000649
54.810000 0.002782 0.005538 -0.002756
54.820000 0.001074 0.006519 -0.005445
54.830000 0.008507 0.007552 0.000955
54.840000 0.004623 0.008548 -0.003925
54.850000 0.000000 0.009446 -0.009446
54.860000 0.002513 0.010233 -0.007720
54.870000 0.012559 0.010931 0.001628
54.880000 0.015205 0.011576 0.003629
54.890000 0.016109 0.012203 0.003905
54.900000 0.020061 0.012850 0.007211
54.910000 0.000068 0.013558 -0.013490
54.920000 0.015339 0.014350 0.000989
54.930000 0.011020 0.015190 -0.004170
54.940000 0.022808 0.015966 0.006842
54.950000 0.011958 0.016512 -0.004553
54.960000 0.004156 0.016657 -0.012501
54.970000 0.011155 0.016287 -0.005132
54.980000 0.008141 0.015366 -0.007225
54.990000 0.003821 0.013944 -0.010123
55.000000 0.004725 0.012157 -0.007432
55.010000 0.009111 0.010200 -0.001089
55.020000 0.011320 0.008277 0.003042
55.030000 0.004386 0.006550 -0.002164
55.040000 0.000000 0.005115 -0.005115
55.050000 0.007496 0.004005 0.003491
55.060000 0.017540 0.003197 0.014343
55.070000 0.001462 0.002636 -0.001174
55.080000 0.000000 0.002252 -0.002252
55.090000 0.008050 0.001985 0.006065
55.100000 0.000000 0.001790 -0.001790
55.110000 0.000000 0.001643 -0.001643
55.120000 0.000000 0.001533 -0.001533
55.130000 0.002059 0.001453 0.000606
55.140000 0.000000 0.001398 -0.001398
55.150000 0.007324 0.001363 0.005961
55.160000 0.000000 0.001341 -0.001341
55.170000 0.000000 0.001329 -0.001329
55.180000 0.007801 0.001332 0.006470
55.190000 0.005633 0.001369 0.004264
55.200000 0.002590 0.001476 0.001114
55.210000 0.000000 0.001710 -0.001710
55.220000 0.004333 0.002150 0.002183
55.230000 0.000000 0.002903 -0.002903
55.240000 0.000000 0.004089 -0.004089
55.250000 0.000000 0.005822 -0.005822
55.260000 0.000000 0.008179 -0.008179
55.270000 0.000000 0.011151 -0.011151
55.280000 0.000368 0.014615 -0.014247
55.290000 0.004709 0.018308 -0.013599
55.300000 0.008179 0.021840 -0.013661
55.310000 0.005118 0.024746 -0.019628
55.320000 0.011200 0.026589 -0.015389
55.330000 0.009880 0.027110 -0.017230
55.340000 0.016396 0.026357 -0.009961
55.350000 0.008545 0.024647 -0.016101
55.360000 0.009402 0.022417 -0.013015
55.370000 0.007211 0.020061 -0.012850
55.380000 0.007631 0.017847 -0.010215
55.390000 0.011100 0.015895 -0.004795
55.400000 0.013262 0.014219 -0.000956
55.410000 0.018907 0.012791 0.006117
55.420000 0.018893 0.011594 0.007299
55.430000 0.009737 0.010628 -0.000891
55.440000 0.009287 0.009890 -0.000603
55.450000 0.000000 0.009365 -0.009365
55.460000 0.010130 0.009027 0.001103
55.470000 0.009246 0.008853 0.000393
55.480000 0.000089 0.008836 -0.008747
55.490000 0.013137 0.008979 0.004158
55.500000 0.005286 0.009274 -0.003988
55.510000 0.019203 0.009672 0.009531
55.520000 0.000000 0.010088 -0.010088
55.530000 0.005248 0.010406 -0.005158
55.540000 0.002185 0.010516 -0.008330
55.550000 0.010882 0.010337 0.000545
55.560000 0.000000 0.009855 -0.009855
55.570000 0.000000 0.009152 -0.009152
55.580000 0.001702 0.008392 -0.006690
55.590000 0.006046 0.007785 -0.001739
55.600000 0.000000 0.007529 -0.007529
55.610000 0.009508 0.007768 0.001740
55.620000 0.002966 0.008562 -0.005596
55.630000 0.006441 0.009860 -0.003419
55.640000 0.007734 0.011498 -0.003764
55.650000 0.002938 0.013215 -0.010277
55.660000 0.005539 0.014684 -0.009145
55.670000 0.009885 0.015584 -0.005698
55.680000 0.001604 0.015696 -0.014092
55.690000 0.012047 0.014990 -0.002942
55.700000 0.008118 0.013638 -0.005520
55.710000 0.021607 0.011930 0.009677
55.720000 0.009844 0.010170 -0.000326
55.730000 0.003309 0.008601 -0.005292
55.740000 0.014184 0.007368 0.006816
55.750000 0.008956 0.006515 0.002441
55.760000 0.000000 0.005996 -0.005996
55.770000 0.000000 0.005712 -0.005712
55.780000 0.000000 0.005555 -0.005555
55.790000 0.000000 0.005462 -0.005462
55.800000 0.009801 0.005438 0.004363
55.810000 0.005448 0.005557 -0.000109
55.820000 0.000218 0.005923 -0.005705
55.830000 0.010666 0.006633 0.004032
55.840000 0.000000 0.007744 -0.007744
55.850000 0.003265 0.009238 -0.005974
55.860000 0.021108 0.011016 0.010091
55.870000 0.009790 0.012894 -0.003104
55.880000 0.006739 0.014633 -0.007894
55.890000 0.009790 0.015988 -0.006198
55.900000 0.010658 0.016780 -0.006122
55.910000 0.009794 0.016954 -0.007160
55.920000 0.017191 0.016600 0.000590
55.930000 0.002392 0.015923 -0.013531
55.940000 0.010664 0.015171 -0.004507
55.950000 0.023295 0.014558 0.008738
55.960000 0.009363 0.014212 -0.004849
55.970000 0.002405 0.014165 -0.011760
55.980000 0.010241 0.014370 -0.004129
55.990000 0.015035 0.014725 0.000310
56.000000 0.012863 0.015096 -0.002233
56.010000 0.004602 0.015342 -0.010740
56.020000 0.013748 0.015358 -0.001610
56.030000 0.016808 0.015113 0.001695
56.040000 0.000000 0.014651 -0.014651
56.050000 0.007244 0.014067 -0.006823
56.060000 0.013781 0.013455 0.000327
56.070000 0.001604 0.012862 -0.011258
56.080000 0.000000 0.012278 -0.012278
56.090000 0.005977 0.011650 -0.005673
56.100000 0.008595 0.010932 -0.002337
56.110000 0.001641 0.010124 -0.008483
56.120000 0.004699 0.009281 -0.004582
56.130000 0.005150 0.008488 -0.003338
56.140000 0.000000 0.007824 -0.007824
56.150000 0.008222 0.007334 0.000888
56.160000 0.000395 0.007020 -0.006626
56.170000 0.004327 0.006851 -0.002523
56.180000 0.010872 0.006783 0.004089
56.190000 0.008715 0.006800 0.001915
56.200000 0.002196 0.006934 -0.004738
56.210000 0.000000 0.007261 -0.007261
56.220000 0.002666 0.007866 -0.005200
56.230000 0.016616 0.008808 0.007809
56.240000 0.000000 0.010103 -0.010103
56.250000 0.006642 0.011716 -0.005073
56.260000 0.000000 0.013576 -0.013576
56.270000 0.001018 0.015602 -0.014584
56.280000 0.004082 0.017745 -0.013664
56.290000 0.002799 0.020032 -0.017233
56.300000 0.010652 0.022548 -0.011896
56.310000 0.001968 0.025360 -0.023391
56.320000 0.019402 0.028424 -0.009022
56.330000 0.000270 0.031538 -0.031268
56.340000 0.022057 0.034359 -0.012303
56.350000 0.019471 0.036503 -0.017032
56.360000 0.027327 0.037693 -0.010366
56.370000 0.033010 0.037879 -0.004869
56.380000 0.021280 0.037234 -0.015954
56.390000 0.032192 0.036035 -0.003843
56.400000 0.031779 0.034536 -0.002757
56.410000 0.040080 0.032866 0.007214
56.420000 0.021818 0.031034 -0.009216
56.430000 0.016185 0.029011 -0.012826
56.440000 0.013166 0.026831 -0.013665
56.450000 0.017550 0.024616 -0.007067
56.460000 0.007561 0.022524 -0.014963
56.470000 0.020654 0.020685 -0.000031
56.480000 0.012407 0.019176 -0.006768
56.490000 0.023756 0.018016 0.005739
56.500000 0.010724 0.017155 -0.006431
56.510000 0.009450 0.016471 -0.007021
56.520000 0.014702 0.015792 -0.001091
56.530000 0.021702 0.014965 0.006737
56.540000 0.021293 0.013906 0.007387
56.550000 0.016101 0.012629 0.003473
56.560000 0.007860 0.011237 -0.003378
56.570000 0.017037 0.009885 0.007152
56.580000 0.018374 0.008721 0.009653
56.590000 0.004480 0.007849 -0.003370
56.600000 0.003204 0.007298 -0.004094
56.610000 0.000000 0.007019 -0.007019
56.620000 0.000000 0.006901 -0.006901
56.630000 0.001567 0.006801 -0.005234
56.640000 0.002036 0.006585 -0.004549
56.650000 0.003815 0.006178 -0.002363
56.660000 0.000000 0.005581 -0.005581
56.670000 0.000000 0.004855 -0.004855
56.680000 0.015238 0.004092 0.011146
56.690000 0.000474 0.003375 -0.002901
56.700000 0.008781 0.002773 0.006008
56.710000 0.000000 0.002327 -0.002327
56.720000 0.000000 0.002051 -0.002051
56.730000 0.000000 0.001937 -0.001937
56.740000 0.000000 0.001967 -0.001967
56.750000 0.003316 0.002109 0.001206
56.760000 0.005095 0.002334 0.002760
56.770000 0.007311 0.002612 0.004699
56.780000 0.000000 0.002920 -0.002920
56.790000 0.000862 0.003252 -0.002390
56.800000 0.000000 0.003617 -0.003617
56.810000 0.003119 0.004050 -0.000930
56.820000 0.000000 0.004598 -0.004598
56.830000 0.007117 0.005325 0.001792
56.840000 0.004980 0.006301 -0.001321
56.850000 0.000000 0.007592 -0.007592
56.860000 0.015511 0.009244 0.006267
56.870000 0.002494 0.011271 -0.008777
56.880000 0.006453 0.013654 -0.007200
56.890000 0.018687 0.016341 0.002346
56.900000 0.013068 0.019264 -0.006195
56.910000 0.013983 0.022342 -0.008359
56.920000 0.014896 0.025467 -0.010571
56.930000 0.018422 0.028474 -0.010051
56.940000 0.021948 0.031141 -0.009193
56.950000 0.023734 0.033223 -0.009490
56.960000 0.029435 0.034535 -0.005100
56.970000 0.016854 0.035038 -0.018183
56.980000 0.024733 0.034888 -0.010154
56.990000 0.034791 0.034394 0.000398
57.000000 0.032222 0.033918 -0.001696
57.010000 0.018335 0.033763 -0.015427
57.020000 0.024474 0.034065 -0.009591
57.030000 0.017554 0.034743 -0.017189
57.040000 0.029788 0.035505 -0.005717
57.050000 0.022432 0.035947 -0.013515
57.060000 0.030313 0.035705 -0.005392
57.070000 0.032100 0.034624 -0.002524
57.080000 0.030839 0.032853 -0.002015
57.090000 0.032190 0.030780 0.001410
57.100000 0.033977 0.028835 0.005142
57.110000 0.035329 0.027319 0.008010
57.120000 0.019701 0.026306 -0.006605
57.130000 0.039338 0.025627 0.013710
57.140000 0.020663 0.024934 -0.004271
57.150000 0.021579 0.023834 -0.002254
57.160000 0.006823 0.022068 -0.015245
57.170000 0.011657 0.019627 -0.007970
57.180000 0.000000 0.016715 -0.016715
57.190000 0.009136 0.013637 -0.004501
57.200000 0.005698 0.010690 -0.004992
57.210000 0.005307 0.008101 -0.002793
57.220000 0.000563 0.006002 -0.005439
57.230000 0.003219 0.004431 -0.001212
57.240000 0.005440 0.003350 0.002090
57.250000 0.002436 0.002677 -0.000241
57.260000 0.005527 0.002320 0.003207
57.270000 0.010358 0.002187 0.008171
57.280000 0.018672 0.002204 0.016468
57.290000 0.000000 0.002304 -0.002304
57.300000 0.000000 0.002433 -0.002433
57.310000 0.000000 0.002543 -0.002543
57.320000 0.003598 0.002594 0.001004
57.330000 0.000000 0.002566 -0.002566
57.340000 0.001936 0.002452 -0.000517
57.350000 0.000000 0.002266 -0.002266
57.360000 0.005060 0.002030 0.003030
57.370000 0.000000 0.001771 -0.001771
57.380000 0.003827 0.001517 0.002310
57.390000 0.000379 0.001290 -0.000910
57.400000 0.003461 0.001103 0.002358
57.410000 0.000000 0.000962 -0.000962
57.420000 0.000000 0.000871 -0.000871
57.430000 0.000000 0.000829 -0.000829
57.440000 0.000000 0.000842 -0.000842
57.450000 0.006650 0.000920 0.005730
57.460000 0.000000 0.001084 -0.001084
57.470000 0.000000 0.001369 -0.001369
57.480000 0.000181 0.001816 -0.001635
57.490000 0.000000 0.002473 -0.002473
57.500000 0.000000 0.003380 -0.003380
57.510000 0.000000 0.004557 -0.004557
57.520000 0.000000 0.005991 -0.005991
57.530000 0.006347 0.007618 -0.001271
57.540000 0.000000 0.009328 -0.009328
57.550000 0.005498 0.010964 -0.005466
57.560000 0.014215 0.012359 0.001857
57.570000 0.010306 0.013371 -0.003064
57.580000 0.005526 0.013925 -0.008398
57.590000 0.019466 0.014019 0.005447
57.600000 0.000000 0.013724 -0.013724
57.610000 0.003808 0.013159 -0.009351
57.620000 0.009909 0.012463 -0.002554
57.630000 0.002079 0.011752 -0.009673
57.640000 0.005566 0.011098 -0.005531
57.650000 0.012101 0.010517 0.001584
57.660000 0.005574 0.009981 -0.004407
57.670000 0.004271 0.009446 -0.005175
57.680000 0.003403 0.008875 -0.005472
57.690000 0.000000 0.008265 -0.008265
57.700000 0.004277 0.007656 -0.003378
57.710000 0.000000 0.007105 -0.007105
57.720000 0.010374 0.006665 0.003709
57.730000 0.005150 0.006360 -0.001210
57.740000 0.000362 0.006185 -0.005823
57.750000 0.014729 0.006114 0.008615
57.760000 0.006022 0.006120 -0.000098
57.770000 0.002974 0.006188 -0.003214
57.780000 0.000000 0.006323 -0.006323
57.790000 0.001233 0.006544 -0.005312
57.800000 0.000000 0.006888 -0.006888
57.810000 0.002974 0.007383 -0.004409
57.820000 0.015600 0.008030 0.007570
57.830000 0.009940 0.008771 0.001169
57.840000 0.004281 0.009489 -0.005209
57.850000 0.007763 0.010027 -0.002263
57.860000 0.002104 0.010223 -0.008119
57.870000 0.006022 0.009984 -0.003962
57.880000 0.016036 0.009325 0.006711
57.890000 0.009941 0.008362 0.001579
57.900000 0.001669 0.007260 -0.005591
57.910000 0.003411 0.006174 -0.002763
57.920000 0.012554 0.005217 0.007337
57.930000 0.008200 0.004451 0.003749
57.940000 0.000000 0.003892 -0.003892
57.950000 0.004283 0.003522 0.000761
57.960000 0.014297 0.003315 0.010982
57.970000 0.002978 0.003254 -0.000276
57.980000 0.002108 0.003326 -0.001219
57.990000 0.000000 0.003517 -0.003517
58.000000 0.000000 0.003797 -0.003797
58.010000 0.013864 0.004117 0.009747
58.020000 0.006028 0.004409 0.001620
58.030000 0.001240 0.004598 -0.003359
58.040000 0.000000 0.004628 -0.004628
58.050000 0.009077 0.004476 0.004601
58.060000 0.000000 0.004176 -0.004176
58.070000 0.000000 0.003801 -0.003801
58.080000 0.000000 0.003449 -0.003449
58.090000 0.000374 0.003225 -0.002851
58.100000 0.000000 0.003228 -0.003228
58.110000 0.000000 0.003541 -0.003541
58.120000 0.004296 0.004225 0.000071
58.130000 0.004732 0.005309 -0.000577
58.140000 0.004298 0.006776 -0.002479
58.150000 0.000000 0.008553 -0.008553
58.160000 0.003865 0.010500 -0.006635
58.170000 0.004301 0.012424 -0.008123
58.180000 0.013881 0.014099 -0.000218
58.190000 0.012576 0.015310 -0.002735
58.200000 0.009530 0.015902 -0.006373
58.210000 0.013449 0.015830 -0.002381
58.220000 0.014757 0.015199 -0.000441
58.230000 0.004310 0.014253 -0.009943
58.240000 0.005183 0.013312 -0.008129
58.250000 0.020857 0.012684 0.008172
58.260000 0.015199 0.012588 0.002611
58.270000 0.013024 0.013106 -0.000082
58.280000 0.004754 0.014161 -0.009407
58.290000 0.016510 0.015526 0.000983
58.300000 0.014771 0.016869 -0.002099
58.310000 0.016949 0.017824 -0.000875
58.320000 0.008679 0.018091 -0.009411
58.330000 0.011729 0.017520 -0.005792
58.340000 0.013472 0.016143 -0.002671
58.350000 0.010862 0.014147 -0.003285
58.360000 0.012170 0.011812 0.000358
58.370000 0.000000 0.009429 -0.009429
58.380000 0.008256 0.007228 0.001028
58.390000 0.004340 0.005360 -0.001020
58.400000 0.005213 0.003885 0.001328
58.410000 0.013051 0.002798 0.010253
58.420000 0.001299 0.002049 -0.000750
58.430000 0.006525 0.001567 0.004958
58.440000 0.000000 0.001285 -0.001285
58.450000 0.005224 0.001150 0.004074
58.460000 0.000000 0.001132 -0.001132
58.470000 0.000000 0.001227 -0.001227
58.480000 0.005666 0.001453 0.004213
58.490000 0.006104 0.001854 0.004251
58.500000 0.002624 0.002483 0.000142
58.510000 0.008721 0.003396 0.005325
58.520000 0.000000 0.004632 -0.004632
58.530000 0.000000 0.006190 -0.006190
58.540000 0.009600 0.008009 0.001591
58.550000 0.004378 0.009965 -0.005586
58.560000 0.000000 0.011872 -0.011872
58.570000 0.005254 0.013513 -0.008259
58.580000 0.013964 0.014694 -0.000729
58.590000 0.006566 0.015320 -0.008754
58.600000 0.004827 0.015456 -0.010629
58.610000 0.006136 0.015302 -0.009166
58.620000 0.003092 0.015101 -0.012009
58.630000 0.014414 0.015056 -0.000642
58.640000 0.010064 0.015282 -0.005218
58.650000 0.012679 0.015782 -0.003103
58.660000 0.021390 0.016448 0.004942
58.670000 0.018780 0.017085 0.001695
58.680000 0.010513 0.017465 -0.006952
58.690000 0.009645 0.017399 -0.007754
58.700000 0.015309 0.016825 -0.001516
58.710000 0.002251 0.015844 -0.013592
58.720000 0.006175 0.014675 -0.008500
58.730000 0.015755 0.013556 0.002199
58.740000 0.007488 0.012666 -0.005177
58.750000 0.017069 0.012075 0.004994
58.760000 0.002707 0.011742 -0.009035
58.770000 0.000970 0.011532 -0.010562
58.780000 0.000105 0.011277 -0.011172
58.790000 0.021440 0.010832 0.010609
58.800000 0.028848 0.010113 0.018734
58.810000 0.000000 0.009114 -0.009114
58.820000 0.007089 0.007902 -0.000813
58.830000 0.007094 0.006594 0.000500
58.840000 0.015372 0.005314 0.010058
58.850000 0.001010 0.004164 -0.003154
58.860000 0.000000 0.003206 -0.003206
58.870000 0.000000 0.002467 -0.002467
58.880000 0.000000 0.001944 -0.001944
58.890000 0.000598 0.001619 -0.001021
58.900000 0.000000 0.001472 -0.001472
58.910000 0.000000 0.001493 -0.001493
58.920000 0.000000 0.001687 -0.001687
58.930000 0.000000 0.002078 -0.002078
58.940000 0.000000 0.002698 -0.002698
58.950000 0.000000 0.003582 -0.003582
58.960000 0.017630 0.004749 0.012882
58.970000 0.005011 0.006193 -0.001182
58.980000 0.000232 0.007871 -0.007639
58.990000 0.000000 0.009704 -0.009704
59.000000 0.004166 0.011580 -0.007413
59.010000 0.002870 0.013374 -0.010505
59.020000 0.012895 0.014988 -0.002093
59.030000 0.012467 0.016381 -0.003914
59.040000 0.008997 0.017564 -0.008566
59.050000 0.000000 0.018555 -0.018555
59.060000 0.013808 0.019348 -0.005541
59.070000 0.008592 0.019928 -0.011336
59.080000 0.021670 0.020317 0.001353
59.090000 0.033866 0.020618 0.013248
59.100000 0.018646 0.020987 -0.002341
59.110000 0.008204 0.021551 -0.013346
59.120000 0.013447 0.022330 -0.008883
59.130000 0.013890 0.023223 -0.009333
59.140000 0.015215 0.024025 -0.008810
59.150000 0.014787 0.024483 -0.009695
59.160000 0.017420 0.024345 -0.006926
59.170000 0.009592 0.023433 -0.013841
59.180000 0.011354 0.021714 -0.010360
59.190000 0.004397 0.019346 -0.014949
59.200000 0.007027 0.016634 -0.009606
59.210000 0.011830 0.013937 -0.002108
59.220000 0.012719 0.011584 0.001136
59.230000 0.002719 0.009812 -0.007093
59.240000 0.000000 0.008747 -0.008747
59.250000 0.000000 0.008398 -0.008398
59.260000 0.000000 0.008676 -0.008676
59.270000 0.006271 0.009418 -0.003146
59.280000 0.005858 0.010429 -0.004571
59.290000 0.008922 0.011522 -0.002601
59.300000 0.015040 0.012566 0.002475
59.310000 0.011139 0.013520 -0.002382
59.320000 0.002891 0.014445 -0.011554
59.330000 0.014661 0.015437 -0.000776
59.340000 0.005543 0.016552 -0.011008
59.350000 0.021234 0.017732 0.003503
59.360000 0.018213 0.018795 -0.000583
59.370000 0.010832 0.019468 -0.008636
59.380000 0.021745 0.019467 0.002278
59.390000 0.012186 0.018628 -0.006442
59.400000 0.006988 0.016988 -0.010000
59.410000 0.007446 0.014770 -0.007323
59.420000 0.011825 0.012291 -0.000466
59.430000 0.005756 0.009867 -0.004111
59.440000 0.012750 0.007760 0.004990
59.450000 0.009292 0.006146 0.003146
59.460000 0.014549 0.005111 0.009437
59.470000 0.004123 0.004663 -0.000540
59.480000 0.000000 0.004740 -0.004740
59.490000 0.000000 0.005233 -0.005233
59.500000 0.003342 0.005992 -0.002650
59.510000 0.009900 0.006841 0.003059
59.520000 0.003405 0.007594 -0.004189
59.530000 0.000000 0.008077 -0.008077
59.540000 0.000000 0.008172 -0.008172
59.550000 0.010028 0.007863 0.002165
59.560000 0.001358 0.007237 -0.005879
59.570000 0.002693 0.006452 -0.003759
59.580000 0.010131 0.005676 0.004455
59.590000 0.008422 0.005053 0.003368
59.600000 0.009331 0.004679 0.004652
59.610000 0.000657 0.004590 -0.003934
59.620000 0.012889 0.004771 0.008117
59.630000 0.007261 0.005160 0.002102
59.640000 0.012090 0.005668 0.006422
59.650000 0.009949 0.006206 0.003743
59.660000 0.008248 0.006700 0.001548
59.670000 0.011770 0.007111 0.004659
59.680000 0.003977 0.007435 -0.003458
59.690000 0.007933 0.007678 0.000256
59.700000 0.000000 0.007835 -0.007835
59.710000 0.016724 0.007886 0.008838
59.720000 0.005014 0.007808 -0.002795
59.730000 0.012022 0.007592 0.004430
59.740000 0.006410 0.007237 -0.000828
59.750000 0.007322 0.006745 0.000576
59.760000 0.008678 0.006123 0.002554
59.770000 0.000000 0.005398 -0.005398
59.780000 0.003110 0.004623 -0.001513
59.790000 0.007074 0.003863 0.003211
59.800000 0.009303 0.003175 0.006129
59.810000 0.008478 0.002598 0.005880
59.820000 0.000000 0.002150 -0.002150
59.830000 0.000000 0.001827 -0.001827
59.840000 0.012113 0.001611 0.010502
59.850000 0.003023 0.001472 0.001551
59.860000 0.016573 0.001380 0.015193
59.870000 0.000519 0.001311 -0.000792
59.880000 0.000000 0.001250 -0.001250
59.890000 0.003679 0.001217 0.002462
