5.00000	6207.00000
5.02000	6236.00000
5.04000	6225.00000
5.06000	6182.00000
5.08000	6391.00000
5.10000	5879.00000
5.12000	6216.00000
5.14000	6260.00000
5.16000	6213.00000
5.18000	6037.00000
5.20000	6195.00000
5.22000	6117.00000
5.24000	6132.00000
5.26000	6187.00000
5.28000	6205.00000
5.30000	6134.00000
5.32000	6168.00000
5.34000	6134.00000
5.36000	6214.00000
5.38000	6149.00000
5.40000	6170.00000
5.42000	6222.00000
5.44000	6114.00000
5.46000	6167.00000
5.48000	5988.00000
5.50000	6215.00000
5.52000	6291.00000
5.54000	6112.00000
5.56000	6038.00000
5.58000	6138.00000
5.60000	6095.00000
5.62000	6238.00000
5.64000	6131.00000
5.66000	6149.00000
5.68000	6144.00000
5.70000	6097.00000
5.72000	6114.00000
5.74000	6091.00000
5.76000	5839.00000
5.78000	6155.00000
5.80000	6102.00000
5.82000	6226.00000
5.84000	5977.00000
5.86000	5989.00000
5.88000	6100.00000
5.90000	6135.00000
5.92000	6068.00000
5.94000	5915.00000
5.96000	5934.00000
5.98000	6093.00000
6.00000	6106.00000
6.02000	6034.00000
6.04000	6103.00000
6.06000	6116.00000
6.08000	6067.00000
6.10000	5992.00000
6.12000	5974.00000
6.14000	6116.00000
6.16000	5926.00000
6.18000	6124.00000
6.20000	5976.00000
6.22000	6022.00000
6.24000	5952.00000
6.26000	5928.00000
6.28000	6061.00000
6.30000	5966.00000
6.32000	6010.00000
6.34000	6009.00000
6.36000	5910.00000
6.38000	6003.00000
6.40000	5902.00000
6.42000	6013.00000
6.44000	6012.00000
6.46000	5884.00000
6.48000	5979.00000
6.50000	6107.00000
6.52000	6074.00000
6.54000	5961.00000
6.56000	5862.00000
6.58000	5966.00000
6.60000	5962.00000
6.62000	5950.00000
6.64000	6042.00000
6.66000	5905.00000
6.68000	5903.00000
6.70000	5981.00000
6.72000	5972.00000
6.74000	5916.00000
6.76000	5812.00000
6.78000	6060.00000
6.80000	5771.00000
6.82000	5871.00000
6.84000	5797.00000
6.86000	5887.00000
6.88000	6029.00000
6.90000	5907.00000
6.92000	5927.00000
6.94000	5901.00000
6.96000	5938.00000
6.98000	5950.00000
7.00000	5861.00000
7.02000	5979.00000
7.04000	5943.00000
7.06000	5962.00000
7.08000	5723.00000
7.10000	5807.00000
7.12000	5839.00000
7.14000	5890.00000
7.16000	5887.00000
7.18000	5707.00000
7.20000	5876.00000
7.22000	5807.00000
7.24000	5746.00000
7.26000	5826.00000
7.28000	5808.00000
7.30000	5937.00000
7.32000	5867.00000
7.34000	5762.00000
7.36000	5746.00000
7.38000	5897.00000
7.40000	5916.00000
7.42000	5848.00000
7.44000	5953.00000
7.46000	5843.00000
7.48000	5833.00000
7.50000	5791.00000
7.52000	5814.00000
7.54000	5748.00000
7.56000	5872.00000
7.58000	5812.00000
7.60000	5779.00000
7.62000	5823.00000
7.64000	5768.00000
7.66000	5764.00000
7.68000	5780.00000
7.70000	5737.00000
7.72000	5828.00000
7.74000	5916.00000
7.76000	5633.00000
7.78000	5854.00000
7.80000	5890.00000
7.82000	5852.00000
7.84000	5749.00000
7.86000	5708.00000
7.88000	5770.00000
7.90000	5731.00000
7.92000	5813.00000
7.94000	5646.00000
7.96000	5672.00000
7.98000	5800.00000
8.00000	5743.00000
8.02000	5889.00000
8.04000	5709.00000
8.06000	5841.00000
8.08000	5833.00000
8.10000	5863.00000
8.12000	5747.00000
8.14000	5784.00000
8.16000	5727.00000
8.18000	5777.00000
8.20000	5794.00000
8.22000	5710.00000
8.24000	5678.00000
8.26000	5628.00000
8.28000	5700.00000
8.30000	5765.00000
8.32000	5778.00000
8.34000	5678.00000
8.36000	5835.00000
8.38000	5892.00000
8.40000	5750.00000
8.42000	5739.00000
8.44000	5792.00000
8.46000	5721.00000
8.48000	5801.00000
8.50000	5669.00000
8.52000	5569.00000
8.54000	5694.00000
8.56000	5598.00000
8.58000	5623.00000
8.60000	5621.00000
8.62000	5717.00000
8.64000	5697.00000
8.66000	5673.00000
8.68000	5645.00000
8.70000	5620.00000
8.72000	5622.00000
8.74000	5698.00000
8.76000	5534.00000
8.78000	5598.00000
8.80000	5667.00000
8.82000	5672.00000
8.84000	5636.00000
8.86000	5828.00000
8.88000	5691.00000
8.90000	5712.00000
8.92000	5689.00000
8.94000	5632.00000
8.96000	5684.00000
8.98000	5663.00000
9.00000	5637.00000
9.02000	5651.00000
9.04000	5648.00000
9.06000	5716.00000
9.08000	5517.00000
9.10000	5673.00000
9.12000	5756.00000
9.14000	5744.00000
9.16000	5611.00000
9.18000	5621.00000
9.20000	5430.00000
9.22000	5676.00000
9.24000	5544.00000
9.26000	5676.00000
9.28000	5718.00000
9.30000	5680.00000
9.32000	5531.00000
9.34000	5552.00000
9.36000	5643.00000
9.38000	5524.00000
9.40000	5708.00000
9.42000	5623.00000
9.44000	5517.00000
9.46000	5602.00000
9.48000	5591.00000
9.50000	5515.00000
9.52000	5630.00000
9.54000	5604.00000
9.56000	5604.00000
9.58000	5547.00000
9.60000	5560.00000
9.62000	5582.00000
9.64000	5647.00000
9.66000	5719.00000
9.68000	5595.00000
9.70000	5546.00000
9.72000	5676.00000
9.74000	5630.00000
9.76000	5709.00000
9.78000	5590.00000
9.80000	5679.00000
9.82000	5635.00000
9.84000	5572.00000
9.86000	5539.00000
9.88000	5471.00000
9.90000	5523.00000
9.92000	5652.00000
9.94000	5679.00000
9.96000	5591.00000
9.98000	5701.00000
10.00000	5757.00000
10.02000	5535.00000
10.04000	5549.00000
10.06000	5461.00000
10.08000	5499.00000
10.10000	5516.00000
10.12000	5766.00000
10.14000	5642.00000
10.16000	5641.00000
10.18000	5598.00000
10.20000	5680.00000
10.22000	5632.00000
10.24000	5588.00000
10.26000	5577.00000
10.28000	5538.00000
10.30000	5652.00000
10.32000	5600.00000
10.34000	5654.00000
10.36000	5524.00000
10.38000	5679.00000
10.40000	5690.00000
10.42000	5688.00000
10.44000	5525.00000
10.46000	5569.00000
10.48000	5594.00000
10.50000	5540.00000
10.52000	5488.00000
10.54000	5696.00000
10.56000	5564.00000
10.58000	5514.00000
10.60000	5673.00000
10.62000	5707.00000
10.64000	5577.00000
10.66000	5604.00000
10.68000	5587.00000
10.70000	5599.00000
10.72000	5588.00000
10.74000	5541.00000
10.76000	5525.00000
10.78000	5587.00000
10.80000	5468.00000
10.82000	5659.00000
10.84000	5581.00000
10.86000	5594.00000
10.88000	5734.00000
10.90000	5644.00000
10.92000	5528.00000
10.94000	5585.00000
10.96000	5615.00000
10.98000	5511.00000
11.00000	5460.00000
11.02000	5557.00000
11.04000	5561.00000
11.06000	5397.00000
11.08000	5619.00000
11.10000	5614.00000
11.12000	5537.00000
11.14000	5490.00000
11.16000	5474.00000
11.18000	5474.00000
11.20000	5451.00000
11.22000	5592.00000
11.24000	5601.00000
11.26000	5471.00000
11.28000	5495.00000
11.30000	5588.00000
11.32000	5649.00000
11.34000	5476.00000
11.36000	5429.00000
11.38000	5479.00000
11.40000	5513.00000
11.42000	5501.00000
11.44000	5643.00000
11.46000	5572.00000
11.48000	5622.00000
11.50000	5450.00000
11.52000	5437.00000
11.54000	5577.00000
11.56000	5376.00000
11.58000	5400.00000
11.60000	5566.00000
11.62000	5538.00000
11.64000	5396.00000
11.66000	5315.00000
11.68000	5469.00000
11.70000	5354.00000
11.72000	5392.00000
11.74000	5453.00000
11.76000	5381.00000
11.78000	5624.00000
11.80000	5357.00000
11.82000	5446.00000
11.84000	5536.00000
11.86000	5262.00000
11.88000	5381.00000
11.90000	5466.00000
11.92000	5468.00000
11.94000	5474.00000
11.96000	5363.00000
11.98000	5469.00000
12.00000	5371.00000
12.02000	5397.00000
12.04000	5291.00000
12.06000	5309.00000
12.08000	5373.00000
12.10000	5337.00000
12.12000	5401.00000
12.14000	5386.00000
12.16000	5343.00000
12.18000	5431.00000
12.20000	5451.00000
12.22000	5394.00000
12.24000	5384.00000
12.26000	5455.00000
12.28000	5525.00000
12.30000	5675.00000
12.32000	5811.00000
12.34000	5993.00000
12.36000	6162.00000
12.38000	6385.00000
12.40000	6816.00000
12.42000	7305.00000
12.44000	8120.00000
12.46000	9201.00000
12.48000	10327.00000
12.50000	11727.00000
12.52000	12820.00000
12.54000	12736.00000
12.56000	11688.00000
12.58000	9755.00000
12.60000	8045.00000
12.62000	6964.00000
12.64000	6175.00000
12.66000	5930.00000
12.68000	5590.00000
12.70000	5504.00000
12.72000	5378.00000
12.74000	5573.00000
12.76000	5339.00000
12.78000	5335.00000
12.80000	5354.00000
12.82000	5251.00000
12.84000	5274.00000
12.86000	5379.00000
12.88000	5317.00000
12.90000	5267.00000
12.92000	5444.00000
12.94000	5331.00000
12.96000	5332.00000
12.98000	5293.00000
13.00000	5154.00000
13.02000	5259.00000
13.04000	5227.00000
13.06000	5241.00000
13.08000	5306.00000
13.10000	5265.00000
13.12000	5291.00000
13.14000	5202.00000
13.16000	5165.00000
13.18000	5262.00000
13.20000	5214.00000
13.22000	5189.00000
13.24000	5234.00000
13.26000	5203.00000
13.28000	5311.00000
13.30000	5171.00000
13.32000	5323.00000
13.34000	5169.00000
13.36000	5155.00000
13.38000	5187.00000
13.40000	5143.00000
13.42000	5288.00000
13.44000	5184.00000
13.46000	5117.00000
13.48000	5167.00000
13.50000	5317.00000
13.52000	5230.00000
13.54000	5172.00000
13.56000	5267.00000
13.58000	5266.00000
13.60000	5251.00000
13.62000	5276.00000
13.64000	5208.00000
13.66000	5146.00000
13.68000	5106.00000
13.70000	5094.00000
13.72000	5068.00000
13.74000	5097.00000
13.76000	5084.00000
13.78000	5089.00000
13.80000	5043.00000
13.82000	5084.00000
13.84000	5031.00000
13.86000	5075.00000
13.88000	4995.00000
13.90000	5125.00000
13.92000	5188.00000
13.94000	5197.00000
13.96000	5249.00000
13.98000	5216.00000
14.00000	5316.00000
14.02000	5274.00000
14.04000	5002.00000
14.06000	5085.00000
14.08000	5202.00000
14.10000	5224.00000
14.12000	5035.00000
14.14000	5164.00000
14.16000	5095.00000
14.18000	5180.00000
14.20000	5069.00000
14.22000	5091.00000
14.24000	5046.00000
14.26000	4996.00000
14.28000	4968.00000
14.30000	5167.00000
14.32000	5137.00000
14.34000	5155.00000
14.36000	5025.00000
14.38000	5051.00000
14.40000	5051.00000
14.42000	5104.00000
14.44000	4920.00000
14.46000	5006.00000
14.48000	4973.00000
14.50000	4951.00000
14.52000	4960.00000
14.54000	4979.00000
14.56000	4868.00000
14.58000	5070.00000
14.60000	4944.00000
14.62000	4845.00000
14.64000	4948.00000
14.66000	5010.00000
14.68000	4887.00000
14.70000	4923.00000
14.72000	4892.00000
14.74000	4941.00000
14.76000	4849.00000
14.78000	4916.00000
14.80000	4973.00000
14.82000	5069.00000
14.84000	4950.00000
14.86000	4917.00000
14.88000	4922.00000
14.90000	4898.00000
14.92000	5004.00000
14.94000	4911.00000
14.96000	4920.00000
14.98000	4973.00000
15.00000	4889.00000
15.02000	5025.00000
15.04000	4788.00000
15.06000	5025.00000
15.08000	4866.00000
15.10000	4820.00000
15.12000	4949.00000
15.14000	4995.00000
15.16000	4953.00000
15.18000	4928.00000
15.20000	5008.00000
15.22000	4854.00000
15.24000	4963.00000
15.26000	4815.00000
15.28000	4976.00000
15.30000	4791.00000
15.32000	4926.00000
15.34000	4936.00000
15.36000	4875.00000
15.38000	4849.00000
15.40000	4880.00000
15.42000	4882.00000
15.44000	4923.00000
15.46000	4943.00000
15.48000	4918.00000
15.50000	4915.00000
15.52000	4984.00000
15.54000	4849.00000
15.56000	4958.00000
15.58000	4901.00000
15.60000	4954.00000
15.62000	4923.00000
15.64000	4863.00000
15.66000	4942.00000
15.68000	4913.00000
15.70000	4724.00000
15.72000	4956.00000
15.74000	4873.00000
15.76000	5012.00000
15.78000	4841.00000
15.80000	4919.00000
15.82000	4821.00000
15.84000	4849.00000
15.86000	4888.00000
15.88000	4917.00000
15.90000	4778.00000
15.92000	4946.00000
15.94000	4915.00000
15.96000	4749.00000
15.98000	4831.00000
16.00000	4832.00000
16.02000	4792.00000
16.04000	4763.00000
16.06000	4817.00000
16.08000	4917.00000
16.10000	4871.00000
16.12000	4843.00000
16.14000	4755.00000
16.16000	4686.00000
16.18000	4682.00000
16.20000	4918.00000
16.22000	4813.00000
16.24000	4763.00000
16.26000	4754.00000
16.28000	4955.00000
16.30000	4789.00000
16.32000	4922.00000
16.34000	4818.00000
16.36000	4788.00000
16.38000	4752.00000
16.40000	4730.00000
16.42000	4832.00000
16.44000	4853.00000
16.46000	4799.00000
16.48000	4900.00000
16.50000	4738.00000
16.52000	4851.00000
16.54000	4768.00000
16.56000	4860.00000
16.58000	4736.00000
16.60000	4773.00000
16.62000	4839.00000
16.64000	4639.00000
16.66000	4819.00000
16.68000	4811.00000
16.70000	4672.00000
16.72000	4767.00000
16.74000	4691.00000
16.76000	4775.00000
16.78000	4803.00000
16.80000	4798.00000
16.82000	4835.00000
16.84000	4818.00000
16.86000	4848.00000
16.88000	4754.00000
16.90000	4788.00000
16.92000	4816.00000
16.94000	4784.00000
16.96000	4715.00000
16.98000	4727.00000
17.00000	4778.00000
17.02000	4807.00000
17.04000	4796.00000
17.06000	4868.00000
17.08000	4773.00000
17.10000	4841.00000
17.12000	4666.00000
17.14000	4921.00000
17.16000	4876.00000
17.18000	4817.00000
17.20000	4664.00000
17.22000	4819.00000
17.24000	4774.00000
17.26000	4714.00000
17.28000	4770.00000
17.30000	4852.00000
17.32000	4805.00000
17.34000	4734.00000
17.36000	4768.00000
17.38000	4868.00000
17.40000	4972.00000
17.42000	4897.00000
17.44000	5039.00000
17.46000	5093.00000
17.48000	5269.00000
17.50000	5235.00000
17.52000	5085.00000
17.54000	4953.00000
17.56000	4924.00000
17.58000	4931.00000
17.60000	4859.00000
17.62000	5034.00000
17.64000	5054.00000
17.66000	4916.00000
17.68000	5171.00000
17.70000	5346.00000
17.72000	5392.00000
17.74000	5481.00000
17.76000	5328.00000
17.78000	5267.00000
17.80000	5135.00000
17.82000	4948.00000
17.84000	4937.00000
17.86000	4751.00000
17.88000	4747.00000
17.90000	4778.00000
17.92000	4837.00000
17.94000	4799.00000
17.96000	4750.00000
17.98000	4780.00000
18.00000	4827.00000
18.02000	4811.00000
18.04000	4724.00000
18.06000	4716.00000
18.08000	4807.00000
18.10000	4832.00000
18.12000	4760.00000
18.14000	4755.00000
18.16000	4724.00000
18.18000	4810.00000
18.20000	4814.00000
18.22000	4898.00000
18.24000	4889.00000
18.26000	4897.00000
18.28000	4823.00000
18.30000	4776.00000
18.32000	4820.00000
18.34000	4874.00000
18.36000	4727.00000
18.38000	4803.00000
18.40000	4823.00000
18.42000	4702.00000
18.44000	4882.00000
18.46000	4916.00000
18.48000	4718.00000
18.50000	4864.00000
18.52000	4950.00000
18.54000	4869.00000
18.56000	4799.00000
18.58000	4851.00000
18.60000	4864.00000
18.62000	4958.00000
18.64000	4896.00000
18.66000	4874.00000
18.68000	4874.00000
18.70000	4837.00000
18.72000	4878.00000
18.74000	4851.00000
18.76000	4881.00000
18.78000	4828.00000
18.80000	4819.00000
18.82000	4821.00000
18.84000	4982.00000
18.86000	4889.00000
18.88000	5021.00000
18.90000	4948.00000
18.92000	4933.00000
18.94000	4942.00000
18.96000	4789.00000
18.98000	4856.00000
19.00000	4949.00000
19.02000	4967.00000
19.04000	4956.00000
19.06000	4925.00000
19.08000	5031.00000
19.10000	5030.00000
19.12000	4913.00000
19.14000	4929.00000
19.16000	4902.00000
19.18000	4980.00000
19.20000	4922.00000
19.22000	4862.00000
19.24000	5032.00000
19.26000	4880.00000
19.28000	4960.00000
19.30000	4948.00000
19.32000	4970.00000
19.34000	5033.00000
19.36000	4895.00000
19.38000	4954.00000
19.40000	4988.00000
19.42000	4987.00000
19.44000	4913.00000
19.46000	4867.00000
19.48000	4961.00000
19.50000	4917.00000
19.52000	4950.00000
19.54000	4967.00000
19.56000	4957.00000
19.58000	4924.00000
19.60000	4913.00000
19.62000	4877.00000
19.64000	4960.00000
19.66000	4849.00000
19.68000	4926.00000
19.70000	4913.00000
19.72000	4882.00000
19.74000	4933.00000
19.76000	4837.00000
19.78000	4861.00000
19.80000	4977.00000
19.82000	4814.00000
19.84000	4837.00000
19.86000	4833.00000
19.88000	4866.00000
19.90000	4854.00000
19.92000	4945.00000
19.94000	4851.00000
19.96000	4825.00000
19.98000	4940.00000
20.00000	4873.00000
20.02000	4852.00000
20.04000	4916.00000
20.06000	4865.00000
20.08000	4934.00000
20.10000	4854.00000
20.12000	4741.00000
20.14000	4810.00000
20.16000	4831.00000
20.18000	4883.00000
20.20000	4914.00000
20.22000	4757.00000
20.24000	4700.00000
20.26000	4770.00000
20.28000	4817.00000
20.30000	4755.00000
20.32000	4883.00000
20.34000	4795.00000
20.36000	4760.00000
20.38000	4750.00000
20.40000	4772.00000
20.42000	4772.00000
20.44000	4782.00000
20.46000	4652.00000
20.48000	4664.00000
20.50000	4807.00000
20.52000	4798.00000
20.54000	4666.00000
20.56000	4779.00000
20.58000	4743.00000
20.60000	4706.00000
20.62000	4753.00000
20.64000	4826.00000
20.66000	4693.00000
20.68000	4677.00000
20.70000	4675.00000
20.72000	4641.00000
20.74000	4718.00000
20.76000	4571.00000
20.78000	4732.00000
20.80000	4689.00000
20.82000	4748.00000
20.84000	4659.00000
20.86000	4682.00000
20.88000	4688.00000
20.90000	4608.00000
20.92000	4670.00000
20.94000	4597.00000
20.96000	4640.00000
20.98000	4648.00000
21.00000	4713.00000
21.02000	4634.00000
21.04000	4720.00000
21.06000	4751.00000
21.08000	4712.00000
21.10000	4700.00000
21.12000	4637.00000
21.14000	4752.00000
21.16000	4729.00000
21.18000	4821.00000
21.20000	4851.00000
21.22000	4714.00000
21.24000	4819.00000
21.26000	4778.00000
21.28000	4789.00000
21.30000	4890.00000
21.32000	4906.00000
21.34000	4985.00000
21.36000	5102.00000
21.38000	5486.00000
21.40000	5841.00000
21.42000	6490.00000
21.44000	7469.00000
21.46000	9154.00000
21.48000	11423.00000
21.50000	14569.00000
21.52000	18090.00000
21.54000	20354.00000
21.56000	19819.00000
21.58000	17202.00000
21.60000	13217.00000
21.62000	9814.00000
21.64000	7402.00000
21.66000	6205.00000
21.68000	5409.00000
21.70000	5170.00000
21.72000	5004.00000
21.74000	4785.00000
21.76000	4751.00000
21.78000	4756.00000
21.80000	4636.00000
21.82000	4672.00000
21.84000	4750.00000
21.86000	4590.00000
21.88000	4703.00000
21.90000	4714.00000
21.92000	4546.00000
21.94000	4457.00000
21.96000	4474.00000
21.98000	4477.00000
22.00000	4497.00000
22.02000	4577.00000
22.04000	4472.00000
22.06000	4476.00000
22.08000	4599.00000
22.10000	4557.00000
22.12000	4517.00000
22.14000	4482.00000
22.16000	4469.00000
22.18000	4540.00000
22.20000	4546.00000
22.22000	4445.00000
22.24000	4348.00000
22.26000	4471.00000
22.28000	4277.00000
22.30000	4444.00000
22.32000	4450.00000
22.34000	4401.00000
22.36000	4369.00000
22.38000	4375.00000
22.40000	4330.00000
22.42000	4461.00000
22.44000	4290.00000
22.46000	4412.00000
22.48000	4418.00000
22.50000	4419.00000
22.52000	4294.00000
22.54000	4343.00000
22.56000	4403.00000
22.58000	4376.00000
22.60000	4425.00000
22.62000	4307.00000
22.64000	4339.00000
22.66000	4341.00000
22.68000	4225.00000
22.70000	4330.00000
22.72000	4322.00000
22.74000	4412.00000
22.76000	4388.00000
22.78000	4414.00000
22.80000	4401.00000
22.82000	4314.00000
22.84000	4252.00000
22.86000	4339.00000
22.88000	4293.00000
22.90000	4196.00000
22.92000	4429.00000
22.94000	4242.00000
22.96000	4230.00000
22.98000	4355.00000
23.00000	4263.00000
23.02000	4281.00000
23.04000	4290.00000
23.06000	4244.00000
23.08000	4232.00000
23.10000	4371.00000
23.12000	4247.00000
23.14000	4297.00000
23.16000	4398.00000
23.18000	4338.00000
23.20000	4188.00000
23.22000	4310.00000
23.24000	4282.00000
23.26000	4188.00000
23.28000	4202.00000
23.30000	4264.00000
23.32000	4230.00000
23.34000	4234.00000
23.36000	4248.00000
23.38000	4260.00000
23.40000	4159.00000
23.42000	4232.00000
23.44000	4244.00000
23.46000	4221.00000
23.48000	4246.00000
23.50000	4157.00000
23.52000	4147.00000
23.54000	4242.00000
23.56000	4176.00000
23.58000	4271.00000
23.60000	4209.00000
23.62000	4252.00000
23.64000	4341.00000
23.66000	4118.00000
23.68000	4111.00000
23.70000	4241.00000
23.72000	4215.00000
23.74000	4255.00000
23.76000	4157.00000
23.78000	4209.00000
23.80000	4078.00000
23.82000	4216.00000
23.84000	4141.00000
23.86000	4119.00000
23.88000	4149.00000
23.90000	4192.00000
23.92000	4184.00000
23.94000	4167.00000
23.96000	4142.00000
23.98000	4118.00000
24.00000	4099.00000
24.02000	4229.00000
24.04000	4183.00000
24.06000	4206.00000
24.08000	4200.00000
24.10000	4155.00000
24.12000	4201.00000
24.14000	4269.00000
24.16000	4196.00000
24.18000	4105.00000
24.20000	4217.00000
24.22000	4205.00000
24.24000	4167.00000
24.26000	4057.00000
24.28000	4088.00000
24.30000	4179.00000
24.32000	4131.00000
24.34000	4118.00000
24.36000	4075.00000
24.38000	4104.00000
24.40000	4110.00000
24.42000	4063.00000
24.44000	4179.00000
24.46000	4142.00000
24.48000	4067.00000
24.50000	4167.00000
24.52000	4244.00000
24.54000	4156.00000
24.56000	4143.00000
24.58000	4179.00000
24.60000	3987.00000
24.62000	4130.00000
24.64000	4110.00000
24.66000	4118.00000
24.68000	4066.00000
24.70000	4107.00000
24.72000	4052.00000
24.74000	4198.00000
24.76000	4095.00000
24.78000	4064.00000
24.80000	4077.00000
24.82000	4170.00000
24.84000	4115.00000
24.86000	4277.00000
24.88000	4176.00000
24.90000	4250.00000
24.92000	4459.00000
24.94000	4457.00000
24.96000	4689.00000
24.98000	4897.00000
25.00000	4718.00000
25.02000	4666.00000
25.04000	4549.00000
25.06000	4272.00000
25.08000	4158.00000
25.10000	4288.00000
25.12000	4472.00000
25.14000	4399.00000
25.16000	4541.00000
25.18000	4497.00000
25.20000	4404.00000
25.22000	4302.00000
25.24000	4253.00000
25.26000	4051.00000
25.28000	4043.00000
25.30000	4055.00000
25.32000	4056.00000
25.34000	4054.00000
25.36000	4031.00000
25.38000	4086.00000
25.40000	3962.00000
25.42000	4012.00000
25.44000	3965.00000
25.46000	3992.00000
25.48000	4032.00000
25.50000	3970.00000
25.52000	4081.00000
25.54000	3999.00000
25.56000	4042.00000
25.58000	3993.00000
25.60000	4025.00000
25.62000	4019.00000
25.64000	3952.00000
25.66000	4041.00000
25.68000	3954.00000
25.70000	3984.00000
25.72000	3873.00000
25.74000	3891.00000
25.76000	3971.00000
25.78000	4020.00000
25.80000	4150.00000
25.82000	4107.00000
25.84000	3907.00000
25.86000	3952.00000
25.88000	4031.00000
25.90000	3910.00000
25.92000	4082.00000
25.94000	4038.00000
25.96000	3932.00000
25.98000	3977.00000
26.00000	4001.00000
26.02000	4069.00000
26.04000	4009.00000
26.06000	4095.00000
26.08000	4059.00000
26.10000	4125.00000
26.12000	3957.00000
26.14000	3929.00000
26.16000	3915.00000
26.18000	3951.00000
26.20000	3923.00000
26.22000	4017.00000
26.24000	3889.00000
26.26000	3912.00000
26.28000	3990.00000
26.30000	3957.00000
26.32000	4024.00000
26.34000	3946.00000
26.36000	3903.00000
26.38000	4044.00000
26.40000	3886.00000
26.42000	4014.00000
26.44000	4031.00000
26.46000	4015.00000
26.48000	4173.00000
26.50000	4247.00000
26.52000	4248.00000
26.54000	4203.00000
26.56000	4089.00000
26.58000	4101.00000
26.60000	3989.00000
26.62000	4004.00000
26.64000	3910.00000
26.66000	3970.00000
26.68000	4037.00000
26.70000	3948.00000
26.72000	4012.00000
26.74000	4027.00000
26.76000	4008.00000
26.78000	4055.00000
26.80000	3932.00000
26.82000	3942.00000
26.84000	3895.00000
26.86000	3917.00000
26.88000	3867.00000
26.90000	3816.00000
26.92000	3922.00000
26.94000	3828.00000
26.96000	3793.00000
26.98000	3855.00000
27.00000	3948.00000
27.02000	3988.00000
27.04000	3903.00000
27.06000	3926.00000
27.08000	3981.00000
27.10000	3903.00000
27.12000	3915.00000
27.14000	3856.00000
27.16000	3900.00000
27.18000	4018.00000
27.20000	3923.00000
27.22000	4022.00000
27.24000	3951.00000
27.26000	4155.00000
27.28000	4047.00000
27.30000	4048.00000
27.32000	3997.00000
27.34000	3939.00000
27.36000	3914.00000
27.38000	3944.00000
27.40000	3877.00000
27.42000	3905.00000
27.44000	3974.00000
27.46000	3928.00000
27.48000	3858.00000
27.50000	3910.00000
27.52000	3958.00000
27.54000	3910.00000
27.56000	3990.00000
27.58000	3880.00000
27.60000	3885.00000
27.62000	3898.00000
27.64000	3934.00000
27.66000	3835.00000
27.68000	3809.00000
27.70000	3825.00000
27.72000	3892.00000
27.74000	3885.00000
27.76000	3902.00000
27.78000	3934.00000
27.80000	3896.00000
27.82000	3953.00000
27.84000	3969.00000
27.86000	3993.00000
27.88000	3901.00000
27.90000	3912.00000
27.92000	4059.00000
27.94000	4019.00000
27.96000	4017.00000
27.98000	4015.00000
28.00000	4032.00000
28.02000	4159.00000
28.04000	4145.00000
28.06000	4301.00000
28.08000	4532.00000
28.10000	5031.00000
28.12000	5614.00000
28.14000	6612.00000
28.16000	7716.00000
28.18000	8707.00000
28.20000	9073.00000
28.22000	8719.00000
28.24000	7520.00000
28.26000	6378.00000
28.28000	5298.00000
28.30000	4818.00000
28.32000	4395.00000
28.34000	4147.00000
28.36000	3960.00000
28.38000	3880.00000
28.40000	3840.00000
28.42000	3910.00000
28.44000	3819.00000
28.46000	3891.00000
28.48000	3806.00000
28.50000	3886.00000
28.52000	3766.00000
28.54000	3893.00000
28.56000	3851.00000
28.58000	3737.00000
28.60000	3822.00000
28.62000	3786.00000
28.64000	3835.00000
28.66000	3822.00000
28.68000	3769.00000
28.70000	3834.00000
28.72000	3891.00000
28.74000	3842.00000
28.76000	3871.00000
28.78000	3841.00000
28.80000	3764.00000
28.82000	3856.00000
28.84000	3962.00000
28.86000	3785.00000
28.88000	3853.00000
28.90000	3913.00000
28.92000	3943.00000
28.94000	3958.00000
28.96000	3929.00000
28.98000	4054.00000
29.00000	3929.00000
29.02000	3937.00000
29.04000	3968.00000
29.06000	3926.00000
29.08000	3984.00000
29.10000	3943.00000
29.12000	3953.00000
29.14000	4039.00000
29.16000	3960.00000
29.18000	3962.00000
29.20000	3880.00000
29.22000	3921.00000
29.24000	3960.00000
29.26000	3839.00000
29.28000	3922.00000
29.30000	3795.00000
29.32000	3855.00000
29.34000	3809.00000
29.36000	3897.00000
29.38000	3961.00000
29.40000	3939.00000
29.42000	3955.00000
29.44000	4060.00000
29.46000	4010.00000
29.48000	3977.00000
29.50000	3959.00000
29.52000	3853.00000
29.54000	3937.00000
29.56000	4038.00000
29.58000	3877.00000
29.60000	3971.00000
29.62000	4127.00000
29.64000	4114.00000
29.66000	3977.00000
29.68000	4075.00000
29.70000	3938.00000
29.72000	3925.00000
29.74000	3948.00000
29.76000	3787.00000
29.78000	3806.00000
29.80000	3879.00000
29.82000	3794.00000
29.84000	3818.00000
29.86000	3792.00000
29.88000	3910.00000
29.90000	3896.00000
29.92000	3828.00000
29.94000	3746.00000
29.96000	3772.00000
29.98000	3886.00000
30.00000	3985.00000
30.02000	3851.00000
30.04000	4089.00000
30.06000	4130.00000
30.08000	4471.00000
30.10000	4562.00000
30.12000	4815.00000
30.14000	4980.00000
30.16000	5282.00000
30.18000	5525.00000
30.20000	5525.00000
30.22000	5516.00000
30.24000	5471.00000
30.26000	5195.00000
30.28000	4863.00000
30.30000	4692.00000
30.32000	4502.00000
30.34000	4296.00000
30.36000	4253.00000
30.38000	4215.00000
30.40000	4165.00000
30.42000	4162.00000
30.44000	4125.00000
30.46000	4108.00000
30.48000	4242.00000
30.50000	4197.00000
30.52000	4411.00000
30.54000	4448.00000
30.56000	4680.00000
30.58000	4942.00000
30.60000	5319.00000
30.62000	5859.00000
30.64000	6711.00000
30.66000	7927.00000
30.68000	10819.00000
30.70000	15176.00000
30.72000	22681.00000
30.74000	33135.00000
30.76000	45315.00000
30.78000	56573.00000
30.80000	59694.00000
30.82000	54016.00000
30.84000	41125.00000
30.86000	27918.00000
30.88000	17965.00000
30.90000	12413.00000
30.92000	9049.00000
30.94000	7069.00000
30.96000	6045.00000
30.98000	5490.00000
31.00000	5303.00000
31.02000	5149.00000
31.04000	5041.00000
31.06000	4719.00000
31.08000	4733.00000
31.10000	4565.00000
31.12000	4431.00000
31.14000	4258.00000
31.16000	4156.00000
31.18000	4024.00000
31.20000	4073.00000
31.22000	3975.00000
31.24000	3916.00000
31.26000	3997.00000
31.28000	3998.00000
31.30000	3926.00000
31.32000	3990.00000
31.34000	3897.00000
31.36000	3821.00000
31.38000	3772.00000
31.40000	3798.00000
31.42000	3810.00000
31.44000	3817.00000
31.46000	3867.00000
31.48000	3848.00000
31.50000	3836.00000
31.52000	3782.00000
31.54000	3823.00000
31.56000	3743.00000
31.58000	3819.00000
31.60000	3752.00000
31.62000	3762.00000
31.64000	3861.00000
31.66000	3725.00000
31.68000	3790.00000
31.70000	3800.00000
31.72000	3841.00000
31.74000	3737.00000
31.76000	3730.00000
31.78000	3749.00000
31.80000	3718.00000
31.82000	3855.00000
31.84000	3748.00000
31.86000	3810.00000
31.88000	3759.00000
31.90000	3702.00000
31.92000	3673.00000
31.94000	3825.00000
31.96000	3654.00000
31.98000	3755.00000
32.00000	3872.00000
32.02000	3975.00000
32.04000	4206.00000
32.06000	4056.00000
32.08000	4114.00000
32.10000	4041.00000
32.12000	4022.00000
32.14000	4058.00000
32.16000	3988.00000
32.18000	4032.00000
32.20000	3849.00000
32.22000	3806.00000
32.24000	3805.00000
32.26000	3793.00000
32.28000	3703.00000
32.30000	3685.00000
32.32000	3743.00000
32.34000	3670.00000
32.36000	3616.00000
32.38000	3710.00000
32.40000	3706.00000
32.42000	3742.00000
32.44000	3694.00000
32.46000	3775.00000
32.48000	3707.00000
32.50000	3862.00000
32.52000	3784.00000
32.54000	3735.00000
32.56000	3705.00000
32.58000	3743.00000
32.60000	3691.00000
32.62000	3782.00000
32.64000	3821.00000
32.66000	3607.00000
32.68000	3695.00000
32.70000	3742.00000
32.72000	3713.00000
32.74000	3744.00000
32.76000	3786.00000
32.78000	3670.00000
32.80000	3731.00000
32.82000	3760.00000
32.84000	3739.00000
32.86000	3634.00000
32.88000	3712.00000
32.90000	3721.00000
32.92000	3658.00000
32.94000	3668.00000
32.96000	3646.00000
32.98000	3699.00000
33.00000	3713.00000
33.02000	3792.00000
33.04000	3719.00000
33.06000	3718.00000
33.08000	3832.00000
33.10000	3681.00000
33.12000	3635.00000
33.14000	3739.00000
33.16000	3802.00000
33.18000	3904.00000
33.20000	3771.00000
33.22000	3972.00000
33.24000	3859.00000
33.26000	4068.00000
33.28000	4266.00000
33.30000	4591.00000
33.32000	5012.00000
33.34000	5198.00000
33.36000	5354.00000
33.38000	5080.00000
33.40000	4637.00000
33.42000	4437.00000
33.44000	4083.00000
33.46000	3927.00000
33.48000	3771.00000
33.50000	3822.00000
33.52000	3755.00000
33.54000	3684.00000
33.56000	3690.00000
33.58000	3674.00000
33.60000	3697.00000
33.62000	3671.00000
33.64000	3683.00000
33.66000	3674.00000
33.68000	3644.00000
33.70000	3666.00000
33.72000	3701.00000
33.74000	3724.00000
33.76000	3660.00000
33.78000	3546.00000
33.80000	3658.00000
33.82000	3629.00000
33.84000	3676.00000
33.86000	3670.00000
33.88000	3619.00000
33.90000	3707.00000
33.92000	3715.00000
33.94000	3632.00000
33.96000	3691.00000
33.98000	3676.00000
34.00000	3648.00000
34.02000	3615.00000
34.04000	3555.00000
34.06000	3530.00000
34.08000	3626.00000
34.10000	3716.00000
34.12000	3648.00000
34.14000	3606.00000
34.16000	3567.00000
34.18000	3532.00000
34.20000	3583.00000
34.22000	3730.00000
34.24000	3593.00000
34.26000	3623.00000
34.28000	3512.00000
34.30000	3646.00000
34.32000	3697.00000
34.34000	3582.00000
34.36000	3590.00000
34.38000	3574.00000
34.40000	3672.00000
34.42000	3662.00000
34.44000	3712.00000
34.46000	3564.00000
34.48000	3546.00000
34.50000	3541.00000
34.52000	3683.00000
34.54000	3667.00000
34.56000	3607.00000
34.58000	3629.00000
34.60000	3642.00000
34.62000	3608.00000
34.64000	3595.00000
34.66000	3593.00000
34.68000	3618.00000
34.70000	3653.00000
34.72000	3460.00000
34.74000	3750.00000
34.76000	3542.00000
34.78000	3669.00000
34.80000	3582.00000
34.82000	3672.00000
34.84000	3643.00000
34.86000	3581.00000
34.88000	3715.00000
34.90000	3705.00000
34.92000	3585.00000
34.94000	3609.00000
34.96000	3697.00000
34.98000	3701.00000
35.00000	3627.00000
35.02000	3641.00000
35.04000	3599.00000
35.06000	3595.00000
35.08000	3737.00000
35.10000	3715.00000
35.12000	3761.00000
35.14000	3815.00000
35.16000	3797.00000
35.18000	3997.00000
35.20000	4062.00000
35.22000	4439.00000
35.24000	5043.00000
35.26000	5569.00000
35.28000	6547.00000
35.30000	7452.00000
35.32000	8636.00000
35.34000	8561.00000
35.36000	7913.00000
35.38000	7063.00000
35.40000	5842.00000
35.42000	5124.00000
35.44000	4530.00000
35.46000	4197.00000
35.48000	4110.00000
35.50000	3951.00000
35.52000	3866.00000
35.54000	3836.00000
35.56000	3791.00000
35.58000	3744.00000
35.60000	3935.00000
35.62000	3955.00000
35.64000	3915.00000
35.66000	3865.00000
35.68000	4064.00000
35.70000	4194.00000
35.72000	4324.00000
35.74000	4604.00000
35.76000	5030.00000
35.78000	5877.00000
35.80000	7065.00000
35.82000	9060.00000
35.84000	11567.00000
35.86000	13915.00000
35.88000	15316.00000
35.90000	15059.00000
35.92000	13261.00000
35.94000	10316.00000
35.96000	7850.00000
35.98000	6275.00000
36.00000	5069.00000
36.02000	4611.00000
36.04000	4228.00000
36.06000	4134.00000
36.08000	3954.00000
36.10000	3955.00000
36.12000	3970.00000
36.14000	3910.00000
36.16000	3905.00000
36.18000	3811.00000
36.20000	3848.00000
36.22000	3862.00000
36.24000	3739.00000
36.26000	3682.00000
36.28000	3698.00000
36.30000	3646.00000
36.32000	3630.00000
36.34000	3694.00000
36.36000	3657.00000
36.38000	3666.00000
36.40000	3669.00000
36.42000	3808.00000
36.44000	3594.00000
36.46000	3620.00000
36.48000	3584.00000
36.50000	3680.00000
36.52000	3699.00000
36.54000	3747.00000
36.56000	3617.00000
36.58000	3550.00000
36.60000	3620.00000
36.62000	3646.00000
36.64000	3590.00000
36.66000	3554.00000
36.68000	3570.00000
36.70000	3649.00000
36.72000	3678.00000
36.74000	3747.00000
36.76000	3817.00000
36.78000	3945.00000
36.80000	4149.00000
36.82000	4531.00000
36.84000	4823.00000
36.86000	5488.00000
36.88000	5921.00000
36.90000	6054.00000
36.92000	5799.00000
36.94000	5087.00000
36.96000	4598.00000
36.98000	4254.00000
37.00000	3960.00000
37.02000	3777.00000
37.04000	3756.00000
37.06000	3676.00000
37.08000	3720.00000
37.10000	3624.00000
37.12000	3579.00000
37.14000	3615.00000
37.16000	3653.00000
37.18000	3545.00000
37.20000	3773.00000
37.22000	3653.00000
37.24000	3726.00000
37.26000	3611.00000
37.28000	3738.00000
37.30000	3689.00000
37.32000	3694.00000
37.34000	3599.00000
37.36000	3593.00000
37.38000	3581.00000
37.40000	3588.00000
37.42000	3610.00000
37.44000	3573.00000
37.46000	3691.00000
37.48000	3665.00000
37.50000	3631.00000
37.52000	3686.00000
37.54000	3771.00000
37.56000	3759.00000
37.58000	3837.00000
37.60000	3851.00000
37.62000	3992.00000
37.64000	3946.00000
37.66000	3839.00000
37.68000	3749.00000
37.70000	3717.00000
37.72000	3788.00000
37.74000	3619.00000
37.76000	3680.00000
37.78000	3650.00000
37.80000	3694.00000
37.82000	3675.00000
37.84000	3690.00000
37.86000	3616.00000
37.88000	3775.00000
37.90000	3716.00000
37.92000	3749.00000
37.94000	3723.00000
37.96000	3745.00000
37.98000	3708.00000
38.00000	3683.00000
38.02000	3801.00000
38.04000	3954.00000
38.06000	4272.00000
38.08000	4418.00000
38.10000	4876.00000
38.12000	5113.00000
38.14000	5258.00000
38.16000	5101.00000
38.18000	4932.00000
38.20000	4477.00000
38.22000	4165.00000
38.24000	3922.00000
38.26000	3766.00000
38.28000	3645.00000
38.30000	3618.00000
38.32000	3720.00000
38.34000	3740.00000
38.36000	3625.00000
38.38000	3688.00000
38.40000	3739.00000
38.42000	3725.00000
38.44000	3634.00000
38.46000	3625.00000
38.48000	3548.00000
38.50000	3519.00000
38.52000	3632.00000
38.54000	3617.00000
38.56000	3576.00000
38.58000	3624.00000
38.60000	3601.00000
38.62000	3635.00000
38.64000	3548.00000
38.66000	3439.00000
38.68000	3570.00000
38.70000	3571.00000
38.72000	3624.00000
38.74000	3520.00000
38.76000	3535.00000
38.78000	3600.00000
38.80000	3590.00000
38.82000	3643.00000
38.84000	3501.00000
38.86000	3574.00000
38.88000	3510.00000
38.90000	3597.00000
38.92000	3652.00000
38.94000	3609.00000
38.96000	3530.00000
38.98000	3569.00000
39.00000	3496.00000
39.02000	3551.00000
39.04000	3547.00000
39.06000	3571.00000
39.08000	3671.00000
39.10000	3543.00000
39.12000	3464.00000
39.14000	3564.00000
39.16000	3726.00000
39.18000	3648.00000
39.20000	3651.00000
39.22000	3679.00000
39.24000	3699.00000
39.26000	3590.00000
39.28000	3634.00000
39.30000	3681.00000
39.32000	3549.00000
39.34000	3473.00000
39.36000	3588.00000
39.38000	3518.00000
39.40000	3575.00000
39.42000	3598.00000
39.44000	3439.00000
39.46000	3530.00000
39.48000	3550.00000
39.50000	3608.00000
39.52000	3621.00000
39.54000	3626.00000
39.56000	3515.00000
39.58000	3566.00000
39.60000	3551.00000
39.62000	3612.00000
39.64000	3574.00000
39.66000	3508.00000
39.68000	3484.00000
39.70000	3575.00000
39.72000	3562.00000
39.74000	3590.00000
39.76000	3615.00000
39.78000	3581.00000
39.80000	3586.00000
39.82000	3614.00000
39.84000	3606.00000
39.86000	3539.00000
39.88000	3550.00000
39.90000	3537.00000
39.92000	3561.00000
39.94000	3585.00000
39.96000	3474.00000
39.98000	3485.00000
40.00000	3557.00000
40.02000	3578.00000
40.04000	3692.00000
40.06000	3572.00000
40.08000	3596.00000
40.10000	3752.00000
40.12000	3977.00000
40.14000	4007.00000
40.16000	4181.00000
40.18000	4204.00000
40.20000	4045.00000
40.22000	3942.00000
40.24000	3791.00000
40.26000	3824.00000
40.28000	3833.00000
40.30000	3714.00000
40.32000	3694.00000
40.34000	3651.00000
40.36000	3650.00000
40.38000	3508.00000
40.40000	3478.00000
40.42000	3527.00000
40.44000	3491.00000
40.46000	3443.00000
40.48000	3380.00000
40.50000	3395.00000
40.52000	3494.00000
40.54000	3577.00000
40.56000	3448.00000
40.58000	3502.00000
40.60000	3564.00000
40.62000	3574.00000
40.64000	3580.00000
40.66000	3519.00000
40.68000	3538.00000
40.70000	3514.00000
40.72000	3624.00000
40.74000	3632.00000
40.76000	3533.00000
40.78000	3713.00000
40.80000	3878.00000
40.82000	3739.00000
40.84000	3760.00000
40.86000	3863.00000
40.88000	3785.00000
40.90000	3639.00000
40.92000	3681.00000
40.94000	3583.00000
40.96000	3654.00000
40.98000	3545.00000
41.00000	3485.00000
41.02000	3475.00000
41.04000	3543.00000
41.06000	3481.00000
41.08000	3644.00000
41.10000	3777.00000
41.12000	3816.00000
41.14000	4011.00000
41.16000	4251.00000
41.18000	4364.00000
41.20000	4591.00000
41.22000	4529.00000
41.24000	4376.00000
41.26000	4077.00000
41.28000	3955.00000
41.30000	3754.00000
41.32000	3768.00000
41.34000	3670.00000
41.36000	3615.00000
41.38000	3644.00000
41.40000	3658.00000
41.42000	3614.00000
41.44000	3540.00000
41.46000	3638.00000
41.48000	3549.00000
41.50000	3625.00000
41.52000	3616.00000
41.54000	3598.00000
41.56000	3630.00000
41.58000	3634.00000
41.60000	3563.00000
41.62000	3451.00000
41.64000	3500.00000
41.66000	3492.00000
41.68000	3522.00000
41.70000	3534.00000
41.72000	3634.00000
41.74000	3506.00000
41.76000	3587.00000
41.78000	3498.00000
41.80000	3536.00000
41.82000	3472.00000
41.84000	3543.00000
41.86000	3537.00000
41.88000	3488.00000
41.90000	3635.00000
41.92000	3607.00000
41.94000	3462.00000
41.96000	3516.00000
41.98000	3471.00000
42.00000	3493.00000
42.02000	3597.00000
42.04000	3513.00000
42.06000	3559.00000
42.08000	3498.00000
42.10000	3534.00000
42.12000	3485.00000
42.14000	3455.00000
42.16000	3483.00000
42.18000	3507.00000
42.20000	3500.00000
42.22000	3570.00000
42.24000	3608.00000
42.26000	3463.00000
42.28000	3512.00000
42.30000	3547.00000
42.32000	3541.00000
42.34000	3453.00000
42.36000	3418.00000
42.38000	3497.00000
42.40000	3396.00000
42.42000	3419.00000
42.44000	3331.00000
42.46000	3443.00000
42.48000	3516.00000
42.50000	3475.00000
42.52000	3433.00000
42.54000	3444.00000
42.56000	3400.00000
42.58000	3393.00000
42.60000	3483.00000
42.62000	3440.00000
42.64000	3462.00000
42.66000	3529.00000
42.68000	3437.00000
42.70000	3469.00000
42.72000	3520.00000
42.74000	3470.00000
42.76000	3388.00000
42.78000	3429.00000
42.80000	3417.00000
42.82000	3388.00000
42.84000	3333.00000
42.86000	3401.00000
42.88000	3479.00000
42.90000	3378.00000
42.92000	3398.00000
42.94000	3453.00000
42.96000	3343.00000
42.98000	3435.00000
43.00000	3457.00000
43.02000	3542.00000
43.04000	3487.00000
43.06000	3503.00000
43.08000	3529.00000
43.10000	3579.00000
43.12000	3496.00000
43.14000	3543.00000
43.16000	3517.00000
43.18000	3484.00000
43.20000	3561.00000
43.22000	3410.00000
43.24000	3425.00000
43.26000	3492.00000
43.28000	3508.00000
43.30000	3383.00000
43.32000	3490.00000
43.34000	3430.00000
43.36000	3432.00000
43.38000	3543.00000
43.40000	3447.00000
43.42000	3492.00000
43.44000	3359.00000
43.46000	3422.00000
43.48000	3412.00000
43.50000	3560.00000
43.52000	3454.00000
43.54000	3490.00000
43.56000	3486.00000
43.58000	3413.00000
43.60000	3422.00000
43.62000	3473.00000
43.64000	3309.00000
43.66000	3450.00000
43.68000	3425.00000
43.70000	3364.00000
43.72000	3473.00000
43.74000	3431.00000
43.76000	3535.00000
43.78000	3502.00000
43.80000	3596.00000
43.82000	3810.00000
43.84000	3815.00000
43.86000	3853.00000
43.88000	3926.00000
43.90000	3843.00000
43.92000	3691.00000
43.94000	3609.00000
43.96000	3482.00000
43.98000	3572.00000
44.00000	3348.00000
44.02000	3493.00000
44.04000	3349.00000
44.06000	3345.00000
44.08000	3346.00000
44.10000	3477.00000
44.12000	3453.00000
44.14000	3488.00000
44.16000	3383.00000
44.18000	3442.00000
44.20000	3473.00000
44.22000	3527.00000
44.24000	3466.00000
44.26000	3434.00000
44.28000	3565.00000
44.30000	3494.00000
44.32000	3469.00000
44.34000	3300.00000
44.36000	3454.00000
44.38000	3401.00000
44.40000	3492.00000
44.42000	3434.00000
44.44000	3483.00000
44.46000	3344.00000
44.48000	3481.00000
44.50000	3412.00000
44.52000	3464.00000
44.54000	3455.00000
44.56000	3390.00000
44.58000	3467.00000
44.60000	3377.00000
44.62000	3452.00000
44.64000	3458.00000
44.66000	3428.00000
44.68000	3401.00000
44.70000	3403.00000
44.72000	3414.00000
44.74000	3430.00000
44.76000	3451.00000
44.78000	3351.00000
44.80000	3499.00000
44.82000	3455.00000
44.84000	3368.00000
44.86000	3428.00000
44.88000	3498.00000
44.90000	3425.00000
44.92000	3434.00000
44.94000	3380.00000
44.96000	3475.00000
44.98000	3407.00000
45.00000	3342.00000
45.02000	3450.00000
45.04000	3435.00000
45.06000	3432.00000
45.08000	3478.00000
45.10000	3399.00000
45.12000	3324.00000
45.14000	3416.00000
45.16000	3402.00000
45.18000	3357.00000
45.20000	3366.00000
45.22000	3347.00000
45.24000	3371.00000
45.26000	3446.00000
45.28000	3484.00000
45.30000	3347.00000
45.32000	3493.00000
45.34000	3441.00000
45.36000	3438.00000
45.38000	3335.00000
45.40000	3467.00000
45.42000	3483.00000
45.44000	3362.00000
45.46000	3557.00000
45.48000	3433.00000
45.50000	3510.00000
45.52000	3486.00000
45.54000	3514.00000
45.56000	3539.00000
45.58000	3495.00000
45.60000	3632.00000
45.62000	3624.00000
45.64000	3644.00000
45.66000	3884.00000
45.68000	4092.00000
45.70000	4586.00000
45.72000	5449.00000
45.74000	6246.00000
45.76000	7199.00000
45.78000	7642.00000
45.80000	7681.00000
45.82000	6959.00000
45.84000	5870.00000
45.86000	5182.00000
45.88000	4409.00000
45.90000	4196.00000
45.92000	4009.00000
45.94000	3820.00000
45.96000	3728.00000
45.98000	3698.00000
46.00000	3628.00000
46.02000	3549.00000
46.04000	3566.00000
46.06000	3516.00000
46.08000	3423.00000
46.10000	3478.00000
46.12000	3661.00000
46.14000	3600.00000
46.16000	3668.00000
46.18000	3777.00000
46.20000	3792.00000
46.22000	3763.00000
46.24000	3852.00000
46.26000	3794.00000
46.28000	3718.00000
46.30000	3651.00000
46.32000	3530.00000
46.34000	3603.00000
46.36000	3430.00000
46.38000	3452.00000
46.40000	3592.00000
46.42000	3331.00000
46.44000	3417.00000
46.46000	3433.00000
46.48000	3396.00000
46.50000	3424.00000
46.52000	3358.00000
46.54000	3408.00000
46.56000	3413.00000
46.58000	3357.00000
46.60000	3291.00000
46.62000	3507.00000
46.64000	3468.00000
46.66000	3400.00000
46.68000	3429.00000
46.70000	3418.00000
46.72000	3457.00000
46.74000	3389.00000
46.76000	3417.00000
46.78000	3385.00000
46.80000	3387.00000
46.82000	3399.00000
46.84000	3466.00000
46.86000	3369.00000
46.88000	3301.00000
46.90000	3346.00000
46.92000	3509.00000
46.94000	3414.00000
46.96000	3358.00000
46.98000	3450.00000
47.00000	3412.00000
47.02000	3392.00000
47.04000	3368.00000
47.06000	3284.00000
47.08000	3317.00000
47.10000	3323.00000
47.12000	3403.00000
47.14000	3376.00000
47.16000	3358.00000
47.18000	3408.00000
47.20000	3377.00000
47.22000	3443.00000
47.24000	3324.00000
47.26000	3338.00000
47.28000	3292.00000
47.30000	3407.00000
47.32000	3356.00000
47.34000	3463.00000
47.36000	3364.00000
47.38000	3353.00000
47.40000	3380.00000
47.42000	3413.00000
47.44000	3385.00000
47.46000	3336.00000
47.48000	3416.00000
47.50000	3425.00000
47.52000	3405.00000
47.54000	3361.00000
47.56000	3363.00000
47.58000	3423.00000
47.60000	3501.00000
47.62000	3517.00000
47.64000	3532.00000
47.66000	3394.00000
47.68000	3480.00000
47.70000	3486.00000
47.72000	3505.00000
47.74000	3544.00000
47.76000	3386.00000
47.78000	3587.00000
47.80000	3492.00000
47.82000	3439.00000
47.84000	3488.00000
47.86000	3329.00000
47.88000	3375.00000
47.90000	3390.00000
47.92000	3432.00000
47.94000	3407.00000
47.96000	3336.00000
47.98000	3430.00000
48.00000	3358.00000
48.02000	3386.00000
48.04000	3379.00000
48.06000	3349.00000
48.08000	3485.00000
48.10000	3483.00000
48.12000	3512.00000
48.14000	3429.00000
48.16000	3357.00000
48.18000	3544.00000
48.20000	3472.00000
48.22000	3265.00000
48.24000	3500.00000
48.26000	3380.00000
48.28000	3456.00000
48.30000	3364.00000
48.32000	3445.00000
48.34000	3453.00000
48.36000	3304.00000
48.38000	3440.00000
48.40000	3333.00000
48.42000	3368.00000
48.44000	3404.00000
48.46000	3433.00000
48.48000	3386.00000
48.50000	3349.00000
48.52000	3499.00000
48.54000	3488.00000
48.56000	3452.00000
48.58000	3506.00000
48.60000	3442.00000
48.62000	3567.00000
48.64000	3313.00000
48.66000	3391.00000
48.68000	3317.00000
48.70000	3306.00000
48.72000	3341.00000
48.74000	3383.00000
48.76000	3308.00000
48.78000	3393.00000
48.80000	3426.00000
48.82000	3411.00000
48.84000	3414.00000
48.86000	3340.00000
48.88000	3432.00000
48.90000	3472.00000
48.92000	3450.00000
48.94000	3421.00000
48.96000	3398.00000
48.98000	3367.00000
49.00000	3308.00000
49.02000	3328.00000
49.04000	3351.00000
49.06000	3348.00000
49.08000	3278.00000
49.10000	3400.00000
49.12000	3287.00000
49.14000	3437.00000
49.16000	3360.00000
49.18000	3347.00000
49.20000	3427.00000
49.22000	3429.00000
49.24000	3308.00000
49.26000	3291.00000
49.28000	3300.00000
49.30000	3352.00000
49.32000	3422.00000
49.34000	3332.00000
49.36000	3386.00000
49.38000	3385.00000
49.40000	3331.00000
49.42000	3444.00000
49.44000	3449.00000
49.46000	3380.00000
49.48000	3536.00000
49.50000	3512.00000
49.52000	3513.00000
49.54000	3513.00000
49.56000	3471.00000
49.58000	3528.00000
49.60000	3483.00000
49.62000	3668.00000
49.64000	3667.00000
49.66000	3867.00000
49.68000	4183.00000
49.70000	4673.00000
49.72000	5223.00000
49.74000	6099.00000
49.76000	6772.00000
49.78000	6976.00000
49.80000	6605.00000
49.82000	6003.00000
49.84000	5318.00000
49.86000	4595.00000
49.88000	4160.00000
49.90000	3815.00000
49.92000	3806.00000
49.94000	3743.00000
49.96000	3574.00000
49.98000	3388.00000
50.00000	3465.00000
50.02000	3374.00000
50.04000	3364.00000
50.06000	3422.00000
50.08000	3480.00000
50.10000	3486.00000
50.12000	3427.00000
50.14000	3467.00000
50.16000	3400.00000
50.18000	3379.00000
50.20000	3261.00000
50.22000	3376.00000
50.24000	3443.00000
50.26000	3341.00000
50.28000	3216.00000
50.30000	3234.00000
50.32000	3292.00000
50.34000	3388.00000
50.36000	3390.00000
50.38000	3240.00000
50.40000	3414.00000
50.42000	3392.00000
50.44000	3341.00000
50.46000	3403.00000
50.48000	3309.00000
50.50000	3377.00000
50.52000	3371.00000
50.54000	3344.00000
50.56000	3325.00000
50.58000	3327.00000
50.60000	3246.00000
50.62000	3284.00000
50.64000	3357.00000
50.66000	3365.00000
50.68000	3398.00000
50.70000	3437.00000
50.72000	3432.00000
50.74000	3357.00000
50.76000	3471.00000
50.78000	3533.00000
50.80000	3427.00000
50.82000	3445.00000
50.84000	3379.00000
50.86000	3396.00000
50.88000	3484.00000
50.90000	3466.00000
50.92000	3479.00000
50.94000	3602.00000
50.96000	3595.00000
50.98000	3701.00000
51.00000	3671.00000
51.02000	3863.00000
51.04000	3909.00000
51.06000	4146.00000
51.08000	4363.00000
51.10000	4829.00000
51.12000	5805.00000
51.14000	7116.00000
51.16000	9115.00000
51.18000	11617.00000
51.20000	14072.00000
51.22000	15497.00000
51.24000	15456.00000
51.26000	13277.00000
51.28000	10609.00000
51.30000	8339.00000
51.32000	6794.00000
51.34000	5495.00000
51.36000	4820.00000
51.38000	4411.00000
51.40000	4273.00000
51.42000	4045.00000
51.44000	3953.00000
51.46000	4008.00000
51.48000	3967.00000
51.50000	4288.00000
51.52000	4441.00000
51.54000	4863.00000
51.56000	5800.00000
51.58000	6895.00000
51.60000	8133.00000
51.62000	9101.00000
51.64000	9261.00000
51.66000	8768.00000
51.68000	7300.00000
51.70000	6241.00000
51.72000	5247.00000
51.74000	4623.00000
51.76000	4067.00000
51.78000	3816.00000
51.80000	3577.00000
51.82000	3600.00000
51.84000	3520.00000
51.86000	3479.00000
51.88000	3510.00000
51.90000	3557.00000
51.92000	3465.00000
51.94000	3449.00000
51.96000	3413.00000
51.98000	3401.00000
52.00000	3391.00000
52.02000	3371.00000
52.04000	3275.00000
52.06000	3280.00000
52.08000	3371.00000
52.10000	3350.00000
52.12000	3403.00000
52.14000	3282.00000
52.16000	3323.00000
52.18000	3333.00000
52.20000	3231.00000
52.22000	3362.00000
52.24000	3398.00000
52.26000	3167.00000
52.28000	3255.00000
52.30000	3336.00000
52.32000	3363.00000
52.34000	3295.00000
52.36000	3346.00000
52.38000	3336.00000
52.40000	3401.00000
52.42000	3330.00000
52.44000	3257.00000
52.46000	3263.00000
52.48000	3382.00000
52.50000	3297.00000
52.52000	3290.00000
52.54000	3308.00000
52.56000	3272.00000
52.58000	3253.00000
52.60000	3258.00000
52.62000	3367.00000
52.64000	3421.00000
52.66000	3227.00000
52.68000	3283.00000
52.70000	3330.00000
52.72000	3342.00000
52.74000	3248.00000
52.76000	3320.00000
52.78000	3348.00000
52.80000	3416.00000
52.82000	3475.00000
52.84000	3712.00000
52.86000	4004.00000
52.88000	4247.00000
52.90000	4725.00000
52.92000	5194.00000
52.94000	5620.00000
52.96000	5542.00000
52.98000	5152.00000
53.00000	4624.00000
53.02000	4240.00000
53.04000	3880.00000
53.06000	3616.00000
53.08000	3552.00000
53.10000	3650.00000
53.12000	3454.00000
53.14000	3335.00000
53.16000	3473.00000
53.18000	3297.00000
53.20000	3295.00000
53.22000	3338.00000
53.24000	3356.00000
53.26000	3430.00000
53.28000	3549.00000
53.30000	3563.00000
53.32000	3697.00000
53.34000	3700.00000
53.36000	3599.00000
53.38000	3632.00000
53.40000	3525.00000
53.42000	3458.00000
53.44000	3400.00000
53.46000	3390.00000
53.48000	3274.00000
53.50000	3436.00000
53.52000	3355.00000
53.54000	3320.00000
53.56000	3385.00000
53.58000	3320.00000
53.60000	3456.00000
53.62000	3408.00000
53.64000	3391.00000
53.66000	3428.00000
53.68000	3311.00000
53.70000	3321.00000
53.72000	3354.00000
53.74000	3207.00000
53.76000	3294.00000
53.78000	3305.00000
53.80000	3207.00000
53.82000	3238.00000
53.84000	3254.00000
53.86000	3433.00000
53.88000	3224.00000
53.90000	3223.00000
53.92000	3257.00000
53.94000	3459.00000
53.96000	3218.00000
53.98000	3328.00000
54.00000	3392.00000
54.02000	3421.00000
54.04000	3364.00000
54.06000	3318.00000
54.08000	3276.00000
54.10000	3371.00000
54.12000	3349.00000
54.14000	3259.00000
54.16000	3398.00000
54.18000	3313.00000
54.20000	3276.00000
54.22000	3324.00000
54.24000	3177.00000
54.26000	3244.00000
54.28000	3255.00000
54.30000	3255.00000
54.32000	3318.00000
54.34000	3238.00000
54.36000	3206.00000
54.38000	3235.00000
54.40000	3291.00000
54.42000	3269.00000
54.44000	3220.00000
54.46000	3248.00000
54.48000	3313.00000
54.50000	3253.00000
54.52000	3298.00000
54.54000	3457.00000
54.56000	3447.00000
54.58000	3465.00000
54.60000	3446.00000
54.62000	3421.00000
54.64000	3580.00000
54.66000	3442.00000
54.68000	3298.00000
54.70000	3351.00000
54.72000	3363.00000
54.74000	3282.00000
54.76000	3337.00000
54.78000	3303.00000
54.80000	3273.00000
54.82000	3346.00000
54.84000	3379.00000
54.86000	3343.00000
54.88000	3332.00000
54.90000	3428.00000
54.92000	3460.00000
54.94000	3367.00000
54.96000	3238.00000
54.98000	3230.00000
55.00000	3263.00000
55.02000	3294.00000
55.04000	3195.00000
55.06000	3153.00000
55.08000	3276.00000
55.10000	3189.00000
55.12000	3168.00000
55.14000	3136.00000
55.16000	3145.00000
55.18000	3206.00000
55.20000	3263.00000
55.22000	3281.00000
55.24000	3244.00000
55.26000	3269.00000
55.28000	3297.00000
55.30000	3191.00000
55.32000	3273.00000
55.34000	3298.00000
55.36000	3278.00000
55.38000	3317.00000
55.40000	3345.00000
55.42000	3399.00000
55.44000	3313.00000
55.46000	3384.00000
55.48000	3292.00000
55.50000	3287.00000
55.52000	3251.00000
55.54000	3321.00000
55.56000	3254.00000
55.58000	3176.00000
55.60000	3141.00000
55.62000	3278.00000
55.64000	3262.00000
55.66000	3212.00000
55.68000	3306.00000
55.70000	3304.00000
55.72000	3405.00000
55.74000	3478.00000
55.76000	3720.00000
55.78000	3777.00000
55.80000	3656.00000
55.82000	3718.00000
55.84000	3527.00000
55.86000	3481.00000
55.88000	3405.00000
55.90000	3336.00000
55.92000	3392.00000
55.94000	3249.00000
55.96000	3185.00000
55.98000	3228.00000
56.00000	3245.00000
56.02000	3267.00000
56.04000	3244.00000
56.06000	3168.00000
56.08000	3293.00000
56.10000	3311.00000
56.12000	3273.00000
56.14000	3306.00000
56.16000	3245.00000
56.18000	3164.00000
56.20000	3322.00000
56.22000	3379.00000
56.24000	3260.00000
56.26000	3331.00000
56.28000	3204.00000
56.30000	3260.00000
56.32000	3302.00000
56.34000	3312.00000
56.36000	3372.00000
56.38000	3204.00000
56.40000	3249.00000
56.42000	3333.00000
56.44000	3394.00000
56.46000	3580.00000
56.48000	3920.00000
56.50000	3944.00000
56.52000	4395.00000
56.54000	4752.00000
56.56000	4870.00000
56.58000	4749.00000
56.60000	4613.00000
56.62000	4299.00000
56.64000	3859.00000
56.66000	3643.00000
56.68000	3514.00000
56.70000	3419.00000
56.72000	3309.00000
56.74000	3399.00000
56.76000	3331.00000
56.78000	3421.00000
56.80000	3379.00000
56.82000	3344.00000
56.84000	3340.00000
56.86000	3247.00000
56.88000	3295.00000
56.90000	3270.00000
56.92000	3349.00000
56.94000	3252.00000
56.96000	3219.00000
56.98000	3266.00000
57.00000	3291.00000
57.02000	3240.00000
57.04000	3220.00000
57.06000	3217.00000
57.08000	3224.00000
57.10000	3217.00000
57.12000	3224.00000
57.14000	3257.00000
57.16000	3220.00000
57.18000	3288.00000
57.20000	3322.00000
57.22000	3237.00000
57.24000	3302.00000
57.26000	3231.00000
57.28000	3285.00000
57.30000	3208.00000
57.32000	3231.00000
57.34000	3238.00000
57.36000	3205.00000
57.38000	3281.00000
57.40000	3292.00000
57.42000	3258.00000
57.44000	3203.00000
57.46000	3240.00000
57.48000	3137.00000
57.50000	3283.00000
57.52000	3255.00000
57.54000	3152.00000
57.56000	3331.00000
57.58000	3226.00000
57.60000	3320.00000
57.62000	3312.00000
57.64000	3284.00000
57.66000	3315.00000
57.68000	3222.00000
57.70000	3245.00000
57.72000	3221.00000
57.74000	3315.00000
57.76000	3250.00000
57.78000	3223.00000
57.80000	3219.00000
57.82000	3200.00000
57.84000	3259.00000
57.86000	3382.00000
57.88000	3285.00000
57.90000	3270.00000
57.92000	3293.00000
57.94000	3307.00000
57.96000	3201.00000
57.98000	3192.00000
58.00000	3202.00000
58.02000	3230.00000
58.04000	3203.00000
58.06000	3272.00000
58.08000	3344.00000
58.10000	3276.00000
58.12000	3417.00000
58.14000	3434.00000
58.16000	3554.00000
58.18000	3634.00000
58.20000	3450.00000
58.22000	3564.00000
58.24000	3608.00000
58.26000	3613.00000
58.28000	3566.00000
58.30000	3546.00000
58.32000	3499.00000
58.34000	3341.00000
58.36000	3329.00000
58.38000	3272.00000
58.40000	3214.00000
58.42000	3274.00000
58.44000	3247.00000
58.46000	3227.00000
58.48000	3221.00000
58.50000	3184.00000
58.52000	3348.00000
58.54000	3207.00000
58.56000	3146.00000
58.58000	3155.00000
58.60000	3265.00000
58.62000	3196.00000
58.64000	3086.00000
58.66000	3105.00000
58.68000	3183.00000
58.70000	3168.00000
58.72000	3242.00000
58.74000	3195.00000
58.76000	3194.00000
58.78000	3164.00000
58.80000	3238.00000
58.82000	3326.00000
58.84000	3426.00000
58.86000	3281.00000
58.88000	3230.00000
58.90000	3204.00000
58.92000	3338.00000
58.94000	3233.00000
58.96000	3143.00000
58.98000	3179.00000
59.00000	3232.00000
59.02000	3201.00000
59.04000	3210.00000
59.06000	3260.00000
59.08000	3193.00000
59.10000	3126.00000
59.12000	3229.00000
59.14000	3182.00000
59.16000	3165.00000
59.18000	3132.00000
59.20000	3247.00000
59.22000	3152.00000
59.24000	3205.00000
59.26000	3135.00000
59.28000	3291.00000
59.30000	3326.00000
59.32000	3217.00000
59.34000	3151.00000
59.36000	3273.00000
59.38000	3277.00000
59.40000	3317.00000
59.42000	3260.00000
59.44000	3293.00000
59.46000	3152.00000
59.48000	3301.00000
59.50000	3229.00000
59.52000	3214.00000
59.54000	3152.00000
59.56000	3158.00000
59.58000	3188.00000
59.60000	3204.00000
59.62000	3235.00000
59.64000	3304.00000
59.66000	3256.00000
59.68000	3333.00000
59.70000	3233.00000
59.72000	3285.00000
59.74000	3289.00000
59.76000	3152.00000
59.78000	3248.00000
59.80000	3215.00000
59.82000	3247.00000
59.84000	3309.00000
59.86000	3261.00000
59.88000	3295.00000
59.90000	3385.00000
59.92000	3253.00000
59.94000	3303.00000
59.96000	3227.00000
59.98000	3270.00000
60.00000	3224.00000
60.02000	3252.00000
60.04000	3275.00000
60.06000	3268.00000
60.08000	3265.00000
60.10000	3326.00000
60.12000	3329.00000
60.14000	3284.00000
60.16000	3232.00000
60.18000	3368.00000
60.20000	3293.00000
60.22000	3236.00000
60.24000	3374.00000
60.26000	3233.00000
60.28000	3268.00000
60.30000	3377.00000
60.32000	3419.00000
60.34000	3394.00000
60.36000	3405.00000
60.38000	3516.00000
60.40000	3569.00000
60.42000	3757.00000
60.44000	3948.00000
60.46000	4133.00000
60.48000	4692.00000
60.50000	5529.00000
60.52000	6556.00000
60.54000	7643.00000
60.56000	8711.00000
60.58000	9344.00000
60.60000	8942.00000
60.62000	8215.00000
60.64000	7147.00000
60.66000	6001.00000
60.68000	5223.00000
60.70000	4501.00000
60.72000	4225.00000
60.74000	3869.00000
60.76000	3793.00000
60.78000	3723.00000
60.80000	3689.00000
60.82000	3507.00000
60.84000	3510.00000
60.86000	3544.00000
60.88000	3496.00000
60.90000	3518.00000
60.92000	3536.00000
60.94000	3583.00000
60.96000	3534.00000
60.98000	3612.00000
61.00000	3452.00000
61.02000	3528.00000
61.04000	3535.00000
61.06000	3528.00000
61.08000	3604.00000
61.10000	3721.00000
61.12000	3742.00000
61.14000	3832.00000
61.16000	4063.00000
61.18000	4457.00000
61.20000	4959.00000
61.22000	5866.00000
61.24000	7218.00000
61.26000	8890.00000
61.28000	11183.00000
61.30000	12535.00000
61.32000	12746.00000
61.34000	12112.00000
61.36000	10394.00000
61.38000	8519.00000
61.40000	6896.00000
61.42000	5574.00000
61.44000	4783.00000
61.46000	4339.00000
61.48000	4009.00000
61.50000	3912.00000
61.52000	3630.00000
61.54000	3623.00000
61.56000	3623.00000
61.58000	3503.00000
61.60000	3491.00000
61.62000	3514.00000
61.64000	3499.00000
61.66000	3363.00000
61.68000	3438.00000
61.70000	3358.00000
61.72000	3333.00000
61.74000	3402.00000
61.76000	3409.00000
61.78000	3475.00000
61.80000	3366.00000
61.82000	3423.00000
61.84000	3425.00000
61.86000	3435.00000
61.88000	3420.00000
61.90000	3316.00000
61.92000	3362.00000
61.94000	3364.00000
61.96000	3403.00000
61.98000	3400.00000
62.00000	3354.00000
62.02000	3444.00000
62.04000	3360.00000
62.06000	3458.00000
62.08000	3622.00000
62.10000	3636.00000
62.12000	3764.00000
62.14000	3630.00000
62.16000	3623.00000
62.18000	3618.00000
62.20000	3543.00000
62.22000	3442.00000
62.24000	3364.00000
62.26000	3152.00000
62.28000	3194.00000
62.30000	3356.00000
62.32000	3244.00000
62.34000	3271.00000
62.36000	3338.00000
62.38000	3245.00000
62.40000	3231.00000
62.42000	3210.00000
62.44000	3248.00000
62.46000	3212.00000
62.48000	3174.00000
62.50000	3237.00000
62.52000	3304.00000
62.54000	3279.00000
62.56000	3151.00000
62.58000	3181.00000
62.60000	3228.00000
62.62000	3215.00000
62.64000	3202.00000
62.66000	3125.00000
62.68000	3136.00000
62.70000	3281.00000
62.72000	3320.00000
62.74000	3235.00000
62.76000	3290.00000
62.78000	3302.00000
62.80000	3270.00000
62.82000	3355.00000
62.84000	3407.00000
62.86000	3306.00000
62.88000	3274.00000
62.90000	3213.00000
62.92000	3289.00000
62.94000	3363.00000
62.96000	3172.00000
62.98000	3163.00000
63.00000	3232.00000
63.02000	3255.00000
63.04000	3229.00000
63.06000	3100.00000
63.08000	3220.00000
63.10000	3152.00000
63.12000	3117.00000
63.14000	3171.00000
63.16000	3173.00000
63.18000	3211.00000
63.20000	3118.00000
63.22000	3235.00000
63.24000	3195.00000
63.26000	3193.00000
63.28000	3274.00000
63.30000	3233.00000
63.32000	3292.00000
63.34000	3242.00000
63.36000	3129.00000
63.38000	3202.00000
63.40000	3219.00000
63.42000	3189.00000
63.44000	3253.00000
63.46000	3195.00000
63.48000	3248.00000
63.50000	3080.00000
63.52000	3348.00000
63.54000	3184.00000
63.56000	3189.00000
63.58000	3290.00000
63.60000	3237.00000
63.62000	3176.00000
63.64000	3309.00000
63.66000	3251.00000
63.68000	3273.00000
63.70000	3213.00000
63.72000	3302.00000
63.74000	3287.00000
63.76000	3294.00000
63.78000	3305.00000
63.80000	3266.00000
63.82000	3284.00000
63.84000	3361.00000
63.86000	3349.00000
63.88000	3338.00000
63.90000	3461.00000
63.92000	3529.00000
63.94000	3660.00000
63.96000	3694.00000
63.98000	3842.00000
64.00000	4108.00000
64.02000	4835.00000
64.04000	5456.00000
64.06000	6310.00000
64.08000	7038.00000
64.10000	7411.00000
64.12000	7156.00000
64.14000	6254.00000
64.16000	5390.00000
64.18000	4759.00000
64.20000	4239.00000
64.22000	3962.00000
64.24000	3622.00000
64.26000	3486.00000
64.28000	3479.00000
64.30000	3409.00000
64.32000	3295.00000
64.34000	3379.00000
64.36000	3284.00000
64.38000	3365.00000
64.40000	3300.00000
64.42000	3262.00000
64.44000	3204.00000
64.46000	3257.00000
64.48000	3258.00000
64.50000	3222.00000
64.52000	3212.00000
64.54000	3211.00000
64.56000	3119.00000
64.58000	3285.00000
64.60000	3177.00000
64.62000	3196.00000
64.64000	3200.00000
64.66000	3241.00000
64.68000	3189.00000
64.70000	3096.00000
64.72000	3156.00000
64.74000	3112.00000
64.76000	3120.00000
64.78000	3188.00000
64.80000	3279.00000
64.82000	3117.00000
64.84000	3185.00000
64.86000	3228.00000
64.88000	3213.00000
64.90000	3154.00000
64.92000	3158.00000
64.94000	3125.00000
64.96000	3185.00000
64.98000	3304.00000
65.00000	3146.00000
65.02000	3072.00000
65.04000	3062.00000
65.06000	3197.00000
65.08000	3201.00000
65.10000	3165.00000
65.12000	3237.00000
65.14000	3182.00000
65.16000	3162.00000
65.18000	3192.00000
65.20000	3159.00000
65.22000	3207.00000
65.24000	3178.00000
65.26000	3182.00000
65.28000	3141.00000
65.30000	3211.00000
65.32000	3269.00000
65.34000	3232.00000
65.36000	3277.00000
65.38000	3208.00000
65.40000	3175.00000
65.42000	3176.00000
65.44000	3196.00000
65.46000	3168.00000
65.48000	3302.00000
65.50000	3185.00000
65.52000	3309.00000
65.54000	3178.00000
65.56000	3302.00000
65.58000	3310.00000
65.60000	3448.00000
65.62000	3308.00000
65.64000	3360.00000
65.66000	3212.00000
65.68000	3159.00000
65.70000	3277.00000
65.72000	3245.00000
65.74000	3230.00000
65.76000	3179.00000
65.78000	3282.00000
65.80000	3261.00000
65.82000	3212.00000
65.84000	3295.00000
65.86000	3400.00000
65.88000	3426.00000
65.90000	3541.00000
65.92000	3654.00000
65.94000	3785.00000
65.96000	3683.00000
65.98000	3666.00000
66.00000	3564.00000
66.02000	3458.00000
66.04000	3388.00000
66.06000	3264.00000
66.08000	3207.00000
66.10000	3221.00000
66.12000	3220.00000
66.14000	3244.00000
66.16000	3248.00000
66.18000	3108.00000
66.20000	3160.00000
66.22000	3180.00000
66.24000	3132.00000
66.26000	3094.00000
66.28000	3047.00000
66.30000	3160.00000
66.32000	3164.00000
66.34000	3086.00000
66.36000	3169.00000
66.38000	3157.00000
66.40000	3228.00000
66.42000	3171.00000
66.44000	3177.00000
66.46000	3146.00000
66.48000	3251.00000
66.50000	3143.00000
66.52000	3245.00000
66.54000	3201.00000
66.56000	3137.00000
66.58000	3188.00000
66.60000	3272.00000
66.62000	3250.00000
66.64000	3266.00000
66.66000	3192.00000
66.68000	3171.00000
66.70000	3216.00000
66.72000	3261.00000
66.74000	3173.00000
66.76000	3133.00000
66.78000	3162.00000
66.80000	3260.00000
66.82000	3094.00000
66.84000	3136.00000
66.86000	3154.00000
66.88000	3091.00000
66.90000	3138.00000
66.92000	3255.00000
66.94000	3235.00000
66.96000	3176.00000
66.98000	3178.00000
67.00000	3243.00000
67.02000	3106.00000
67.04000	3248.00000
67.06000	3083.00000
67.08000	3106.00000
67.10000	3207.00000
67.12000	3213.00000
67.14000	3217.00000
67.16000	3155.00000
67.18000	3125.00000
67.20000	3111.00000
67.22000	3089.00000
67.24000	3103.00000
67.26000	3192.00000
67.28000	3216.00000
67.30000	3150.00000
67.32000	3301.00000
67.34000	3261.00000
67.36000	3199.00000
67.38000	3285.00000
67.40000	3196.00000
67.42000	3210.00000
67.44000	3158.00000
67.46000	3227.00000
67.48000	3217.00000
67.50000	3197.00000
67.52000	3183.00000
67.54000	3123.00000
67.56000	3171.00000
67.58000	3145.00000
67.60000	3133.00000
67.62000	3223.00000
67.64000	3156.00000
67.66000	3165.00000
67.68000	3108.00000
67.70000	3135.00000
67.72000	3149.00000
67.74000	3147.00000
67.76000	3151.00000
67.78000	3164.00000
67.80000	3242.00000
67.82000	3323.00000
67.84000	3155.00000
67.86000	3115.00000
67.88000	3168.00000
67.90000	3137.00000
67.92000	3133.00000
67.94000	3185.00000
67.96000	3102.00000
67.98000	3054.00000
68.00000	3068.00000
68.02000	3145.00000
68.04000	3193.00000
68.06000	3130.00000
68.08000	3079.00000
68.10000	3182.00000
68.12000	3217.00000
68.14000	3141.00000
68.16000	3161.00000
68.18000	3223.00000
68.20000	3111.00000
68.22000	3287.00000
68.24000	3185.00000
68.26000	3238.00000
68.28000	3218.00000
68.30000	3157.00000
68.32000	3204.00000
68.34000	3302.00000
68.36000	3198.00000
68.38000	3209.00000
68.40000	3059.00000
68.42000	3085.00000
68.44000	3172.00000
68.46000	3174.00000
68.48000	3135.00000
68.50000	3194.00000
68.52000	3275.00000
68.54000	3264.00000
68.56000	3179.00000
68.58000	3141.00000
68.60000	3181.00000
68.62000	3179.00000
68.64000	3301.00000
68.66000	3296.00000
68.68000	3285.00000
68.70000	3486.00000
68.72000	3701.00000
68.74000	3759.00000
68.76000	4081.00000
68.78000	4234.00000
68.80000	4421.00000
68.82000	4212.00000
68.84000	4200.00000
68.86000	3984.00000
68.88000	3696.00000
68.90000	3527.00000
68.92000	3386.00000
68.94000	3357.00000
68.96000	3323.00000
68.98000	3257.00000
69.00000	3070.00000
69.02000	3088.00000
69.04000	3272.00000
69.06000	3200.00000
69.08000	3185.00000
69.10000	3124.00000
69.12000	3133.00000
69.14000	3103.00000
69.16000	3177.00000
69.18000	3162.00000
69.20000	3252.00000
69.22000	3115.00000
69.24000	3055.00000
69.26000	3089.00000
69.28000	3100.00000
69.30000	3208.00000
69.32000	3139.00000
69.34000	3173.00000
69.36000	3140.00000
69.38000	3213.00000
69.40000	3076.00000
69.42000	3144.00000
69.44000	3035.00000
69.46000	3103.00000
69.48000	3042.00000
69.50000	3109.00000
69.52000	3185.00000
69.54000	3127.00000
69.56000	3230.00000
69.58000	3245.00000
69.60000	3195.00000
69.62000	3129.00000
69.64000	3112.00000
69.66000	3139.00000
69.68000	3135.00000
69.70000	3141.00000
69.72000	3172.00000
69.74000	3083.00000
69.76000	3114.00000
69.78000	3215.00000
69.80000	3095.00000
69.82000	3155.00000
69.84000	3098.00000
69.86000	3191.00000
69.88000	3124.00000
69.90000	3166.00000
69.92000	3245.00000
69.94000	3084.00000
69.96000	3262.00000
69.98000	3299.00000
70.00000	3148.00000
70.02000	3146.00000
70.04000	3184.00000
70.06000	3116.00000
70.08000	3222.00000
70.10000	3120.00000
70.12000	3185.00000
70.14000	3173.00000
70.16000	3095.00000
70.18000	3198.00000
70.20000	3163.00000
70.22000	3276.00000
70.24000	3236.00000
70.26000	3215.00000
70.28000	3267.00000
70.30000	3349.00000
70.32000	3157.00000
70.34000	3126.00000
70.36000	3148.00000
70.38000	3295.00000
70.40000	3164.00000
70.42000	3153.00000
70.44000	3047.00000
70.46000	3178.00000
70.48000	3045.00000
70.50000	3168.00000
70.52000	3092.00000
70.54000	3157.00000
70.56000	3055.00000
70.58000	3148.00000
70.60000	3176.00000
70.62000	3202.00000
70.64000	3168.00000
70.66000	3096.00000
70.68000	3098.00000
70.70000	3102.00000
70.72000	3148.00000
70.74000	3147.00000
70.76000	3143.00000
70.78000	3121.00000
70.80000	3161.00000
70.82000	3259.00000
70.84000	3222.00000
70.86000	3195.00000
70.88000	3172.00000
70.90000	3320.00000
70.92000	3229.00000
70.94000	3250.00000
70.96000	3224.00000
70.98000	3265.00000
71.00000	3256.00000
71.02000	3186.00000
71.04000	3163.00000
71.06000	3284.00000
71.08000	3188.00000
71.10000	3117.00000
71.12000	3137.00000
71.14000	3030.00000
71.16000	3182.00000
71.18000	3190.00000
71.20000	3218.00000
71.22000	3189.00000
71.24000	3077.00000
71.26000	3182.00000
71.28000	3144.00000
71.30000	3154.00000
71.32000	3084.00000
71.34000	3055.00000
71.36000	3153.00000
71.38000	3192.00000
71.40000	3085.00000
71.42000	3200.00000
71.44000	3062.00000
71.46000	3181.00000
71.48000	3147.00000
71.50000	3136.00000
71.52000	3073.00000
71.54000	3233.00000
71.56000	3100.00000
71.58000	3170.00000
71.60000	3201.00000
71.62000	3229.00000
71.64000	3297.00000
71.66000	3387.00000
71.68000	3407.00000
71.70000	3821.00000
71.72000	3951.00000
71.74000	4077.00000
71.76000	4185.00000
71.78000	4300.00000
71.80000	4163.00000
71.82000	4017.00000
71.84000	3699.00000
71.86000	3553.00000
71.88000	3412.00000
71.90000	3309.00000
71.92000	3252.00000
71.94000	3301.00000
71.96000	3134.00000
71.98000	3203.00000
72.00000	3212.00000
72.02000	3201.00000
72.04000	3214.00000
72.06000	3062.00000
72.08000	3116.00000
72.10000	3240.00000
72.12000	3111.00000
72.14000	3149.00000
72.16000	3148.00000
72.18000	3158.00000
72.20000	3133.00000
72.22000	3161.00000
72.24000	3166.00000
72.26000	3192.00000
72.28000	3122.00000
72.30000	3138.00000
72.32000	3207.00000
72.34000	3091.00000
72.36000	3094.00000
72.38000	3069.00000
72.40000	3062.00000
72.42000	3000.00000
72.44000	3132.00000
72.46000	3056.00000
72.48000	3111.00000
72.50000	3085.00000
72.52000	3132.00000
72.54000	3118.00000
72.56000	3113.00000
72.58000	3114.00000
72.60000	3152.00000
72.62000	3135.00000
72.64000	3110.00000
72.66000	3062.00000
72.68000	3127.00000
72.70000	3018.00000
72.72000	3146.00000
72.74000	3113.00000
72.76000	3065.00000
72.78000	3138.00000
72.80000	3168.00000
72.82000	3093.00000
72.84000	3061.00000
72.86000	3056.00000
72.88000	3165.00000
72.90000	3097.00000
72.92000	3139.00000
72.94000	3096.00000
72.96000	3094.00000
72.98000	3119.00000
73.00000	3153.00000
73.02000	3200.00000
73.04000	3170.00000
73.06000	3218.00000
73.08000	3228.00000
73.10000	3178.00000
73.12000	3173.00000
73.14000	3154.00000
73.16000	3160.00000
73.18000	3151.00000
73.20000	3133.00000
73.22000	3133.00000
73.24000	3187.00000
73.26000	3144.00000
73.28000	3153.00000
73.30000	3119.00000
73.32000	3192.00000
73.34000	3210.00000
73.36000	3046.00000
73.38000	3111.00000
73.40000	3195.00000
73.42000	3190.00000
73.44000	3156.00000
73.46000	3210.00000
73.48000	3155.00000
73.50000	3110.00000
73.52000	3144.00000
73.54000	3186.00000
73.56000	3146.00000
73.58000	3082.00000
73.60000	3149.00000
73.62000	3211.00000
73.64000	3154.00000
73.66000	3104.00000
73.68000	3236.00000
73.70000	3274.00000
73.72000	3308.00000
73.74000	3483.00000
73.76000	3422.00000
73.78000	3651.00000
73.80000	3833.00000
73.82000	4030.00000
73.84000	4201.00000
73.86000	4296.00000
73.88000	4199.00000
73.90000	3996.00000
73.92000	3781.00000
73.94000	3644.00000
73.96000	3418.00000
73.98000	3301.00000
74.00000	3329.00000
74.02000	3228.00000
74.04000	3160.00000
74.06000	3148.00000
74.08000	3095.00000
74.10000	3258.00000
74.12000	3200.00000
74.14000	3124.00000
74.16000	3183.00000
74.18000	3241.00000
74.20000	3127.00000
74.22000	3202.00000
74.24000	3229.00000
74.26000	3149.00000
74.28000	3138.00000
74.30000	3239.00000
74.32000	3207.00000
74.34000	3166.00000
74.36000	3203.00000
74.38000	3162.00000
74.40000	3144.00000
74.42000	3130.00000
74.44000	3161.00000
74.46000	3020.00000
74.48000	3230.00000
74.50000	3189.00000
74.52000	3307.00000
74.54000	3353.00000
74.56000	3341.00000
74.58000	3538.00000
74.60000	3490.00000
74.62000	3566.00000
74.64000	3730.00000
74.66000	3714.00000
74.68000	3791.00000
74.70000	3911.00000
74.72000	3891.00000
74.74000	3640.00000
74.76000	3481.00000
74.78000	3437.00000
74.80000	3337.00000
74.82000	3307.00000
74.84000	3270.00000
74.86000	3217.00000
74.88000	3210.00000
74.90000	3288.00000
74.92000	3242.00000
74.94000	3199.00000
74.96000	3073.00000
74.98000	3121.00000
75.00000	3156.00000
75.02000	3051.00000
75.04000	3158.00000
75.06000	3131.00000
75.08000	3151.00000
75.10000	3146.00000
75.12000	3093.00000
75.14000	3092.00000
75.16000	3075.00000
75.18000	3101.00000
75.20000	3104.00000
75.22000	3066.00000
75.24000	3105.00000
75.26000	3049.00000
75.28000	3145.00000
75.30000	3045.00000
75.32000	3180.00000
75.34000	3106.00000
75.36000	3050.00000
75.38000	3069.00000
75.40000	3085.00000
75.42000	3254.00000
75.44000	3126.00000
75.46000	3082.00000
75.48000	3130.00000
75.50000	3092.00000
75.52000	3171.00000
75.54000	3148.00000
75.56000	3136.00000
75.58000	3212.00000
75.60000	3072.00000
75.62000	3073.00000
75.64000	3150.00000
75.66000	3072.00000
75.68000	3159.00000
75.70000	3176.00000
75.72000	3128.00000
75.74000	3084.00000
75.76000	3165.00000
75.78000	3183.00000
75.80000	3114.00000
75.82000	3181.00000
75.84000	3192.00000
75.86000	3134.00000
75.88000	3371.00000
75.90000	3392.00000
75.92000	3434.00000
75.94000	3536.00000
75.96000	3664.00000
75.98000	3846.00000
76.00000	3970.00000
76.02000	3949.00000
76.04000	3768.00000
76.06000	3746.00000
76.08000	3699.00000
76.10000	3452.00000
76.12000	3488.00000
76.14000	3376.00000
76.16000	3307.00000
76.18000	3236.00000
76.20000	3258.00000
76.22000	3227.00000
76.24000	3268.00000
76.26000	3209.00000
76.28000	3166.00000
76.30000	3277.00000
76.32000	3197.00000
76.34000	3098.00000
76.36000	3094.00000
76.38000	3038.00000
76.40000	3152.00000
76.42000	3216.00000
76.44000	3117.00000
76.46000	3136.00000
76.48000	3132.00000
76.50000	3144.00000
76.52000	3294.00000
76.54000	3156.00000
76.56000	3165.00000
76.58000	3125.00000
76.60000	3211.00000
76.62000	3188.00000
76.64000	3151.00000
76.66000	3210.00000
76.68000	3144.00000
76.70000	3155.00000
76.72000	3148.00000
76.74000	3175.00000
76.76000	3158.00000
76.78000	3163.00000
76.80000	3207.00000
76.82000	3304.00000
76.84000	3212.00000
76.86000	3320.00000
76.88000	3198.00000
76.90000	3209.00000
76.92000	3236.00000
76.94000	3238.00000
76.96000	3420.00000
76.98000	3497.00000
77.00000	3687.00000
77.02000	3812.00000
77.04000	4106.00000
77.06000	4160.00000
77.08000	4078.00000
77.10000	4120.00000
77.12000	3955.00000
77.14000	3688.00000
77.16000	3531.00000
77.18000	3418.00000
77.20000	3305.00000
77.22000	3226.00000
77.24000	3327.00000
77.26000	3192.00000
77.28000	3188.00000
77.30000	3183.00000
77.32000	3137.00000
77.34000	3195.00000
77.36000	3221.00000
77.38000	3091.00000
77.40000	3211.00000
77.42000	3122.00000
77.44000	3017.00000
77.46000	3123.00000
77.48000	3167.00000
77.50000	3160.00000
77.52000	3089.00000
77.54000	3169.00000
77.56000	3168.00000
77.58000	3134.00000
77.60000	3117.00000
77.62000	3190.00000
77.64000	3082.00000
77.66000	3086.00000
77.68000	3186.00000
77.70000	3107.00000
77.72000	3080.00000
77.74000	3136.00000
77.76000	3079.00000
77.78000	3123.00000
77.80000	3028.00000
77.82000	3111.00000
77.84000	3112.00000
77.86000	3159.00000
77.88000	3095.00000
77.90000	3129.00000
77.92000	3015.00000
77.94000	3144.00000
77.96000	3152.00000
77.98000	3193.00000
78.00000	3264.00000
78.02000	3111.00000
78.04000	3224.00000
78.06000	3236.00000
78.08000	3154.00000
78.10000	3241.00000
78.12000	3115.00000
78.14000	3167.00000
78.16000	3089.00000
78.18000	3131.00000
78.20000	3110.00000
78.22000	3049.00000
78.24000	3176.00000
78.26000	3121.00000
78.28000	3109.00000
78.30000	3076.00000
78.32000	3091.00000
78.34000	3048.00000
78.36000	3050.00000
78.38000	3084.00000
78.40000	3261.00000
78.42000	3124.00000
78.44000	3084.00000
78.46000	3049.00000
78.48000	3156.00000
78.50000	3140.00000
78.52000	3150.00000
78.54000	3142.00000
78.56000	3160.00000
78.58000	3120.00000
78.60000	3128.00000
78.62000	3255.00000
78.64000	3133.00000
78.66000	3159.00000
78.68000	3206.00000
78.70000	3286.00000
78.72000	3183.00000
78.74000	3156.00000
78.76000	3118.00000
78.78000	3244.00000
78.80000	3204.00000
78.82000	3166.00000
78.84000	3232.00000
78.86000	3234.00000
78.88000	3027.00000
78.90000	3093.00000
78.92000	3168.00000
78.94000	3001.00000
78.96000	3057.00000
78.98000	3147.00000
79.00000	3106.00000
79.02000	3077.00000
79.04000	3195.00000
79.06000	3223.00000
79.08000	3147.00000
79.10000	3108.00000
79.12000	3139.00000
79.14000	3065.00000
79.16000	3144.00000
79.18000	3031.00000
79.20000	3045.00000
79.22000	3094.00000
79.24000	3168.00000
79.26000	3134.00000
79.28000	3073.00000
79.30000	3124.00000
79.32000	3221.00000
79.34000	3153.00000
79.36000	3288.00000
79.38000	3398.00000
79.40000	3235.00000
79.42000	3291.00000
79.44000	3333.00000
79.46000	3489.00000
79.48000	3309.00000
79.50000	3328.00000
79.52000	3263.00000
79.54000	3172.00000
79.56000	3064.00000
79.58000	3080.00000
79.60000	3012.00000
79.62000	3125.00000
79.64000	3051.00000
79.66000	3129.00000
79.68000	3123.00000
79.70000	3125.00000
79.72000	3139.00000
79.74000	3095.00000
79.76000	3074.00000
79.78000	3093.00000
79.80000	3028.00000
79.82000	3125.00000
79.84000	3085.00000
79.86000	3124.00000
79.88000	3093.00000
79.90000	2989.00000
79.92000	3108.00000
79.94000	3050.00000
79.96000	3105.00000
79.98000	3052.00000
80.00000	3107.00000
80.02000	3200.00000
80.04000	3135.00000
80.06000	3049.00000
80.08000	3107.00000
80.10000	3091.00000
80.12000	3166.00000
80.14000	3073.00000
80.16000	3062.00000
80.18000	3066.00000
80.20000	3107.00000
80.22000	3185.00000
80.24000	3116.00000
80.26000	3054.00000
80.28000	3038.00000
80.30000	3093.00000
80.32000	3211.00000
80.34000	3168.00000
80.36000	3166.00000
80.38000	3085.00000
80.40000	3161.00000
80.42000	3138.00000
80.44000	3126.00000
80.46000	3052.00000
80.48000	2993.00000
80.50000	3112.00000
80.52000	3217.00000
80.54000	3200.00000
80.56000	3071.00000
80.58000	3052.00000
80.60000	3082.00000
80.62000	2987.00000
80.64000	3096.00000
80.66000	3102.00000
80.68000	3088.00000
80.70000	3034.00000
80.72000	3147.00000
80.74000	3118.00000
80.76000	3064.00000
80.78000	3043.00000
80.80000	3111.00000
80.82000	3198.00000
80.84000	3199.00000
80.86000	3067.00000
80.88000	3167.00000
80.90000	3094.00000
80.92000	3129.00000
80.94000	3048.00000
80.96000	3098.00000
80.98000	3109.00000
81.00000	3093.00000
81.02000	3120.00000
81.04000	3107.00000
81.06000	3031.00000
81.08000	3108.00000
81.10000	3074.00000
81.12000	3088.00000
81.14000	3036.00000
81.16000	3099.00000
81.18000	3108.00000
81.20000	3051.00000
81.22000	3011.00000
81.24000	3043.00000
81.26000	3112.00000
81.28000	3045.00000
81.30000	3128.00000
81.32000	3147.00000
81.34000	2962.00000
81.36000	3074.00000
81.38000	3028.00000
81.40000	3090.00000
81.42000	3135.00000
81.44000	3172.00000
81.46000	3143.00000
81.48000	3035.00000
81.50000	3204.00000
81.52000	3148.00000
81.54000	3236.00000
81.56000	3241.00000
81.58000	3172.00000
81.60000	3217.00000
81.62000	3236.00000
81.64000	3213.00000
81.66000	3210.00000
81.68000	3277.00000
81.70000	3147.00000
81.72000	3085.00000
81.74000	3146.00000
81.76000	3113.00000
81.78000	3115.00000
81.80000	3089.00000
81.82000	3059.00000
81.84000	3012.00000
81.86000	3113.00000
81.88000	3062.00000
81.90000	3094.00000
81.92000	3028.00000
81.94000	3011.00000
81.96000	2983.00000
81.98000	3064.00000
82.00000	3080.00000
82.02000	3105.00000
82.04000	3097.00000
82.06000	3105.00000
82.08000	3040.00000
82.10000	3088.00000
82.12000	3159.00000
82.14000	3132.00000
82.16000	3029.00000
82.18000	3024.00000
82.20000	3161.00000
82.22000	3202.00000
82.24000	3086.00000
82.26000	3037.00000
82.28000	3097.00000
82.30000	3188.00000
82.32000	3148.00000
82.34000	3060.00000
82.36000	3072.00000
82.38000	3110.00000
82.40000	3091.00000
82.42000	3175.00000
82.44000	3220.00000
82.46000	3183.00000
82.48000	3265.00000
82.50000	3326.00000
82.52000	3558.00000
82.54000	3528.00000
82.56000	3684.00000
82.58000	3671.00000
82.60000	3703.00000
82.62000	3713.00000
82.64000	3556.00000
82.66000	3489.00000
82.68000	3302.00000
82.70000	3235.00000
82.72000	3314.00000
82.74000	3240.00000
82.76000	3236.00000
82.78000	3152.00000
82.80000	3155.00000
82.82000	3169.00000
82.84000	3162.00000
82.86000	3231.00000
82.88000	3164.00000
82.90000	3303.00000
82.92000	3250.00000
82.94000	3324.00000
82.96000	3314.00000
82.98000	3235.00000
83.00000	3129.00000
83.02000	3232.00000
83.04000	3133.00000
83.06000	3198.00000
83.08000	3182.00000
83.10000	3132.00000
83.12000	3109.00000
83.14000	3112.00000
83.16000	3072.00000
83.18000	3171.00000
83.20000	3188.00000
83.22000	3114.00000
83.24000	3176.00000
83.26000	3156.00000
83.28000	3239.00000
83.30000	3200.00000
83.32000	3215.00000
83.34000	3267.00000
83.36000	3307.00000
83.38000	3351.00000
83.40000	3568.00000
83.42000	3606.00000
83.44000	3887.00000
83.46000	4250.00000
83.48000	4747.00000
83.50000	5107.00000
83.52000	5716.00000
83.54000	5907.00000
83.56000	5918.00000
83.58000	5818.00000
83.60000	5312.00000
83.62000	4793.00000
83.64000	4420.00000
83.66000	3939.00000
83.68000	3672.00000
83.70000	3514.00000
83.72000	3486.00000
83.74000	3331.00000
83.76000	3330.00000
83.78000	3285.00000
83.80000	3192.00000
83.82000	3247.00000
83.84000	3146.00000
83.86000	3229.00000
83.88000	3177.00000
83.90000	3089.00000
83.92000	3181.00000
83.94000	3096.00000
83.96000	3278.00000
83.98000	3238.00000
84.00000	3255.00000
84.02000	3288.00000
84.04000	3273.00000
84.06000	3356.00000
84.08000	3412.00000
84.10000	3617.00000
84.12000	3852.00000
84.14000	3925.00000
84.16000	4178.00000
84.18000	4301.00000
84.20000	4366.00000
84.22000	4187.00000
84.24000	4032.00000
84.26000	3756.00000
84.28000	3703.00000
84.30000	3546.00000
84.32000	3337.00000
84.34000	3294.00000
84.36000	3228.00000
84.38000	3181.00000
84.40000	3130.00000
84.42000	3208.00000
84.44000	3196.00000
84.46000	3020.00000
84.48000	3001.00000
84.50000	3118.00000
84.52000	3095.00000
84.54000	3048.00000
84.56000	3106.00000
84.58000	3075.00000
84.60000	3190.00000
84.62000	3070.00000
84.64000	3113.00000
84.66000	3030.00000
84.68000	3065.00000
84.70000	3047.00000
84.72000	3061.00000
84.74000	3047.00000
84.76000	2981.00000
84.78000	3134.00000
84.80000	3058.00000
84.82000	3137.00000
84.84000	3067.00000
84.86000	3120.00000
84.88000	2998.00000
84.90000	3021.00000
84.92000	3155.00000
84.94000	3034.00000
84.96000	3024.00000
84.98000	3177.00000
85.00000	3128.00000
85.02000	3167.00000
85.04000	2979.00000
85.06000	3066.00000
85.08000	3082.00000
85.10000	3010.00000
85.12000	3042.00000
85.14000	3026.00000
85.16000	3119.00000
85.18000	3055.00000
85.20000	3101.00000
85.22000	3085.00000
85.24000	3068.00000
85.26000	3062.00000
85.28000	3086.00000
85.30000	3087.00000
85.32000	2980.00000
85.34000	3063.00000
85.36000	3215.00000
85.38000	3098.00000
85.40000	3080.00000
85.42000	3114.00000
85.44000	3191.00000
85.46000	3243.00000
85.48000	3276.00000
85.50000	3260.00000
85.52000	3392.00000
85.54000	3420.00000
85.56000	3374.00000
85.58000	3572.00000
85.60000	3755.00000
85.62000	3866.00000
85.64000	4080.00000
85.66000	4173.00000
85.68000	4390.00000
85.70000	4550.00000
85.72000	4652.00000
85.74000	4488.00000
85.76000	4190.00000
85.78000	4077.00000
85.80000	3892.00000
85.82000	3692.00000
85.84000	3474.00000
85.86000	3380.00000
85.88000	3266.00000
85.90000	3279.00000
85.92000	3287.00000
85.94000	3106.00000
85.96000	3104.00000
85.98000	3198.00000
86.00000	3120.00000
86.02000	3156.00000
86.04000	3063.00000
86.06000	3046.00000
86.08000	3057.00000
86.10000	3137.00000
86.12000	3084.00000
86.14000	3118.00000
86.16000	3067.00000
86.18000	3101.00000
86.20000	3071.00000
86.22000	3055.00000
86.24000	3097.00000
86.26000	3011.00000
86.28000	3004.00000
86.30000	3167.00000
86.32000	3112.00000
86.34000	3150.00000
86.36000	3032.00000
86.38000	3093.00000
86.40000	3157.00000
86.42000	3093.00000
86.44000	3162.00000
86.46000	3143.00000
86.48000	3136.00000
86.50000	3218.00000
86.52000	3281.00000
86.54000	3335.00000
86.56000	3411.00000
86.58000	3613.00000
86.60000	3884.00000
86.62000	4129.00000
86.64000	4254.00000
86.66000	4466.00000
86.68000	4508.00000
86.70000	4431.00000
86.72000	4285.00000
86.74000	4001.00000
86.76000	3833.00000
86.78000	3724.00000
86.80000	3562.00000
86.82000	3496.00000
86.84000	3437.00000
86.86000	3301.00000
86.88000	3447.00000
86.90000	3578.00000
86.92000	3738.00000
86.94000	3919.00000
86.96000	3989.00000
86.98000	4058.00000
87.00000	4190.00000
87.02000	4188.00000
87.04000	4053.00000
87.06000	3885.00000
87.08000	3728.00000
87.10000	3643.00000
87.12000	3583.00000
87.14000	3471.00000
87.16000	3267.00000
87.18000	3289.00000
87.20000	3189.00000
87.22000	3140.00000
87.24000	3084.00000
87.26000	3173.00000
87.28000	3036.00000
87.30000	3152.00000
87.32000	3079.00000
87.34000	3096.00000
87.36000	3074.00000
87.38000	3059.00000
87.40000	3008.00000
87.42000	3051.00000
87.44000	3050.00000
87.46000	3116.00000
87.48000	3125.00000
87.50000	3113.00000
87.52000	3126.00000
87.54000	3044.00000
87.56000	3063.00000
87.58000	3046.00000
87.60000	3035.00000
87.62000	3030.00000
87.64000	3089.00000
87.66000	3111.00000
87.68000	2998.00000
87.70000	3041.00000
87.72000	3085.00000
87.74000	3023.00000
87.76000	2988.00000
87.78000	3006.00000
87.80000	3049.00000
87.82000	3035.00000
87.84000	2997.00000
87.86000	2904.00000
87.88000	3000.00000
87.90000	3010.00000
87.92000	3131.00000
87.94000	3096.00000
87.96000	3089.00000
87.98000	3033.00000
88.00000	2996.00000
88.02000	2936.00000
88.04000	3067.00000
88.06000	3004.00000
88.08000	2910.00000
88.10000	3031.00000
88.12000	2998.00000
88.14000	3056.00000
88.16000	2958.00000
88.18000	2937.00000
88.20000	3043.00000
88.22000	3047.00000
88.24000	3023.00000
88.26000	3040.00000
88.28000	2943.00000
88.30000	3096.00000
88.32000	3097.00000
88.34000	3018.00000
88.36000	3051.00000
88.38000	3094.00000
88.40000	3055.00000
88.42000	3052.00000
88.44000	2979.00000
88.46000	3062.00000
88.48000	3018.00000
88.50000	3028.00000
88.52000	3058.00000
88.54000	2905.00000
88.56000	3022.00000
88.58000	2914.00000
88.60000	2933.00000
88.62000	2993.00000
88.64000	2892.00000
88.66000	2947.00000
88.68000	2953.00000
88.70000	2904.00000
88.72000	3053.00000
88.74000	2896.00000
88.76000	2917.00000
88.78000	2930.00000
88.80000	3016.00000
88.82000	3029.00000
88.84000	2988.00000
88.86000	3033.00000
88.88000	2881.00000
88.90000	2943.00000
88.92000	2930.00000
88.94000	2948.00000
88.96000	3025.00000
88.98000	3109.00000
89.00000	2932.00000
89.02000	3038.00000
89.04000	2960.00000
89.06000	2963.00000
89.08000	2992.00000
89.10000	2963.00000
89.12000	2993.00000
89.14000	3083.00000
89.16000	2930.00000
89.18000	3031.00000
89.20000	2933.00000
89.22000	3089.00000
89.24000	3024.00000
89.26000	3002.00000
89.28000	2999.00000
89.30000	3112.00000
89.32000	3083.00000
89.34000	3104.00000
89.36000	3030.00000
89.38000	3115.00000
89.40000	3175.00000
89.42000	3156.00000
89.44000	3088.00000
89.46000	3074.00000
89.48000	3085.00000
89.50000	3093.00000
89.52000	3025.00000
89.54000	3062.00000
89.56000	3030.00000
89.58000	3129.00000
89.60000	3133.00000
89.62000	3220.00000
89.64000	3128.00000
89.66000	3148.00000
89.68000	3054.00000
89.70000	3204.00000
89.72000	3018.00000
89.74000	3066.00000
89.76000	3078.00000
89.78000	3086.00000
89.80000	3121.00000
89.82000	2922.00000
89.84000	3000.00000
89.86000	2942.00000
89.88000	2976.00000
89.90000	3094.00000
89.92000	3069.00000
89.94000	3004.00000
89.96000	2957.00000
89.98000	2982.00000
90.00000	2963.00000
90.02000	2907.00000
90.04000	3040.00000
90.06000	2942.00000
90.08000	3014.00000
90.10000	2976.00000
90.12000	2990.00000
90.14000	3015.00000
90.16000	3004.00000
90.18000	2987.00000
90.20000	3031.00000
90.22000	3039.00000
90.24000	3045.00000
90.26000	3136.00000
90.28000	3150.00000
90.30000	3293.00000
90.32000	3281.00000
90.34000	3330.00000
90.36000	3318.00000
90.38000	3298.00000
90.40000	3229.00000
90.42000	3163.00000
90.44000	3097.00000
90.46000	3116.00000
90.48000	3064.00000
90.50000	3004.00000
90.52000	3120.00000
90.54000	3073.00000
90.56000	2952.00000
90.58000	3053.00000
90.60000	3019.00000
90.62000	3079.00000
90.64000	2989.00000
90.66000	3006.00000
90.68000	3018.00000
90.70000	2992.00000
90.72000	3006.00000
90.74000	2955.00000
90.76000	3095.00000
90.78000	3087.00000
90.80000	3113.00000
90.82000	3147.00000
90.84000	3066.00000
90.86000	3138.00000
90.88000	3324.00000
90.90000	3212.00000
90.92000	3296.00000
90.94000	3571.00000
90.96000	3655.00000
90.98000	3672.00000
91.00000	3606.00000
91.02000	3604.00000
91.04000	3283.00000
91.06000	3287.00000
91.08000	3132.00000
91.10000	3154.00000
91.12000	3242.00000
91.14000	3129.00000
91.16000	3077.00000
91.18000	2987.00000
91.20000	3037.00000
91.22000	2988.00000
91.24000	3057.00000
91.26000	3017.00000
91.28000	2946.00000
91.30000	2975.00000
91.32000	3006.00000
91.34000	3019.00000
91.36000	3003.00000
91.38000	2945.00000
91.40000	2927.00000
91.42000	3046.00000
91.44000	3023.00000
91.46000	2955.00000
91.48000	2937.00000
91.50000	2968.00000
91.52000	2893.00000
91.54000	3014.00000
91.56000	2917.00000
91.58000	3136.00000
91.60000	3062.00000
91.62000	2986.00000
91.64000	2922.00000
91.66000	3062.00000
91.68000	2953.00000
91.70000	3083.00000
91.72000	3037.00000
91.74000	2947.00000
91.76000	2992.00000
91.78000	3030.00000
91.80000	2999.00000
91.82000	3051.00000
91.84000	2994.00000
91.86000	3003.00000
91.88000	2963.00000
91.90000	2982.00000
91.92000	2986.00000
91.94000	3042.00000
91.96000	2952.00000
91.98000	2967.00000
92.00000	3028.00000
92.02000	3031.00000
92.04000	2989.00000
92.06000	3125.00000
92.08000	3117.00000
92.10000	3176.00000
92.12000	3096.00000
92.14000	2967.00000
92.16000	3063.00000
92.18000	2991.00000
92.20000	3085.00000
92.22000	2998.00000
92.24000	2995.00000
92.26000	2885.00000
92.28000	2973.00000
92.30000	2906.00000
92.32000	3029.00000
92.34000	2997.00000
92.36000	2910.00000
92.38000	2859.00000
92.40000	2953.00000
92.42000	2975.00000
92.44000	2987.00000
92.46000	2896.00000
92.48000	2915.00000
92.50000	2934.00000
92.52000	2866.00000
92.54000	3021.00000
92.56000	2974.00000
92.58000	2960.00000
92.60000	2833.00000
92.62000	2958.00000
92.64000	2980.00000
92.66000	2892.00000
92.68000	2970.00000
92.70000	2943.00000
92.72000	2907.00000
92.74000	3035.00000
92.76000	2938.00000
92.78000	3040.00000
92.80000	2987.00000
92.82000	2988.00000
92.84000	3011.00000
92.86000	2919.00000
92.88000	2931.00000
92.90000	2907.00000
92.92000	2980.00000
92.94000	2948.00000
92.96000	3020.00000
92.98000	3077.00000
93.00000	3014.00000
93.02000	2986.00000
93.04000	2965.00000
93.06000	3052.00000
93.08000	3064.00000
93.10000	2958.00000
93.12000	3006.00000
93.14000	2972.00000
93.16000	2932.00000
93.18000	2939.00000
93.20000	2999.00000
93.22000	3007.00000
93.24000	2967.00000
93.26000	2978.00000
93.28000	2918.00000
93.30000	3064.00000
93.32000	2963.00000
93.34000	3038.00000
93.36000	3106.00000
93.38000	3139.00000
93.40000	3179.00000
93.42000	3140.00000
93.44000	3207.00000
93.46000	3163.00000
93.48000	3166.00000
93.50000	3096.00000
93.52000	3163.00000
93.54000	3181.00000
93.56000	3038.00000
93.58000	2965.00000
93.60000	2963.00000
93.62000	2992.00000
93.64000	2949.00000
93.66000	2868.00000
93.68000	2991.00000
93.70000	2999.00000
93.72000	2995.00000
93.74000	3069.00000
93.76000	2938.00000
93.78000	2981.00000
93.80000	2999.00000
93.82000	2946.00000
93.84000	2886.00000
93.86000	2995.00000
93.88000	2971.00000
93.90000	2965.00000
93.92000	2944.00000
93.94000	2911.00000
93.96000	2909.00000
93.98000	2877.00000
94.00000	2997.00000
94.02000	2919.00000
94.04000	2913.00000
94.06000	2870.00000
94.08000	2939.00000
94.10000	2957.00000
94.12000	2886.00000
94.14000	2881.00000
94.16000	2935.00000
94.18000	2893.00000
94.20000	2956.00000
94.22000	2934.00000
94.24000	2939.00000
94.26000	2852.00000
94.28000	2907.00000
94.30000	2968.00000
94.32000	2935.00000
94.34000	2938.00000
94.36000	2964.00000
94.38000	2895.00000
94.40000	2969.00000
94.42000	2997.00000
94.44000	2956.00000
94.46000	2935.00000
94.48000	2983.00000
94.50000	2929.00000
94.52000	2895.00000
94.54000	2828.00000
94.56000	2902.00000
94.58000	2944.00000
94.60000	2998.00000
94.62000	2959.00000
94.64000	2989.00000
94.66000	2948.00000
94.68000	2961.00000
94.70000	2978.00000
94.72000	2975.00000
94.74000	2961.00000
94.76000	2925.00000
94.78000	2874.00000
94.80000	2987.00000
94.82000	2889.00000
94.84000	2989.00000
94.86000	2916.00000
94.88000	2833.00000
94.90000	2934.00000
94.92000	2898.00000
94.94000	2861.00000
94.96000	2958.00000
94.98000	2898.00000
95.00000	2868.00000
95.02000	2856.00000
95.04000	2906.00000
95.06000	2947.00000
95.08000	2942.00000
95.10000	2940.00000
95.12000	2883.00000
95.14000	2933.00000
95.16000	2872.00000
95.18000	2881.00000
95.20000	2882.00000
95.22000	2987.00000
95.24000	2927.00000
95.26000	2877.00000
95.28000	3007.00000
95.30000	2947.00000
95.32000	3058.00000
95.34000	2933.00000
95.36000	2891.00000
95.38000	2916.00000
95.40000	2881.00000
95.42000	2966.00000
95.44000	2933.00000
95.46000	2844.00000
95.48000	2887.00000
95.50000	2946.00000
95.52000	2914.00000
95.54000	2948.00000
95.56000	2973.00000
95.58000	2976.00000
95.60000	2920.00000
95.62000	2898.00000
95.64000	2864.00000
95.66000	2871.00000
95.68000	2880.00000
95.70000	2907.00000
95.72000	2931.00000
95.74000	2981.00000
95.76000	2921.00000
95.78000	2895.00000
95.80000	2936.00000
95.82000	2966.00000
95.84000	2946.00000
95.86000	2935.00000
95.88000	2888.00000
95.90000	2926.00000
95.92000	2958.00000
95.94000	3035.00000
95.96000	2922.00000
95.98000	2919.00000
96.00000	2951.00000
96.02000	3027.00000
96.04000	2974.00000
96.06000	2884.00000
96.08000	3033.00000
96.10000	2970.00000
96.12000	2963.00000
96.14000	3004.00000
96.16000	2909.00000
96.18000	2905.00000
96.20000	2863.00000
96.22000	2887.00000
96.24000	2977.00000
96.26000	2947.00000
96.28000	3018.00000
96.30000	3060.00000
96.32000	3103.00000
96.34000	3134.00000
96.36000	3173.00000
96.38000	3217.00000
96.40000	3261.00000
96.42000	3322.00000
96.44000	3422.00000
96.46000	3424.00000
96.48000	3353.00000
96.50000	3518.00000
96.52000	3578.00000
96.54000	3706.00000
96.56000	3741.00000
96.58000	3714.00000
96.60000	3758.00000
96.62000	3654.00000
96.64000	3562.00000
96.66000	3468.00000
96.68000	3313.00000
96.70000	3281.00000
96.72000	3123.00000
96.74000	3069.00000
96.76000	3137.00000
96.78000	3018.00000
96.80000	3078.00000
96.82000	2994.00000
96.84000	2980.00000
96.86000	3001.00000
96.88000	3069.00000
96.90000	2989.00000
96.92000	3004.00000
96.94000	2928.00000
96.96000	2901.00000
96.98000	2983.00000
97.00000	2975.00000
97.02000	2912.00000
97.04000	2910.00000
97.06000	2844.00000
97.08000	2949.00000
97.10000	2920.00000
97.12000	2932.00000
97.14000	2945.00000
97.16000	2971.00000
97.18000	3069.00000
97.20000	2935.00000
97.22000	2949.00000
97.24000	2865.00000
97.26000	2951.00000
97.28000	2983.00000
97.30000	2994.00000
97.32000	3054.00000
97.34000	3080.00000
97.36000	3048.00000
97.38000	3132.00000
97.40000	3150.00000
97.42000	3333.00000
97.44000	3489.00000
97.46000	3554.00000
97.48000	3722.00000
97.50000	4017.00000
97.52000	4103.00000
97.54000	4235.00000
97.56000	4313.00000
97.58000	4126.00000
97.60000	3988.00000
97.62000	3842.00000
97.64000	3663.00000
97.66000	3400.00000
97.68000	3251.00000
97.70000	3194.00000
97.72000	3146.00000
97.74000	3141.00000
97.76000	3135.00000
97.78000	2978.00000
97.80000	3062.00000
97.82000	3074.00000
97.84000	3047.00000
97.86000	2887.00000
97.88000	3069.00000
97.90000	3007.00000
97.92000	2992.00000
97.94000	3125.00000
97.96000	3046.00000
97.98000	2996.00000
98.00000	3009.00000
98.02000	3087.00000
98.04000	2976.00000
98.06000	2998.00000
98.08000	3021.00000
98.10000	2910.00000
98.12000	2942.00000
98.14000	2936.00000
98.16000	2904.00000
98.18000	2919.00000
98.20000	2936.00000
98.22000	2865.00000
98.24000	2836.00000
98.26000	2931.00000
98.28000	3043.00000
98.30000	2974.00000
98.32000	2959.00000
98.34000	2888.00000
98.36000	2878.00000
98.38000	2949.00000
98.40000	2829.00000
98.42000	2981.00000
98.44000	2845.00000
98.46000	2846.00000
98.48000	2838.00000
98.50000	2940.00000
98.52000	2917.00000
98.54000	2884.00000
98.56000	2842.00000
98.58000	2890.00000
98.60000	2888.00000
98.62000	2869.00000
98.64000	2842.00000
98.66000	2885.00000
98.68000	2893.00000
98.70000	2886.00000
98.72000	2893.00000
98.74000	2865.00000
98.76000	2858.00000
98.78000	2867.00000
98.80000	2832.00000
98.82000	2960.00000
98.84000	2865.00000
98.86000	2777.00000
98.88000	2889.00000
98.90000	2858.00000
98.92000	2857.00000
98.94000	2930.00000
98.96000	2861.00000
98.98000	2841.00000
99.00000	2995.00000
99.02000	2845.00000
99.04000	2893.00000
99.06000	2837.00000
99.08000	2828.00000
99.10000	2958.00000
99.12000	2996.00000
99.14000	3009.00000
99.16000	2971.00000
99.18000	2909.00000
99.20000	2998.00000
99.22000	3067.00000
99.24000	3088.00000
99.26000	2990.00000
99.28000	3043.00000
99.30000	2957.00000
99.32000	2923.00000
99.34000	2905.00000
99.36000	2931.00000
99.38000	2914.00000
99.40000	2855.00000
99.42000	2907.00000
99.44000	2881.00000
99.46000	2744.00000
99.48000	2942.00000
99.50000	2954.00000
99.52000	2781.00000
99.54000	2865.00000
99.56000	2852.00000
99.58000	2854.00000
99.60000	2879.00000
99.62000	2954.00000
99.64000	2786.00000
99.66000	2832.00000
99.68000	2858.00000
99.70000	2791.00000
99.72000	2859.00000
99.74000	2815.00000
99.76000	2935.00000
99.78000	2940.00000
99.80000	2833.00000
99.82000	2955.00000
99.84000	2895.00000
99.86000	2969.00000
99.88000	3041.00000
99.90000	3014.00000
99.92000	2971.00000
99.94000	2970.00000
99.96000	2952.00000
99.98000	2895.00000
100.00000	3027.00000
100.02000	2949.00000
100.04000	2964.00000
100.06000	2862.00000
100.08000	2910.00000
100.10000	2882.00000
100.12000	2925.00000
100.14000	2865.00000
100.16000	2797.00000
100.18000	2839.00000
100.20000	2857.00000
100.22000	2814.00000
100.24000	2888.00000
100.26000	2877.00000
100.28000	2808.00000
100.30000	2792.00000
100.32000	2890.00000
100.34000	2906.00000
100.36000	2922.00000
100.38000	2969.00000
100.40000	2826.00000
100.42000	2901.00000
100.44000	2854.00000
100.46000	2867.00000
100.48000	2773.00000
100.50000	2795.00000
100.52000	2847.00000
100.54000	2883.00000
100.56000	2842.00000
100.58000	2899.00000
100.60000	2957.00000
100.62000	3016.00000
100.64000	2858.00000
100.66000	2828.00000
100.68000	2866.00000
100.70000	2794.00000
100.72000	2886.00000
100.74000	2920.00000
100.76000	2867.00000
100.78000	2843.00000
100.80000	2905.00000
100.82000	2892.00000
100.84000	2850.00000
100.86000	2887.00000
100.88000	2871.00000
100.90000	2801.00000
100.92000	2821.00000
100.94000	2822.00000
100.96000	2770.00000
100.98000	2820.00000
101.00000	2837.00000
101.02000	2856.00000
101.04000	2901.00000
101.06000	2777.00000
101.08000	2851.00000
101.10000	2808.00000
101.12000	2945.00000
101.14000	2884.00000
101.16000	2920.00000
101.18000	2856.00000
101.20000	2847.00000
101.22000	2883.00000
101.24000	2782.00000
101.26000	2829.00000
101.28000	2865.00000
101.30000	2787.00000
101.32000	2787.00000
101.34000	2807.00000
101.36000	2752.00000
101.38000	2762.00000
101.40000	2914.00000
101.42000	2849.00000
101.44000	2785.00000
101.46000	2830.00000
101.48000	2899.00000
101.50000	2968.00000
101.52000	2888.00000
101.54000	2877.00000
101.56000	2817.00000
101.58000	2780.00000
101.60000	2805.00000
101.62000	2796.00000
101.64000	2760.00000
101.66000	2854.00000
101.68000	2865.00000
101.70000	2801.00000
101.72000	2792.00000
101.74000	2828.00000
101.76000	2882.00000
101.78000	2877.00000
101.80000	2872.00000
101.82000	2848.00000
101.84000	2803.00000
101.86000	2856.00000
101.88000	2980.00000
101.90000	2802.00000
101.92000	2926.00000
101.94000	2935.00000
101.96000	2938.00000
101.98000	2892.00000
102.00000	2936.00000
102.02000	2921.00000
102.04000	2937.00000
102.06000	2903.00000
102.08000	2913.00000
102.10000	2898.00000
102.12000	2915.00000
102.14000	2856.00000
102.16000	2885.00000
102.18000	2862.00000
102.20000	2948.00000
102.22000	2913.00000
102.24000	2843.00000
102.26000	2842.00000
102.28000	2815.00000
102.30000	2778.00000
102.32000	2808.00000
102.34000	2777.00000
102.36000	2731.00000
102.38000	2867.00000
102.40000	2807.00000
102.42000	2907.00000
102.44000	2901.00000
102.46000	2894.00000
102.48000	2892.00000
102.50000	2821.00000
102.52000	2803.00000
102.54000	2807.00000
102.56000	2794.00000
102.58000	2844.00000
102.60000	2888.00000
102.62000	2795.00000
102.64000	2834.00000
102.66000	2836.00000
102.68000	2822.00000
102.70000	2766.00000
102.72000	2886.00000
102.74000	2878.00000
102.76000	2855.00000
102.78000	2762.00000
102.80000	2814.00000
102.82000	2843.00000
102.84000	2822.00000
102.86000	2852.00000
102.88000	2821.00000
102.90000	2800.00000
102.92000	2751.00000
102.94000	2911.00000
102.96000	2761.00000
102.98000	2816.00000
103.00000	2838.00000
103.02000	2748.00000
103.04000	2817.00000
103.06000	2780.00000
103.08000	2864.00000
103.10000	2832.00000
103.12000	2795.00000
103.14000	2828.00000
103.16000	2822.00000
103.18000	2796.00000
103.20000	2893.00000
103.22000	2855.00000
103.24000	2786.00000
103.26000	2803.00000
103.28000	2873.00000
103.30000	2885.00000
103.32000	2859.00000
103.34000	2976.00000
103.36000	2954.00000
103.38000	2847.00000
103.40000	2802.00000
103.42000	2912.00000
103.44000	2841.00000
103.46000	2828.00000
103.48000	2922.00000
103.50000	2781.00000
103.52000	2904.00000
103.54000	2821.00000
103.56000	2738.00000
103.58000	2797.00000
103.60000	2844.00000
103.62000	2860.00000
103.64000	2875.00000
103.66000	2799.00000
103.68000	2818.00000
103.70000	2792.00000
103.72000	2775.00000
103.74000	2783.00000
103.76000	2793.00000
103.78000	2856.00000
103.80000	2834.00000
103.82000	2846.00000
103.84000	2809.00000
103.86000	2749.00000
103.88000	2902.00000
103.90000	2911.00000
103.92000	2975.00000
103.94000	2949.00000
103.96000	2929.00000
103.98000	3057.00000
104.00000	3173.00000
104.02000	3183.00000
104.04000	3328.00000
104.06000	3337.00000
104.08000	3329.00000
104.10000	3324.00000
104.12000	3385.00000
104.14000	3413.00000
104.16000	3508.00000
104.18000	3299.00000
104.20000	3208.00000
104.22000	3202.00000
104.24000	3168.00000
104.26000	3052.00000
104.28000	2936.00000
104.30000	2970.00000
104.32000	2859.00000
104.34000	2834.00000
104.36000	2890.00000
104.38000	2839.00000
104.40000	2849.00000
104.42000	2851.00000
104.44000	2803.00000
104.46000	2784.00000
104.48000	2830.00000
104.50000	2868.00000
104.52000	2876.00000
104.54000	2731.00000
104.56000	2768.00000
104.58000	2846.00000
104.60000	2797.00000
104.62000	2812.00000
104.64000	2781.00000
104.66000	2769.00000
104.68000	2801.00000
104.70000	2798.00000
104.72000	2693.00000
104.74000	2731.00000
104.76000	2862.00000
104.78000	2789.00000
104.80000	2777.00000
104.82000	2817.00000
104.84000	2794.00000
104.86000	2733.00000
104.88000	2887.00000
104.90000	2860.00000
104.92000	2721.00000
104.94000	2804.00000
104.96000	2731.00000
104.98000	2724.00000
105.00000	2833.00000
105.02000	2696.00000
105.04000	2676.00000
105.06000	2812.00000
105.08000	2823.00000
105.10000	2900.00000
105.12000	2786.00000
105.14000	2792.00000
105.16000	2762.00000
105.18000	2768.00000
105.20000	2704.00000
105.22000	2803.00000
105.24000	2887.00000
105.26000	2830.00000
105.28000	2817.00000
105.30000	2845.00000
105.32000	2981.00000
105.34000	2839.00000
105.36000	3062.00000
105.38000	3163.00000
105.40000	3179.00000
105.42000	3251.00000
105.44000	3430.00000
105.46000	3458.00000
105.48000	3387.00000
105.50000	3362.00000
105.52000	3166.00000
105.54000	3204.00000
105.56000	3014.00000
105.58000	2969.00000
105.60000	3008.00000
105.62000	2952.00000
105.64000	2860.00000
105.66000	2848.00000
105.68000	2766.00000
105.70000	2854.00000
105.72000	2910.00000
105.74000	2747.00000
105.76000	2789.00000
105.78000	2786.00000
105.80000	2755.00000
105.82000	2846.00000
105.84000	2888.00000
105.86000	2810.00000
105.88000	2847.00000
105.90000	2789.00000
105.92000	2851.00000
105.94000	2885.00000
105.96000	2936.00000
105.98000	3064.00000
106.00000	3091.00000
106.02000	3233.00000
106.04000	3327.00000
106.06000	3313.00000
106.08000	3538.00000
106.10000	3617.00000
106.12000	3522.00000
106.14000	3514.00000
106.16000	3441.00000
106.18000	3347.00000
106.20000	3213.00000
106.22000	3180.00000
106.24000	2953.00000
106.26000	2903.00000
106.28000	2868.00000
106.30000	2986.00000
106.32000	2880.00000
106.34000	2923.00000
106.36000	2865.00000
106.38000	2784.00000
106.40000	2807.00000
106.42000	2727.00000
106.44000	2758.00000
106.46000	2738.00000
106.48000	2791.00000
106.50000	2659.00000
106.52000	2802.00000
106.54000	2768.00000
106.56000	2717.00000
106.58000	2684.00000
106.60000	2807.00000
106.62000	2815.00000
106.64000	2784.00000
106.66000	2752.00000
106.68000	2799.00000
106.70000	2703.00000
106.72000	2709.00000
106.74000	2732.00000
106.76000	2787.00000
106.78000	2786.00000
106.80000	2835.00000
106.82000	2749.00000
106.84000	2767.00000
106.86000	2784.00000
106.88000	2769.00000
106.90000	2710.00000
106.92000	2683.00000
106.94000	2671.00000
106.96000	2796.00000
106.98000	2605.00000
107.00000	2749.00000
107.02000	2761.00000
107.04000	2652.00000
107.06000	2777.00000
107.08000	2678.00000
107.10000	2710.00000
107.12000	2714.00000
107.14000	2623.00000
107.16000	2705.00000
107.18000	2691.00000
107.20000	2762.00000
107.22000	2674.00000
107.24000	2743.00000
107.26000	2672.00000
107.28000	2716.00000
107.30000	2809.00000
107.32000	2731.00000
107.34000	2730.00000
107.36000	2718.00000
107.38000	2776.00000
107.40000	2865.00000
107.42000	2958.00000
107.44000	2882.00000
107.46000	2970.00000
107.48000	3054.00000
107.50000	3011.00000
107.52000	3122.00000
107.54000	3070.00000
107.56000	3107.00000
107.58000	3029.00000
107.60000	2950.00000
107.62000	2967.00000
107.64000	2873.00000
107.66000	2880.00000
107.68000	2883.00000
107.70000	2757.00000
107.72000	2803.00000
107.74000	2761.00000
107.76000	2565.00000
107.78000	2743.00000
107.80000	2668.00000
107.82000	2659.00000
107.84000	2655.00000
107.86000	2649.00000
107.88000	2612.00000
107.90000	2654.00000
107.92000	2649.00000
107.94000	2671.00000
107.96000	2592.00000
107.98000	2683.00000
108.00000	2736.00000
108.02000	2753.00000
108.04000	2714.00000
108.06000	2643.00000
108.08000	2624.00000
108.10000	2634.00000
108.12000	2748.00000
108.14000	2590.00000
108.16000	2686.00000
108.18000	2630.00000
108.20000	2653.00000
108.22000	2572.00000
108.24000	2735.00000
108.26000	2709.00000
108.28000	2640.00000
108.30000	2695.00000
108.32000	2689.00000
108.34000	2724.00000
108.36000	2630.00000
108.38000	2620.00000
108.40000	2624.00000
108.42000	2617.00000
108.44000	2593.00000
108.46000	2643.00000
108.48000	2594.00000
108.50000	2557.00000
108.52000	2624.00000
108.54000	2613.00000
108.56000	2694.00000
108.58000	2657.00000
108.60000	2622.00000
108.62000	2618.00000
108.64000	2642.00000
108.66000	2597.00000
108.68000	2674.00000
108.70000	2602.00000
108.72000	2679.00000
108.74000	2683.00000
108.76000	2651.00000
108.78000	2603.00000
108.80000	2596.00000
108.82000	2628.00000
108.84000	2630.00000
108.86000	2617.00000
108.88000	2575.00000
108.90000	2724.00000
108.92000	2655.00000
108.94000	2598.00000
108.96000	2605.00000
108.98000	2741.00000
109.00000	2807.00000
109.02000	2728.00000
109.04000	2782.00000
109.06000	2787.00000
109.08000	2832.00000
109.10000	2753.00000
109.12000	2823.00000
109.14000	2842.00000
109.16000	2818.00000
109.18000	2775.00000
109.20000	2771.00000
109.22000	2828.00000
109.24000	2749.00000
109.26000	2700.00000
109.28000	2557.00000
109.30000	2636.00000
109.32000	2702.00000
109.34000	2609.00000
109.36000	2656.00000
109.38000	2613.00000
109.40000	2678.00000
109.42000	2607.00000
109.44000	2593.00000
109.46000	2603.00000
109.48000	2627.00000
109.50000	2583.00000
109.52000	2612.00000
109.54000	2618.00000
109.56000	2633.00000
109.58000	2627.00000
109.60000	2530.00000
109.62000	2617.00000
109.64000	2619.00000
109.66000	2572.00000
109.68000	2612.00000
109.70000	2585.00000
109.72000	2601.00000
109.74000	2660.00000
109.76000	2586.00000
109.78000	2643.00000
109.80000	2703.00000
109.82000	2597.00000
109.84000	2570.00000
109.86000	2613.00000
109.88000	2613.00000
109.90000	2598.00000
109.92000	2646.00000
109.94000	2628.00000
109.96000	2611.00000
109.98000	2575.00000
110.00000	2610.00000
110.02000	2649.00000
110.04000	2585.00000
110.06000	2640.00000
110.08000	2640.00000
110.10000	2754.00000
110.12000	2715.00000
110.14000	2786.00000
110.16000	2753.00000
110.18000	2842.00000
110.20000	2808.00000
110.22000	2737.00000
110.24000	2738.00000
110.26000	2670.00000
110.28000	2607.00000
110.30000	2638.00000
110.32000	2661.00000
110.34000	2548.00000
110.36000	2519.00000
110.38000	2522.00000
110.40000	2581.00000
110.42000	2625.00000
110.44000	2468.00000
110.46000	2466.00000
110.48000	2546.00000
110.50000	2621.00000
110.52000	2560.00000
110.54000	2626.00000
110.56000	2616.00000
110.58000	2647.00000
110.60000	2546.00000
110.62000	2566.00000
110.64000	2568.00000
110.66000	2537.00000
110.68000	2554.00000
110.70000	2579.00000
110.72000	2636.00000
110.74000	2621.00000
110.76000	2553.00000
110.78000	2557.00000
110.80000	2661.00000
110.82000	2629.00000
110.84000	2584.00000
110.86000	2598.00000
110.88000	2604.00000
110.90000	2656.00000
110.92000	2614.00000
110.94000	2578.00000
110.96000	2454.00000
110.98000	2494.00000
111.00000	2575.00000
111.02000	2553.00000
111.04000	2491.00000
111.06000	2600.00000
111.08000	2596.00000
111.10000	2601.00000
111.12000	2597.00000
111.14000	2639.00000
111.16000	2554.00000
111.18000	2593.00000
111.20000	2651.00000
111.22000	2550.00000
111.24000	2604.00000
111.26000	2555.00000
111.28000	2610.00000
111.30000	2534.00000
111.32000	2557.00000
111.34000	2518.00000
111.36000	2556.00000
111.38000	2516.00000
111.40000	2530.00000
111.42000	2575.00000
111.44000	2514.00000
111.46000	2553.00000
111.48000	2604.00000
111.50000	2663.00000
111.52000	2499.00000
111.54000	2470.00000
111.56000	2587.00000
111.58000	2583.00000
111.60000	2556.00000
111.62000	2619.00000
111.64000	2582.00000
111.66000	2635.00000
111.68000	2538.00000
111.70000	2596.00000
111.72000	2641.00000
111.74000	2608.00000
111.76000	2651.00000
111.78000	2555.00000
111.80000	2596.00000
111.82000	2517.00000
111.84000	2544.00000
111.86000	2522.00000
111.88000	2492.00000
111.90000	2500.00000
111.92000	2543.00000
111.94000	2578.00000
111.96000	2480.00000
111.98000	2541.00000
112.00000	2483.00000
112.02000	2585.00000
112.04000	2466.00000
112.06000	2509.00000
112.08000	2562.00000
112.10000	2522.00000
112.12000	2563.00000
112.14000	2528.00000
112.16000	2624.00000
112.18000	2515.00000
112.20000	2529.00000
112.22000	2638.00000
112.24000	2598.00000
112.26000	2497.00000
112.28000	2588.00000
112.30000	2505.00000
112.32000	2525.00000
112.34000	2458.00000
112.36000	2543.00000
112.38000	2636.00000
112.40000	2555.00000
112.42000	2581.00000
112.44000	2504.00000
112.46000	2548.00000
112.48000	2517.00000
112.50000	2644.00000
112.52000	2678.00000
112.54000	2602.00000
112.56000	2689.00000
112.58000	2716.00000
112.60000	2634.00000
112.62000	2748.00000
112.64000	2771.00000
112.66000	2780.00000
112.68000	2730.00000
112.70000	2743.00000
112.72000	2659.00000
112.74000	2675.00000
112.76000	2611.00000
112.78000	2550.00000
112.80000	2622.00000
112.82000	2557.00000
112.84000	2501.00000
112.86000	2476.00000
112.88000	2538.00000
112.90000	2638.00000
112.92000	2503.00000
112.94000	2532.00000
112.96000	2462.00000
112.98000	2547.00000
113.00000	2464.00000
113.02000	2486.00000
113.04000	2516.00000
113.06000	2472.00000
113.08000	2442.00000
113.10000	2473.00000
113.12000	2597.00000
113.14000	2555.00000
113.16000	2505.00000
113.18000	2509.00000
113.20000	2539.00000
113.22000	2522.00000
113.24000	2512.00000
113.26000	2515.00000
113.28000	2564.00000
113.30000	2554.00000
113.32000	2506.00000
113.34000	2515.00000
113.36000	2482.00000
113.38000	2422.00000
113.40000	2437.00000
113.42000	2521.00000
113.44000	2482.00000
113.46000	2470.00000
113.48000	2479.00000
113.50000	2500.00000
113.52000	2412.00000
113.54000	2398.00000
113.56000	2446.00000
113.58000	2480.00000
113.60000	2429.00000
113.62000	2508.00000
113.64000	2523.00000
113.66000	2431.00000
113.68000	2545.00000
113.70000	2500.00000
113.72000	2601.00000
113.74000	2560.00000
113.76000	2539.00000
113.78000	2555.00000
113.80000	2473.00000
113.82000	2510.00000
113.84000	2456.00000
113.86000	2456.00000
113.88000	2436.00000
113.90000	2590.00000
113.92000	2566.00000
113.94000	2587.00000
113.96000	2466.00000
113.98000	2448.00000
114.00000	2423.00000
114.02000	2485.00000
114.04000	2401.00000
114.06000	2459.00000
114.08000	2546.00000
114.10000	2502.00000
114.12000	2538.00000
114.14000	2487.00000
114.16000	2406.00000
114.18000	2368.00000
114.20000	2467.00000
114.22000	2514.00000
114.24000	2464.00000
114.26000	2445.00000
114.28000	2499.00000
114.30000	2460.00000
114.32000	2536.00000
114.34000	2528.00000
114.36000	2507.00000
114.38000	2509.00000
114.40000	2548.00000
114.42000	2603.00000
114.44000	2524.00000
114.46000	2523.00000
114.48000	2523.00000
114.50000	2480.00000
114.52000	2449.00000
114.54000	2542.00000
114.56000	2520.00000
114.58000	2498.00000
114.60000	2453.00000
114.62000	2522.00000
114.64000	2391.00000
114.66000	2482.00000
114.68000	2505.00000
114.70000	2487.00000
114.72000	2544.00000
114.74000	2542.00000
114.76000	2588.00000
114.78000	2573.00000
114.80000	2658.00000
114.82000	2550.00000
114.84000	2642.00000
114.86000	2592.00000
114.88000	2649.00000
114.90000	2677.00000
114.92000	2795.00000
114.94000	2767.00000
114.96000	2843.00000
114.98000	2882.00000
115.00000	2802.00000
115.02000	2856.00000
115.04000	2723.00000
115.06000	2673.00000
115.08000	2759.00000
115.10000	2660.00000
115.12000	2607.00000
115.14000	2475.00000
115.16000	2525.00000
115.18000	2617.00000
115.20000	2517.00000
115.22000	2507.00000
115.24000	2427.00000
115.26000	2594.00000
115.28000	2509.00000
115.30000	2483.00000
115.32000	2480.00000
115.34000	2481.00000
115.36000	2399.00000
115.38000	2446.00000
115.40000	2424.00000
115.42000	2488.00000
115.44000	2426.00000
115.46000	2436.00000
115.48000	2506.00000
115.50000	2531.00000
115.52000	2502.00000
115.54000	2499.00000
115.56000	2422.00000
115.58000	2461.00000
115.60000	2487.00000
115.62000	2505.00000
115.64000	2486.00000
115.66000	2524.00000
115.68000	2433.00000
115.70000	2405.00000
115.72000	2446.00000
115.74000	2340.00000
115.76000	2362.00000
115.78000	2446.00000
115.80000	2489.00000
115.82000	2460.00000
115.84000	2380.00000
115.86000	2423.00000
115.88000	2452.00000
115.90000	2476.00000
115.92000	2398.00000
115.94000	2508.00000
115.96000	2458.00000
115.98000	2497.00000
116.00000	2451.00000
116.02000	2549.00000
116.04000	2447.00000
116.06000	2401.00000
116.08000	2415.00000
116.10000	2453.00000
116.12000	2369.00000
116.14000	2427.00000
116.16000	2412.00000
116.18000	2463.00000
116.20000	2490.00000
116.22000	2502.00000
116.24000	2409.00000
116.26000	2453.00000
116.28000	2414.00000
116.30000	2530.00000
116.32000	2555.00000
116.34000	2549.00000
116.36000	2438.00000
116.38000	2519.00000
116.40000	2610.00000
116.42000	2471.00000
116.44000	2630.00000
116.46000	2515.00000
116.48000	2574.00000
116.50000	2500.00000
116.52000	2486.00000
116.54000	2540.00000
116.56000	2551.00000
116.58000	2385.00000
116.60000	2341.00000
116.62000	2503.00000
116.64000	2415.00000
116.66000	2504.00000
116.68000	2330.00000
116.70000	2423.00000
116.72000	2368.00000
116.74000	2364.00000
116.76000	2366.00000
116.78000	2450.00000
116.80000	2403.00000
116.82000	2457.00000
116.84000	2445.00000
116.86000	2358.00000
116.88000	2410.00000
116.90000	2389.00000
116.92000	2434.00000
116.94000	2399.00000
116.96000	2381.00000
116.98000	2382.00000
117.00000	2400.00000
117.02000	2443.00000
117.04000	2461.00000
117.06000	2446.00000
117.08000	2507.00000
117.10000	2562.00000
117.12000	2553.00000
117.14000	2557.00000
117.16000	2472.00000
117.18000	2497.00000
117.20000	2625.00000
117.22000	2540.00000
117.24000	2489.00000
117.26000	2509.00000
117.28000	2598.00000
117.30000	2529.00000
117.32000	2583.00000
117.34000	2438.00000
117.36000	2456.00000
117.38000	2515.00000
117.40000	2422.00000
117.42000	2354.00000
117.44000	2343.00000
117.46000	2350.00000
117.48000	2327.00000
117.50000	2397.00000
117.52000	2363.00000
117.54000	2431.00000
117.56000	2286.00000
117.58000	2409.00000
117.60000	2370.00000
117.62000	2322.00000
117.64000	2436.00000
117.66000	2435.00000
117.68000	2408.00000
117.70000	2441.00000
117.72000	2399.00000
117.74000	2306.00000
117.76000	2374.00000
117.78000	2269.00000
117.80000	2400.00000
117.82000	2401.00000
117.84000	2410.00000
117.86000	2400.00000
117.88000	2461.00000
117.90000	2333.00000
117.92000	2311.00000
117.94000	2312.00000
117.96000	2347.00000
117.98000	2386.00000
118.00000	2439.00000
118.02000	2350.00000
118.04000	2307.00000
118.06000	2311.00000
118.08000	2386.00000
118.10000	2332.00000
118.12000	2349.00000
118.14000	2378.00000
118.16000	2297.00000
118.18000	2320.00000
118.20000	2345.00000
118.22000	2299.00000
118.24000	2429.00000
118.26000	2357.00000
118.28000	2357.00000
118.30000	2348.00000
118.32000	2355.00000
118.34000	2396.00000
118.36000	2332.00000
118.38000	2304.00000
118.40000	2366.00000
118.42000	2411.00000
118.44000	2414.00000
118.46000	2386.00000
118.48000	2320.00000
118.50000	2373.00000
118.52000	2386.00000
118.54000	2361.00000
118.56000	2381.00000
118.58000	2458.00000
118.60000	2458.00000
118.62000	2489.00000
118.64000	2569.00000
118.66000	2486.00000
118.68000	2459.00000
118.70000	2430.00000
118.72000	2522.00000
118.74000	2378.00000
118.76000	2414.00000
118.78000	2410.00000
118.80000	2412.00000
118.82000	2412.00000
118.84000	2398.00000
118.86000	2324.00000
118.88000	2342.00000
118.90000	2395.00000
118.92000	2257.00000
118.94000	2381.00000
118.96000	2298.00000
118.98000	2262.00000
119.00000	2396.00000
119.02000	2310.00000
119.04000	2344.00000
119.06000	2378.00000
119.08000	2354.00000
119.10000	2326.00000
119.12000	2312.00000
119.14000	2348.00000
119.16000	2230.00000
119.18000	2334.00000
119.20000	2333.00000
119.22000	2342.00000
119.24000	2313.00000
119.26000	2332.00000
119.28000	2346.00000
119.30000	2394.00000
119.32000	2322.00000
119.34000	2380.00000
119.36000	2334.00000
119.38000	2277.00000
119.40000	2355.00000
119.42000	2384.00000
119.44000	2457.00000
119.46000	2322.00000
119.48000	2543.00000
119.50000	2483.00000
119.52000	2559.00000
119.54000	2648.00000
119.56000	2603.00000
119.58000	2502.00000
119.60000	2553.00000
119.62000	2503.00000
119.64000	2491.00000
119.66000	2407.00000
119.68000	2499.00000
119.70000	2295.00000
119.72000	2417.00000
119.74000	2358.00000
119.76000	2321.00000
119.78000	2327.00000
119.80000	2415.00000
119.82000	2305.00000
119.84000	2295.00000
119.86000	2256.00000
119.88000	2336.00000
119.90000	2337.00000
119.92000	2401.00000
119.94000	2338.00000
119.96000	2354.00000
119.98000	2318.00000
