5.00000	236.00000
5.01000	228.00000
5.02000	238.00000
5.03000	222.00000
5.04000	236.00000
5.05000	257.00000
5.06000	271.00000
5.07000	242.00000
5.08000	251.00000
5.09000	258.00000
5.10000	239.00000
5.11000	289.00000
5.12000	222.00000
5.13000	261.00000
5.14000	254.00000
5.15000	261.00000
5.16000	238.00000
5.17000	263.00000
5.18000	240.00000
5.19000	244.00000
5.20000	251.00000
5.21000	246.00000
5.22000	233.00000
5.23000	214.00000
5.24000	229.00000
5.25000	248.00000
5.26000	228.00000
5.27000	229.00000
5.28000	239.00000
5.29000	257.00000
5.30000	246.00000
5.31000	258.00000
5.32000	245.00000
5.33000	250.00000
5.34000	247.00000
5.35000	254.00000
5.36000	259.00000
5.37000	228.00000
5.38000	264.00000
5.39000	229.00000
5.40000	227.00000
5.41000	279.00000
5.42000	280.00000
5.43000	255.00000
5.44000	210.00000
5.45000	243.00000
5.46000	251.00000
5.47000	256.00000
5.48000	248.00000
5.49000	248.00000
5.50000	243.00000
5.51000	255.00000
5.52000	272.00000
5.53000	248.00000
5.54000	259.00000
5.55000	245.00000
5.56000	242.00000
5.57000	256.00000
5.58000	267.00000
5.59000	245.00000
5.60000	262.00000
5.61000	278.00000
5.62000	241.00000
5.63000	273.00000
5.64000	262.00000
5.65000	246.00000
5.66000	253.00000
5.67000	232.00000
5.68000	275.00000
5.69000	268.00000
5.70000	260.00000
5.71000	242.00000
5.72000	224.00000
5.73000	231.00000
5.74000	262.00000
5.75000	266.00000
5.76000	255.00000
5.77000	241.00000
5.78000	239.00000
5.79000	260.00000
5.80000	261.00000
5.81000	241.00000
5.82000	244.00000
5.83000	241.00000
5.84000	250.00000
5.85000	265.00000
5.86000	261.00000
5.87000	251.00000
5.88000	259.00000
5.89000	222.00000
5.90000	255.00000
5.91000	257.00000
5.92000	237.00000
5.93000	260.00000
5.94000	250.00000
5.95000	261.00000
5.96000	232.00000
5.97000	257.00000
5.98000	247.00000
5.99000	246.00000
6.00000	239.00000
6.01000	251.00000
6.02000	272.00000
6.03000	255.00000
6.04000	263.00000
6.05000	256.00000
6.06000	269.00000
6.07000	257.00000
6.08000	225.00000
6.09000	255.00000
6.10000	279.00000
6.11000	242.00000
6.12000	244.00000
6.13000	246.00000
6.14000	273.00000
6.15000	247.00000
6.16000	274.00000
6.17000	264.00000
6.18000	269.00000
6.19000	278.00000
6.20000	246.00000
6.21000	248.00000
6.22000	251.00000
6.23000	263.00000
6.24000	222.00000
6.25000	260.00000
6.26000	222.00000
6.27000	237.00000
6.28000	253.00000
6.29000	239.00000
6.30000	243.00000
6.31000	254.00000
6.32000	266.00000
6.33000	240.00000
6.34000	252.00000
6.35000	248.00000
6.36000	215.00000
6.37000	276.00000
6.38000	244.00000
6.39000	262.00000
6.40000	249.00000
6.41000	259.00000
6.42000	248.00000
6.43000	262.00000
6.44000	282.00000
6.45000	264.00000
6.46000	285.00000
6.47000	236.00000
6.48000	246.00000
6.49000	286.00000
6.50000	247.00000
6.51000	216.00000
6.52000	245.00000
6.53000	265.00000
6.54000	253.00000
6.55000	210.00000
6.56000	243.00000
6.57000	227.00000
6.58000	239.00000
6.59000	244.00000
6.60000	246.00000
6.61000	244.00000
6.62000	241.00000
6.63000	250.00000
6.64000	242.00000
6.65000	228.00000
6.66000	255.00000
6.67000	257.00000
6.68000	284.00000
6.69000	252.00000
6.70000	240.00000
6.71000	250.00000
6.72000	243.00000
6.73000	248.00000
6.74000	247.00000
6.75000	235.00000
6.76000	248.00000
6.77000	235.00000
6.78000	238.00000
6.79000	224.00000
6.80000	275.00000
6.81000	256.00000
6.82000	245.00000
6.83000	247.00000
6.84000	239.00000
6.85000	239.00000
6.86000	249.00000
6.87000	230.00000
6.88000	259.00000
6.89000	240.00000
6.90000	258.00000
6.91000	254.00000
6.92000	260.00000
6.93000	244.00000
6.94000	254.00000
6.95000	254.00000
6.96000	261.00000
6.97000	233.00000
6.98000	238.00000
6.99000	208.00000
7.00000	245.00000
7.01000	250.00000
7.02000	269.00000
7.03000	260.00000
7.04000	250.00000
7.05000	276.00000
7.06000	267.00000
7.07000	245.00000
7.08000	257.00000
7.09000	247.00000
7.10000	254.00000
7.11000	251.00000
7.12000	227.00000
7.13000	269.00000
7.14000	261.00000
7.15000	256.00000
7.16000	213.00000
7.17000	232.00000
7.18000	255.00000
7.19000	260.00000
7.20000	249.00000
7.21000	239.00000
7.22000	219.00000
7.23000	251.00000
7.24000	264.00000
7.25000	256.00000
7.26000	230.00000
7.27000	258.00000
7.28000	251.00000
7.29000	230.00000
7.30000	262.00000
7.31000	254.00000
7.32000	249.00000
7.33000	252.00000
7.34000	263.00000
7.35000	227.00000
7.36000	238.00000
7.37000	262.00000
7.38000	242.00000
7.39000	261.00000
7.40000	248.00000
7.41000	239.00000
7.42000	241.00000
7.43000	232.00000
7.44000	275.00000
7.45000	256.00000
7.46000	256.00000
7.47000	256.00000
7.48000	242.00000
7.49000	273.00000
7.50000	256.00000
7.51000	226.00000
7.52000	274.00000
7.53000	287.00000
7.54000	252.00000
7.55000	249.00000
7.56000	262.00000
7.57000	241.00000
7.58000	222.00000
7.59000	244.00000
7.60000	269.00000
7.61000	237.00000
7.62000	238.00000
7.63000	240.00000
7.64000	242.00000
7.65000	277.00000
7.66000	218.00000
7.67000	228.00000
7.68000	278.00000
7.69000	265.00000
7.70000	258.00000
7.71000	249.00000
7.72000	261.00000
7.73000	265.00000
7.74000	265.00000
7.75000	274.00000
7.76000	243.00000
7.77000	230.00000
7.78000	237.00000
7.79000	238.00000
7.80000	255.00000
7.81000	248.00000
7.82000	248.00000
7.83000	251.00000
7.84000	260.00000
7.85000	252.00000
7.86000	249.00000
7.87000	251.00000
7.88000	246.00000
7.89000	252.00000
7.90000	276.00000
7.91000	249.00000
7.92000	241.00000
7.93000	254.00000
7.94000	228.00000
7.95000	253.00000
7.96000	258.00000
7.97000	254.00000
7.98000	245.00000
7.99000	256.00000
8.00000	260.00000
8.01000	277.00000
8.02000	252.00000
8.03000	259.00000
8.04000	258.00000
8.05000	225.00000
8.06000	284.00000
8.07000	255.00000
8.08000	243.00000
8.09000	238.00000
8.10000	243.00000
8.11000	261.00000
8.12000	229.00000
8.13000	246.00000
8.14000	260.00000
8.15000	272.00000
8.16000	282.00000
8.17000	266.00000
8.18000	282.00000
8.19000	241.00000
8.20000	238.00000
8.21000	274.00000
8.22000	251.00000
8.23000	269.00000
8.24000	236.00000
8.25000	256.00000
8.26000	280.00000
8.27000	254.00000
8.28000	244.00000
8.29000	244.00000
8.30000	266.00000
8.31000	303.00000
8.32000	269.00000
8.33000	284.00000
8.34000	254.00000
8.35000	248.00000
8.36000	265.00000
8.37000	251.00000
8.38000	253.00000
8.39000	258.00000
8.40000	274.00000
8.41000	271.00000
8.42000	252.00000
8.43000	249.00000
8.44000	261.00000
8.45000	243.00000
8.46000	248.00000
8.47000	244.00000
8.48000	247.00000
8.49000	250.00000
8.50000	268.00000
8.51000	257.00000
8.52000	265.00000
8.53000	263.00000
8.54000	246.00000
8.55000	259.00000
8.56000	263.00000
8.57000	266.00000
8.58000	249.00000
8.59000	267.00000
8.60000	267.00000
8.61000	280.00000
8.62000	263.00000
8.63000	248.00000
8.64000	242.00000
8.65000	258.00000
8.66000	287.00000
8.67000	298.00000
8.68000	311.00000
8.69000	267.00000
8.70000	315.00000
8.71000	296.00000
8.72000	304.00000
8.73000	302.00000
8.74000	302.00000
8.75000	328.00000
8.76000	360.00000
8.77000	365.00000
8.78000	347.00000
8.79000	387.00000
8.80000	422.00000
8.81000	391.00000
8.82000	400.00000
8.83000	455.00000
8.84000	490.00000
8.85000	480.00000
8.86000	506.00000
8.87000	557.00000
8.88000	582.00000
8.89000	634.00000
8.90000	604.00000
8.91000	674.00000
8.92000	780.00000
8.93000	781.00000
8.94000	859.00000
8.95000	918.00000
8.96000	1028.00000
8.97000	1128.00000
8.98000	1179.00000
8.99000	1317.00000
9.00000	1471.00000
9.01000	1566.00000
9.02000	1866.00000
9.03000	1987.00000
9.04000	2317.00000
9.05000	2683.00000
9.06000	3178.00000
9.07000	3680.00000
9.08000	4033.00000
9.09000	4346.00000
9.10000	4943.00000
9.11000	4792.00000
9.12000	4442.00000
9.13000	3850.00000
9.14000	2905.00000
9.15000	2311.00000
9.16000	1751.00000
9.17000	1262.00000
9.18000	924.00000
9.19000	728.00000
9.20000	576.00000
9.21000	447.00000
9.22000	397.00000
9.23000	339.00000
9.24000	284.00000
9.25000	309.00000
9.26000	290.00000
9.27000	294.00000
9.28000	276.00000
9.29000	297.00000
9.30000	289.00000
9.31000	272.00000
9.32000	295.00000
9.33000	268.00000
9.34000	290.00000
9.35000	283.00000
9.36000	254.00000
9.37000	286.00000
9.38000	270.00000
9.39000	254.00000
9.40000	259.00000
9.41000	276.00000
9.42000	290.00000
9.43000	302.00000
9.44000	258.00000
9.45000	286.00000
9.46000	282.00000
9.47000	267.00000
9.48000	302.00000
9.49000	264.00000
9.50000	271.00000
9.51000	266.00000
9.52000	248.00000
9.53000	246.00000
9.54000	246.00000
9.55000	234.00000
9.56000	261.00000
9.57000	270.00000
9.58000	262.00000
9.59000	242.00000
9.60000	259.00000
9.61000	283.00000
9.62000	238.00000
9.63000	235.00000
9.64000	269.00000
9.65000	221.00000
9.66000	271.00000
9.67000	296.00000
9.68000	272.00000
9.69000	231.00000
9.70000	255.00000
9.71000	254.00000
9.72000	235.00000
9.73000	263.00000
9.74000	265.00000
9.75000	241.00000
9.76000	260.00000
9.77000	250.00000
9.78000	284.00000
9.79000	270.00000
9.80000	265.00000
9.81000	262.00000
9.82000	256.00000
9.83000	252.00000
9.84000	270.00000
9.85000	240.00000
9.86000	283.00000
9.87000	303.00000
9.88000	257.00000
9.89000	271.00000
9.90000	260.00000
9.91000	290.00000
9.92000	254.00000
9.93000	238.00000
9.94000	262.00000
9.95000	293.00000
9.96000	224.00000
9.97000	229.00000
9.98000	270.00000
9.99000	258.00000
10.00000	265.00000
10.01000	252.00000
10.02000	240.00000
10.03000	277.00000
10.04000	235.00000
10.05000	264.00000
10.06000	261.00000
10.07000	268.00000
10.08000	260.00000
10.09000	276.00000
10.10000	254.00000
10.11000	277.00000
10.12000	267.00000
10.13000	279.00000
10.14000	261.00000
10.15000	238.00000
10.16000	275.00000
10.17000	290.00000
10.18000	288.00000
10.19000	294.00000
10.20000	274.00000
10.21000	277.00000
10.22000	290.00000
10.23000	284.00000
10.24000	306.00000
10.25000	282.00000
10.26000	301.00000
10.27000	326.00000
10.28000	300.00000
10.29000	293.00000
10.30000	294.00000
10.31000	350.00000
10.32000	325.00000
10.33000	324.00000
10.34000	378.00000
10.35000	350.00000
10.36000	391.00000
10.37000	418.00000
10.38000	439.00000
10.39000	443.00000
10.40000	509.00000
10.41000	521.00000
10.42000	541.00000
10.43000	550.00000
10.44000	654.00000
10.45000	675.00000
10.46000	775.00000
10.47000	786.00000
10.48000	890.00000
10.49000	982.00000
10.50000	1043.00000
10.51000	1295.00000
10.52000	1566.00000
10.53000	1641.00000
10.54000	1866.00000
10.55000	2240.00000
10.56000	2355.00000
10.57000	2533.00000
10.58000	2498.00000
10.59000	2257.00000
10.60000	1969.00000
10.61000	1705.00000
10.62000	1298.00000
10.63000	1022.00000
10.64000	768.00000
10.65000	627.00000
10.66000	568.00000
10.67000	379.00000
10.68000	370.00000
10.69000	347.00000
10.70000	340.00000
10.71000	303.00000
10.72000	281.00000
10.73000	264.00000
10.74000	281.00000
10.75000	281.00000
10.76000	241.00000
10.77000	278.00000
10.78000	285.00000
10.79000	258.00000
10.80000	272.00000
10.81000	252.00000
10.82000	285.00000
10.83000	253.00000
10.84000	267.00000
10.85000	258.00000
10.86000	260.00000
10.87000	281.00000
10.88000	260.00000
10.89000	282.00000
10.90000	276.00000
10.91000	290.00000
10.92000	245.00000
10.93000	272.00000
10.94000	253.00000
10.95000	234.00000
10.96000	254.00000
10.97000	261.00000
10.98000	214.00000
10.99000	245.00000
11.00000	289.00000
11.01000	248.00000
11.02000	245.00000
11.03000	223.00000
11.04000	252.00000
11.05000	272.00000
11.06000	221.00000
11.07000	259.00000
11.08000	244.00000
11.09000	262.00000
11.10000	251.00000
11.11000	269.00000
11.12000	264.00000
11.13000	268.00000
11.14000	270.00000
11.15000	268.00000
11.16000	264.00000
11.17000	263.00000
11.18000	250.00000
11.19000	241.00000
11.20000	246.00000
11.21000	269.00000
11.22000	232.00000
11.23000	242.00000
11.24000	260.00000
11.25000	284.00000
11.26000	266.00000
11.27000	261.00000
11.28000	259.00000
11.29000	254.00000
11.30000	281.00000
11.31000	284.00000
11.32000	240.00000
11.33000	260.00000
11.34000	269.00000
11.35000	276.00000
11.36000	252.00000
11.37000	257.00000
11.38000	227.00000
11.39000	249.00000
11.40000	252.00000
11.41000	243.00000
11.42000	257.00000
11.43000	256.00000
11.44000	279.00000
11.45000	277.00000
11.46000	235.00000
11.47000	232.00000
11.48000	244.00000
11.49000	254.00000
11.50000	251.00000
11.51000	259.00000
11.52000	289.00000
11.53000	266.00000
11.54000	258.00000
11.55000	269.00000
11.56000	268.00000
11.57000	267.00000
11.58000	291.00000
11.59000	283.00000
11.60000	253.00000
11.61000	255.00000
11.62000	270.00000
11.63000	260.00000
11.64000	266.00000
11.65000	257.00000
11.66000	274.00000
11.67000	267.00000
11.68000	289.00000
11.69000	308.00000
11.70000	285.00000
11.71000	300.00000
11.72000	328.00000
11.73000	351.00000
11.74000	346.00000
11.75000	366.00000
11.76000	410.00000
11.77000	442.00000
11.78000	455.00000
11.79000	490.00000
11.80000	470.00000
11.81000	467.00000
11.82000	457.00000
11.83000	421.00000
11.84000	428.00000
11.85000	391.00000
11.86000	337.00000
11.87000	324.00000
11.88000	305.00000
11.89000	299.00000
11.90000	265.00000
11.91000	265.00000
11.92000	255.00000
11.93000	245.00000
11.94000	248.00000
11.95000	246.00000
11.96000	242.00000
11.97000	273.00000
11.98000	259.00000
11.99000	278.00000
12.00000	248.00000
12.01000	215.00000
12.02000	239.00000
12.03000	256.00000
12.04000	257.00000
12.05000	257.00000
12.06000	270.00000
12.07000	253.00000
12.08000	236.00000
12.09000	265.00000
12.10000	254.00000
12.11000	228.00000
12.12000	268.00000
12.13000	237.00000
12.14000	240.00000
12.15000	247.00000
12.16000	236.00000
12.17000	260.00000
12.18000	256.00000
12.19000	237.00000
12.20000	246.00000
12.21000	230.00000
12.22000	251.00000
12.23000	276.00000
12.24000	240.00000
12.25000	226.00000
12.26000	273.00000
12.27000	243.00000
12.28000	268.00000
12.29000	238.00000
12.30000	242.00000
12.31000	235.00000
12.32000	237.00000
12.33000	246.00000
12.34000	289.00000
12.35000	268.00000
12.36000	262.00000
12.37000	250.00000
12.38000	276.00000
12.39000	282.00000
12.40000	271.00000
12.41000	262.00000
12.42000	264.00000
12.43000	266.00000
12.44000	248.00000
12.45000	246.00000
12.46000	250.00000
12.47000	243.00000
12.48000	238.00000
12.49000	250.00000
12.50000	252.00000
12.51000	243.00000
12.52000	263.00000
12.53000	259.00000
12.54000	251.00000
12.55000	244.00000
12.56000	244.00000
12.57000	264.00000
12.58000	255.00000
12.59000	241.00000
12.60000	264.00000
12.61000	259.00000
12.62000	271.00000
12.63000	263.00000
12.64000	249.00000
12.65000	253.00000
12.66000	261.00000
12.67000	267.00000
12.68000	260.00000
12.69000	227.00000
12.70000	267.00000
12.71000	245.00000
12.72000	263.00000
12.73000	244.00000
12.74000	221.00000
12.75000	224.00000
12.76000	236.00000
12.77000	285.00000
12.78000	254.00000
12.79000	279.00000
12.80000	253.00000
12.81000	242.00000
12.82000	274.00000
12.83000	249.00000
12.84000	261.00000
12.85000	244.00000
12.86000	268.00000
12.87000	249.00000
12.88000	251.00000
12.89000	249.00000
12.90000	248.00000
12.91000	260.00000
12.92000	270.00000
12.93000	247.00000
12.94000	256.00000
12.95000	276.00000
12.96000	264.00000
12.97000	225.00000
12.98000	256.00000
12.99000	256.00000
13.00000	274.00000
13.01000	257.00000
13.02000	243.00000
13.03000	232.00000
13.04000	242.00000
13.05000	251.00000
13.06000	254.00000
13.07000	247.00000
13.08000	254.00000
13.09000	259.00000
13.10000	272.00000
13.11000	242.00000
13.12000	251.00000
13.13000	259.00000
13.14000	263.00000
13.15000	282.00000
13.16000	244.00000
13.17000	250.00000
13.18000	243.00000
13.19000	254.00000
13.20000	246.00000
13.21000	277.00000
13.22000	256.00000
13.23000	269.00000
13.24000	250.00000
13.25000	249.00000
13.26000	273.00000
13.27000	255.00000
13.28000	261.00000
13.29000	268.00000
13.30000	256.00000
13.31000	252.00000
13.32000	262.00000
13.33000	254.00000
13.34000	212.00000
13.35000	261.00000
13.36000	238.00000
13.37000	257.00000
13.38000	265.00000
13.39000	246.00000
13.40000	242.00000
13.41000	268.00000
13.42000	265.00000
13.43000	272.00000
13.44000	239.00000
13.45000	247.00000
13.46000	271.00000
13.47000	254.00000
13.48000	272.00000
13.49000	267.00000
13.50000	274.00000
13.51000	236.00000
13.52000	277.00000
13.53000	266.00000
13.54000	255.00000
13.55000	251.00000
13.56000	273.00000
13.57000	271.00000
13.58000	246.00000
13.59000	245.00000
13.60000	249.00000
13.61000	255.00000
13.62000	247.00000
13.63000	259.00000
13.64000	234.00000
13.65000	234.00000
13.66000	245.00000
13.67000	254.00000
13.68000	256.00000
13.69000	262.00000
13.70000	243.00000
13.71000	240.00000
13.72000	247.00000
13.73000	223.00000
13.74000	261.00000
13.75000	248.00000
13.76000	201.00000
13.77000	226.00000
13.78000	229.00000
13.79000	257.00000
13.80000	245.00000
13.81000	254.00000
13.82000	253.00000
13.83000	256.00000
13.84000	255.00000
13.85000	246.00000
13.86000	256.00000
13.87000	261.00000
13.88000	250.00000
13.89000	269.00000
13.90000	246.00000
13.91000	257.00000
13.92000	233.00000
13.93000	255.00000
13.94000	246.00000
13.95000	242.00000
13.96000	242.00000
13.97000	281.00000
13.98000	267.00000
13.99000	262.00000
14.00000	259.00000
14.01000	247.00000
14.02000	255.00000
14.03000	266.00000
14.04000	246.00000
14.05000	262.00000
14.06000	244.00000
14.07000	277.00000
14.08000	239.00000
14.09000	248.00000
14.10000	311.00000
14.11000	266.00000
14.12000	264.00000
14.13000	248.00000
14.14000	289.00000
14.15000	275.00000
14.16000	271.00000
14.17000	286.00000
14.18000	283.00000
14.19000	305.00000
14.20000	317.00000
14.21000	304.00000
14.22000	322.00000
14.23000	329.00000
14.24000	316.00000
14.25000	374.00000
14.26000	354.00000
14.27000	405.00000
14.28000	385.00000
14.29000	470.00000
14.30000	485.00000
14.31000	530.00000
14.32000	573.00000
14.33000	644.00000
14.34000	712.00000
14.35000	840.00000
14.36000	986.00000
14.37000	1138.00000
14.38000	1190.00000
14.39000	1407.00000
14.40000	1537.00000
14.41000	1550.00000
14.42000	1597.00000
14.43000	1474.00000
14.44000	1245.00000
14.45000	1065.00000
14.46000	902.00000
14.47000	700.00000
14.48000	559.00000
14.49000	457.00000
14.50000	427.00000
14.51000	320.00000
14.52000	322.00000
14.53000	265.00000
14.54000	282.00000
14.55000	291.00000
14.56000	275.00000
14.57000	299.00000
14.58000	284.00000
14.59000	260.00000
14.60000	258.00000
14.61000	240.00000
14.62000	267.00000
14.63000	250.00000
14.64000	260.00000
14.65000	268.00000
14.66000	257.00000
14.67000	278.00000
14.68000	260.00000
14.69000	264.00000
14.70000	282.00000
14.71000	275.00000
14.72000	273.00000
14.73000	277.00000
14.74000	254.00000
14.75000	272.00000
14.76000	276.00000
14.77000	254.00000
14.78000	289.00000
14.79000	265.00000
14.80000	268.00000
14.81000	265.00000
14.82000	270.00000
14.83000	261.00000
14.84000	277.00000
14.85000	282.00000
14.86000	255.00000
14.87000	270.00000
14.88000	243.00000
14.89000	273.00000
14.90000	274.00000
14.91000	275.00000
14.92000	271.00000
14.93000	250.00000
14.94000	285.00000
14.95000	246.00000
14.96000	265.00000
14.97000	267.00000
14.98000	272.00000
14.99000	258.00000
15.00000	242.00000
15.01000	288.00000
15.02000	270.00000
15.03000	251.00000
15.04000	257.00000
15.05000	275.00000
15.06000	248.00000
15.07000	258.00000
15.08000	246.00000
15.09000	261.00000
15.10000	291.00000
15.11000	289.00000
15.12000	253.00000
15.13000	244.00000
15.14000	263.00000
15.15000	258.00000
15.16000	277.00000
15.17000	286.00000
15.18000	267.00000
15.19000	274.00000
15.20000	266.00000
15.21000	280.00000
15.22000	256.00000
15.23000	267.00000
15.24000	278.00000
15.25000	292.00000
15.26000	268.00000
15.27000	279.00000
15.28000	262.00000
15.29000	255.00000
15.30000	272.00000
15.31000	253.00000
15.32000	256.00000
15.33000	282.00000
15.34000	272.00000
15.35000	270.00000
15.36000	265.00000
15.37000	269.00000
15.38000	273.00000
15.39000	262.00000
15.40000	290.00000
15.41000	245.00000
15.42000	256.00000
15.43000	244.00000
15.44000	261.00000
15.45000	267.00000
15.46000	263.00000
15.47000	252.00000
15.48000	249.00000
15.49000	247.00000
15.50000	263.00000
15.51000	253.00000
15.52000	283.00000
15.53000	280.00000
15.54000	291.00000
15.55000	267.00000
15.56000	269.00000
15.57000	252.00000
15.58000	269.00000
15.59000	238.00000
15.60000	263.00000
15.61000	272.00000
15.62000	264.00000
15.63000	285.00000
15.64000	274.00000
15.65000	254.00000
15.66000	272.00000
15.67000	256.00000
15.68000	268.00000
15.69000	265.00000
15.70000	260.00000
15.71000	304.00000
15.72000	302.00000
15.73000	281.00000
15.74000	295.00000
15.75000	287.00000
15.76000	278.00000
15.77000	279.00000
15.78000	303.00000
15.79000	297.00000
15.80000	291.00000
15.81000	303.00000
15.82000	303.00000
15.83000	339.00000
15.84000	332.00000
15.85000	355.00000
15.86000	375.00000
15.87000	397.00000
15.88000	414.00000
15.89000	397.00000
15.90000	434.00000
15.91000	520.00000
15.92000	566.00000
15.93000	609.00000
15.94000	701.00000
15.95000	836.00000
15.96000	889.00000
15.97000	1087.00000
15.98000	1202.00000
15.99000	1277.00000
16.00000	1243.00000
16.01000	1178.00000
16.02000	1089.00000
16.03000	992.00000
16.04000	822.00000
16.05000	636.00000
16.06000	525.00000
16.07000	458.00000
16.08000	389.00000
16.09000	345.00000
16.10000	328.00000
16.11000	304.00000
16.12000	315.00000
16.13000	314.00000
16.14000	300.00000
16.15000	292.00000
16.16000	304.00000
16.17000	292.00000
16.18000	258.00000
16.19000	275.00000
16.20000	294.00000
16.21000	284.00000
16.22000	266.00000
16.23000	288.00000
16.24000	313.00000
16.25000	294.00000
16.26000	302.00000
16.27000	294.00000
16.28000	282.00000
16.29000	278.00000
16.30000	287.00000
16.31000	292.00000
16.32000	269.00000
16.33000	294.00000
16.34000	287.00000
16.35000	300.00000
16.36000	308.00000
16.37000	336.00000
16.38000	329.00000
16.39000	342.00000
16.40000	319.00000
16.41000	359.00000
16.42000	360.00000
16.43000	380.00000
16.44000	402.00000
16.45000	382.00000
16.46000	352.00000
16.47000	339.00000
16.48000	357.00000
16.49000	303.00000
16.50000	309.00000
16.51000	336.00000
16.52000	308.00000
16.53000	295.00000
16.54000	300.00000
16.55000	294.00000
16.56000	261.00000
16.57000	280.00000
16.58000	306.00000
16.59000	284.00000
16.60000	289.00000
16.61000	281.00000
16.62000	272.00000
16.63000	277.00000
16.64000	297.00000
16.65000	259.00000
16.66000	259.00000
16.67000	274.00000
16.68000	289.00000
16.69000	267.00000
16.70000	276.00000
16.71000	284.00000
16.72000	275.00000
16.73000	282.00000
16.74000	280.00000
16.75000	284.00000
16.76000	273.00000
16.77000	274.00000
16.78000	282.00000
16.79000	261.00000
16.80000	274.00000
16.81000	265.00000
16.82000	289.00000
16.83000	292.00000
16.84000	274.00000
16.85000	265.00000
16.86000	276.00000
16.87000	269.00000
16.88000	275.00000
16.89000	283.00000
16.90000	262.00000
16.91000	282.00000
16.92000	279.00000
16.93000	274.00000
16.94000	293.00000
16.95000	294.00000
16.96000	293.00000
16.97000	265.00000
16.98000	311.00000
16.99000	330.00000
17.00000	317.00000
17.01000	330.00000
17.02000	324.00000
17.03000	351.00000
17.04000	325.00000
17.05000	369.00000
17.06000	394.00000
17.07000	414.00000
17.08000	437.00000
17.09000	471.00000
17.10000	533.00000
17.11000	581.00000
17.12000	649.00000
17.13000	753.00000
17.14000	835.00000
17.15000	968.00000
17.16000	1116.00000
17.17000	1262.00000
17.18000	1321.00000
17.19000	1386.00000
17.20000	1352.00000
17.21000	1282.00000
17.22000	1281.00000
17.23000	1127.00000
17.24000	1018.00000
17.25000	823.00000
17.26000	766.00000
17.27000	613.00000
17.28000	512.00000
17.29000	425.00000
17.30000	408.00000
17.31000	392.00000
17.32000	320.00000
17.33000	350.00000
17.34000	313.00000
17.35000	298.00000
17.36000	301.00000
17.37000	332.00000
17.38000	310.00000
17.39000	319.00000
17.40000	308.00000
17.41000	327.00000
17.42000	327.00000
17.43000	312.00000
17.44000	348.00000
17.45000	369.00000
17.46000	425.00000
17.47000	418.00000
17.48000	438.00000
17.49000	456.00000
17.50000	525.00000
17.51000	574.00000
17.52000	611.00000
17.53000	703.00000
17.54000	754.00000
17.55000	783.00000
17.56000	744.00000
17.57000	638.00000
17.58000	597.00000
17.59000	588.00000
17.60000	446.00000
17.61000	430.00000
17.62000	395.00000
17.63000	332.00000
17.64000	343.00000
17.65000	366.00000
17.66000	330.00000
17.67000	357.00000
17.68000	368.00000
17.69000	339.00000
17.70000	375.00000
17.71000	389.00000
17.72000	397.00000
17.73000	405.00000
17.74000	448.00000
17.75000	426.00000
17.76000	391.00000
17.77000	377.00000
17.78000	335.00000
17.79000	333.00000
17.80000	320.00000
17.81000	349.00000
17.82000	297.00000
17.83000	295.00000
17.84000	264.00000
17.85000	270.00000
17.86000	288.00000
17.87000	297.00000
17.88000	273.00000
17.89000	301.00000
17.90000	306.00000
17.91000	281.00000
17.92000	273.00000
17.93000	304.00000
17.94000	280.00000
17.95000	300.00000
17.96000	324.00000
17.97000	308.00000
17.98000	275.00000
17.99000	288.00000
18.00000	304.00000
18.01000	287.00000
18.02000	293.00000
18.03000	293.00000
18.04000	289.00000
18.05000	320.00000
18.06000	312.00000
18.07000	292.00000
18.08000	289.00000
18.09000	304.00000
18.10000	319.00000
18.11000	343.00000
18.12000	318.00000
18.13000	317.00000
18.14000	340.00000
18.15000	350.00000
18.16000	363.00000
18.17000	400.00000
18.18000	444.00000
18.19000	447.00000
18.20000	487.00000
18.21000	523.00000
18.22000	613.00000
18.23000	667.00000
18.24000	777.00000
18.25000	837.00000
18.26000	902.00000
18.27000	923.00000
18.28000	921.00000
18.29000	832.00000
18.30000	743.00000
18.31000	637.00000
18.32000	545.00000
18.33000	471.00000
18.34000	427.00000
18.35000	406.00000
18.36000	331.00000
18.37000	325.00000
18.38000	314.00000
18.39000	304.00000
18.40000	307.00000
18.41000	309.00000
18.42000	320.00000
18.43000	304.00000
18.44000	299.00000
18.45000	295.00000
18.46000	266.00000
18.47000	270.00000
18.48000	283.00000
18.49000	278.00000
18.50000	289.00000
18.51000	301.00000
18.52000	318.00000
18.53000	317.00000
18.54000	309.00000
18.55000	335.00000
18.56000	314.00000
18.57000	265.00000
18.58000	286.00000
18.59000	278.00000
18.60000	305.00000
18.61000	305.00000
18.62000	274.00000
18.63000	307.00000
18.64000	319.00000
18.65000	301.00000
18.66000	297.00000
18.67000	295.00000
18.68000	306.00000
18.69000	276.00000
18.70000	307.00000
18.71000	294.00000
18.72000	294.00000
18.73000	305.00000
18.74000	318.00000
18.75000	300.00000
18.76000	301.00000
18.77000	295.00000
18.78000	281.00000
18.79000	292.00000
18.80000	298.00000
18.81000	320.00000
18.82000	304.00000
18.83000	287.00000
18.84000	302.00000
18.85000	323.00000
18.86000	329.00000
18.87000	294.00000
18.88000	307.00000
18.89000	292.00000
18.90000	329.00000
18.91000	341.00000
18.92000	320.00000
18.93000	309.00000
18.94000	321.00000
18.95000	326.00000
18.96000	335.00000
18.97000	345.00000
18.98000	364.00000
18.99000	371.00000
19.00000	391.00000
19.01000	423.00000
19.02000	436.00000
19.03000	475.00000
19.04000	561.00000
19.05000	559.00000
19.06000	596.00000
19.07000	636.00000
19.08000	692.00000
19.09000	652.00000
19.10000	653.00000
19.11000	598.00000
19.12000	499.00000
19.13000	474.00000
19.14000	417.00000
19.15000	380.00000
19.16000	350.00000
19.17000	356.00000
19.18000	329.00000
19.19000	360.00000
19.20000	317.00000
19.21000	333.00000
19.22000	275.00000
19.23000	309.00000
19.24000	318.00000
19.25000	323.00000
19.26000	329.00000
19.27000	315.00000
19.28000	309.00000
19.29000	301.00000
19.30000	299.00000
19.31000	283.00000
19.32000	290.00000
19.33000	311.00000
19.34000	317.00000
19.35000	319.00000
19.36000	334.00000
19.37000	269.00000
19.38000	330.00000
19.39000	322.00000
19.40000	321.00000
19.41000	316.00000
19.42000	334.00000
19.43000	386.00000
19.44000	340.00000
19.45000	334.00000
19.46000	364.00000
19.47000	365.00000
19.48000	399.00000
19.49000	413.00000
19.50000	437.00000
19.51000	479.00000
19.52000	505.00000
19.53000	558.00000
19.54000	617.00000
19.55000	701.00000
19.56000	859.00000
19.57000	897.00000
19.58000	1010.00000
19.59000	1141.00000
19.60000	1294.00000
19.61000	1283.00000
19.62000	1274.00000
19.63000	1216.00000
19.64000	1137.00000
19.65000	953.00000
19.66000	784.00000
19.67000	679.00000
19.68000	558.00000
19.69000	464.00000
19.70000	434.00000
19.71000	394.00000
19.72000	371.00000
19.73000	351.00000
19.74000	331.00000
19.75000	339.00000
19.76000	311.00000
19.77000	338.00000
19.78000	318.00000
19.79000	304.00000
19.80000	305.00000
19.81000	327.00000
19.82000	334.00000
19.83000	305.00000
19.84000	278.00000
19.85000	301.00000
19.86000	305.00000
19.87000	303.00000
19.88000	321.00000
19.89000	337.00000
19.90000	290.00000
19.91000	306.00000
19.92000	298.00000
19.93000	320.00000
19.94000	306.00000
19.95000	307.00000
19.96000	308.00000
19.97000	306.00000
19.98000	301.00000
19.99000	297.00000
20.00000	300.00000
20.01000	285.00000
20.02000	299.00000
20.03000	339.00000
20.04000	306.00000
20.05000	319.00000
20.06000	307.00000
20.07000	303.00000
20.08000	321.00000
20.09000	311.00000
20.10000	311.00000
20.11000	329.00000
20.12000	308.00000
20.13000	301.00000
20.14000	321.00000
20.15000	327.00000
20.16000	310.00000
20.17000	343.00000
20.18000	311.00000
20.19000	287.00000
20.20000	308.00000
20.21000	329.00000
20.22000	338.00000
20.23000	335.00000
20.24000	298.00000
20.25000	320.00000
20.26000	309.00000
20.27000	327.00000
20.28000	285.00000
20.29000	331.00000
20.30000	318.00000
20.31000	301.00000
20.32000	311.00000
20.33000	341.00000
20.34000	335.00000
20.35000	336.00000
20.36000	327.00000
20.37000	305.00000
20.38000	322.00000
20.39000	332.00000
20.40000	310.00000
20.41000	305.00000
20.42000	319.00000
20.43000	310.00000
20.44000	320.00000
20.45000	340.00000
20.46000	357.00000
20.47000	337.00000
20.48000	344.00000
20.49000	316.00000
20.50000	338.00000
20.51000	341.00000
20.52000	348.00000
20.53000	325.00000
20.54000	311.00000
20.55000	300.00000
20.56000	340.00000
20.57000	356.00000
20.58000	319.00000
20.59000	344.00000
20.60000	329.00000
20.61000	314.00000
20.62000	321.00000
20.63000	297.00000
20.64000	335.00000
20.65000	323.00000
20.66000	351.00000
20.67000	329.00000
20.68000	322.00000
20.69000	335.00000
20.70000	341.00000
20.71000	363.00000
20.72000	306.00000
20.73000	303.00000
20.74000	307.00000
20.75000	322.00000
20.76000	308.00000
20.77000	331.00000
20.78000	311.00000
20.79000	309.00000
20.80000	319.00000
20.81000	306.00000
20.82000	300.00000
20.83000	332.00000
20.84000	338.00000
20.85000	324.00000
20.86000	303.00000
20.87000	320.00000
20.88000	328.00000
20.89000	334.00000
20.90000	316.00000
20.91000	336.00000
20.92000	320.00000
20.93000	327.00000
20.94000	328.00000
20.95000	311.00000
20.96000	331.00000
20.97000	357.00000
20.98000	362.00000
20.99000	298.00000
21.00000	358.00000
21.01000	375.00000
21.02000	367.00000
21.03000	345.00000
21.04000	331.00000
21.05000	361.00000
21.06000	328.00000
21.07000	359.00000
21.08000	379.00000
21.09000	370.00000
21.10000	382.00000
21.11000	412.00000
21.12000	454.00000
21.13000	435.00000
21.14000	469.00000
21.15000	542.00000
21.16000	586.00000
21.17000	644.00000
21.18000	744.00000
21.19000	777.00000
21.20000	884.00000
21.21000	998.00000
21.22000	1245.00000
21.23000	1288.00000
21.24000	1382.00000
21.25000	1388.00000
21.26000	1319.00000
21.27000	1247.00000
21.28000	1080.00000
21.29000	1030.00000
21.30000	778.00000
21.31000	672.00000
21.32000	578.00000
21.33000	485.00000
21.34000	457.00000
21.35000	474.00000
21.36000	387.00000
21.37000	391.00000
21.38000	339.00000
21.39000	346.00000
21.40000	349.00000
21.41000	373.00000
21.42000	346.00000
21.43000	328.00000
21.44000	364.00000
21.45000	329.00000
21.46000	364.00000
21.47000	361.00000
21.48000	326.00000
21.49000	346.00000
21.50000	345.00000
21.51000	328.00000
21.52000	309.00000
21.53000	340.00000
21.54000	312.00000
21.55000	316.00000
21.56000	331.00000
21.57000	321.00000
21.58000	342.00000
21.59000	380.00000
21.60000	347.00000
21.61000	331.00000
21.62000	388.00000
21.63000	365.00000
21.64000	398.00000
21.65000	360.00000
21.66000	385.00000
21.67000	437.00000
21.68000	440.00000
21.69000	451.00000
21.70000	488.00000
21.71000	509.00000
21.72000	565.00000
21.73000	574.00000
21.74000	575.00000
21.75000	550.00000
21.76000	524.00000
21.77000	505.00000
21.78000	448.00000
21.79000	407.00000
21.80000	400.00000
21.81000	413.00000
21.82000	342.00000
21.83000	335.00000
21.84000	338.00000
21.85000	373.00000
21.86000	348.00000
21.87000	341.00000
21.88000	358.00000
21.89000	365.00000
21.90000	362.00000
21.91000	320.00000
21.92000	377.00000
21.93000	368.00000
21.94000	356.00000
21.95000	368.00000
21.96000	363.00000
21.97000	347.00000
21.98000	352.00000
21.99000	365.00000
22.00000	365.00000
22.01000	386.00000
22.02000	441.00000
22.03000	413.00000
22.04000	467.00000
22.05000	449.00000
22.06000	512.00000
22.07000	474.00000
22.08000	560.00000
22.09000	546.00000
22.10000	518.00000
22.11000	503.00000
22.12000	510.00000
22.13000	490.00000
22.14000	468.00000
22.15000	485.00000
22.16000	424.00000
22.17000	399.00000
22.18000	373.00000
22.19000	414.00000
22.20000	409.00000
22.21000	366.00000
22.22000	367.00000
22.23000	385.00000
22.24000	318.00000
22.25000	373.00000
22.26000	342.00000
22.27000	383.00000
22.28000	376.00000
22.29000	377.00000
22.30000	423.00000
22.31000	439.00000
22.32000	450.00000
22.33000	511.00000
22.34000	551.00000
22.35000	511.00000
22.36000	610.00000
22.37000	702.00000
22.38000	762.00000
22.39000	858.00000
22.40000	870.00000
22.41000	964.00000
22.42000	1021.00000
22.43000	1026.00000
22.44000	1031.00000
22.45000	1028.00000
22.46000	1082.00000
22.47000	1081.00000
22.48000	1093.00000
22.49000	1197.00000
22.50000	1258.00000
22.51000	1476.00000
22.52000	1762.00000
22.53000	1904.00000
22.54000	2251.00000
22.55000	2518.00000
22.56000	2650.00000
22.57000	2515.00000
22.58000	2352.00000
22.59000	2096.00000
22.60000	1741.00000
22.61000	1380.00000
22.62000	1088.00000
22.63000	896.00000
22.64000	698.00000
22.65000	606.00000
22.66000	499.00000
22.67000	459.00000
22.68000	415.00000
22.69000	439.00000
22.70000	395.00000
22.71000	383.00000
22.72000	329.00000
22.73000	343.00000
22.74000	359.00000
22.75000	354.00000
22.76000	345.00000
22.77000	360.00000
22.78000	373.00000
22.79000	364.00000
22.80000	354.00000
22.81000	344.00000
22.82000	322.00000
22.83000	381.00000
22.84000	383.00000
22.85000	360.00000
22.86000	318.00000
22.87000	293.00000
22.88000	380.00000
22.89000	348.00000
22.90000	351.00000
22.91000	353.00000
22.92000	331.00000
22.93000	375.00000
22.94000	343.00000
22.95000	400.00000
22.96000	386.00000
22.97000	315.00000
22.98000	342.00000
22.99000	368.00000
23.00000	386.00000
23.01000	350.00000
23.02000	368.00000
23.03000	361.00000
23.04000	372.00000
23.05000	341.00000
23.06000	396.00000
23.07000	332.00000
23.08000	330.00000
23.09000	352.00000
23.10000	330.00000
23.11000	347.00000
23.12000	356.00000
23.13000	371.00000
23.14000	359.00000
23.15000	356.00000
23.16000	349.00000
23.17000	378.00000
23.18000	331.00000
23.19000	336.00000
23.20000	370.00000
23.21000	357.00000
23.22000	371.00000
23.23000	336.00000
23.24000	322.00000
23.25000	344.00000
23.26000	375.00000
23.27000	338.00000
23.28000	326.00000
23.29000	343.00000
23.30000	349.00000
23.31000	354.00000
23.32000	367.00000
23.33000	337.00000
23.34000	337.00000
23.35000	351.00000
23.36000	363.00000
23.37000	361.00000
23.38000	368.00000
23.39000	350.00000
23.40000	341.00000
23.41000	340.00000
23.42000	337.00000
23.43000	314.00000
23.44000	344.00000
23.45000	371.00000
23.46000	355.00000
23.47000	352.00000
23.48000	336.00000
23.49000	337.00000
23.50000	361.00000
23.51000	410.00000
23.52000	381.00000
23.53000	332.00000
23.54000	348.00000
23.55000	337.00000
23.56000	376.00000
23.57000	381.00000
23.58000	339.00000
23.59000	342.00000
23.60000	381.00000
23.61000	357.00000
23.62000	387.00000
23.63000	393.00000
23.64000	416.00000
23.65000	410.00000
23.66000	471.00000
23.67000	522.00000
23.68000	501.00000
23.69000	567.00000
23.70000	604.00000
23.71000	684.00000
23.72000	755.00000
23.73000	805.00000
23.74000	873.00000
23.75000	871.00000
23.76000	877.00000
23.77000	832.00000
23.78000	776.00000
23.79000	664.00000
23.80000	601.00000
23.81000	521.00000
23.82000	490.00000
23.83000	475.00000
23.84000	427.00000
23.85000	394.00000
23.86000	394.00000
23.87000	377.00000
23.88000	357.00000
23.89000	364.00000
23.90000	364.00000
23.91000	360.00000
23.92000	363.00000
23.93000	334.00000
23.94000	383.00000
23.95000	356.00000
23.96000	368.00000
23.97000	355.00000
23.98000	378.00000
23.99000	351.00000
24.00000	363.00000
24.01000	346.00000
24.02000	342.00000
24.03000	364.00000
24.04000	388.00000
24.05000	388.00000
24.06000	353.00000
24.07000	373.00000
24.08000	397.00000
24.09000	351.00000
24.10000	389.00000
24.11000	393.00000
24.12000	347.00000
24.13000	405.00000
24.14000	385.00000
24.15000	392.00000
24.16000	427.00000
24.17000	422.00000
24.18000	460.00000
24.19000	492.00000
24.20000	447.00000
24.21000	552.00000
24.22000	580.00000
24.23000	634.00000
24.24000	728.00000
24.25000	726.00000
24.26000	735.00000
24.27000	719.00000
24.28000	726.00000
24.29000	630.00000
24.30000	611.00000
24.31000	530.00000
24.32000	519.00000
24.33000	463.00000
24.34000	438.00000
24.35000	421.00000
24.36000	430.00000
24.37000	387.00000
24.38000	396.00000
24.39000	396.00000
24.40000	405.00000
24.41000	425.00000
24.42000	391.00000
24.43000	456.00000
24.44000	505.00000
24.45000	531.00000
24.46000	524.00000
24.47000	603.00000
24.48000	650.00000
24.49000	645.00000
24.50000	574.00000
24.51000	590.00000
24.52000	542.00000
24.53000	587.00000
24.54000	517.00000
24.55000	436.00000
24.56000	466.00000
24.57000	434.00000
24.58000	430.00000
24.59000	359.00000
24.60000	352.00000
24.61000	361.00000
24.62000	349.00000
24.63000	346.00000
24.64000	344.00000
24.65000	339.00000
24.66000	358.00000
24.67000	372.00000
24.68000	367.00000
24.69000	368.00000
24.70000	364.00000
24.71000	365.00000
24.72000	379.00000
24.73000	378.00000
24.74000	385.00000
24.75000	377.00000
24.76000	332.00000
24.77000	386.00000
24.78000	339.00000
24.79000	350.00000
24.80000	362.00000
24.81000	356.00000
24.82000	386.00000
24.83000	339.00000
24.84000	341.00000
24.85000	391.00000
24.86000	370.00000
24.87000	367.00000
24.88000	327.00000
24.89000	364.00000
24.90000	386.00000
24.91000	376.00000
24.92000	345.00000
24.93000	351.00000
24.94000	336.00000
24.95000	363.00000
24.96000	425.00000
24.97000	387.00000
24.98000	389.00000
24.99000	411.00000
25.00000	426.00000
25.01000	423.00000
25.02000	435.00000
25.03000	490.00000
25.04000	556.00000
25.05000	566.00000
25.06000	679.00000
25.07000	705.00000
25.08000	754.00000
25.09000	801.00000
25.10000	816.00000
25.11000	799.00000
25.12000	839.00000
25.13000	778.00000
25.14000	716.00000
25.15000	651.00000
25.16000	601.00000
25.17000	527.00000
25.18000	493.00000
25.19000	477.00000
25.20000	497.00000
25.21000	502.00000
25.22000	520.00000
25.23000	553.00000
25.24000	538.00000
25.25000	565.00000
25.26000	594.00000
25.27000	561.00000
25.28000	566.00000
25.29000	533.00000
25.30000	493.00000
25.31000	509.00000
25.32000	555.00000
25.33000	504.00000
25.34000	526.00000
25.35000	605.00000
25.36000	636.00000
25.37000	682.00000
25.38000	698.00000
25.39000	782.00000
25.40000	780.00000
25.41000	750.00000
25.42000	706.00000
25.43000	613.00000
25.44000	571.00000
25.45000	542.00000
25.46000	476.00000
25.47000	441.00000
25.48000	438.00000
25.49000	412.00000
25.50000	381.00000
25.51000	367.00000
25.52000	369.00000
25.53000	394.00000
25.54000	380.00000
25.55000	381.00000
25.56000	366.00000
25.57000	367.00000
25.58000	344.00000
25.59000	385.00000
25.60000	375.00000
25.61000	371.00000
25.62000	385.00000
25.63000	378.00000
25.64000	361.00000
25.65000	356.00000
25.66000	344.00000
25.67000	361.00000
25.68000	355.00000
25.69000	369.00000
25.70000	384.00000
25.71000	387.00000
25.72000	366.00000
25.73000	389.00000
25.74000	366.00000
25.75000	356.00000
25.76000	348.00000
25.77000	348.00000
25.78000	407.00000
25.79000	375.00000
25.80000	348.00000
25.81000	379.00000
25.82000	379.00000
25.83000	378.00000
25.84000	356.00000
25.85000	357.00000
25.86000	371.00000
25.87000	370.00000
25.88000	320.00000
25.89000	369.00000
25.90000	369.00000
25.91000	412.00000
25.92000	382.00000
25.93000	356.00000
25.94000	371.00000
25.95000	394.00000
25.96000	353.00000
25.97000	381.00000
25.98000	376.00000
25.99000	401.00000
26.00000	386.00000
26.01000	394.00000
26.02000	379.00000
26.03000	408.00000
26.04000	426.00000
26.05000	458.00000
26.06000	460.00000
26.07000	508.00000
26.08000	574.00000
26.09000	640.00000
26.10000	735.00000
26.11000	768.00000
26.12000	922.00000
26.13000	1041.00000
26.14000	1242.00000
26.15000	1334.00000
26.16000	1526.00000
26.17000	1642.00000
26.18000	1553.00000
26.19000	1481.00000
26.20000	1384.00000
26.21000	1168.00000
26.22000	976.00000
26.23000	901.00000
26.24000	827.00000
26.25000	747.00000
26.26000	755.00000
26.27000	625.00000
26.28000	557.00000
26.29000	544.00000
26.30000	516.00000
26.31000	500.00000
26.32000	485.00000
26.33000	454.00000
26.34000	448.00000
26.35000	357.00000
26.36000	400.00000
26.37000	393.00000
26.38000	392.00000
26.39000	353.00000
26.40000	367.00000
26.41000	382.00000
26.42000	357.00000
26.43000	366.00000
26.44000	367.00000
26.45000	338.00000
26.46000	370.00000
26.47000	400.00000
26.48000	383.00000
26.49000	381.00000
26.50000	375.00000
26.51000	366.00000
26.52000	354.00000
26.53000	337.00000
26.54000	367.00000
26.55000	356.00000
26.56000	377.00000
26.57000	363.00000
26.58000	372.00000
26.59000	352.00000
26.60000	374.00000
26.61000	339.00000
26.62000	362.00000
26.63000	354.00000
26.64000	358.00000
26.65000	404.00000
26.66000	363.00000
26.67000	352.00000
26.68000	365.00000
26.69000	345.00000
26.70000	348.00000
26.71000	385.00000
26.72000	369.00000
26.73000	379.00000
26.74000	387.00000
26.75000	362.00000
26.76000	396.00000
26.77000	380.00000
26.78000	333.00000
26.79000	353.00000
26.80000	368.00000
26.81000	346.00000
26.82000	387.00000
26.83000	365.00000
26.84000	375.00000
26.85000	364.00000
26.86000	363.00000
26.87000	369.00000
26.88000	352.00000
26.89000	363.00000
26.90000	360.00000
26.91000	372.00000
26.92000	359.00000
26.93000	368.00000
26.94000	342.00000
26.95000	384.00000
26.96000	386.00000
26.97000	352.00000
26.98000	383.00000
26.99000	358.00000
27.00000	374.00000
27.01000	356.00000
27.02000	364.00000
27.03000	367.00000
27.04000	348.00000
27.05000	329.00000
27.06000	396.00000
27.07000	353.00000
27.08000	371.00000
27.09000	366.00000
27.10000	385.00000
27.11000	342.00000
27.12000	350.00000
27.13000	372.00000
27.14000	374.00000
27.15000	376.00000
27.16000	349.00000
27.17000	375.00000
27.18000	380.00000
27.19000	387.00000
27.20000	372.00000
27.21000	381.00000
27.22000	400.00000
27.23000	363.00000
27.24000	385.00000
27.25000	376.00000
27.26000	388.00000
27.27000	393.00000
27.28000	399.00000
27.29000	378.00000
27.30000	373.00000
27.31000	395.00000
27.32000	394.00000
27.33000	384.00000
27.34000	362.00000
27.35000	379.00000
27.36000	405.00000
27.37000	400.00000
27.38000	373.00000
27.39000	403.00000
27.40000	400.00000
27.41000	410.00000
27.42000	405.00000
27.43000	392.00000
27.44000	462.00000
27.45000	452.00000
27.46000	529.00000
27.47000	559.00000
27.48000	530.00000
27.49000	670.00000
27.50000	767.00000
27.51000	851.00000
27.52000	979.00000
27.53000	1081.00000
27.54000	1229.00000
27.55000	1378.00000
27.56000	1468.00000
27.57000	1469.00000
27.58000	1588.00000
27.59000	1408.00000
27.60000	1355.00000
27.61000	1206.00000
27.62000	1084.00000
27.63000	941.00000
27.64000	831.00000
27.65000	757.00000
27.66000	657.00000
27.67000	588.00000
27.68000	586.00000
27.69000	528.00000
27.70000	490.00000
27.71000	500.00000
27.72000	468.00000
27.73000	510.00000
27.74000	540.00000
27.75000	565.00000
27.76000	557.00000
27.77000	524.00000
27.78000	542.00000
27.79000	488.00000
27.80000	491.00000
27.81000	491.00000
27.82000	517.00000
27.83000	510.00000
27.84000	535.00000
27.85000	581.00000
27.86000	643.00000
27.87000	648.00000
27.88000	744.00000
27.89000	873.00000
27.90000	931.00000
27.91000	1023.00000
27.92000	1115.00000
27.93000	1235.00000
27.94000	1187.00000
27.95000	1195.00000
27.96000	1114.00000
27.97000	992.00000
27.98000	865.00000
27.99000	769.00000
28.00000	669.00000
28.01000	579.00000
28.02000	556.00000
28.03000	506.00000
28.04000	453.00000
28.05000	428.00000
28.06000	436.00000
28.07000	427.00000
28.08000	405.00000
28.09000	396.00000
28.10000	403.00000
28.11000	408.00000
28.12000	381.00000
28.13000	350.00000
28.14000	382.00000
28.15000	395.00000
28.16000	362.00000
28.17000	391.00000
28.18000	371.00000
28.19000	396.00000
28.20000	382.00000
28.21000	391.00000
28.22000	382.00000
28.23000	375.00000
28.24000	363.00000
28.25000	389.00000
28.26000	368.00000
28.27000	380.00000
28.28000	392.00000
28.29000	365.00000
28.30000	353.00000
28.31000	379.00000
28.32000	400.00000
28.33000	376.00000
28.34000	371.00000
28.35000	347.00000
28.36000	359.00000
28.37000	347.00000
28.38000	364.00000
28.39000	391.00000
28.40000	357.00000
28.41000	372.00000
28.42000	353.00000
28.43000	383.00000
28.44000	355.00000
28.45000	361.00000
28.46000	360.00000
28.47000	329.00000
28.48000	361.00000
28.49000	386.00000
28.50000	385.00000
28.51000	401.00000
28.52000	368.00000
28.53000	378.00000
28.54000	364.00000
28.55000	414.00000
28.56000	365.00000
28.57000	384.00000
28.58000	382.00000
28.59000	368.00000
28.60000	358.00000
28.61000	371.00000
28.62000	356.00000
28.63000	372.00000
28.64000	377.00000
28.65000	352.00000
28.66000	372.00000
28.67000	379.00000
28.68000	366.00000
28.69000	383.00000
28.70000	344.00000
28.71000	387.00000
28.72000	355.00000
28.73000	344.00000
28.74000	391.00000
28.75000	386.00000
28.76000	392.00000
28.77000	337.00000
28.78000	405.00000
28.79000	354.00000
28.80000	360.00000
28.81000	376.00000
28.82000	343.00000
28.83000	402.00000
28.84000	378.00000
28.85000	364.00000
28.86000	377.00000
28.87000	359.00000
28.88000	414.00000
28.89000	381.00000
28.90000	387.00000
28.91000	405.00000
28.92000	421.00000
28.93000	427.00000
28.94000	416.00000
28.95000	438.00000
28.96000	468.00000
28.97000	536.00000
28.98000	584.00000
28.99000	696.00000
29.00000	682.00000
29.01000	798.00000
29.02000	952.00000
29.03000	1094.00000
29.04000	1197.00000
29.05000	1416.00000
29.06000	1458.00000
29.07000	1478.00000
29.08000	1486.00000
29.09000	1248.00000
29.10000	1107.00000
29.11000	951.00000
29.12000	878.00000
29.13000	672.00000
29.14000	598.00000
29.15000	536.00000
29.16000	492.00000
29.17000	449.00000
29.18000	437.00000
29.19000	450.00000
29.20000	435.00000
29.21000	397.00000
29.22000	418.00000
29.23000	406.00000
29.24000	408.00000
29.25000	413.00000
29.26000	439.00000
29.27000	473.00000
29.28000	507.00000
29.29000	512.00000
29.30000	504.00000
29.31000	625.00000
29.32000	657.00000
29.33000	707.00000
29.34000	795.00000
29.35000	943.00000
29.36000	963.00000
29.37000	1052.00000
29.38000	1145.00000
29.39000	1041.00000
29.40000	1117.00000
29.41000	997.00000
29.42000	903.00000
29.43000	804.00000
29.44000	683.00000
29.45000	564.00000
29.46000	540.00000
29.47000	508.00000
29.48000	439.00000
29.49000	454.00000
29.50000	426.00000
29.51000	372.00000
29.52000	421.00000
29.53000	386.00000
29.54000	337.00000
29.55000	412.00000
29.56000	415.00000
29.57000	426.00000
29.58000	423.00000
29.59000	410.00000
29.60000	464.00000
29.61000	441.00000
29.62000	471.00000
29.63000	488.00000
29.64000	518.00000
29.65000	587.00000
29.66000	650.00000
29.67000	707.00000
29.68000	851.00000
29.69000	937.00000
29.70000	1057.00000
29.71000	1253.00000
29.72000	1467.00000
29.73000	1557.00000
29.74000	1679.00000
29.75000	1835.00000
29.76000	1890.00000
29.77000	1876.00000
29.78000	1782.00000
29.79000	1621.00000
29.80000	1538.00000
29.81000	1313.00000
29.82000	1116.00000
29.83000	959.00000
29.84000	838.00000
29.85000	733.00000
29.86000	637.00000
29.87000	589.00000
29.88000	542.00000
29.89000	531.00000
29.90000	495.00000
29.91000	512.00000
29.92000	533.00000
29.93000	532.00000
29.94000	553.00000
29.95000	593.00000
29.96000	642.00000
29.97000	673.00000
29.98000	735.00000
29.99000	758.00000
30.00000	756.00000
30.01000	750.00000
30.02000	712.00000
30.03000	699.00000
30.04000	620.00000
30.05000	568.00000
30.06000	545.00000
30.07000	541.00000
30.08000	531.00000
30.09000	558.00000
30.10000	549.00000
30.11000	603.00000
30.12000	639.00000
30.13000	651.00000
30.14000	674.00000
30.15000	755.00000
30.16000	805.00000
30.17000	788.00000
30.18000	766.00000
30.19000	777.00000
30.20000	735.00000
30.21000	698.00000
30.22000	665.00000
30.23000	562.00000
30.24000	511.00000
30.25000	497.00000
30.26000	461.00000
30.27000	442.00000
30.28000	416.00000
30.29000	383.00000
30.30000	427.00000
30.31000	383.00000
30.32000	355.00000
30.33000	352.00000
30.34000	355.00000
30.35000	381.00000
30.36000	353.00000
30.37000	368.00000
30.38000	366.00000
30.39000	382.00000
30.40000	381.00000
30.41000	350.00000
30.42000	354.00000
30.43000	390.00000
30.44000	374.00000
30.45000	370.00000
30.46000	404.00000
30.47000	405.00000
30.48000	408.00000
30.49000	462.00000
30.50000	479.00000
30.51000	516.00000
30.52000	598.00000
30.53000	607.00000
30.54000	635.00000
30.55000	794.00000
30.56000	870.00000
30.57000	840.00000
30.58000	899.00000
30.59000	888.00000
30.60000	980.00000
30.61000	978.00000
30.62000	899.00000
30.63000	915.00000
30.64000	867.00000
30.65000	897.00000
30.66000	874.00000
30.67000	794.00000
30.68000	660.00000
30.69000	614.00000
30.70000	493.00000
30.71000	478.00000
30.72000	442.00000
30.73000	424.00000
30.74000	412.00000
30.75000	392.00000
30.76000	352.00000
30.77000	366.00000
30.78000	363.00000
30.79000	354.00000
30.80000	385.00000
30.81000	363.00000
30.82000	358.00000
30.83000	371.00000
30.84000	370.00000
30.85000	372.00000
30.86000	349.00000
30.87000	372.00000
30.88000	339.00000
30.89000	346.00000
30.90000	333.00000
30.91000	392.00000
30.92000	348.00000
30.93000	341.00000
30.94000	366.00000
30.95000	350.00000
30.96000	328.00000
30.97000	344.00000
30.98000	319.00000
30.99000	342.00000
31.00000	351.00000
31.01000	366.00000
31.02000	300.00000
31.03000	343.00000
31.04000	319.00000
31.05000	340.00000
31.06000	334.00000
31.07000	363.00000
31.08000	350.00000
31.09000	384.00000
31.10000	352.00000
31.11000	376.00000
31.12000	379.00000
31.13000	377.00000
31.14000	394.00000
31.15000	405.00000
31.16000	405.00000
31.17000	452.00000
31.18000	465.00000
31.19000	539.00000
31.20000	562.00000
31.21000	587.00000
31.22000	595.00000
31.23000	629.00000
31.24000	652.00000
31.25000	592.00000
31.26000	535.00000
31.27000	586.00000
31.28000	516.00000
31.29000	424.00000
31.30000	439.00000
31.31000	397.00000
31.32000	408.00000
31.33000	375.00000
31.34000	408.00000
31.35000	377.00000
31.36000	422.00000
31.37000	400.00000
31.38000	399.00000
31.39000	450.00000
31.40000	437.00000
31.41000	469.00000
31.42000	540.00000
31.43000	523.00000
31.44000	492.00000
31.45000	594.00000
31.46000	551.00000
31.47000	494.00000
31.48000	505.00000
31.49000	484.00000
31.50000	421.00000
31.51000	395.00000
31.52000	401.00000
31.53000	349.00000
31.54000	350.00000
31.55000	350.00000
31.56000	378.00000
31.57000	359.00000
31.58000	374.00000
31.59000	346.00000
31.60000	402.00000
31.61000	422.00000
31.62000	408.00000
31.63000	415.00000
31.64000	450.00000
31.65000	522.00000
31.66000	597.00000
31.67000	697.00000
31.68000	747.00000
31.69000	823.00000
31.70000	866.00000
31.71000	956.00000
31.72000	985.00000
31.73000	1043.00000
31.74000	1028.00000
31.75000	1029.00000
31.76000	961.00000
31.77000	894.00000
31.78000	870.00000
31.79000	866.00000
31.80000	880.00000
31.81000	853.00000
31.82000	788.00000
31.83000	740.00000
31.84000	677.00000
31.85000	656.00000
31.86000	546.00000
31.87000	543.00000
31.88000	456.00000
31.89000	394.00000
31.90000	368.00000
31.91000	377.00000
31.92000	375.00000
31.93000	336.00000
31.94000	369.00000
31.95000	385.00000
31.96000	344.00000
31.97000	367.00000
31.98000	331.00000
31.99000	349.00000
32.00000	384.00000
32.01000	353.00000
32.02000	389.00000
32.03000	397.00000
32.04000	408.00000
32.05000	444.00000
32.06000	405.00000
32.07000	429.00000
32.08000	464.00000
32.09000	516.00000
32.10000	504.00000
32.11000	515.00000
32.12000	506.00000
32.13000	533.00000
32.14000	519.00000
32.15000	547.00000
32.16000	559.00000
32.17000	549.00000
32.18000	586.00000
32.19000	659.00000
32.20000	735.00000
32.21000	737.00000
32.22000	784.00000
32.23000	838.00000
32.24000	830.00000
32.25000	760.00000
32.26000	790.00000
32.27000	745.00000
32.28000	621.00000
32.29000	551.00000
32.30000	530.00000
32.31000	493.00000
32.32000	471.00000
32.33000	410.00000
32.34000	419.00000
32.35000	382.00000
32.36000	364.00000
32.37000	374.00000
32.38000	329.00000
32.39000	340.00000
32.40000	338.00000
32.41000	343.00000
32.42000	340.00000
32.43000	365.00000
32.44000	344.00000
32.45000	331.00000
32.46000	334.00000
32.47000	304.00000
32.48000	326.00000
32.49000	321.00000
32.50000	303.00000
32.51000	319.00000
32.52000	352.00000
32.53000	311.00000
32.54000	351.00000
32.55000	291.00000
32.56000	317.00000
32.57000	322.00000
32.58000	302.00000
32.59000	312.00000
32.60000	318.00000
32.61000	305.00000
32.62000	300.00000
32.63000	324.00000
32.64000	328.00000
32.65000	300.00000
32.66000	317.00000
32.67000	336.00000
32.68000	316.00000
32.69000	313.00000
32.70000	309.00000
32.71000	326.00000
32.72000	307.00000
32.73000	317.00000
32.74000	292.00000
32.75000	311.00000
32.76000	318.00000
32.77000	304.00000
32.78000	308.00000
32.79000	281.00000
32.80000	307.00000
32.81000	325.00000
32.82000	317.00000
32.83000	333.00000
32.84000	327.00000
32.85000	308.00000
32.86000	311.00000
32.87000	302.00000
32.88000	312.00000
32.89000	330.00000
32.90000	314.00000
32.91000	326.00000
32.92000	299.00000
32.93000	316.00000
32.94000	302.00000
32.95000	283.00000
32.96000	294.00000
32.97000	316.00000
32.98000	298.00000
32.99000	304.00000
33.00000	285.00000
33.01000	323.00000
33.02000	323.00000
33.03000	279.00000
33.04000	293.00000
33.05000	313.00000
33.06000	300.00000
33.07000	243.00000
33.08000	295.00000
33.09000	293.00000
33.10000	296.00000
33.11000	297.00000
33.12000	305.00000
33.13000	296.00000
33.14000	304.00000
33.15000	310.00000
33.16000	277.00000
33.17000	334.00000
33.18000	321.00000
33.19000	296.00000
33.20000	338.00000
33.21000	292.00000
33.22000	327.00000
33.23000	316.00000
33.24000	308.00000
33.25000	341.00000
33.26000	319.00000
33.27000	374.00000
33.28000	348.00000
33.29000	307.00000
33.30000	333.00000
33.31000	341.00000
33.32000	340.00000
33.33000	320.00000
33.34000	314.00000
33.35000	317.00000
33.36000	339.00000
33.37000	334.00000
33.38000	316.00000
33.39000	324.00000
33.40000	304.00000
33.41000	302.00000
33.42000	302.00000
33.43000	351.00000
33.44000	300.00000
33.45000	294.00000
33.46000	312.00000
33.47000	321.00000
33.48000	287.00000
33.49000	287.00000
33.50000	304.00000
33.51000	285.00000
33.52000	308.00000
33.53000	284.00000
33.54000	282.00000
33.55000	266.00000
33.56000	299.00000
33.57000	300.00000
33.58000	282.00000
33.59000	289.00000
33.60000	312.00000
33.61000	302.00000
33.62000	272.00000
33.63000	280.00000
33.64000	304.00000
33.65000	284.00000
33.66000	272.00000
33.67000	277.00000
33.68000	266.00000
33.69000	309.00000
33.70000	316.00000
33.71000	285.00000
33.72000	290.00000
33.73000	285.00000
33.74000	305.00000
33.75000	300.00000
33.76000	329.00000
33.77000	339.00000
33.78000	337.00000
33.79000	329.00000
33.80000	381.00000
33.81000	412.00000
33.82000	399.00000
33.83000	435.00000
33.84000	510.00000
33.85000	553.00000
33.86000	605.00000
33.87000	648.00000
33.88000	651.00000
33.89000	620.00000
33.90000	621.00000
33.91000	581.00000
33.92000	542.00000
33.93000	445.00000
33.94000	421.00000
33.95000	391.00000
33.96000	346.00000
33.97000	329.00000
33.98000	313.00000
33.99000	322.00000
34.00000	306.00000
34.01000	338.00000
34.02000	322.00000
34.03000	297.00000
34.04000	282.00000
34.05000	288.00000
34.06000	326.00000
34.07000	334.00000
34.08000	353.00000
34.09000	366.00000
34.10000	369.00000
34.11000	337.00000
34.12000	352.00000
34.13000	415.00000
34.14000	399.00000
34.15000	408.00000
34.16000	359.00000
34.17000	370.00000
34.18000	347.00000
34.19000	387.00000
34.20000	360.00000
34.21000	409.00000
34.22000	453.00000
34.23000	476.00000
34.24000	497.00000
34.25000	537.00000
34.26000	491.00000
34.27000	535.00000
34.28000	504.00000
34.29000	465.00000
34.30000	449.00000
34.31000	428.00000
34.32000	380.00000
34.33000	348.00000
34.34000	350.00000
34.35000	345.00000
34.36000	291.00000
34.37000	335.00000
34.38000	283.00000
34.39000	317.00000
34.40000	287.00000
34.41000	270.00000
34.42000	305.00000
34.43000	285.00000
34.44000	286.00000
34.45000	292.00000
34.46000	290.00000
34.47000	310.00000
34.48000	306.00000
34.49000	289.00000
34.50000	269.00000
34.51000	286.00000
34.52000	260.00000
34.53000	268.00000
34.54000	298.00000
34.55000	281.00000
34.56000	275.00000
34.57000	282.00000
34.58000	283.00000
34.59000	272.00000
34.60000	274.00000
34.61000	287.00000
34.62000	265.00000
34.63000	280.00000
34.64000	324.00000
34.65000	300.00000
34.66000	287.00000
34.67000	279.00000
34.68000	312.00000
34.69000	279.00000
34.70000	265.00000
34.71000	297.00000
34.72000	276.00000
34.73000	287.00000
34.74000	268.00000
34.75000	311.00000
34.76000	283.00000
34.77000	281.00000
34.78000	291.00000
34.79000	313.00000
34.80000	269.00000
34.81000	277.00000
34.82000	280.00000
34.83000	276.00000
34.84000	293.00000
34.85000	267.00000
34.86000	281.00000
34.87000	285.00000
34.88000	313.00000
34.89000	314.00000
34.90000	321.00000
34.91000	308.00000
34.92000	257.00000
34.93000	295.00000
34.94000	312.00000
34.95000	324.00000
34.96000	308.00000
34.97000	308.00000
34.98000	358.00000
34.99000	342.00000
35.00000	358.00000
35.01000	320.00000
35.02000	309.00000
35.03000	329.00000
35.04000	288.00000
35.05000	306.00000
35.06000	288.00000
35.07000	298.00000
35.08000	287.00000
35.09000	275.00000
35.10000	290.00000
35.11000	285.00000
35.12000	326.00000
35.13000	287.00000
35.14000	264.00000
35.15000	299.00000
35.16000	286.00000
35.17000	310.00000
35.18000	282.00000
35.19000	274.00000
35.20000	315.00000
35.21000	326.00000
35.22000	290.00000
35.23000	325.00000
35.24000	359.00000
35.25000	378.00000
35.26000	370.00000
35.27000	413.00000
35.28000	479.00000
35.29000	536.00000
35.30000	559.00000
35.31000	624.00000
35.32000	671.00000
35.33000	701.00000
35.34000	774.00000
35.35000	753.00000
35.36000	727.00000
35.37000	651.00000
35.38000	634.00000
35.39000	520.00000
35.40000	465.00000
35.41000	452.00000
35.42000	403.00000
35.43000	355.00000
35.44000	335.00000
35.45000	331.00000
35.46000	305.00000
35.47000	300.00000
35.48000	281.00000
35.49000	306.00000
35.50000	319.00000
35.51000	340.00000
35.52000	307.00000
35.53000	330.00000
35.54000	323.00000
35.55000	312.00000
35.56000	322.00000
35.57000	312.00000
35.58000	312.00000
35.59000	314.00000
35.60000	316.00000
35.61000	364.00000
35.62000	353.00000
35.63000	369.00000
35.64000	397.00000
35.65000	416.00000
35.66000	437.00000
35.67000	424.00000
35.68000	475.00000
35.69000	476.00000
35.70000	481.00000
35.71000	475.00000
35.72000	421.00000
35.73000	458.00000
35.74000	415.00000
35.75000	431.00000
35.76000	422.00000
35.77000	424.00000
35.78000	411.00000
35.79000	473.00000
35.80000	503.00000
35.81000	530.00000
35.82000	529.00000
35.83000	508.00000
35.84000	531.00000
35.85000	488.00000
35.86000	459.00000
35.87000	360.00000
35.88000	356.00000
35.89000	367.00000
35.90000	373.00000
35.91000	341.00000
35.92000	344.00000
35.93000	374.00000
35.94000	381.00000
35.95000	369.00000
35.96000	375.00000
35.97000	364.00000
35.98000	361.00000
35.99000	344.00000
36.00000	315.00000
36.01000	310.00000
36.02000	330.00000
36.03000	330.00000
36.04000	303.00000
36.05000	306.00000
36.06000	328.00000
36.07000	343.00000
36.08000	308.00000
36.09000	341.00000
36.10000	351.00000
36.11000	426.00000
36.12000	440.00000
36.13000	429.00000
36.14000	437.00000
36.15000	443.00000
36.16000	468.00000
36.17000	451.00000
36.18000	383.00000
36.19000	390.00000
36.20000	379.00000
36.21000	354.00000
36.22000	324.00000
36.23000	318.00000
36.24000	365.00000
36.25000	319.00000
36.26000	302.00000
36.27000	307.00000
36.28000	334.00000
36.29000	342.00000
36.30000	359.00000
36.31000	347.00000
36.32000	349.00000
36.33000	327.00000
36.34000	333.00000
36.35000	329.00000
36.36000	305.00000
36.37000	272.00000
36.38000	301.00000
36.39000	291.00000
36.40000	306.00000
36.41000	255.00000
36.42000	272.00000
36.43000	264.00000
36.44000	244.00000
36.45000	247.00000
36.46000	267.00000
36.47000	257.00000
36.48000	268.00000
36.49000	266.00000
36.50000	255.00000
36.51000	269.00000
36.52000	251.00000
36.53000	244.00000
36.54000	259.00000
36.55000	269.00000
36.56000	271.00000
36.57000	297.00000
36.58000	261.00000
36.59000	282.00000
36.60000	282.00000
36.61000	272.00000
36.62000	259.00000
36.63000	259.00000
36.64000	265.00000
36.65000	265.00000
36.66000	311.00000
36.67000	309.00000
36.68000	324.00000
36.69000	307.00000
36.70000	348.00000
36.71000	350.00000
36.72000	380.00000
36.73000	407.00000
36.74000	409.00000
36.75000	429.00000
36.76000	433.00000
36.77000	530.00000
36.78000	552.00000
36.79000	543.00000
36.80000	594.00000
36.81000	590.00000
36.82000	633.00000
36.83000	593.00000
36.84000	579.00000
36.85000	505.00000
36.86000	488.00000
36.87000	440.00000
36.88000	404.00000
36.89000	359.00000
36.90000	354.00000
36.91000	347.00000
36.92000	310.00000
36.93000	270.00000
36.94000	296.00000
36.95000	278.00000
36.96000	287.00000
36.97000	285.00000
36.98000	269.00000
36.99000	309.00000
37.00000	263.00000
37.01000	282.00000
37.02000	301.00000
37.03000	308.00000
37.04000	293.00000
37.05000	327.00000
37.06000	312.00000
37.07000	312.00000
37.08000	341.00000
37.09000	334.00000
37.10000	375.00000
37.11000	408.00000
37.12000	420.00000
37.13000	453.00000
37.14000	481.00000
37.15000	441.00000
37.16000	479.00000
37.17000	434.00000
37.18000	403.00000
37.19000	378.00000
37.20000	325.00000
37.21000	357.00000
37.22000	323.00000
37.23000	286.00000
37.24000	270.00000
37.25000	280.00000
37.26000	264.00000
37.27000	297.00000
37.28000	261.00000
37.29000	283.00000
37.30000	304.00000
37.31000	271.00000
37.32000	267.00000
37.33000	262.00000
37.34000	267.00000
37.35000	258.00000
37.36000	276.00000
37.37000	286.00000
37.38000	269.00000
37.39000	251.00000
37.40000	269.00000
37.41000	270.00000
37.42000	261.00000
37.43000	250.00000
37.44000	258.00000
37.45000	266.00000
37.46000	245.00000
37.47000	284.00000
37.48000	293.00000
37.49000	306.00000
37.50000	324.00000
37.51000	328.00000
37.52000	334.00000
37.53000	330.00000
37.54000	338.00000
37.55000	333.00000
37.56000	317.00000
37.57000	304.00000
37.58000	296.00000
37.59000	276.00000
37.60000	250.00000
37.61000	271.00000
37.62000	265.00000
37.63000	252.00000
37.64000	284.00000
37.65000	246.00000
37.66000	249.00000
37.67000	233.00000
37.68000	257.00000
37.69000	260.00000
37.70000	262.00000
37.71000	263.00000
37.72000	257.00000
37.73000	278.00000
37.74000	267.00000
37.75000	244.00000
37.76000	236.00000
37.77000	243.00000
37.78000	224.00000
37.79000	238.00000
37.80000	233.00000
37.81000	236.00000
37.82000	217.00000
37.83000	246.00000
37.84000	272.00000
37.85000	272.00000
37.86000	257.00000
37.87000	278.00000
37.88000	258.00000
37.89000	272.00000
37.90000	267.00000
37.91000	275.00000
37.92000	273.00000
37.93000	288.00000
37.94000	289.00000
37.95000	288.00000
37.96000	279.00000
37.97000	324.00000
37.98000	306.00000
37.99000	339.00000
38.00000	326.00000
38.01000	300.00000
38.02000	335.00000
38.03000	343.00000
38.04000	328.00000
38.05000	324.00000
38.06000	322.00000
38.07000	326.00000
38.08000	271.00000
38.09000	316.00000
38.10000	273.00000
38.11000	290.00000
38.12000	287.00000
38.13000	277.00000
38.14000	268.00000
38.15000	282.00000
38.16000	286.00000
38.17000	256.00000
38.18000	250.00000
38.19000	275.00000
38.20000	292.00000
38.21000	263.00000
38.22000	308.00000
38.23000	292.00000
38.24000	290.00000
38.25000	300.00000
38.26000	372.00000
38.27000	362.00000
38.28000	365.00000
38.29000	404.00000
38.30000	420.00000
38.31000	440.00000
38.32000	441.00000
38.33000	461.00000
38.34000	454.00000
38.35000	426.00000
38.36000	401.00000
38.37000	391.00000
38.38000	320.00000
38.39000	311.00000
38.40000	308.00000
38.41000	279.00000
38.42000	261.00000
38.43000	276.00000
38.44000	227.00000
38.45000	263.00000
38.46000	257.00000
38.47000	279.00000
38.48000	276.00000
38.49000	248.00000
38.50000	269.00000
38.51000	251.00000
38.52000	260.00000
38.53000	252.00000
38.54000	256.00000
38.55000	247.00000
38.56000	243.00000
38.57000	263.00000
38.58000	287.00000
38.59000	279.00000
38.60000	289.00000
38.61000	309.00000
38.62000	307.00000
38.63000	299.00000
38.64000	313.00000
38.65000	310.00000
38.66000	351.00000
38.67000	394.00000
38.68000	399.00000
38.69000	422.00000
38.70000	443.00000
38.71000	426.00000
38.72000	437.00000
38.73000	439.00000
38.74000	456.00000
38.75000	457.00000
38.76000	443.00000
38.77000	439.00000
38.78000	382.00000
38.79000	357.00000
38.80000	359.00000
38.81000	324.00000
38.82000	318.00000
38.83000	316.00000
38.84000	296.00000
38.85000	296.00000
38.86000	302.00000
38.87000	316.00000
38.88000	329.00000
38.89000	326.00000
38.90000	330.00000
38.91000	315.00000
38.92000	313.00000
38.93000	309.00000
38.94000	297.00000
38.95000	299.00000
38.96000	287.00000
38.97000	276.00000
38.98000	262.00000
38.99000	260.00000
39.00000	282.00000
39.01000	254.00000
39.02000	232.00000
39.03000	258.00000
39.04000	260.00000
39.05000	275.00000
39.06000	283.00000
39.07000	252.00000
39.08000	263.00000
39.09000	289.00000
39.10000	249.00000
39.11000	254.00000
39.12000	254.00000
39.13000	263.00000
39.14000	266.00000
39.15000	269.00000
39.16000	317.00000
39.17000	324.00000
39.18000	323.00000
39.19000	338.00000
39.20000	307.00000
39.21000	320.00000
39.22000	276.00000
39.23000	293.00000
39.24000	284.00000
39.25000	271.00000
39.26000	250.00000
39.27000	267.00000
39.28000	256.00000
39.29000	249.00000
39.30000	244.00000
39.31000	219.00000
39.32000	234.00000
39.33000	248.00000
39.34000	269.00000
39.35000	282.00000
39.36000	259.00000
39.37000	285.00000
39.38000	305.00000
39.39000	310.00000
39.40000	369.00000
39.41000	367.00000
39.42000	393.00000
39.43000	418.00000
39.44000	415.00000
39.45000	419.00000
39.46000	404.00000
39.47000	413.00000
39.48000	385.00000
39.49000	404.00000
39.50000	326.00000
39.51000	365.00000
39.52000	341.00000
39.53000	307.00000
39.54000	302.00000
39.55000	285.00000
39.56000	284.00000
39.57000	281.00000
39.58000	262.00000
39.59000	287.00000
39.60000	262.00000
39.61000	265.00000
39.62000	253.00000
39.63000	265.00000
39.64000	302.00000
39.65000	315.00000
39.66000	290.00000
39.67000	353.00000
39.68000	308.00000
39.69000	322.00000
39.70000	354.00000
39.71000	338.00000
39.72000	304.00000
39.73000	296.00000
39.74000	309.00000
39.75000	272.00000
39.76000	242.00000
39.77000	300.00000
39.78000	269.00000
39.79000	251.00000
39.80000	276.00000
39.81000	289.00000
39.82000	289.00000
39.83000	282.00000
39.84000	280.00000
39.85000	314.00000
39.86000	305.00000
39.87000	270.00000
39.88000	297.00000
39.89000	272.00000
39.90000	279.00000
39.91000	277.00000
39.92000	283.00000
39.93000	288.00000
39.94000	329.00000
39.95000	298.00000
39.96000	298.00000
39.97000	286.00000
39.98000	288.00000
39.99000	276.00000
40.00000	298.00000
40.01000	300.00000
40.02000	282.00000
40.03000	257.00000
40.04000	253.00000
40.05000	277.00000
40.06000	270.00000
40.07000	218.00000
40.08000	256.00000
40.09000	257.00000
40.10000	253.00000
40.11000	252.00000
40.12000	256.00000
40.13000	251.00000
40.14000	255.00000
40.15000	271.00000
40.16000	231.00000
40.17000	252.00000
40.18000	248.00000
40.19000	249.00000
40.20000	244.00000
40.21000	245.00000
40.22000	256.00000
40.23000	246.00000
40.24000	253.00000
40.25000	290.00000
40.26000	303.00000
40.27000	298.00000
40.28000	283.00000
40.29000	322.00000
40.30000	319.00000
40.31000	317.00000
40.32000	298.00000
40.33000	285.00000
40.34000	286.00000
40.35000	267.00000
40.36000	285.00000
40.37000	243.00000
40.38000	246.00000
40.39000	263.00000
40.40000	283.00000
40.41000	269.00000
40.42000	271.00000
40.43000	283.00000
40.44000	264.00000
40.45000	310.00000
40.46000	317.00000
40.47000	337.00000
40.48000	324.00000
40.49000	322.00000
40.50000	339.00000
40.51000	296.00000
40.52000	297.00000
40.53000	318.00000
40.54000	282.00000
40.55000	309.00000
40.56000	267.00000
40.57000	275.00000
40.58000	282.00000
40.59000	279.00000
40.60000	257.00000
40.61000	254.00000
40.62000	254.00000
40.63000	255.00000
40.64000	255.00000
40.65000	254.00000
40.66000	266.00000
40.67000	293.00000
40.68000	325.00000
40.69000	351.00000
40.70000	343.00000
40.71000	357.00000
40.72000	437.00000
40.73000	442.00000
40.74000	467.00000
40.75000	447.00000
40.76000	445.00000
40.77000	353.00000
40.78000	346.00000
40.79000	354.00000
40.80000	322.00000
40.81000	327.00000
40.82000	302.00000
40.83000	272.00000
40.84000	261.00000
40.85000	241.00000
40.86000	257.00000
40.87000	242.00000
40.88000	239.00000
40.89000	221.00000
40.90000	221.00000
40.91000	242.00000
40.92000	254.00000
40.93000	283.00000
40.94000	260.00000
40.95000	232.00000
40.96000	242.00000
40.97000	253.00000
40.98000	235.00000
40.99000	259.00000
41.00000	254.00000
41.01000	264.00000
41.02000	274.00000
41.03000	287.00000
41.04000	315.00000
41.05000	304.00000
41.06000	302.00000
41.07000	303.00000
41.08000	326.00000
41.09000	308.00000
41.10000	299.00000
41.11000	274.00000
41.12000	282.00000
41.13000	269.00000
41.14000	297.00000
41.15000	249.00000
41.16000	240.00000
41.17000	242.00000
41.18000	238.00000
41.19000	232.00000
41.20000	246.00000
41.21000	270.00000
41.22000	267.00000
41.23000	262.00000
41.24000	251.00000
41.25000	268.00000
41.26000	268.00000
41.27000	291.00000
41.28000	297.00000
41.29000	298.00000
41.30000	358.00000
41.31000	384.00000
41.32000	424.00000
41.33000	415.00000
41.34000	438.00000
41.35000	462.00000
41.36000	505.00000
41.37000	569.00000
41.38000	480.00000
41.39000	519.00000
41.40000	519.00000
41.41000	477.00000
41.42000	460.00000
41.43000	448.00000
41.44000	440.00000
41.45000	416.00000
41.46000	365.00000
41.47000	332.00000
41.48000	332.00000
41.49000	292.00000
41.50000	284.00000
41.51000	283.00000
41.52000	277.00000
41.53000	265.00000
41.54000	239.00000
41.55000	259.00000
41.56000	225.00000
41.57000	260.00000
41.58000	256.00000
41.59000	226.00000
41.60000	242.00000
41.61000	272.00000
41.62000	244.00000
41.63000	247.00000
41.64000	244.00000
41.65000	245.00000
41.66000	246.00000
41.67000	245.00000
41.68000	223.00000
41.69000	254.00000
41.70000	260.00000
41.71000	261.00000
41.72000	265.00000
41.73000	235.00000
41.74000	245.00000
41.75000	257.00000
41.76000	242.00000
41.77000	237.00000
41.78000	262.00000
41.79000	244.00000
41.80000	231.00000
41.81000	242.00000
41.82000	234.00000
41.83000	254.00000
41.84000	245.00000
41.85000	256.00000
41.86000	219.00000
41.87000	244.00000
41.88000	257.00000
41.89000	265.00000
41.90000	271.00000
41.91000	249.00000
41.92000	229.00000
41.93000	241.00000
41.94000	240.00000
41.95000	242.00000
41.96000	233.00000
41.97000	259.00000
41.98000	252.00000
41.99000	223.00000
42.00000	265.00000
42.01000	243.00000
42.02000	217.00000
42.03000	247.00000
42.04000	268.00000
42.05000	259.00000
42.06000	254.00000
42.07000	269.00000
42.08000	266.00000
42.09000	280.00000
42.10000	278.00000
42.11000	293.00000
42.12000	299.00000
42.13000	282.00000
42.14000	311.00000
42.15000	321.00000
42.16000	328.00000
42.17000	330.00000
42.18000	306.00000
42.19000	343.00000
42.20000	302.00000
42.21000	292.00000
42.22000	333.00000
42.23000	311.00000
42.24000	312.00000
42.25000	306.00000
42.26000	314.00000
42.27000	312.00000
42.28000	274.00000
42.29000	332.00000
42.30000	342.00000
42.31000	279.00000
42.32000	264.00000
42.33000	256.00000
42.34000	276.00000
42.35000	268.00000
42.36000	274.00000
42.37000	238.00000
42.38000	244.00000
42.39000	251.00000
42.40000	239.00000
42.41000	236.00000
42.42000	239.00000
42.43000	227.00000
42.44000	225.00000
42.45000	249.00000
42.46000	259.00000
42.47000	230.00000
42.48000	245.00000
42.49000	271.00000
42.50000	267.00000
42.51000	261.00000
42.52000	256.00000
42.53000	273.00000
42.54000	250.00000
42.55000	284.00000
42.56000	284.00000
42.57000	297.00000
42.58000	304.00000
42.59000	330.00000
42.60000	293.00000
42.61000	326.00000
42.62000	299.00000
42.63000	271.00000
42.64000	310.00000
42.65000	279.00000
42.66000	319.00000
42.67000	327.00000
42.68000	349.00000
42.69000	353.00000
42.70000	348.00000
42.71000	361.00000
42.72000	351.00000
42.73000	331.00000
42.74000	355.00000
42.75000	372.00000
42.76000	309.00000
42.77000	308.00000
42.78000	316.00000
42.79000	280.00000
42.80000	296.00000
42.81000	309.00000
42.82000	307.00000
42.83000	332.00000
42.84000	328.00000
42.85000	364.00000
42.86000	332.00000
42.87000	359.00000
42.88000	380.00000
42.89000	373.00000
42.90000	385.00000
42.91000	361.00000
42.92000	368.00000
42.93000	341.00000
42.94000	313.00000
42.95000	295.00000
42.96000	303.00000
42.97000	279.00000
42.98000	264.00000
42.99000	285.00000
43.00000	291.00000
43.01000	271.00000
43.02000	276.00000
43.03000	302.00000
43.04000	319.00000
43.05000	291.00000
43.06000	290.00000
43.07000	322.00000
43.08000	359.00000
43.09000	357.00000
43.10000	378.00000
43.11000	370.00000
43.12000	399.00000
43.13000	438.00000
43.14000	426.00000
43.15000	410.00000
43.16000	428.00000
43.17000	453.00000
43.18000	415.00000
43.19000	447.00000
43.20000	428.00000
43.21000	394.00000
43.22000	391.00000
43.23000	370.00000
43.24000	342.00000
43.25000	337.00000
43.26000	340.00000
43.27000	323.00000
43.28000	283.00000
43.29000	299.00000
43.30000	268.00000
43.31000	315.00000
43.32000	267.00000
43.33000	256.00000
43.34000	267.00000
43.35000	244.00000
43.36000	246.00000
43.37000	244.00000
43.38000	276.00000
43.39000	267.00000
43.40000	245.00000
43.41000	255.00000
43.42000	264.00000
43.43000	285.00000
43.44000	255.00000
43.45000	267.00000
43.46000	271.00000
43.47000	289.00000
43.48000	313.00000
43.49000	311.00000
43.50000	347.00000
43.51000	349.00000
43.52000	370.00000
43.53000	391.00000
43.54000	391.00000
43.55000	448.00000
43.56000	429.00000
43.57000	426.00000
43.58000	395.00000
43.59000	430.00000
43.60000	413.00000
43.61000	414.00000
43.62000	368.00000
43.63000	359.00000
43.64000	353.00000
43.65000	272.00000
43.66000	317.00000
43.67000	288.00000
43.68000	300.00000
43.69000	281.00000
43.70000	282.00000
43.71000	285.00000
43.72000	323.00000
43.73000	296.00000
43.74000	306.00000
43.75000	322.00000
43.76000	318.00000
43.77000	314.00000
43.78000	301.00000
43.79000	312.00000
43.80000	311.00000
43.81000	295.00000
43.82000	290.00000
43.83000	281.00000
43.84000	275.00000
43.85000	273.00000
43.86000	278.00000
43.87000	275.00000
43.88000	266.00000
43.89000	226.00000
43.90000	246.00000
43.91000	268.00000
43.92000	266.00000
43.93000	246.00000
43.94000	273.00000
43.95000	282.00000
43.96000	282.00000
43.97000	236.00000
43.98000	271.00000
43.99000	266.00000
44.00000	290.00000
44.01000	309.00000
44.02000	301.00000
44.03000	304.00000
44.04000	342.00000
44.05000	369.00000
44.06000	351.00000
44.07000	399.00000
44.08000	377.00000
44.09000	395.00000
44.10000	407.00000
44.11000	417.00000
44.12000	400.00000
44.13000	361.00000
44.14000	369.00000
44.15000	327.00000
44.16000	324.00000
44.17000	330.00000
44.18000	338.00000
44.19000	307.00000
44.20000	324.00000
44.21000	305.00000
44.22000	311.00000
44.23000	340.00000
44.24000	300.00000
44.25000	305.00000
44.26000	324.00000
44.27000	309.00000
44.28000	333.00000
44.29000	316.00000
44.30000	294.00000
44.31000	325.00000
44.32000	298.00000
44.33000	323.00000
44.34000	318.00000
44.35000	309.00000
44.36000	309.00000
44.37000	286.00000
44.38000	286.00000
44.39000	339.00000
44.40000	302.00000
44.41000	322.00000
44.42000	369.00000
44.43000	355.00000
44.44000	354.00000
44.45000	443.00000
44.46000	452.00000
44.47000	431.00000
44.48000	401.00000
44.49000	399.00000
44.50000	370.00000
44.51000	373.00000
44.52000	322.00000
44.53000	311.00000
44.54000	320.00000
44.55000	289.00000
44.56000	250.00000
44.57000	260.00000
44.58000	233.00000
44.59000	282.00000
44.60000	278.00000
44.61000	273.00000
44.62000	276.00000
44.63000	261.00000
44.64000	268.00000
44.65000	278.00000
44.66000	269.00000
44.67000	273.00000
44.68000	283.00000
44.69000	282.00000
44.70000	267.00000
44.71000	278.00000
44.72000	295.00000
44.73000	315.00000
44.74000	273.00000
44.75000	306.00000
44.76000	299.00000
44.77000	304.00000
44.78000	347.00000
44.79000	300.00000
44.80000	340.00000
44.81000	331.00000
44.82000	328.00000
44.83000	334.00000
44.84000	313.00000
44.85000	308.00000
44.86000	306.00000
44.87000	292.00000
44.88000	264.00000
44.89000	295.00000
44.90000	280.00000
44.91000	287.00000
44.92000	268.00000
44.93000	275.00000
44.94000	268.00000
44.95000	277.00000
44.96000	281.00000
44.97000	294.00000
44.98000	313.00000
44.99000	283.00000
45.00000	303.00000
45.01000	319.00000
45.02000	314.00000
45.03000	344.00000
45.04000	354.00000
45.05000	339.00000
45.06000	318.00000
45.07000	326.00000
45.08000	299.00000
45.09000	292.00000
45.10000	295.00000
45.11000	282.00000
45.12000	302.00000
45.13000	293.00000
45.14000	286.00000
45.15000	252.00000
45.16000	261.00000
45.17000	272.00000
45.18000	273.00000
45.19000	283.00000
45.20000	290.00000
45.21000	309.00000
45.22000	312.00000
45.23000	292.00000
45.24000	280.00000
45.25000	281.00000
45.26000	267.00000
45.27000	261.00000
45.28000	284.00000
45.29000	269.00000
45.30000	252.00000
45.31000	286.00000
45.32000	282.00000
45.33000	266.00000
45.34000	243.00000
45.35000	243.00000
45.36000	258.00000
45.37000	279.00000
45.38000	253.00000
45.39000	243.00000
45.40000	279.00000
45.41000	298.00000
45.42000	296.00000
45.43000	334.00000
45.44000	339.00000
45.45000	358.00000
45.46000	376.00000
45.47000	359.00000
45.48000	380.00000
45.49000	345.00000
45.50000	394.00000
45.51000	334.00000
45.52000	323.00000
45.53000	333.00000
45.54000	300.00000
45.55000	277.00000
45.56000	275.00000
45.57000	264.00000
45.58000	259.00000
45.59000	269.00000
45.60000	285.00000
45.61000	247.00000
45.62000	252.00000
45.63000	253.00000
45.64000	269.00000
45.65000	252.00000
45.66000	238.00000
45.67000	242.00000
45.68000	269.00000
45.69000	241.00000
45.70000	238.00000
45.71000	259.00000
45.72000	256.00000
45.73000	254.00000
45.74000	303.00000
45.75000	295.00000
45.76000	261.00000
45.77000	243.00000
45.78000	242.00000
45.79000	235.00000
45.80000	277.00000
45.81000	252.00000
45.82000	251.00000
45.83000	264.00000
45.84000	271.00000
45.85000	259.00000
45.86000	273.00000
45.87000	284.00000
45.88000	268.00000
45.89000	244.00000
45.90000	251.00000
45.91000	234.00000
45.92000	261.00000
45.93000	258.00000
45.94000	268.00000
45.95000	259.00000
45.96000	263.00000
45.97000	282.00000
45.98000	277.00000
45.99000	277.00000
46.00000	263.00000
46.01000	277.00000
46.02000	279.00000
46.03000	270.00000
46.04000	296.00000
46.05000	300.00000
46.06000	293.00000
46.07000	277.00000
46.08000	280.00000
46.09000	254.00000
46.10000	253.00000
46.11000	282.00000
46.12000	269.00000
46.13000	231.00000
46.14000	245.00000
46.15000	273.00000
46.16000	260.00000
46.17000	267.00000
46.18000	230.00000
46.19000	265.00000
46.20000	266.00000
46.21000	266.00000
46.22000	271.00000
46.23000	268.00000
46.24000	267.00000
46.25000	274.00000
46.26000	268.00000
46.27000	262.00000
46.28000	271.00000
46.29000	269.00000
46.30000	273.00000
46.31000	228.00000
46.32000	259.00000
46.33000	296.00000
46.34000	304.00000
46.35000	274.00000
46.36000	286.00000
46.37000	311.00000
46.38000	318.00000
46.39000	322.00000
46.40000	322.00000
46.41000	337.00000
46.42000	372.00000
46.43000	332.00000
46.44000	328.00000
46.45000	334.00000
46.46000	303.00000
46.47000	310.00000
46.48000	301.00000
46.49000	297.00000
46.50000	301.00000
46.51000	252.00000
46.52000	257.00000
46.53000	261.00000
46.54000	250.00000
46.55000	255.00000
46.56000	238.00000
46.57000	240.00000
46.58000	273.00000
46.59000	237.00000
46.60000	260.00000
46.61000	219.00000
46.62000	231.00000
46.63000	256.00000
46.64000	245.00000
46.65000	227.00000
46.66000	242.00000
46.67000	259.00000
46.68000	253.00000
46.69000	261.00000
46.70000	246.00000
46.71000	270.00000
46.72000	274.00000
46.73000	300.00000
46.74000	289.00000
46.75000	264.00000
46.76000	285.00000
46.77000	306.00000
46.78000	285.00000
46.79000	280.00000
46.80000	292.00000
46.81000	312.00000
46.82000	211.00000
46.83000	248.00000
46.84000	258.00000
46.85000	259.00000
46.86000	223.00000
46.87000	230.00000
46.88000	280.00000
46.89000	283.00000
46.90000	297.00000
46.91000	289.00000
46.92000	306.00000
46.93000	264.00000
46.94000	320.00000
46.95000	300.00000
46.96000	280.00000
46.97000	282.00000
46.98000	242.00000
46.99000	248.00000
47.00000	256.00000
47.01000	286.00000
47.02000	227.00000
47.03000	279.00000
47.04000	275.00000
47.05000	275.00000
47.06000	246.00000
47.07000	250.00000
47.08000	267.00000
47.09000	295.00000
47.10000	293.00000
47.11000	308.00000
47.12000	321.00000
47.13000	360.00000
47.14000	345.00000
47.15000	334.00000
47.16000	380.00000
47.17000	386.00000
47.18000	394.00000
47.19000	383.00000
47.20000	355.00000
47.21000	352.00000
47.22000	305.00000
47.23000	331.00000
47.24000	321.00000
47.25000	303.00000
47.26000	299.00000
47.27000	308.00000
47.28000	303.00000
47.29000	347.00000
47.30000	318.00000
47.31000	311.00000
47.32000	327.00000
47.33000	347.00000
47.34000	324.00000
47.35000	323.00000
47.36000	281.00000
47.37000	285.00000
47.38000	287.00000
47.39000	288.00000
47.40000	271.00000
47.41000	265.00000
47.42000	262.00000
47.43000	274.00000
47.44000	225.00000
47.45000	260.00000
47.46000	255.00000
47.47000	249.00000
47.48000	273.00000
47.49000	235.00000
47.50000	267.00000
47.51000	272.00000
47.52000	313.00000
47.53000	310.00000
47.54000	278.00000
47.55000	285.00000
47.56000	293.00000
47.57000	272.00000
47.58000	293.00000
47.59000	305.00000
47.60000	301.00000
47.61000	270.00000
47.62000	271.00000
47.63000	283.00000
47.64000	280.00000
47.65000	259.00000
47.66000	257.00000
47.67000	249.00000
47.68000	268.00000
47.69000	279.00000
47.70000	268.00000
47.71000	285.00000
47.72000	262.00000
47.73000	263.00000
47.74000	283.00000
47.75000	287.00000
47.76000	288.00000
47.77000	320.00000
47.78000	302.00000
47.79000	319.00000
47.80000	325.00000
47.81000	304.00000
47.82000	321.00000
47.83000	343.00000
47.84000	302.00000
47.85000	320.00000
47.86000	337.00000
47.87000	332.00000
47.88000	374.00000
47.89000	378.00000
47.90000	396.00000
47.91000	372.00000
47.92000	353.00000
47.93000	377.00000
47.94000	377.00000
47.95000	363.00000
47.96000	379.00000
47.97000	367.00000
47.98000	310.00000
47.99000	340.00000
48.00000	351.00000
48.01000	321.00000
48.02000	335.00000
48.03000	260.00000
48.04000	292.00000
48.05000	268.00000
48.06000	242.00000
48.07000	257.00000
48.08000	252.00000
48.09000	255.00000
48.10000	252.00000
48.11000	243.00000
48.12000	239.00000
48.13000	243.00000
48.14000	254.00000
48.15000	255.00000
48.16000	252.00000
48.17000	245.00000
48.18000	230.00000
48.19000	242.00000
48.20000	231.00000
48.21000	227.00000
48.22000	224.00000
48.23000	231.00000
48.24000	228.00000
48.25000	245.00000
48.26000	226.00000
48.27000	250.00000
48.28000	244.00000
48.29000	238.00000
48.30000	254.00000
48.31000	248.00000
48.32000	254.00000
48.33000	270.00000
48.34000	230.00000
48.35000	252.00000
48.36000	244.00000
48.37000	236.00000
48.38000	266.00000
48.39000	242.00000
48.40000	238.00000
48.41000	237.00000
48.42000	252.00000
48.43000	232.00000
48.44000	263.00000
48.45000	276.00000
48.46000	248.00000
48.47000	246.00000
48.48000	262.00000
48.49000	269.00000
48.50000	241.00000
48.51000	276.00000
48.52000	227.00000
48.53000	219.00000
48.54000	231.00000
48.55000	252.00000
48.56000	257.00000
48.57000	227.00000
48.58000	248.00000
48.59000	266.00000
48.60000	283.00000
48.61000	265.00000
48.62000	291.00000
48.63000	263.00000
48.64000	258.00000
48.65000	263.00000
48.66000	280.00000
48.67000	278.00000
48.68000	263.00000
48.69000	256.00000
48.70000	281.00000
48.71000	273.00000
48.72000	253.00000
48.73000	284.00000
48.74000	281.00000
48.75000	271.00000
48.76000	276.00000
48.77000	257.00000
48.78000	252.00000
48.79000	292.00000
48.80000	284.00000
48.81000	283.00000
48.82000	273.00000
48.83000	253.00000
48.84000	273.00000
48.85000	244.00000
48.86000	267.00000
48.87000	261.00000
48.88000	211.00000
48.89000	249.00000
48.90000	252.00000
48.91000	256.00000
48.92000	277.00000
48.93000	281.00000
48.94000	309.00000
48.95000	332.00000
48.96000	300.00000
48.97000	284.00000
48.98000	288.00000
48.99000	288.00000
49.00000	289.00000
49.01000	288.00000
49.02000	271.00000
49.03000	275.00000
49.04000	265.00000
49.05000	294.00000
49.06000	305.00000
49.07000	307.00000
49.08000	313.00000
49.09000	350.00000
49.10000	320.00000
49.11000	330.00000
49.12000	325.00000
49.13000	295.00000
49.14000	311.00000
49.15000	321.00000
49.16000	277.00000
49.17000	261.00000
49.18000	297.00000
49.19000	280.00000
49.20000	270.00000
49.21000	276.00000
49.22000	270.00000
49.23000	303.00000
49.24000	256.00000
49.25000	278.00000
49.26000	282.00000
49.27000	259.00000
49.28000	288.00000
49.29000	286.00000
49.30000	288.00000
49.31000	270.00000
49.32000	266.00000
49.33000	269.00000
49.34000	275.00000
49.35000	262.00000
49.36000	243.00000
49.37000	272.00000
49.38000	262.00000
49.39000	268.00000
49.40000	254.00000
49.41000	283.00000
49.42000	235.00000
49.43000	240.00000
49.44000	226.00000
49.45000	284.00000
49.46000	246.00000
49.47000	229.00000
49.48000	262.00000
49.49000	241.00000
49.50000	242.00000
49.51000	231.00000
49.52000	231.00000
49.53000	214.00000
49.54000	229.00000
49.55000	241.00000
49.56000	237.00000
49.57000	250.00000
49.58000	256.00000
49.59000	237.00000
49.60000	247.00000
49.61000	262.00000
49.62000	273.00000
49.63000	296.00000
49.64000	295.00000
49.65000	308.00000
49.66000	309.00000
49.67000	347.00000
49.68000	380.00000
49.69000	387.00000
49.70000	316.00000
49.71000	371.00000
49.72000	334.00000
49.73000	342.00000
49.74000	344.00000
49.75000	315.00000
49.76000	277.00000
49.77000	286.00000
49.78000	303.00000
49.79000	268.00000
49.80000	251.00000
49.81000	252.00000
49.82000	254.00000
49.83000	263.00000
49.84000	255.00000
49.85000	269.00000
49.86000	253.00000
49.87000	270.00000
49.88000	290.00000
49.89000	278.00000
49.90000	280.00000
49.91000	277.00000
49.92000	302.00000
49.93000	296.00000
49.94000	335.00000
49.95000	323.00000
49.96000	328.00000
49.97000	348.00000
49.98000	343.00000
49.99000	309.00000
50.00000	318.00000
50.01000	302.00000
50.02000	277.00000
50.03000	271.00000
50.04000	271.00000
50.05000	247.00000
50.06000	257.00000
50.07000	278.00000
50.08000	267.00000
50.09000	278.00000
50.10000	260.00000
50.11000	273.00000
50.12000	296.00000
50.13000	317.00000
50.14000	304.00000
50.15000	293.00000
50.16000	269.00000
50.17000	282.00000
50.18000	275.00000
50.19000	248.00000
50.20000	278.00000
50.21000	276.00000
50.22000	244.00000
50.23000	249.00000
50.24000	227.00000
50.25000	254.00000
50.26000	271.00000
50.27000	279.00000
50.28000	255.00000
50.29000	259.00000
50.30000	240.00000
50.31000	263.00000
50.32000	237.00000
50.33000	264.00000
50.34000	268.00000
50.35000	297.00000
50.36000	288.00000
50.37000	291.00000
50.38000	328.00000
50.39000	318.00000
50.40000	329.00000
50.41000	340.00000
50.42000	338.00000
50.43000	310.00000
50.44000	332.00000
50.45000	307.00000
50.46000	307.00000
50.47000	300.00000
50.48000	279.00000
50.49000	291.00000
50.50000	314.00000
50.51000	255.00000
50.52000	278.00000
50.53000	262.00000
50.54000	242.00000
50.55000	270.00000
50.56000	264.00000
50.57000	262.00000
50.58000	260.00000
50.59000	289.00000
50.60000	268.00000
50.61000	279.00000
50.62000	293.00000
50.63000	296.00000
50.64000	297.00000
50.65000	284.00000
50.66000	312.00000
50.67000	287.00000
50.68000	317.00000
50.69000	278.00000
50.70000	266.00000
50.71000	298.00000
50.72000	287.00000
50.73000	267.00000
50.74000	293.00000
50.75000	304.00000
50.76000	298.00000
50.77000	313.00000
50.78000	289.00000
50.79000	299.00000
50.80000	333.00000
50.81000	347.00000
50.82000	336.00000
50.83000	352.00000
50.84000	321.00000
50.85000	307.00000
50.86000	301.00000
50.87000	290.00000
50.88000	281.00000
50.89000	256.00000
50.90000	255.00000
50.91000	276.00000
50.92000	245.00000
50.93000	231.00000
50.94000	244.00000
50.95000	248.00000
50.96000	249.00000
50.97000	240.00000
50.98000	226.00000
50.99000	254.00000
51.00000	237.00000
51.01000	247.00000
51.02000	210.00000
51.03000	216.00000
51.04000	226.00000
51.05000	235.00000
51.06000	228.00000
51.07000	247.00000
51.08000	220.00000
51.09000	234.00000
51.10000	236.00000
51.11000	238.00000
51.12000	226.00000
51.13000	235.00000
51.14000	223.00000
51.15000	225.00000
51.16000	244.00000
51.17000	207.00000
51.18000	217.00000
51.19000	239.00000
51.20000	241.00000
51.21000	227.00000
51.22000	246.00000
51.23000	236.00000
51.24000	226.00000
51.25000	240.00000
51.26000	219.00000
51.27000	228.00000
51.28000	226.00000
51.29000	235.00000
51.30000	231.00000
51.31000	239.00000
51.32000	221.00000
51.33000	251.00000
51.34000	227.00000
51.35000	218.00000
51.36000	234.00000
51.37000	236.00000
51.38000	209.00000
51.39000	214.00000
51.40000	245.00000
51.41000	241.00000
51.42000	218.00000
51.43000	218.00000
51.44000	240.00000
51.45000	237.00000
51.46000	233.00000
51.47000	285.00000
51.48000	252.00000
51.49000	280.00000
51.50000	290.00000
51.51000	280.00000
51.52000	274.00000
51.53000	303.00000
51.54000	307.00000
51.55000	290.00000
51.56000	302.00000
51.57000	260.00000
51.58000	278.00000
51.59000	286.00000
51.60000	260.00000
51.61000	233.00000
51.62000	243.00000
51.63000	251.00000
51.64000	246.00000
51.65000	229.00000
51.66000	252.00000
51.67000	231.00000
51.68000	268.00000
51.69000	274.00000
51.70000	246.00000
51.71000	299.00000
51.72000	291.00000
51.73000	293.00000
51.74000	276.00000
51.75000	302.00000
51.76000	310.00000
51.77000	300.00000
51.78000	352.00000
51.79000	326.00000
51.80000	341.00000
51.81000	345.00000
51.82000	361.00000
51.83000	373.00000
51.84000	360.00000
51.85000	352.00000
51.86000	336.00000
51.87000	338.00000
51.88000	358.00000
51.89000	327.00000
51.90000	326.00000
51.91000	338.00000
51.92000	300.00000
51.93000	287.00000
51.94000	238.00000
51.95000	252.00000
51.96000	244.00000
51.97000	229.00000
51.98000	239.00000
51.99000	227.00000
52.00000	228.00000
52.01000	245.00000
52.02000	251.00000
52.03000	256.00000
52.04000	243.00000
52.05000	232.00000
52.06000	251.00000
52.07000	247.00000
52.08000	224.00000
52.09000	255.00000
52.10000	234.00000
52.11000	222.00000
52.12000	260.00000
52.13000	253.00000
52.14000	251.00000
52.15000	276.00000
52.16000	283.00000
52.17000	304.00000
52.18000	301.00000
52.19000	290.00000
52.20000	294.00000
52.21000	264.00000
52.22000	281.00000
52.23000	267.00000
52.24000	272.00000
52.25000	269.00000
52.26000	269.00000
52.27000	278.00000
52.28000	246.00000
52.29000	251.00000
52.30000	259.00000
52.31000	270.00000
52.32000	257.00000
52.33000	236.00000
52.34000	241.00000
52.35000	238.00000
52.36000	234.00000
52.37000	244.00000
52.38000	221.00000
52.39000	223.00000
52.40000	245.00000
52.41000	243.00000
52.42000	201.00000
52.43000	254.00000
52.44000	238.00000
52.45000	231.00000
52.46000	249.00000
52.47000	223.00000
52.48000	215.00000
52.49000	234.00000
52.50000	244.00000
52.51000	229.00000
52.52000	236.00000
52.53000	226.00000
52.54000	239.00000
52.55000	254.00000
52.56000	257.00000
52.57000	245.00000
52.58000	264.00000
52.59000	264.00000
52.60000	264.00000
52.61000	288.00000
52.62000	293.00000
52.63000	316.00000
52.64000	341.00000
52.65000	333.00000
52.66000	337.00000
52.67000	326.00000
52.68000	336.00000
52.69000	350.00000
52.70000	332.00000
52.71000	350.00000
52.72000	324.00000
52.73000	283.00000
52.74000	317.00000
52.75000	319.00000
52.76000	321.00000
52.77000	350.00000
52.78000	339.00000
52.79000	328.00000
52.80000	362.00000
52.81000	338.00000
52.82000	327.00000
52.83000	336.00000
52.84000	344.00000
52.85000	344.00000
52.86000	338.00000
52.87000	321.00000
52.88000	293.00000
52.89000	269.00000
52.90000	296.00000
52.91000	300.00000
52.92000	274.00000
52.93000	282.00000
52.94000	257.00000
52.95000	263.00000
52.96000	284.00000
52.97000	280.00000
52.98000	259.00000
52.99000	286.00000
53.00000	279.00000
53.01000	263.00000
53.02000	302.00000
53.03000	276.00000
53.04000	312.00000
53.05000	281.00000
53.06000	261.00000
53.07000	276.00000
53.08000	275.00000
53.09000	304.00000
53.10000	307.00000
53.11000	342.00000
53.12000	311.00000
53.13000	323.00000
53.14000	357.00000
53.15000	357.00000
53.16000	368.00000
53.17000	328.00000
53.18000	347.00000
53.19000	327.00000
53.20000	343.00000
53.21000	329.00000
53.22000	301.00000
53.23000	297.00000
53.24000	286.00000
53.25000	271.00000
53.26000	273.00000
53.27000	278.00000
53.28000	280.00000
53.29000	233.00000
53.30000	249.00000
53.31000	259.00000
53.32000	268.00000
53.33000	280.00000
53.34000	246.00000
53.35000	255.00000
53.36000	285.00000
53.37000	268.00000
53.38000	296.00000
53.39000	291.00000
53.40000	293.00000
53.41000	279.00000
53.42000	266.00000
53.43000	262.00000
53.44000	245.00000
53.45000	262.00000
53.46000	240.00000
53.47000	247.00000
53.48000	243.00000
53.49000	241.00000
53.50000	235.00000
53.51000	247.00000
53.52000	240.00000
53.53000	249.00000
53.54000	247.00000
53.55000	240.00000
53.56000	238.00000
53.57000	234.00000
53.58000	231.00000
53.59000	233.00000
53.60000	236.00000
53.61000	229.00000
53.62000	245.00000
53.63000	245.00000
53.64000	233.00000
53.65000	257.00000
53.66000	229.00000
53.67000	204.00000
53.68000	243.00000
53.69000	261.00000
53.70000	277.00000
53.71000	254.00000
53.72000	258.00000
53.73000	240.00000
53.74000	250.00000
53.75000	247.00000
53.76000	243.00000
53.77000	273.00000
53.78000	264.00000
53.79000	276.00000
53.80000	291.00000
53.81000	303.00000
53.82000	308.00000
53.83000	304.00000
53.84000	292.00000
53.85000	314.00000
53.86000	265.00000
53.87000	317.00000
53.88000	317.00000
53.89000	303.00000
53.90000	286.00000
53.91000	274.00000
53.92000	286.00000
53.93000	313.00000
53.94000	272.00000
53.95000	239.00000
53.96000	286.00000
53.97000	269.00000
53.98000	262.00000
53.99000	287.00000
54.00000	281.00000
54.01000	277.00000
54.02000	282.00000
54.03000	264.00000
54.04000	267.00000
54.05000	316.00000
54.06000	274.00000
54.07000	262.00000
54.08000	245.00000
54.09000	261.00000
54.10000	272.00000
54.11000	277.00000
54.12000	236.00000
54.13000	271.00000
54.14000	227.00000
54.15000	236.00000
54.16000	268.00000
54.17000	243.00000
54.18000	269.00000
54.19000	249.00000
54.20000	260.00000
54.21000	266.00000
54.22000	278.00000
54.23000	267.00000
54.24000	289.00000
54.25000	283.00000
54.26000	259.00000
54.27000	262.00000
54.28000	274.00000
54.29000	294.00000
54.30000	263.00000
54.31000	266.00000
54.32000	266.00000
54.33000	259.00000
54.34000	249.00000
54.35000	244.00000
54.36000	237.00000
54.37000	250.00000
54.38000	259.00000
54.39000	241.00000
54.40000	239.00000
54.41000	262.00000
54.42000	252.00000
54.43000	285.00000
54.44000	269.00000
54.45000	271.00000
54.46000	247.00000
54.47000	248.00000
54.48000	277.00000
54.49000	261.00000
54.50000	267.00000
54.51000	286.00000
54.52000	295.00000
54.53000	282.00000
54.54000	254.00000
54.55000	262.00000
54.56000	270.00000
54.57000	296.00000
54.58000	259.00000
54.59000	231.00000
54.60000	266.00000
54.61000	264.00000
54.62000	257.00000
54.63000	251.00000
54.64000	243.00000
54.65000	264.00000
54.66000	224.00000
54.67000	225.00000
54.68000	253.00000
54.69000	261.00000
54.70000	251.00000
54.71000	215.00000
54.72000	212.00000
54.73000	228.00000
54.74000	246.00000
54.75000	245.00000
54.76000	263.00000
54.77000	233.00000
54.78000	223.00000
54.79000	213.00000
54.80000	247.00000
54.81000	244.00000
54.82000	240.00000
54.83000	257.00000
54.84000	248.00000
54.85000	236.00000
54.86000	243.00000
54.87000	266.00000
54.88000	272.00000
54.89000	274.00000
54.90000	283.00000
54.91000	237.00000
54.92000	272.00000
54.93000	262.00000
54.94000	289.00000
54.95000	264.00000
54.96000	246.00000
54.97000	262.00000
54.98000	255.00000
54.99000	245.00000
55.00000	247.00000
55.01000	257.00000
55.02000	262.00000
55.03000	246.00000
55.04000	229.00000
55.05000	253.00000
55.06000	276.00000
55.07000	239.00000
55.08000	228.00000
55.09000	254.00000
55.10000	206.00000
55.11000	230.00000
55.12000	227.00000
55.13000	240.00000
55.14000	229.00000
55.15000	252.00000
55.16000	203.00000
55.17000	215.00000
55.18000	253.00000
55.19000	248.00000
55.20000	241.00000
55.21000	233.00000
55.22000	245.00000
55.23000	225.00000
55.24000	235.00000
55.25000	206.00000
55.26000	232.00000
55.27000	222.00000
55.28000	236.00000
55.29000	246.00000
55.30000	254.00000
55.31000	247.00000
55.32000	261.00000
55.33000	258.00000
55.34000	273.00000
55.35000	255.00000
55.36000	257.00000
55.37000	252.00000
55.38000	253.00000
55.39000	261.00000
55.40000	266.00000
55.41000	279.00000
55.42000	279.00000
55.43000	258.00000
55.44000	257.00000
55.45000	225.00000
55.46000	259.00000
55.47000	257.00000
55.48000	236.00000
55.49000	266.00000
55.50000	248.00000
55.51000	280.00000
55.52000	228.00000
55.53000	248.00000
55.54000	241.00000
55.55000	261.00000
55.56000	228.00000
55.57000	229.00000
55.58000	240.00000
55.59000	250.00000
55.60000	229.00000
55.61000	258.00000
55.62000	243.00000
55.63000	251.00000
55.64000	254.00000
55.65000	243.00000
55.66000	249.00000
55.67000	259.00000
55.68000	240.00000
55.69000	264.00000
55.70000	255.00000
55.71000	286.00000
55.72000	259.00000
55.73000	244.00000
55.74000	269.00000
55.75000	257.00000
55.76000	223.00000
55.77000	228.00000
55.78000	236.00000
55.79000	236.00000
55.80000	259.00000
55.81000	249.00000
55.82000	237.00000
55.83000	261.00000
55.84000	235.00000
55.85000	244.00000
55.86000	285.00000
55.87000	259.00000
55.88000	252.00000
55.89000	259.00000
55.90000	261.00000
55.91000	259.00000
55.92000	276.00000
55.93000	242.00000
55.94000	261.00000
55.95000	290.00000
55.96000	258.00000
55.97000	242.00000
55.98000	260.00000
55.99000	271.00000
56.00000	266.00000
56.01000	247.00000
56.02000	268.00000
56.03000	275.00000
56.04000	236.00000
56.05000	253.00000
56.06000	268.00000
56.07000	240.00000
56.08000	225.00000
56.09000	250.00000
56.10000	256.00000
56.11000	240.00000
56.12000	247.00000
56.13000	248.00000
56.14000	225.00000
56.15000	255.00000
56.16000	237.00000
56.17000	246.00000
56.18000	261.00000
56.19000	256.00000
56.20000	241.00000
56.21000	233.00000
56.22000	242.00000
56.23000	274.00000
56.24000	233.00000
56.25000	251.00000
56.26000	232.00000
56.27000	238.00000
56.28000	245.00000
56.29000	242.00000
56.30000	260.00000
56.31000	240.00000
56.32000	280.00000
56.33000	236.00000
56.34000	286.00000
56.35000	280.00000
56.36000	298.00000
56.37000	311.00000
56.38000	284.00000
56.39000	309.00000
56.40000	308.00000
56.41000	327.00000
56.42000	285.00000
56.43000	272.00000
56.44000	265.00000
56.45000	275.00000
56.46000	252.00000
56.47000	282.00000
56.48000	263.00000
56.49000	289.00000
56.50000	259.00000
56.51000	256.00000
56.52000	268.00000
56.53000	284.00000
56.54000	283.00000
56.55000	271.00000
56.56000	252.00000
56.57000	273.00000
56.58000	276.00000
56.59000	244.00000
56.60000	241.00000
56.61000	231.00000
56.62000	229.00000
56.63000	237.00000
56.64000	238.00000
56.65000	242.00000
56.66000	231.00000
56.67000	220.00000
56.68000	268.00000
56.69000	234.00000
56.70000	253.00000
56.71000	226.00000
56.72000	214.00000
56.73000	223.00000
56.74000	227.00000
56.75000	240.00000
56.76000	244.00000
56.77000	249.00000
56.78000	226.00000
56.79000	234.00000
56.80000	225.00000
56.81000	239.00000
56.82000	227.00000
56.83000	248.00000
56.84000	243.00000
56.85000	226.00000
56.86000	267.00000
56.87000	237.00000
56.88000	246.00000
56.89000	274.00000
56.90000	261.00000
56.91000	263.00000
56.92000	265.00000
56.93000	273.00000
56.94000	281.00000
56.95000	285.00000
56.96000	298.00000
56.97000	269.00000
56.98000	287.00000
56.99000	310.00000
57.00000	304.00000
57.01000	272.00000
57.02000	286.00000
57.03000	270.00000
57.04000	298.00000
57.05000	281.00000
57.06000	299.00000
57.07000	303.00000
57.08000	300.00000
57.09000	303.00000
57.10000	307.00000
57.11000	310.00000
57.12000	274.00000
57.13000	319.00000
57.14000	276.00000
57.15000	278.00000
57.16000	244.00000
57.17000	255.00000
57.18000	227.00000
57.19000	249.00000
57.20000	241.00000
57.21000	240.00000
57.22000	229.00000
57.23000	235.00000
57.24000	240.00000
57.25000	233.00000
57.26000	240.00000
57.27000	251.00000
57.28000	270.00000
57.29000	221.00000
57.30000	221.00000
57.31000	223.00000
57.32000	235.00000
57.33000	224.00000
57.34000	231.00000
57.35000	209.00000
57.36000	238.00000
57.37000	221.00000
57.38000	235.00000
57.39000	227.00000
57.40000	234.00000
57.41000	213.00000
57.42000	223.00000
57.43000	213.00000
57.44000	225.00000
57.45000	241.00000
57.46000	215.00000
57.47000	210.00000
57.48000	226.00000
57.49000	212.00000
57.50000	224.00000
57.51000	225.00000
57.52000	222.00000
57.53000	240.00000
57.54000	203.00000
57.55000	238.00000
57.56000	258.00000
57.57000	249.00000
57.58000	238.00000
57.59000	270.00000
57.60000	220.00000
57.61000	234.00000
57.62000	248.00000
57.63000	230.00000
57.64000	238.00000
57.65000	253.00000
57.66000	238.00000
57.67000	235.00000
57.68000	233.00000
57.69000	214.00000
57.70000	235.00000
57.71000	220.00000
57.72000	249.00000
57.73000	237.00000
57.74000	226.00000
57.75000	259.00000
57.76000	239.00000
57.77000	232.00000
57.78000	224.00000
57.79000	228.00000
57.80000	223.00000
57.81000	232.00000
57.82000	261.00000
57.83000	248.00000
57.84000	235.00000
57.85000	243.00000
57.86000	230.00000
57.87000	239.00000
57.88000	262.00000
57.89000	248.00000
57.90000	229.00000
57.91000	233.00000
57.92000	254.00000
57.93000	244.00000
57.94000	218.00000
57.95000	235.00000
57.96000	258.00000
57.97000	232.00000
57.98000	230.00000
57.99000	212.00000
58.00000	224.00000
58.01000	257.00000
58.02000	239.00000
58.03000	228.00000
58.04000	222.00000
58.05000	246.00000
58.06000	222.00000
58.07000	210.00000
58.08000	209.00000
58.09000	226.00000
58.10000	221.00000
58.11000	220.00000
58.12000	235.00000
58.13000	236.00000
58.14000	235.00000
58.15000	223.00000
58.16000	234.00000
58.17000	235.00000
58.18000	257.00000
58.19000	254.00000
58.20000	247.00000
58.21000	256.00000
58.22000	259.00000
58.23000	235.00000
58.24000	237.00000
58.25000	273.00000
58.26000	260.00000
58.27000	255.00000
58.28000	236.00000
58.29000	263.00000
58.30000	259.00000
58.31000	264.00000
58.32000	245.00000
58.33000	252.00000
58.34000	256.00000
58.35000	250.00000
58.36000	253.00000
58.37000	225.00000
58.38000	244.00000
58.39000	235.00000
58.40000	237.00000
58.41000	255.00000
58.42000	228.00000
58.43000	240.00000
58.44000	206.00000
58.45000	237.00000
58.46000	187.00000
58.47000	195.00000
58.48000	238.00000
58.49000	239.00000
58.50000	231.00000
58.51000	245.00000
58.52000	196.00000
58.53000	220.00000
58.54000	247.00000
58.55000	235.00000
58.56000	202.00000
58.57000	237.00000
58.58000	257.00000
58.59000	240.00000
58.60000	236.00000
58.61000	239.00000
58.62000	232.00000
58.63000	258.00000
58.64000	248.00000
58.65000	254.00000
58.66000	274.00000
58.67000	268.00000
58.68000	249.00000
58.69000	247.00000
58.70000	260.00000
58.71000	230.00000
58.72000	239.00000
58.73000	261.00000
58.74000	242.00000
58.75000	264.00000
58.76000	231.00000
58.77000	227.00000
58.78000	225.00000
58.79000	274.00000
58.80000	291.00000
58.81000	221.00000
58.82000	241.00000
58.83000	241.00000
58.84000	260.00000
58.85000	227.00000
58.86000	199.00000
58.87000	210.00000
58.88000	209.00000
58.89000	226.00000
58.90000	224.00000
58.91000	219.00000
58.92000	211.00000
58.93000	198.00000
58.94000	204.00000
58.95000	208.00000
58.96000	265.00000
58.97000	236.00000
58.98000	225.00000
58.99000	221.00000
59.00000	234.00000
59.01000	231.00000
59.02000	254.00000
59.03000	253.00000
59.04000	245.00000
59.05000	224.00000
59.06000	256.00000
59.07000	244.00000
59.08000	274.00000
59.09000	302.00000
59.10000	267.00000
59.11000	243.00000
59.12000	255.00000
59.13000	256.00000
59.14000	259.00000
59.15000	258.00000
59.16000	264.00000
59.17000	246.00000
59.18000	250.00000
59.19000	234.00000
59.20000	240.00000
59.21000	251.00000
59.22000	253.00000
59.23000	230.00000
59.24000	220.00000
59.25000	212.00000
59.26000	209.00000
59.27000	238.00000
59.28000	237.00000
59.29000	244.00000
59.30000	258.00000
59.31000	249.00000
59.32000	230.00000
59.33000	257.00000
59.34000	236.00000
59.35000	272.00000
59.36000	265.00000
59.37000	248.00000
59.38000	273.00000
59.39000	251.00000
59.40000	239.00000
59.41000	240.00000
59.42000	250.00000
59.43000	236.00000
59.44000	252.00000
59.45000	244.00000
59.46000	256.00000
59.47000	232.00000
59.48000	219.00000
59.49000	221.00000
59.50000	230.00000
59.51000	245.00000
59.52000	230.00000
59.53000	221.00000
59.54000	221.00000
59.55000	245.00000
59.56000	225.00000
59.57000	228.00000
59.58000	245.00000
59.59000	241.00000
59.60000	243.00000
59.61000	223.00000
59.62000	251.00000
59.63000	238.00000
59.64000	249.00000
59.65000	244.00000
59.66000	240.00000
59.67000	248.00000
59.68000	230.00000
59.69000	239.00000
59.70000	211.00000
59.71000	259.00000
59.72000	232.00000
59.73000	248.00000
59.74000	235.00000
59.75000	237.00000
59.76000	240.00000
59.77000	209.00000
59.78000	227.00000
59.79000	236.00000
59.80000	241.00000
59.81000	239.00000
59.82000	216.00000
59.83000	217.00000
59.84000	247.00000
59.85000	226.00000
59.86000	257.00000
59.87000	220.00000
59.88000	218.00000
59.89000	227.00000
