3.00000	3141.00000
3.01000	3278.00000
3.02000	3329.00000
3.03000	3233.00000
3.04000	3178.00000
3.05000	3182.00000
3.06000	3212.00000
3.07000	3267.00000
3.08000	3256.00000
3.09000	3420.00000
3.10000	3278.00000
3.11000	3220.00000
3.12000	3219.00000
3.13000	3362.00000
3.14000	3368.00000
3.15000	3254.00000
3.16000	3254.00000
3.17000	3290.00000
3.18000	3294.00000
3.19000	3301.00000
3.20000	3381.00000
3.21000	3277.00000
3.22000	3305.00000
3.23000	3390.00000
3.24000	3291.00000
3.25000	3376.00000
3.26000	3409.00000
3.27000	3310.00000
3.28000	3406.00000
3.29000	3294.00000
3.30000	3398.00000
3.31000	3352.00000
3.32000	3317.00000
3.33000	3324.00000
3.34000	3371.00000
3.35000	3428.00000
3.36000	3405.00000
3.37000	3462.00000
3.38000	3393.00000
3.39000	3331.00000
3.40000	3414.00000
3.41000	3472.00000
3.42000	3481.00000
3.43000	3373.00000
3.44000	3375.00000
3.45000	3463.00000
3.46000	3391.00000
3.47000	3374.00000
3.48000	3294.00000
3.49000	3368.00000
3.50000	3372.00000
3.51000	3472.00000
3.52000	3523.00000
3.53000	3505.00000
3.54000	3453.00000
3.55000	3480.00000
3.56000	3543.00000
3.57000	3504.00000
3.58000	3451.00000
3.59000	3442.00000
3.60000	3469.00000
3.61000	3529.00000
3.62000	3525.00000
3.63000	3500.00000
3.64000	3469.00000
3.65000	3604.00000
3.66000	3510.00000
3.67000	3435.00000
3.68000	3468.00000
3.69000	3435.00000
3.70000	3507.00000
3.71000	3528.00000
3.72000	3496.00000
3.73000	3485.00000
3.74000	3457.00000
3.75000	3417.00000
3.76000	3389.00000
3.77000	3428.00000
3.78000	3358.00000
3.79000	3391.00000
3.80000	3471.00000
3.81000	3480.00000
3.82000	3494.00000
3.83000	3434.00000
3.84000	3435.00000
3.85000	3560.00000
3.86000	3480.00000
3.87000	3463.00000
3.88000	3452.00000
3.89000	3508.00000
3.90000	3471.00000
3.91000	3402.00000
3.92000	3459.00000
3.93000	3490.00000
3.94000	3431.00000
3.95000	3407.00000
3.96000	3456.00000
3.97000	3557.00000
3.98000	3575.00000
3.99000	3511.00000
4.00000	3531.00000
4.01000	3470.00000
4.02000	3530.00000
4.03000	3516.00000
4.04000	3534.00000
4.05000	3475.00000
4.06000	3513.00000
4.07000	3497.00000
4.08000	3490.00000
4.09000	3487.00000
4.10000	3669.00000
4.11000	3620.00000
4.12000	3637.00000
4.13000	3675.00000
4.14000	3688.00000
4.15000	3558.00000
4.16000	3550.00000
4.17000	3505.00000
4.18000	3548.00000
4.19000	3596.00000
4.20000	3578.00000
4.21000	3558.00000
4.22000	3589.00000
4.23000	3568.00000
4.24000	3609.00000
4.25000	3573.00000
4.26000	3545.00000
4.27000	3585.00000
4.28000	3731.00000
4.29000	3716.00000
4.30000	3692.00000
4.31000	3774.00000
4.32000	3673.00000
4.33000	3707.00000
4.34000	3684.00000
4.35000	3689.00000
4.36000	3669.00000
4.37000	3763.00000
4.38000	3770.00000
4.39000	3576.00000
4.40000	3534.00000
4.41000	3573.00000
4.42000	3608.00000
4.43000	3695.00000
4.44000	3671.00000
4.45000	3620.00000
4.46000	3553.00000
4.47000	3713.00000
4.48000	3640.00000
4.49000	3603.00000
4.50000	3715.00000
4.51000	3787.00000
4.52000	3635.00000
4.53000	3707.00000
4.54000	3708.00000
4.55000	3679.00000
4.56000	3660.00000
4.57000	3665.00000
4.58000	3683.00000
4.59000	3613.00000
4.60000	3600.00000
4.61000	3568.00000
4.62000	3533.00000
4.63000	3520.00000
4.64000	3612.00000
4.65000	3707.00000
4.66000	3656.00000
4.67000	3683.00000
4.68000	3758.00000
4.69000	3727.00000
4.70000	3565.00000
4.71000	3646.00000
4.72000	3640.00000
4.73000	3613.00000
4.74000	3623.00000
4.75000	3699.00000
4.76000	3659.00000
4.77000	3777.00000
4.78000	3780.00000
4.79000	3787.00000
4.80000	3670.00000
4.81000	3671.00000
4.82000	3685.00000
4.83000	3677.00000
4.84000	3614.00000
4.85000	3737.00000
4.86000	3619.00000
4.87000	3581.00000
4.88000	3710.00000
4.89000	3642.00000
4.90000	3648.00000
4.91000	3752.00000
4.92000	3731.00000
4.93000	3785.00000
4.94000	3736.00000
4.95000	3861.00000
4.96000	3823.00000
4.97000	3727.00000
4.98000	3750.00000
4.99000	3800.00000
5.00000	3752.00000
5.01000	3725.00000
5.02000	3886.00000
5.03000	3875.00000
5.04000	3844.00000
5.05000	3747.00000
5.06000	3723.00000
5.07000	3766.00000
5.08000	3688.00000
5.09000	3655.00000
5.10000	3618.00000
5.11000	3734.00000
5.12000	3794.00000
5.13000	3811.00000
5.14000	3717.00000
5.15000	3757.00000
5.16000	3745.00000
5.17000	3722.00000
5.18000	3809.00000
5.19000	3800.00000
5.20000	3881.00000
5.21000	3786.00000
5.22000	3772.00000
5.23000	3848.00000
5.24000	3748.00000
5.25000	3733.00000
5.26000	3746.00000
5.27000	3832.00000
5.28000	3736.00000
5.29000	3695.00000
5.30000	3730.00000
5.31000	3796.00000
5.32000	3671.00000
5.33000	3585.00000
5.34000	3707.00000
5.35000	3798.00000
5.36000	3740.00000
5.37000	3734.00000
5.38000	3706.00000
5.39000	3811.00000
5.40000	3740.00000
5.41000	3810.00000
5.42000	3849.00000
5.43000	3880.00000
5.44000	3837.00000
5.45000	3829.00000
5.46000	3864.00000
5.47000	3882.00000
5.48000	3941.00000
5.49000	3780.00000
5.50000	3745.00000
5.51000	3759.00000
5.52000	3743.00000
5.53000	3759.00000
5.54000	3772.00000
5.55000	3751.00000
5.56000	3805.00000
5.57000	3695.00000
5.58000	3678.00000
5.59000	3762.00000
5.60000	3761.00000
5.61000	3768.00000
5.62000	3799.00000
5.63000	3797.00000
5.64000	3790.00000
5.65000	3816.00000
5.66000	3709.00000
5.67000	3723.00000
5.68000	3749.00000
5.69000	3809.00000
5.70000	3868.00000
5.71000	3841.00000
5.72000	3806.00000
5.73000	3808.00000
5.74000	3845.00000
5.75000	3794.00000
5.76000	3885.00000
5.77000	3811.00000
5.78000	3718.00000
5.79000	3761.00000
5.80000	3689.00000
5.81000	3872.00000
5.82000	3837.00000
5.83000	3836.00000
5.84000	3808.00000
5.85000	3861.00000
5.86000	3882.00000
5.87000	3784.00000
5.88000	3830.00000
5.89000	3831.00000
5.90000	3845.00000
5.91000	3766.00000
5.92000	3890.00000
5.93000	4013.00000
5.94000	3872.00000
5.95000	3796.00000
5.96000	3763.00000
5.97000	3783.00000
5.98000	3855.00000
5.99000	3862.00000
6.00000	3835.00000
6.01000	3882.00000
6.02000	3834.00000
6.03000	3863.00000
6.04000	3860.00000
6.05000	3783.00000
6.06000	3744.00000
6.07000	3867.00000
6.08000	3882.00000
6.09000	3791.00000
6.10000	3778.00000
6.11000	3874.00000
6.12000	3923.00000
6.13000	3805.00000
6.14000	3758.00000
6.15000	3745.00000
6.16000	3789.00000
6.17000	3752.00000
6.18000	4032.00000
6.19000	4017.00000
6.20000	3912.00000
6.21000	3815.00000
6.22000	3813.00000
6.23000	3872.00000
6.24000	3786.00000
6.25000	3697.00000
6.26000	3709.00000
6.27000	3867.00000
6.28000	3763.00000
6.29000	3761.00000
6.30000	3770.00000
6.31000	3811.00000
6.32000	3860.00000
6.33000	3915.00000
6.34000	3859.00000
6.35000	3827.00000
6.36000	3778.00000
6.37000	3772.00000
6.38000	3810.00000
6.39000	3796.00000
6.40000	3870.00000
6.41000	3807.00000
6.42000	3838.00000
6.43000	3851.00000
6.44000	3834.00000
6.45000	3779.00000
6.46000	3751.00000
6.47000	3654.00000
6.48000	3762.00000
6.49000	3938.00000
6.50000	3868.00000
6.51000	3821.00000
6.52000	3865.00000
6.53000	3890.00000
6.54000	3864.00000
6.55000	3890.00000
6.56000	3831.00000
6.57000	3797.00000
6.58000	3751.00000
6.59000	3715.00000
6.60000	3791.00000
6.61000	3770.00000
6.62000	3850.00000
6.63000	3884.00000
6.64000	3846.00000
6.65000	3869.00000
6.66000	3906.00000
6.67000	3808.00000
6.68000	3914.00000
6.69000	3841.00000
6.70000	3794.00000
6.71000	3774.00000
6.72000	3895.00000
6.73000	3821.00000
6.74000	3893.00000
6.75000	3924.00000
6.76000	3860.00000
6.77000	3906.00000
6.78000	3924.00000
6.79000	3892.00000
6.80000	3863.00000
6.81000	3971.00000
6.82000	3966.00000
6.83000	3889.00000
6.84000	3770.00000
6.85000	3851.00000
6.86000	3862.00000
6.87000	3761.00000
6.88000	3912.00000
6.89000	3851.00000
6.90000	3869.00000
6.91000	3814.00000
6.92000	3804.00000
6.93000	3852.00000
6.94000	3723.00000
6.95000	3765.00000
6.96000	3914.00000
6.97000	3909.00000
6.98000	3980.00000
6.99000	3915.00000
7.00000	3758.00000
7.01000	3825.00000
7.02000	3833.00000
7.03000	3938.00000
7.04000	3827.00000
7.05000	3841.00000
7.06000	3839.00000
7.07000	3769.00000
7.08000	3854.00000
7.09000	3756.00000
7.10000	3888.00000
7.11000	3886.00000
7.12000	3900.00000
7.13000	3863.00000
7.14000	3877.00000
7.15000	3924.00000
7.16000	3858.00000
7.17000	3966.00000
7.18000	3966.00000
7.19000	3960.00000
7.20000	3958.00000
7.21000	3910.00000
7.22000	3811.00000
7.23000	3822.00000
7.24000	3836.00000
7.25000	3940.00000
7.26000	3843.00000
7.27000	3924.00000
7.28000	3938.00000
7.29000	3916.00000
7.30000	3985.00000
7.31000	3905.00000
7.32000	3928.00000
7.33000	3975.00000
7.34000	3960.00000
7.35000	4018.00000
7.36000	3913.00000
7.37000	3894.00000
7.38000	3857.00000
7.39000	3855.00000
7.40000	3855.00000
7.41000	3932.00000
7.42000	3928.00000
7.43000	3866.00000
7.44000	3858.00000
7.45000	3866.00000
7.46000	3900.00000
7.47000	3970.00000
7.48000	3897.00000
7.49000	3869.00000
7.50000	3913.00000
7.51000	3905.00000
7.52000	3993.00000
7.53000	3809.00000
7.54000	3865.00000
7.55000	3922.00000
7.56000	3811.00000
7.57000	3857.00000
7.58000	3819.00000
7.59000	3822.00000
7.60000	3958.00000
7.61000	3943.00000
7.62000	3888.00000
7.63000	3928.00000
7.64000	3950.00000
7.65000	3922.00000
7.66000	3982.00000
7.67000	4015.00000
7.68000	3910.00000
7.69000	3861.00000
7.70000	3733.00000
7.71000	3757.00000
7.72000	3870.00000
7.73000	3892.00000
7.74000	3972.00000
7.75000	3942.00000
7.76000	3873.00000
7.77000	3860.00000
7.78000	3834.00000
7.79000	3885.00000
7.80000	3836.00000
7.81000	3832.00000
7.82000	3855.00000
7.83000	3815.00000
7.84000	3706.00000
7.85000	3626.00000
7.86000	3754.00000
7.87000	3757.00000
7.88000	3879.00000
7.89000	3859.00000
7.90000	3942.00000
7.91000	3883.00000
7.92000	3877.00000
7.93000	3848.00000
7.94000	3852.00000
7.95000	3879.00000
7.96000	3834.00000
7.97000	3809.00000
7.98000	3761.00000
7.99000	3824.00000
8.00000	3880.00000
8.01000	3903.00000
8.02000	3893.00000
8.03000	3850.00000
8.04000	3905.00000
8.05000	3855.00000
8.06000	3862.00000
8.07000	3839.00000
8.08000	3873.00000
8.09000	3781.00000
8.10000	3744.00000
8.11000	3859.00000
8.12000	3934.00000
8.13000	3906.00000
8.14000	3957.00000
8.15000	3957.00000
8.16000	3874.00000
8.17000	3873.00000
8.18000	3830.00000
8.19000	3898.00000
8.20000	3902.00000
8.21000	3818.00000
8.22000	3913.00000
8.23000	3981.00000
8.24000	3915.00000
8.25000	3847.00000
8.26000	3807.00000
8.27000	3883.00000
8.28000	3836.00000
8.29000	3720.00000
8.30000	3838.00000
8.31000	3767.00000
8.32000	3685.00000
8.33000	3758.00000
8.34000	3913.00000
8.35000	3858.00000
8.36000	3870.00000
8.37000	3794.00000
8.38000	3838.00000
8.39000	3841.00000
8.40000	3915.00000
8.41000	3816.00000
8.42000	3825.00000
8.43000	3860.00000
8.44000	3994.00000
8.45000	3842.00000
8.46000	3719.00000
8.47000	3805.00000
8.48000	3864.00000
8.49000	3810.00000
8.50000	3803.00000
8.51000	3786.00000
8.52000	3868.00000
8.53000	3990.00000
8.54000	3925.00000
8.55000	3923.00000
8.56000	3909.00000
8.57000	3868.00000
8.58000	3853.00000
8.59000	3780.00000
8.60000	3728.00000
8.61000	3864.00000
8.62000	3797.00000
8.63000	3967.00000
8.64000	3938.00000
8.65000	3948.00000
8.66000	3949.00000
8.67000	3865.00000
8.68000	3844.00000
8.69000	3880.00000
8.70000	3875.00000
8.71000	3904.00000
8.72000	3786.00000
8.73000	3873.00000
8.74000	3866.00000
8.75000	3886.00000
8.76000	3822.00000
8.77000	3901.00000
8.78000	4009.00000
8.79000	3881.00000
8.80000	3823.00000
8.81000	3696.00000
8.82000	3727.00000
8.83000	3858.00000
8.84000	3854.00000
8.85000	3857.00000
8.86000	3828.00000
8.87000	3826.00000
8.88000	3765.00000
8.89000	3737.00000
8.90000	3788.00000
8.91000	3798.00000
8.92000	3913.00000
8.93000	4012.00000
8.94000	3954.00000
8.95000	3920.00000
8.96000	3785.00000
8.97000	3880.00000
8.98000	3831.00000
8.99000	3759.00000
9.00000	3855.00000
9.01000	3890.00000
9.02000	3792.00000
9.03000	3823.00000
9.04000	3831.00000
9.05000	3857.00000
9.06000	3868.00000
9.07000	3866.00000
9.08000	3942.00000
9.09000	3869.00000
9.10000	3813.00000
9.11000	3817.00000
9.12000	3817.00000
9.13000	3858.00000
9.14000	3731.00000
9.15000	3842.00000
9.16000	3880.00000
9.17000	3830.00000
9.18000	3872.00000
9.19000	3713.00000
9.20000	3700.00000
9.21000	3791.00000
9.22000	3815.00000
9.23000	3832.00000
9.24000	3793.00000
9.25000	3866.00000
9.26000	3846.00000
9.27000	3793.00000
9.28000	3747.00000
9.29000	3810.00000
9.30000	3964.00000
9.31000	3869.00000
9.32000	3921.00000
9.33000	3806.00000
9.34000	3946.00000
9.35000	3817.00000
9.36000	3828.00000
9.37000	3775.00000
9.38000	3857.00000
9.39000	3829.00000
9.40000	3894.00000
9.41000	3923.00000
9.42000	3881.00000
9.43000	3829.00000
9.44000	3891.00000
9.45000	3887.00000
9.46000	3855.00000
9.47000	3889.00000
9.48000	3901.00000
9.49000	3909.00000
9.50000	3899.00000
9.51000	3833.00000
9.52000	3872.00000
9.53000	3924.00000
9.54000	3947.00000
9.55000	3844.00000
9.56000	3738.00000
9.57000	3838.00000
9.58000	3831.00000
9.59000	3734.00000
9.60000	3892.00000
9.61000	3887.00000
9.62000	3775.00000
9.63000	3813.00000
9.64000	3910.00000
9.65000	3960.00000
9.66000	3903.00000
9.67000	3923.00000
9.68000	3927.00000
9.69000	3847.00000
9.70000	4000.00000
9.71000	3992.00000
9.72000	3849.00000
9.73000	3890.00000
9.74000	3849.00000
9.75000	3889.00000
9.76000	3748.00000
9.77000	3674.00000
9.78000	3824.00000
9.79000	3794.00000
9.80000	3807.00000
9.81000	3834.00000
9.82000	3835.00000
9.83000	3823.00000
9.84000	3767.00000
9.85000	3717.00000
9.86000	3769.00000
9.87000	3857.00000
9.88000	3858.00000
9.89000	3887.00000
9.90000	3811.00000
9.91000	3862.00000
9.92000	3743.00000
9.93000	3704.00000
9.94000	3760.00000
9.95000	3739.00000
9.96000	3843.00000
9.97000	3872.00000
9.98000	3952.00000
9.99000	3780.00000
10.00000	3700.00000
10.01000	3736.00000
10.02000	3850.00000
10.03000	3750.00000
10.04000	3819.00000
10.05000	3813.00000
10.06000	3788.00000
10.07000	3748.00000
10.08000	3813.00000
10.09000	3851.00000
10.10000	3784.00000
10.11000	3912.00000
10.12000	3882.00000
10.13000	3841.00000
10.14000	3907.00000
10.15000	3850.00000
10.16000	3874.00000
10.17000	3855.00000
10.18000	3781.00000
10.19000	3786.00000
10.20000	3827.00000
10.21000	3805.00000
10.22000	3762.00000
10.23000	3735.00000
10.24000	3790.00000
10.25000	3767.00000
10.26000	3720.00000
10.27000	3754.00000
10.28000	3811.00000
10.29000	3750.00000
10.30000	3785.00000
10.31000	3750.00000
10.32000	3796.00000
10.33000	3773.00000
10.34000	3733.00000
10.35000	3672.00000
10.36000	3808.00000
10.37000	3845.00000
10.38000	3749.00000
10.39000	3792.00000
10.40000	3760.00000
10.41000	3676.00000
10.42000	3740.00000
10.43000	3872.00000
10.44000	3768.00000
10.45000	3726.00000
10.46000	3744.00000
10.47000	3802.00000
10.48000	3741.00000
10.49000	3773.00000
10.50000	3683.00000
10.51000	3771.00000
10.52000	3724.00000
10.53000	3832.00000
10.54000	3900.00000
10.55000	3883.00000
10.56000	3766.00000
10.57000	3656.00000
10.58000	3761.00000
10.59000	3769.00000
10.60000	3733.00000
10.61000	3761.00000
10.62000	3807.00000
10.63000	3696.00000
10.64000	3691.00000
10.65000	3736.00000
10.66000	3725.00000
10.67000	3843.00000
10.68000	3780.00000
10.69000	3786.00000
10.70000	3836.00000
10.71000	3852.00000
10.72000	3768.00000
10.73000	3672.00000
10.74000	3696.00000
10.75000	3878.00000
10.76000	3887.00000
10.77000	3856.00000
10.78000	3629.00000
10.79000	3701.00000
10.80000	3775.00000
10.81000	3724.00000
10.82000	3669.00000
10.83000	3759.00000
10.84000	3708.00000
10.85000	3794.00000
10.86000	3670.00000
10.87000	3717.00000
10.88000	3621.00000
10.89000	3578.00000
10.90000	3591.00000
10.91000	3716.00000
10.92000	3783.00000
10.93000	3757.00000
10.94000	3681.00000
10.95000	3655.00000
10.96000	3703.00000
10.97000	3663.00000
10.98000	3740.00000
10.99000	3765.00000
11.00000	3733.00000
11.01000	3694.00000
11.02000	3724.00000
11.03000	3791.00000
11.04000	3689.00000
11.05000	3826.00000
11.06000	3805.00000
11.07000	3675.00000
11.08000	3709.00000
11.09000	3781.00000
11.10000	3774.00000
11.11000	3735.00000
11.12000	3830.00000
11.13000	3608.00000
11.14000	3647.00000
11.15000	3638.00000
11.16000	3662.00000
11.17000	3674.00000
11.18000	3704.00000
11.19000	3718.00000
11.20000	3752.00000
11.21000	3744.00000
11.22000	3732.00000
11.23000	3827.00000
11.24000	3775.00000
11.25000	3641.00000
11.26000	3639.00000
11.27000	3717.00000
11.28000	3631.00000
11.29000	3725.00000
11.30000	3743.00000
11.31000	3702.00000
11.32000	3712.00000
11.33000	3598.00000
11.34000	3658.00000
11.35000	3681.00000
11.36000	3671.00000
11.37000	3665.00000
11.38000	3774.00000
11.39000	3792.00000
11.40000	3707.00000
11.41000	3759.00000
11.42000	3732.00000
11.43000	3683.00000
11.44000	3614.00000
11.45000	3706.00000
11.46000	3713.00000
11.47000	3748.00000
11.48000	3663.00000
11.49000	3573.00000
11.50000	3625.00000
11.51000	3747.00000
11.52000	3675.00000
11.53000	3735.00000
11.54000	3723.00000
11.55000	3735.00000
11.56000	3623.00000
11.57000	3629.00000
11.58000	3639.00000
11.59000	3667.00000
11.60000	3715.00000
11.61000	3793.00000
11.62000	3718.00000
11.63000	3723.00000
11.64000	3740.00000
11.65000	3795.00000
11.66000	3789.00000
11.67000	3717.00000
11.68000	3764.00000
11.69000	3752.00000
11.70000	3647.00000
11.71000	3655.00000
11.72000	3759.00000
11.73000	3814.00000
11.74000	3695.00000
11.75000	3735.00000
11.76000	3675.00000
11.77000	3513.00000
11.78000	3640.00000
11.79000	3669.00000
11.80000	3828.00000
11.81000	3791.00000
11.82000	3815.00000
11.83000	3691.00000
11.84000	3635.00000
11.85000	3654.00000
11.86000	3596.00000
11.87000	3624.00000
11.88000	3645.00000
11.89000	3680.00000
11.90000	3756.00000
11.91000	3652.00000
11.92000	3595.00000
11.93000	3682.00000
11.94000	3644.00000
11.95000	3597.00000
11.96000	3681.00000
11.97000	3646.00000
11.98000	3622.00000
11.99000	3674.00000
12.00000	3632.00000
12.01000	3639.00000
12.02000	3778.00000
12.03000	3643.00000
12.04000	3614.00000
12.05000	3638.00000
12.06000	3580.00000
12.07000	3639.00000
12.08000	3598.00000
12.09000	3586.00000
12.10000	3670.00000
12.11000	3738.00000
12.12000	3543.00000
12.13000	3625.00000
12.14000	3660.00000
12.15000	3685.00000
12.16000	3654.00000
12.17000	3589.00000
12.18000	3567.00000
12.19000	3551.00000
12.20000	3660.00000
12.21000	3668.00000
12.22000	3586.00000
12.23000	3504.00000
12.24000	3633.00000
12.25000	3572.00000
12.26000	3563.00000
12.27000	3608.00000
12.28000	3661.00000
12.29000	3585.00000
12.30000	3664.00000
12.31000	3666.00000
12.32000	3643.00000
12.33000	3739.00000
12.34000	3656.00000
12.35000	3667.00000
12.36000	3717.00000
12.37000	3646.00000
12.38000	3626.00000
12.39000	3628.00000
12.40000	3561.00000
12.41000	3643.00000
12.42000	3682.00000
12.43000	3597.00000
12.44000	3576.00000
12.45000	3635.00000
12.46000	3674.00000
12.47000	3580.00000
12.48000	3535.00000
12.49000	3525.00000
12.50000	3517.00000
12.51000	3617.00000
12.52000	3581.00000
12.53000	3635.00000
12.54000	3635.00000
12.55000	3570.00000
12.56000	3506.00000
12.57000	3564.00000
12.58000	3618.00000
12.59000	3575.00000
12.60000	3525.00000
12.61000	3637.00000
12.62000	3667.00000
12.63000	3497.00000
12.64000	3617.00000
12.65000	3597.00000
12.66000	3588.00000
12.67000	3615.00000
12.68000	3575.00000
12.69000	3624.00000
12.70000	3666.00000
12.71000	3677.00000
12.72000	3607.00000
12.73000	3580.00000
12.74000	3601.00000
12.75000	3709.00000
12.76000	3583.00000
12.77000	3547.00000
12.78000	3535.00000
12.79000	3682.00000
12.80000	3657.00000
12.81000	3635.00000
12.82000	3672.00000
12.83000	3694.00000
12.84000	3578.00000
12.85000	3628.00000
12.86000	3650.00000
12.87000	3617.00000
12.88000	3501.00000
12.89000	3529.00000
12.90000	3549.00000
12.91000	3645.00000
12.92000	3619.00000
12.93000	3571.00000
12.94000	3668.00000
12.95000	3620.00000
12.96000	3640.00000
12.97000	3703.00000
12.98000	3689.00000
12.99000	3680.00000
13.00000	3621.00000
13.01000	3519.00000
13.02000	3529.00000
13.03000	3608.00000
13.04000	3693.00000
13.05000	3651.00000
13.06000	3657.00000
13.07000	3566.00000
13.08000	3658.00000
13.09000	3579.00000
13.10000	3641.00000
13.11000	3526.00000
13.12000	3601.00000
13.13000	3635.00000
13.14000	3625.00000
13.15000	3636.00000
13.16000	3624.00000
13.17000	3604.00000
13.18000	3623.00000
13.19000	3682.00000
13.20000	3668.00000
13.21000	3642.00000
13.22000	3565.00000
13.23000	3610.00000
13.24000	3702.00000
13.25000	3762.00000
13.26000	3699.00000
13.27000	3599.00000
13.28000	3571.00000
13.29000	3627.00000
13.30000	3667.00000
13.31000	3677.00000
13.32000	3604.00000
13.33000	3605.00000
13.34000	3752.00000
13.35000	3660.00000
13.36000	3506.00000
13.37000	3586.00000
13.38000	3708.00000
13.39000	3629.00000
13.40000	3682.00000
13.41000	3683.00000
13.42000	3666.00000
13.43000	3656.00000
13.44000	3541.00000
13.45000	3614.00000
13.46000	3646.00000
13.47000	3683.00000
13.48000	3624.00000
13.49000	3670.00000
13.50000	3773.00000
13.51000	3695.00000
13.52000	3711.00000
13.53000	3670.00000
13.54000	3735.00000
13.55000	3766.00000
13.56000	3733.00000
13.57000	3758.00000
13.58000	3838.00000
13.59000	3832.00000
13.60000	3746.00000
13.61000	3850.00000
13.62000	3846.00000
13.63000	3775.00000
13.64000	3841.00000
13.65000	3912.00000
13.66000	4081.00000
13.67000	3917.00000
13.68000	3997.00000
13.69000	3939.00000
13.70000	4070.00000
13.71000	3977.00000
13.72000	4009.00000
13.73000	4056.00000
13.74000	4140.00000
13.75000	4173.00000
13.76000	4168.00000
13.77000	4188.00000
13.78000	4207.00000
13.79000	4272.00000
13.80000	4442.00000
13.81000	4323.00000
13.82000	4483.00000
13.83000	4295.00000
13.84000	4286.00000
13.85000	4380.00000
13.86000	4435.00000
13.87000	4472.00000
13.88000	4486.00000
13.89000	4521.00000
13.90000	4535.00000
13.91000	4505.00000
13.92000	4541.00000
13.93000	4675.00000
13.94000	4804.00000
13.95000	4797.00000
13.96000	4839.00000
13.97000	4910.00000
13.98000	5094.00000
13.99000	5291.00000
14.00000	5385.00000
14.01000	5388.00000
14.02000	5331.00000
14.03000	5398.00000
14.04000	5546.00000
14.05000	5632.00000
14.06000	5786.00000
14.07000	5858.00000
14.08000	5909.00000
14.09000	6016.00000
14.10000	6118.00000
14.11000	6339.00000
14.12000	6474.00000
14.13000	6492.00000
14.14000	6908.00000
14.15000	6824.00000
14.16000	7098.00000
14.17000	7317.00000
14.18000	7377.00000
14.19000	7521.00000
14.20000	7732.00000
14.21000	8143.00000
14.22000	8120.00000
14.23000	8325.00000
14.24000	8655.00000
14.25000	8832.00000
14.26000	8852.00000
14.27000	9178.00000
14.28000	9590.00000
14.29000	9840.00000
14.30000	10163.00000
14.31000	10406.00000
14.32000	10620.00000
14.33000	10973.00000
14.34000	11457.00000
14.35000	11729.00000
14.36000	12144.00000
14.37000	12694.00000
14.38000	13008.00000
14.39000	13373.00000
14.40000	13832.00000
14.41000	14496.00000
14.42000	15013.00000
14.43000	15446.00000
14.44000	15925.00000
14.45000	16449.00000
14.46000	17086.00000
14.47000	17878.00000
14.48000	18791.00000
14.49000	19478.00000
14.50000	20049.00000
14.51000	20855.00000
14.52000	22458.00000
14.53000	23963.00000
14.54000	25186.00000
14.55000	26292.00000
14.56000	28373.00000
14.57000	30363.00000
14.58000	32758.00000
14.59000	34860.00000
14.60000	37587.00000
14.61000	40747.00000
14.62000	43196.00000
14.63000	44661.00000
14.64000	44905.00000
14.65000	43627.00000
14.66000	41597.00000
14.67000	38155.00000
14.68000	34670.00000
14.69000	30874.00000
14.70000	27326.00000
14.71000	23515.00000
14.72000	19698.00000
14.73000	16639.00000
14.74000	13933.00000
14.75000	11833.00000
14.76000	10263.00000
14.77000	8858.00000
14.78000	7931.00000
14.79000	7246.00000
14.80000	6608.00000
14.81000	6196.00000
14.82000	5856.00000
14.83000	5518.00000
14.84000	5281.00000
14.85000	5131.00000
14.86000	4782.00000
14.87000	4799.00000
14.88000	4634.00000
14.89000	4646.00000
14.90000	4604.00000
14.91000	4503.00000
14.92000	4424.00000
14.93000	4378.00000
14.94000	4304.00000
14.95000	4257.00000
14.96000	4197.00000
14.97000	4083.00000
14.98000	4149.00000
14.99000	4052.00000
15.00000	4082.00000
15.01000	3988.00000
15.02000	3840.00000
15.03000	3797.00000
15.04000	3912.00000
15.05000	3765.00000
15.06000	3731.00000
15.07000	3652.00000
15.08000	3750.00000
15.09000	3731.00000
15.10000	3748.00000
15.11000	3785.00000
15.12000	3798.00000
15.13000	3705.00000
15.14000	3606.00000
15.15000	3613.00000
15.16000	3634.00000
15.17000	3622.00000
15.18000	3613.00000
15.19000	3660.00000
15.20000	3574.00000
15.21000	3670.00000
15.22000	3836.00000
15.23000	3761.00000
15.24000	3617.00000
15.25000	3548.00000
15.26000	3629.00000
15.27000	3609.00000
15.28000	3582.00000
15.29000	3566.00000
15.30000	3578.00000
15.31000	3728.00000
15.32000	3836.00000
15.33000	3713.00000
15.34000	3748.00000
15.35000	3597.00000
15.36000	3506.00000
15.37000	3535.00000
15.38000	3628.00000
15.39000	3682.00000
15.40000	3599.00000
15.41000	3619.00000
15.42000	3615.00000
15.43000	3630.00000
15.44000	3614.00000
15.45000	3834.00000
15.46000	3698.00000
15.47000	3539.00000
15.48000	3686.00000
15.49000	3656.00000
15.50000	3699.00000
15.51000	3589.00000
15.52000	3700.00000
15.53000	3772.00000
15.54000	3722.00000
15.55000	3581.00000
15.56000	3649.00000
15.57000	3617.00000
15.58000	3762.00000
15.59000	3830.00000
15.60000	3874.00000
15.61000	3876.00000
15.62000	3837.00000
15.63000	3714.00000
15.64000	3806.00000
15.65000	3844.00000
15.66000	3885.00000
15.67000	3948.00000
15.68000	3912.00000
15.69000	3967.00000
15.70000	4020.00000
15.71000	4022.00000
15.72000	4034.00000
15.73000	3950.00000
15.74000	3974.00000
15.75000	4025.00000
15.76000	4068.00000
15.77000	4286.00000
15.78000	4195.00000
15.79000	4188.00000
15.80000	4298.00000
15.81000	4399.00000
15.82000	4413.00000
15.83000	4504.00000
15.84000	4455.00000
15.85000	4738.00000
15.86000	4786.00000
15.87000	4722.00000
15.88000	4816.00000
15.89000	4888.00000
15.90000	4956.00000
15.91000	5060.00000
15.92000	5091.00000
15.93000	5273.00000
15.94000	5233.00000
15.95000	5386.00000
15.96000	5415.00000
15.97000	5550.00000
15.98000	5603.00000
15.99000	5664.00000
16.00000	5852.00000
16.01000	5837.00000
16.02000	6023.00000
16.03000	6273.00000
16.04000	6397.00000
16.05000	6356.00000
16.06000	6573.00000
16.07000	6655.00000
16.08000	7044.00000
16.09000	7313.00000
16.10000	7608.00000
16.11000	7763.00000
16.12000	7889.00000
16.13000	8179.00000
16.14000	8460.00000
16.15000	8821.00000
16.16000	9326.00000
16.17000	10043.00000
16.18000	10627.00000
16.19000	11171.00000
16.20000	11708.00000
16.21000	12370.00000
16.22000	12969.00000
16.23000	13957.00000
16.24000	14745.00000
16.25000	15517.00000
16.26000	16131.00000
16.27000	16183.00000
16.28000	16157.00000
16.29000	15785.00000
16.30000	14990.00000
16.31000	13981.00000
16.32000	12838.00000
16.33000	11660.00000
16.34000	10528.00000
16.35000	9506.00000
16.36000	8432.00000
16.37000	7441.00000
16.38000	6620.00000
16.39000	6103.00000
16.40000	5696.00000
16.41000	5198.00000
16.42000	4770.00000
16.43000	4571.00000
16.44000	4346.00000
16.45000	4230.00000
16.46000	4109.00000
16.47000	3987.00000
16.48000	3978.00000
16.49000	3904.00000
16.50000	3813.00000
16.51000	3739.00000
16.52000	3725.00000
16.53000	3691.00000
16.54000	3777.00000
16.55000	3622.00000
16.56000	3616.00000
16.57000	3774.00000
16.58000	3731.00000
16.59000	3705.00000
16.60000	3554.00000
16.61000	3474.00000
16.62000	3633.00000
16.63000	3529.00000
16.64000	3620.00000
16.65000	3570.00000
16.66000	3539.00000
16.67000	3359.00000
16.68000	3374.00000
16.69000	3415.00000
16.70000	3428.00000
16.71000	3500.00000
16.72000	3368.00000
16.73000	3393.00000
16.74000	3551.00000
16.75000	3456.00000
16.76000	3497.00000
16.77000	3462.00000
16.78000	3435.00000
16.79000	3502.00000
16.80000	3435.00000
16.81000	3514.00000
16.82000	3520.00000
16.83000	3399.00000
16.84000	3478.00000
16.85000	3545.00000
16.86000	3466.00000
16.87000	3478.00000
16.88000	3430.00000
16.89000	3399.00000
16.90000	3426.00000
16.91000	3461.00000
16.92000	3413.00000
16.93000	3342.00000
16.94000	3338.00000
16.95000	3448.00000
16.96000	3499.00000
16.97000	3489.00000
16.98000	3418.00000
16.99000	3490.00000
17.00000	3445.00000
17.01000	3525.00000
17.02000	3480.00000
17.03000	3643.00000
17.04000	3437.00000
17.05000	3403.00000
17.06000	3321.00000
17.07000	3348.00000
17.08000	3472.00000
17.09000	3416.00000
17.10000	3438.00000
17.11000	3308.00000
17.12000	3493.00000
17.13000	3549.00000
17.14000	3452.00000
17.15000	3415.00000
17.16000	3454.00000
17.17000	3477.00000
17.18000	3460.00000
17.19000	3373.00000
17.20000	3418.00000
17.21000	3415.00000
17.22000	3406.00000
17.23000	3335.00000
17.24000	3408.00000
17.25000	3399.00000
17.26000	3495.00000
17.27000	3425.00000
17.28000	3428.00000
17.29000	3445.00000
17.30000	3436.00000
17.31000	3505.00000
17.32000	3451.00000
17.33000	3424.00000
17.34000	3470.00000
17.35000	3417.00000
17.36000	3577.00000
17.37000	3611.00000
17.38000	3597.00000
17.39000	3537.00000
17.40000	3482.00000
17.41000	3410.00000
17.42000	3453.00000
17.43000	3485.00000
17.44000	3503.00000
17.45000	3423.00000
17.46000	3473.00000
17.47000	3367.00000
17.48000	3419.00000
17.49000	3386.00000
17.50000	3326.00000
17.51000	3564.00000
17.52000	3521.00000
17.53000	3407.00000
17.54000	3402.00000
17.55000	3231.00000
17.56000	3363.00000
17.57000	3399.00000
17.58000	3417.00000
17.59000	3365.00000
17.60000	3321.00000
17.61000	3344.00000
17.62000	3423.00000
17.63000	3423.00000
17.64000	3321.00000
17.65000	3340.00000
17.66000	3349.00000
17.67000	3341.00000
17.68000	3447.00000
17.69000	3408.00000
17.70000	3338.00000
17.71000	3385.00000
17.72000	3390.00000
17.73000	3387.00000
17.74000	3506.00000
17.75000	3468.00000
17.76000	3470.00000
17.77000	3317.00000
17.78000	3382.00000
17.79000	3440.00000
17.80000	3441.00000
17.81000	3314.00000
17.82000	3327.00000
17.83000	3402.00000
17.84000	3500.00000
17.85000	3390.00000
17.86000	3479.00000
17.87000	3460.00000
17.88000	3467.00000
17.89000	3450.00000
17.90000	3367.00000
17.91000	3395.00000
17.92000	3455.00000
17.93000	3478.00000
17.94000	3411.00000
17.95000	3452.00000
17.96000	3363.00000
17.97000	3326.00000
17.98000	3344.00000
17.99000	3376.00000
18.00000	3371.00000
18.01000	3491.00000
18.02000	3490.00000
18.03000	3527.00000
18.04000	3437.00000
18.05000	3406.00000
18.06000	3353.00000
18.07000	3392.00000
18.08000	3402.00000
18.09000	3283.00000
18.10000	3358.00000
18.11000	3304.00000
18.12000	3269.00000
18.13000	3302.00000
18.14000	3448.00000
18.15000	3330.00000
18.16000	3420.00000
18.17000	3438.00000
18.18000	3445.00000
18.19000	3366.00000
18.20000	3349.00000
18.21000	3408.00000
18.22000	3294.00000
18.23000	3256.00000
18.24000	3298.00000
18.25000	3319.00000
18.26000	3254.00000
18.27000	3220.00000
18.28000	3421.00000
18.29000	3363.00000
18.30000	3295.00000
18.31000	3327.00000
18.32000	3310.00000
18.33000	3307.00000
18.34000	3355.00000
18.35000	3489.00000
18.36000	3323.00000
18.37000	3337.00000
18.38000	3309.00000
18.39000	3254.00000
18.40000	3253.00000
18.41000	3300.00000
18.42000	3329.00000
18.43000	3445.00000
18.44000	3308.00000
18.45000	3319.00000
18.46000	3470.00000
18.47000	3428.00000
18.48000	3286.00000
18.49000	3211.00000
18.50000	3251.00000
18.51000	3316.00000
18.52000	3409.00000
18.53000	3390.00000
18.54000	3305.00000
18.55000	3314.00000
18.56000	3387.00000
18.57000	3279.00000
18.58000	3265.00000
18.59000	3335.00000
18.60000	3370.00000
18.61000	3308.00000
18.62000	3268.00000
18.63000	3315.00000
18.64000	3326.00000
18.65000	3305.00000
18.66000	3226.00000
18.67000	3189.00000
18.68000	3343.00000
18.69000	3222.00000
18.70000	3200.00000
18.71000	3280.00000
18.72000	3242.00000
18.73000	3372.00000
18.74000	3270.00000
18.75000	3256.00000
18.76000	3217.00000
18.77000	3085.00000
18.78000	3184.00000
18.79000	3199.00000
18.80000	3217.00000
18.81000	3330.00000
18.82000	3261.00000
18.83000	3130.00000
18.84000	3205.00000
18.85000	3216.00000
18.86000	3206.00000
18.87000	3208.00000
18.88000	3246.00000
18.89000	3274.00000
18.90000	3273.00000
18.91000	3219.00000
18.92000	3233.00000
18.93000	3194.00000
18.94000	3152.00000
18.95000	3225.00000
18.96000	3162.00000
18.97000	3122.00000
18.98000	3294.00000
18.99000	3290.00000
19.00000	3245.00000
19.01000	3262.00000
19.02000	3154.00000
19.03000	3204.00000
19.04000	3202.00000
19.05000	3282.00000
19.06000	3304.00000
19.07000	3327.00000
19.08000	3292.00000
19.09000	3304.00000
19.10000	3252.00000
19.11000	3174.00000
19.12000	3154.00000
19.13000	3206.00000
19.14000	3221.00000
19.15000	3269.00000
19.16000	3366.00000
19.17000	3241.00000
19.18000	3193.00000
19.19000	3249.00000
19.20000	3305.00000
19.21000	3232.00000
19.22000	3294.00000
19.23000	3218.00000
19.24000	3254.00000
19.25000	3287.00000
19.26000	3225.00000
19.27000	3238.00000
19.28000	3270.00000
19.29000	3286.00000
19.30000	3291.00000
19.31000	3308.00000
19.32000	3290.00000
19.33000	3318.00000
19.34000	3341.00000
19.35000	3301.00000
19.36000	3209.00000
19.37000	3141.00000
19.38000	3170.00000
19.39000	3230.00000
19.40000	3155.00000
19.41000	3177.00000
19.42000	3196.00000
19.43000	3155.00000
19.44000	3100.00000
19.45000	3147.00000
19.46000	3189.00000
19.47000	3155.00000
19.48000	3096.00000
19.49000	3102.00000
19.50000	3055.00000
19.51000	3138.00000
19.52000	3184.00000
19.53000	3227.00000
19.54000	3164.00000
19.55000	3234.00000
19.56000	3158.00000
19.57000	3183.00000
19.58000	3225.00000
19.59000	3191.00000
19.60000	3183.00000
19.61000	3182.00000
19.62000	3178.00000
19.63000	3259.00000
19.64000	3183.00000
19.65000	3241.00000
19.66000	3293.00000
19.67000	3140.00000
19.68000	3044.00000
19.69000	3119.00000
19.70000	3136.00000
19.71000	3193.00000
19.72000	3070.00000
19.73000	3150.00000
19.74000	3104.00000
19.75000	3228.00000
19.76000	3321.00000
19.77000	3249.00000
19.78000	3236.00000
19.79000	3215.00000
19.80000	3340.00000
19.81000	3147.00000
19.82000	3198.00000
19.83000	3069.00000
19.84000	3085.00000
19.85000	3108.00000
19.86000	3208.00000
19.87000	3182.00000
19.88000	3107.00000
19.89000	3162.00000
19.90000	3120.00000
19.91000	3180.00000
19.92000	3153.00000
19.93000	3179.00000
19.94000	3270.00000
19.95000	3184.00000
19.96000	3102.00000
19.97000	3307.00000
19.98000	3246.00000
19.99000	3194.00000
20.00000	3395.00000
20.01000	3316.00000
20.02000	3268.00000
20.03000	3097.00000
20.04000	3145.00000
20.05000	3239.00000
20.06000	3212.00000
20.07000	3177.00000
20.08000	3171.00000
20.09000	3110.00000
20.10000	3091.00000
20.11000	3093.00000
20.12000	3103.00000
20.13000	3148.00000
20.14000	3146.00000
20.15000	3165.00000
20.16000	3278.00000
20.17000	3269.00000
20.18000	3169.00000
20.19000	3017.00000
20.20000	3022.00000
20.21000	2951.00000
20.22000	3035.00000
20.23000	3122.00000
20.24000	3181.00000
20.25000	3152.00000
20.26000	3202.00000
20.27000	3049.00000
20.28000	3080.00000
20.29000	3162.00000
20.30000	3244.00000
20.31000	3176.00000
20.32000	3043.00000
20.33000	3093.00000
20.34000	3152.00000
20.35000	3197.00000
20.36000	3080.00000
20.37000	3244.00000
20.38000	3173.00000
20.39000	3173.00000
20.40000	3232.00000
20.41000	3134.00000
20.42000	3029.00000
20.43000	3060.00000
20.44000	3083.00000
20.45000	3016.00000
20.46000	2972.00000
20.47000	3134.00000
20.48000	3151.00000
20.49000	3130.00000
20.50000	3124.00000
20.51000	3110.00000
20.52000	3163.00000
20.53000	3155.00000
20.54000	3157.00000
20.55000	3105.00000
20.56000	3236.00000
20.57000	3221.00000
20.58000	3142.00000
20.59000	3159.00000
20.60000	3104.00000
20.61000	3114.00000
20.62000	3075.00000
20.63000	3220.00000
20.64000	3168.00000
20.65000	3096.00000
20.66000	3067.00000
20.67000	3106.00000
20.68000	3106.00000
20.69000	3128.00000
20.70000	3135.00000
20.71000	3161.00000
20.72000	3110.00000
20.73000	3118.00000
20.74000	3257.00000
20.75000	3252.00000
20.76000	3142.00000
20.77000	3074.00000
20.78000	3017.00000
20.79000	3170.00000
20.80000	3094.00000
20.81000	3153.00000
20.82000	3098.00000
20.83000	3121.00000
20.84000	3143.00000
20.85000	3078.00000
20.86000	3031.00000
20.87000	3028.00000
20.88000	3148.00000
20.89000	3025.00000
20.90000	3142.00000
20.91000	3224.00000
20.92000	3131.00000
20.93000	3080.00000
20.94000	3142.00000
20.95000	3112.00000
20.96000	3058.00000
20.97000	3155.00000
20.98000	3063.00000
20.99000	3141.00000
21.00000	3129.00000
21.01000	3123.00000
21.02000	3113.00000
21.03000	3201.00000
21.04000	3205.00000
21.05000	3204.00000
21.06000	3145.00000
21.07000	3207.00000
21.08000	3202.00000
21.09000	3232.00000
21.10000	3303.00000
21.11000	3385.00000
21.12000	3362.00000
21.13000	3325.00000
21.14000	3244.00000
21.15000	3191.00000
21.16000	3215.00000
21.17000	3284.00000
21.18000	3244.00000
21.19000	3209.00000
21.20000	3140.00000
21.21000	3247.00000
21.22000	3349.00000
21.23000	3416.00000
21.24000	3372.00000
21.25000	3354.00000
21.26000	3454.00000
21.27000	3315.00000
21.28000	3365.00000
21.29000	3384.00000
21.30000	3425.00000
21.31000	3381.00000
21.32000	3500.00000
21.33000	3475.00000
21.34000	3513.00000
21.35000	3600.00000
21.36000	3627.00000
21.37000	3680.00000
21.38000	3698.00000
21.39000	3669.00000
21.40000	3655.00000
21.41000	3674.00000
21.42000	3840.00000
21.43000	3987.00000
21.44000	3962.00000
21.45000	3962.00000
21.46000	4004.00000
21.47000	4151.00000
21.48000	4272.00000
21.49000	4363.00000
21.50000	4599.00000
21.51000	4681.00000
21.52000	4794.00000
21.53000	5039.00000
21.54000	5217.00000
21.55000	5179.00000
21.56000	5333.00000
21.57000	5418.00000
21.58000	5357.00000
21.59000	5444.00000
21.60000	5408.00000
21.61000	5146.00000
21.62000	4961.00000
21.63000	4842.00000
21.64000	4572.00000
21.65000	4349.00000
21.66000	4256.00000
21.67000	4048.00000
21.68000	3886.00000
21.69000	3702.00000
21.70000	3545.00000
21.71000	3516.00000
21.72000	3477.00000
21.73000	3434.00000
21.74000	3427.00000
21.75000	3450.00000
21.76000	3412.00000
21.77000	3245.00000
21.78000	3210.00000
21.79000	3209.00000
21.80000	3167.00000
21.81000	3213.00000
21.82000	3235.00000
21.83000	3081.00000
21.84000	3035.00000
21.85000	3039.00000
21.86000	3182.00000
21.87000	3139.00000
21.88000	3109.00000
21.89000	3077.00000
21.90000	3178.00000
21.91000	3091.00000
21.92000	3137.00000
21.93000	3060.00000
21.94000	3114.00000
21.95000	3160.00000
21.96000	3133.00000
21.97000	2970.00000
21.98000	3044.00000
21.99000	3028.00000
22.00000	3175.00000
22.01000	3205.00000
22.02000	3206.00000
22.03000	3158.00000
22.04000	3100.00000
22.05000	3046.00000
22.06000	3178.00000
22.07000	3129.00000
22.08000	3124.00000
22.09000	3019.00000
22.10000	3077.00000
22.11000	2954.00000
22.12000	2939.00000
22.13000	3035.00000
22.14000	3027.00000
22.15000	3025.00000
22.16000	3071.00000
22.17000	2973.00000
22.18000	3010.00000
22.19000	2927.00000
22.20000	2995.00000
22.21000	2918.00000
22.22000	2910.00000
22.23000	3000.00000
22.24000	2994.00000
22.25000	3006.00000
22.26000	3053.00000
22.27000	3041.00000
22.28000	3004.00000
22.29000	2967.00000
22.30000	2943.00000
22.31000	2967.00000
22.32000	3057.00000
22.33000	3041.00000
22.34000	2999.00000
22.35000	3097.00000
22.36000	2967.00000
22.37000	3023.00000
22.38000	3090.00000
22.39000	2969.00000
22.40000	3033.00000
22.41000	3029.00000
22.42000	2990.00000
22.43000	3037.00000
22.44000	3064.00000
22.45000	2973.00000
22.46000	3015.00000
22.47000	2950.00000
22.48000	2952.00000
22.49000	3008.00000
22.50000	2907.00000
22.51000	2957.00000
22.52000	2948.00000
22.53000	2979.00000
22.54000	3010.00000
22.55000	3006.00000
22.56000	2945.00000
22.57000	2996.00000
22.58000	2989.00000
22.59000	2882.00000
22.60000	2897.00000
22.61000	2990.00000
22.62000	3017.00000
22.63000	2966.00000
22.64000	3018.00000
22.65000	3083.00000
22.66000	3097.00000
22.67000	3131.00000
22.68000	3080.00000
22.69000	3088.00000
22.70000	3120.00000
22.71000	2937.00000
22.72000	2998.00000
22.73000	3073.00000
22.74000	3041.00000
22.75000	3050.00000
22.76000	3022.00000
22.77000	3082.00000
22.78000	3049.00000
22.79000	3060.00000
22.80000	3078.00000
22.81000	3133.00000
22.82000	3096.00000
22.83000	3132.00000
22.84000	3000.00000
22.85000	3212.00000
22.86000	3225.00000
22.87000	3225.00000
22.88000	3259.00000
22.89000	3216.00000
22.90000	3262.00000
22.91000	3350.00000
22.92000	3444.00000
22.93000	3418.00000
22.94000	3384.00000
22.95000	3411.00000
22.96000	3628.00000
22.97000	3698.00000
22.98000	3606.00000
22.99000	3621.00000
23.00000	3616.00000
23.01000	3619.00000
23.02000	3649.00000
23.03000	3579.00000
23.04000	3442.00000
23.05000	3493.00000
23.06000	3452.00000
23.07000	3387.00000
23.08000	3302.00000
23.09000	3272.00000
23.10000	3272.00000
23.11000	3112.00000
23.12000	3104.00000
23.13000	3111.00000
23.14000	3054.00000
23.15000	3111.00000
23.16000	3014.00000
23.17000	3093.00000
23.18000	3093.00000
23.19000	3091.00000
23.20000	3071.00000
23.21000	3125.00000
23.22000	3094.00000
23.23000	3111.00000
23.24000	3082.00000
23.25000	3069.00000
23.26000	3063.00000
23.27000	3044.00000
23.28000	3158.00000
23.29000	3208.00000
23.30000	3152.00000
23.31000	3147.00000
23.32000	3064.00000
23.33000	2994.00000
23.34000	3024.00000
23.35000	3072.00000
23.36000	3152.00000
23.37000	3160.00000
23.38000	3220.00000
23.39000	3239.00000
23.40000	3220.00000
23.41000	3160.00000
23.42000	3134.00000
23.43000	3113.00000
23.44000	3225.00000
23.45000	3328.00000
23.46000	3427.00000
23.47000	3444.00000
23.48000	3492.00000
23.49000	3453.00000
23.50000	3446.00000
23.51000	3638.00000
23.52000	3548.00000
23.53000	3594.00000
23.54000	3681.00000
23.55000	3624.00000
23.56000	3780.00000
23.57000	3884.00000
23.58000	3808.00000
23.59000	4066.00000
23.60000	4108.00000
23.61000	4191.00000
23.62000	4257.00000
23.63000	4498.00000
23.64000	4642.00000
23.65000	4635.00000
23.66000	4807.00000
23.67000	4790.00000
23.68000	4714.00000
23.69000	4714.00000
23.70000	4693.00000
23.71000	4537.00000
23.72000	4464.00000
23.73000	4445.00000
23.74000	4481.00000
23.75000	4339.00000
23.76000	4516.00000
23.77000	4506.00000
23.78000	4444.00000
23.79000	4375.00000
23.80000	4364.00000
23.81000	4355.00000
23.82000	4458.00000
23.83000	4363.00000
23.84000	4227.00000
23.85000	4154.00000
23.86000	4211.00000
23.87000	4276.00000
23.88000	4133.00000
23.89000	4071.00000
23.90000	4029.00000
23.91000	4060.00000
23.92000	4225.00000
23.93000	4233.00000
23.94000	4307.00000
23.95000	4269.00000
23.96000	4304.00000
23.97000	4509.00000
23.98000	4614.00000
23.99000	4797.00000
24.00000	4770.00000
24.01000	4922.00000
24.02000	5092.00000
24.03000	5369.00000
24.04000	5446.00000
24.05000	5628.00000
24.06000	6138.00000
24.07000	6408.00000
24.08000	6648.00000
24.09000	6986.00000
24.10000	7375.00000
24.11000	8058.00000
24.12000	8426.00000
24.13000	8859.00000
24.14000	9414.00000
24.15000	10405.00000
24.16000	11092.00000
24.17000	11283.00000
24.18000	11286.00000
24.19000	11415.00000
24.20000	11493.00000
24.21000	11188.00000
24.22000	10482.00000
24.23000	9601.00000
24.24000	8847.00000
24.25000	8291.00000
24.26000	7561.00000
24.27000	7015.00000
24.28000	6647.00000
24.29000	6279.00000
24.30000	6016.00000
24.31000	5810.00000
24.32000	5940.00000
24.33000	5782.00000
24.34000	5806.00000
24.35000	5871.00000
24.36000	6072.00000
24.37000	6146.00000
24.38000	6536.00000
24.39000	6921.00000
24.40000	7280.00000
24.41000	7735.00000
24.42000	8094.00000
24.43000	8328.00000
24.44000	8972.00000
24.45000	9125.00000
24.46000	9118.00000
24.47000	9220.00000
24.48000	9153.00000
24.49000	8679.00000
24.50000	8292.00000
24.51000	7683.00000
24.52000	7241.00000
24.53000	6760.00000
24.54000	6319.00000
24.55000	5821.00000
24.56000	5389.00000
24.57000	5020.00000
24.58000	4647.00000
24.59000	4336.00000
24.60000	4154.00000
24.61000	4023.00000
24.62000	3821.00000
24.63000	3653.00000
24.64000	3592.00000
24.65000	3479.00000
24.66000	3339.00000
24.67000	3336.00000
24.68000	3215.00000
24.69000	3140.00000
24.70000	3089.00000
24.71000	3117.00000
24.72000	3038.00000
24.73000	2981.00000
24.74000	2965.00000
24.75000	3058.00000
24.76000	3036.00000
24.77000	3034.00000
24.78000	2996.00000
24.79000	3027.00000
24.80000	2942.00000
24.81000	2891.00000
24.82000	2888.00000
24.83000	3052.00000
24.84000	2964.00000
24.85000	2862.00000
24.86000	2843.00000
24.87000	2908.00000
24.88000	2848.00000
24.89000	2765.00000
24.90000	2776.00000
24.91000	2798.00000
24.92000	2723.00000
24.93000	2804.00000
24.94000	2868.00000
24.95000	2849.00000
24.96000	2811.00000
24.97000	2783.00000
24.98000	2762.00000
24.99000	2767.00000
25.00000	2861.00000
25.01000	2789.00000
25.02000	2758.00000
25.03000	2762.00000
25.04000	2811.00000
25.05000	2733.00000
25.06000	2782.00000
25.07000	2785.00000
25.08000	2679.00000
25.09000	2665.00000
25.10000	2677.00000
25.11000	2727.00000
25.12000	2648.00000
25.13000	2665.00000
25.14000	2779.00000
25.15000	2795.00000
25.16000	2742.00000
25.17000	2684.00000
25.18000	2748.00000
25.19000	2808.00000
25.20000	2779.00000
25.21000	2782.00000
25.22000	2749.00000
25.23000	2768.00000
25.24000	2705.00000
25.25000	2719.00000
25.26000	2726.00000
25.27000	2812.00000
25.28000	2716.00000
25.29000	2764.00000
25.30000	2768.00000
25.31000	2723.00000
25.32000	2697.00000
25.33000	2699.00000
25.34000	2697.00000
25.35000	2685.00000
25.36000	2714.00000
25.37000	2765.00000
25.38000	2771.00000
25.39000	2627.00000
25.40000	2724.00000
25.41000	2811.00000
25.42000	2710.00000
25.43000	2696.00000
25.44000	2721.00000
25.45000	2906.00000
25.46000	2765.00000
25.47000	2807.00000
25.48000	2920.00000
25.49000	2838.00000
25.50000	2838.00000
25.51000	2777.00000
25.52000	2737.00000
25.53000	2827.00000
25.54000	2835.00000
25.55000	2707.00000
25.56000	2753.00000
25.57000	2771.00000
25.58000	2780.00000
25.59000	2905.00000
25.60000	2853.00000
25.61000	2907.00000
25.62000	2925.00000
25.63000	2989.00000
25.64000	2951.00000
25.65000	2855.00000
25.66000	2930.00000
25.67000	2909.00000
25.68000	2978.00000
25.69000	3062.00000
25.70000	3078.00000
25.71000	3152.00000
25.72000	3219.00000
25.73000	3223.00000
25.74000	3209.00000
25.75000	3259.00000
25.76000	3315.00000
25.77000	3497.00000
25.78000	3439.00000
25.79000	3527.00000
25.80000	3543.00000
25.81000	3736.00000
25.82000	3930.00000
25.83000	4099.00000
25.84000	4185.00000
25.85000	4189.00000
25.86000	4350.00000
25.87000	4472.00000
25.88000	4730.00000
25.89000	5067.00000
25.90000	5116.00000
25.91000	5578.00000
25.92000	5947.00000
25.93000	6309.00000
25.94000	6692.00000
25.95000	7151.00000
25.96000	7402.00000
25.97000	7658.00000
25.98000	7814.00000
25.99000	8097.00000
26.00000	7875.00000
26.01000	7693.00000
26.02000	7177.00000
26.03000	6692.00000
26.04000	6278.00000
26.05000	5773.00000
26.06000	5127.00000
26.07000	4753.00000
26.08000	4418.00000
26.09000	4129.00000
26.10000	3795.00000
26.11000	3558.00000
26.12000	3462.00000
26.13000	3237.00000
26.14000	3124.00000
26.15000	3001.00000
26.16000	2991.00000
26.17000	2969.00000
26.18000	2936.00000
26.19000	2975.00000
26.20000	2933.00000
26.21000	2944.00000
26.22000	2981.00000
26.23000	2802.00000
26.24000	2716.00000
26.25000	2782.00000
26.26000	2808.00000
26.27000	2789.00000
26.28000	2731.00000
26.29000	2738.00000
26.30000	2818.00000
26.31000	2740.00000
26.32000	2755.00000
26.33000	2748.00000
26.34000	2721.00000
26.35000	2706.00000
26.36000	2719.00000
26.37000	2671.00000
26.38000	2653.00000
26.39000	2630.00000
26.40000	2714.00000
26.41000	2707.00000
26.42000	2641.00000
26.43000	2612.00000
26.44000	2665.00000
26.45000	2662.00000
26.46000	2714.00000
26.47000	2690.00000
26.48000	2741.00000
26.49000	2655.00000
26.50000	2572.00000
26.51000	2604.00000
26.52000	2631.00000
26.53000	2572.00000
26.54000	2738.00000
26.55000	2716.00000
26.56000	2669.00000
26.57000	2671.00000
26.58000	2630.00000
26.59000	2633.00000
26.60000	2583.00000
26.61000	2578.00000
26.62000	2609.00000
26.63000	2622.00000
26.64000	2617.00000
26.65000	2674.00000
26.66000	2670.00000
26.67000	2674.00000
26.68000	2641.00000
26.69000	2656.00000
26.70000	2618.00000
26.71000	2671.00000
26.72000	2715.00000
26.73000	2657.00000
26.74000	2599.00000
26.75000	2647.00000
26.76000	2747.00000
26.77000	2712.00000
26.78000	2615.00000
26.79000	2674.00000
26.80000	2722.00000
26.81000	2694.00000
26.82000	2653.00000
26.83000	2731.00000
26.84000	2655.00000
26.85000	2744.00000
26.86000	2806.00000
26.87000	2754.00000
26.88000	2772.00000
26.89000	2833.00000
26.90000	2798.00000
26.91000	2767.00000
26.92000	2901.00000
26.93000	2896.00000
26.94000	2870.00000
26.95000	2968.00000
26.96000	2913.00000
26.97000	2976.00000
26.98000	2934.00000
26.99000	3106.00000
27.00000	3037.00000
27.01000	3097.00000
27.02000	3062.00000
27.03000	3165.00000
27.04000	3207.00000
27.05000	3178.00000
27.06000	3250.00000
27.07000	3348.00000
27.08000	3404.00000
27.09000	3474.00000
27.10000	3541.00000
27.11000	3695.00000
27.12000	3791.00000
27.13000	4032.00000
27.14000	4087.00000
27.15000	4087.00000
27.16000	4163.00000
27.17000	4234.00000
27.18000	4416.00000
27.19000	4549.00000
27.20000	4549.00000
27.21000	4573.00000
27.22000	4669.00000
27.23000	4754.00000
27.24000	4746.00000
27.25000	4798.00000
27.26000	4909.00000
27.27000	4949.00000
27.28000	4973.00000
27.29000	5038.00000
27.30000	5293.00000
27.31000	5631.00000
27.32000	5725.00000
27.33000	5926.00000
27.34000	6257.00000
27.35000	6623.00000
27.36000	7013.00000
27.37000	7444.00000
27.38000	7900.00000
27.39000	8311.00000
27.40000	8883.00000
27.41000	9567.00000
27.42000	10217.00000
27.43000	11105.00000
27.44000	11179.00000
27.45000	11107.00000
27.46000	11463.00000
27.47000	11322.00000
27.48000	10847.00000
27.49000	10130.00000
27.50000	9380.00000
27.51000	8745.00000
27.52000	8013.00000
27.53000	7330.00000
27.54000	6680.00000
27.55000	6110.00000
27.56000	5559.00000
27.57000	5214.00000
27.58000	4985.00000
27.59000	4545.00000
27.60000	4425.00000
27.61000	4417.00000
27.62000	4324.00000
27.63000	4231.00000
27.64000	4035.00000
27.65000	3942.00000
27.66000	3820.00000
27.67000	3814.00000
27.68000	3787.00000
27.69000	3531.00000
27.70000	3508.00000
27.71000	3465.00000
27.72000	3460.00000
27.73000	3372.00000
27.74000	3131.00000
27.75000	3155.00000
27.76000	3147.00000
27.77000	3119.00000
27.78000	3160.00000
27.79000	3116.00000
27.80000	2952.00000
27.81000	2827.00000
27.82000	2873.00000
27.83000	2876.00000
27.84000	2847.00000
27.85000	2770.00000
27.86000	2833.00000
27.87000	2770.00000
27.88000	2770.00000
27.89000	2699.00000
27.90000	2710.00000
27.91000	2685.00000
27.92000	2674.00000
27.93000	2626.00000
27.94000	2707.00000
27.95000	2698.00000
27.96000	2758.00000
27.97000	2747.00000
27.98000	2596.00000
27.99000	2574.00000
28.00000	2611.00000
28.01000	2551.00000
28.02000	2654.00000
28.03000	2578.00000
28.04000	2551.00000
28.05000	2670.00000
28.06000	2624.00000
28.07000	2664.00000
28.08000	2610.00000
28.09000	2531.00000
28.10000	2531.00000
28.11000	2535.00000
28.12000	2509.00000
28.13000	2570.00000
28.14000	2612.00000
28.15000	2581.00000
28.16000	2566.00000
28.17000	2557.00000
28.18000	2583.00000
28.19000	2627.00000
28.20000	2545.00000
28.21000	2581.00000
28.22000	2609.00000
28.23000	2589.00000
28.24000	2617.00000
28.25000	2531.00000
28.26000	2561.00000
28.27000	2609.00000
28.28000	2611.00000
28.29000	2539.00000
28.30000	2614.00000
28.31000	2553.00000
28.32000	2617.00000
28.33000	2683.00000
28.34000	2652.00000
28.35000	2668.00000
28.36000	2656.00000
28.37000	2648.00000
28.38000	2641.00000
28.39000	2647.00000
28.40000	2743.00000
28.41000	2692.00000
28.42000	2684.00000
28.43000	2773.00000
28.44000	2713.00000
28.45000	2756.00000
28.46000	2811.00000
28.47000	2891.00000
28.48000	2910.00000
28.49000	2899.00000
28.50000	2972.00000
28.51000	2939.00000
28.52000	3029.00000
28.53000	3130.00000
28.54000	3146.00000
28.55000	3203.00000
28.56000	3339.00000
28.57000	3349.00000
28.58000	3354.00000
28.59000	3405.00000
28.60000	3502.00000
28.61000	3631.00000
28.62000	3770.00000
28.63000	4007.00000
28.64000	4069.00000
28.65000	4163.00000
28.66000	4211.00000
28.67000	4375.00000
28.68000	4500.00000
28.69000	4636.00000
28.70000	4807.00000
28.71000	4758.00000
28.72000	4732.00000
28.73000	4675.00000
28.74000	4588.00000
28.75000	4641.00000
28.76000	4471.00000
28.77000	4399.00000
28.78000	4373.00000
28.79000	4330.00000
28.80000	4172.00000
28.81000	4195.00000
28.82000	4184.00000
28.83000	4208.00000
28.84000	4367.00000
28.85000	4480.00000
28.86000	4578.00000
28.87000	4775.00000
28.88000	4965.00000
28.89000	5207.00000
28.90000	5459.00000
28.91000	5974.00000
28.92000	6228.00000
28.93000	6543.00000
28.94000	6909.00000
28.95000	7177.00000
28.96000	7416.00000
28.97000	7616.00000
28.98000	7872.00000
28.99000	7950.00000
29.00000	7676.00000
29.01000	7619.00000
29.02000	7559.00000
29.03000	7581.00000
29.04000	7272.00000
29.05000	6992.00000
29.06000	6977.00000
29.07000	7025.00000
29.08000	6993.00000
29.09000	7009.00000
29.10000	7143.00000
29.11000	7246.00000
29.12000	7370.00000
29.13000	7338.00000
29.14000	7297.00000
29.15000	7205.00000
29.16000	7209.00000
29.17000	7288.00000
29.18000	7157.00000
29.19000	7199.00000
29.20000	7352.00000
29.21000	7228.00000
29.22000	7354.00000
29.23000	7573.00000
29.24000	7939.00000
29.25000	7965.00000
29.26000	8133.00000
29.27000	8685.00000
29.28000	9206.00000
29.29000	9917.00000
29.30000	10515.00000
29.31000	11548.00000
29.32000	12059.00000
29.33000	12815.00000
29.34000	13883.00000
29.35000	15124.00000
29.36000	16456.00000
29.37000	17718.00000
29.38000	19385.00000
29.39000	21167.00000
29.40000	23183.00000
29.41000	25534.00000
29.42000	28116.00000
29.43000	31106.00000
29.44000	34998.00000
29.45000	39271.00000
29.46000	44078.00000
29.47000	49344.00000
29.48000	55251.00000
29.49000	61475.00000
29.50000	67669.00000
29.51000	73886.00000
29.52000	79069.00000
29.53000	81508.00000
29.54000	82015.00000
29.55000	80118.00000
29.56000	76714.00000
29.57000	70849.00000
29.58000	65138.00000
29.59000	58474.00000
29.60000	50778.00000
29.61000	44087.00000
29.62000	37761.00000
29.63000	32026.00000
29.64000	26802.00000
29.65000	22366.00000
29.66000	19097.00000
29.67000	16418.00000
29.68000	14265.00000
29.69000	12571.00000
29.70000	11182.00000
29.71000	10192.00000
29.72000	9463.00000
29.73000	8963.00000
29.74000	8247.00000
29.75000	8094.00000
29.76000	7762.00000
29.77000	7650.00000
29.78000	7549.00000
29.79000	7674.00000
29.80000	7785.00000
29.81000	7850.00000
29.82000	8023.00000
29.83000	8409.00000
29.84000	8721.00000
29.85000	8946.00000
29.86000	9342.00000
29.87000	9978.00000
29.88000	10516.00000
29.89000	11308.00000
29.90000	12253.00000
29.91000	13360.00000
29.92000	14509.00000
29.93000	15481.00000
29.94000	16668.00000
29.95000	17564.00000
29.96000	18325.00000
29.97000	18843.00000
29.98000	18617.00000
29.99000	18188.00000
30.00000	17420.00000
30.01000	16632.00000
30.02000	15550.00000
30.03000	14634.00000
30.04000	13802.00000
30.05000	12818.00000
30.06000	12058.00000
30.07000	11883.00000
30.08000	11357.00000
30.09000	10692.00000
30.10000	10476.00000
30.11000	10271.00000
30.12000	9668.00000
30.13000	9128.00000
30.14000	8717.00000
30.15000	8055.00000
30.16000	7338.00000
30.17000	7017.00000
30.18000	6512.00000
30.19000	6081.00000
30.20000	5702.00000
30.21000	5358.00000
30.22000	4984.00000
30.23000	4926.00000
30.24000	4754.00000
30.25000	4622.00000
30.26000	4280.00000
30.27000	4145.00000
30.28000	4091.00000
30.29000	4037.00000
30.30000	3970.00000
30.31000	3968.00000
30.32000	4255.00000
30.33000	4148.00000
30.34000	3979.00000
30.35000	3938.00000
30.36000	3810.00000
30.37000	3952.00000
30.38000	4063.00000
30.39000	4102.00000
30.40000	4017.00000
30.41000	4147.00000
30.42000	4307.00000
30.43000	4392.00000
30.44000	4476.00000
30.45000	4578.00000
30.46000	4643.00000
30.47000	4772.00000
30.48000	5159.00000
30.49000	5304.00000
30.50000	5615.00000
30.51000	5854.00000
30.52000	6174.00000
30.53000	6498.00000
30.54000	6968.00000
30.55000	7163.00000
30.56000	7776.00000
30.57000	8400.00000
30.58000	8951.00000
30.59000	9432.00000
30.60000	10088.00000
30.61000	11187.00000
30.62000	12024.00000
30.63000	12774.00000
30.64000	14000.00000
30.65000	15228.00000
30.66000	16809.00000
30.67000	18525.00000
30.68000	20544.00000
30.69000	22089.00000
30.70000	24454.00000
30.71000	26668.00000
30.72000	29564.00000
30.73000	33505.00000
30.74000	36884.00000
30.75000	41395.00000
30.76000	47229.00000
30.77000	51694.00000
30.78000	58079.00000
30.79000	64544.00000
30.80000	70167.00000
30.81000	75069.00000
30.82000	78710.00000
30.83000	79680.00000
30.84000	77684.00000
30.85000	74596.00000
30.86000	69517.00000
30.87000	63667.00000
30.88000	56701.00000
30.89000	49664.00000
30.90000	43028.00000
30.91000	36675.00000
30.92000	31330.00000
30.93000	26286.00000
30.94000	21762.00000
30.95000	18386.00000
30.96000	15365.00000
30.97000	13168.00000
30.98000	11304.00000
30.99000	10050.00000
31.00000	8932.00000
31.01000	7970.00000
31.02000	7260.00000
31.03000	6768.00000
31.04000	6260.00000
31.05000	5756.00000
31.06000	5416.00000
31.07000	5169.00000
31.08000	4897.00000
31.09000	4607.00000
31.10000	4545.00000
31.11000	4328.00000
31.12000	4302.00000
31.13000	4072.00000
31.14000	3994.00000
31.15000	3848.00000
31.16000	3708.00000
31.17000	3699.00000
31.18000	3674.00000
31.19000	3554.00000
31.20000	3589.00000
31.21000	3566.00000
31.22000	3569.00000
31.23000	3445.00000
31.24000	3585.00000
31.25000	3629.00000
31.26000	3536.00000
31.27000	3479.00000
31.28000	3469.00000
31.29000	3535.00000
31.30000	3683.00000
31.31000	3523.00000
31.32000	3466.00000
31.33000	3365.00000
31.34000	3366.00000
31.35000	3401.00000
31.36000	3273.00000
31.37000	3164.00000
31.38000	3236.00000
31.39000	3161.00000
31.40000	3100.00000
31.41000	3093.00000
31.42000	3007.00000
31.43000	2936.00000
31.44000	3086.00000
31.45000	2910.00000
31.46000	2876.00000
31.47000	2819.00000
31.48000	2851.00000
31.49000	2812.00000
31.50000	2831.00000
31.51000	2747.00000
31.52000	2685.00000
31.53000	2737.00000
31.54000	2698.00000
31.55000	2673.00000
31.56000	2502.00000
31.57000	2508.00000
31.58000	2579.00000
31.59000	2541.00000
31.60000	2498.00000
31.61000	2526.00000
31.62000	2523.00000
31.63000	2498.00000
31.64000	2461.00000
31.65000	2432.00000
31.66000	2454.00000
31.67000	2513.00000
31.68000	2529.00000
31.69000	2527.00000
31.70000	2482.00000
31.71000	2504.00000
31.72000	2432.00000
31.73000	2375.00000
31.74000	2392.00000
31.75000	2376.00000
31.76000	2384.00000
31.77000	2443.00000
31.78000	2424.00000
31.79000	2382.00000
31.80000	2451.00000
31.81000	2471.00000
31.82000	2479.00000
31.83000	2438.00000
31.84000	2410.00000
31.85000	2372.00000
31.86000	2375.00000
31.87000	2477.00000
31.88000	2373.00000
31.89000	2353.00000
31.90000	2354.00000
31.91000	2402.00000
31.92000	2419.00000
31.93000	2346.00000
31.94000	2373.00000
31.95000	2509.00000
31.96000	2513.00000
31.97000	2417.00000
31.98000	2395.00000
31.99000	2442.00000
32.00000	2336.00000
32.01000	2356.00000
32.02000	2395.00000
32.03000	2440.00000
32.04000	2443.00000
32.05000	2379.00000
32.06000	2351.00000
32.07000	2355.00000
32.08000	2324.00000
32.09000	2371.00000
32.10000	2397.00000
32.11000	2428.00000
32.12000	2306.00000
32.13000	2290.00000
32.14000	2385.00000
32.15000	2409.00000
32.16000	2372.00000
32.17000	2375.00000
32.18000	2388.00000
32.19000	2349.00000
32.20000	2394.00000
32.21000	2430.00000
32.22000	2429.00000
32.23000	2529.00000
32.24000	2447.00000
32.25000	2395.00000
32.26000	2423.00000
32.27000	2382.00000
32.28000	2402.00000
32.29000	2367.00000
32.30000	2435.00000
32.31000	2404.00000
32.32000	2429.00000
32.33000	2520.00000
32.34000	2479.00000
32.35000	2483.00000
32.36000	2558.00000
32.37000	2605.00000
32.38000	2588.00000
32.39000	2596.00000
32.40000	2662.00000
32.41000	2610.00000
32.42000	2679.00000
32.43000	2740.00000
32.44000	2647.00000
32.45000	2695.00000
32.46000	2715.00000
32.47000	2735.00000
32.48000	2678.00000
32.49000	2747.00000
32.50000	2801.00000
32.51000	2831.00000
32.52000	2940.00000
32.53000	2913.00000
32.54000	2887.00000
32.55000	3038.00000
32.56000	3121.00000
32.57000	3227.00000
32.58000	3358.00000
32.59000	3428.00000
32.60000	3620.00000
32.61000	3613.00000
32.62000	3818.00000
32.63000	3910.00000
32.64000	4112.00000
32.65000	4306.00000
32.66000	4424.00000
32.67000	4558.00000
32.68000	4682.00000
32.69000	5078.00000
32.70000	5452.00000
32.71000	5545.00000
32.72000	6096.00000
32.73000	6760.00000
32.74000	7301.00000
32.75000	7817.00000
32.76000	8451.00000
32.77000	9105.00000
32.78000	9864.00000
32.79000	10688.00000
32.80000	11875.00000
32.81000	13358.00000
32.82000	14568.00000
32.83000	15903.00000
32.84000	17558.00000
32.85000	19393.00000
32.86000	21296.00000
32.87000	23240.00000
32.88000	24555.00000
32.89000	25544.00000
32.90000	26312.00000
32.91000	26649.00000
32.92000	25870.00000
32.93000	24690.00000
32.94000	23149.00000
32.95000	21565.00000
32.96000	19501.00000
32.97000	17138.00000
32.98000	14998.00000
32.99000	13194.00000
33.00000	11725.00000
33.01000	10130.00000
33.02000	8723.00000
33.03000	7815.00000
33.04000	6945.00000
33.05000	6049.00000
33.06000	5524.00000
33.07000	4960.00000
33.08000	4588.00000
33.09000	4290.00000
33.10000	4041.00000
33.11000	3820.00000
33.12000	3631.00000
33.13000	3556.00000
33.14000	3478.00000
33.15000	3282.00000
33.16000	3227.00000
33.17000	3195.00000
33.18000	3190.00000
33.19000	3114.00000
33.20000	3015.00000
33.21000	2908.00000
33.22000	2868.00000
33.23000	2875.00000
33.24000	2830.00000
33.25000	2738.00000
33.26000	2692.00000
33.27000	2836.00000
33.28000	2668.00000
33.29000	2601.00000
33.30000	2544.00000
33.31000	2503.00000
33.32000	2501.00000
33.33000	2434.00000
33.34000	2447.00000
33.35000	2417.00000
33.36000	2398.00000
33.37000	2413.00000
33.38000	2506.00000
33.39000	2456.00000
33.40000	2374.00000
33.41000	2394.00000
33.42000	2473.00000
33.43000	2473.00000
33.44000	2494.00000
33.45000	2472.00000
33.46000	2594.00000
33.47000	2505.00000
33.48000	2480.00000
33.49000	2509.00000
33.50000	2412.00000
33.51000	2499.00000
33.52000	2608.00000
33.53000	2623.00000
33.54000	2600.00000
33.55000	2529.00000
33.56000	2436.00000
33.57000	2430.00000
33.58000	2494.00000
33.59000	2465.00000
33.60000	2394.00000
33.61000	2327.00000
33.62000	2383.00000
33.63000	2401.00000
33.64000	2316.00000
33.65000	2307.00000
33.66000	2242.00000
33.67000	2247.00000
33.68000	2299.00000
33.69000	2287.00000
33.70000	2252.00000
33.71000	2274.00000
33.72000	2319.00000
33.73000	2265.00000
33.74000	2246.00000
33.75000	2312.00000
33.76000	2230.00000
33.77000	2160.00000
33.78000	2245.00000
33.79000	2232.00000
33.80000	2229.00000
33.81000	2274.00000
33.82000	2269.00000
33.83000	2256.00000
33.84000	2262.00000
33.85000	2288.00000
33.86000	2305.00000
33.87000	2303.00000
33.88000	2279.00000
33.89000	2300.00000
33.90000	2312.00000
33.91000	2376.00000
33.92000	2324.00000
33.93000	2226.00000
33.94000	2314.00000
33.95000	2361.00000
33.96000	2279.00000
33.97000	2364.00000
33.98000	2337.00000
33.99000	2420.00000
34.00000	2491.00000
34.01000	2577.00000
34.02000	2427.00000
34.03000	2441.00000
34.04000	2569.00000
34.05000	2479.00000
34.06000	2443.00000
34.07000	2542.00000
34.08000	2533.00000
34.09000	2503.00000
34.10000	2490.00000
34.11000	2479.00000
34.12000	2456.00000
34.13000	2390.00000
34.14000	2385.00000
34.15000	2438.00000
34.16000	2446.00000
34.17000	2369.00000
34.18000	2311.00000
34.19000	2329.00000
34.20000	2282.00000
34.21000	2247.00000
34.22000	2270.00000
34.23000	2239.00000
34.24000	2292.00000
34.25000	2297.00000
34.26000	2202.00000
34.27000	2264.00000
34.28000	2154.00000
34.29000	2134.00000
34.30000	2138.00000
34.31000	2123.00000
34.32000	2163.00000
34.33000	2156.00000
34.34000	2164.00000
34.35000	2148.00000
34.36000	2177.00000
34.37000	2164.00000
34.38000	2234.00000
34.39000	2139.00000
34.40000	2118.00000
34.41000	2162.00000
34.42000	2152.00000
34.43000	2172.00000
34.44000	2178.00000
34.45000	2189.00000
34.46000	2132.00000
34.47000	2153.00000
34.48000	2133.00000
34.49000	2137.00000
34.50000	2092.00000
34.51000	2100.00000
34.52000	2179.00000
34.53000	2185.00000
34.54000	2100.00000
34.55000	2109.00000
34.56000	2190.00000
34.57000	2164.00000
34.58000	2071.00000
34.59000	2090.00000
34.60000	2124.00000
34.61000	2138.00000
34.62000	2179.00000
34.63000	2184.00000
34.64000	2164.00000
34.65000	2206.00000
34.66000	2189.00000
34.67000	2177.00000
34.68000	2103.00000
34.69000	2090.00000
34.70000	2227.00000
34.71000	2206.00000
34.72000	2233.00000
34.73000	2246.00000
34.74000	2297.00000
34.75000	2253.00000
34.76000	2307.00000
34.77000	2273.00000
34.78000	2335.00000
34.79000	2290.00000
34.80000	2243.00000
34.81000	2334.00000
34.82000	2351.00000
34.83000	2309.00000
34.84000	2341.00000
34.85000	2318.00000
34.86000	2271.00000
34.87000	2262.00000
34.88000	2216.00000
34.89000	2253.00000
34.90000	2261.00000
34.91000	2224.00000
34.92000	2238.00000
34.93000	2170.00000
34.94000	2213.00000
34.95000	2135.00000
34.96000	2083.00000
34.97000	2069.00000
34.98000	2063.00000
34.99000	2122.00000
35.00000	2087.00000
35.01000	2186.00000
35.02000	2249.00000
35.03000	2193.00000
35.04000	2181.00000
35.05000	2178.00000
35.06000	2131.00000
35.07000	2092.00000
35.08000	2199.00000
35.09000	2146.00000
35.10000	2165.00000
35.11000	2145.00000
35.12000	2111.00000
35.13000	2205.00000
35.14000	2189.00000
35.15000	2117.00000
35.16000	2188.00000
35.17000	2208.00000
35.18000	2186.00000
35.19000	2125.00000
35.20000	2129.00000
35.21000	2118.00000
35.22000	2145.00000
35.23000	2166.00000
35.24000	2122.00000
35.25000	2197.00000
35.26000	2223.00000
35.27000	2183.00000
35.28000	2190.00000
35.29000	2164.00000
35.30000	2199.00000
35.31000	2195.00000
35.32000	2247.00000
35.33000	2229.00000
35.34000	2174.00000
35.35000	2218.00000
35.36000	2245.00000
35.37000	2278.00000
35.38000	2312.00000
35.39000	2321.00000
35.40000	2233.00000
35.41000	2313.00000
35.42000	2318.00000
35.43000	2350.00000
35.44000	2418.00000
35.45000	2432.00000
35.46000	2418.00000
35.47000	2418.00000
35.48000	2576.00000
35.49000	2574.00000
35.50000	2521.00000
35.51000	2582.00000
35.52000	2495.00000
35.53000	2577.00000
35.54000	2644.00000
35.55000	2709.00000
35.56000	2803.00000
35.57000	2770.00000
35.58000	2820.00000
35.59000	2826.00000
35.60000	2868.00000
35.61000	2831.00000
35.62000	2955.00000
35.63000	2930.00000
35.64000	2975.00000
35.65000	3021.00000
35.66000	3148.00000
35.67000	3199.00000
35.68000	3331.00000
35.69000	3276.00000
35.70000	3412.00000
35.71000	3577.00000
35.72000	3652.00000
35.73000	3803.00000
35.74000	3940.00000
35.75000	4140.00000
35.76000	4323.00000
35.77000	4545.00000
35.78000	4934.00000
35.79000	5126.00000
35.80000	5482.00000
35.81000	6024.00000
35.82000	6566.00000
35.83000	7137.00000
35.84000	7861.00000
35.85000	8558.00000
35.86000	9599.00000
35.87000	10867.00000
35.88000	11934.00000
35.89000	13161.00000
35.90000	14663.00000
35.91000	16602.00000
35.92000	18661.00000
35.93000	21290.00000
35.94000	23988.00000
35.95000	27020.00000
35.96000	30285.00000
35.97000	33336.00000
35.98000	35904.00000
35.99000	38490.00000
36.00000	40185.00000
36.01000	41307.00000
36.02000	40673.00000
36.03000	39360.00000
36.04000	36433.00000
36.05000	33223.00000
36.06000	30089.00000
36.07000	26081.00000
36.08000	22583.00000
36.09000	19472.00000
36.10000	16802.00000
36.11000	14144.00000
36.12000	12216.00000
36.13000	10655.00000
36.14000	9195.00000
36.15000	8127.00000
36.16000	7559.00000
36.17000	6753.00000
36.18000	6350.00000
36.19000	5937.00000
36.20000	5509.00000
36.21000	5368.00000
36.22000	5139.00000
36.23000	4800.00000
36.24000	4575.00000
36.25000	4348.00000
36.26000	4143.00000
36.27000	3920.00000
36.28000	3753.00000
36.29000	3605.00000
36.30000	3442.00000
36.31000	3216.00000
36.32000	3218.00000
36.33000	3240.00000
36.34000	3067.00000
36.35000	2995.00000
36.36000	2834.00000
36.37000	2903.00000
36.38000	2867.00000
36.39000	2841.00000
36.40000	2640.00000
36.41000	2526.00000
36.42000	2495.00000
36.43000	2529.00000
36.44000	2449.00000
36.45000	2431.00000
36.46000	2455.00000
36.47000	2383.00000
36.48000	2386.00000
36.49000	2343.00000
36.50000	2408.00000
36.51000	2313.00000
36.52000	2310.00000
36.53000	2273.00000
36.54000	2236.00000
36.55000	2336.00000
36.56000	2297.00000
36.57000	2284.00000
36.58000	2275.00000
36.59000	2267.00000
36.60000	2290.00000
36.61000	2206.00000
36.62000	2195.00000
36.63000	2295.00000
36.64000	2217.00000
36.65000	2253.00000
36.66000	2244.00000
36.67000	2304.00000
36.68000	2226.00000
36.69000	2223.00000
36.70000	2191.00000
36.71000	2241.00000
36.72000	2215.00000
36.73000	2283.00000
36.74000	2304.00000
36.75000	2290.00000
36.76000	2218.00000
36.77000	2283.00000
36.78000	2294.00000
36.79000	2269.00000
36.80000	2301.00000
36.81000	2331.00000
36.82000	2472.00000
36.83000	2539.00000
36.84000	2509.00000
36.85000	2468.00000
36.86000	2559.00000
36.87000	2554.00000
36.88000	2592.00000
36.89000	2633.00000
36.90000	2638.00000
36.91000	2641.00000
36.92000	2682.00000
36.93000	2679.00000
36.94000	2773.00000
36.95000	2706.00000
36.96000	2680.00000
36.97000	2709.00000
36.98000	2667.00000
36.99000	2620.00000
37.00000	2585.00000
37.01000	2594.00000
37.02000	2697.00000
37.03000	2635.00000
37.04000	2581.00000
37.05000	2627.00000
37.06000	2631.00000
37.07000	2606.00000
37.08000	2619.00000
37.09000	2530.00000
37.10000	2580.00000
37.11000	2668.00000
37.12000	2659.00000
37.13000	2757.00000
37.14000	2861.00000
37.15000	2834.00000
37.16000	2837.00000
37.17000	2803.00000
37.18000	2816.00000
37.19000	2927.00000
37.20000	2883.00000
37.21000	2940.00000
37.22000	2983.00000
37.23000	2956.00000
37.24000	2888.00000
37.25000	3038.00000
37.26000	2939.00000
37.27000	2933.00000
37.28000	2924.00000
37.29000	2976.00000
37.30000	3050.00000
37.31000	3157.00000
37.32000	3263.00000
37.33000	3249.00000
37.34000	3347.00000
37.35000	3413.00000
37.36000	3349.00000
37.37000	3537.00000
37.38000	3559.00000
37.39000	3615.00000
37.40000	3680.00000
37.41000	3725.00000
37.42000	3836.00000
37.43000	3814.00000
37.44000	3707.00000
37.45000	3631.00000
37.46000	3725.00000
37.47000	3683.00000
37.48000	3773.00000
37.49000	3796.00000
37.50000	3962.00000
37.51000	4129.00000
37.52000	4309.00000
37.53000	4621.00000
37.54000	4657.00000
37.55000	4854.00000
37.56000	5322.00000
37.57000	5887.00000
37.58000	6157.00000
37.59000	6589.00000
37.60000	6888.00000
37.61000	7337.00000
37.62000	7688.00000
37.63000	7898.00000
37.64000	8051.00000
37.65000	7943.00000
37.66000	7797.00000
37.67000	7432.00000
37.68000	7021.00000
37.69000	6681.00000
37.70000	6152.00000
37.71000	5674.00000
37.72000	5084.00000
37.73000	4655.00000
37.74000	4154.00000
37.75000	3815.00000
37.76000	3584.00000
37.77000	3376.00000
37.78000	3128.00000
37.79000	2978.00000
37.80000	2869.00000
37.81000	2754.00000
37.82000	2607.00000
37.83000	2559.00000
37.84000	2535.00000
37.85000	2492.00000
37.86000	2369.00000
37.87000	2380.00000
37.88000	2492.00000
37.89000	2408.00000
37.90000	2363.00000
37.91000	2376.00000
37.92000	2474.00000
37.93000	2485.00000
37.94000	2530.00000
37.95000	2643.00000
37.96000	2591.00000
37.97000	2700.00000
37.98000	2780.00000
37.99000	2779.00000
38.00000	2850.00000
38.01000	3005.00000
38.02000	3083.00000
38.03000	3144.00000
38.04000	3195.00000
38.05000	3313.00000
38.06000	3451.00000
38.07000	3620.00000
38.08000	3644.00000
38.09000	3759.00000
38.10000	3910.00000
38.11000	4170.00000
38.12000	4289.00000
38.13000	4556.00000
38.14000	4919.00000
38.15000	5216.00000
38.16000	5255.00000
38.17000	5395.00000
38.18000	5337.00000
38.19000	5281.00000
38.20000	5050.00000
38.21000	5036.00000
38.22000	4593.00000
38.23000	4308.00000
38.24000	3974.00000
38.25000	3722.00000
38.26000	3433.00000
38.27000	3242.00000
38.28000	2980.00000
38.29000	2884.00000
38.30000	2726.00000
38.31000	2601.00000
38.32000	2502.00000
38.33000	2377.00000
38.34000	2336.00000
38.35000	2366.00000
38.36000	2306.00000
38.37000	2300.00000
38.38000	2221.00000
38.39000	2144.00000
38.40000	2141.00000
38.41000	2191.00000
38.42000	2180.00000
38.43000	2231.00000
38.44000	2271.00000
38.45000	2188.00000
38.46000	2215.00000
38.47000	2244.00000
38.48000	2215.00000
38.49000	2169.00000
38.50000	2161.00000
38.51000	2188.00000
38.52000	2181.00000
38.53000	2209.00000
38.54000	2300.00000
38.55000	2364.00000
38.56000	2377.00000
38.57000	2379.00000
38.58000	2416.00000
38.59000	2461.00000
38.60000	2607.00000
38.61000	2699.00000
38.62000	2748.00000
38.63000	2744.00000
38.64000	2883.00000
38.65000	3049.00000
38.66000	3081.00000
38.67000	3007.00000
38.68000	2955.00000
38.69000	3065.00000
38.70000	2908.00000
38.71000	2931.00000
38.72000	2805.00000
38.73000	2709.00000
38.74000	2636.00000
38.75000	2452.00000
38.76000	2412.00000
38.77000	2393.00000
38.78000	2361.00000
38.79000	2256.00000
38.80000	2169.00000
38.81000	2209.00000
38.82000	2140.00000
38.83000	2097.00000
38.84000	2135.00000
38.85000	2075.00000
38.86000	2047.00000
38.87000	2044.00000
38.88000	1989.00000
38.89000	1965.00000
38.90000	1925.00000
38.91000	1950.00000
38.92000	1993.00000
38.93000	1919.00000
38.94000	1938.00000
38.95000	1933.00000
38.96000	1945.00000
38.97000	1971.00000
38.98000	1989.00000
38.99000	1978.00000
39.00000	2010.00000
39.01000	1983.00000
39.02000	2006.00000
39.03000	2020.00000
39.04000	2021.00000
39.05000	2029.00000
39.06000	2069.00000
39.07000	2114.00000
39.08000	2104.00000
39.09000	2101.00000
39.10000	2077.00000
39.11000	2104.00000
39.12000	2080.00000
39.13000	2099.00000
39.14000	2070.00000
39.15000	2074.00000
39.16000	2073.00000
39.17000	2078.00000
39.18000	2055.00000
39.19000	2037.00000
39.20000	2068.00000
39.21000	2044.00000
39.22000	1989.00000
39.23000	2003.00000
39.24000	2001.00000
39.25000	2003.00000
39.26000	1996.00000
39.27000	1992.00000
39.28000	2004.00000
39.29000	2015.00000
39.30000	2029.00000
39.31000	2080.00000
39.32000	1964.00000
39.33000	2015.00000
39.34000	2000.00000
39.35000	1980.00000
39.36000	2018.00000
39.37000	1989.00000
39.38000	1971.00000
39.39000	2007.00000
39.40000	1970.00000
39.41000	2025.00000
39.42000	1971.00000
39.43000	1876.00000
39.44000	1974.00000
39.45000	1997.00000
39.46000	2045.00000
39.47000	1965.00000
39.48000	1964.00000
39.49000	2037.00000
39.50000	2056.00000
39.51000	2040.00000
39.52000	2027.00000
39.53000	2108.00000
39.54000	2136.00000
39.55000	2129.00000
39.56000	2200.00000
39.57000	2133.00000
39.58000	2227.00000
39.59000	2300.00000
39.60000	2302.00000
39.61000	2410.00000
39.62000	2463.00000
39.63000	2648.00000
39.64000	2696.00000
39.65000	2788.00000
39.66000	2855.00000
39.67000	3049.00000
39.68000	3218.00000
39.69000	3446.00000
39.70000	3601.00000
39.71000	3769.00000
39.72000	4083.00000
39.73000	4176.00000
39.74000	4263.00000
39.75000	4397.00000
39.76000	4450.00000
39.77000	4306.00000
39.78000	4258.00000
39.79000	4003.00000
39.80000	3828.00000
39.81000	3508.00000
39.82000	3396.00000
39.83000	3191.00000
39.84000	2864.00000
39.85000	2728.00000
39.86000	2593.00000
39.87000	2469.00000
39.88000	2403.00000
39.89000	2332.00000
39.90000	2241.00000
39.91000	2123.00000
39.92000	2180.00000
39.93000	2149.00000
39.94000	2122.00000
39.95000	2079.00000
39.96000	2027.00000
39.97000	2063.00000
39.98000	2068.00000
39.99000	2034.00000
40.00000	2134.00000
40.01000	1993.00000
40.02000	1924.00000
40.03000	1939.00000
40.04000	1979.00000
40.05000	2026.00000
40.06000	1996.00000
40.07000	1977.00000
40.08000	2063.00000
40.09000	1991.00000
40.10000	1959.00000
40.11000	1943.00000
40.12000	1908.00000
40.13000	2002.00000
40.14000	1974.00000
40.15000	1986.00000
40.16000	2040.00000
40.17000	1977.00000
40.18000	1983.00000
40.19000	2007.00000
40.20000	2031.00000
40.21000	1992.00000
40.22000	1975.00000
40.23000	1976.00000
40.24000	1987.00000
40.25000	1999.00000
40.26000	1997.00000
40.27000	2078.00000
40.28000	2073.00000
40.29000	2035.00000
40.30000	1945.00000
40.31000	1978.00000
40.32000	1977.00000
40.33000	2022.00000
40.34000	1973.00000
40.35000	1980.00000
40.36000	1904.00000
40.37000	1920.00000
40.38000	1923.00000
40.39000	1897.00000
40.40000	1906.00000
40.41000	1845.00000
40.42000	1901.00000
40.43000	1960.00000
40.44000	1901.00000
40.45000	1902.00000
40.46000	1874.00000
40.47000	1946.00000
40.48000	1960.00000
40.49000	1918.00000
40.50000	1932.00000
40.51000	1895.00000
40.52000	1915.00000
40.53000	1954.00000
40.54000	1966.00000
40.55000	1937.00000
40.56000	1975.00000
40.57000	1924.00000
40.58000	1958.00000
40.59000	1946.00000
40.60000	2054.00000
40.61000	2037.00000
40.62000	1999.00000
40.63000	1972.00000
40.64000	2041.00000
40.65000	2009.00000
40.66000	2095.00000
40.67000	2038.00000
40.68000	1998.00000
40.69000	2139.00000
40.70000	2140.00000
40.71000	2150.00000
40.72000	2127.00000
40.73000	2149.00000
40.74000	2171.00000
40.75000	2251.00000
40.76000	2268.00000
40.77000	2228.00000
40.78000	2276.00000
40.79000	2280.00000
40.80000	2286.00000
40.81000	2308.00000
40.82000	2196.00000
40.83000	2207.00000
40.84000	2227.00000
40.85000	2165.00000
40.86000	2141.00000
40.87000	2166.00000
40.88000	2081.00000
40.89000	2098.00000
40.90000	2082.00000
40.91000	2152.00000
40.92000	2086.00000
40.93000	2102.00000
40.94000	2147.00000
40.95000	2123.00000
40.96000	2192.00000
40.97000	2224.00000
40.98000	2210.00000
40.99000	2269.00000
41.00000	2232.00000
41.01000	2274.00000
41.02000	2331.00000
41.03000	2298.00000
41.04000	2261.00000
41.05000	2291.00000
41.06000	2262.00000
41.07000	2280.00000
41.08000	2321.00000
41.09000	2313.00000
41.10000	2328.00000
41.11000	2207.00000
41.12000	2203.00000
41.13000	2179.00000
41.14000	2195.00000
41.15000	2116.00000
41.16000	2068.00000
41.17000	2094.00000
41.18000	2054.00000
41.19000	2040.00000
41.20000	1986.00000
41.21000	2004.00000
41.22000	2016.00000
41.23000	2060.00000
41.24000	2064.00000
41.25000	1990.00000
41.26000	1967.00000
41.27000	1924.00000
41.28000	1948.00000
41.29000	1924.00000
41.30000	1991.00000
41.31000	1972.00000
41.32000	2012.00000
41.33000	2068.00000
41.34000	2126.00000
41.35000	2149.00000
41.36000	2139.00000
41.37000	2183.00000
41.38000	2179.00000
41.39000	2305.00000
41.40000	2339.00000
41.41000	2324.00000
41.42000	2334.00000
41.43000	2314.00000
41.44000	2344.00000
41.45000	2270.00000
41.46000	2219.00000
41.47000	2260.00000
41.48000	2183.00000
41.49000	2208.00000
41.50000	2111.00000
41.51000	2047.00000
41.52000	2021.00000
41.53000	2060.00000
41.54000	2013.00000
41.55000	2032.00000
41.56000	1993.00000
41.57000	2031.00000
41.58000	2023.00000
41.59000	1942.00000
41.60000	1931.00000
41.61000	1899.00000
41.62000	1914.00000
41.63000	1909.00000
41.64000	1994.00000
41.65000	1925.00000
41.66000	1887.00000
41.67000	1914.00000
41.68000	1910.00000
41.69000	1932.00000
41.70000	1881.00000
41.71000	1829.00000
41.72000	1896.00000
41.73000	1946.00000
41.74000	1903.00000
41.75000	1916.00000
41.76000	1922.00000
41.77000	1936.00000
41.78000	1988.00000
41.79000	1991.00000
41.80000	2016.00000
41.81000	1889.00000
41.82000	1888.00000
41.83000	1893.00000
41.84000	1916.00000
41.85000	1920.00000
41.86000	1914.00000
41.87000	1894.00000
41.88000	1917.00000
41.89000	1919.00000
41.90000	1898.00000
41.91000	1855.00000
41.92000	1902.00000
41.93000	1902.00000
41.94000	1888.00000
41.95000	1927.00000
41.96000	1999.00000
41.97000	1984.00000
41.98000	1983.00000
41.99000	1984.00000
42.00000	1971.00000
42.01000	1972.00000
42.02000	1980.00000
42.03000	1915.00000
42.04000	1888.00000
42.05000	1893.00000
42.06000	1996.00000
42.07000	1991.00000
42.08000	1923.00000
42.09000	1942.00000
42.10000	1935.00000
42.11000	1972.00000
42.12000	2013.00000
42.13000	1997.00000
42.14000	2038.00000
42.15000	2076.00000
42.16000	2112.00000
42.17000	2087.00000
42.18000	2056.00000
42.19000	2107.00000
42.20000	2173.00000
42.21000	2238.00000
42.22000	2279.00000
42.23000	2348.00000
42.24000	2366.00000
42.25000	2520.00000
42.26000	2528.00000
42.27000	2618.00000
42.28000	2674.00000
42.29000	2880.00000
42.30000	3002.00000
42.31000	3168.00000
42.32000	3312.00000
42.33000	3485.00000
42.34000	3756.00000
42.35000	4075.00000
42.36000	4322.00000
42.37000	4401.00000
42.38000	4538.00000
42.39000	4735.00000
42.40000	4895.00000
42.41000	4910.00000
42.42000	4785.00000
42.43000	4774.00000
42.44000	4582.00000
42.45000	4255.00000
42.46000	3994.00000
42.47000	3778.00000
42.48000	3536.00000
42.49000	3259.00000
42.50000	2995.00000
42.51000	2829.00000
42.52000	2718.00000
42.53000	2625.00000
42.54000	2482.00000
42.55000	2385.00000
42.56000	2339.00000
42.57000	2230.00000
42.58000	2187.00000
42.59000	2292.00000
42.60000	2283.00000
42.61000	2315.00000
42.62000	2272.00000
42.63000	2257.00000
42.64000	2244.00000
42.65000	2278.00000
42.66000	2288.00000
42.67000	2243.00000
42.68000	2284.00000
42.69000	2313.00000
42.70000	2323.00000
42.71000	2338.00000
42.72000	2377.00000
42.73000	2310.00000
42.74000	2349.00000
42.75000	2349.00000
42.76000	2397.00000
42.77000	2427.00000
42.78000	2421.00000
42.79000	2360.00000
42.80000	2479.00000
42.81000	2508.00000
42.82000	2487.00000
42.83000	2528.00000
42.84000	2632.00000
42.85000	2631.00000
42.86000	2724.00000
42.87000	2817.00000
42.88000	2858.00000
42.89000	2854.00000
42.90000	2868.00000
42.91000	3057.00000
42.92000	2984.00000
42.93000	2945.00000
42.94000	2911.00000
42.95000	2841.00000
42.96000	2706.00000
42.97000	2650.00000
42.98000	2576.00000
42.99000	2513.00000
43.00000	2462.00000
43.01000	2349.00000
43.02000	2255.00000
43.03000	2266.00000
43.04000	2232.00000
43.05000	2206.00000
43.06000	2121.00000
43.07000	2114.00000
43.08000	2133.00000
43.09000	2128.00000
43.10000	2061.00000
43.11000	2052.00000
43.12000	2072.00000
43.13000	2132.00000
43.14000	2107.00000
43.15000	2093.00000
43.16000	2110.00000
43.17000	2116.00000
43.18000	2111.00000
43.19000	2172.00000
43.20000	2246.00000
43.21000	2224.00000
43.22000	2225.00000
43.23000	2286.00000
43.24000	2418.00000
43.25000	2470.00000
43.26000	2601.00000
43.27000	2695.00000
43.28000	2738.00000
43.29000	2890.00000
43.30000	3021.00000
43.31000	3160.00000
43.32000	3247.00000
43.33000	3378.00000
43.34000	3557.00000
43.35000	3680.00000
43.36000	3776.00000
43.37000	3749.00000
43.38000	3728.00000
43.39000	3761.00000
43.40000	3737.00000
43.41000	3462.00000
43.42000	3271.00000
43.43000	3116.00000
43.44000	3085.00000
43.45000	3016.00000
43.46000	2859.00000
43.47000	2766.00000
43.48000	2632.00000
43.49000	2422.00000
43.50000	2356.00000
43.51000	2297.00000
43.52000	2234.00000
43.53000	2210.00000
43.54000	2183.00000
43.55000	2146.00000
43.56000	2105.00000
43.57000	2068.00000
43.58000	2145.00000
43.59000	2139.00000
43.60000	2098.00000
43.61000	2104.00000
43.62000	2084.00000
43.63000	2083.00000
43.64000	2068.00000
43.65000	2077.00000
43.66000	2097.00000
43.67000	2051.00000
43.68000	2083.00000
43.69000	2036.00000
43.70000	2048.00000
43.71000	2025.00000
43.72000	1975.00000
43.73000	2010.00000
43.74000	1983.00000
43.75000	1983.00000
43.76000	1991.00000
43.77000	2004.00000
43.78000	2042.00000
43.79000	1971.00000
43.80000	1898.00000
43.81000	1982.00000
43.82000	2050.00000
43.83000	1986.00000
43.84000	1954.00000
43.85000	2066.00000
43.86000	2100.00000
43.87000	2083.00000
43.88000	2007.00000
43.89000	1924.00000
43.90000	1936.00000
43.91000	1955.00000
43.92000	2035.00000
43.93000	2097.00000
43.94000	2006.00000
43.95000	1905.00000
43.96000	1949.00000
43.97000	1955.00000
43.98000	1924.00000
43.99000	1964.00000
44.00000	1990.00000
44.01000	1987.00000
44.02000	2022.00000
44.03000	2057.00000
44.04000	1956.00000
44.05000	1941.00000
44.06000	2026.00000
44.07000	1988.00000
44.08000	2019.00000
44.09000	1996.00000
44.10000	1977.00000
44.11000	1943.00000
44.12000	1995.00000
44.13000	2072.00000
44.14000	1987.00000
44.15000	1968.00000
44.16000	1974.00000
44.17000	1970.00000
44.18000	1951.00000
44.19000	2004.00000
44.20000	1954.00000
44.21000	1993.00000
44.22000	2006.00000
44.23000	1884.00000
44.24000	1907.00000
44.25000	1972.00000
44.26000	1898.00000
44.27000	1931.00000
44.28000	2010.00000
44.29000	1967.00000
44.30000	1995.00000
44.31000	1944.00000
44.32000	1951.00000
44.33000	1966.00000
44.34000	1961.00000
44.35000	1950.00000
44.36000	1985.00000
44.37000	2049.00000
44.38000	2070.00000
44.39000	2032.00000
44.40000	2038.00000
44.41000	2023.00000
44.42000	2063.00000
44.43000	1999.00000
44.44000	2047.00000
44.45000	2079.00000
44.46000	2030.00000
44.47000	2178.00000
44.48000	2195.00000
44.49000	2184.00000
44.50000	2182.00000
44.51000	2157.00000
44.52000	2160.00000
44.53000	2206.00000
44.54000	2301.00000
44.55000	2362.00000
44.56000	2320.00000
44.57000	2361.00000
44.58000	2458.00000
44.59000	2505.00000
44.60000	2490.00000
44.61000	2600.00000
44.62000	2661.00000
44.63000	2789.00000
44.64000	3034.00000
44.65000	3110.00000
44.66000	3247.00000
44.67000	3451.00000
44.68000	3624.00000
44.69000	3901.00000
44.70000	4126.00000
44.71000	4626.00000
44.72000	5094.00000
44.73000	5404.00000
44.74000	5864.00000
44.75000	6390.00000
44.76000	6548.00000
44.77000	7000.00000
44.78000	7345.00000
44.79000	7553.00000
44.80000	7662.00000
44.81000	7454.00000
44.82000	7271.00000
44.83000	7129.00000
44.84000	7124.00000
44.85000	6838.00000
44.86000	6735.00000
44.87000	6846.00000
44.88000	6712.00000
44.89000	6932.00000
44.90000	7397.00000
44.91000	7840.00000
44.92000	8467.00000
44.93000	8831.00000
44.94000	9097.00000
44.95000	9275.00000
44.96000	9479.00000
44.97000	9522.00000
44.98000	9402.00000
44.99000	8843.00000
45.00000	8271.00000
45.01000	7899.00000
45.02000	7144.00000
45.03000	6439.00000
45.04000	5811.00000
45.05000	5202.00000
45.06000	4811.00000
45.07000	4351.00000
45.08000	3913.00000
45.09000	3619.00000
45.10000	3257.00000
45.11000	3100.00000
45.12000	2938.00000
45.13000	2718.00000
45.14000	2649.00000
45.15000	2569.00000
45.16000	2478.00000
45.17000	2491.00000
45.18000	2402.00000
45.19000	2359.00000
45.20000	2302.00000
45.21000	2258.00000
45.22000	2202.00000
45.23000	2177.00000
45.24000	2178.00000
45.25000	2142.00000
45.26000	2072.00000
45.27000	2116.00000
45.28000	2074.00000
45.29000	2051.00000
45.30000	2079.00000
45.31000	2047.00000
45.32000	2037.00000
45.33000	1956.00000
45.34000	2094.00000
45.35000	2106.00000
45.36000	2088.00000
45.37000	2050.00000
45.38000	2019.00000
45.39000	2071.00000
45.40000	2127.00000
45.41000	2151.00000
45.42000	2149.00000
45.43000	2074.00000
45.44000	2099.00000
45.45000	2088.00000
45.46000	2104.00000
45.47000	2060.00000
45.48000	2084.00000
45.49000	2065.00000
45.50000	2039.00000
45.51000	2011.00000
45.52000	2034.00000
45.53000	2037.00000
45.54000	2049.00000
45.55000	2049.00000
45.56000	2071.00000
45.57000	2083.00000
45.58000	2030.00000
45.59000	2006.00000
45.60000	2055.00000
45.61000	2013.00000
45.62000	2029.00000
45.63000	1996.00000
45.64000	1988.00000
45.65000	1931.00000
45.66000	1920.00000
45.67000	1890.00000
45.68000	1911.00000
45.69000	1900.00000
45.70000	1888.00000
45.71000	1912.00000
45.72000	1885.00000
45.73000	1911.00000
45.74000	1898.00000
45.75000	1959.00000
45.76000	1910.00000
45.77000	1860.00000
45.78000	1863.00000
45.79000	1851.00000
45.80000	1876.00000
45.81000	1882.00000
45.82000	1895.00000
45.83000	1850.00000
45.84000	1830.00000
45.85000	1793.00000
45.86000	1867.00000
45.87000	1861.00000
45.88000	1928.00000
45.89000	1940.00000
45.90000	1925.00000
45.91000	1858.00000
45.92000	1871.00000
45.93000	1910.00000
45.94000	1845.00000
45.95000	1816.00000
45.96000	1829.00000
45.97000	1795.00000
45.98000	1864.00000
45.99000	1827.00000
46.00000	1879.00000
46.01000	1936.00000
46.02000	1913.00000
46.03000	1902.00000
46.04000	1921.00000
46.05000	1960.00000
46.06000	2026.00000
46.07000	1965.00000
46.08000	1929.00000
46.09000	1940.00000
46.10000	1919.00000
46.11000	1948.00000
46.12000	1896.00000
46.13000	1868.00000
46.14000	1913.00000
46.15000	1901.00000
46.16000	1896.00000
46.17000	1907.00000
46.18000	1911.00000
46.19000	1928.00000
46.20000	1947.00000
46.21000	1993.00000
46.22000	1945.00000
46.23000	1980.00000
46.24000	2001.00000
46.25000	1956.00000
46.26000	1935.00000
46.27000	1988.00000
46.28000	2018.00000
46.29000	1973.00000
46.30000	1960.00000
46.31000	2024.00000
46.32000	1995.00000
46.33000	2123.00000
46.34000	2059.00000
46.35000	2086.00000
46.36000	2048.00000
46.37000	2037.00000
46.38000	2054.00000
46.39000	2099.00000
46.40000	2099.00000
46.41000	2099.00000
46.42000	2125.00000
46.43000	2257.00000
46.44000	2342.00000
46.45000	2309.00000
46.46000	2371.00000
46.47000	2459.00000
46.48000	2557.00000
46.49000	2639.00000
46.50000	2805.00000
46.51000	2965.00000
46.52000	3173.00000
46.53000	3458.00000
46.54000	3762.00000
46.55000	3964.00000
46.56000	4349.00000
46.57000	4720.00000
46.58000	5057.00000
46.59000	5527.00000
46.60000	6008.00000
46.61000	6590.00000
46.62000	6941.00000
46.63000	7097.00000
46.64000	7237.00000
46.65000	7140.00000
46.66000	6827.00000
46.67000	6619.00000
46.68000	6185.00000
46.69000	6035.00000
46.70000	5544.00000
46.71000	5132.00000
46.72000	4589.00000
46.73000	4199.00000
46.74000	3951.00000
46.75000	3789.00000
46.76000	3505.00000
46.77000	3398.00000
46.78000	3146.00000
46.79000	3022.00000
46.80000	2924.00000
46.81000	2991.00000
46.82000	2940.00000
46.83000	2912.00000
46.84000	2928.00000
46.85000	2855.00000
46.86000	2895.00000
46.87000	2800.00000
46.88000	2747.00000
46.89000	2531.00000
46.90000	2498.00000
46.91000	2502.00000
46.92000	2407.00000
46.93000	2324.00000
46.94000	2288.00000
46.95000	2281.00000
46.96000	2237.00000
46.97000	2096.00000
46.98000	2065.00000
46.99000	2058.00000
47.00000	2127.00000
47.01000	2108.00000
47.02000	2034.00000
47.03000	2051.00000
47.04000	1976.00000
47.05000	1998.00000
47.06000	1988.00000
47.07000	1949.00000
47.08000	1952.00000
47.09000	1971.00000
47.10000	1939.00000
47.11000	1874.00000
47.12000	1908.00000
47.13000	1926.00000
47.14000	1967.00000
47.15000	1920.00000
47.16000	1891.00000
47.17000	1926.00000
47.18000	1874.00000
47.19000	1878.00000
47.20000	1860.00000
47.21000	1948.00000
47.22000	1911.00000
47.23000	1978.00000
47.24000	1925.00000
47.25000	1940.00000
47.26000	1918.00000
47.27000	1911.00000
47.28000	1867.00000
47.29000	2041.00000
47.30000	1981.00000
47.31000	1912.00000
47.32000	1981.00000
47.33000	2048.00000
47.34000	2088.00000
47.35000	2070.00000
47.36000	2037.00000
47.37000	2037.00000
47.38000	2098.00000
47.39000	2176.00000
47.40000	2206.00000
47.41000	2234.00000
47.42000	2348.00000
47.43000	2378.00000
47.44000	2458.00000
47.45000	2548.00000
47.46000	2670.00000
47.47000	2773.00000
47.48000	2793.00000
47.49000	2941.00000
47.50000	3016.00000
47.51000	3052.00000
47.52000	3033.00000
47.53000	3258.00000
47.54000	3229.00000
47.55000	3166.00000
47.56000	3061.00000
47.57000	3212.00000
47.58000	3175.00000
47.59000	3146.00000
47.60000	2989.00000
47.61000	2892.00000
47.62000	2949.00000
47.63000	2963.00000
47.64000	3014.00000
47.65000	3086.00000
47.66000	3134.00000
47.67000	3289.00000
47.68000	3342.00000
47.69000	3568.00000
47.70000	3649.00000
47.71000	3732.00000
47.72000	3985.00000
47.73000	4155.00000
47.74000	4116.00000
47.75000	4034.00000
47.76000	4035.00000
47.77000	3933.00000
47.78000	3747.00000
47.79000	3597.00000
47.80000	3429.00000
47.81000	3230.00000
47.82000	3016.00000
47.83000	2771.00000
47.84000	2681.00000
47.85000	2550.00000
47.86000	2489.00000
47.87000	2310.00000
47.88000	2144.00000
47.89000	2132.00000
47.90000	2050.00000
47.91000	2056.00000
47.92000	2021.00000
47.93000	2016.00000
47.94000	1960.00000
47.95000	2047.00000
47.96000	2043.00000
47.97000	1973.00000
47.98000	1925.00000
47.99000	1923.00000
48.00000	1939.00000
48.01000	1967.00000
48.02000	1987.00000
48.03000	1982.00000
48.04000	1894.00000
48.05000	1983.00000
48.06000	1935.00000
48.07000	1970.00000
48.08000	2018.00000
48.09000	1939.00000
48.10000	2006.00000
48.11000	1943.00000
48.12000	1868.00000
48.13000	1855.00000
48.14000	1840.00000
48.15000	1897.00000
48.16000	1897.00000
48.17000	1901.00000
48.18000	1930.00000
48.19000	1955.00000
48.20000	2010.00000
48.21000	1989.00000
48.22000	1969.00000
48.23000	1926.00000
48.24000	1938.00000
48.25000	1998.00000
48.26000	1977.00000
48.27000	1960.00000
48.28000	1974.00000
48.29000	1988.00000
48.30000	2070.00000
48.31000	2061.00000
48.32000	2062.00000
48.33000	2056.00000
48.34000	2076.00000
48.35000	2228.00000
48.36000	2266.00000
48.37000	2234.00000
48.38000	2190.00000
48.39000	2219.00000
48.40000	2260.00000
48.41000	2302.00000
48.42000	2317.00000
48.43000	2294.00000
48.44000	2279.00000
48.45000	2290.00000
48.46000	2275.00000
48.47000	2174.00000
48.48000	2208.00000
48.49000	2186.00000
48.50000	2124.00000
48.51000	2193.00000
48.52000	2204.00000
48.53000	2223.00000
48.54000	2136.00000
48.55000	2117.00000
48.56000	2105.00000
48.57000	2030.00000
48.58000	2078.00000
48.59000	2047.00000
48.60000	2050.00000
48.61000	1961.00000
48.62000	1984.00000
48.63000	1961.00000
48.64000	1978.00000
48.65000	1984.00000
48.66000	1902.00000
48.67000	1930.00000
48.68000	1955.00000
48.69000	2027.00000
48.70000	1962.00000
48.71000	1966.00000
48.72000	1949.00000
48.73000	1958.00000
48.74000	1921.00000
48.75000	1933.00000
48.76000	1935.00000
48.77000	1990.00000
48.78000	2019.00000
48.79000	2002.00000
48.80000	1948.00000
48.81000	2009.00000
48.82000	1982.00000
48.83000	2032.00000
48.84000	2075.00000
48.85000	2002.00000
48.86000	2110.00000
48.87000	2129.00000
48.88000	2172.00000
48.89000	2074.00000
48.90000	2102.00000
48.91000	2188.00000
48.92000	2229.00000
48.93000	2299.00000
48.94000	2279.00000
48.95000	2377.00000
48.96000	2388.00000
48.97000	2409.00000
48.98000	2449.00000
48.99000	2516.00000
49.00000	2577.00000
49.01000	2672.00000
49.02000	2759.00000
49.03000	2773.00000
49.04000	2812.00000
49.05000	2817.00000
49.06000	2835.00000
49.07000	2812.00000
49.08000	2849.00000
49.09000	2853.00000
49.10000	2888.00000
49.11000	2909.00000
49.12000	2951.00000
49.13000	2907.00000
49.14000	2892.00000
49.15000	2799.00000
49.16000	2824.00000
49.17000	2961.00000
49.18000	2987.00000
49.19000	2951.00000
49.20000	2914.00000
49.21000	2967.00000
49.22000	2955.00000
49.23000	2884.00000
49.24000	2907.00000
49.25000	3100.00000
49.26000	3061.00000
49.27000	3175.00000
49.28000	3251.00000
49.29000	3451.00000
49.30000	3479.00000
49.31000	3573.00000
49.32000	3651.00000
49.33000	3789.00000
49.34000	3974.00000
49.35000	4225.00000
49.36000	4399.00000
49.37000	4715.00000
49.38000	5158.00000
49.39000	5523.00000
49.40000	6370.00000
49.41000	7007.00000
49.42000	7903.00000
49.43000	9012.00000
49.44000	10380.00000
49.45000	11823.00000
49.46000	13949.00000
49.47000	16256.00000
49.48000	18464.00000
49.49000	21405.00000
49.50000	24843.00000
49.51000	28254.00000
49.52000	31770.00000
49.53000	34905.00000
49.54000	37809.00000
49.55000	39948.00000
49.56000	41951.00000
49.57000	42559.00000
49.58000	42528.00000
49.59000	42022.00000
49.60000	39937.00000
49.61000	37311.00000
49.62000	33949.00000
49.63000	30484.00000
49.64000	27313.00000
49.65000	24331.00000
49.66000	20957.00000
49.67000	18114.00000
49.68000	15507.00000
49.69000	13320.00000
49.70000	11456.00000
49.71000	9840.00000
49.72000	8611.00000
49.73000	7614.00000
49.74000	6796.00000
49.75000	6085.00000
49.76000	5635.00000
49.77000	5360.00000
49.78000	4958.00000
49.79000	4457.00000
49.80000	4335.00000
49.81000	4088.00000
49.82000	3983.00000
49.83000	3852.00000
49.84000	3686.00000
49.85000	3546.00000
49.86000	3454.00000
49.87000	3304.00000
49.88000	3227.00000
49.89000	3130.00000
49.90000	3059.00000
49.91000	3039.00000
49.92000	2980.00000
49.93000	3065.00000
49.94000	3009.00000
49.95000	2951.00000
49.96000	2969.00000
49.97000	3041.00000
49.98000	3078.00000
49.99000	3089.00000
50.00000	3154.00000
50.01000	3399.00000
50.02000	3420.00000
50.03000	3569.00000
50.04000	3974.00000
50.05000	4319.00000
50.06000	4540.00000
50.07000	4959.00000
50.08000	5480.00000
50.09000	6002.00000
50.10000	6535.00000
50.11000	7538.00000
50.12000	8374.00000
50.13000	9101.00000
50.14000	10167.00000
50.15000	10634.00000
50.16000	10976.00000
50.17000	11200.00000
50.18000	11487.00000
50.19000	11454.00000
50.20000	10945.00000
50.21000	10428.00000
50.22000	9944.00000
50.23000	8986.00000
50.24000	8181.00000
50.25000	7573.00000
50.26000	6669.00000
50.27000	5999.00000
50.28000	5387.00000
50.29000	5097.00000
50.30000	4671.00000
50.31000	4274.00000
50.32000	4000.00000
50.33000	3951.00000
50.34000	3713.00000
50.35000	3578.00000
50.36000	3475.00000
50.37000	3279.00000
50.38000	3111.00000
50.39000	3004.00000
50.40000	3022.00000
50.41000	2891.00000
50.42000	2853.00000
50.43000	2693.00000
50.44000	2663.00000
50.45000	2703.00000
50.46000	2639.00000
50.47000	2612.00000
50.48000	2444.00000
50.49000	2473.00000
50.50000	2486.00000
50.51000	2561.00000
50.52000	2584.00000
50.53000	2597.00000
50.54000	2608.00000
50.55000	2672.00000
50.56000	2775.00000
50.57000	2917.00000
50.58000	3014.00000
50.59000	3161.00000
50.60000	3194.00000
50.61000	3321.00000
50.62000	3511.00000
50.63000	3513.00000
50.64000	3591.00000
50.65000	3461.00000
50.66000	3535.00000
50.67000	3504.00000
50.68000	3301.00000
50.69000	3206.00000
50.70000	3201.00000
50.71000	3119.00000
50.72000	2898.00000
50.73000	2817.00000
50.74000	2722.00000
50.75000	2710.00000
50.76000	2520.00000
50.77000	2396.00000
50.78000	2316.00000
50.79000	2258.00000
50.80000	2208.00000
50.81000	2148.00000
50.82000	2131.00000
50.83000	2122.00000
50.84000	2122.00000
50.85000	2109.00000
50.86000	2068.00000
50.87000	2006.00000
50.88000	2053.00000
50.89000	1986.00000
50.90000	2073.00000
50.91000	2045.00000
50.92000	2033.00000
50.93000	2009.00000
50.94000	1946.00000
50.95000	1996.00000
50.96000	2000.00000
50.97000	2008.00000
50.98000	2041.00000
50.99000	2069.00000
51.00000	2060.00000
51.01000	2072.00000
51.02000	2091.00000
51.03000	2043.00000
51.04000	2058.00000
51.05000	2131.00000
51.06000	2169.00000
51.07000	2204.00000
51.08000	2304.00000
51.09000	2363.00000
51.10000	2340.00000
51.11000	2384.00000
51.12000	2512.00000
51.13000	2702.00000
51.14000	2822.00000
51.15000	3114.00000
51.16000	3201.00000
51.17000	3409.00000
51.18000	3691.00000
51.19000	3831.00000
51.20000	4112.00000
51.21000	4427.00000
51.22000	4810.00000
51.23000	5081.00000
51.24000	5261.00000
51.25000	5507.00000
51.26000	5612.00000
51.27000	5613.00000
51.28000	5656.00000
51.29000	5463.00000
51.30000	5292.00000
51.31000	5141.00000
51.32000	4788.00000
51.33000	4439.00000
51.34000	4181.00000
51.35000	3940.00000
51.36000	3768.00000
51.37000	3632.00000
51.38000	3448.00000
51.39000	3265.00000
51.40000	3185.00000
51.41000	2997.00000
51.42000	2855.00000
51.43000	2871.00000
51.44000	2732.00000
51.45000	2635.00000
51.46000	2565.00000
51.47000	2470.00000
51.48000	2452.00000
51.49000	2381.00000
51.50000	2352.00000
51.51000	2354.00000
51.52000	2238.00000
51.53000	2228.00000
51.54000	2186.00000
51.55000	2217.00000
51.56000	2188.00000
51.57000	2146.00000
51.58000	2068.00000
51.59000	2038.00000
51.60000	2030.00000
51.61000	2009.00000
51.62000	2067.00000
51.63000	2011.00000
51.64000	2068.00000
51.65000	2008.00000
51.66000	1985.00000
51.67000	1971.00000
51.68000	1983.00000
51.69000	1931.00000
51.70000	1906.00000
51.71000	1994.00000
51.72000	1894.00000
51.73000	1978.00000
51.74000	2024.00000
51.75000	1987.00000
51.76000	1988.00000
51.77000	1970.00000
51.78000	1939.00000
51.79000	1946.00000
51.80000	1930.00000
51.81000	1973.00000
51.82000	2029.00000
51.83000	1940.00000
51.84000	1971.00000
51.85000	1948.00000
51.86000	1988.00000
51.87000	2088.00000
51.88000	2121.00000
51.89000	2160.00000
51.90000	2098.00000
51.91000	2077.00000
51.92000	2052.00000
51.93000	2033.00000
51.94000	2147.00000
51.95000	2157.00000
51.96000	2238.00000
51.97000	2139.00000
51.98000	2206.00000
51.99000	2216.00000
52.00000	2259.00000
52.01000	2310.00000
52.02000	2337.00000
52.03000	2432.00000
52.04000	2526.00000
52.05000	2656.00000
52.06000	2717.00000
52.07000	2755.00000
52.08000	2827.00000
52.09000	2970.00000
52.10000	3035.00000
52.11000	3174.00000
52.12000	3273.00000
52.13000	3416.00000
52.14000	3783.00000
52.15000	3944.00000
52.16000	4034.00000
52.17000	4185.00000
52.18000	4436.00000
52.19000	4764.00000
52.20000	5112.00000
52.21000	5269.00000
52.22000	5631.00000
52.23000	5899.00000
52.24000	6078.00000
52.25000	6322.00000
52.26000	6468.00000
52.27000	6502.00000
52.28000	6422.00000
52.29000	6114.00000
52.30000	6073.00000
52.31000	5744.00000
52.32000	5465.00000
52.33000	5207.00000
52.34000	4851.00000
52.35000	4411.00000
52.36000	4092.00000
52.37000	3881.00000
52.38000	3685.00000
52.39000	3576.00000
52.40000	3365.00000
52.41000	3131.00000
52.42000	2964.00000
52.43000	2849.00000
52.44000	2837.00000
52.45000	2681.00000
52.46000	2566.00000
52.47000	2590.00000
52.48000	2577.00000
52.49000	2522.00000
52.50000	2558.00000
52.51000	2558.00000
52.52000	2603.00000
52.53000	2660.00000
52.54000	2734.00000
52.55000	2836.00000
52.56000	3033.00000
52.57000	3242.00000
52.58000	3212.00000
52.59000	3366.00000
52.60000	3744.00000
52.61000	3936.00000
52.62000	4299.00000
52.63000	4554.00000
52.64000	4913.00000
52.65000	5107.00000
52.66000	5291.00000
52.67000	5503.00000
52.68000	5638.00000
52.69000	5765.00000
52.70000	5813.00000
52.71000	5847.00000
52.72000	5776.00000
52.73000	5882.00000
52.74000	5877.00000
52.75000	5649.00000
52.76000	5404.00000
52.77000	5302.00000
52.78000	4960.00000
52.79000	4841.00000
52.80000	4505.00000
52.81000	4310.00000
52.82000	4044.00000
52.83000	3698.00000
52.84000	3499.00000
52.85000	3296.00000
52.86000	3197.00000
52.87000	2978.00000
52.88000	2838.00000
52.89000	2745.00000
52.90000	2656.00000
52.91000	2634.00000
52.92000	2591.00000
52.93000	2565.00000
52.94000	2515.00000
52.95000	2478.00000
52.96000	2532.00000
52.97000	2486.00000
52.98000	2562.00000
52.99000	2621.00000
53.00000	2627.00000
53.01000	2800.00000
53.02000	2816.00000
53.03000	2938.00000
53.04000	2964.00000
53.05000	3085.00000
53.06000	3247.00000
53.07000	3359.00000
53.08000	3374.00000
53.09000	3458.00000
53.10000	3498.00000
53.11000	3602.00000
53.12000	3670.00000
53.13000	3588.00000
53.14000	3539.00000
53.15000	3388.00000
53.16000	3238.00000
53.17000	3232.00000
53.18000	3147.00000
53.19000	2986.00000
53.20000	2893.00000
53.21000	2946.00000
53.22000	2852.00000
53.23000	2783.00000
53.24000	2804.00000
53.25000	2847.00000
53.26000	2883.00000
53.27000	2772.00000
53.28000	2963.00000
53.29000	3160.00000
53.30000	3187.00000
53.31000	3389.00000
53.32000	3636.00000
53.33000	3870.00000
53.34000	4332.00000
53.35000	4755.00000
53.36000	5013.00000
53.37000	5522.00000
53.38000	6166.00000
53.39000	6947.00000
53.40000	7707.00000
53.41000	8719.00000
53.42000	9649.00000
53.43000	10678.00000
53.44000	11809.00000
53.45000	12939.00000
53.46000	13809.00000
53.47000	14211.00000
53.48000	14516.00000
53.49000	14683.00000
53.50000	14390.00000
53.51000	13622.00000
53.52000	12716.00000
53.53000	11991.00000
53.54000	10743.00000
53.55000	9774.00000
53.56000	8647.00000
53.57000	7856.00000
53.58000	7144.00000
53.59000	6662.00000
53.60000	6236.00000
53.61000	5935.00000
53.62000	5858.00000
53.63000	6044.00000
53.64000	6046.00000
53.65000	6319.00000
53.66000	6742.00000
53.67000	7036.00000
53.68000	7583.00000
53.69000	8031.00000
53.70000	8604.00000
53.71000	9066.00000
53.72000	9753.00000
53.73000	10156.00000
53.74000	10528.00000
53.75000	10529.00000
53.76000	10609.00000
53.77000	10747.00000
53.78000	10803.00000
53.79000	10684.00000
53.80000	10329.00000
53.81000	10011.00000
53.82000	9813.00000
53.83000	9522.00000
53.84000	9190.00000
53.85000	8751.00000
53.86000	8554.00000
53.87000	8435.00000
53.88000	8222.00000
53.89000	7837.00000
53.90000	7362.00000
53.91000	6883.00000
53.92000	6629.00000
53.93000	6177.00000
53.94000	5645.00000
53.95000	5297.00000
53.96000	4969.00000
53.97000	4567.00000
53.98000	4161.00000
53.99000	3838.00000
54.00000	3513.00000
54.01000	3398.00000
54.02000	3105.00000
54.03000	2942.00000
54.04000	2862.00000
54.05000	2636.00000
54.06000	2608.00000
54.07000	2613.00000
54.08000	2528.00000
54.09000	2390.00000
54.10000	2324.00000
54.11000	2231.00000
54.12000	2252.00000
54.13000	2216.00000
54.14000	2137.00000
54.15000	2135.00000
54.16000	2107.00000
54.17000	2095.00000
54.18000	2114.00000
54.19000	2065.00000
54.20000	2057.00000
54.21000	2138.00000
54.22000	2097.00000
54.23000	2049.00000
54.24000	1953.00000
54.25000	1996.00000
54.26000	1912.00000
54.27000	1961.00000
54.28000	1972.00000
54.29000	1992.00000
54.30000	1985.00000
54.31000	2056.00000
54.32000	2037.00000
54.33000	1907.00000
54.34000	1948.00000
54.35000	1972.00000
54.36000	1946.00000
54.37000	1992.00000
54.38000	1985.00000
54.39000	1921.00000
54.40000	1932.00000
54.41000	1922.00000
54.42000	1926.00000
54.43000	1918.00000
54.44000	1889.00000
54.45000	1882.00000
54.46000	1868.00000
54.47000	1813.00000
54.48000	1865.00000
54.49000	1854.00000
54.50000	1836.00000
54.51000	1779.00000
54.52000	1864.00000
54.53000	1841.00000
54.54000	1819.00000
54.55000	1777.00000
54.56000	1779.00000
54.57000	1763.00000
54.58000	1794.00000
54.59000	1733.00000
54.60000	1805.00000
54.61000	1783.00000
54.62000	1758.00000
54.63000	1755.00000
54.64000	1805.00000
54.65000	1811.00000
54.66000	1841.00000
54.67000	1809.00000
54.68000	1913.00000
54.69000	1833.00000
54.70000	1755.00000
54.71000	1712.00000
54.72000	1735.00000
54.73000	1751.00000
54.74000	1761.00000
54.75000	1780.00000
54.76000	1744.00000
54.77000	1731.00000
54.78000	1776.00000
54.79000	1804.00000
54.80000	1803.00000
54.81000	1758.00000
54.82000	1755.00000
54.83000	1679.00000
54.84000	1761.00000
54.85000	1809.00000
54.86000	1758.00000
54.87000	1753.00000
54.88000	1782.00000
54.89000	1764.00000
54.90000	1822.00000
54.91000	1815.00000
54.92000	1792.00000
54.93000	1749.00000
54.94000	1777.00000
54.95000	1784.00000
54.96000	1742.00000
54.97000	1704.00000
54.98000	1793.00000
54.99000	1802.00000
55.00000	1742.00000
55.01000	1719.00000
55.02000	1743.00000
55.03000	1738.00000
55.04000	1766.00000
55.05000	1726.00000
55.06000	1817.00000
55.07000	1852.00000
55.08000	1769.00000
55.09000	1785.00000
55.10000	1734.00000
55.11000	1687.00000
55.12000	1733.00000
55.13000	1782.00000
55.14000	1815.00000
55.15000	1872.00000
55.16000	1816.00000
55.17000	1755.00000
55.18000	1766.00000
55.19000	1768.00000
55.20000	1739.00000
55.21000	1738.00000
55.22000	1734.00000
55.23000	1773.00000
55.24000	1769.00000
55.25000	1812.00000
55.26000	1845.00000
55.27000	1808.00000
55.28000	1758.00000
55.29000	1804.00000
55.30000	1789.00000
55.31000	1741.00000
55.32000	1728.00000
55.33000	1774.00000
55.34000	1832.00000
55.35000	1742.00000
55.36000	1795.00000
55.37000	1770.00000
55.38000	1775.00000
55.39000	1769.00000
55.40000	1778.00000
55.41000	1847.00000
55.42000	1870.00000
55.43000	1894.00000
55.44000	1886.00000
55.45000	1873.00000
55.46000	1909.00000
55.47000	1915.00000
55.48000	1883.00000
55.49000	1929.00000
55.50000	1979.00000
55.51000	1955.00000
55.52000	1941.00000
55.53000	2018.00000
55.54000	2003.00000
55.55000	2049.00000
55.56000	2073.00000
55.57000	2100.00000
55.58000	2035.00000
55.59000	2091.00000
55.60000	2152.00000
55.61000	2271.00000
55.62000	2343.00000
55.63000	2460.00000
55.64000	2608.00000
55.65000	2742.00000
55.66000	2992.00000
55.67000	3155.00000
55.68000	3357.00000
55.69000	3699.00000
55.70000	4029.00000
55.71000	4257.00000
55.72000	4802.00000
55.73000	4925.00000
55.74000	5220.00000
55.75000	5496.00000
55.76000	5643.00000
55.77000	5751.00000
55.78000	5810.00000
55.79000	5635.00000
55.80000	5408.00000
55.81000	5052.00000
55.82000	4795.00000
55.83000	4656.00000
55.84000	4360.00000
55.85000	4055.00000
55.86000	3845.00000
55.87000	3718.00000
55.88000	3612.00000
55.89000	3354.00000
55.90000	3253.00000
55.91000	3135.00000
55.92000	3078.00000
55.93000	2995.00000
55.94000	2885.00000
55.95000	2770.00000
55.96000	2752.00000
55.97000	2616.00000
55.98000	2505.00000
55.99000	2453.00000
56.00000	2397.00000
56.01000	2423.00000
56.02000	2414.00000
56.03000	2342.00000
56.04000	2245.00000
56.05000	2239.00000
56.06000	2191.00000
56.07000	2158.00000
56.08000	2117.00000
56.09000	2145.00000
56.10000	2114.00000
56.11000	2145.00000
56.12000	2134.00000
56.13000	2183.00000
56.14000	2216.00000
56.15000	2188.00000
56.16000	2208.00000
56.17000	2267.00000
56.18000	2353.00000
56.19000	2415.00000
56.20000	2555.00000
56.21000	2708.00000
56.22000	2867.00000
56.23000	2872.00000
56.24000	3118.00000
56.25000	3254.00000
56.26000	3415.00000
56.27000	3441.00000
56.28000	3443.00000
56.29000	3511.00000
56.30000	3606.00000
56.31000	3496.00000
56.32000	3419.00000
56.33000	3285.00000
56.34000	3134.00000
56.35000	3043.00000
56.36000	2947.00000
56.37000	2748.00000
56.38000	2606.00000
56.39000	2703.00000
56.40000	2643.00000
56.41000	2612.00000
56.42000	2468.00000
56.43000	2485.00000
56.44000	2492.00000
56.45000	2548.00000
56.46000	2539.00000
56.47000	2582.00000
56.48000	2627.00000
56.49000	2667.00000
56.50000	2634.00000
56.51000	2871.00000
56.52000	2959.00000
56.53000	3089.00000
56.54000	3309.00000
56.55000	3492.00000
56.56000	3942.00000
56.57000	4211.00000
56.58000	4612.00000
56.59000	5053.00000
56.60000	5551.00000
56.61000	6186.00000
56.62000	6813.00000
56.63000	7258.00000
56.64000	7828.00000
56.65000	8395.00000
56.66000	8692.00000
56.67000	9127.00000
56.68000	9544.00000
56.69000	9844.00000
56.70000	9804.00000
56.71000	9592.00000
56.72000	9434.00000
56.73000	9268.00000
56.74000	8928.00000
56.75000	8513.00000
56.76000	7804.00000
56.77000	7258.00000
56.78000	6897.00000
56.79000	6166.00000
56.80000	5591.00000
56.81000	5149.00000
56.82000	4564.00000
56.83000	4240.00000
56.84000	3947.00000
56.85000	3737.00000
56.86000	3461.00000
56.87000	3333.00000
56.88000	3092.00000
56.89000	2973.00000
56.90000	2928.00000
56.91000	2780.00000
56.92000	2706.00000
56.93000	2648.00000
56.94000	2575.00000
56.95000	2559.00000
56.96000	2586.00000
56.97000	2561.00000
56.98000	2483.00000
56.99000	2447.00000
57.00000	2385.00000
57.01000	2414.00000
57.02000	2451.00000
57.03000	2447.00000
57.04000	2580.00000
57.05000	2657.00000
57.06000	2541.00000
57.07000	2555.00000
57.08000	2621.00000
57.09000	2635.00000
57.10000	2634.00000
57.11000	2800.00000
57.12000	2888.00000
57.13000	2880.00000
57.14000	2827.00000
57.15000	2805.00000
57.16000	2807.00000
57.17000	2814.00000
57.18000	2823.00000
57.19000	2845.00000
57.20000	2858.00000
57.21000	2864.00000
57.22000	2849.00000
57.23000	2926.00000
57.24000	3056.00000
57.25000	3159.00000
57.26000	3225.00000
57.27000	3310.00000
57.28000	3384.00000
57.29000	3632.00000
57.30000	4030.00000
57.31000	4267.00000
57.32000	4586.00000
57.33000	5148.00000
57.34000	5629.00000
57.35000	6071.00000
57.36000	6728.00000
57.37000	7568.00000
57.38000	8461.00000
57.39000	9246.00000
57.40000	9960.00000
57.41000	10812.00000
57.42000	11488.00000
57.43000	12094.00000
57.44000	12468.00000
57.45000	12577.00000
57.46000	12749.00000
57.47000	12843.00000
57.48000	12699.00000
57.49000	12403.00000
57.50000	11527.00000
57.51000	10896.00000
57.52000	10439.00000
57.53000	9678.00000
57.54000	8749.00000
57.55000	7860.00000
57.56000	7165.00000
57.57000	6722.00000
57.58000	6205.00000
57.59000	5821.00000
57.60000	5541.00000
57.61000	5214.00000
57.62000	5044.00000
57.63000	4732.00000
57.64000	4530.00000
57.65000	4515.00000
57.66000	4413.00000
57.67000	4313.00000
57.68000	4199.00000
57.69000	4078.00000
57.70000	3894.00000
57.71000	3697.00000
57.72000	3446.00000
57.73000	3287.00000
57.74000	3069.00000
57.75000	3077.00000
57.76000	3016.00000
57.77000	2830.00000
57.78000	2697.00000
57.79000	2600.00000
57.80000	2548.00000
57.81000	2419.00000
57.82000	2361.00000
57.83000	2318.00000
57.84000	2238.00000
57.85000	2251.00000
57.86000	2210.00000
57.87000	2255.00000
57.88000	2162.00000
57.89000	2261.00000
57.90000	2213.00000
57.91000	2240.00000
57.92000	2322.00000
57.93000	2324.00000
57.94000	2381.00000
57.95000	2398.00000
57.96000	2478.00000
57.97000	2490.00000
57.98000	2551.00000
57.99000	2561.00000
58.00000	2580.00000
58.01000	2588.00000
58.02000	2512.00000
58.03000	2508.00000
58.04000	2424.00000
58.05000	2522.00000
58.06000	2416.00000
58.07000	2299.00000
58.08000	2283.00000
58.09000	2223.00000
58.10000	2208.00000
58.11000	2129.00000
58.12000	2161.00000
58.13000	2112.00000
58.14000	2096.00000
58.15000	2063.00000
58.16000	2108.00000
58.17000	2183.00000
58.18000	2193.00000
58.19000	2189.00000
58.20000	2248.00000
58.21000	2260.00000
58.22000	2334.00000
58.23000	2461.00000
58.24000	2678.00000
58.25000	2629.00000
58.26000	2769.00000
58.27000	3018.00000
58.28000	3161.00000
58.29000	3274.00000
58.30000	3371.00000
58.31000	3541.00000
58.32000	3668.00000
58.33000	3773.00000
58.34000	3912.00000
58.35000	3887.00000
58.36000	3770.00000
58.37000	3734.00000
58.38000	3639.00000
58.39000	3403.00000
58.40000	3390.00000
58.41000	3256.00000
58.42000	3105.00000
58.43000	2983.00000
58.44000	2923.00000
58.45000	2833.00000
58.46000	2746.00000
58.47000	2703.00000
58.48000	2633.00000
58.49000	2579.00000
58.50000	2535.00000
58.51000	2507.00000
58.52000	2476.00000
58.53000	2412.00000
58.54000	2326.00000
58.55000	2277.00000
58.56000	2221.00000
58.57000	2190.00000
58.58000	2128.00000
58.59000	2090.00000
58.60000	2027.00000
58.61000	2118.00000
58.62000	2113.00000
58.63000	2096.00000
58.64000	2025.00000
58.65000	2024.00000
58.66000	1988.00000
58.67000	1997.00000
58.68000	2004.00000
58.69000	1985.00000
58.70000	1905.00000
58.71000	1963.00000
58.72000	1915.00000
58.73000	1919.00000
58.74000	1920.00000
58.75000	1934.00000
58.76000	1901.00000
58.77000	1915.00000
58.78000	1908.00000
58.79000	1869.00000
58.80000	1844.00000
58.81000	1881.00000
58.82000	1868.00000
58.83000	1838.00000
58.84000	1864.00000
58.85000	1816.00000
58.86000	1820.00000
58.87000	1848.00000
58.88000	1887.00000
58.89000	1863.00000
58.90000	1860.00000
58.91000	1895.00000
58.92000	1950.00000
58.93000	1879.00000
58.94000	1833.00000
58.95000	1848.00000
58.96000	1779.00000
58.97000	1827.00000
58.98000	1822.00000
58.99000	1860.00000
59.00000	1854.00000
59.01000	1843.00000
59.02000	1771.00000
59.03000	1846.00000
59.04000	1823.00000
59.05000	1817.00000
59.06000	1797.00000
59.07000	1800.00000
59.08000	1824.00000
59.09000	1846.00000
59.10000	1905.00000
59.11000	1887.00000
59.12000	1853.00000
59.13000	1854.00000
59.14000	1875.00000
59.15000	1885.00000
59.16000	1790.00000
59.17000	1852.00000
59.18000	1908.00000
59.19000	1907.00000
59.20000	1897.00000
59.21000	1856.00000
59.22000	1906.00000
59.23000	1862.00000
59.24000	1864.00000
59.25000	1918.00000
59.26000	1901.00000
59.27000	1874.00000
59.28000	1881.00000
59.29000	2008.00000
59.30000	1963.00000
59.31000	1975.00000
59.32000	1970.00000
59.33000	2035.00000
59.34000	2098.00000
59.35000	2143.00000
59.36000	2116.00000
59.37000	2156.00000
59.38000	2247.00000
59.39000	2347.00000
59.40000	2389.00000
59.41000	2491.00000
59.42000	2471.00000
59.43000	2542.00000
59.44000	2621.00000
59.45000	2566.00000
59.46000	2692.00000
59.47000	2762.00000
59.48000	2693.00000
59.49000	2717.00000
59.50000	2752.00000
59.51000	2759.00000
59.52000	2735.00000
59.53000	2759.00000
59.54000	2906.00000
59.55000	2794.00000
59.56000	2920.00000
59.57000	3007.00000
59.58000	3032.00000
59.59000	3131.00000
59.60000	3156.00000
59.61000	3212.00000
59.62000	3319.00000
59.63000	3365.00000
59.64000	3457.00000
59.65000	3401.00000
59.66000	3458.00000
59.67000	3373.00000
59.68000	3325.00000
59.69000	3338.00000
59.70000	3323.00000
59.71000	3218.00000
59.72000	3091.00000
59.73000	3036.00000
59.74000	3063.00000
59.75000	3079.00000
59.76000	2913.00000
59.77000	2790.00000
59.78000	2786.00000
59.79000	2953.00000
59.80000	3023.00000
59.81000	3063.00000
59.82000	2996.00000
59.83000	3073.00000
59.84000	3317.00000
59.85000	3433.00000
59.86000	3565.00000
59.87000	3709.00000
59.88000	4043.00000
59.89000	4444.00000
59.90000	4861.00000
59.91000	5371.00000
59.92000	5752.00000
59.93000	6452.00000
59.94000	7426.00000
59.95000	8594.00000
59.96000	9876.00000
59.97000	11122.00000
59.98000	13169.00000
59.99000	14749.00000
60.00000	16649.00000
60.01000	18516.00000
60.02000	20453.00000
60.03000	22025.00000
60.04000	23349.00000
60.05000	23812.00000
60.06000	24325.00000
60.07000	24305.00000
60.08000	23890.00000
60.09000	22357.00000
60.10000	20899.00000
60.11000	19139.00000
60.12000	17476.00000
60.13000	15726.00000
60.14000	14040.00000
60.15000	12408.00000
60.16000	10934.00000
60.17000	9549.00000
60.18000	8373.00000
60.19000	7524.00000
60.20000	6607.00000
60.21000	5901.00000
60.22000	5376.00000
60.23000	4957.00000
60.24000	4542.00000
60.25000	4184.00000
60.26000	3794.00000
60.27000	3667.00000
60.28000	3626.00000
60.29000	3391.00000
60.30000	3247.00000
60.31000	3170.00000
60.32000	3026.00000
60.33000	2958.00000
60.34000	2837.00000
60.35000	2662.00000
60.36000	2630.00000
60.37000	2621.00000
60.38000	2521.00000
60.39000	2563.00000
60.40000	2451.00000
60.41000	2355.00000
60.42000	2309.00000
60.43000	2245.00000
60.44000	2240.00000
60.45000	2371.00000
60.46000	2392.00000
60.47000	2310.00000
60.48000	2240.00000
60.49000	2186.00000
60.50000	2245.00000
60.51000	2197.00000
60.52000	2260.00000
60.53000	2317.00000
60.54000	2277.00000
60.55000	2145.00000
60.56000	2224.00000
60.57000	2272.00000
60.58000	2292.00000
60.59000	2312.00000
60.60000	2350.00000
60.61000	2252.00000
60.62000	2265.00000
60.63000	2360.00000
60.64000	2328.00000
60.65000	2229.00000
60.66000	2098.00000
60.67000	2112.00000
60.68000	2031.00000
60.69000	2156.00000
60.70000	2122.00000
60.71000	2058.00000
60.72000	2088.00000
60.73000	2134.00000
60.74000	2076.00000
60.75000	2124.00000
60.76000	2146.00000
60.77000	2130.00000
60.78000	2188.00000
60.79000	2195.00000
60.80000	2299.00000
60.81000	2332.00000
60.82000	2398.00000
60.83000	2512.00000
60.84000	2477.00000
60.85000	2580.00000
60.86000	2653.00000
60.87000	2739.00000
60.88000	2766.00000
60.89000	2750.00000
60.90000	2638.00000
60.91000	2758.00000
60.92000	2849.00000
60.93000	2759.00000
60.94000	2734.00000
60.95000	2710.00000
60.96000	2631.00000
60.97000	2637.00000
60.98000	2692.00000
60.99000	2762.00000
61.00000	2789.00000
61.01000	2753.00000
61.02000	2804.00000
61.03000	2922.00000
61.04000	2894.00000
61.05000	3030.00000
61.06000	3201.00000
61.07000	3507.00000
61.08000	3614.00000
61.09000	3805.00000
61.10000	4023.00000
61.11000	4284.00000
61.12000	4477.00000
61.13000	4755.00000
61.14000	5042.00000
61.15000	5269.00000
61.16000	5345.00000
61.17000	5522.00000
61.18000	5685.00000
61.19000	5756.00000
61.20000	5937.00000
61.21000	6216.00000
61.22000	6551.00000
61.23000	6993.00000
61.24000	7281.00000
61.25000	7652.00000
61.26000	8267.00000
61.27000	9079.00000
61.28000	9191.00000
61.29000	9405.00000
61.30000	9943.00000
61.31000	10264.00000
61.32000	10119.00000
61.33000	9882.00000
61.34000	9777.00000
61.35000	9428.00000
61.36000	8926.00000
61.37000	8231.00000
61.38000	7428.00000
61.39000	6881.00000
61.40000	6360.00000
61.41000	5797.00000
61.42000	5118.00000
61.43000	4462.00000
61.44000	4137.00000
61.45000	3902.00000
61.46000	3669.00000
61.47000	3462.00000
61.48000	3143.00000
61.49000	2973.00000
61.50000	2703.00000
61.51000	2588.00000
61.52000	2556.00000
61.53000	2512.00000
61.54000	2505.00000
61.55000	2390.00000
61.56000	2327.00000
61.57000	2322.00000
61.58000	2268.00000
61.59000	2245.00000
61.60000	2256.00000
61.61000	2197.00000
61.62000	2171.00000
61.63000	2137.00000
61.64000	2081.00000
61.65000	2071.00000
61.66000	2123.00000
61.67000	2067.00000
61.68000	2018.00000
61.69000	2075.00000
61.70000	2066.00000
61.71000	2076.00000
61.72000	2001.00000
61.73000	1968.00000
61.74000	1987.00000
61.75000	2004.00000
61.76000	1974.00000
61.77000	2062.00000
61.78000	2129.00000
61.79000	2017.00000
61.80000	2012.00000
61.81000	2028.00000
61.82000	2082.00000
61.83000	2167.00000
61.84000	2169.00000
61.85000	2145.00000
61.86000	2146.00000
61.87000	2201.00000
61.88000	2182.00000
61.89000	2165.00000
61.90000	2150.00000
61.91000	2227.00000
61.92000	2244.00000
61.93000	2259.00000
61.94000	2329.00000
61.95000	2358.00000
61.96000	2298.00000
61.97000	2297.00000
61.98000	2353.00000
61.99000	2308.00000
62.00000	2447.00000
62.01000	2450.00000
62.02000	2473.00000
62.03000	2625.00000
62.04000	2587.00000
62.05000	2701.00000
62.06000	2754.00000
62.07000	2854.00000
62.08000	3081.00000
62.09000	3415.00000
62.10000	3519.00000
62.11000	3664.00000
62.12000	3998.00000
62.13000	4416.00000
62.14000	4939.00000
62.15000	5512.00000
62.16000	6091.00000
62.17000	6835.00000
62.18000	7748.00000
62.19000	9032.00000
62.20000	10274.00000
62.21000	11406.00000
62.22000	12952.00000
62.23000	14812.00000
62.24000	16899.00000
62.25000	18149.00000
62.26000	19627.00000
62.27000	20812.00000
62.28000	21404.00000
62.29000	21619.00000
62.30000	20962.00000
62.31000	20266.00000
62.32000	19239.00000
62.33000	17715.00000
62.34000	16215.00000
62.35000	14372.00000
62.36000	12692.00000
62.37000	11181.00000
62.38000	9733.00000
62.39000	8592.00000
62.40000	7727.00000
62.41000	6588.00000
62.42000	5905.00000
62.43000	5286.00000
62.44000	4685.00000
62.45000	4427.00000
62.46000	4222.00000
62.47000	3830.00000
62.48000	3618.00000
62.49000	3567.00000
62.50000	3466.00000
62.51000	3351.00000
62.52000	3183.00000
62.53000	3165.00000
62.54000	3069.00000
62.55000	2986.00000
62.56000	2962.00000
62.57000	2998.00000
62.58000	2965.00000
62.59000	2915.00000
62.60000	2724.00000
62.61000	2720.00000
62.62000	2673.00000
62.63000	2617.00000
62.64000	2677.00000
62.65000	2720.00000
62.66000	2585.00000
62.67000	2580.00000
62.68000	2548.00000
62.69000	2522.00000
62.70000	2549.00000
62.71000	2484.00000
62.72000	2334.00000
62.73000	2348.00000
62.74000	2346.00000
62.75000	2345.00000
62.76000	2328.00000
62.77000	2241.00000
62.78000	2214.00000
62.79000	2133.00000
62.80000	2323.00000
62.81000	2256.00000
62.82000	2208.00000
62.83000	2179.00000
62.84000	2087.00000
62.85000	2091.00000
62.86000	2070.00000
62.87000	2079.00000
62.88000	2114.00000
62.89000	2108.00000
62.90000	2079.00000
62.91000	2097.00000
62.92000	2204.00000
62.93000	2197.00000
62.94000	2025.00000
62.95000	2042.00000
62.96000	2057.00000
62.97000	2119.00000
62.98000	2108.00000
62.99000	2080.00000
63.00000	2076.00000
63.01000	2028.00000
63.02000	2007.00000
63.03000	2034.00000
63.04000	2055.00000
63.05000	2075.00000
63.06000	2074.00000
63.07000	1997.00000
63.08000	1961.00000
63.09000	2002.00000
63.10000	2043.00000
63.11000	1966.00000
63.12000	1986.00000
63.13000	1982.00000
63.14000	2026.00000
63.15000	2005.00000
63.16000	2065.00000
63.17000	2074.00000
63.18000	2090.00000
63.19000	2028.00000
63.20000	2007.00000
63.21000	2002.00000
63.22000	2123.00000
63.23000	2148.00000
63.24000	2198.00000
63.25000	2228.00000
63.26000	2192.00000
63.27000	2257.00000
63.28000	2275.00000
63.29000	2308.00000
63.30000	2355.00000
63.31000	2469.00000
63.32000	2564.00000
63.33000	2659.00000
63.34000	2762.00000
63.35000	3075.00000
63.36000	3080.00000
63.37000	3164.00000
63.38000	3309.00000
63.39000	3461.00000
63.40000	3648.00000
63.41000	3810.00000
63.42000	4006.00000
63.43000	4242.00000
63.44000	4493.00000
63.45000	4760.00000
63.46000	4954.00000
63.47000	5248.00000
63.48000	5408.00000
63.49000	5741.00000
63.50000	5886.00000
63.51000	6082.00000
63.52000	6094.00000
63.53000	5990.00000
63.54000	6032.00000
63.55000	5713.00000
63.56000	5679.00000
63.57000	5331.00000
63.58000	5106.00000
63.59000	4705.00000
63.60000	4484.00000
63.61000	4238.00000
63.62000	3881.00000
63.63000	3636.00000
63.64000	3384.00000
63.65000	3305.00000
63.66000	3046.00000
63.67000	2779.00000
63.68000	2738.00000
63.69000	2627.00000
63.70000	2585.00000
63.71000	2468.00000
63.72000	2398.00000
63.73000	2308.00000
63.74000	2220.00000
63.75000	2245.00000
63.76000	2193.00000
63.77000	2238.00000
63.78000	2197.00000
63.79000	2143.00000
63.80000	2060.00000
63.81000	2103.00000
63.82000	2112.00000
63.83000	2097.00000
63.84000	2162.00000
63.85000	2127.00000
63.86000	2109.00000
63.87000	2109.00000
63.88000	2109.00000
63.89000	2193.00000
63.90000	2142.00000
63.91000	2193.00000
63.92000	2193.00000
63.93000	2232.00000
63.94000	2193.00000
63.95000	2194.00000
63.96000	2233.00000
63.97000	2369.00000
63.98000	2413.00000
63.99000	2346.00000
64.00000	2419.00000
64.01000	2445.00000
64.02000	2542.00000
64.03000	2532.00000
64.04000	2591.00000
64.05000	2642.00000
64.06000	2730.00000
64.07000	2910.00000
64.08000	3031.00000
64.09000	3220.00000
64.10000	3445.00000
64.11000	3630.00000
64.12000	3966.00000
64.13000	4510.00000
64.14000	4893.00000
64.15000	5429.00000
64.16000	6237.00000
64.17000	6967.00000
64.18000	7737.00000
64.19000	8233.00000
64.20000	9079.00000
64.21000	9673.00000
64.22000	10216.00000
64.23000	10423.00000
64.24000	10376.00000
64.25000	9983.00000
64.26000	9542.00000
64.27000	9022.00000
64.28000	8501.00000
64.29000	7711.00000
64.30000	7044.00000
64.31000	6387.00000
64.32000	5696.00000
64.33000	4919.00000
64.34000	4443.00000
64.35000	4223.00000
64.36000	3852.00000
64.37000	3574.00000
64.38000	3356.00000
64.39000	3045.00000
64.40000	2975.00000
64.41000	2848.00000
64.42000	2858.00000
64.43000	2806.00000
64.44000	2766.00000
64.45000	2568.00000
64.46000	2439.00000
64.47000	2501.00000
64.48000	2522.00000
64.49000	2446.00000
64.50000	2405.00000
64.51000	2391.00000
64.52000	2363.00000
64.53000	2339.00000
64.54000	2377.00000
64.55000	2433.00000
64.56000	2480.00000
64.57000	2482.00000
64.58000	2599.00000
64.59000	2598.00000
64.60000	2744.00000
64.61000	2808.00000
64.62000	2913.00000
64.63000	2994.00000
64.64000	2947.00000
64.65000	3002.00000
64.66000	2962.00000
64.67000	2887.00000
64.68000	2796.00000
64.69000	2670.00000
64.70000	2659.00000
64.71000	2573.00000
64.72000	2509.00000
64.73000	2438.00000
64.74000	2339.00000
64.75000	2229.00000
64.76000	2153.00000
64.77000	2140.00000
64.78000	2087.00000
64.79000	2006.00000
64.80000	1963.00000
64.81000	2000.00000
64.82000	1907.00000
64.83000	1955.00000
64.84000	1926.00000
64.85000	1867.00000
64.86000	1799.00000
64.87000	1810.00000
64.88000	1917.00000
64.89000	1817.00000
64.90000	1935.00000
64.91000	1880.00000
64.92000	1828.00000
64.93000	1865.00000
64.94000	1872.00000
64.95000	1833.00000
64.96000	1870.00000
64.97000	1822.00000
64.98000	1892.00000
64.99000	1844.00000
65.00000	1920.00000
65.01000	1807.00000
65.02000	1805.00000
65.03000	1838.00000
65.04000	1864.00000
65.05000	1884.00000
65.06000	1865.00000
65.07000	1878.00000
65.08000	1962.00000
65.09000	1934.00000
65.10000	1895.00000
65.11000	1891.00000
65.12000	1961.00000
65.13000	1914.00000
65.14000	1838.00000
65.15000	1891.00000
65.16000	1902.00000
65.17000	1899.00000
65.18000	1892.00000
65.19000	1906.00000
65.20000	1921.00000
65.21000	1911.00000
65.22000	1900.00000
65.23000	1849.00000
65.24000	1912.00000
65.25000	1912.00000
65.26000	1868.00000
65.27000	1850.00000
65.28000	1908.00000
65.29000	1949.00000
65.30000	1988.00000
65.31000	1905.00000
65.32000	1863.00000
65.33000	1884.00000
65.34000	1928.00000
65.35000	1914.00000
65.36000	1884.00000
65.37000	1906.00000
65.38000	1873.00000
65.39000	1872.00000
65.40000	1841.00000
65.41000	1899.00000
65.42000	1938.00000
65.43000	1961.00000
65.44000	1942.00000
65.45000	1951.00000
65.46000	1959.00000
65.47000	2009.00000
65.48000	1973.00000
65.49000	2068.00000
65.50000	2152.00000
65.51000	2196.00000
65.52000	2157.00000
65.53000	2167.00000
65.54000	2299.00000
65.55000	2334.00000
65.56000	2532.00000
65.57000	2597.00000
65.58000	2835.00000
65.59000	2966.00000
65.60000	3139.00000
65.61000	3383.00000
65.62000	3760.00000
65.63000	3877.00000
65.64000	4073.00000
65.65000	4180.00000
65.66000	4469.00000
65.67000	4610.00000
65.68000	4832.00000
65.69000	5056.00000
65.70000	5121.00000
65.71000	5309.00000
65.72000	5227.00000
65.73000	5224.00000
65.74000	5461.00000
65.75000	5453.00000
65.76000	5201.00000
65.77000	5131.00000
65.78000	5295.00000
65.79000	5231.00000
65.80000	5117.00000
65.81000	5137.00000
65.82000	5010.00000
65.83000	4827.00000
65.84000	4738.00000
65.85000	4555.00000
65.86000	4344.00000
65.87000	3967.00000
65.88000	3707.00000
65.89000	3510.00000
65.90000	3378.00000
65.91000	3291.00000
65.92000	3119.00000
65.93000	2919.00000
65.94000	2702.00000
65.95000	2578.00000
65.96000	2474.00000
65.97000	2338.00000
65.98000	2424.00000
65.99000	2359.00000
66.00000	2323.00000
66.01000	2335.00000
66.02000	2265.00000
66.03000	2233.00000
66.04000	2215.00000
66.05000	2221.00000
66.06000	2251.00000
66.07000	2288.00000
66.08000	2226.00000
66.09000	2172.00000
66.10000	2256.00000
66.11000	2266.00000
66.12000	2425.00000
66.13000	2376.00000
66.14000	2562.00000
66.15000	2624.00000
66.16000	2683.00000
66.17000	2778.00000
66.18000	2860.00000
66.19000	3057.00000
66.20000	3259.00000
66.21000	3456.00000
66.22000	3549.00000
66.23000	3684.00000
66.24000	3770.00000
66.25000	3911.00000
66.26000	3777.00000
66.27000	3810.00000
66.28000	3644.00000
66.29000	3404.00000
66.30000	3372.00000
66.31000	3241.00000
66.32000	3205.00000
66.33000	2962.00000
66.34000	2799.00000
66.35000	2734.00000
66.36000	2588.00000
66.37000	2493.00000
66.38000	2424.00000
66.39000	2252.00000
66.40000	2134.00000
66.41000	2053.00000
66.42000	2054.00000
66.43000	2016.00000
66.44000	2044.00000
66.45000	1973.00000
66.46000	2000.00000
66.47000	2000.00000
66.48000	1944.00000
66.49000	1949.00000
66.50000	1960.00000
66.51000	1911.00000
66.52000	1850.00000
66.53000	1874.00000
66.54000	1824.00000
66.55000	1898.00000
66.56000	1876.00000
66.57000	1807.00000
66.58000	1754.00000
66.59000	1823.00000
66.60000	1832.00000
66.61000	1837.00000
66.62000	1783.00000
66.63000	1830.00000
66.64000	1874.00000
66.65000	1839.00000
66.66000	1834.00000
66.67000	1810.00000
66.68000	1851.00000
66.69000	1824.00000
66.70000	1891.00000
66.71000	1874.00000
66.72000	1848.00000
66.73000	1903.00000
66.74000	1825.00000
66.75000	1859.00000
66.76000	1848.00000
66.77000	1888.00000
66.78000	1901.00000
66.79000	1859.00000
66.80000	1921.00000
66.81000	1910.00000
66.82000	1905.00000
66.83000	1857.00000
66.84000	1887.00000
66.85000	1935.00000
66.86000	1997.00000
66.87000	2000.00000
66.88000	2061.00000
66.89000	2021.00000
66.90000	1975.00000
66.91000	1972.00000
66.92000	2108.00000
66.93000	2127.00000
66.94000	2140.00000
66.95000	2216.00000
66.96000	2261.00000
66.97000	2370.00000
66.98000	2500.00000
66.99000	2687.00000
67.00000	2762.00000
67.01000	2904.00000
67.02000	3130.00000
67.03000	3373.00000
67.04000	3485.00000
67.05000	3859.00000
67.06000	4095.00000
67.07000	4258.00000
67.08000	4460.00000
67.09000	4741.00000
67.10000	4830.00000
67.11000	5035.00000
67.12000	5008.00000
67.13000	5048.00000
67.14000	4990.00000
67.15000	4948.00000
67.16000	4773.00000
67.17000	4692.00000
67.18000	4663.00000
67.19000	4287.00000
67.20000	4116.00000
67.21000	3940.00000
67.22000	3863.00000
67.23000	3744.00000
67.24000	3801.00000
67.25000	3818.00000
67.26000	3852.00000
67.27000	3810.00000
67.28000	4009.00000
67.29000	4082.00000
67.30000	4250.00000
67.31000	4288.00000
67.32000	4322.00000
67.33000	4495.00000
67.34000	4622.00000
67.35000	4531.00000
67.36000	4498.00000
67.37000	4407.00000
67.38000	4403.00000
67.39000	4451.00000
67.40000	4352.00000
67.41000	4150.00000
67.42000	4167.00000
67.43000	3951.00000
67.44000	3809.00000
67.45000	3645.00000
67.46000	3569.00000
67.47000	3494.00000
67.48000	3373.00000
67.49000	3294.00000
67.50000	3265.00000
67.51000	3113.00000
67.52000	2915.00000
67.53000	2752.00000
67.54000	2629.00000
67.55000	2566.00000
67.56000	2519.00000
67.57000	2414.00000
67.58000	2403.00000
67.59000	2224.00000
67.60000	2192.00000
67.61000	2181.00000
67.62000	2167.00000
67.63000	2092.00000
67.64000	2088.00000
67.65000	2119.00000
67.66000	2174.00000
67.67000	2199.00000
67.68000	2124.00000
67.69000	2161.00000
67.70000	2167.00000
67.71000	2157.00000
67.72000	2155.00000
67.73000	2155.00000
67.74000	2203.00000
67.75000	2185.00000
67.76000	2196.00000
67.77000	2140.00000
67.78000	2017.00000
67.79000	2034.00000
67.80000	2003.00000
67.81000	1982.00000
67.82000	1948.00000
67.83000	1961.00000
67.84000	1953.00000
67.85000	1918.00000
67.86000	1867.00000
67.87000	1911.00000
67.88000	1855.00000
67.89000	1829.00000
67.90000	1806.00000
67.91000	1799.00000
67.92000	1806.00000
67.93000	1747.00000
67.94000	1741.00000
67.95000	1764.00000
67.96000	1754.00000
67.97000	1841.00000
67.98000	1857.00000
67.99000	1773.00000
68.00000	1765.00000
68.01000	1839.00000
68.02000	1811.00000
68.03000	1865.00000
68.04000	1876.00000
68.05000	1875.00000
68.06000	1867.00000
68.07000	1909.00000
68.08000	2025.00000
68.09000	1971.00000
68.10000	1947.00000
68.11000	1961.00000
68.12000	1926.00000
68.13000	1929.00000
68.14000	1899.00000
68.15000	1944.00000
68.16000	1896.00000
68.17000	1927.00000
68.18000	1934.00000
68.19000	1868.00000
68.20000	1864.00000
68.21000	1831.00000
68.22000	1869.00000
68.23000	1837.00000
68.24000	1790.00000
68.25000	1762.00000
68.26000	1856.00000
68.27000	1855.00000
68.28000	1851.00000
68.29000	1761.00000
68.30000	1792.00000
68.31000	1845.00000
68.32000	1919.00000
68.33000	1865.00000
68.34000	1882.00000
68.35000	1948.00000
68.36000	1951.00000
68.37000	1935.00000
68.38000	1908.00000
68.39000	1943.00000
68.40000	1986.00000
68.41000	1936.00000
68.42000	1874.00000
68.43000	1957.00000
68.44000	1929.00000
68.45000	1896.00000
68.46000	1918.00000
68.47000	1967.00000
68.48000	1993.00000
68.49000	2032.00000
68.50000	2062.00000
68.51000	2077.00000
68.52000	2058.00000
68.53000	2156.00000
68.54000	2273.00000
68.55000	2239.00000
68.56000	2358.00000
68.57000	2436.00000
68.58000	2541.00000
68.59000	2507.00000
68.60000	2595.00000
68.61000	2694.00000
68.62000	2678.00000
68.63000	2717.00000
68.64000	2703.00000
68.65000	2599.00000
68.66000	2582.00000
68.67000	2515.00000
68.68000	2552.00000
68.69000	2533.00000
68.70000	2456.00000
68.71000	2349.00000
68.72000	2349.00000
68.73000	2308.00000
68.74000	2195.00000
68.75000	2155.00000
68.76000	2099.00000
68.77000	2030.00000
68.78000	1976.00000
68.79000	2006.00000
68.80000	1960.00000
68.81000	1917.00000
68.82000	1953.00000
68.83000	1994.00000
68.84000	2046.00000
68.85000	2083.00000
68.86000	2085.00000
68.87000	2158.00000
68.88000	2188.00000
68.89000	2248.00000
68.90000	2356.00000
68.91000	2402.00000
68.92000	2433.00000
68.93000	2579.00000
68.94000	2591.00000
68.95000	2731.00000
68.96000	2784.00000
68.97000	2873.00000
68.98000	3040.00000
68.99000	2930.00000
69.00000	2878.00000
69.01000	2990.00000
69.02000	3098.00000
69.03000	3100.00000
69.04000	3094.00000
69.05000	2997.00000
69.06000	2911.00000
69.07000	2911.00000
69.08000	2898.00000
69.09000	2831.00000
69.10000	2725.00000
69.11000	2716.00000
69.12000	2603.00000
69.13000	2447.00000
69.14000	2403.00000
69.15000	2333.00000
69.16000	2256.00000
69.17000	2210.00000
69.18000	2100.00000
69.19000	2059.00000
69.20000	2084.00000
69.21000	2017.00000
69.22000	1966.00000
69.23000	1985.00000
69.24000	1975.00000
69.25000	1900.00000
69.26000	1851.00000
69.27000	1913.00000
69.28000	1841.00000
69.29000	1850.00000
69.30000	1779.00000
69.31000	1821.00000
69.32000	1787.00000
69.33000	1780.00000
69.34000	1774.00000
69.35000	1788.00000
69.36000	1748.00000
69.37000	1718.00000
69.38000	1707.00000
69.39000	1745.00000
69.40000	1790.00000
69.41000	1777.00000
69.42000	1756.00000
69.43000	1694.00000
69.44000	1725.00000
69.45000	1806.00000
69.46000	1750.00000
69.47000	1715.00000
69.48000	1744.00000
69.49000	1807.00000
69.50000	1736.00000
69.51000	1844.00000
69.52000	1798.00000
69.53000	1786.00000
69.54000	1746.00000
69.55000	1727.00000
69.56000	1766.00000
69.57000	1691.00000
69.58000	1720.00000
69.59000	1748.00000
69.60000	1854.00000
69.61000	1781.00000
69.62000	1804.00000
69.63000	1784.00000
69.64000	1834.00000
69.65000	1842.00000
69.66000	1813.00000
69.67000	1819.00000
69.68000	1821.00000
69.69000	1941.00000
69.70000	1862.00000
69.71000	1881.00000
69.72000	1899.00000
69.73000	1940.00000
69.74000	1917.00000
69.75000	1934.00000
69.76000	2027.00000
69.77000	2102.00000
69.78000	2121.00000
69.79000	2158.00000
69.80000	2160.00000
69.81000	2212.00000
69.82000	2170.00000
69.83000	2224.00000
69.84000	2275.00000
69.85000	2122.00000
69.86000	2080.00000
69.87000	2171.00000
69.88000	2092.00000
69.89000	2070.00000
69.90000	1970.00000
69.91000	1979.00000
69.92000	1929.00000
69.93000	1884.00000
69.94000	1847.00000
69.95000	1876.00000
69.96000	1834.00000
69.97000	1851.00000
69.98000	1768.00000
69.99000	1817.00000
70.00000	1785.00000
70.01000	1761.00000
70.02000	1792.00000
70.03000	1744.00000
70.04000	1734.00000
70.05000	1823.00000
70.06000	1801.00000
70.07000	1776.00000
70.08000	1794.00000
70.09000	1826.00000
70.10000	1801.00000
70.11000	1819.00000
70.12000	1863.00000
70.13000	1841.00000
70.14000	1876.00000
70.15000	1794.00000
70.16000	1797.00000
70.17000	1773.00000
70.18000	1751.00000
70.19000	1752.00000
70.20000	1771.00000
70.21000	1792.00000
70.22000	1765.00000
70.23000	1813.00000
70.24000	1835.00000
70.25000	1824.00000
70.26000	1868.00000
70.27000	1812.00000
70.28000	1826.00000
70.29000	1776.00000
70.30000	1770.00000
70.31000	1769.00000
70.32000	1734.00000
70.33000	1754.00000
70.34000	1770.00000
70.35000	1772.00000
70.36000	1797.00000
70.37000	1803.00000
70.38000	1823.00000
70.39000	1804.00000
70.40000	1779.00000
70.41000	1756.00000
70.42000	1756.00000
70.43000	1726.00000
70.44000	1777.00000
70.45000	1820.00000
70.46000	1759.00000
70.47000	1747.00000
70.48000	1813.00000
70.49000	1894.00000
70.50000	1838.00000
70.51000	1804.00000
70.52000	1749.00000
70.53000	1719.00000
70.54000	1757.00000
70.55000	1731.00000
70.56000	1701.00000
70.57000	1753.00000
70.58000	1744.00000
70.59000	1760.00000
70.60000	1753.00000
70.61000	1751.00000
70.62000	1793.00000
70.63000	1842.00000
70.64000	1833.00000
70.65000	1879.00000
70.66000	1773.00000
70.67000	1772.00000
70.68000	1752.00000
70.69000	1753.00000
70.70000	1778.00000
70.71000	1816.00000
70.72000	1817.00000
70.73000	1779.00000
70.74000	1850.00000
70.75000	1837.00000
70.76000	1918.00000
70.77000	2002.00000
70.78000	2027.00000
70.79000	2053.00000
70.80000	2131.00000
70.81000	2180.00000
70.82000	2249.00000
70.83000	2383.00000
70.84000	2438.00000
70.85000	2555.00000
70.86000	2697.00000
70.87000	2825.00000
70.88000	2917.00000
70.89000	3098.00000
70.90000	3120.00000
70.91000	3290.00000
70.92000	3298.00000
70.93000	3247.00000
70.94000	3190.00000
70.95000	3203.00000
70.96000	3079.00000
70.97000	2979.00000
70.98000	2899.00000
70.99000	2857.00000
71.00000	2738.00000
71.01000	2628.00000
71.02000	2545.00000
71.03000	2453.00000
71.04000	2426.00000
71.05000	2423.00000
71.06000	2386.00000
71.07000	2374.00000
71.08000	2342.00000
71.09000	2453.00000
71.10000	2587.00000
71.11000	2713.00000
71.12000	2790.00000
71.13000	2876.00000
71.14000	3044.00000
71.15000	3042.00000
71.16000	3269.00000
71.17000	3428.00000
71.18000	3613.00000
71.19000	3671.00000
71.20000	3784.00000
71.21000	3713.00000
71.22000	3712.00000
71.23000	3687.00000
71.24000	3586.00000
71.25000	3468.00000
71.26000	3215.00000
71.27000	3041.00000
71.28000	3023.00000
71.29000	2940.00000
71.30000	2838.00000
71.31000	2688.00000
71.32000	2535.00000
71.33000	2444.00000
71.34000	2381.00000
71.35000	2246.00000
71.36000	2145.00000
71.37000	2148.00000
71.38000	2089.00000
71.39000	1992.00000
71.40000	2000.00000
71.41000	2027.00000
71.42000	2082.00000
71.43000	2005.00000
71.44000	1994.00000
71.45000	2027.00000
71.46000	2000.00000
71.47000	2051.00000
71.48000	2053.00000
71.49000	2042.00000
71.50000	1985.00000
71.51000	1993.00000
71.52000	2040.00000
71.53000	2002.00000
71.54000	1950.00000
71.55000	1943.00000
71.56000	2031.00000
71.57000	2044.00000
71.58000	1975.00000
71.59000	2014.00000
71.60000	1989.00000
71.61000	2025.00000
71.62000	2057.00000
71.63000	2121.00000
71.64000	2105.00000
71.65000	2046.00000
71.66000	2035.00000
71.67000	2082.00000
71.68000	2095.00000
71.69000	2231.00000
71.70000	2253.00000
71.71000	2210.00000
71.72000	2390.00000
71.73000	2497.00000
71.74000	2585.00000
71.75000	2630.00000
71.76000	2719.00000
71.77000	2962.00000
71.78000	3131.00000
71.79000	3287.00000
71.80000	3596.00000
71.81000	3847.00000
71.82000	4023.00000
71.83000	4217.00000
71.84000	4376.00000
71.85000	4588.00000
71.86000	4791.00000
71.87000	5023.00000
71.88000	5237.00000
71.89000	5439.00000
71.90000	5509.00000
71.91000	5573.00000
71.92000	5515.00000
71.93000	5424.00000
71.94000	5354.00000
71.95000	5348.00000
71.96000	5231.00000
71.97000	5058.00000
71.98000	4946.00000
71.99000	4691.00000
72.00000	4434.00000
72.01000	4221.00000
72.02000	4168.00000
72.03000	4010.00000
72.04000	3745.00000
72.05000	3640.00000
72.06000	3620.00000
72.07000	3548.00000
72.08000	3544.00000
72.09000	3587.00000
72.10000	3463.00000
72.11000	3310.00000
72.12000	3374.00000
72.13000	3456.00000
72.14000	3414.00000
72.15000	3387.00000
72.16000	3322.00000
72.17000	3305.00000
72.18000	3354.00000
72.19000	3331.00000
72.20000	3344.00000
72.21000	3345.00000
72.22000	3172.00000
72.23000	3125.00000
72.24000	3151.00000
72.25000	3155.00000
72.26000	3257.00000
72.27000	3380.00000
72.28000	3290.00000
72.29000	3372.00000
72.30000	3518.00000
72.31000	3668.00000
72.32000	3731.00000
72.33000	3960.00000
72.34000	4060.00000
72.35000	4184.00000
72.36000	4232.00000
72.37000	4383.00000
72.38000	4496.00000
72.39000	4558.00000
72.40000	4504.00000
72.41000	4496.00000
72.42000	4313.00000
72.43000	4136.00000
72.44000	4045.00000
72.45000	3749.00000
72.46000	3575.00000
72.47000	3436.00000
72.48000	3146.00000
72.49000	3032.00000
72.50000	2793.00000
72.51000	2580.00000
72.52000	2520.00000
72.53000	2415.00000
72.54000	2399.00000
72.55000	2344.00000
72.56000	2241.00000
72.57000	2108.00000
72.58000	2058.00000
72.59000	2035.00000
72.60000	1957.00000
72.61000	1951.00000
72.62000	1927.00000
72.63000	1920.00000
72.64000	1891.00000
72.65000	1897.00000
72.66000	1939.00000
72.67000	1848.00000
72.68000	1822.00000
72.69000	1863.00000
72.70000	1828.00000
72.71000	1820.00000
72.72000	1780.00000
72.73000	1794.00000
72.74000	1770.00000
72.75000	1791.00000
72.76000	1774.00000
72.77000	1767.00000
72.78000	1756.00000
72.79000	1750.00000
72.80000	1732.00000
72.81000	1715.00000
72.82000	1765.00000
72.83000	1724.00000
72.84000	1691.00000
72.85000	1707.00000
72.86000	1728.00000
72.87000	1698.00000
72.88000	1753.00000
72.89000	1751.00000
72.90000	1758.00000
72.91000	1785.00000
72.92000	1799.00000
72.93000	1764.00000
72.94000	1789.00000
72.95000	1783.00000
72.96000	1722.00000
72.97000	1730.00000
72.98000	1710.00000
72.99000	1695.00000
73.00000	1840.00000
73.01000	1799.00000
73.02000	1772.00000
73.03000	1702.00000
73.04000	1724.00000
73.05000	1801.00000
73.06000	1826.00000
73.07000	1833.00000
73.08000	1807.00000
73.09000	1815.00000
73.10000	1893.00000
73.11000	1927.00000
73.12000	1933.00000
73.13000	1992.00000
73.14000	2039.00000
73.15000	1950.00000
73.16000	1957.00000
73.17000	1962.00000
73.18000	1968.00000
73.19000	2035.00000
73.20000	2029.00000
73.21000	2175.00000
73.22000	2085.00000
73.23000	1978.00000
73.24000	2047.00000
73.25000	2018.00000
73.26000	1997.00000
73.27000	1963.00000
73.28000	1923.00000
73.29000	1867.00000
73.30000	1888.00000
73.31000	1830.00000
73.32000	1855.00000
73.33000	1874.00000
73.34000	1841.00000
73.35000	1849.00000
73.36000	1847.00000
73.37000	1793.00000
73.38000	1730.00000
73.39000	1749.00000
73.40000	1800.00000
73.41000	1784.00000
73.42000	1743.00000
73.43000	1727.00000
73.44000	1736.00000
73.45000	1739.00000
73.46000	1715.00000
73.47000	1707.00000
73.48000	1804.00000
73.49000	1776.00000
73.50000	1781.00000
73.51000	1733.00000
73.52000	1735.00000
73.53000	1702.00000
73.54000	1741.00000
73.55000	1703.00000
73.56000	1736.00000
73.57000	1760.00000
73.58000	1813.00000
73.59000	1784.00000
73.60000	1738.00000
73.61000	1772.00000
73.62000	1786.00000
73.63000	1733.00000
73.64000	1695.00000
73.65000	1715.00000
73.66000	1707.00000
73.67000	1677.00000
73.68000	1676.00000
73.69000	1702.00000
73.70000	1706.00000
73.71000	1712.00000
73.72000	1655.00000
73.73000	1634.00000
73.74000	1671.00000
73.75000	1709.00000
73.76000	1757.00000
73.77000	1727.00000
73.78000	1684.00000
73.79000	1693.00000
73.80000	1643.00000
73.81000	1676.00000
73.82000	1674.00000
73.83000	1685.00000
73.84000	1643.00000
73.85000	1700.00000
73.86000	1800.00000
73.87000	1732.00000
73.88000	1677.00000
73.89000	1608.00000
73.90000	1653.00000
73.91000	1657.00000
73.92000	1696.00000
73.93000	1689.00000
73.94000	1700.00000
73.95000	1718.00000
73.96000	1709.00000
73.97000	1764.00000
73.98000	1766.00000
73.99000	1724.00000
74.00000	1708.00000
74.01000	1698.00000
74.02000	1664.00000
74.03000	1758.00000
74.04000	1725.00000
74.05000	1764.00000
74.06000	1769.00000
74.07000	1748.00000
74.08000	1808.00000
74.09000	1825.00000
74.10000	1772.00000
74.11000	1742.00000
74.12000	1730.00000
74.13000	1774.00000
74.14000	1791.00000
74.15000	1774.00000
74.16000	1820.00000
74.17000	1814.00000
74.18000	1814.00000
74.19000	1794.00000
74.20000	1718.00000
74.21000	1743.00000
74.22000	1710.00000
74.23000	1726.00000
74.24000	1700.00000
74.25000	1710.00000
74.26000	1708.00000
74.27000	1789.00000
74.28000	1744.00000
74.29000	1716.00000
74.30000	1716.00000
74.31000	1784.00000
74.32000	1753.00000
74.33000	1750.00000
74.34000	1759.00000
74.35000	1737.00000
74.36000	1782.00000
74.37000	1705.00000
74.38000	1731.00000
74.39000	1818.00000
74.40000	1773.00000
74.41000	1736.00000
74.42000	1799.00000
74.43000	1838.00000
74.44000	1829.00000
74.45000	1962.00000
74.46000	1905.00000
74.47000	1922.00000
74.48000	1906.00000
74.49000	1933.00000
74.50000	1908.00000
74.51000	1892.00000
74.52000	1885.00000
74.53000	1899.00000
74.54000	1931.00000
74.55000	1932.00000
74.56000	1925.00000
74.57000	1870.00000
74.58000	1827.00000
74.59000	1844.00000
74.60000	1879.00000
74.61000	1874.00000
74.62000	1931.00000
74.63000	1843.00000
74.64000	1908.00000
74.65000	1870.00000
74.66000	1905.00000
74.67000	1819.00000
74.68000	1825.00000
74.69000	1859.00000
74.70000	1802.00000
74.71000	1792.00000
74.72000	1798.00000
74.73000	1858.00000
74.74000	1792.00000
74.75000	1783.00000
74.76000	1753.00000
74.77000	1740.00000
74.78000	1801.00000
74.79000	1805.00000
74.80000	1774.00000
74.81000	1723.00000
74.82000	1708.00000
74.83000	1669.00000
74.84000	1690.00000
74.85000	1706.00000
74.86000	1708.00000
74.87000	1745.00000
74.88000	1701.00000
74.89000	1690.00000
74.90000	1703.00000
74.91000	1748.00000
74.92000	1686.00000
74.93000	1768.00000
74.94000	1802.00000
74.95000	1735.00000
74.96000	1672.00000
74.97000	1689.00000
74.98000	1676.00000
74.99000	1682.00000
75.00000	1668.00000
75.01000	1685.00000
75.02000	1739.00000
75.03000	1861.00000
75.04000	1834.00000
75.05000	1789.00000
75.06000	1791.00000
75.07000	1776.00000
75.08000	1731.00000
75.09000	1785.00000
75.10000	1748.00000
75.11000	1784.00000
75.12000	1788.00000
75.13000	1814.00000
75.14000	1787.00000
75.15000	1895.00000
75.16000	1926.00000
75.17000	1875.00000
75.18000	1850.00000
75.19000	1884.00000
75.20000	1899.00000
75.21000	1912.00000
75.22000	1882.00000
75.23000	1950.00000
75.24000	1916.00000
75.25000	1998.00000
75.26000	2114.00000
75.27000	2166.00000
75.28000	2155.00000
75.29000	2265.00000
75.30000	2373.00000
75.31000	2386.00000
75.32000	2465.00000
75.33000	2567.00000
75.34000	2611.00000
75.35000	2790.00000
75.36000	2756.00000
75.37000	2852.00000
75.38000	2855.00000
75.39000	2825.00000
75.40000	2849.00000
75.41000	2907.00000
75.42000	2779.00000
75.43000	2715.00000
75.44000	2742.00000
75.45000	2669.00000
75.46000	2643.00000
75.47000	2436.00000
75.48000	2433.00000
75.49000	2411.00000
75.50000	2375.00000
75.51000	2268.00000
75.52000	2251.00000
75.53000	2159.00000
75.54000	2042.00000
75.55000	2088.00000
75.56000	2105.00000
75.57000	2070.00000
75.58000	2119.00000
75.59000	2178.00000
75.60000	2236.00000
75.61000	2367.00000
75.62000	2391.00000
75.63000	2513.00000
75.64000	2595.00000
75.65000	2596.00000
75.66000	2798.00000
75.67000	2800.00000
75.68000	2838.00000
75.69000	2885.00000
75.70000	2993.00000
75.71000	2947.00000
75.72000	3003.00000
75.73000	3031.00000
75.74000	3011.00000
75.75000	2981.00000
75.76000	3001.00000
75.77000	2940.00000
75.78000	2816.00000
75.79000	2753.00000
75.80000	2733.00000
75.81000	2622.00000
75.82000	2504.00000
75.83000	2545.00000
75.84000	2493.00000
75.85000	2396.00000
75.86000	2231.00000
75.87000	2155.00000
75.88000	2111.00000
75.89000	2116.00000
75.90000	2151.00000
75.91000	2061.00000
75.92000	2068.00000
75.93000	2078.00000
75.94000	2012.00000
75.95000	1963.00000
75.96000	1977.00000
75.97000	2024.00000
75.98000	1966.00000
75.99000	2032.00000
76.00000	1935.00000
76.01000	1996.00000
76.02000	1923.00000
76.03000	1915.00000
76.04000	1977.00000
76.05000	1895.00000
76.06000	1924.00000
76.07000	1984.00000
76.08000	2013.00000
76.09000	1960.00000
76.10000	1948.00000
76.11000	1953.00000
76.12000	1989.00000
76.13000	2014.00000
76.14000	2108.00000
76.15000	2096.00000
76.16000	2171.00000
76.17000	2152.00000
76.18000	2217.00000
76.19000	2292.00000
76.20000	2302.00000
76.21000	2404.00000
76.22000	2518.00000
76.23000	2705.00000
76.24000	2822.00000
76.25000	2928.00000
76.26000	3120.00000
76.27000	3412.00000
76.28000	3701.00000
76.29000	3912.00000
76.30000	4138.00000
76.31000	4569.00000
76.32000	4898.00000
76.33000	5356.00000
76.34000	5682.00000
76.35000	5881.00000
76.36000	6085.00000
76.37000	6172.00000
76.38000	6364.00000
76.39000	6458.00000
76.40000	6359.00000
76.41000	6322.00000
76.42000	6021.00000
76.43000	5688.00000
76.44000	5390.00000
76.45000	5041.00000
76.46000	4564.00000
76.47000	4257.00000
76.48000	4106.00000
76.49000	3787.00000
76.50000	3561.00000
76.51000	3317.00000
76.52000	3067.00000
76.53000	2884.00000
76.54000	2752.00000
76.55000	2666.00000
76.56000	2546.00000
76.57000	2471.00000
76.58000	2333.00000
76.59000	2271.00000
76.60000	2296.00000
76.61000	2252.00000
76.62000	2135.00000
76.63000	2113.00000
76.64000	2023.00000
76.65000	1970.00000
76.66000	1954.00000
76.67000	1889.00000
76.68000	1904.00000
76.69000	2005.00000
76.70000	1955.00000
76.71000	1851.00000
76.72000	1806.00000
76.73000	1852.00000
76.74000	1788.00000
76.75000	1861.00000
76.76000	1808.00000
76.77000	1743.00000
76.78000	1806.00000
76.79000	1740.00000
76.80000	1672.00000
76.81000	1727.00000
76.82000	1706.00000
76.83000	1697.00000
76.84000	1746.00000
76.85000	1768.00000
76.86000	1748.00000
76.87000	1689.00000
76.88000	1750.00000
76.89000	1750.00000
76.90000	1677.00000
76.91000	1680.00000
76.92000	1657.00000
76.93000	1685.00000
76.94000	1749.00000
76.95000	1819.00000
76.96000	1745.00000
76.97000	1712.00000
76.98000	1758.00000
76.99000	1749.00000
77.00000	1677.00000
77.01000	1712.00000
77.02000	1696.00000
77.03000	1728.00000
77.04000	1677.00000
77.05000	1700.00000
77.06000	1741.00000
77.07000	1750.00000
77.08000	1730.00000
77.09000	1818.00000
77.10000	1793.00000
77.11000	1773.00000
77.12000	1763.00000
77.13000	1774.00000
77.14000	1830.00000
77.15000	1814.00000
77.16000	1863.00000
77.17000	1926.00000
77.18000	1915.00000
77.19000	1894.00000
77.20000	1858.00000
77.21000	1836.00000
77.22000	1824.00000
77.23000	1847.00000
77.24000	1853.00000
77.25000	1795.00000
77.26000	1848.00000
77.27000	1841.00000
77.28000	1799.00000
77.29000	1852.00000
77.30000	1845.00000
77.31000	1859.00000
77.32000	1826.00000
77.33000	1863.00000
77.34000	1816.00000
77.35000	1772.00000
77.36000	1800.00000
77.37000	1834.00000
77.38000	1794.00000
77.39000	1749.00000
77.40000	1725.00000
77.41000	1756.00000
77.42000	1766.00000
77.43000	1778.00000
77.44000	1724.00000
77.45000	1725.00000
77.46000	1783.00000
77.47000	1771.00000
77.48000	1739.00000
77.49000	1659.00000
77.50000	1734.00000
77.51000	1756.00000
77.52000	1725.00000
77.53000	1749.00000
77.54000	1694.00000
77.55000	1706.00000
77.56000	1692.00000
77.57000	1709.00000
77.58000	1731.00000
77.59000	1795.00000
77.60000	1792.00000
77.61000	1753.00000
77.62000	1719.00000
77.63000	1703.00000
77.64000	1749.00000
77.65000	1771.00000
77.66000	1825.00000
77.67000	1801.00000
77.68000	1818.00000
77.69000	1759.00000
77.70000	1745.00000
77.71000	1783.00000
77.72000	1776.00000
77.73000	1797.00000
77.74000	1874.00000
77.75000	1889.00000
77.76000	1936.00000
77.77000	1918.00000
77.78000	1947.00000
77.79000	2032.00000
77.80000	2094.00000
77.81000	2215.00000
77.82000	2285.00000
77.83000	2283.00000
77.84000	2431.00000
77.85000	2555.00000
77.86000	2643.00000
77.87000	2682.00000
77.88000	2723.00000
77.89000	2850.00000
77.90000	3005.00000
77.91000	3011.00000
77.92000	3130.00000
77.93000	3223.00000
77.94000	3178.00000
77.95000	3123.00000
77.96000	3085.00000
77.97000	3126.00000
77.98000	3042.00000
77.99000	2870.00000
78.00000	2894.00000
78.01000	2763.00000
78.02000	2671.00000
78.03000	2552.00000
78.04000	2486.00000
78.05000	2458.00000
78.06000	2393.00000
78.07000	2268.00000
78.08000	2229.00000
78.09000	2161.00000
78.10000	2133.00000
78.11000	2044.00000
78.12000	1986.00000
78.13000	2026.00000
78.14000	2047.00000
78.15000	1969.00000
78.16000	1923.00000
78.17000	1966.00000
78.18000	1990.00000
78.19000	1889.00000
78.20000	1850.00000
78.21000	1901.00000
78.22000	1882.00000
78.23000	1894.00000
78.24000	1873.00000
78.25000	1897.00000
78.26000	1844.00000
78.27000	1872.00000
78.28000	1929.00000
78.29000	1931.00000
78.30000	1833.00000
78.31000	1823.00000
78.32000	1826.00000
78.33000	1911.00000
78.34000	1915.00000
78.35000	1978.00000
78.36000	1880.00000
78.37000	1833.00000
78.38000	1808.00000
78.39000	1826.00000
78.40000	1802.00000
78.41000	1873.00000
78.42000	1886.00000
78.43000	1822.00000
78.44000	1823.00000
78.45000	1840.00000
78.46000	1871.00000
78.47000	1915.00000
78.48000	1890.00000
78.49000	1919.00000
78.50000	1875.00000
78.51000	1952.00000
78.52000	1907.00000
78.53000	1979.00000
78.54000	1973.00000
78.55000	1977.00000
78.56000	1995.00000
78.57000	1961.00000
78.58000	2019.00000
78.59000	2061.00000
78.60000	2100.00000
78.61000	2092.00000
78.62000	2140.00000
78.63000	2116.00000
78.64000	2249.00000
78.65000	2324.00000
78.66000	2401.00000
78.67000	2455.00000
78.68000	2359.00000
78.69000	2515.00000
78.70000	2627.00000
78.71000	2698.00000
78.72000	2725.00000
78.73000	2711.00000
78.74000	2699.00000
78.75000	2713.00000
78.76000	2721.00000
78.77000	2606.00000
78.78000	2595.00000
78.79000	2602.00000
78.80000	2634.00000
78.81000	2655.00000
78.82000	2481.00000
78.83000	2382.00000
78.84000	2363.00000
78.85000	2371.00000
78.86000	2320.00000
78.87000	2346.00000
78.88000	2414.00000
78.89000	2357.00000
78.90000	2338.00000
78.91000	2356.00000
78.92000	2316.00000
78.93000	2321.00000
78.94000	2326.00000
78.95000	2335.00000
78.96000	2304.00000
78.97000	2317.00000
78.98000	2305.00000
78.99000	2293.00000
79.00000	2306.00000
79.01000	2303.00000
79.02000	2334.00000
79.03000	2242.00000
79.04000	2347.00000
79.05000	2288.00000
79.06000	2397.00000
79.07000	2354.00000
79.08000	2391.00000
79.09000	2445.00000
79.10000	2472.00000
79.11000	2576.00000
79.12000	2600.00000
79.13000	2662.00000
79.14000	2763.00000
79.15000	2796.00000
79.16000	2883.00000
79.17000	2960.00000
79.18000	3023.00000
79.19000	3031.00000
79.20000	3003.00000
79.21000	3021.00000
79.22000	3061.00000
79.23000	3078.00000
79.24000	3029.00000
79.25000	2998.00000
79.26000	3023.00000
79.27000	3058.00000
79.28000	3026.00000
79.29000	2988.00000
79.30000	2993.00000
79.31000	2945.00000
79.32000	2990.00000
79.33000	2939.00000
79.34000	2823.00000
79.35000	2825.00000
79.36000	2819.00000
79.37000	2861.00000
79.38000	2837.00000
79.39000	2803.00000
79.40000	2739.00000
79.41000	2668.00000
79.42000	2690.00000
79.43000	2691.00000
79.44000	2515.00000
79.45000	2459.00000
79.46000	2443.00000
79.47000	2460.00000
79.48000	2474.00000
79.49000	2496.00000
79.50000	2496.00000
79.51000	2479.00000
79.52000	2488.00000
79.53000	2563.00000
79.54000	2635.00000
79.55000	2760.00000
79.56000	2747.00000
79.57000	2831.00000
79.58000	2967.00000
79.59000	3127.00000
79.60000	3312.00000
79.61000	3668.00000
79.62000	3995.00000
79.63000	4210.00000
79.64000	4349.00000
79.65000	4661.00000
79.66000	5088.00000
79.67000	5517.00000
79.68000	5780.00000
79.69000	5864.00000
79.70000	6064.00000
79.71000	6362.00000
79.72000	6471.00000
79.73000	6429.00000
79.74000	6588.00000
79.75000	6633.00000
79.76000	6488.00000
79.77000	6322.00000
79.78000	6186.00000
79.79000	5911.00000
79.80000	5536.00000
79.81000	5314.00000
79.82000	5136.00000
79.83000	4788.00000
79.84000	4412.00000
79.85000	4152.00000
79.86000	3810.00000
79.87000	3593.00000
79.88000	3424.00000
79.89000	3261.00000
79.90000	3113.00000
79.91000	2939.00000
79.92000	2868.00000
79.93000	2733.00000
79.94000	2726.00000
79.95000	2514.00000
79.96000	2439.00000
79.97000	2551.00000
79.98000	2387.00000
79.99000	2374.00000
80.00000	2352.00000
80.01000	2316.00000
80.02000	2232.00000
80.03000	2256.00000
80.04000	2284.00000
80.05000	2294.00000
80.06000	2224.00000
80.07000	2304.00000
80.08000	2254.00000
80.09000	2347.00000
80.10000	2467.00000
80.11000	2400.00000
80.12000	2357.00000
80.13000	2350.00000
80.14000	2389.00000
80.15000	2514.00000
80.16000	2522.00000
80.17000	2577.00000
80.18000	2722.00000
80.19000	2763.00000
80.20000	2934.00000
80.21000	3053.00000
80.22000	3181.00000
80.23000	3438.00000
80.24000	3579.00000
80.25000	3689.00000
80.26000	3940.00000
80.27000	4054.00000
80.28000	4335.00000
80.29000	4751.00000
80.30000	4782.00000
80.31000	5141.00000
80.32000	5404.00000
80.33000	5562.00000
80.34000	5767.00000
80.35000	5912.00000
80.36000	6039.00000
80.37000	6054.00000
80.38000	6309.00000
80.39000	6353.00000
80.40000	6305.00000
80.41000	6202.00000
80.42000	5965.00000
80.43000	5912.00000
80.44000	5863.00000
80.45000	5675.00000
80.46000	5404.00000
80.47000	5115.00000
80.48000	4725.00000
80.49000	4596.00000
80.50000	4327.00000
80.51000	4086.00000
80.52000	3884.00000
80.53000	3710.00000
80.54000	3528.00000
80.55000	3376.00000
80.56000	3259.00000
80.57000	3208.00000
80.58000	3055.00000
80.59000	2956.00000
80.60000	2858.00000
80.61000	2757.00000
80.62000	2673.00000
80.63000	2703.00000
80.64000	2611.00000
80.65000	2606.00000
80.66000	2586.00000
80.67000	2547.00000
80.68000	2508.00000
80.69000	2490.00000
80.70000	2398.00000
80.71000	2418.00000
80.72000	2413.00000
80.73000	2448.00000
80.74000	2368.00000
80.75000	2298.00000
80.76000	2280.00000
80.77000	2301.00000
80.78000	2287.00000
80.79000	2218.00000
80.80000	2155.00000
80.81000	2155.00000
80.82000	2151.00000
80.83000	2066.00000
80.84000	2101.00000
80.85000	2198.00000
80.86000	2165.00000
80.87000	2205.00000
80.88000	2248.00000
80.89000	2206.00000
80.90000	2208.00000
80.91000	2289.00000
80.92000	2378.00000
80.93000	2440.00000
80.94000	2405.00000
80.95000	2543.00000
80.96000	2731.00000
80.97000	2757.00000
80.98000	2934.00000
80.99000	2938.00000
81.00000	2933.00000
81.01000	3099.00000
81.02000	3081.00000
81.03000	3156.00000
81.04000	3146.00000
81.05000	3221.00000
81.06000	3208.00000
81.07000	3254.00000
81.08000	3203.00000
81.09000	3159.00000
81.10000	3142.00000
81.11000	3090.00000
81.12000	2972.00000
81.13000	3007.00000
81.14000	2937.00000
81.15000	2922.00000
81.16000	2987.00000
81.17000	2946.00000
81.18000	3054.00000
81.19000	3085.00000
81.20000	3138.00000
81.21000	3230.00000
81.22000	3481.00000
81.23000	3709.00000
81.24000	3767.00000
81.25000	4056.00000
81.26000	4229.00000
81.27000	4499.00000
81.28000	4657.00000
81.29000	4760.00000
81.30000	4950.00000
81.31000	5077.00000
81.32000	5148.00000
81.33000	5008.00000
81.34000	5026.00000
81.35000	4912.00000
81.36000	4817.00000
81.37000	4816.00000
81.38000	4618.00000
81.39000	4411.00000
81.40000	4168.00000
81.41000	4041.00000
81.42000	3890.00000
81.43000	3701.00000
81.44000	3454.00000
81.45000	3444.00000
81.46000	3278.00000
81.47000	3104.00000
81.48000	3015.00000
81.49000	3041.00000
81.50000	3098.00000
81.51000	3091.00000
81.52000	3122.00000
81.53000	3281.00000
81.54000	3355.00000
81.55000	3500.00000
81.56000	3578.00000
81.57000	3731.00000
81.58000	4062.00000
81.59000	4378.00000
81.60000	4759.00000
81.61000	4977.00000
81.62000	5487.00000
81.63000	5904.00000
81.64000	6453.00000
81.65000	6678.00000
81.66000	6955.00000
81.67000	7458.00000
81.68000	7965.00000
81.69000	8189.00000
81.70000	8419.00000
81.71000	8293.00000
81.72000	8229.00000
81.73000	8188.00000
81.74000	7852.00000
81.75000	7521.00000
81.76000	7241.00000
81.77000	6800.00000
81.78000	6246.00000
81.79000	5825.00000
81.80000	5465.00000
81.81000	5039.00000
81.82000	4629.00000
81.83000	4432.00000
81.84000	4143.00000
81.85000	3874.00000
81.86000	3626.00000
81.87000	3525.00000
81.88000	3260.00000
81.89000	3079.00000
81.90000	2996.00000
81.91000	2933.00000
81.92000	2740.00000
81.93000	2618.00000
81.94000	2624.00000
81.95000	2547.00000
81.96000	2549.00000
81.97000	2469.00000
81.98000	2412.00000
81.99000	2404.00000
82.00000	2329.00000
82.01000	2220.00000
82.02000	2195.00000
82.03000	2244.00000
82.04000	2248.00000
82.05000	2240.00000
82.06000	2130.00000
82.07000	2149.00000
82.08000	2089.00000
82.09000	2062.00000
82.10000	2091.00000
82.11000	2027.00000
82.12000	2051.00000
82.13000	2050.00000
82.14000	2012.00000
82.15000	2017.00000
82.16000	2045.00000
82.17000	2084.00000
82.18000	2123.00000
82.19000	2075.00000
82.20000	2093.00000
82.21000	2092.00000
82.22000	2123.00000
82.23000	2085.00000
82.24000	2170.00000
82.25000	2132.00000
82.26000	2199.00000
82.27000	2248.00000
82.28000	2260.00000
82.29000	2347.00000
82.30000	2450.00000
82.31000	2493.00000
82.32000	2526.00000
82.33000	2665.00000
82.34000	2754.00000
82.35000	2787.00000
82.36000	2803.00000
82.37000	2971.00000
82.38000	3086.00000
82.39000	3278.00000
82.40000	3444.00000
82.41000	3785.00000
82.42000	3790.00000
82.43000	3906.00000
82.44000	3965.00000
82.45000	3992.00000
82.46000	4069.00000
82.47000	4161.00000
82.48000	4141.00000
82.49000	4136.00000
82.50000	4196.00000
82.51000	4186.00000
82.52000	4215.00000
82.53000	4174.00000
82.54000	4056.00000
82.55000	4023.00000
82.56000	3760.00000
82.57000	3601.00000
82.58000	3591.00000
82.59000	3409.00000
82.60000	3274.00000
82.61000	3136.00000
82.62000	3112.00000
82.63000	3020.00000
82.64000	2810.00000
82.65000	2743.00000
82.66000	2693.00000
82.67000	2700.00000
82.68000	2552.00000
82.69000	2457.00000
82.70000	2414.00000
82.71000	2369.00000
82.72000	2374.00000
82.73000	2434.00000
82.74000	2436.00000
82.75000	2338.00000
82.76000	2266.00000
82.77000	2374.00000
82.78000	2343.00000
82.79000	2357.00000
82.80000	2392.00000
82.81000	2377.00000
82.82000	2376.00000
82.83000	2467.00000
82.84000	2439.00000
82.85000	2428.00000
82.86000	2472.00000
82.87000	2444.00000
82.88000	2406.00000
82.89000	2436.00000
82.90000	2506.00000
82.91000	2441.00000
82.92000	2544.00000
82.93000	2451.00000
82.94000	2505.00000
82.95000	2356.00000
82.96000	2387.00000
82.97000	2390.00000
82.98000	2295.00000
82.99000	2344.00000
83.00000	2307.00000
83.01000	2319.00000
83.02000	2228.00000
83.03000	2186.00000
83.04000	2101.00000
83.05000	2105.00000
83.06000	2029.00000
83.07000	2035.00000
83.08000	2083.00000
83.09000	2083.00000
83.10000	2046.00000
83.11000	2026.00000
83.12000	1951.00000
83.13000	1940.00000
83.14000	1957.00000
83.15000	1973.00000
83.16000	1929.00000
83.17000	1952.00000
83.18000	1918.00000
83.19000	1885.00000
83.20000	1902.00000
83.21000	1874.00000
83.22000	1833.00000
83.23000	1817.00000
83.24000	1905.00000
83.25000	1826.00000
83.26000	1867.00000
83.27000	1854.00000
83.28000	1847.00000
83.29000	1793.00000
83.30000	1841.00000
83.31000	1852.00000
83.32000	1917.00000
83.33000	1932.00000
83.34000	1877.00000
83.35000	1903.00000
83.36000	1833.00000
83.37000	1857.00000
83.38000	1828.00000
83.39000	1793.00000
83.40000	1784.00000
83.41000	1872.00000
83.42000	1890.00000
83.43000	1845.00000
83.44000	1816.00000
83.45000	1825.00000
83.46000	1821.00000
83.47000	1833.00000
83.48000	1832.00000
83.49000	1876.00000
83.50000	1943.00000
83.51000	1935.00000
83.52000	1925.00000
83.53000	2006.00000
83.54000	1930.00000
83.55000	2029.00000
83.56000	2038.00000
83.57000	2036.00000
83.58000	2096.00000
83.59000	2115.00000
83.60000	2229.00000
83.61000	2217.00000
83.62000	2328.00000
83.63000	2344.00000
83.64000	2396.00000
83.65000	2406.00000
83.66000	2529.00000
83.67000	2685.00000
83.68000	2819.00000
83.69000	2941.00000
83.70000	3071.00000
83.71000	3199.00000
83.72000	3285.00000
83.73000	3383.00000
83.74000	3453.00000
83.75000	3585.00000
83.76000	3628.00000
83.77000	3713.00000
83.78000	3721.00000
83.79000	3854.00000
83.80000	3826.00000
83.81000	3816.00000
83.82000	3938.00000
83.83000	3850.00000
83.84000	3667.00000
83.85000	3551.00000
83.86000	3524.00000
83.87000	3352.00000
83.88000	3183.00000
83.89000	3098.00000
83.90000	3018.00000
83.91000	2947.00000
83.92000	2846.00000
83.93000	2718.00000
83.94000	2610.00000
83.95000	2521.00000
83.96000	2411.00000
83.97000	2318.00000
83.98000	2228.00000
83.99000	2100.00000
84.00000	2218.00000
84.01000	2157.00000
84.02000	2151.00000
84.03000	2078.00000
84.04000	2117.00000
84.05000	2120.00000
84.06000	2122.00000
84.07000	1980.00000
84.08000	1963.00000
84.09000	1940.00000
84.10000	1885.00000
84.11000	1942.00000
84.12000	2007.00000
84.13000	1996.00000
84.14000	2000.00000
84.15000	1938.00000
84.16000	1933.00000
84.17000	1909.00000
84.18000	1924.00000
84.19000	1908.00000
84.20000	1914.00000
84.21000	1849.00000
84.22000	1820.00000
84.23000	1870.00000
84.24000	1942.00000
84.25000	1920.00000
84.26000	1915.00000
84.27000	1951.00000
84.28000	1809.00000
84.29000	1921.00000
84.30000	1874.00000
84.31000	1869.00000
84.32000	1913.00000
84.33000	1900.00000
84.34000	1876.00000
84.35000	1892.00000
84.36000	1895.00000
84.37000	1883.00000
84.38000	1836.00000
84.39000	1834.00000
84.40000	1881.00000
84.41000	1860.00000
84.42000	1837.00000
84.43000	1888.00000
84.44000	1890.00000
84.45000	1901.00000
84.46000	1907.00000
84.47000	1869.00000
84.48000	1929.00000
84.49000	1919.00000
84.50000	1905.00000
84.51000	1870.00000
84.52000	1909.00000
84.53000	1969.00000
84.54000	1924.00000
84.55000	1903.00000
84.56000	1902.00000
84.57000	1897.00000
84.58000	1986.00000
84.59000	2017.00000
84.60000	2021.00000
84.61000	1974.00000
84.62000	2003.00000
84.63000	2050.00000
84.64000	2093.00000
84.65000	2151.00000
84.66000	2173.00000
84.67000	2211.00000
84.68000	2263.00000
84.69000	2373.00000
84.70000	2462.00000
84.71000	2521.00000
84.72000	2725.00000
84.73000	2811.00000
84.74000	2944.00000
84.75000	3154.00000
84.76000	3346.00000
84.77000	3542.00000
84.78000	3816.00000
84.79000	4023.00000
84.80000	4283.00000
84.81000	4607.00000
84.82000	4843.00000
84.83000	4958.00000
84.84000	5087.00000
84.85000	5302.00000
84.86000	5295.00000
84.87000	5220.00000
84.88000	5181.00000
84.89000	4928.00000
84.90000	4751.00000
84.91000	4640.00000
84.92000	4551.00000
84.93000	4283.00000
84.94000	4007.00000
84.95000	3958.00000
84.96000	3684.00000
84.97000	3443.00000
84.98000	3255.00000
84.99000	3148.00000
85.00000	2952.00000
85.01000	2908.00000
85.02000	2757.00000
85.03000	2722.00000
85.04000	2640.00000
85.05000	2517.00000
85.06000	2484.00000
85.07000	2424.00000
85.08000	2455.00000
85.09000	2347.00000
85.10000	2286.00000
85.11000	2273.00000
85.12000	2198.00000
85.13000	2189.00000
85.14000	2158.00000
85.15000	2161.00000
85.16000	2160.00000
85.17000	2138.00000
85.18000	2180.00000
85.19000	2133.00000
85.20000	2188.00000
85.21000	2254.00000
85.22000	2256.00000
85.23000	2289.00000
85.24000	2252.00000
85.25000	2290.00000
85.26000	2338.00000
85.27000	2399.00000
85.28000	2414.00000
85.29000	2426.00000
85.30000	2530.00000
85.31000	2559.00000
85.32000	2517.00000
85.33000	2527.00000
85.34000	2534.00000
85.35000	2589.00000
85.36000	2683.00000
85.37000	2616.00000
85.38000	2619.00000
85.39000	2594.00000
85.40000	2477.00000
85.41000	2619.00000
85.42000	2586.00000
85.43000	2472.00000
85.44000	2466.00000
85.45000	2589.00000
85.46000	2607.00000
85.47000	2659.00000
85.48000	2711.00000
85.49000	2864.00000
85.50000	2903.00000
85.51000	2993.00000
85.52000	3098.00000
85.53000	3229.00000
85.54000	3572.00000
85.55000	3898.00000
85.56000	4058.00000
85.57000	4442.00000
85.58000	4787.00000
85.59000	5057.00000
85.60000	5548.00000
85.61000	5996.00000
85.62000	6489.00000
85.63000	7014.00000
85.64000	7530.00000
85.65000	7886.00000
85.66000	8426.00000
85.67000	8706.00000
85.68000	8785.00000
85.69000	9012.00000
85.70000	9197.00000
85.71000	9051.00000
85.72000	8718.00000
85.73000	8372.00000
85.74000	8052.00000
85.75000	7723.00000
85.76000	7235.00000
85.77000	6822.00000
85.78000	6258.00000
85.79000	5787.00000
85.80000	5334.00000
85.81000	4806.00000
85.82000	4585.00000
85.83000	4216.00000
85.84000	3847.00000
85.85000	3619.00000
85.86000	3440.00000
85.87000	3180.00000
85.88000	3068.00000
85.89000	2904.00000
85.90000	2866.00000
85.91000	2741.00000
85.92000	2604.00000
85.93000	2591.00000
85.94000	2428.00000
85.95000	2412.00000
85.96000	2385.00000
85.97000	2389.00000
85.98000	2414.00000
85.99000	2409.00000
86.00000	2356.00000
86.01000	2308.00000
86.02000	2270.00000
86.03000	2365.00000
86.04000	2309.00000
86.05000	2244.00000
86.06000	2117.00000
86.07000	2103.00000
86.08000	2126.00000
86.09000	2156.00000
86.10000	2156.00000
86.11000	2082.00000
86.12000	2081.00000
86.13000	2144.00000
86.14000	2166.00000
86.15000	2115.00000
86.16000	2115.00000
86.17000	2102.00000
86.18000	2110.00000
86.19000	2101.00000
86.20000	2121.00000
86.21000	2216.00000
86.22000	2225.00000
86.23000	2190.00000
86.24000	2118.00000
86.25000	2105.00000
86.26000	2169.00000
86.27000	2271.00000
86.28000	2315.00000
86.29000	2261.00000
86.30000	2239.00000
86.31000	2246.00000
86.32000	2283.00000
86.33000	2233.00000
86.34000	2203.00000
86.35000	2162.00000
86.36000	2200.00000
86.37000	2225.00000
86.38000	2150.00000
86.39000	2090.00000
86.40000	2119.00000
86.41000	2141.00000
86.42000	2110.00000
86.43000	2100.00000
86.44000	2090.00000
86.45000	2070.00000
86.46000	1971.00000
86.47000	2010.00000
86.48000	1967.00000
86.49000	1946.00000
86.50000	1953.00000
86.51000	1957.00000
86.52000	1994.00000
86.53000	1943.00000
86.54000	1929.00000
86.55000	1933.00000
86.56000	1924.00000
86.57000	1947.00000
86.58000	1979.00000
86.59000	1961.00000
86.60000	1903.00000
86.61000	1989.00000
86.62000	2086.00000
86.63000	2043.00000
86.64000	2012.00000
86.65000	2125.00000
86.66000	2172.00000
86.67000	2107.00000
86.68000	2219.00000
86.69000	2267.00000
86.70000	2387.00000
86.71000	2483.00000
86.72000	2498.00000
86.73000	2614.00000
86.74000	2666.00000
86.75000	2724.00000
86.76000	2811.00000
86.77000	2747.00000
86.78000	2720.00000
86.79000	2736.00000
86.80000	2686.00000
86.81000	2669.00000
86.82000	2598.00000
86.83000	2498.00000
86.84000	2554.00000
86.85000	2521.00000
86.86000	2622.00000
86.87000	2573.00000
86.88000	2561.00000
86.89000	2647.00000
86.90000	2540.00000
86.91000	2653.00000
86.92000	2799.00000
86.93000	2791.00000
86.94000	2942.00000
86.95000	2915.00000
86.96000	3040.00000
86.97000	3026.00000
86.98000	3276.00000
86.99000	3354.00000
87.00000	3363.00000
87.01000	3531.00000
87.02000	3739.00000
87.03000	3842.00000
87.04000	3910.00000
87.05000	4104.00000
87.06000	4304.00000
87.07000	4430.00000
87.08000	4577.00000
87.09000	4754.00000
87.10000	4974.00000
87.11000	5167.00000
87.12000	5637.00000
87.13000	5730.00000
87.14000	6281.00000
87.15000	6451.00000
87.16000	6588.00000
87.17000	6782.00000
87.18000	7079.00000
87.19000	7094.00000
87.20000	6986.00000
87.21000	6866.00000
87.22000	6672.00000
87.23000	6577.00000
87.24000	6181.00000
87.25000	5970.00000
87.26000	5680.00000
87.27000	5260.00000
87.28000	4861.00000
87.29000	4672.00000
87.30000	4261.00000
87.31000	3891.00000
87.32000	3676.00000
87.33000	3438.00000
87.34000	3256.00000
87.35000	3036.00000
87.36000	2920.00000
87.37000	2795.00000
87.38000	2685.00000
87.39000	2605.00000
87.40000	2519.00000
87.41000	2456.00000
87.42000	2378.00000
87.43000	2345.00000
87.44000	2273.00000
87.45000	2272.00000
87.46000	2236.00000
87.47000	2205.00000
87.48000	2170.00000
87.49000	2236.00000
87.50000	2223.00000
87.51000	2205.00000
87.52000	2166.00000
87.53000	2139.00000
87.54000	2144.00000
87.55000	2110.00000
87.56000	2142.00000
87.57000	2199.00000
87.58000	2120.00000
87.59000	2074.00000
87.60000	2052.00000
87.61000	2067.00000
87.62000	2074.00000
87.63000	2027.00000
87.64000	2014.00000
87.65000	1972.00000
87.66000	1941.00000
87.67000	1879.00000
87.68000	1852.00000
87.69000	1892.00000
87.70000	1850.00000
87.71000	1883.00000
87.72000	1876.00000
87.73000	1832.00000
87.74000	1884.00000
87.75000	1824.00000
87.76000	1754.00000
87.77000	1806.00000
87.78000	1871.00000
87.79000	1873.00000
87.80000	1833.00000
87.81000	1818.00000
87.82000	1789.00000
87.83000	1845.00000
87.84000	1775.00000
87.85000	1751.00000
87.86000	1768.00000
87.87000	1771.00000
87.88000	1719.00000
87.89000	1726.00000
87.90000	1782.00000
87.91000	1786.00000
87.92000	1814.00000
87.93000	1761.00000
87.94000	1792.00000
87.95000	1780.00000
87.96000	1738.00000
87.97000	1768.00000
87.98000	1683.00000
87.99000	1765.00000
88.00000	1754.00000
88.01000	1736.00000
88.02000	1769.00000
88.03000	1718.00000
88.04000	1787.00000
88.05000	1761.00000
88.06000	1781.00000
88.07000	1776.00000
88.08000	1746.00000
88.09000	1752.00000
88.10000	1739.00000
88.11000	1723.00000
88.12000	1736.00000
88.13000	1742.00000
88.14000	1784.00000
88.15000	1839.00000
88.16000	1876.00000
88.17000	1824.00000
88.18000	1857.00000
88.19000	1854.00000
88.20000	1925.00000
88.21000	1842.00000
88.22000	1874.00000
88.23000	1900.00000
88.24000	1852.00000
88.25000	1872.00000
88.26000	1882.00000
88.27000	1892.00000
88.28000	1893.00000
88.29000	1891.00000
88.30000	1893.00000
88.31000	1911.00000
88.32000	1944.00000
88.33000	1932.00000
88.34000	1958.00000
88.35000	1972.00000
88.36000	1989.00000
88.37000	1956.00000
88.38000	1979.00000
88.39000	2040.00000
88.40000	2075.00000
88.41000	2114.00000
88.42000	2132.00000
88.43000	2104.00000
88.44000	2169.00000
88.45000	2249.00000
88.46000	2243.00000
88.47000	2174.00000
88.48000	2125.00000
88.49000	2256.00000
88.50000	2213.00000
88.51000	2238.00000
88.52000	2175.00000
88.53000	2158.00000
88.54000	2275.00000
88.55000	2277.00000
88.56000	2281.00000
88.57000	2298.00000
88.58000	2336.00000
88.59000	2366.00000
88.60000	2419.00000
88.61000	2413.00000
88.62000	2466.00000
88.63000	2560.00000
88.64000	2514.00000
88.65000	2593.00000
88.66000	2569.00000
88.67000	2515.00000
88.68000	2597.00000
88.69000	2606.00000
88.70000	2538.00000
88.71000	2522.00000
88.72000	2526.00000
88.73000	2469.00000
88.74000	2382.00000
88.75000	2294.00000
88.76000	2241.00000
88.77000	2157.00000
88.78000	2168.00000
88.79000	2155.00000
88.80000	2104.00000
88.81000	2062.00000
88.82000	2055.00000
88.83000	2045.00000
88.84000	2037.00000
88.85000	1979.00000
88.86000	1917.00000
88.87000	1975.00000
88.88000	1884.00000
88.89000	1865.00000
88.90000	1838.00000
88.91000	1848.00000
88.92000	1838.00000
88.93000	1836.00000
88.94000	1910.00000
88.95000	1893.00000
88.96000	1798.00000
88.97000	1823.00000
88.98000	1874.00000
88.99000	1841.00000
89.00000	1799.00000
89.01000	1856.00000
89.02000	1874.00000
89.03000	1914.00000
89.04000	1850.00000
89.05000	1904.00000
89.06000	1864.00000
89.07000	1886.00000
89.08000	1867.00000
89.09000	1945.00000
89.10000	1895.00000
89.11000	1963.00000
89.12000	1949.00000
89.13000	1899.00000
89.14000	1859.00000
89.15000	1821.00000
89.16000	1847.00000
89.17000	1950.00000
89.18000	1871.00000
89.19000	1866.00000
89.20000	1960.00000
89.21000	1842.00000
89.22000	1864.00000
89.23000	1894.00000
89.24000	1940.00000
89.25000	1844.00000
89.26000	1840.00000
89.27000	1858.00000
89.28000	1900.00000
89.29000	1844.00000
89.30000	1817.00000
89.31000	1872.00000
89.32000	1889.00000
89.33000	1838.00000
89.34000	1897.00000
89.35000	1884.00000
89.36000	1791.00000
89.37000	1840.00000
89.38000	1888.00000
89.39000	1817.00000
89.40000	1853.00000
89.41000	1812.00000
89.42000	1864.00000
89.43000	1871.00000
89.44000	1891.00000
89.45000	1908.00000
89.46000	1879.00000
89.47000	1884.00000
89.48000	1926.00000
89.49000	1909.00000
89.50000	1899.00000
89.51000	1848.00000
89.52000	1918.00000
89.53000	1963.00000
89.54000	1986.00000
89.55000	1958.00000
89.56000	1943.00000
89.57000	1995.00000
89.58000	2055.00000
89.59000	2072.00000
89.60000	2013.00000
89.61000	2066.00000
89.62000	2205.00000
89.63000	2117.00000
89.64000	2239.00000
89.65000	2309.00000
89.66000	2435.00000
89.67000	2517.00000
89.68000	2474.00000
89.69000	2486.00000
89.70000	2567.00000
89.71000	2511.00000
89.72000	2564.00000
89.73000	2549.00000
89.74000	2672.00000
89.75000	2670.00000
89.76000	2723.00000
89.77000	2696.00000
89.78000	2625.00000
89.79000	2708.00000
89.80000	2635.00000
89.81000	2697.00000
89.82000	2788.00000
89.83000	2669.00000
89.84000	2707.00000
89.85000	2683.00000
89.86000	2862.00000
89.87000	2847.00000
89.88000	2869.00000
89.89000	2938.00000
89.90000	3145.00000
89.91000	3348.00000
89.92000	3378.00000
89.93000	3700.00000
89.94000	3766.00000
89.95000	4078.00000
89.96000	4470.00000
89.97000	4821.00000
89.98000	5025.00000
89.99000	5317.00000
90.00000	5667.00000
90.01000	6078.00000
90.02000	6504.00000
90.03000	6584.00000
90.04000	6906.00000
90.05000	6801.00000
90.06000	6964.00000
90.07000	7224.00000
90.08000	7130.00000
90.09000	6949.00000
90.10000	6717.00000
90.11000	6464.00000
90.12000	6207.00000
90.13000	6010.00000
90.14000	5583.00000
90.15000	5214.00000
90.16000	4984.00000
90.17000	4661.00000
90.18000	4471.00000
90.19000	4261.00000
90.20000	3954.00000
90.21000	3665.00000
90.22000	3415.00000
90.23000	3371.00000
90.24000	3276.00000
90.25000	3028.00000
90.26000	2885.00000
90.27000	2790.00000
90.28000	2609.00000
90.29000	2605.00000
90.30000	2571.00000
90.31000	2476.00000
90.32000	2451.00000
90.33000	2349.00000
90.34000	2264.00000
90.35000	2199.00000
90.36000	2204.00000
90.37000	2227.00000
90.38000	2194.00000
90.39000	2157.00000
90.40000	2146.00000
90.41000	2130.00000
90.42000	2106.00000
90.43000	2085.00000
90.44000	2081.00000
90.45000	2038.00000
90.46000	2033.00000
90.47000	2012.00000
90.48000	1976.00000
90.49000	1956.00000
90.50000	1962.00000
90.51000	1991.00000
90.52000	1930.00000
90.53000	1961.00000
90.54000	1934.00000
90.55000	1944.00000
90.56000	2021.00000
90.57000	1922.00000
90.58000	1961.00000
90.59000	1861.00000
90.60000	1856.00000
90.61000	1951.00000
90.62000	1922.00000
90.63000	1986.00000
90.64000	1918.00000
90.65000	1942.00000
90.66000	1956.00000
90.67000	2014.00000
90.68000	2050.00000
90.69000	2054.00000
90.70000	2064.00000
90.71000	2098.00000
90.72000	2053.00000
90.73000	2112.00000
90.74000	2251.00000
90.75000	2268.00000
90.76000	2326.00000
90.77000	2457.00000
90.78000	2560.00000
90.79000	2449.00000
90.80000	2564.00000
90.81000	2693.00000
90.82000	2803.00000
90.83000	2919.00000
90.84000	3011.00000
90.85000	3212.00000
90.86000	3326.00000
90.87000	3595.00000
90.88000	3597.00000
90.89000	3685.00000
90.90000	3864.00000
90.91000	3902.00000
90.92000	3824.00000
90.93000	3983.00000
90.94000	3972.00000
90.95000	3893.00000
90.96000	3886.00000
90.97000	3777.00000
90.98000	3667.00000
90.99000	3656.00000
91.00000	3417.00000
91.01000	3253.00000
91.02000	3071.00000
91.03000	2975.00000
91.04000	2839.00000
91.05000	2709.00000
91.06000	2664.00000
91.07000	2561.00000
91.08000	2368.00000
91.09000	2328.00000
91.10000	2324.00000
91.11000	2224.00000
91.12000	2171.00000
91.13000	2202.00000
91.14000	2118.00000
91.15000	2052.00000
91.16000	2134.00000
91.17000	2161.00000
91.18000	2085.00000
91.19000	2004.00000
91.20000	1998.00000
91.21000	2051.00000
91.22000	2063.00000
91.23000	2027.00000
91.24000	2059.00000
91.25000	2140.00000
91.26000	2246.00000
91.27000	2216.00000
91.28000	2292.00000
91.29000	2317.00000
91.30000	2302.00000
91.31000	2456.00000
91.32000	2526.00000
91.33000	2482.00000
91.34000	2427.00000
91.35000	2487.00000
91.36000	2564.00000
91.37000	2557.00000
91.38000	2508.00000
91.39000	2480.00000
91.40000	2407.00000
91.41000	2410.00000
91.42000	2381.00000
91.43000	2284.00000
91.44000	2283.00000
91.45000	2200.00000
91.46000	2123.00000
91.47000	2081.00000
91.48000	2089.00000
91.49000	2064.00000
91.50000	1998.00000
91.51000	1908.00000
91.52000	1908.00000
91.53000	1919.00000
91.54000	1978.00000
91.55000	1985.00000
91.56000	1931.00000
91.57000	1887.00000
91.58000	1884.00000
91.59000	1956.00000
91.60000	1878.00000
91.61000	1862.00000
91.62000	1833.00000
91.63000	1864.00000
91.64000	1827.00000
91.65000	1822.00000
91.66000	1878.00000
91.67000	1872.00000
91.68000	1887.00000
91.69000	1838.00000
91.70000	1854.00000
91.71000	1915.00000
91.72000	1888.00000
91.73000	1878.00000
91.74000	1848.00000
91.75000	1835.00000
91.76000	1880.00000
91.77000	1858.00000
91.78000	1875.00000
91.79000	1800.00000
91.80000	1804.00000
91.81000	1829.00000
91.82000	1852.00000
91.83000	1841.00000
91.84000	1833.00000
91.85000	1807.00000
91.86000	1812.00000
91.87000	1855.00000
91.88000	1855.00000
91.89000	1929.00000
91.90000	1973.00000
91.91000	1921.00000
91.92000	1901.00000
91.93000	1905.00000
91.94000	1928.00000
91.95000	1881.00000
91.96000	1862.00000
91.97000	1827.00000
91.98000	1798.00000
91.99000	1872.00000
92.00000	1849.00000
92.01000	1879.00000
92.02000	1896.00000
92.03000	1889.00000
92.04000	1819.00000
92.05000	1876.00000
92.06000	1919.00000
92.07000	1900.00000
92.08000	1853.00000
92.09000	1798.00000
92.10000	1818.00000
92.11000	1869.00000
92.12000	1919.00000
92.13000	1947.00000
92.14000	1952.00000
92.15000	1928.00000
92.16000	1906.00000
92.17000	1935.00000
92.18000	2019.00000
92.19000	2010.00000
92.20000	2072.00000
92.21000	2009.00000
92.22000	2067.00000
92.23000	2134.00000
92.24000	2081.00000
92.25000	2162.00000
92.26000	2201.00000
92.27000	2240.00000
92.28000	2203.00000
92.29000	2368.00000
92.30000	2457.00000
92.31000	2455.00000
92.32000	2413.00000
92.33000	2426.00000
92.34000	2414.00000
92.35000	2508.00000
92.36000	2411.00000
92.37000	2437.00000
92.38000	2465.00000
92.39000	2422.00000
92.40000	2387.00000
92.41000	2360.00000
92.42000	2376.00000
92.43000	2425.00000
92.44000	2443.00000
92.45000	2445.00000
92.46000	2390.00000
92.47000	2384.00000
92.48000	2404.00000
92.49000	2481.00000
92.50000	2490.00000
92.51000	2632.00000
92.52000	2724.00000
92.53000	2830.00000
92.54000	2806.00000
92.55000	2961.00000
92.56000	3082.00000
92.57000	3244.00000
92.58000	3414.00000
92.59000	3502.00000
92.60000	3561.00000
92.61000	3737.00000
92.62000	3878.00000
92.63000	4121.00000
92.64000	4288.00000
92.65000	4413.00000
92.66000	4479.00000
92.67000	4518.00000
92.68000	4604.00000
92.69000	4702.00000
92.70000	4849.00000
92.71000	4759.00000
92.72000	4713.00000
92.73000	4785.00000
92.74000	4800.00000
92.75000	4631.00000
92.76000	4733.00000
92.77000	4656.00000
92.78000	4528.00000
92.79000	4470.00000
92.80000	4414.00000
92.81000	4355.00000
92.82000	4223.00000
92.83000	4172.00000
92.84000	4170.00000
92.85000	4176.00000
92.86000	4129.00000
92.87000	4153.00000
92.88000	4213.00000
92.89000	4117.00000
92.90000	4134.00000
92.91000	4037.00000
92.92000	3990.00000
92.93000	3958.00000
92.94000	3865.00000
92.95000	3806.00000
92.96000	3721.00000
92.97000	3754.00000
92.98000	3601.00000
92.99000	3503.00000
93.00000	3394.00000
93.01000	3300.00000
93.02000	3281.00000
93.03000	3221.00000
93.04000	3037.00000
93.05000	2990.00000
93.06000	2836.00000
93.07000	2690.00000
93.08000	2603.00000
93.09000	2590.00000
93.10000	2536.00000
93.11000	2510.00000
93.12000	2501.00000
93.13000	2478.00000
93.14000	2401.00000
93.15000	2286.00000
93.16000	2217.00000
93.17000	2255.00000
93.18000	2304.00000
93.19000	2185.00000
93.20000	2223.00000
93.21000	2233.00000
93.22000	2259.00000
93.23000	2230.00000
93.24000	2231.00000
93.25000	2166.00000
93.26000	2157.00000
93.27000	2196.00000
93.28000	2190.00000
93.29000	2150.00000
93.30000	2209.00000
93.31000	2146.00000
93.32000	2170.00000
93.33000	2213.00000
93.34000	2207.00000
93.35000	2186.00000
93.36000	2064.00000
93.37000	2055.00000
93.38000	2013.00000
93.39000	1953.00000
93.40000	1946.00000
93.41000	1942.00000
93.42000	1942.00000
93.43000	1945.00000
93.44000	1968.00000
93.45000	1944.00000
93.46000	1939.00000
93.47000	1986.00000
93.48000	1980.00000
93.49000	1918.00000
93.50000	1938.00000
93.51000	1967.00000
93.52000	1891.00000
93.53000	1946.00000
93.54000	1989.00000
93.55000	1947.00000
93.56000	1990.00000
93.57000	1968.00000
93.58000	1971.00000
93.59000	1962.00000
93.60000	1992.00000
93.61000	1892.00000
93.62000	1924.00000
93.63000	2002.00000
93.64000	1975.00000
93.65000	1978.00000
93.66000	1942.00000
93.67000	1963.00000
93.68000	1987.00000
93.69000	1988.00000
93.70000	2032.00000
93.71000	2025.00000
93.72000	2039.00000
93.73000	2050.00000
93.74000	2017.00000
93.75000	2036.00000
93.76000	2023.00000
93.77000	2057.00000
93.78000	2119.00000
93.79000	2142.00000
93.80000	2172.00000
93.81000	2222.00000
93.82000	2242.00000
93.83000	2332.00000
93.84000	2460.00000
93.85000	2487.00000
93.86000	2579.00000
93.87000	2660.00000
93.88000	2728.00000
93.89000	2868.00000
93.90000	2990.00000
93.91000	3213.00000
93.92000	3479.00000
93.93000	3594.00000
93.94000	3762.00000
93.95000	4035.00000
93.96000	4301.00000
93.97000	4487.00000
93.98000	4873.00000
93.99000	5159.00000
94.00000	5431.00000
94.01000	5612.00000
94.02000	5969.00000
94.03000	6354.00000
94.04000	6455.00000
94.05000	6720.00000
94.06000	6873.00000
94.07000	6912.00000
94.08000	6795.00000
94.09000	6907.00000
94.10000	6883.00000
94.11000	6875.00000
94.12000	6582.00000
94.13000	6411.00000
94.14000	6152.00000
94.15000	5957.00000
94.16000	5712.00000
94.17000	5405.00000
94.18000	5193.00000
94.19000	4931.00000
94.20000	4634.00000
94.21000	4283.00000
94.22000	4033.00000
94.23000	3978.00000
94.24000	3660.00000
94.25000	3451.00000
94.26000	3286.00000
94.27000	3179.00000
94.28000	2894.00000
94.29000	2997.00000
94.30000	2887.00000
94.31000	2709.00000
94.32000	2620.00000
94.33000	2523.00000
94.34000	2541.00000
94.35000	2552.00000
94.36000	2472.00000
94.37000	2372.00000
94.38000	2368.00000
94.39000	2273.00000
94.40000	2267.00000
94.41000	2223.00000
94.42000	2232.00000
94.43000	2249.00000
94.44000	2212.00000
94.45000	2201.00000
94.46000	2159.00000
94.47000	2134.00000
94.48000	2151.00000
94.49000	2215.00000
94.50000	2190.00000
94.51000	2140.00000
94.52000	2138.00000
94.53000	2134.00000
94.54000	2134.00000
94.55000	2107.00000
94.56000	2095.00000
94.57000	2131.00000
94.58000	2161.00000
94.59000	2215.00000
94.60000	2196.00000
94.61000	2169.00000
94.62000	2286.00000
94.63000	2245.00000
94.64000	2296.00000
94.65000	2264.00000
94.66000	2263.00000
94.67000	2313.00000
94.68000	2360.00000
94.69000	2433.00000
94.70000	2371.00000
94.71000	2404.00000
94.72000	2529.00000
94.73000	2588.00000
94.74000	2542.00000
94.75000	2601.00000
94.76000	2641.00000
94.77000	2643.00000
94.78000	2648.00000
94.79000	2618.00000
94.80000	2650.00000
94.81000	2594.00000
94.82000	2660.00000
94.83000	2586.00000
94.84000	2555.00000
94.85000	2595.00000
94.86000	2517.00000
94.87000	2553.00000
94.88000	2470.00000
94.89000	2467.00000
94.90000	2479.00000
94.91000	2436.00000
94.92000	2473.00000
94.93000	2467.00000
94.94000	2479.00000
94.95000	2412.00000
94.96000	2341.00000
94.97000	2361.00000
94.98000	2341.00000
94.99000	2313.00000
95.00000	2203.00000
95.01000	2152.00000
95.02000	2104.00000
95.03000	2135.00000
95.04000	2070.00000
95.05000	2175.00000
95.06000	2144.00000
95.07000	2101.00000
95.08000	2068.00000
95.09000	2095.00000
95.10000	2152.00000
95.11000	2183.00000
95.12000	2148.00000
95.13000	2158.00000
95.14000	2175.00000
95.15000	2219.00000
95.16000	2235.00000
95.17000	2256.00000
95.18000	2303.00000
95.19000	2427.00000
95.20000	2386.00000
95.21000	2375.00000
95.22000	2428.00000
95.23000	2581.00000
95.24000	2596.00000
95.25000	2679.00000
95.26000	2621.00000
95.27000	2598.00000
95.28000	2651.00000
95.29000	2762.00000
95.30000	2765.00000
95.31000	2823.00000
95.32000	2909.00000
95.33000	2805.00000
95.34000	2837.00000
95.35000	2697.00000
95.36000	2730.00000
95.37000	2767.00000
95.38000	2759.00000
95.39000	2742.00000
95.40000	2745.00000
95.41000	2660.00000
95.42000	2632.00000
95.43000	2647.00000
95.44000	2694.00000
95.45000	2597.00000
95.46000	2627.00000
95.47000	2641.00000
95.48000	2624.00000
95.49000	2648.00000
95.50000	2686.00000
95.51000	2533.00000
95.52000	2601.00000
95.53000	2677.00000
95.54000	2762.00000
95.55000	2828.00000
95.56000	2866.00000
95.57000	2932.00000
95.58000	3035.00000
95.59000	3029.00000
95.60000	3096.00000
95.61000	3155.00000
95.62000	3296.00000
95.63000	3239.00000
95.64000	3358.00000
95.65000	3383.00000
95.66000	3397.00000
95.67000	3416.00000
95.68000	3332.00000
95.69000	3265.00000
95.70000	3164.00000
95.71000	3064.00000
95.72000	3044.00000
95.73000	2983.00000
95.74000	3019.00000
95.75000	2954.00000
95.76000	2885.00000
95.77000	2781.00000
95.78000	2699.00000
95.79000	2702.00000
95.80000	2690.00000
95.81000	2637.00000
95.82000	2579.00000
95.83000	2572.00000
95.84000	2566.00000
95.85000	2509.00000
95.86000	2423.00000
95.87000	2496.00000
95.88000	2563.00000
95.89000	2502.00000
95.90000	2503.00000
95.91000	2446.00000
95.92000	2495.00000
95.93000	2505.00000
95.94000	2486.00000
95.95000	2621.00000
95.96000	2591.00000
95.97000	2588.00000
95.98000	2546.00000
95.99000	2494.00000
96.00000	2484.00000
96.01000	2582.00000
96.02000	2660.00000
96.03000	2569.00000
96.04000	2603.00000
96.05000	2567.00000
96.06000	2484.00000
96.07000	2466.00000
96.08000	2414.00000
96.09000	2447.00000
96.10000	2465.00000
96.11000	2487.00000
96.12000	2415.00000
96.13000	2437.00000
96.14000	2377.00000
96.15000	2368.00000
96.16000	2364.00000
96.17000	2249.00000
96.18000	2276.00000
96.19000	2160.00000
96.20000	2218.00000
96.21000	2205.00000
96.22000	2083.00000
96.23000	2226.00000
96.24000	2230.00000
96.25000	2140.00000
96.26000	2130.00000
96.27000	2158.00000
96.28000	2205.00000
96.29000	2156.00000
96.30000	2151.00000
96.31000	2131.00000
96.32000	2113.00000
96.33000	2140.00000
96.34000	2149.00000
96.35000	2161.00000
96.36000	2098.00000
96.37000	2193.00000
96.38000	2196.00000
96.39000	2230.00000
96.40000	2190.00000
96.41000	2219.00000
96.42000	2253.00000
96.43000	2330.00000
96.44000	2363.00000
96.45000	2372.00000
96.46000	2385.00000
96.47000	2442.00000
96.48000	2497.00000
96.49000	2499.00000
96.50000	2512.00000
96.51000	2612.00000
96.52000	2695.00000
96.53000	2761.00000
96.54000	2751.00000
96.55000	2880.00000
96.56000	2958.00000
96.57000	2910.00000
96.58000	2913.00000
96.59000	3012.00000
96.60000	3178.00000
96.61000	3143.00000
96.62000	3113.00000
96.63000	3118.00000
96.64000	3192.00000
96.65000	3133.00000
96.66000	3044.00000
96.67000	3152.00000
96.68000	3148.00000
96.69000	3150.00000
96.70000	3046.00000
96.71000	2997.00000
96.72000	2866.00000
96.73000	2925.00000
96.74000	2853.00000
96.75000	2868.00000
96.76000	2810.00000
96.77000	2742.00000
96.78000	2645.00000
96.79000	2627.00000
96.80000	2577.00000
96.81000	2459.00000
96.82000	2443.00000
96.83000	2456.00000
96.84000	2390.00000
96.85000	2354.00000
96.86000	2305.00000
96.87000	2297.00000
96.88000	2377.00000
96.89000	2376.00000
96.90000	2311.00000
96.91000	2341.00000
96.92000	2301.00000
96.93000	2392.00000
96.94000	2394.00000
96.95000	2431.00000
96.96000	2511.00000
96.97000	2434.00000
96.98000	2510.00000
96.99000	2676.00000
97.00000	2663.00000
97.01000	2686.00000
97.02000	2775.00000
97.03000	2912.00000
97.04000	2891.00000
97.05000	3128.00000
97.06000	3077.00000
97.07000	3082.00000
97.08000	3157.00000
97.09000	3209.00000
97.10000	3232.00000
97.11000	3286.00000
97.12000	3326.00000
97.13000	3259.00000
97.14000	3174.00000
97.15000	3072.00000
97.16000	3052.00000
97.17000	3032.00000
97.18000	3029.00000
97.19000	2860.00000
97.20000	2926.00000
97.21000	2921.00000
97.22000	3020.00000
97.23000	3063.00000
97.24000	2974.00000
97.25000	2909.00000
97.26000	3074.00000
97.27000	3034.00000
97.28000	3019.00000
97.29000	2959.00000
97.30000	2981.00000
97.31000	3024.00000
97.32000	2869.00000
97.33000	2850.00000
97.34000	2870.00000
97.35000	2810.00000
97.36000	2829.00000
97.37000	2837.00000
97.38000	2779.00000
97.39000	2668.00000
97.40000	2547.00000
97.41000	2532.00000
97.42000	2453.00000
97.43000	2345.00000
97.44000	2254.00000
97.45000	2267.00000
97.46000	2173.00000
97.47000	2196.00000
97.48000	2098.00000
97.49000	2085.00000
97.50000	2037.00000
97.51000	2119.00000
97.52000	2084.00000
97.53000	2034.00000
97.54000	2023.00000
97.55000	2016.00000
97.56000	1914.00000
97.57000	1934.00000
97.58000	1942.00000
97.59000	1914.00000
97.60000	1909.00000
97.61000	1918.00000
97.62000	1939.00000
97.63000	1918.00000
97.64000	1906.00000
97.65000	1957.00000
97.66000	1924.00000
97.67000	1867.00000
97.68000	1862.00000
97.69000	1878.00000
97.70000	1872.00000
97.71000	1899.00000
97.72000	1841.00000
97.73000	1946.00000
97.74000	1879.00000
97.75000	1859.00000
97.76000	1918.00000
97.77000	1841.00000
97.78000	1809.00000
97.79000	1828.00000
97.80000	1777.00000
97.81000	1792.00000
97.82000	1892.00000
97.83000	1876.00000
97.84000	1877.00000
97.85000	1852.00000
97.86000	1864.00000
97.87000	1890.00000
97.88000	1897.00000
97.89000	1886.00000
97.90000	1912.00000
97.91000	1897.00000
97.92000	1844.00000
97.93000	1870.00000
97.94000	1934.00000
97.95000	1934.00000
97.96000	1912.00000
97.97000	1969.00000
97.98000	1967.00000
97.99000	1959.00000
98.00000	2008.00000
98.01000	1991.00000
98.02000	2042.00000
98.03000	2080.00000
98.04000	1997.00000
98.05000	2050.00000
98.06000	2051.00000
98.07000	2074.00000
98.08000	2116.00000
98.09000	2054.00000
98.10000	2098.00000
98.11000	2088.00000
98.12000	2177.00000
98.13000	2075.00000
98.14000	2046.00000
98.15000	2045.00000
98.16000	2020.00000
98.17000	2062.00000
98.18000	2031.00000
98.19000	2043.00000
98.20000	1919.00000
98.21000	1983.00000
98.22000	2014.00000
98.23000	2020.00000
98.24000	2040.00000
98.25000	2007.00000
98.26000	2034.00000
98.27000	2093.00000
98.28000	2023.00000
98.29000	1973.00000
98.30000	1988.00000
98.31000	1977.00000
98.32000	2009.00000
98.33000	2070.00000
98.34000	1973.00000
98.35000	1997.00000
98.36000	2063.00000
98.37000	2057.00000
98.38000	2086.00000
98.39000	2024.00000
98.40000	2058.00000
98.41000	2105.00000
98.42000	2130.00000
98.43000	2102.00000
98.44000	2110.00000
98.45000	2149.00000
98.46000	2208.00000
98.47000	2189.00000
98.48000	2211.00000
98.49000	2277.00000
98.50000	2268.00000
98.51000	2239.00000
98.52000	2283.00000
98.53000	2265.00000
98.54000	2434.00000
98.55000	2471.00000
98.56000	2447.00000
98.57000	2650.00000
98.58000	2682.00000
98.59000	2714.00000
98.60000	2787.00000
98.61000	2846.00000
98.62000	2888.00000
98.63000	2955.00000
98.64000	2948.00000
98.65000	3062.00000
98.66000	3080.00000
98.67000	3095.00000
98.68000	3109.00000
98.69000	3060.00000
98.70000	3067.00000
98.71000	3233.00000
98.72000	3269.00000
98.73000	3272.00000
98.74000	3381.00000
98.75000	3389.00000
98.76000	3398.00000
98.77000	3422.00000
98.78000	3400.00000
98.79000	3711.00000
98.80000	3755.00000
98.81000	3797.00000
98.82000	3635.00000
98.83000	3771.00000
98.84000	3719.00000
98.85000	3820.00000
98.86000	3888.00000
98.87000	3801.00000
98.88000	3845.00000
98.89000	4010.00000
98.90000	4091.00000
98.91000	3886.00000
98.92000	3887.00000
98.93000	3917.00000
98.94000	3870.00000
98.95000	3752.00000
98.96000	3621.00000
98.97000	3564.00000
98.98000	3617.00000
98.99000	3538.00000
99.00000	3463.00000
99.01000	3382.00000
99.02000	3321.00000
99.03000	3305.00000
99.04000	3253.00000
99.05000	3216.00000
99.06000	3185.00000
99.07000	3090.00000
99.08000	3156.00000
99.09000	3171.00000
99.10000	3229.00000
99.11000	3299.00000
99.12000	3441.00000
99.13000	3522.00000
99.14000	3648.00000
99.15000	3837.00000
99.16000	3991.00000
99.17000	4171.00000
99.18000	4363.00000
99.19000	4679.00000
99.20000	4987.00000
99.21000	5404.00000
99.22000	5824.00000
99.23000	5946.00000
99.24000	6306.00000
99.25000	6636.00000
99.26000	6800.00000
99.27000	6976.00000
99.28000	7250.00000
99.29000	7297.00000
99.30000	7179.00000
99.31000	7193.00000
99.32000	6889.00000
99.33000	6647.00000
99.34000	6482.00000
99.35000	6115.00000
99.36000	5843.00000
99.37000	5379.00000
99.38000	5124.00000
99.39000	4877.00000
99.40000	4592.00000
99.41000	4171.00000
99.42000	3992.00000
99.43000	3791.00000
99.44000	3551.00000
99.45000	3497.00000
99.46000	3211.00000
99.47000	3090.00000
99.48000	3077.00000
99.49000	3038.00000
99.50000	2784.00000
99.51000	2733.00000
99.52000	2724.00000
99.53000	2675.00000
99.54000	2777.00000
99.55000	2756.00000
99.56000	2665.00000
99.57000	2602.00000
99.58000	2563.00000
99.59000	2557.00000
99.60000	2534.00000
99.61000	2653.00000
99.62000	2696.00000
99.63000	2833.00000
99.64000	2841.00000
99.65000	2756.00000
99.66000	2848.00000
99.67000	3010.00000
99.68000	3001.00000
99.69000	3116.00000
99.70000	3084.00000
99.71000	3204.00000
99.72000	3242.00000
99.73000	3291.00000
99.74000	3207.00000
99.75000	3426.00000
99.76000	3363.00000
99.77000	3402.00000
99.78000	3450.00000
99.79000	3499.00000
99.80000	3450.00000
99.81000	3474.00000
99.82000	3378.00000
99.83000	3450.00000
99.84000	3395.00000
99.85000	3270.00000
99.86000	3346.00000
99.87000	3201.00000
99.88000	3137.00000
99.89000	3049.00000
99.90000	2944.00000
99.91000	2852.00000
99.92000	2696.00000
99.93000	2607.00000
99.94000	2546.00000
99.95000	2459.00000
99.96000	2408.00000
99.97000	2457.00000
99.98000	2458.00000
99.99000	2352.00000
100.00000	2335.00000
100.01000	2209.00000
100.02000	2173.00000
100.03000	2088.00000
100.04000	2070.00000
100.05000	1986.00000
100.06000	1990.00000
100.07000	2045.00000
100.08000	2023.00000
100.09000	1976.00000
100.10000	2004.00000
100.11000	2035.00000
100.12000	1957.00000
100.13000	2086.00000
100.14000	1982.00000
100.15000	1944.00000
100.16000	2014.00000
100.17000	2003.00000
100.18000	2037.00000
100.19000	1941.00000
100.20000	1974.00000
100.21000	1937.00000
100.22000	1887.00000
100.23000	1891.00000
100.24000	1954.00000
100.25000	1973.00000
100.26000	1933.00000
100.27000	1870.00000
100.28000	1880.00000
100.29000	1900.00000
100.30000	1969.00000
100.31000	1900.00000
100.32000	1905.00000
100.33000	1901.00000
100.34000	1904.00000
100.35000	1893.00000
100.36000	1883.00000
100.37000	1906.00000
100.38000	1955.00000
100.39000	1926.00000
100.40000	1968.00000
100.41000	1944.00000
100.42000	1903.00000
100.43000	1823.00000
100.44000	1955.00000
100.45000	1987.00000
100.46000	1956.00000
100.47000	2006.00000
100.48000	2034.00000
100.49000	2035.00000
