# 2Theta  Intensity_Obs  Intensity_Fit
10.009433 0.188493 0.164256
10.020300 0.191859 0.164217
10.031166 0.191233 0.164177
10.042033 0.195068 0.164138
10.052899 0.188493 0.164098
10.063765 0.194051 0.164059
10.074632 0.184110 0.164019
10.085498 0.194364 0.163980
10.096365 0.186145 0.163941
10.107231 0.185753 0.163902
10.118098 0.184344 0.163863
10.128964 0.191311 0.163824
10.139831 0.183170 0.163785
10.150697 0.192407 0.163746
10.161563 0.195695 0.163708
10.172430 0.197417 0.163669
10.183296 0.187476 0.163631
10.194163 0.185049 0.163592
10.205029 0.190920 0.163554
10.215896 0.189746 0.163516
10.226762 0.190607 0.163477
10.237628 0.194364 0.163439
10.248495 0.183014 0.163401
10.259361 0.185519 0.163363
10.270228 0.186536 0.163325
10.281094 0.181683 0.163287
10.291961 0.188728 0.163250
10.302827 0.185440 0.163212
10.313694 0.186145 0.163174
10.324560 0.185832 0.163137
10.335426 0.188415 0.163100
10.346293 0.176830 0.163062
10.357159 0.180117 0.163025
10.368026 0.189041 0.162988
10.378892 0.181057 0.162951
10.389759 0.186771 0.162914
10.400625 0.174951 0.162877
10.411492 0.183405 0.162840
10.422358 0.178708 0.162803
10.433224 0.186067 0.162766
10.444091 0.174481 0.162730
10.454957 0.181683 0.162693
10.465824 0.182466 0.162657
10.476690 0.183483 0.162620
10.487557 0.187319 0.162584
10.498423 0.180587 0.162548
10.509289 0.181605 0.162511
10.520156 0.192642 0.162475
10.531022 0.181605 0.162439
10.541889 0.182779 0.162403
10.552755 0.184579 0.162367
10.563622 0.176595 0.162332
10.574488 0.181292 0.162296
10.585355 0.185284 0.162260
10.596221 0.182231 0.162225
10.607087 0.178865 0.162189
10.617954 0.183092 0.162154
10.628820 0.179256 0.162118
10.639687 0.175734 0.162083
10.650553 0.178552 0.162048
10.661420 0.178943 0.162013
10.672286 0.179022 0.161978
10.683153 0.181683 0.161943
10.694019 0.174716 0.161908
10.704885 0.171820 0.161873
10.715752 0.174247 0.161838
10.726618 0.182466 0.161804
10.737485 0.176986 0.161769
10.748351 0.173777 0.161735
10.759218 0.176438 0.161700
10.770084 0.176751 0.161666
10.780950 0.172290 0.161632
10.791817 0.180978 0.161597
10.802683 0.185440 0.161563
10.813550 0.174247 0.161529
10.824416 0.173620 0.161495
10.835283 0.169159 0.161461
10.846149 0.181996 0.161427
10.857016 0.174951 0.161394
10.867882 0.170254 0.161360
10.878748 0.176986 0.161326
10.889615 0.172446 0.161293
10.900481 0.174090 0.161259
10.911348 0.181213 0.161226
10.922214 0.169706 0.161193
10.933081 0.176517 0.161160
10.943947 0.169002 0.161126
10.954814 0.170959 0.161093
10.965680 0.168845 0.161060
10.976546 0.173386 0.161027
10.987413 0.173307 0.160994
10.998279 0.167671 0.160962
11.009146 0.173777 0.160929
11.020012 0.178160 0.160896
11.030879 0.170568 0.160864
11.041745 0.170333 0.160831
11.052611 0.173933 0.160799
11.063478 0.171820 0.160767
11.074344 0.170098 0.160734
11.085211 0.176673 0.160702
11.096077 0.173151 0.160670
11.106944 0.173542 0.160638
11.117810 0.171429 0.160606
11.128677 0.180039 0.160574
11.139543 0.171037 0.160542
11.150409 0.170254 0.160510
11.161276 0.168767 0.160479
11.172142 0.168376 0.160447
11.183009 0.167045 0.160416
11.193875 0.167906 0.160384
11.204742 0.175969 0.160353
11.215608 0.167045 0.160321
11.226475 0.171194 0.160290
11.237341 0.172446 0.160259
11.248207 0.172524 0.160228
11.259074 0.171272 0.160197
11.269940 0.169237 0.160166
11.280807 0.168689 0.160135
11.291673 0.165245 0.160104
11.302540 0.166967 0.160073
11.313406 0.175969 0.160043
11.324272 0.165088 0.160012
11.335139 0.171585 0.159982
11.346005 0.160313 0.159951
11.356872 0.162192 0.159921
11.367738 0.167436 0.159890
11.378605 0.172916 0.159860
11.389471 0.165088 0.159830
11.400338 0.170959 0.159800
11.411204 0.170098 0.159770
11.422070 0.161957 0.159740
11.432937 0.163757 0.159710
11.443803 0.169315 0.159680
11.454670 0.167202 0.159650
11.465536 0.170020 0.159621
11.476403 0.163523 0.159591
11.487269 0.164070 0.159562
11.498136 0.158121 0.159532
11.509002 0.158982 0.159503
11.519868 0.164932 0.159474
11.530735 0.169863 0.159444
11.541601 0.164227 0.159415
11.552468 0.163992 0.159386
11.563334 0.164070 0.159357
11.574201 0.160548 0.159328
11.585067 0.170254 0.159299
11.595933 0.166027 0.159270
11.606800 0.164853 0.159242
11.617666 0.169550 0.159213
11.628533 0.165010 0.159184
11.639399 0.160157 0.159156
11.650266 0.159217 0.159127
11.661132 0.160705 0.159099
11.671999 0.164697 0.159071
11.682865 0.165558 0.159042
11.693731 0.168141 0.159014
11.704598 0.172681 0.158986
11.715464 0.162114 0.158958
11.726331 0.166732 0.158930
11.737197 0.163601 0.158902
11.748064 0.168219 0.158874
11.758930 0.165010 0.158846
11.769796 0.170020 0.158819
11.780663 0.156243 0.158791
11.791529 0.161487 0.158763
11.802396 0.157573 0.158736
11.813262 0.154755 0.158709
11.824129 0.158826 0.158681
11.834995 0.165245 0.158654
11.845862 0.157339 0.158627
11.856728 0.155225 0.158600
11.867594 0.156947 0.158572
11.878461 0.161722 0.158545
11.889327 0.167280 0.158519
11.900194 0.165010 0.158492
11.911060 0.161566 0.158465
11.921927 0.161879 0.158438
11.932793 0.160548 0.158411
11.943660 0.158591 0.158385
11.954526 0.166419 0.158358
11.965392 0.158982 0.158332
11.976259 0.159217 0.158305
11.987125 0.163053 0.158279
11.997992 0.161487 0.158253
12.008858 0.156634 0.158227
12.019725 0.159452 0.158201
12.030591 0.161800 0.158174
12.041457 0.157808 0.158148
12.052324 0.167906 0.158123
12.063190 0.161566 0.158097
12.074057 0.161487 0.158071
12.084923 0.161096 0.158045
12.095790 0.156712 0.158020
12.106656 0.150998 0.157994
12.117523 0.165558 0.157968
12.128389 0.158513 0.157943
12.139255 0.158200 0.157918
12.150122 0.158121 0.157892
12.160988 0.155460 0.157867
12.171855 0.157339 0.157842
12.182721 0.158043 0.157817
12.193588 0.160000 0.157792
12.204454 0.156164 0.157767
12.215321 0.157417 0.157742
12.226187 0.155225 0.157717
12.237053 0.154207 0.157692
12.247920 0.149198 0.157667
12.258786 0.155695 0.157643
12.269653 0.155930 0.157618
12.280519 0.152485 0.157594
12.291386 0.153425 0.157569
12.302252 0.158200 0.157545
12.313118 0.159374 0.157521
12.323985 0.159922 0.157496
12.334851 0.146614 0.157472
12.345718 0.150215 0.157448
12.356584 0.157104 0.157424
12.367451 0.158982 0.157400
12.378317 0.156791 0.157376
12.389184 0.155225 0.157352
12.400050 0.158200 0.157329
12.410916 0.146849 0.157305
12.421783 0.151781 0.157281
12.432649 0.152172 0.157258
12.443516 0.152564 0.157234
12.454382 0.154286 0.157211
12.465249 0.151076 0.157187
12.476115 0.149746 0.157164
12.486982 0.155851 0.157141
12.497848 0.163679 0.157117
12.508714 0.153425 0.157094
12.519581 0.158200 0.157071
12.530447 0.159530 0.157048
12.541314 0.152016 0.157025
12.552180 0.156712 0.157002
12.563047 0.159530 0.156980
12.573913 0.154207 0.156957
12.584779 0.149511 0.156934
12.595646 0.153973 0.156912
12.606512 0.159843 0.156889
12.617379 0.147789 0.156867
12.628245 0.153894 0.156844
12.639112 0.148571 0.156822
12.649978 0.160078 0.156799
12.660845 0.163131 0.156777
12.671711 0.156164 0.156755
12.682577 0.156791 0.156733
12.693444 0.146771 0.156711
12.704310 0.158748 0.156689
12.715177 0.157417 0.156667
12.726043 0.159765 0.156645
12.736910 0.154051 0.156624
12.747776 0.152564 0.156602
12.758643 0.152955 0.156580
12.769509 0.144971 0.156559
12.780375 0.146380 0.156537
12.791242 0.151155 0.156516
12.802108 0.153033 0.156494
12.812975 0.150137 0.156473
12.823841 0.153738 0.156452
12.834708 0.144814 0.156430
12.845574 0.151703 0.156409
12.856440 0.156634 0.156388
12.867307 0.153738 0.156367
12.878173 0.149354 0.156346
12.889040 0.154599 0.156325
12.899906 0.150372 0.156305
12.910773 0.149667 0.156284
12.921639 0.156869 0.156263
12.932506 0.148102 0.156243
12.943372 0.151546 0.156222
12.954238 0.150685 0.156201
12.965105 0.146380 0.156181
12.975971 0.152564 0.156161
12.986838 0.145832 0.156140
12.997704 0.149198 0.156120
13.008571 0.152329 0.156100
13.019437 0.147162 0.156080
13.030304 0.153112 0.156060
13.041170 0.146614 0.156040
13.052036 0.152642 0.156020
13.062903 0.153268 0.156000
13.073769 0.146849 0.155980
13.084636 0.153738 0.155960
13.095502 0.154364 0.155941
13.106369 0.147397 0.155921
13.117235 0.150607 0.155901
13.128101 0.147710 0.155882
13.138968 0.151155 0.155862
13.149834 0.149198 0.155843
13.160701 0.144736 0.155824
13.171567 0.151076 0.155804
13.182434 0.151624 0.155785
13.193300 0.150998 0.155766
13.204167 0.149589 0.155747
13.215033 0.149198 0.155728
13.225899 0.147006 0.155709
13.236766 0.146928 0.155690
13.247632 0.147241 0.155671
13.258499 0.146614 0.155653
13.269365 0.145597 0.155634
13.280232 0.147084 0.155615
13.291098 0.147319 0.155597
13.301965 0.150998 0.155578
13.312831 0.145049 0.155560
13.323697 0.145519 0.155541
13.334564 0.144736 0.155523
13.345430 0.146067 0.155505
13.356297 0.147945 0.155487
13.367163 0.146928 0.155468
13.378030 0.145519 0.155450
13.388896 0.147241 0.155432
13.399762 0.144579 0.155414
13.410629 0.140822 0.155396
13.421495 0.149276 0.155379
13.432362 0.152564 0.155361
13.443228 0.143405 0.155343
13.454095 0.144423 0.155325
13.464961 0.146536 0.155308
13.475828 0.145597 0.155290
13.486694 0.145597 0.155273
13.497560 0.139100 0.155255
13.508427 0.141526 0.155238
13.519293 0.144188 0.155221
13.530160 0.155695 0.155203
13.541026 0.142309 0.155186
13.551893 0.150920 0.155169
13.562759 0.153346 0.155152
13.573626 0.147241 0.155135
13.584492 0.144736 0.155118
13.595358 0.147554 0.155101
13.606225 0.154207 0.155084
13.617091 0.150528 0.155068
13.627958 0.148180 0.155051
13.638824 0.148258 0.155034
13.649691 0.143796 0.155018
13.660557 0.148180 0.155001
13.671423 0.146693 0.154985
13.682290 0.153581 0.154968
13.693156 0.147710 0.154952
13.704023 0.149511 0.154936
13.714889 0.148885 0.154919
13.725756 0.148180 0.154903
13.736622 0.146536 0.154887
13.747489 0.148650 0.154871
13.758355 0.144188 0.154855
13.769221 0.146928 0.154839
13.780088 0.143718 0.154823
13.790954 0.137299 0.154807
13.801821 0.143640 0.154792
13.812687 0.147476 0.154776
13.823554 0.145440 0.154760
13.834420 0.151937 0.154745
13.845287 0.143562 0.154729
13.856153 0.143014 0.154714
13.867019 0.153816 0.154698
13.877886 0.143170 0.154683
13.888752 0.145205 0.154668
13.899619 0.148806 0.154653
13.910485 0.141761 0.154637
13.921352 0.145597 0.154622
13.932218 0.147632 0.154607
13.943084 0.143640 0.154592
13.953951 0.143170 0.154577
13.964817 0.148806 0.154562
13.975684 0.141996 0.154548
13.986550 0.139100 0.154533
13.997417 0.145127 0.154518
14.008283 0.142935 0.154504
14.019150 0.147867 0.154489
14.030016 0.153894 0.154474
14.040882 0.148650 0.154460
14.051749 0.141761 0.154446
14.062615 0.149902 0.154431
14.073482 0.145440 0.154417
14.084348 0.146614 0.154403
14.095215 0.144892 0.154389
14.106081 0.143796 0.154374
14.116948 0.141605 0.154360
14.127814 0.150294 0.154346
14.138680 0.144736 0.154332
14.149547 0.144501 0.154318
14.160413 0.146067 0.154305
14.171280 0.149119 0.154291
14.182146 0.146614 0.154277
14.193013 0.149511 0.154264
14.203879 0.147632 0.154250
14.214745 0.147241 0.154236
14.225612 0.145127 0.154223
14.236478 0.145910 0.154209
14.247345 0.142387 0.154196
14.258211 0.142701 0.154183
14.269078 0.140822 0.154170
14.279944 0.139883 0.154156
14.290811 0.137065 0.154143
14.301677 0.144658 0.154130
14.312543 0.144814 0.154117
14.323410 0.144579 0.154104
14.334276 0.146614 0.154091
14.345143 0.145049 0.154078
14.356009 0.142701 0.154066
14.366876 0.146301 0.154053
14.377742 0.140665 0.154040
14.388609 0.146536 0.154028
14.399475 0.142779 0.154015
14.410341 0.147006 0.154003
14.421208 0.148963 0.153990
14.432074 0.146693 0.153978
14.442941 0.147476 0.153965
14.453807 0.142074 0.153953
14.464674 0.143405 0.153941
14.475540 0.145832 0.153929
14.486407 0.142622 0.153917
14.497273 0.144110 0.153905
14.508139 0.148415 0.153893
14.519006 0.140196 0.153881
14.529872 0.145284 0.153869
14.540739 0.146771 0.153857
14.551605 0.147945 0.153845
14.562472 0.139648 0.153834
14.573338 0.148180 0.153822
14.584204 0.144110 0.153810
14.595071 0.145597 0.153799
14.605937 0.141761 0.153787
14.616804 0.144501 0.153776
14.627670 0.148180 0.153765
14.638537 0.146145 0.153753
14.649403 0.141526 0.153742
14.660270 0.143640 0.153731
14.671136 0.149119 0.153720
14.682002 0.143718 0.153709
14.692869 0.147162 0.153698
14.703735 0.143718 0.153687
14.714602 0.143875 0.153676
14.725468 0.147397 0.153665
14.736335 0.138552 0.153654
14.747201 0.141918 0.153644
14.758067 0.146536 0.153633
14.768934 0.144736 0.153622
14.779800 0.139726 0.153612
14.790667 0.141057 0.153601
14.801533 0.143796 0.153591
14.812400 0.146693 0.153581
14.823266 0.141370 0.153570
14.834133 0.142074 0.153560
14.844999 0.148963 0.153550
14.855865 0.143718 0.153540
14.866732 0.139491 0.153530
14.877598 0.137847 0.153520
14.888465 0.144501 0.153510
14.899331 0.147397 0.153500
14.910198 0.147632 0.153490
14.921064 0.142857 0.153480
14.931931 0.141840 0.153470
14.942797 0.146849 0.153461
14.953663 0.138239 0.153451
14.964530 0.144814 0.153442
14.975396 0.143875 0.153432
14.986263 0.142857 0.153423
14.997129 0.149902 0.153413
15.007996 0.148728 0.153404
15.018862 0.146771 0.153395
15.029729 0.145910 0.153386
15.040595 0.150059 0.153377
15.051461 0.144344 0.153367
15.062328 0.143092 0.153358
15.073194 0.147241 0.153350
15.084061 0.149746 0.153341
15.094927 0.153816 0.153332
15.105794 0.138943 0.153323
15.116660 0.143562 0.153314
15.127526 0.144892 0.153306
15.138393 0.143014 0.153297
15.149259 0.146301 0.153289
15.160126 0.146458 0.153280
15.170992 0.145910 0.153272
15.181859 0.144736 0.153263
15.192725 0.144110 0.153255
15.203592 0.149198 0.153247
15.214458 0.145988 0.153239
15.225324 0.145597 0.153231
15.236191 0.144344 0.153223
15.247057 0.139883 0.153215
15.257924 0.147084 0.153207
15.268790 0.147319 0.153199
15.279657 0.147945 0.153191
15.290523 0.144031 0.153184
15.301389 0.148023 0.153176
15.312256 0.146223 0.153169
15.323122 0.145284 0.153161
15.333989 0.144814 0.153154
15.344855 0.141448 0.153146
15.355722 0.141683 0.153139
15.366588 0.145832 0.153132
15.377455 0.149667 0.153125
15.388321 0.141448 0.153118
15.399187 0.147789 0.153111
15.410054 0.140665 0.153104
15.420920 0.150294 0.153097
15.431787 0.142622 0.153090
15.442653 0.143796 0.153083
15.453520 0.149511 0.153077
15.464386 0.145519 0.153070
15.475253 0.146145 0.153064
15.486119 0.144266 0.153057
15.496985 0.141761 0.153051
15.507852 0.143796 0.153044
15.518718 0.149276 0.153038
15.529585 0.147632 0.153032
15.540451 0.135890 0.153026
15.551318 0.141605 0.153020
15.562184 0.141605 0.153014
15.573051 0.147319 0.153008
15.583917 0.146614 0.153003
15.594783 0.146614 0.152997
15.605650 0.145362 0.152992
15.616516 0.146380 0.152986
15.627383 0.141996 0.152981
15.638249 0.139491 0.152975
15.649116 0.137534 0.152970
15.659982 0.148023 0.152965
15.670848 0.146771 0.152960
15.681715 0.147554 0.152955
15.692581 0.139961 0.152950
15.703448 0.144892 0.152946
15.714314 0.146458 0.152941
15.725181 0.144266 0.152936
15.736047 0.144188 0.152932
15.746914 0.144423 0.152928
15.757780 0.144110 0.152923
15.768646 0.150920 0.152919
15.779513 0.141761 0.152915
15.790379 0.144266 0.152911
15.801246 0.149589 0.152907
15.812112 0.138160 0.152904
15.822979 0.144658 0.152900
15.833845 0.145597 0.152897
15.844711 0.145362 0.152894
15.855578 0.144110 0.152890
15.866444 0.144658 0.152887
15.877311 0.141370 0.152884
15.888177 0.141840 0.152882
15.899044 0.141292 0.152879
15.909910 0.139022 0.152877
15.920777 0.142701 0.152874
15.931643 0.148650 0.152872
15.942509 0.141448 0.152870
15.953376 0.140978 0.152868
15.964242 0.146067 0.152867
15.975109 0.146693 0.152865
15.985975 0.145049 0.152864
15.996842 0.146614 0.152863
16.007708 0.146849 0.152862
16.018575 0.145753 0.152861
16.029441 0.142153 0.152861
16.040307 0.145988 0.152860
16.051174 0.153268 0.152860
16.062040 0.150528 0.152861
16.072907 0.146536 0.152861
16.083773 0.147476 0.152862
16.094640 0.151468 0.152863
16.105506 0.147241 0.152864
16.116373 0.149511 0.152866
16.127239 0.150920 0.152867
16.138105 0.151781 0.152870
16.148972 0.147867 0.152872
16.159838 0.150841 0.152875
16.170705 0.150059 0.152878
16.181571 0.142074 0.152882
16.192438 0.146145 0.152886
16.203304 0.147710 0.152891
16.214170 0.150998 0.152896
16.225037 0.146145 0.152901
16.235903 0.146771 0.152907
16.246770 0.149746 0.152914
16.257636 0.144736 0.152921
16.268503 0.145049 0.152929
16.279369 0.149824 0.152938
16.290236 0.147710 0.152947
16.301102 0.148493 0.152957
16.311968 0.147945 0.152968
16.322835 0.146614 0.152980
16.333701 0.147084 0.152993
16.344568 0.150215 0.153007
16.355434 0.145597 0.153022
16.366301 0.149980 0.153038
16.377167 0.142387 0.153056
16.388033 0.150528 0.153075
16.398900 0.144423 0.153096
16.409766 0.142544 0.153119
16.420633 0.150294 0.153143
16.431499 0.149354 0.153170
16.442366 0.143640 0.153200
16.453232 0.140587 0.153232
16.464099 0.140822 0.153267
16.474965 0.151703 0.153306
16.485831 0.142466 0.153348
16.496698 0.146928 0.153395
16.507564 0.144971 0.153447
16.518431 0.154286 0.153504
16.529297 0.149119 0.153568
16.540164 0.146145 0.153639
16.551030 0.152955 0.153718
16.561897 0.142701 0.153806
16.572763 0.144423 0.153903
16.583629 0.149198 0.154012
16.594496 0.146614 0.154133
16.605362 0.151781 0.154268
16.616229 0.147945 0.154418
16.627095 0.147789 0.154584
16.637962 0.153112 0.154767
16.648828 0.147789 0.154969
16.659695 0.146693 0.155190
16.670561 0.155538 0.155432
16.681427 0.143796 0.155694
16.692294 0.153346 0.155978
16.703160 0.150920 0.156283
16.714027 0.150137 0.156609
16.724893 0.149432 0.156954
16.735760 0.150920 0.157316
16.746626 0.151468 0.157692
16.757492 0.154051 0.158078
16.768359 0.141448 0.158470
16.779225 0.147945 0.158859
16.790092 0.158904 0.159239
16.800958 0.140196 0.159602
16.811825 0.149824 0.159940
16.822691 0.152642 0.160244
16.833558 0.156086 0.160508
16.844424 0.147945 0.160727
16.855290 0.154834 0.160898
16.866157 0.148258 0.161018
16.877023 0.152016 0.161088
16.887890 0.149511 0.161107
16.898756 0.151937 0.161074
16.909623 0.150137 0.160991
16.920489 0.150763 0.160858
16.931355 0.150372 0.160675
16.942222 0.152016 0.160444
16.953088 0.150450 0.160169
16.963955 0.154051 0.159856
16.974821 0.151859 0.159511
16.985688 0.149746 0.159142
16.996554 0.152485 0.158757
17.007421 0.154051 0.158364
17.018287 0.149980 0.157970
17.029153 0.154051 0.157582
17.040020 0.159139 0.157205
17.050886 0.153112 0.156843
17.061753 0.154990 0.156497
17.072619 0.148180 0.156172
17.083486 0.156399 0.155867
17.094352 0.155147 0.155583
17.105219 0.153738 0.155320
17.116085 0.153033 0.155078
17.126951 0.149432 0.154856
17.137818 0.154599 0.154653
17.148684 0.156164 0.154469
17.159551 0.161957 0.154302
17.170417 0.154990 0.154151
17.181284 0.158748 0.154015
17.192150 0.154990 0.153892
17.203017 0.150372 0.153782
17.213883 0.151076 0.153683
17.224749 0.148650 0.153594
17.235616 0.147006 0.153514
17.246482 0.149198 0.153442
17.257349 0.151703 0.153378
17.268215 0.150372 0.153320
17.279082 0.149354 0.153267
17.289948 0.147632 0.153220
17.300814 0.143483 0.153177
17.311681 0.145127 0.153137
17.322547 0.145832 0.153102
17.333414 0.149354 0.153069
17.344280 0.149511 0.153039
17.355147 0.150528 0.153011
17.366013 0.146458 0.152986
17.376880 0.144971 0.152962
17.387746 0.145832 0.152940
17.398612 0.147397 0.152920
17.409479 0.152250 0.152901
17.420345 0.148571 0.152883
17.431212 0.150372 0.152866
17.442078 0.151781 0.152851
17.452945 0.150450 0.152836
17.463811 0.150372 0.152823
17.474677 0.146145 0.152810
17.485544 0.145753 0.152798
17.496410 0.153033 0.152786
17.507277 0.144423 0.152776
17.518143 0.147319 0.152766
17.529010 0.152094 0.152756
17.539876 0.154129 0.152748
17.550743 0.152250 0.152739
17.561609 0.150607 0.152731
17.572475 0.147710 0.152724
17.583342 0.153346 0.152717
17.594208 0.152329 0.152711
17.605075 0.148337 0.152705
17.615941 0.155851 0.152699
17.626808 0.147554 0.152694
17.637674 0.150137 0.152689
17.648541 0.143249 0.152684
17.659407 0.151781 0.152680
17.670273 0.148806 0.152676
17.681140 0.155382 0.152673
17.692006 0.148728 0.152669
17.702873 0.147319 0.152666
17.713739 0.152798 0.152663
17.724606 0.146849 0.152661
17.735472 0.151703 0.152658
17.746339 0.146301 0.152656
17.757205 0.146458 0.152654
17.768071 0.153033 0.152653
17.778938 0.155068 0.152651
17.789804 0.153268 0.152650
17.800671 0.149432 0.152649
17.811537 0.149746 0.152648
17.822404 0.153503 0.152647
17.833270 0.148258 0.152646
17.844136 0.150215 0.152646
17.855003 0.149354 0.152646
17.865869 0.147319 0.152646
17.876736 0.147006 0.152646
17.887602 0.148650 0.152646
17.898469 0.148415 0.152647
17.909335 0.152094 0.152647
17.920202 0.149119 0.152648
17.931068 0.147006 0.152649
17.941934 0.146614 0.152650
17.952801 0.154755 0.152651
17.963667 0.149980 0.152652
17.974534 0.148571 0.152653
17.985400 0.154051 0.152655
17.996267 0.146301 0.152656
18.007133 0.147789 0.152658
18.018000 0.151624 0.152660
18.028866 0.151781 0.152662
18.039732 0.146614 0.152664
18.050599 0.149902 0.152666
18.061465 0.141996 0.152669
18.072332 0.154286 0.152671
18.083198 0.154207 0.152674
18.094065 0.153190 0.152676
18.104931 0.153425 0.152679
18.115797 0.149119 0.152682
18.126664 0.153816 0.152685
18.137530 0.152955 0.152688
18.148397 0.146380 0.152691
18.159263 0.148337 0.152694
18.170130 0.149276 0.152698
18.180996 0.143405 0.152701
18.191863 0.142074 0.152705
18.202729 0.149589 0.152709
18.213595 0.148415 0.152713
18.224462 0.152485 0.152716
18.235328 0.148023 0.152721
18.246195 0.147397 0.152725
18.257061 0.151155 0.152729
18.267928 0.152329 0.152733
18.278794 0.152642 0.152738
18.289661 0.149511 0.152742
18.300527 0.148258 0.152747
18.311393 0.147789 0.152752
18.322260 0.143483 0.152757
18.333126 0.154364 0.152762
18.343993 0.147867 0.152767
18.354859 0.149432 0.152772
18.365726 0.147867 0.152777
18.376592 0.149276 0.152783
18.387458 0.151546 0.152788
18.398325 0.156086 0.152794
18.409191 0.150137 0.152799
18.420058 0.152485 0.152805
18.430924 0.151468 0.152811
18.441791 0.149432 0.152817
18.452657 0.148023 0.152824
18.463524 0.152250 0.152830
18.474390 0.152329 0.152836
18.485256 0.150920 0.152843
18.496123 0.148728 0.152850
18.506989 0.147084 0.152856
18.517856 0.156399 0.152863
18.528722 0.152250 0.152870
18.539589 0.152485 0.152878
18.550455 0.150763 0.152885
18.561321 0.153659 0.152892
18.572188 0.145675 0.152900
18.583054 0.149354 0.152908
18.593921 0.153346 0.152916
18.604787 0.155695 0.152924
18.615654 0.147945 0.152932
18.626520 0.147632 0.152940
18.637387 0.142857 0.152949
18.648253 0.151468 0.152957
18.659119 0.152564 0.152966
18.669986 0.151781 0.152975
18.680852 0.148493 0.152984
18.691719 0.150215 0.152994
18.702585 0.152642 0.153003
18.713452 0.150763 0.153013
18.724318 0.148337 0.153023
18.735185 0.150998 0.153033
18.746051 0.151859 0.153043
18.756917 0.150528 0.153054
18.767784 0.152798 0.153064
18.778650 0.154051 0.153075
18.789517 0.152329 0.153086
18.800383 0.146536 0.153098
18.811250 0.148023 0.153110
18.822116 0.153112 0.153121
18.832982 0.151781 0.153134
18.843849 0.152564 0.153146
18.854715 0.148415 0.153159
18.865582 0.154364 0.153172
18.876448 0.155930 0.153185
18.887315 0.143014 0.153199
18.898181 0.152564 0.153213
18.909048 0.156321 0.153227
18.919914 0.156477 0.153242
18.930780 0.151703 0.153257
18.941647 0.155930 0.153272
18.952513 0.149902 0.153288
18.963380 0.154364 0.153304
18.974246 0.154521 0.153321
18.985113 0.151076 0.153338
18.995979 0.155538 0.153356
19.006846 0.148963 0.153374
19.017712 0.152407 0.153392
19.028578 0.153033 0.153411
19.039445 0.152720 0.153431
19.050311 0.147397 0.153451
19.061178 0.154129 0.153472
19.072044 0.151624 0.153494
19.082911 0.150215 0.153516
19.093777 0.145753 0.153539
19.104644 0.152250 0.153563
19.115510 0.151389 0.153588
19.126376 0.145519 0.153614
19.137243 0.151311 0.153640
19.148109 0.155538 0.153667
19.158976 0.147084 0.153696
19.169842 0.145049 0.153725
19.180709 0.147789 0.153756
19.191575 0.150607 0.153788
19.202441 0.148885 0.153821
19.213308 0.145049 0.153856
19.224174 0.147945 0.153892
19.235041 0.153425 0.153930
19.245907 0.149746 0.153970
19.256774 0.147632 0.154012
19.267640 0.145440 0.154055
19.278507 0.145675 0.154101
19.289373 0.161096 0.154149
19.300239 0.152250 0.154200
19.311106 0.155303 0.154254
19.321972 0.152329 0.154312
19.332839 0.156399 0.154372
19.343705 0.151076 0.154437
19.354572 0.154051 0.154507
19.365438 0.153581 0.154581
19.376304 0.150528 0.154662
19.387171 0.155616 0.154748
19.398037 0.150763 0.154842
19.408904 0.151546 0.154945
19.419770 0.158043 0.155057
19.430637 0.153581 0.155179
19.441503 0.156321 0.155313
19.452370 0.152564 0.155461
19.463236 0.149667 0.155623
19.474102 0.153190 0.155803
19.484969 0.162270 0.156001
19.495835 0.156477 0.156221
19.506702 0.151311 0.156463
19.517568 0.156008 0.156731
19.528435 0.156556 0.157026
19.539301 0.150059 0.157351
19.550168 0.163288 0.157709
19.561034 0.152798 0.158101
19.571900 0.154834 0.158529
19.582767 0.158826 0.158997
19.593633 0.153973 0.159504
19.604500 0.158278 0.160052
19.615366 0.158513 0.160643
19.626233 0.157260 0.161275
19.637099 0.154677 0.161948
19.647965 0.158669 0.162659
19.658832 0.160705 0.163405
19.669698 0.155225 0.164180
19.680565 0.162348 0.164977
19.691431 0.159609 0.165786
19.702298 0.161800 0.166595
19.713164 0.162035 0.167390
19.724031 0.153425 0.168155
19.734897 0.167123 0.168875
19.745763 0.164305 0.169533
19.756630 0.167750 0.170117
19.767496 0.165714 0.170615
19.778363 0.163601 0.171023
19.789229 0.162583 0.171337
19.800096 0.163601 0.171558
19.810962 0.162035 0.171690
19.821829 0.161644 0.171737
19.832695 0.159765 0.171701
19.843561 0.166810 0.171588
19.854428 0.160783 0.171397
19.865294 0.158982 0.171132
19.876161 0.161096 0.170793
19.887027 0.162035 0.170384
19.897894 0.155616 0.169909
19.908760 0.167045 0.169374
19.919626 0.155616 0.168787
19.930493 0.160939 0.168156
19.941359 0.165949 0.167489
19.952226 0.167906 0.166797
19.963092 0.173777 0.166089
19.973959 0.161174 0.165374
19.984825 0.167358 0.164660
19.995692 0.163836 0.163956
20.006558 0.164540 0.163269
20.017424 0.166732 0.162605
20.028291 0.163053 0.161969
20.039157 0.171977 0.161365
20.050024 0.168376 0.160795
20.060890 0.166262 0.160262
20.071757 0.171037 0.159765
20.082623 0.170411 0.159305
20.093490 0.166967 0.158881
20.104356 0.172446 0.158492
20.115222 0.165871 0.158136
20.126089 0.166654 0.157812
20.136955 0.165479 0.157518
20.147822 0.166575 0.157251
20.158688 0.163679 0.157009
20.169555 0.163992 0.156792
20.180421 0.160235 0.156596
20.191288 0.162505 0.156419
20.202154 0.158748 0.156261
20.213020 0.157573 0.156118
20.223887 0.163288 0.155991
20.234753 0.154677 0.155876
20.245620 0.155225 0.155773
20.256486 0.148963 0.155681
20.267353 0.156947 0.155597
20.278219 0.152250 0.155522
20.289085 0.153894 0.155455
20.299952 0.150137 0.155393
20.310818 0.154834 0.155338
20.321685 0.156869 0.155288
20.332551 0.158043 0.155243
20.343418 0.149980 0.155202
20.354284 0.159609 0.155164
20.365151 0.148180 0.155130
20.376017 0.151781 0.155099
20.386883 0.156556 0.155071
20.397750 0.159452 0.155045
20.408616 0.154834 0.155021
20.419483 0.150450 0.155000
20.430349 0.158356 0.154980
20.441216 0.162270 0.154963
20.452082 0.150920 0.154947
20.462948 0.157573 0.154933
20.473815 0.154442 0.154920
20.484681 0.158121 0.154908
20.495548 0.151859 0.154898
20.506414 0.154442 0.154889
20.517281 0.159061 0.154881
20.528147 0.157025 0.154874
20.539014 0.148571 0.154868
20.549880 0.159687 0.154863
20.560746 0.160000 0.154860
20.571613 0.157495 0.154857
20.582479 0.158826 0.154854
20.593346 0.158121 0.154853
20.604212 0.148728 0.154852
20.615079 0.160470 0.154852
20.625945 0.161174 0.154853
20.636812 0.151937 0.154855
20.647678 0.156869 0.154857
20.658544 0.156008 0.154859
20.669411 0.158826 0.154863
20.680277 0.158356 0.154867
20.691144 0.149902 0.154871
20.702010 0.150685 0.154876
20.712877 0.157339 0.154882
20.723743 0.152798 0.154888
20.734609 0.147476 0.154894
20.745476 0.148258 0.154902
20.756342 0.158669 0.154909
20.767209 0.157730 0.154917
20.778075 0.152720 0.154926
20.788942 0.155930 0.154935
20.799808 0.148415 0.154944
20.810675 0.154129 0.154954
20.821541 0.156321 0.154964
20.832407 0.155616 0.154975
20.843274 0.157025 0.154986
20.854140 0.154442 0.154998
20.865007 0.157730 0.155010
20.875873 0.164149 0.155022
20.886740 0.151937 0.155035
20.897606 0.157339 0.155048
20.908473 0.156556 0.155062
20.919339 0.154599 0.155076
20.930205 0.156791 0.155091
20.941072 0.153816 0.155106
20.951938 0.152016 0.155121
20.962805 0.155303 0.155137
20.973671 0.155616 0.155154
20.984538 0.152485 0.155171
20.995404 0.162348 0.155188
21.006270 0.156791 0.155206
21.017137 0.150528 0.155225
21.028003 0.160705 0.155244
21.038870 0.160861 0.155263
21.049736 0.151389 0.155283
21.060603 0.155695 0.155304
21.071469 0.157260 0.155325
21.082336 0.153033 0.155347
21.093202 0.159765 0.155369
21.104068 0.153816 0.155392
21.114935 0.152407 0.155416
21.125801 0.153112 0.155440
21.136668 0.157730 0.155465
21.147534 0.159295 0.155491
21.158401 0.156164 0.155518
21.169267 0.153973 0.155545
21.180134 0.154755 0.155574
21.191000 0.151859 0.155603
21.201866 0.160078 0.155633
21.212733 0.165088 0.155665
21.223599 0.160705 0.155697
21.234466 0.154990 0.155730
21.245332 0.158121 0.155765
21.256199 0.160470 0.155801
21.267065 0.155930 0.155838
21.277932 0.156321 0.155877
21.288798 0.152407 0.155917
21.299664 0.157652 0.155959
21.310531 0.165245 0.156002
21.321397 0.158121 0.156048
21.332264 0.156086 0.156095
21.343130 0.156869 0.156144
21.353997 0.160391 0.156196
21.364863 0.155538 0.156251
21.375729 0.154051 0.156308
21.386596 0.156321 0.156368
21.397462 0.162192 0.156431
21.408329 0.158278 0.156498
21.419195 0.160000 0.156569
21.430062 0.157652 0.156644
21.440928 0.154990 0.156725
21.451795 0.152407 0.156811
21.462661 0.160157 0.156904
21.473527 0.159765 0.157004
21.484394 0.156556 0.157112
21.495260 0.161800 0.157230
21.506127 0.157260 0.157358
21.516993 0.157965 0.157498
21.527860 0.156634 0.157652
21.538726 0.162740 0.157822
21.549592 0.161566 0.158008
21.560459 0.163288 0.158215
21.571325 0.160000 0.158444
21.582192 0.167593 0.158697
21.593058 0.160705 0.158977
21.603925 0.168845 0.159287
21.614791 0.160078 0.159630
21.625658 0.158904 0.160009
21.636524 0.161800 0.160426
21.647390 0.166654 0.160884
21.658257 0.162270 0.161386
21.669123 0.152564 0.161934
21.679990 0.165401 0.162530
21.690856 0.166967 0.163175
21.701723 0.164462 0.163870
21.712589 0.163366 0.164615
21.723456 0.165871 0.165408
21.734322 0.169863 0.166247
21.745188 0.158434 0.167129
21.756055 0.164697 0.168046
21.766921 0.173699 0.168992
21.777788 0.166262 0.169954
21.788654 0.173855 0.170919
21.799521 0.170724 0.171868
21.810387 0.168845 0.172779
21.821253 0.167045 0.173629
21.832120 0.167828 0.174390
21.842986 0.167906 0.175034
21.853853 0.166497 0.175534
21.864719 0.170646 0.175869
21.875586 0.161879 0.176022
21.886452 0.175264 0.175987
21.897319 0.161096 0.175766
21.908185 0.170176 0.175371
21.919051 0.164305 0.174821
21.929918 0.170333 0.174142
21.940784 0.170881 0.173361
21.951651 0.168767 0.172506
21.962517 0.165323 0.171602
21.973384 0.169393 0.170673
21.984250 0.173777 0.169739
21.995117 0.166654 0.168815
22.005983 0.171507 0.167914
22.016849 0.170254 0.167046
22.027716 0.168924 0.166218
22.038582 0.171115 0.165434
22.049449 0.166575 0.164697
22.060315 0.172133 0.164010
22.071182 0.173151 0.163373
22.082048 0.169941 0.162785
22.092914 0.175969 0.162246
22.103781 0.178787 0.161754
22.114647 0.167280 0.161307
22.125514 0.173464 0.160902
22.136380 0.169628 0.160537
22.147247 0.167358 0.160209
22.158113 0.168532 0.159915
22.168980 0.172524 0.159652
22.179846 0.168376 0.159417
22.190712 0.166184 0.159209
22.201579 0.159452 0.159023
22.212445 0.160470 0.158859
22.223312 0.164697 0.158712
22.234178 0.165245 0.158582
22.245045 0.160235 0.158467
22.255911 0.164149 0.158364
22.266778 0.159217 0.158273
22.277644 0.160470 0.158192
22.288510 0.161957 0.158119
22.299377 0.167045 0.158054
22.310243 0.157573 0.157996
22.321110 0.162192 0.157943
22.331976 0.156321 0.157897
22.342843 0.158278 0.157854
22.353709 0.164853 0.157817
22.364576 0.159687 0.157783
22.375442 0.167984 0.157752
22.386308 0.161800 0.157725
22.397175 0.160626 0.157700
22.408041 0.165088 0.157678
22.418908 0.158669 0.157658
22.429774 0.155382 0.157641
22.440641 0.161174 0.157626
22.451507 0.162270 0.157612
22.462373 0.157495 0.157601
22.473240 0.157339 0.157591
22.484106 0.161174 0.157582
22.494973 0.160548 0.157575
22.505839 0.160078 0.157569
22.516706 0.160626 0.157565
22.527572 0.153659 0.157562
22.538439 0.160313 0.157560
22.549305 0.156556 0.157559
22.560171 0.165401 0.157559
22.571038 0.161174 0.157560
22.581904 0.159922 0.157562
22.592771 0.169941 0.157565
22.603637 0.156791 0.157568
22.614504 0.163366 0.157573
22.625370 0.161800 0.157578
22.636236 0.162896 0.157584
22.647103 0.159061 0.157590
22.657969 0.165793 0.157598
22.668836 0.159530 0.157606
22.679702 0.163757 0.157614
22.690569 0.162348 0.157623
22.701435 0.158121 0.157633
22.712302 0.167828 0.157643
22.723168 0.160861 0.157654
22.734034 0.157886 0.157665
22.744901 0.157495 0.157676
22.755767 0.158043 0.157689
22.766634 0.164618 0.157701
22.777500 0.163523 0.157714
22.788367 0.161644 0.157728
22.799233 0.158200 0.157742
22.810100 0.163288 0.157756
22.820966 0.156477 0.157770
22.831832 0.162505 0.157785
22.842699 0.159609 0.157801
22.853565 0.158043 0.157817
22.864432 0.166732 0.157833
22.875298 0.158748 0.157849
22.886165 0.166027 0.157866
22.897031 0.164697 0.157883
22.907897 0.167045 0.157900
22.918764 0.164384 0.157918
22.929630 0.162270 0.157936
22.940497 0.165793 0.157955
22.951363 0.158434 0.157973
22.962230 0.161800 0.157992
22.973096 0.159843 0.158012
22.983963 0.155851 0.158031
22.994829 0.162427 0.158051
23.005695 0.162661 0.158071
23.016562 0.164070 0.158092
23.027428 0.161644 0.158112
23.038295 0.158434 0.158133
23.049161 0.171742 0.158155
23.060028 0.161096 0.158176
23.070894 0.162348 0.158198
23.081761 0.162975 0.158220
23.092627 0.161722 0.158242
23.103493 0.165636 0.158265
23.114360 0.158200 0.158288
23.125226 0.160235 0.158311
23.136093 0.154834 0.158335
23.146959 0.163679 0.158358
23.157826 0.160861 0.158383
23.168692 0.161487 0.158407
23.179558 0.161252 0.158431
23.190425 0.163131 0.158456
23.201291 0.161566 0.158481
23.212158 0.164853 0.158507
23.223024 0.164932 0.158533
23.233891 0.160939 0.158559
23.244757 0.169550 0.158585
23.255624 0.162740 0.158612
23.266490 0.160548 0.158639
23.277356 0.162114 0.158666
23.288223 0.154990 0.158693
23.299089 0.159061 0.158721
23.309956 0.163131 0.158749
23.320822 0.165088 0.158778
23.331689 0.164932 0.158807
23.342555 0.158200 0.158836
23.353422 0.160078 0.158865
23.364288 0.160157 0.158895
23.375154 0.158200 0.158925
23.386021 0.165793 0.158956
23.396887 0.166575 0.158987
23.407754 0.163131 0.159018
23.418620 0.165636 0.159049
23.429487 0.160939 0.159081
23.440353 0.162896 0.159114
23.451220 0.163209 0.159147
23.462086 0.167750 0.159180
23.472952 0.159765 0.159214
23.483819 0.169159 0.159248
23.494685 0.161174 0.159282
23.505552 0.160470 0.159317
23.516418 0.166575 0.159353
23.527285 0.167671 0.159389
23.538151 0.168767 0.159425
23.549017 0.165949 0.159462
23.559884 0.165323 0.159499
23.570750 0.168141 0.159537
23.581617 0.163757 0.159576
23.592483 0.162427 0.159615
23.603350 0.159609 0.159655
23.614216 0.167984 0.159695
23.625083 0.169863 0.159736
23.635949 0.165793 0.159777
23.646815 0.163914 0.159820
23.657682 0.162583 0.159862
23.668548 0.161409 0.159906
23.679415 0.163366 0.159950
23.690281 0.156008 0.159995
23.701148 0.164853 0.160041
23.712014 0.166262 0.160088
23.722881 0.168219 0.160135
23.733747 0.168063 0.160184
23.744613 0.168063 0.160233
23.755480 0.164462 0.160283
23.766346 0.165323 0.160335
23.777213 0.163836 0.160387
23.788079 0.158434 0.160440
23.798946 0.169159 0.160494
23.809812 0.167045 0.160550
23.820678 0.170176 0.160607
23.831545 0.169472 0.160665
23.842411 0.167045 0.160724
23.853278 0.171742 0.160785
23.864144 0.166497 0.160847
23.875011 0.168532 0.160910
23.885877 0.168611 0.160975
23.896744 0.168376 0.161042
23.907610 0.170724 0.161111
23.918476 0.161409 0.161181
23.929343 0.165166 0.161253
23.940209 0.166732 0.161328
23.951076 0.165793 0.161404
23.961942 0.168141 0.161482
23.972809 0.165558 0.161563
23.983675 0.168219 0.161646
23.994542 0.173307 0.161732
24.005408 0.162661 0.161821
24.016274 0.164540 0.161912
24.027141 0.172603 0.162007
24.038007 0.170176 0.162105
24.048874 0.171115 0.162206
24.059740 0.169941 0.162311
24.070607 0.169863 0.162420
24.081473 0.165558 0.162533
24.092339 0.161331 0.162650
24.103206 0.167202 0.162773
24.114072 0.170802 0.162900
24.124939 0.168924 0.163033
24.135805 0.171820 0.163172
24.146672 0.166106 0.163318
24.157538 0.161800 0.163470
24.168405 0.168141 0.163630
24.179271 0.167515 0.163799
24.190137 0.168376 0.163977
24.201004 0.173072 0.164166
24.211870 0.162114 0.164366
24.222737 0.160000 0.164579
24.233603 0.162192 0.164806
24.244470 0.169628 0.165050
24.255336 0.173542 0.165312
24.266202 0.164618 0.165594
24.277069 0.164618 0.165900
24.287935 0.172524 0.166232
24.298802 0.171429 0.166595
24.309668 0.170881 0.166991
24.320535 0.171429 0.167425
24.331401 0.170176 0.167902
24.342268 0.174247 0.168427
24.353134 0.170098 0.169006
24.364000 0.173464 0.169646
24.374867 0.176673 0.170351
24.385733 0.178395 0.171130
24.396600 0.176438 0.171990
24.407466 0.176986 0.172937
24.418333 0.171350 0.173978
24.429199 0.181840 0.175121
24.440066 0.181918 0.176371
24.450932 0.181370 0.177736
24.461798 0.181135 0.179220
24.472665 0.184266 0.180827
24.483531 0.183640 0.182559
24.494398 0.188415 0.184419
24.505264 0.185440 0.186405
24.516131 0.193659 0.188513
24.526997 0.192016 0.190735
24.537864 0.189198 0.193060
24.548730 0.202348 0.195473
24.559596 0.193894 0.197949
24.570463 0.196008 0.200460
24.581329 0.194521 0.202967
24.592196 0.198904 0.205424
24.603062 0.205245 0.207776
24.613929 0.199217 0.209959
24.624795 0.200391 0.211904
24.635661 0.196008 0.213544
24.646528 0.200078 0.214812
24.657394 0.202505 0.215654
24.668261 0.198200 0.216035
24.679127 0.203679 0.215937
24.689994 0.205636 0.215368
24.700860 0.188963 0.214360
24.711727 0.198278 0.212962
24.722593 0.195773 0.211235
24.733459 0.200861 0.209248
24.744326 0.193659 0.207070
24.755192 0.198043 0.204766
24.766059 0.207436 0.202396
24.776925 0.202427 0.200008
24.787792 0.198982 0.197643
24.798658 0.209472 0.195334
24.809525 0.204540 0.193107
24.820391 0.208689 0.190978
24.831257 0.211898 0.188962
24.842124 0.208611 0.187066
24.852990 0.210802 0.185297
24.863857 0.206732 0.183656
24.874723 0.211429 0.182143
24.885590 0.202740 0.180756
24.896456 0.215342 0.179491
24.907322 0.208611 0.178343
24.918189 0.203523 0.177308
24.929055 0.204227 0.176378
24.939922 0.204227 0.175548
24.950788 0.209002 0.174809
24.961655 0.199843 0.174157
24.972521 0.198513 0.173582
24.983388 0.194912 0.173080
24.994254 0.191468 0.172644
25.005120 0.193425 0.172267
25.015987 0.184031 0.171945
25.026853 0.181840 0.171672
25.037720 0.180900 0.171445
25.048586 0.179491 0.171258
25.059453 0.178395 0.171108
25.070319 0.168063 0.170993
25.081186 0.176438 0.170910
25.092052 0.180587 0.170856
25.102918 0.175342 0.170831
25.113785 0.166888 0.170832
25.124651 0.170802 0.170859
25.135518 0.177143 0.170911
25.146384 0.169237 0.170988
25.157251 0.170959 0.171089
25.168117 0.172994 0.171213
25.178983 0.168141 0.171362
25.189850 0.178865 0.171535
25.200716 0.170646 0.171733
25.211583 0.168924 0.171955
25.222449 0.172681 0.172202
25.233316 0.174873 0.172474
25.244182 0.174638 0.172771
25.255049 0.168845 0.173093
25.265915 0.176125 0.173439
25.276781 0.169002 0.173809
25.287648 0.177691 0.174201
25.298514 0.179413 0.174613
25.309381 0.176908 0.175044
25.320247 0.166810 0.175489
25.331114 0.176204 0.175946
25.341980 0.172603 0.176410
25.352846 0.175186 0.176878
25.363713 0.175186 0.177344
25.374579 0.171820 0.177805
25.385446 0.178317 0.178258
25.396312 0.178787 0.178701
25.407179 0.176438 0.179135
25.418045 0.178943 0.179561
25.428912 0.180822 0.179981
25.439778 0.176673 0.180399
25.450644 0.176595 0.180819
25.461511 0.179648 0.181244
25.472377 0.177847 0.181677
25.483244 0.184736 0.182123
25.494110 0.180431 0.182583
25.504977 0.190372 0.183062
25.515843 0.186223 0.183563
25.526710 0.189902 0.184092
25.537576 0.182387 0.184657
25.548442 0.187162 0.185266
25.559309 0.188571 0.185933
25.570175 0.200705 0.186670
25.581042 0.189511 0.187493
25.591908 0.200470 0.188420
25.602775 0.203053 0.189466
25.613641 0.199061 0.190651
25.624507 0.201566 0.191990
25.635374 0.219335 0.193501
25.646240 0.213699 0.195199
25.657107 0.222857 0.197100
25.667973 0.225910 0.199216
25.678840 0.230528 0.201560
25.689706 0.226928 0.204142
25.700573 0.239217 0.206969
25.711439 0.237965 0.210046
25.722305 0.242192 0.213374
25.733172 0.252838 0.216951
25.744038 0.252133 0.220768
25.754905 0.260352 0.224811
25.765771 0.252603 0.229058
25.776638 0.247906 0.233477
25.787504 0.258630 0.238026
25.798371 0.258474 0.242649
25.809237 0.248141 0.247275
25.820103 0.254638 0.251817
25.830970 0.252211 0.256172
25.841836 0.257847 0.260223
25.852703 0.248297 0.263844
25.863569 0.240000 0.266907
25.874436 0.259648 0.269289
25.885302 0.252368 0.270891
25.896169 0.251115 0.271641
25.907035 0.251898 0.271506
25.917901 0.258082 0.270498
25.928768 0.263562 0.268670
25.939634 0.257926 0.266109
25.950501 0.268728 0.262928
25.961367 0.256986 0.259252
25.972234 0.265910 0.255209
25.983100 0.265362 0.250921
25.993966 0.281174 0.246496
26.004833 0.275225 0.242030
26.015699 0.272094 0.237599
26.026566 0.273425 0.233265
26.037432 0.281018 0.229078
26.048299 0.283523 0.225072
26.059165 0.277495 0.221274
26.070032 0.278669 0.217700
26.080898 0.283288 0.214362
26.091764 0.278982 0.211264
26.102631 0.267397 0.208407
26.113497 0.284462 0.205787
26.124364 0.279530 0.203398
26.135230 0.277495 0.201232
26.146097 0.265440 0.199280
26.156963 0.273973 0.197529
26.167829 0.262231 0.195968
26.178696 0.255734 0.194584
26.189562 0.244462 0.193364
26.200429 0.234521 0.192296
26.211295 0.227632 0.191367
26.222162 0.209315 0.190565
26.233028 0.207984 0.189879
26.243895 0.197652 0.189298
26.254761 0.196243 0.188812
26.265627 0.186928 0.188412
26.276494 0.182387 0.188091
26.287360 0.178082 0.187840
26.298227 0.184110 0.187654
26.309093 0.175421 0.187527
26.319960 0.186067 0.187453
26.330826 0.184266 0.187429
26.341693 0.178317 0.187451
26.352559 0.176908 0.187516
26.363425 0.178552 0.187622
26.374292 0.172290 0.187766
26.385158 0.179256 0.187947
26.396025 0.181448 0.188164
26.406891 0.184031 0.188417
26.417758 0.190294 0.188703
26.428624 0.182622 0.189024
26.439490 0.174638 0.189379
26.450357 0.182935 0.189769
26.461223 0.184031 0.190195
26.472090 0.175421 0.190656
26.482956 0.178552 0.191154
26.493823 0.189824 0.191691
26.504689 0.184266 0.192269
26.515556 0.176517 0.192888
26.526422 0.179961 0.193553
26.537288 0.176517 0.194265
26.548155 0.181526 0.195027
26.559021 0.175734 0.195845
26.569888 0.181605 0.196721
26.580754 0.177691 0.197662
26.591621 0.181605 0.198674
26.602487 0.188650 0.199762
26.613354 0.185362 0.200935
26.624220 0.198200 0.202202
26.635086 0.190685 0.203572
26.645953 0.188102 0.205058
26.656819 0.186536 0.206670
26.667686 0.192485 0.208424
26.678552 0.197808 0.210335
26.689419 0.194286 0.212419
26.700285 0.203288 0.214694
26.711151 0.201331 0.217179
26.722018 0.211507 0.219896
26.732884 0.212916 0.222866
26.743751 0.212446 0.226111
26.754617 0.219726 0.229655
26.765484 0.224892 0.233520
26.776350 0.226849 0.237730
26.787217 0.230763 0.242308
26.798083 0.247593 0.247274
26.808949 0.253777 0.252647
26.819816 0.259178 0.258447
26.830682 0.263327 0.264685
26.841549 0.271703 0.271372
26.852415 0.288845 0.278512
26.863282 0.291115 0.286101
26.874148 0.295342 0.294128
26.885015 0.299804 0.302571
26.895881 0.309119 0.311393
26.906747 0.314912 0.320543
26.917614 0.322192 0.329953
26.928480 0.333933 0.339531
26.939347 0.323523 0.349166
26.950213 0.309902 0.358725
26.961080 0.328767 0.368056
26.971946 0.334012 0.376996
26.982813 0.328611 0.385377
26.993679 0.331898 0.393040
27.004545 0.324149 0.399849
27.015412 0.322192 0.405707
27.026278 0.325793 0.410563
27.037145 0.326732 0.414425
27.048011 0.342935 0.417359
27.058878 0.343170 0.419485
27.069744 0.336047 0.420968
27.080610 0.352877 0.422003
27.091477 0.345362 0.422800
27.102343 0.360470 0.423566
27.113210 0.361879 0.424498
27.124076 0.360391 0.425769
27.134943 0.367123 0.427525
27.145809 0.378004 0.429881
27.156676 0.386536 0.432927
27.167542 0.401722 0.436727
27.178408 0.412133 0.441330
27.189275 0.438043 0.446772
27.200141 0.436712 0.453087
27.211008 0.456438 0.460312
27.221874 0.472798 0.468490
27.232741 0.488063 0.477671
27.243607 0.518434 0.487909
27.254474 0.548180 0.499257
27.265340 0.546380 0.511756
27.276206 0.585832 0.525427
27.287073 0.606419 0.540264
27.297939 0.618865 0.556217
27.308806 0.659413 0.573191
27.319672 0.643992 0.591032
27.330539 0.656360 0.609527
27.341405 0.672642 0.628397
27.352271 0.677339 0.647298
27.363138 0.682661 0.665838
27.374004 0.687045 0.683580
27.384871 0.675695 0.700081
27.395737 0.664736 0.714916
27.406604 0.666223 0.727718
27.417470 0.672407 0.738215
27.428337 0.662701 0.746256
27.439203 0.652838 0.751825
27.450069 0.646341 0.755045
27.460936 0.643914 0.756161
27.471802 0.636869 0.755512
27.482669 0.633425 0.753497
27.493535 0.621292 0.750537
27.504402 0.632485 0.747039
27.515268 0.625284 0.743365
27.526134 0.648063 0.739810
27.537001 0.648376 0.736585
27.547867 0.651898 0.733810
27.558734 0.661840 0.731517
27.569600 0.675851 0.729654
27.580467 0.669511 0.728099
27.591333 0.690802 0.726674
27.602200 0.699883 0.725161
27.613066 0.704031 0.723316
27.623932 0.717260 0.720881
27.634799 0.712877 0.717596
27.645665 0.743092 0.713200
27.656532 0.743796 0.707449
27.667398 0.763679 0.700122
27.678265 0.771742 0.691040
27.689131 0.788963 0.680090
27.699998 0.795460 0.667237
27.710864 0.792798 0.652544
27.721730 0.807123 0.636167
27.732597 0.824031 0.618348
27.743463 0.810489 0.599392
27.754330 0.807906 0.579642
27.765196 0.790137 0.559451
27.776063 0.771507 0.539153
27.786929 0.738943 0.519056
27.797795 0.707397 0.499423
27.808662 0.665362 0.480470
27.819528 0.620352 0.462369
27.830395 0.576517 0.445252
27.841261 0.518356 0.429214
27.852128 0.474990 0.414319
27.862994 0.446027 0.400609
27.873861 0.409550 0.388102
27.884727 0.384579 0.376802
27.895593 0.362192 0.366700
27.906460 0.334951 0.357776
27.917326 0.320235 0.350000
27.928193 0.299726 0.343337
27.939059 0.294560 0.337745
27.949926 0.293307 0.333175
27.960792 0.296125 0.329574
27.971659 0.287593 0.326883
27.982525 0.303640 0.325037
27.993391 0.289393 0.323962
28.004258 0.290333 0.323581
28.015124 0.297926 0.323803
28.025991 0.295499 0.324531
28.036857 0.295577 0.325658
28.047724 0.296830 0.327068
28.058590 0.290646 0.328641
28.069457 0.293699 0.330255
28.080323 0.293933 0.331791
28.091189 0.300117 0.333144
28.102056 0.284540 0.334223
28.112922 0.293777 0.334963
28.123789 0.289315 0.335316
28.134655 0.283914 0.335260
28.145522 0.299961 0.334783
28.156388 0.293072 0.333887
28.167254 0.293777 0.332569
28.178121 0.295264 0.330826
28.188987 0.291272 0.328647
28.199854 0.292681 0.326015
28.210720 0.299100 0.322914
28.221587 0.296595 0.319332
28.232453 0.293229 0.315271
28.243320 0.304658 0.310753
28.254186 0.301918 0.305816
28.265052 0.313973 0.300521
28.275919 0.307397 0.294943
28.286785 0.303718 0.289166
28.297652 0.312407 0.283276
28.308518 0.306849 0.277358
28.319385 0.320391 0.271485
28.330251 0.317417 0.265723
28.341118 0.319139 0.260124
28.351984 0.319139 0.254730
28.362850 0.323444 0.249571
28.373717 0.313659 0.244667
28.384583 0.314129 0.240031
28.395450 0.311155 0.235669
28.406316 0.292524 0.231582
28.417183 0.287202 0.227765
28.428049 0.283209 0.224212
28.438915 0.273190 0.220915
28.449782 0.266067 0.217862
28.460648 0.251429 0.215040
28.471515 0.240235 0.212437
28.482381 0.232564 0.210039
28.493248 0.224579 0.207832
28.504114 0.215186 0.205801
28.514981 0.212681 0.203935
28.525847 0.203757 0.202218
28.536713 0.200861 0.200639
28.547580 0.197886 0.199185
28.558446 0.187006 0.197846
28.569313 0.190450 0.196609
28.580179 0.196791 0.195466
28.591046 0.193033 0.194407
28.601912 0.186771 0.193424
28.612778 0.186380 0.192509
28.623645 0.188258 0.191657
28.634511 0.186458 0.190859
28.645378 0.187241 0.190112
28.656244 0.183014 0.189411
28.667111 0.184892 0.188750
28.677977 0.185127 0.188126
28.688844 0.175029 0.187537
28.699710 0.185519 0.186978
28.710576 0.189980 0.186448
28.721443 0.187789 0.185943
28.732309 0.185597 0.185463
28.743176 0.183562 0.185005
28.754042 0.188493 0.184567
28.764909 0.188806 0.184149
28.775775 0.187476 0.183748
28.786642 0.189432 0.183365
28.797508 0.190215 0.182997
28.808374 0.181292 0.182644
28.819241 0.181213 0.182304
28.830107 0.182857 0.181978
28.840974 0.182153 0.181665
28.851840 0.178865 0.181363
28.862707 0.181918 0.181073
28.873573 0.184892 0.180793
28.884439 0.174090 0.180523
28.895306 0.182857 0.180263
28.906172 0.185675 0.180012
28.917039 0.184971 0.179770
28.927905 0.185988 0.179537
28.938772 0.177065 0.179311
28.949638 0.184736 0.179093
28.960505 0.185910 0.178882
28.971371 0.190137 0.178678
28.982237 0.182857 0.178481
28.993104 0.185832 0.178291
29.003970 0.182074 0.178106
29.014837 0.180039 0.177928
29.025703 0.187945 0.177755
29.036570 0.176282 0.177588
29.047436 0.179335 0.177426
29.058303 0.185519 0.177268
29.069169 0.187945 0.177116
29.080035 0.186145 0.176969
29.090902 0.182857 0.176826
29.101768 0.179648 0.176687
29.112635 0.184501 0.176552
29.123501 0.184892 0.176422
29.134368 0.177378 0.176295
29.145234 0.185597 0.176172
29.156101 0.178708 0.176053
29.166967 0.180431 0.175937
29.177833 0.172524 0.175825
29.188700 0.185049 0.175716
29.199566 0.190215 0.175610
29.210433 0.187397 0.175507
29.221299 0.185753 0.175407
29.232166 0.181057 0.175310
29.243032 0.179569 0.175216
29.253898 0.181370 0.175124
29.264765 0.181761 0.175035
29.275631 0.178160 0.174949
29.286498 0.179022 0.174865
29.297364 0.176438 0.174783
29.308231 0.181213 0.174704
29.319097 0.180509 0.174627
29.329964 0.174090 0.174552
29.340830 0.179883 0.174479
29.351696 0.184579 0.174408
29.362563 0.180978 0.174340
29.373429 0.180431 0.174273
29.384296 0.178708 0.174208
29.395162 0.180274 0.174145
29.406029 0.179883 0.174084
29.416895 0.176125 0.174024
29.427762 0.176908 0.173966
29.438628 0.177378 0.173910
29.449494 0.186380 0.173855
29.460361 0.179335 0.173802
29.471227 0.186849 0.173751
29.482094 0.182935 0.173701
29.492960 0.180039 0.173652
29.503827 0.185127 0.173605
29.514693 0.176438 0.173559
29.525559 0.184110 0.173515
29.536426 0.184031 0.173472
29.547292 0.188258 0.173430
29.558159 0.188728 0.173389
29.569025 0.181370 0.173350
29.579892 0.179100 0.173311
29.590758 0.186928 0.173274
29.601625 0.181761 0.173238
29.612491 0.186536 0.173204
29.623357 0.184423 0.173170
29.634224 0.179883 0.173137
29.645090 0.185127 0.173106
29.655957 0.184423 0.173075
29.666823 0.176517 0.173045
29.677690 0.179335 0.173017
29.688556 0.185519 0.172989
29.699422 0.180117 0.172962
29.710289 0.182309 0.172937
29.721155 0.183014 0.172912
29.732022 0.187476 0.172888
29.742888 0.176830 0.172864
29.753755 0.184814 0.172842
29.764621 0.184344 0.172820
29.775488 0.181292 0.172800
29.786354 0.183170 0.172780
29.797220 0.188963 0.172761
29.808087 0.179256 0.172742
29.818953 0.183405 0.172725
29.829820 0.183327 0.172708
29.840686 0.183405 0.172692
29.851553 0.182466 0.172676
29.862419 0.178317 0.172661
29.873286 0.184814 0.172647
29.884152 0.179413 0.172634
29.895018 0.188650 0.172621
29.905885 0.185988 0.172609
29.916751 0.188493 0.172597
29.927618 0.184110 0.172587
29.938484 0.180039 0.172576
29.949351 0.180509 0.172567
29.960217 0.190137 0.172558
29.971083 0.190450 0.172549
29.981950 0.181292 0.172541
29.992816 0.188102 0.172534
30.003683 0.187006 0.172528
30.014549 0.181057 0.172521
30.025416 0.188885 0.172516
30.036282 0.174560 0.172511
30.047149 0.181605 0.172506
30.058015 0.183640 0.172502
30.068881 0.182309 0.172499
30.079748 0.186458 0.172496
30.090614 0.185597 0.172493
30.101481 0.186771 0.172491
30.112347 0.189511 0.172490
30.123214 0.187476 0.172489
30.134080 0.179178 0.172488
30.144947 0.188571 0.172488
30.155813 0.188885 0.172488
30.166679 0.185597 0.172489
30.177546 0.185832 0.172490
30.188412 0.196399 0.172492
30.199279 0.189980 0.172494
30.210145 0.193503 0.172497
30.221012 0.185910 0.172500
30.231878 0.189824 0.172503
30.242745 0.184579 0.172507
30.253611 0.193659 0.172512
30.264477 0.188258 0.172516
30.275344 0.187476 0.172522
30.286210 0.193268 0.172527
30.297077 0.184266 0.172533
30.307943 0.185597 0.172540
30.318810 0.189432 0.172546
30.329676 0.185440 0.172553
30.340542 0.182074 0.172561
30.351409 0.189824 0.172569
30.362275 0.187710 0.172577
30.373142 0.186536 0.172586
30.384008 0.186614 0.172595
30.394875 0.188180 0.172605
30.405741 0.188023 0.172614
30.416608 0.193894 0.172625
30.427474 0.188493 0.172635
30.438340 0.184344 0.172646
30.449207 0.189746 0.172658
30.460073 0.184892 0.172669
30.470940 0.186849 0.172681
30.481806 0.186771 0.172694
30.492673 0.184892 0.172707
30.503539 0.179804 0.172720
30.514406 0.186223 0.172733
30.525272 0.187789 0.172747
30.536138 0.187162 0.172761
30.547005 0.183875 0.172776
30.557871 0.182701 0.172791
30.568738 0.182779 0.172806
30.579604 0.187162 0.172822
30.590471 0.181918 0.172838
30.601337 0.183483 0.172854
30.612203 0.184736 0.172871
30.623070 0.190763 0.172888
30.633936 0.185362 0.172906
30.644803 0.188728 0.172923
30.655669 0.186223 0.172941
30.666536 0.181448 0.172960
30.677402 0.184971 0.172979
30.688269 0.184031 0.172998
30.699135 0.183640 0.173018
30.710001 0.190215 0.173037
30.720868 0.187084 0.173058
30.731734 0.179413 0.173078
30.742601 0.181448 0.173099
30.753467 0.175342 0.173121
30.764334 0.185753 0.173142
30.775200 0.181292 0.173164
30.786066 0.182935 0.173187
30.796933 0.177926 0.173210
30.807799 0.183249 0.173233
30.818666 0.190215 0.173256
30.829532 0.183875 0.173280
30.840399 0.181448 0.173305
30.851265 0.183796 0.173329
30.862132 0.184736 0.173354
30.872998 0.187789 0.173380
30.883864 0.181996 0.173406
30.894731 0.184814 0.173432
30.905597 0.185284 0.173458
30.916464 0.179491 0.173485
30.927330 0.180039 0.173513
30.938197 0.176830 0.173541
30.949063 0.184110 0.173569
30.959930 0.177613 0.173597
30.970796 0.177613 0.173626
30.981662 0.185284 0.173656
30.992529 0.182074 0.173686
31.003395 0.177769 0.173716
31.014262 0.187084 0.173747
31.025128 0.180587 0.173778
31.035995 0.183405 0.173809
31.046861 0.183092 0.173841
31.057727 0.182387 0.173874
31.068594 0.177221 0.173907
31.079460 0.175029 0.173940
31.090327 0.190920 0.173974
31.101193 0.176595 0.174009
31.112060 0.186771 0.174043
31.122926 0.175264 0.174079
31.133793 0.183483 0.174114
31.144659 0.184658 0.174151
31.155525 0.178552 0.174188
31.166392 0.192094 0.174225
31.177258 0.183483 0.174263
31.188125 0.182544 0.174301
31.198991 0.178787 0.174340
31.209858 0.184188 0.174380
31.220724 0.180431 0.174420
31.231591 0.178004 0.174460
31.242457 0.179569 0.174501
31.253323 0.188337 0.174543
31.264190 0.179491 0.174586
31.275056 0.185362 0.174629
31.285923 0.171350 0.174672
31.296789 0.180744 0.174717
31.307656 0.185832 0.174761
31.318522 0.182857 0.174807
31.329389 0.180900 0.174853
31.340255 0.177456 0.174900
31.351121 0.177143 0.174948
31.361988 0.185362 0.174996
31.372854 0.179256 0.175045
31.383721 0.181213 0.175095
31.394587 0.184814 0.175145
31.405454 0.178082 0.175197
31.416320 0.186145 0.175249
31.427186 0.180665 0.175302
31.438053 0.170411 0.175355
31.448919 0.188180 0.175410
31.459786 0.179648 0.175465
31.470652 0.175812 0.175522
31.481519 0.182701 0.175579
31.492385 0.186301 0.175637
31.503252 0.178082 0.175696
31.514118 0.179256 0.175756
31.524984 0.181135 0.175817
31.535851 0.182387 0.175879
31.546717 0.187162 0.175943
31.557584 0.175969 0.176007
31.568450 0.186693 0.176072
31.579317 0.187319 0.176139
31.590183 0.190294 0.176206
31.601050 0.182544 0.176275
31.611916 0.180587 0.176345
31.622782 0.178082 0.176416
31.633649 0.179726 0.176489
31.644515 0.181292 0.176563
31.655382 0.179491 0.176638
31.666248 0.183640 0.176715
31.677115 0.186771 0.176793
31.687981 0.179256 0.176873
31.698847 0.186301 0.176954
31.709714 0.184344 0.177037
31.720580 0.183170 0.177121
31.731447 0.179491 0.177207
31.742313 0.184892 0.177295
31.753180 0.183875 0.177385
31.764046 0.188806 0.177477
31.774913 0.184501 0.177570
31.785779 0.183875 0.177666
31.796645 0.181213 0.177763
31.807512 0.185127 0.177863
31.818378 0.181448 0.177965
31.829245 0.177534 0.178069
31.840111 0.175577 0.178176
31.850978 0.178239 0.178285
31.861844 0.181526 0.178396
31.872710 0.181526 0.178511
31.883577 0.193346 0.178628
31.894443 0.186223 0.178748
31.905310 0.186223 0.178870
31.916176 0.183562 0.178996
31.927043 0.176517 0.179126
31.937909 0.182231 0.179258
31.948776 0.187789 0.179394
31.959642 0.183953 0.179534
31.970508 0.181057 0.179678
31.981375 0.186145 0.179825
31.992241 0.177691 0.179977
32.003108 0.181135 0.180134
32.013974 0.183562 0.180295
32.024841 0.183327 0.180460
32.035707 0.182779 0.180632
32.046574 0.180039 0.180808
32.057440 0.179883 0.180991
32.068306 0.190528 0.181179
32.079173 0.188415 0.181374
32.090039 0.182231 0.181577
32.100906 0.182701 0.181787
32.111772 0.180900 0.182005
32.122639 0.182544 0.182231
32.133505 0.184423 0.182468
32.144371 0.184814 0.182714
32.155238 0.183327 0.182972
32.166104 0.180744 0.183242
32.176971 0.185205 0.183525
32.187837 0.180431 0.183823
32.198704 0.178787 0.184136
32.209570 0.184658 0.184467
32.220437 0.177769 0.184817
32.231303 0.189119 0.185187
32.242169 0.185284 0.185581
32.253036 0.185753 0.185998
32.263902 0.186145 0.186443
32.274769 0.188102 0.186917
32.285635 0.187789 0.187422
32.296502 0.195616 0.187962
32.307368 0.189980 0.188538
32.318235 0.188023 0.189153
32.329101 0.190841 0.189810
32.339967 0.192407 0.190511
32.350834 0.191546 0.191259
32.361700 0.196712 0.192057
32.372567 0.196556 0.192906
32.383433 0.188571 0.193809
32.394300 0.200157 0.194767
32.405166 0.207750 0.195781
32.416033 0.196712 0.196852
32.426899 0.192955 0.197980
32.437765 0.203757 0.199164
32.448632 0.201879 0.200401
32.459498 0.205949 0.201688
32.470365 0.199061 0.203019
32.481231 0.206810 0.204387
32.492098 0.207984 0.205783
32.502964 0.208454 0.207194
32.513830 0.210568 0.208608
32.524697 0.214481 0.210009
32.535563 0.210802 0.211381
32.546430 0.210176 0.212709
32.557296 0.217847 0.213980
32.568163 0.211350 0.215184
32.579029 0.212290 0.216315
32.589896 0.196791 0.217374
32.600762 0.211194 0.218366
32.611628 0.201644 0.219301
32.622495 0.219256 0.220194
32.633361 0.209002 0.221059
32.644228 0.211585 0.221913
32.655094 0.215029 0.222770
32.665961 0.218160 0.223643
32.676827 0.212524 0.224541
32.687694 0.209941 0.225468
32.698560 0.218004 0.226426
32.709426 0.217221 0.227413
32.720293 0.213855 0.228425
32.731159 0.224423 0.229457
32.742026 0.222857 0.230508
32.752892 0.219648 0.231575
32.763759 0.229041 0.232663
32.774625 0.225440 0.233782
32.785491 0.227789 0.234945
32.796358 0.228728 0.236176
32.807224 0.241957 0.237499
32.818091 0.236947 0.238945
32.828957 0.234755 0.240546
32.839824 0.251194 0.242333
32.850690 0.247593 0.244341
32.861557 0.248689 0.246598
32.872423 0.261370 0.249134
32.883289 0.254325 0.251975
32.894156 0.268180 0.255146
32.905022 0.270372 0.258667
32.915889 0.267945 0.262556
32.926755 0.281800 0.266829
32.937622 0.286262 0.271497
32.948488 0.290489 0.276566
32.959354 0.298004 0.282038
32.970221 0.309511 0.287910
32.981087 0.311233 0.294170
32.991954 0.326027 0.300800
33.002820 0.332133 0.307771
33.013687 0.332916 0.315046
33.024553 0.355147 0.322580
33.035420 0.357260 0.330320
33.046286 0.370098 0.338207
33.057152 0.369315 0.346182
33.068019 0.379335 0.354189
33.078885 0.392720 0.362179
33.089752 0.394442 0.370114
33.100618 0.387476 0.377968
33.111485 0.413307 0.385727
33.122351 0.418317 0.393387
33.133218 0.434051 0.400950
33.144084 0.438826 0.408419
33.154950 0.449393 0.415795
33.165817 0.465362 0.423080
33.176683 0.464031 0.430277
33.187550 0.483757 0.437392
33.198416 0.504501 0.444443
33.209283 0.509511 0.451462
33.220149 0.521800 0.458495
33.231015 0.524618 0.465607
33.241882 0.526027 0.472869
33.252748 0.545205 0.480357
33.263615 0.541135 0.488137
33.274481 0.552016 0.496257
33.285348 0.566967 0.504737
33.296214 0.554599 0.513561
33.307081 0.574247 0.522670
33.317947 0.583718 0.531960
33.328813 0.590763 0.541282
33.339680 0.590372 0.550444
33.350546 0.597495 0.559221
33.361413 0.606810 0.567356
33.372279 0.613386 0.574580
33.383146 0.613855 0.580616
33.394012 0.602583 0.585197
33.404879 0.614951 0.588075
33.415745 0.596477 0.589034
33.426611 0.596477 0.587909
33.437478 0.588258 0.584594
33.448344 0.592720 0.579054
33.459211 0.582231 0.571336
33.470077 0.564697 0.561566
33.480944 0.548493 0.549943
33.491810 0.550372 0.536726
33.502676 0.525949 0.522213
33.513543 0.523757 0.506721
33.524409 0.525793 0.490564
33.535276 0.511859 0.474039
33.546142 0.493855 0.457413
33.557009 0.498082 0.440915
33.567875 0.480783 0.424734
33.578742 0.486888 0.409025
33.589608 0.477573 0.393904
33.600474 0.467476 0.379459
33.611341 0.466849 0.365748
33.622207 0.455108 0.352812
33.633074 0.430841 0.340671
33.643940 0.418630 0.329330
33.654807 0.399687 0.318786
33.665673 0.387867 0.309021
33.676540 0.352407 0.300016
33.687406 0.341840 0.291742
33.698272 0.327123 0.284168
33.709139 0.308023 0.277259
33.720005 0.295108 0.270979
33.730872 0.281487 0.265289
33.741738 0.266380 0.260154
33.752605 0.253777 0.255534
33.763471 0.246027 0.251394
33.774338 0.237573 0.247698
33.785204 0.229980 0.244413
33.796070 0.218787 0.241508
33.806937 0.218239 0.238952
33.817803 0.215342 0.236718
33.828670 0.215656 0.234780
33.839536 0.208063 0.233116
33.850403 0.206341 0.231703
33.861269 0.215186 0.230523
33.872135 0.214560 0.229557
33.883002 0.215969 0.228788
33.893868 0.212524 0.228201
33.904735 0.211820 0.227779
33.915601 0.216986 0.227508
33.926468 0.216438 0.227371
33.937334 0.214012 0.227352
33.948201 0.212603 0.227434
33.959067 0.218082 0.227595
33.969933 0.221057 0.227816
33.980800 0.214560 0.228073
33.991666 0.206575 0.228342
34.002533 0.215186 0.228598
34.013399 0.215421 0.228818
34.024266 0.210724 0.228981
34.035132 0.208454 0.229071
34.045998 0.210959 0.229077
34.056865 0.215812 0.228995
34.067731 0.212290 0.228828
34.078598 0.218630 0.228584
34.089464 0.211037 0.228278
34.100331 0.219022 0.227926
34.111197 0.221135 0.227545
34.122064 0.214481 0.227152
34.132930 0.222701 0.226759
34.143796 0.220587 0.226376
34.154663 0.219648 0.226008
34.165529 0.228571 0.225653
34.176396 0.224110 0.225306
34.187262 0.217299 0.224955
34.198129 0.222074 0.224586
34.208995 0.214638 0.224180
34.219862 0.223718 0.223717
34.230728 0.218160 0.223179
34.241594 0.214716 0.222548
34.252461 0.218708 0.221813
34.263327 0.219961 0.220967
34.274194 0.218317 0.220011
34.285060 0.217613 0.218950
34.295927 0.220978 0.217799
34.306793 0.218317 0.216573
34.317659 0.216673 0.215293
34.328526 0.229354 0.213979
34.339392 0.215577 0.212650
34.350259 0.218943 0.211324
34.361125 0.216282 0.210017
34.371992 0.208689 0.208743
34.382858 0.209706 0.207511
34.393725 0.212133 0.206329
34.404591 0.208454 0.205204
34.415457 0.201487 0.204139
34.426324 0.201252 0.203137
34.437190 0.208063 0.202199
34.448057 0.200391 0.201325
34.458923 0.194364 0.200515
34.469790 0.193659 0.199769
34.480656 0.187945 0.199084
34.491523 0.192720 0.198458
34.502389 0.189667 0.197890
34.513255 0.189980 0.197377
34.524122 0.191781 0.196917
34.534988 0.183875 0.196507
34.545855 0.183718 0.196145
34.556721 0.192720 0.195829
34.567588 0.192094 0.195555
34.578454 0.194834 0.195323
34.589320 0.192720 0.195129
34.600187 0.189041 0.194972
34.611053 0.191937 0.194851
34.621920 0.188728 0.194763
34.632786 0.189589 0.194709
34.643653 0.193425 0.194686
34.654519 0.182074 0.194694
34.665386 0.187632 0.194734
34.676252 0.187319 0.194804
34.687118 0.185597 0.194906
34.697985 0.184501 0.195040
34.708851 0.186928 0.195206
34.719718 0.195303 0.195408
34.730584 0.186614 0.195645
34.741451 0.191781 0.195922
34.752317 0.192329 0.196239
34.763184 0.187710 0.196602
34.774050 0.187084 0.197012
34.784916 0.188728 0.197475
34.795783 0.188885 0.197994
34.806649 0.195460 0.198575
34.817516 0.188885 0.199225
34.828382 0.194834 0.199947
34.839249 0.193894 0.200750
34.850115 0.196477 0.201639
34.860982 0.198278 0.202623
34.871848 0.193894 0.203708
34.882714 0.209941 0.204903
34.893581 0.203053 0.206215
34.904447 0.202427 0.207653
34.915314 0.201174 0.209223
34.926180 0.209315 0.210934
34.937047 0.211977 0.212793
34.947913 0.216047 0.214805
34.958779 0.225832 0.216977
34.969646 0.220274 0.219312
34.980512 0.230215 0.221813
34.991379 0.231233 0.224480
35.002245 0.233033 0.227311
35.013112 0.235147 0.230299
35.023978 0.238121 0.233436
35.034845 0.244462 0.236707
35.045711 0.244227 0.240090
35.056577 0.247828 0.243559
35.067444 0.247358 0.247081
35.078310 0.250333 0.250615
35.089177 0.248297 0.254115
35.100043 0.256595 0.257528
35.110910 0.254716 0.260803
35.121776 0.254716 0.263885
35.132643 0.253855 0.266727
35.143509 0.259100 0.269287
35.154375 0.249785 0.271536
35.165242 0.256830 0.273454
35.176108 0.246810 0.275034
35.186975 0.255812 0.276278
35.197841 0.256125 0.277195
35.208708 0.265205 0.277797
35.219574 0.260665 0.278096
35.230440 0.270763 0.278103
35.241307 0.267554 0.277830
35.252173 0.277417 0.277287
35.263040 0.272094 0.276488
35.273906 0.275538 0.275448
35.284773 0.288532 0.274193
35.295639 0.276477 0.272754
35.306506 0.276712 0.271168
35.317372 0.279687 0.269476
35.328238 0.286419 0.267722
35.339105 0.307162 0.265948
35.349971 0.288845 0.264196
35.360838 0.302153 0.262498
35.371704 0.310841 0.260885
35.382571 0.311468 0.259380
35.393437 0.298004 0.258002
35.404303 0.317339 0.256765
35.415170 0.308963 0.255677
35.426036 0.301370 0.254744
35.436903 0.306928 0.253968
35.447769 0.302466 0.253344
35.458636 0.290568 0.252864
35.469502 0.287593 0.252513
35.480369 0.282505 0.252271
35.491235 0.278200 0.252114
35.502101 0.272798 0.252014
35.512968 0.261761 0.251942
35.523834 0.260274 0.251867
35.534701 0.251037 0.251764
35.545567 0.246732 0.251612
35.556434 0.239530 0.251396
35.567300 0.249393 0.251109
35.578167 0.235695 0.250748
35.589033 0.231859 0.250317
35.599899 0.243757 0.249820
35.610766 0.231546 0.249263
35.621632 0.234129 0.248647
35.632499 0.234990 0.247971
35.643365 0.229902 0.247226
35.654232 0.233346 0.246403
35.665098 0.238043 0.245488
35.675964 0.232955 0.244469
35.686831 0.241879 0.243332
35.697697 0.237339 0.242074
35.708564 0.237886 0.240693
35.719430 0.231389 0.239199
35.730297 0.240313 0.237606
35.741163 0.254560 0.235938
35.752030 0.241722 0.234222
35.762896 0.246262 0.232487
35.773762 0.243053 0.230763
35.784629 0.241096 0.229080
35.795495 0.243209 0.227463
35.806362 0.244775 0.225936
35.817228 0.236321 0.224520
35.828095 0.241096 0.223230
35.838961 0.228337 0.222080
35.849828 0.233033 0.221082
35.860694 0.234755 0.220242
35.871560 0.231233 0.219568
35.882427 0.230137 0.219063
35.893293 0.231937 0.218731
35.904160 0.228650 0.218574
35.915026 0.225362 0.218591
35.925893 0.223640 0.218782
35.936759 0.226301 0.219144
35.947626 0.222779 0.219675
35.958492 0.216125 0.220369
35.969358 0.224892 0.221220
35.980225 0.214873 0.222219
35.991091 0.222231 0.223355
36.001958 0.215812 0.224614
36.012824 0.209863 0.225981
36.023691 0.211585 0.227433
36.034557 0.216204 0.228945
36.045423 0.218317 0.230488
36.056290 0.216125 0.232026
36.067156 0.221840 0.233519
36.078023 0.227397 0.234922
36.088889 0.217847 0.236187
36.099756 0.214716 0.237266
36.110622 0.226145 0.238114
36.121489 0.218395 0.238691
36.132355 0.231859 0.238966
36.143221 0.220587 0.238921
36.154088 0.219256 0.238553
36.164954 0.222466 0.237872
36.175821 0.231624 0.236902
36.186687 0.221370 0.235676
36.197554 0.233346 0.234236
36.208420 0.225675 0.232627
36.219287 0.226067 0.230894
36.230153 0.228963 0.229079
36.241019 0.227006 0.227220
36.251886 0.235147 0.225352
36.262752 0.235538 0.223502
36.273619 0.231624 0.221693
36.284485 0.226380 0.219943
36.295352 0.224579 0.218267
36.306218 0.228337 0.216674
36.317084 0.220744 0.215173
36.327951 0.219100 0.213767
36.338817 0.212916 0.212460
36.349684 0.211663 0.211252
36.360550 0.214716 0.210144
36.371417 0.194207 0.209134
36.382283 0.199452 0.208221
36.393150 0.196947 0.207400
36.404016 0.196321 0.206669
36.414882 0.200235 0.206025
36.425749 0.199687 0.205462
36.436615 0.191624 0.204977
36.447482 0.191781 0.204566
36.458348 0.191937 0.204224
36.469215 0.193112 0.203947
36.480081 0.184188 0.203732
36.490947 0.191859 0.203574
36.501814 0.192094 0.203469
36.512680 0.184188 0.203416
36.523547 0.182074 0.203410
36.534413 0.189354 0.203450
36.545280 0.192955 0.203533
36.556146 0.196947 0.203656
36.567013 0.189824 0.203820
36.577879 0.187319 0.204021
36.588745 0.200235 0.204260
36.599612 0.190920 0.204536
36.610478 0.194521 0.204849
36.621345 0.193268 0.205198
36.632211 0.186145 0.205585
36.643078 0.198982 0.206010
36.653944 0.189667 0.206474
36.664811 0.191546 0.206978
36.675677 0.193033 0.207524
36.686543 0.194755 0.208114
36.697410 0.193581 0.208750
36.708276 0.196477 0.209435
36.719143 0.197339 0.210171
36.730009 0.198748 0.210962
36.740876 0.191155 0.211811
36.751742 0.195695 0.212721
36.762608 0.192407 0.213696
36.773475 0.199843 0.214741
36.784341 0.194677 0.215860
36.795208 0.203444 0.217057
36.806074 0.193346 0.218338
36.816941 0.196243 0.219708
36.827807 0.202505 0.221171
36.838674 0.207671 0.222733
36.849540 0.201018 0.224401
36.860406 0.208532 0.226180
36.871273 0.214325 0.228077
36.882139 0.207202 0.230097
36.893006 0.212681 0.232248
36.903872 0.217221 0.234535
36.914739 0.221370 0.236966
36.925605 0.228806 0.239546
36.936472 0.217926 0.242283
36.947338 0.227084 0.245182
36.958204 0.220744 0.248250
36.969071 0.227397 0.251493
36.979937 0.234051 0.254918
36.990804 0.230607 0.258532
37.001670 0.236634 0.262342
37.012537 0.241409 0.266361
37.023403 0.235303 0.270601
37.034270 0.246341 0.275079
37.045136 0.246967 0.279817
37.056002 0.254403 0.284844
37.066869 0.261135 0.290193
37.077735 0.273425 0.295904
37.088602 0.293777 0.302026
37.099468 0.288297 0.308610
37.110335 0.291115 0.315714
37.121201 0.306536 0.323401
37.132067 0.317417 0.331733
37.142934 0.327750 0.340773
37.153800 0.344344 0.350581
37.164667 0.357104 0.361212
37.175533 0.380978 0.372715
37.186400 0.391937 0.385128
37.197266 0.400783 0.398480
37.208133 0.410176 0.412786
37.218999 0.432642 0.428048
37.229865 0.451898 0.444248
37.240732 0.464892 0.461355
37.251598 0.488924 0.479313
37.262465 0.472642 0.498044
37.273331 0.487123 0.517438
37.284198 0.504110 0.537354
37.295064 0.515147 0.557610
37.305931 0.521331 0.577976
37.316797 0.521879 0.598171
37.327663 0.533229 0.617859
37.338530 0.535108 0.636652
37.349396 0.543640 0.654112
37.360263 0.535734 0.669772
37.371129 0.546771 0.683156
37.381996 0.544110 0.693811
37.392862 0.542231 0.701345
37.403728 0.553112 0.705460
37.414595 0.557730 0.705989
37.425461 0.562975 0.702906
37.436328 0.573307 0.696339
37.447194 0.566027 0.686553
37.458061 0.586380 0.673922
37.468927 0.588963 0.658898
37.479794 0.587632 0.641972
37.490660 0.597104 0.623640
37.501526 0.602505 0.604373
37.512393 0.620196 0.584598
37.523259 0.631468 0.564692
37.534126 0.633581 0.544972
37.544992 0.649159 0.525696
37.555859 0.670685 0.507072
37.566725 0.667084 0.489258
37.577591 0.681800 0.472374
37.588458 0.683757 0.456499
37.599324 0.670137 0.441686
37.610191 0.674677 0.427963
37.621057 0.664031 0.415334
37.631924 0.649237 0.403784
37.642790 0.633425 0.393280
37.653657 0.619648 0.383777
37.664523 0.590059 0.375214
37.675389 0.566888 0.367517
37.686256 0.556164 0.360604
37.697122 0.525871 0.354384
37.707989 0.497534 0.348762
37.718855 0.476947 0.343642
37.729722 0.452759 0.338930
37.740588 0.448141 0.334539
37.751455 0.428571 0.330394
37.762321 0.404149 0.326435
37.773187 0.388180 0.322614
37.784054 0.366967 0.318904
37.794920 0.357808 0.315286
37.805787 0.351155 0.311757
37.816653 0.336204 0.308321
37.827520 0.331977 0.304983
37.838386 0.317260 0.301753
37.849252 0.308806 0.298634
37.860119 0.312016 0.295627
37.870985 0.314834 0.292726
37.881852 0.305832 0.289920
37.892718 0.305440 0.287188
37.903585 0.299648 0.284507
37.914451 0.306614 0.281850
37.925318 0.302701 0.279188
37.936184 0.301135 0.276496
37.947050 0.305910 0.273750
37.957917 0.296360 0.270938
37.968783 0.301213 0.268051
37.979650 0.290802 0.265093
37.990516 0.271781 0.262074
38.001383 0.282740 0.259014
38.012249 0.267945 0.255933
38.023116 0.262309 0.252858
38.033982 0.257221 0.249812
38.044848 0.251977 0.246820
38.055715 0.243914 0.243900
38.066581 0.240157 0.241071
38.077448 0.228415 0.238344
38.088314 0.231389 0.235730
38.099181 0.225675 0.233234
38.110047 0.211585 0.230859
38.120914 0.213151 0.228606
38.131780 0.206106 0.226474
38.142646 0.208767 0.224459
38.153513 0.201722 0.222557
38.164379 0.198826 0.220763
38.175246 0.200157 0.219073
38.186112 0.196399 0.217481
38.196979 0.192564 0.215981
38.207845 0.203053 0.214570
38.218711 0.197025 0.213241
38.229578 0.188885 0.211991
38.240444 0.197182 0.210815
38.251311 0.190763 0.209709
38.262177 0.197886 0.208670
38.273044 0.189667 0.207693
38.283910 0.186067 0.206776
38.294777 0.190137 0.205913
38.305643 0.190841 0.205103
38.316509 0.188258 0.204342
38.327376 0.200939 0.203625
38.338242 0.193033 0.202951
38.349109 0.189354 0.202316
38.359975 0.200861 0.201718
38.370842 0.189746 0.201153
38.381708 0.188806 0.200619
38.392575 0.191937 0.200114
38.403441 0.193581 0.199637
38.414307 0.187162 0.199184
38.425174 0.192407 0.198754
38.436040 0.192016 0.198346
38.446907 0.197025 0.197958
38.457773 0.187554 0.197589
38.468640 0.185832 0.197237
38.479506 0.188023 0.196901
38.490372 0.192329 0.196581
38.501239 0.186223 0.196275
38.512105 0.189198 0.195982
38.522972 0.189041 0.195702
38.533838 0.187632 0.195433
38.544705 0.191781 0.195176
38.555571 0.189198 0.194929
38.566438 0.186849 0.194692
38.577304 0.187945 0.194464
38.588170 0.188728 0.194246
38.599037 0.185519 0.194035
38.609903 0.197573 0.193833
38.620770 0.182074 0.193638
38.631636 0.190294 0.193451
38.642503 0.186614 0.193270
38.653369 0.195930 0.193096
38.664235 0.188102 0.192928
38.675102 0.187476 0.192766
38.685968 0.190685 0.192610
38.696835 0.187241 0.192459
38.707701 0.190294 0.192313
38.718568 0.189511 0.192173
38.729434 0.189198 0.192037
38.740301 0.192016 0.191906
38.751167 0.190685 0.191780
38.762033 0.192094 0.191657
38.772900 0.187867 0.191539
38.783766 0.191703 0.191425
38.794633 0.196791 0.191315
38.805499 0.187397 0.191208
38.816366 0.187867 0.191105
38.827232 0.184814 0.191005
38.838099 0.195695 0.190909
38.848965 0.196399 0.190816
38.859831 0.191624 0.190726
38.870698 0.181840 0.190640
38.881564 0.189667 0.190556
38.892431 0.183483 0.190475
38.903297 0.189276 0.190397
38.914164 0.189980 0.190321
38.925030 0.186458 0.190249
38.935896 0.188963 0.190178
38.946763 0.197417 0.190111
38.957629 0.184423 0.190045
38.968496 0.184736 0.189982
38.979362 0.193112 0.189922
38.990229 0.187789 0.189863
39.001095 0.188806 0.189807
39.011962 0.194207 0.189753
39.022828 0.184266 0.189701
39.033694 0.196791 0.189651
39.044561 0.186223 0.189603
39.055427 0.181292 0.189557
39.066294 0.184110 0.189513
39.077160 0.193112 0.189471
39.088027 0.193816 0.189431
39.098893 0.183249 0.189392
39.109760 0.192172 0.189356
39.120626 0.185988 0.189321
39.131492 0.184971 0.189288
39.142359 0.193816 0.189257
39.153225 0.197808 0.189227
39.164092 0.188102 0.189199
39.174958 0.191155 0.189173
39.185825 0.196556 0.189149
39.196691 0.189589 0.189126
39.207558 0.191937 0.189104
39.218424 0.192094 0.189085
39.229290 0.195538 0.189067
39.240157 0.185440 0.189050
39.251023 0.191076 0.189036
39.261890 0.191311 0.189022
39.272756 0.189902 0.189011
39.283623 0.182622 0.189001
39.294489 0.185205 0.188993
39.305355 0.193112 0.188986
39.316222 0.188337 0.188981
39.327088 0.184658 0.188978
39.337955 0.198591 0.188976
39.348821 0.179100 0.188976
39.359688 0.186067 0.188978
39.370554 0.191546 0.188981
39.381421 0.193425 0.188986
39.392287 0.186614 0.188993
39.403153 0.188493 0.189002
39.414020 0.192564 0.189013
39.424886 0.185910 0.189026
39.435753 0.181918 0.189040
39.446619 0.185049 0.189057
39.457486 0.189354 0.189075
39.468352 0.187319 0.189096
39.479219 0.189667 0.189119
39.490085 0.189824 0.189144
39.500951 0.190998 0.189172
39.511818 0.189667 0.189202
39.522684 0.197886 0.189235
39.533551 0.189432 0.189270
39.544417 0.192955 0.189308
39.555284 0.194755 0.189349
39.566150 0.189276 0.189393
39.577016 0.193659 0.189440
39.587883 0.187319 0.189491
39.598749 0.191233 0.189545
39.609616 0.186067 0.189604
39.620482 0.192485 0.189666
39.631349 0.195382 0.189733
39.642215 0.187945 0.189805
39.653082 0.185910 0.189882
39.663948 0.195303 0.189965
39.674814 0.188493 0.190055
39.685681 0.182309 0.190151
39.696547 0.190528 0.190254
39.707414 0.188571 0.190366
39.718280 0.181605 0.190487
39.729147 0.194834 0.190618
39.740013 0.188337 0.190760
39.750879 0.188728 0.190914
39.761746 0.185049 0.191081
39.772612 0.186693 0.191264
39.783479 0.184814 0.191462
39.794345 0.184658 0.191678
39.805212 0.194677 0.191914
39.816078 0.194677 0.192171
39.826945 0.186067 0.192451
39.837811 0.189198 0.192756
39.848677 0.187006 0.193089
39.859544 0.186380 0.193450
39.870410 0.186849 0.193844
39.881277 0.186458 0.194270
39.892143 0.194755 0.194732
39.903010 0.196556 0.195232
39.913876 0.198121 0.195772
39.924743 0.196243 0.196353
39.935609 0.196243 0.196976
39.946475 0.198278 0.197644
39.957342 0.195695 0.198358
39.968208 0.195460 0.199117
39.979075 0.200391 0.199922
39.989941 0.196086 0.200771
40.000808 0.202661 0.201665
40.011674 0.204932 0.202599
40.022540 0.206732 0.203570
40.033407 0.209159 0.204573
40.044273 0.205871 0.205600
40.055140 0.207045 0.206643
40.066006 0.203366 0.207691
40.076873 0.206027 0.208731
40.087739 0.213307 0.209747
40.098606 0.212994 0.210725
40.109472 0.209706 0.211649
40.120338 0.216282 0.212502
40.131205 0.203601 0.213270
40.142071 0.214481 0.213945
40.152938 0.201957 0.214518
40.163804 0.214168 0.214988
40.174671 0.213542 0.215360
40.185537 0.208767 0.215640
40.196404 0.217691 0.215842
40.207270 0.203757 0.215979
40.218136 0.207906 0.216067
40.229003 0.211898 0.216122
40.239869 0.207358 0.216156
40.250736 0.212133 0.216181
40.261602 0.212211 0.216204
40.272469 0.222622 0.216228
40.283335 0.212290 0.216254
40.294201 0.221683 0.216278
40.305068 0.212838 0.216291
40.315934 0.212759 0.216282
40.326801 0.224892 0.216239
40.337667 0.218160 0.216147
40.348534 0.225519 0.215993
40.359400 0.218395 0.215763
40.370267 0.220744 0.215449
40.381133 0.224031 0.215045
40.391999 0.221605 0.214550
40.402866 0.226536 0.213967
40.413732 0.222701 0.213306
40.424599 0.218082 0.212576
40.435465 0.222544 0.211791
40.446332 0.223405 0.210967
40.457198 0.211585 0.210115
40.468065 0.214951 0.209250
40.478931 0.215577 0.208383
40.489797 0.216204 0.207524
40.500664 0.217691 0.206680
40.511530 0.205166 0.205856
40.522397 0.208689 0.205059
40.533263 0.200705 0.204292
40.544130 0.202348 0.203557
40.554996 0.212524 0.202857
40.565863 0.195930 0.202194
40.576729 0.202427 0.201569
40.587595 0.201174 0.200986
40.598462 0.195460 0.200443
40.609328 0.191859 0.199943
40.620195 0.193425 0.199486
40.631061 0.189980 0.199072
40.641928 0.190607 0.198700
40.652794 0.186223 0.198371
40.663660 0.197886 0.198083
40.674527 0.196243 0.197833
40.685393 0.191311 0.197622
40.696260 0.197573 0.197445
40.707126 0.190763 0.197302
40.717993 0.197495 0.197188
40.728859 0.197730 0.197101
40.739726 0.192094 0.197037
40.750592 0.198748 0.196993
40.761458 0.195147 0.196965
40.772325 0.188415 0.196948
40.783191 0.196477 0.196940
40.794058 0.194442 0.196936
40.804924 0.193112 0.196934
40.815791 0.188650 0.196931
40.826657 0.193894 0.196924
40.837523 0.188885 0.196914
40.848390 0.194207 0.196898
40.859256 0.198121 0.196876
40.870123 0.192016 0.196849
40.880989 0.195851 0.196816
40.891856 0.191076 0.196776
40.902722 0.196947 0.196729
40.913589 0.197573 0.196676
40.924455 0.196399 0.196616
40.935321 0.202192 0.196547
40.946188 0.197965 0.196472
40.957054 0.191546 0.196389
40.967921 0.191546 0.196299
40.978787 0.200470 0.196204
40.989654 0.196086 0.196106
41.000520 0.195538 0.196007
41.011387 0.193190 0.195908
41.022253 0.195147 0.195812
41.033119 0.195930 0.195721
41.043986 0.188806 0.195638
41.054852 0.200470 0.195564
41.065719 0.190294 0.195501
41.076585 0.191859 0.195450
41.087452 0.201800 0.195414
41.098318 0.194364 0.195392
41.109184 0.196243 0.195387
41.120051 0.188728 0.195398
41.130917 0.190215 0.195428
41.141784 0.190841 0.195477
41.152650 0.191624 0.195545
41.163517 0.194755 0.195635
41.174383 0.191624 0.195745
41.185250 0.192329 0.195879
41.196116 0.185519 0.196036
41.206982 0.182544 0.196218
41.217849 0.194990 0.196426
41.228715 0.198278 0.196661
41.239582 0.184344 0.196924
41.250448 0.192407 0.197217
41.261315 0.189667 0.197540
41.272181 0.192955 0.197896
41.283048 0.196243 0.198285
41.293914 0.194286 0.198708
41.304780 0.195068 0.199167
41.315647 0.193425 0.199662
41.326513 0.190059 0.200195
41.337380 0.195382 0.200767
41.348246 0.190294 0.201376
41.359113 0.200078 0.202023
41.369979 0.192798 0.202709
41.380845 0.198513 0.203430
41.391712 0.199139 0.204186
41.402578 0.194442 0.204974
41.413445 0.198591 0.205789
41.424311 0.201879 0.206626
41.435178 0.199530 0.207479
41.446044 0.195147 0.208340
41.456911 0.207906 0.209201
41.467777 0.197495 0.210050
41.478643 0.209863 0.210878
41.489510 0.207906 0.211675
41.500376 0.206810 0.212430
41.511243 0.210724 0.213136
41.522109 0.210802 0.213787
41.532976 0.203131 0.214380
41.543842 0.208767 0.214914
41.554709 0.213072 0.215392
41.565575 0.205245 0.215818
41.576441 0.213933 0.216197
41.587308 0.215108 0.216536
41.598174 0.212916 0.216841
41.609041 0.218160 0.217114
41.619907 0.204540 0.217360
41.630774 0.213777 0.217580
41.641640 0.205166 0.217771
41.652507 0.215577 0.217934
41.663373 0.214638 0.218066
41.674239 0.218474 0.218165
41.685106 0.221213 0.218232
41.695972 0.216125 0.218266
41.706839 0.222544 0.218273
41.717705 0.221683 0.218258
41.728572 0.214168 0.218229
41.739438 0.214247 0.218197
41.750304 0.234442 0.218172
41.761171 0.228885 0.218166
41.772037 0.228650 0.218191
41.782904 0.230137 0.218256
41.793770 0.226145 0.218371
41.804637 0.230685 0.218543
41.815503 0.230137 0.218777
41.826370 0.234286 0.219077
41.837236 0.233268 0.219443
41.848102 0.228650 0.219873
41.858969 0.217926 0.220365
41.869835 0.234990 0.220912
41.880702 0.228885 0.221506
41.891568 0.226380 0.222138
41.902435 0.224188 0.222795
41.913301 0.227476 0.223466
41.924168 0.217456 0.224138
41.935034 0.225440 0.224799
41.945900 0.223170 0.225437
41.956767 0.226771 0.226044
41.967633 0.220822 0.226611
41.978500 0.223875 0.227133
41.989366 0.219961 0.227605
42.000233 0.223170 0.228023
42.011099 0.224736 0.228386
42.021965 0.229824 0.228691
42.032832 0.214247 0.228934
42.043698 0.218395 0.229115
42.054565 0.222544 0.229230
42.065431 0.222622 0.229279
42.076298 0.226693 0.229261
42.087164 0.222153 0.229178
42.098031 0.222074 0.229034
42.108897 0.221370 0.228835
42.119763 0.217769 0.228588
42.130630 0.222153 0.228307
42.141496 0.222544 0.228003
42.152363 0.220196 0.227690
42.163229 0.220978 0.227384
42.174096 0.223562 0.227099
42.184962 0.229902 0.226849
42.195828 0.230528 0.226648
42.206695 0.240861 0.226507
42.217561 0.232642 0.226434
42.228428 0.232642 0.226438
42.239294 0.233033 0.226521
42.250161 0.232407 0.226688
42.261027 0.236164 0.226939
42.271894 0.238669 0.227273
42.282760 0.237495 0.227685
42.293626 0.237495 0.228172
42.304493 0.234286 0.228727
42.315359 0.236634 0.229343
42.326226 0.239765 0.230011
42.337092 0.237573 0.230723
42.347959 0.238043 0.231468
42.358825 0.243601 0.232235
42.369692 0.232720 0.233012
42.380558 0.242348 0.233786
42.391424 0.234990 0.234542
42.402291 0.234129 0.235265
42.413157 0.232407 0.235939
42.424024 0.240470 0.236547
42.434890 0.234442 0.237077
42.445757 0.241096 0.237515
42.456623 0.230450 0.237855
42.467489 0.237965 0.238094
42.478356 0.229902 0.238233
42.489222 0.234521 0.238280
42.500089 0.239765 0.238245
42.510955 0.239765 0.238144
42.521822 0.236164 0.237993
42.532688 0.243131 0.237811
42.543555 0.239843 0.237615
42.554421 0.238356 0.237421
42.565287 0.241096 0.237245
42.576154 0.246732 0.237102
42.587020 0.231624 0.237002
42.597887 0.248532 0.236956
42.608753 0.233033 0.236973
42.619620 0.245323 0.237062
42.630486 0.252524 0.237227
42.641353 0.254795 0.237475
42.652219 0.256360 0.237809
42.663085 0.252994 0.238233
42.673952 0.249863 0.238747
42.684818 0.260039 0.239352
42.695685 0.260196 0.240044
42.706551 0.253933 0.240819
42.717418 0.251898 0.241672
42.728284 0.260744 0.242592
42.739151 0.252368 0.243568
42.750017 0.247045 0.244587
42.760883 0.249002 0.245633
42.771750 0.250098 0.246690
42.782616 0.232250 0.247740
42.793483 0.237965 0.248768
42.804349 0.226067 0.249758
42.815216 0.227162 0.250701
42.826082 0.228650 0.251589
42.836948 0.224579 0.252421
42.847815 0.225753 0.253203
42.858681 0.223092 0.253945
42.869548 0.223483 0.254663
42.880414 0.217691 0.255375
42.891281 0.214795 0.256105
42.902147 0.215186 0.256876
42.913014 0.217299 0.257714
42.923880 0.212055 0.258642
42.934746 0.214090 0.259684
42.945613 0.218787 0.260865
42.956479 0.212838 0.262207
42.967346 0.224892 0.263730
42.978212 0.220431 0.265458
42.989079 0.220509 0.267412
42.999945 0.221605 0.269613
43.010811 0.217613 0.272084
43.021678 0.223875 0.274847
43.032544 0.220117 0.277927
43.043411 0.217534 0.281349
43.054277 0.238356 0.285140
43.065144 0.230450 0.289327
43.076010 0.237025 0.293941
43.086877 0.250333 0.299013
43.097743 0.254403 0.304576
43.108609 0.265832 0.310664
43.119476 0.268885 0.317314
43.130342 0.278904 0.324564
43.141209 0.295108 0.332452
43.152075 0.311937 0.341016
43.162942 0.331115 0.350296
43.173808 0.337926 0.360329
43.184675 0.364070 0.371151
43.195541 0.376673 0.382794
43.206407 0.410568 0.395286
43.217274 0.439139 0.408649
43.228140 0.452290 0.422896
43.239007 0.485793 0.438028
43.249873 0.502857 0.454038
43.260740 0.527515 0.470902
43.271606 0.553816 0.488586
43.282472 0.586223 0.507041
43.293339 0.594364 0.526209
43.304205 0.628493 0.546023
43.315072 0.629511 0.566416
43.325938 0.649315 0.587319
43.336805 0.684697 0.608671
43.347671 0.675538 0.630420
43.358538 0.698395 0.652520
43.369404 0.703170 0.674932
43.380270 0.702701 0.697609
43.391137 0.732211 0.720496
43.402003 0.736360 0.743503
43.412870 0.755695 0.766504
43.423736 0.771898 0.789313
43.434603 0.786145 0.811683
43.445469 0.803053 0.833289
43.456336 0.811272 0.853738
43.467202 0.804384 0.872568
43.478068 0.819100 0.889268
43.488935 0.842975 0.903304
43.499801 0.837417 0.914151
43.510668 0.850254 0.921338
43.521534 0.866458 0.924483
43.532401 0.888297 0.923337
43.543267 0.893151 0.917807
43.554133 0.922583 0.907966
43.565000 0.931820 0.894050
43.575866 0.963444 0.876434
43.586733 0.993581 0.855599
43.597599 0.981918 0.832092
43.608466 0.986771 0.806486
43.619332 1.000000 0.779348
43.630199 0.994521 0.751207
43.641065 0.981918 0.722542
43.651931 0.989667 0.693768
43.662798 0.952407 0.665234
43.673664 0.911389 0.637226
43.684531 0.882270 0.609973
43.695397 0.834677 0.583651
43.706264 0.781135 0.558391
43.717130 0.748885 0.534286
43.727997 0.677730 0.511398
43.738863 0.640861 0.489763
43.749729 0.593112 0.469396
43.760596 0.550920 0.450292
43.771462 0.534560 0.432434
43.782329 0.494716 0.415793
43.793195 0.471859 0.400331
43.804062 0.439217 0.386003
43.814928 0.405245 0.372757
43.825795 0.377378 0.360539
43.836661 0.344501 0.349291
43.847527 0.316086 0.338952
43.858394 0.295186 0.329464
43.869260 0.281566 0.320764
43.880127 0.269041 0.312796
43.890993 0.254638 0.305501
43.901860 0.250176 0.298824
43.912726 0.242661 0.292712
43.923592 0.231468 0.287115
43.934459 0.236008 0.281986
43.945325 0.228806 0.277281
43.956192 0.233973 0.272961
43.967058 0.221996 0.268987
43.977925 0.220039 0.265326
43.988791 0.220431 0.261947
43.999658 0.216751 0.258823
44.010524 0.220978 0.255927
44.021390 0.220587 0.253238
44.032257 0.212524 0.250736
44.043123 0.220978 0.248402
44.053990 0.210411 0.246221
44.064856 0.209706 0.244180
44.075723 0.207984 0.242265
44.086589 0.211585 0.240465
44.097455 0.201722 0.238772
44.108322 0.205401 0.237177
44.119188 0.202740 0.235671
44.130055 0.212994 0.234250
44.140921 0.200861 0.232906
44.151788 0.206262 0.231636
44.162654 0.202114 0.230434
44.173521 0.202661 0.229296
44.184387 0.204227 0.228220
44.195253 0.195147 0.227202
44.206120 0.208141 0.226239
44.216986 0.200391 0.225329
44.227853 0.195773 0.224471
44.238719 0.193659 0.223661
44.249586 0.199374 0.222900
44.260452 0.195538 0.222185
44.271319 0.201722 0.221516
44.282185 0.198513 0.220891
44.293051 0.198982 0.220309
44.303918 0.199139 0.219771
44.314784 0.198434 0.219275
44.325651 0.200078 0.218821
44.336517 0.205479 0.218408
44.347384 0.202427 0.218037
44.358250 0.200626 0.217705
44.369116 0.199374 0.217414
44.379983 0.207123 0.217162
44.390849 0.198826 0.216948
44.401716 0.201018 0.216773
44.412582 0.201174 0.216634
44.423449 0.201644 0.216531
44.434315 0.193425 0.216462
44.445182 0.196712 0.216425
44.456048 0.196399 0.216417
44.466914 0.203523 0.216436
44.477781 0.203444 0.216477
44.488647 0.200235 0.216537
44.499514 0.201409 0.216609
44.510380 0.199452 0.216688
44.521247 0.198278 0.216765
44.532113 0.200626 0.216833
44.542980 0.195616 0.216883
44.553846 0.205166 0.216906
44.564712 0.204227 0.216892
44.575579 0.205636 0.216833
44.586445 0.201566 0.216723
44.597312 0.204618 0.216556
44.608178 0.206184 0.216329
44.619045 0.206184 0.216042
44.629911 0.198121 0.215697
44.640777 0.202035 0.215299
44.651644 0.198748 0.214855
44.662510 0.199922 0.214371
44.673377 0.198669 0.213858
44.684243 0.205793 0.213324
44.695110 0.205088 0.212776
44.705976 0.199374 0.212223
44.716843 0.198591 0.211673
44.727709 0.204149 0.211130
44.738575 0.199217 0.210599
44.749442 0.202740 0.210086
44.760308 0.195382 0.209594
44.771175 0.196164 0.209124
44.782041 0.193268 0.208680
44.792908 0.201096 0.208263
44.803774 0.193738 0.207874
44.814641 0.205949 0.207514
44.825507 0.198121 0.207184
44.836373 0.200626 0.206884
44.847240 0.193033 0.206615
44.858106 0.201331 0.206378
44.868973 0.192642 0.206172
44.879839 0.197886 0.205998
44.890706 0.192094 0.205856
44.901572 0.191937 0.205746
44.912439 0.194129 0.205670
44.923305 0.198200 0.205626
44.934171 0.190998 0.205617
44.945038 0.198200 0.205642
44.955904 0.198278 0.205703
44.966771 0.204932 0.205799
44.977637 0.204618 0.205932
44.988504 0.199530 0.206103
44.999370 0.200157 0.206312
45.010236 0.189119 0.206561
45.021103 0.202583 0.206851
45.031969 0.196399 0.207182
45.042836 0.205871 0.207556
45.053702 0.206027 0.207972
45.064569 0.208063 0.208433
45.075435 0.209159 0.208938
45.086302 0.214247 0.209487
45.097168 0.207045 0.210081
45.108034 0.210802 0.210718
45.118901 0.217926 0.211398
45.129767 0.210489 0.212119
45.140634 0.205636 0.212877
45.151500 0.212290 0.213669
45.162367 0.209550 0.214491
45.173233 0.214090 0.215335
45.184099 0.218317 0.216193
45.194966 0.220352 0.217056
45.205832 0.220352 0.217914
45.216699 0.214090 0.218753
45.227565 0.228806 0.219560
45.238432 0.220900 0.220323
45.249298 0.213151 0.221028
45.260165 0.230920 0.221664
45.271031 0.216751 0.222223
45.281897 0.220117 0.222699
45.292764 0.221840 0.223092
45.303630 0.223562 0.223405
45.314497 0.229198 0.223644
45.325363 0.222466 0.223820
45.336230 0.225988 0.223945
45.347096 0.221526 0.224032
45.357963 0.232485 0.224095
45.368829 0.234755 0.224147
45.379695 0.234834 0.224199
45.390562 0.226614 0.224259
45.401428 0.236947 0.224333
45.412295 0.230685 0.224423
45.423161 0.234051 0.224528
45.434028 0.229746 0.224645
45.444894 0.232016 0.224765
45.455760 0.242035 0.224880
45.466627 0.237260 0.224976
45.477493 0.233268 0.225039
45.488360 0.238121 0.225053
45.499226 0.232172 0.225004
45.510093 0.233346 0.224877
45.520959 0.229589 0.224662
45.531826 0.223092 0.224350
45.542692 0.225832 0.223939
45.553558 0.224658 0.223429
45.564425 0.218865 0.222827
45.575291 0.211977 0.222142
45.586158 0.218160 0.221388
45.597024 0.222231 0.220578
45.607891 0.205793 0.219729
45.618757 0.212211 0.218855
45.629624 0.213542 0.217970
45.640490 0.206967 0.217089
45.651356 0.215264 0.216222
45.662223 0.202896 0.215378
45.673089 0.205793 0.214566
45.683956 0.203288 0.213792
45.694822 0.200078 0.213059
45.705689 0.201331 0.212373
45.716555 0.205871 0.211735
45.727421 0.199843 0.211147
45.738288 0.193190 0.210610
45.749154 0.201174 0.210124
45.760021 0.202192 0.209689
45.770887 0.207045 0.209304
45.781754 0.201331 0.208969
45.792620 0.193503 0.208682
45.803487 0.196399 0.208442
45.814353 0.201800 0.208247
45.825219 0.196008 0.208095
45.836086 0.196712 0.207984
45.846952 0.203992 0.207911
45.857819 0.201722 0.207875
45.868685 0.202427 0.207872
45.879552 0.195460 0.207900
45.890418 0.194912 0.207955
45.901285 0.199922 0.208037
45.912151 0.201879 0.208140
45.923017 0.197886 0.208263
45.933884 0.199530 0.208404
45.944750 0.194051 0.208561
45.955617 0.203679 0.208733
45.966483 0.198826 0.208920
45.977350 0.205323 0.209121
45.988216 0.199687 0.209339
45.999083 0.199061 0.209576
46.009949 0.196164 0.209833
46.020815 0.203444 0.210116
46.031682 0.197965 0.210426
46.042548 0.204775 0.210770
46.053415 0.202505 0.211152
46.064281 0.204462 0.211576
46.075148 0.204305 0.212047
46.086014 0.205245 0.212572
46.096880 0.199139 0.213155
46.107747 0.207045 0.213804
46.118613 0.209159 0.214523
46.129480 0.208376 0.215320
46.140346 0.211507 0.216202
46.151213 0.204462 0.217177
46.162079 0.213464 0.218251
46.172946 0.219022 0.219435
46.183812 0.220665 0.220735
46.194678 0.224344 0.222162
46.205545 0.219804 0.223724
46.216411 0.231155 0.225431
46.227278 0.236712 0.227293
46.238144 0.241722 0.229320
46.249011 0.242192 0.231521
46.259877 0.248924 0.233906
46.270743 0.254638 0.236483
46.281610 0.263718 0.239262
46.292476 0.274442 0.242250
46.303343 0.275538 0.245453
46.314209 0.284775 0.248877
46.325076 0.285871 0.252525
46.335942 0.287123 0.256397
46.346809 0.291429 0.260492
46.357675 0.290254 0.264803
46.368541 0.292994 0.269323
46.379408 0.301135 0.274036
46.390274 0.304501 0.278924
46.401141 0.301683 0.283961
46.412007 0.316869 0.289116
46.422874 0.317182 0.294352
46.433740 0.316556 0.299623
46.444607 0.324149 0.304879
46.455473 0.309980 0.310062
46.466339 0.325714 0.315111
46.477206 0.331429 0.319962
46.488072 0.332916 0.324548
46.498939 0.329863 0.328807
46.509805 0.318591 0.332680
46.520672 0.340978 0.336119
46.531538 0.330802 0.339086
46.542404 0.353268 0.341558
46.553271 0.348023 0.343527
46.564137 0.363992 0.344998
46.575004 0.344501 0.345988
46.585870 0.364462 0.346522
46.596737 0.373464 0.346626
46.607603 0.360939 0.346328
46.618470 0.366027 0.345649
46.629336 0.366262 0.344603
46.640202 0.376360 0.343195
46.651069 0.376595 0.341424
46.661935 0.386067 0.339281
46.672802 0.368063 0.336758
46.683668 0.380509 0.333847
46.694535 0.358513 0.330549
46.705401 0.351389 0.326874
46.716268 0.330724 0.322845
46.727134 0.328063 0.318496
46.738000 0.314834 0.313873
46.748867 0.309432 0.309032
46.759733 0.304501 0.304030
46.770600 0.292055 0.298931
46.781466 0.283523 0.293793
46.792333 0.284227 0.288672
46.803199 0.278982 0.283616
46.814065 0.263327 0.278667
46.824932 0.256986 0.273860
46.835798 0.250176 0.269221
46.846665 0.246654 0.264771
46.857531 0.232094 0.260525
46.868398 0.229511 0.256492
46.879264 0.217926 0.252678
46.890131 0.219178 0.249084
46.900997 0.213542 0.245710
46.911863 0.206967 0.242553
46.922730 0.211977 0.239608
46.933596 0.212133 0.236870
46.944463 0.220978 0.234330
46.955329 0.205949 0.231981
46.966196 0.208767 0.229814
46.977062 0.203288 0.227822
46.987929 0.207671 0.225994
46.998795 0.207750 0.224322
47.009661 0.203444 0.222796
47.020528 0.209080 0.221408
47.031394 0.198513 0.220150
47.042261 0.190998 0.219011
47.053127 0.203992 0.217985
47.063994 0.201487 0.217063
47.074860 0.196243 0.216239
47.085726 0.207202 0.215504
47.096593 0.201879 0.214853
47.107459 0.203053 0.214278
47.118326 0.202896 0.213774
47.129192 0.205401 0.213336
47.140059 0.197025 0.212957
47.150925 0.196008 0.212631
47.161792 0.202818 0.212355
47.172658 0.200000 0.212121
47.183524 0.205166 0.211926
47.194391 0.202035 0.211764
47.205257 0.197965 0.211630
47.216124 0.197573 0.211518
47.226990 0.203444 0.211425
47.237857 0.197965 0.211345
47.248723 0.198904 0.211276
47.259590 0.209080 0.211215
47.270456 0.207202 0.211159
47.281322 0.201409 0.211109
47.292189 0.200939 0.211064
47.303055 0.206967 0.211027
47.313922 0.207123 0.210998
47.324788 0.202035 0.210982
47.335655 0.203131 0.210980
47.346521 0.202896 0.210996
47.357387 0.202270 0.211033
47.368254 0.208063 0.211094
47.379120 0.204070 0.211179
47.389987 0.204618 0.211291
47.400853 0.201800 0.211430
47.411720 0.209941 0.211596
47.422586 0.217613 0.211788
47.433453 0.209941 0.212005
47.444319 0.208532 0.212244
47.455185 0.201800 0.212503
47.466052 0.210176 0.212779
47.476918 0.209628 0.213068
47.487785 0.209002 0.213367
47.498651 0.216125 0.213673
47.509518 0.218395 0.213983
47.520384 0.214716 0.214295
47.531251 0.202192 0.214607
47.542117 0.216282 0.214918
47.552983 0.217613 0.215229
47.563850 0.211663 0.215539
47.574716 0.205949 0.215851
47.585583 0.227554 0.216166
47.596449 0.217847 0.216487
47.607316 0.212290 0.216814
47.618182 0.217926 0.217150
47.629048 0.220196 0.217494
47.639915 0.214716 0.217846
47.650781 0.215186 0.218203
47.661648 0.219178 0.218564
47.672514 0.217769 0.218923
47.683381 0.232329 0.219277
47.694247 0.212916 0.219619
47.705114 0.220900 0.219945
47.715980 0.222857 0.220250
47.726846 0.221213 0.220529
47.737713 0.219883 0.220779
47.748579 0.223562 0.220997
47.759446 0.223640 0.221182
47.770312 0.220431 0.221332
47.781179 0.223562 0.221449
47.792045 0.220822 0.221532
47.802912 0.216751 0.221584
47.813778 0.226145 0.221608
47.824644 0.220744 0.221606
47.835511 0.217613 0.221581
47.846377 0.218474 0.221539
47.857244 0.218082 0.221481
47.868110 0.220039 0.221413
47.878977 0.220978 0.221337
47.889843 0.221840 0.221256
47.900709 0.219256 0.221172
47.911576 0.218474 0.221085
47.922442 0.220352 0.220994
47.933309 0.221292 0.220897
47.944175 0.215108 0.220793
47.955042 0.217143 0.220677
47.965908 0.212446 0.220545
47.976775 0.208767 0.220394
47.987641 0.210646 0.220220
47.998507 0.218004 0.220019
48.009374 0.210254 0.219788
48.020240 0.205479 0.219527
48.031107 0.206027 0.219233
48.041973 0.208141 0.218908
48.052840 0.198982 0.218553
48.063706 0.207984 0.218172
48.074573 0.204618 0.217767
48.085439 0.206888 0.217345
48.096305 0.202818 0.216913
48.107172 0.202661 0.216476
48.118038 0.200313 0.216044
48.128905 0.208219 0.215624
48.139771 0.198356 0.215224
48.150638 0.212290 0.214851
48.161504 0.199295 0.214512
48.172370 0.197182 0.214214
48.183237 0.201018 0.213963
48.194103 0.200861 0.213764
48.204970 0.199139 0.213621
48.215836 0.197417 0.213538
48.226703 0.198278 0.213520
48.237569 0.203679 0.213570
48.248436 0.204149 0.213691
48.259302 0.210411 0.213886
48.270168 0.201174 0.214159
48.281035 0.208141 0.214511
48.291901 0.194599 0.214945
48.302768 0.205088 0.215465
48.313634 0.210646 0.216072
48.324501 0.214951 0.216770
48.335367 0.208532 0.217561
48.346234 0.214638 0.218446
48.357100 0.216986 0.219429
48.367966 0.219883 0.220511
48.378833 0.218630 0.221693
48.389699 0.220196 0.222977
48.400566 0.223092 0.224363
48.411432 0.226380 0.225851
48.422299 0.228337 0.227439
48.433165 0.233816 0.229125
48.444031 0.233190 0.230905
48.454898 0.241487 0.232773
48.465764 0.241879 0.234721
48.476631 0.235695 0.236739
48.487497 0.237025 0.238816
48.498364 0.245166 0.240937
48.509230 0.246106 0.243088
48.520097 0.252368 0.245252
48.530963 0.263092 0.247414
48.541829 0.262701 0.249558
48.552696 0.261683 0.251674
48.563562 0.267084 0.253753
48.574429 0.270685 0.255791
48.585295 0.275068 0.257788
48.596162 0.275460 0.259748
48.607028 0.277573 0.261682
48.617895 0.285010 0.263599
48.628761 0.292290 0.265511
48.639627 0.281957 0.267428
48.650494 0.280157 0.269359
48.661360 0.286419 0.271308
48.672227 0.292055 0.273273
48.683093 0.298630 0.275248
48.693960 0.304736 0.277219
48.704826 0.293699 0.279168
48.715692 0.301057 0.281070
48.726559 0.295029 0.282897
48.737425 0.308650 0.284614
48.748292 0.319843 0.286187
48.759158 0.311311 0.287577
48.770025 0.297143 0.288745
48.780891 0.303562 0.289653
48.791758 0.301370 0.290262
48.802624 0.308258 0.290538
48.813490 0.300509 0.290452
48.824357 0.301448 0.289981
48.835223 0.290724 0.289113
48.846090 0.292759 0.287843
48.856956 0.302935 0.286183
48.867823 0.294873 0.284153
48.878689 0.299335 0.281786
48.889556 0.296360 0.279123
48.900422 0.296908 0.276213
48.911288 0.298082 0.273108
48.922155 0.290881 0.269858
48.933021 0.294873 0.266516
48.943888 0.274834 0.263128
48.954754 0.285636 0.259735
48.965621 0.274677 0.256375
48.976487 0.259569 0.253077
48.987353 0.262309 0.249867
48.998220 0.261840 0.246764
49.009086 0.248297 0.243783
49.019953 0.245479 0.240937
49.030819 0.247123 0.238231
49.041686 0.236008 0.235672
49.052552 0.225753 0.233261
49.063419 0.227632 0.231001
49.074285 0.225675 0.228888
49.085151 0.223562 0.226922
49.096018 0.220509 0.225099
49.106884 0.218160 0.223415
49.117751 0.221918 0.221867
49.128617 0.215969 0.220448
49.139484 0.218160 0.219153
49.150350 0.211507 0.217979
49.161217 0.206027 0.216918
49.172083 0.202661 0.215966
49.182949 0.195225 0.215118
49.193816 0.204149 0.214368
49.204682 0.207202 0.213712
49.215549 0.200861 0.213145
49.226415 0.207045 0.212663
49.237282 0.200000 0.212263
49.248148 0.195225 0.211940
49.259014 0.195303 0.211692
49.269881 0.196164 0.211515
49.280747 0.198121 0.211408
49.291614 0.204227 0.211367
49.302480 0.205558 0.211391
49.313347 0.209315 0.211478
49.324213 0.201174 0.211627
49.335080 0.204775 0.211836
49.345946 0.202192 0.212103
49.356812 0.207906 0.212427
49.367679 0.205714 0.212806
49.378545 0.211350 0.213239
49.389412 0.220352 0.213723
49.400278 0.211585 0.214255
49.411145 0.215969 0.214832
49.422011 0.212916 0.215450
49.432878 0.216595 0.216104
49.443744 0.211585 0.216788
49.454610 0.223562 0.217494
49.465477 0.222153 0.218215
49.476343 0.214795 0.218942
49.487210 0.214951 0.219664
49.498076 0.220117 0.220373
49.508943 0.226223 0.221057
49.519809 0.220039 0.221708
49.530676 0.226145 0.222317
49.541542 0.223405 0.222878
49.552408 0.223092 0.223387
49.563275 0.228258 0.223841
49.574141 0.219804 0.224240
49.585008 0.227084 0.224584
49.595874 0.233268 0.224876
49.606741 0.228337 0.225118
49.617607 0.235147 0.225314
49.628473 0.221370 0.225465
49.639340 0.224658 0.225573
49.650206 0.238200 0.225640
49.661073 0.238434 0.225665
49.671939 0.230450 0.225651
49.682806 0.241487 0.225597
49.693672 0.235695 0.225504
49.704539 0.240939 0.225374
49.715405 0.234599 0.225209
49.726271 0.248063 0.225010
49.737138 0.246497 0.224782
49.748004 0.249863 0.224528
49.758871 0.244775 0.224253
49.769737 0.256908 0.223964
49.780604 0.246262 0.223667
49.791470 0.245010 0.223369
49.802336 0.248845 0.223080
49.813203 0.244853 0.222808
49.824069 0.245088 0.222562
49.834936 0.247593 0.222351
49.845802 0.246888 0.222184
49.856669 0.244540 0.222067
49.867535 0.237104 0.222006
49.878402 0.238982 0.222007
49.889268 0.243679 0.222073
49.900134 0.241252 0.222204
49.911001 0.239217 0.222402
49.921867 0.239765 0.222665
49.932734 0.237730 0.222989
49.943600 0.244070 0.223369
49.954467 0.236556 0.223798
49.965333 0.232955 0.224270
49.976200 0.236869 0.224775
49.987066 0.229511 0.225303
49.997932 0.222466 0.225845
50.008799 0.227554 0.226392
50.019665 0.234286 0.226935
50.030532 0.235147 0.227467
50.041398 0.224579 0.227984
50.052265 0.234442 0.228482
50.063131 0.230372 0.228958
50.073997 0.226145 0.229413
50.084864 0.234521 0.229847
50.095730 0.229667 0.230259
50.106597 0.242035 0.230648
50.117463 0.233973 0.231013
50.128330 0.235616 0.231350
50.139196 0.234207 0.231654
50.150063 0.234364 0.231919
50.160929 0.236086 0.232139
50.171795 0.234521 0.232306
50.182662 0.238043 0.232416
50.193528 0.230294 0.232464
50.204395 0.240078 0.232449
50.215261 0.240705 0.232372
50.226128 0.242975 0.232238
50.236994 0.241722 0.232052
50.247861 0.247515 0.231822
50.258727 0.245793 0.231556
50.269593 0.251898 0.231263
50.280460 0.254012 0.230951
50.291326 0.248532 0.230623
50.302193 0.242427 0.230284
50.313059 0.245088 0.229933
50.323926 0.242896 0.229568
50.334792 0.241644 0.229185
50.345658 0.235773 0.228776
50.356525 0.242896 0.228335
50.367391 0.229276 0.227852
50.378258 0.238043 0.227320
50.389124 0.228728 0.226734
50.399991 0.225675 0.226089
50.410857 0.230998 0.225386
50.421724 0.223953 0.224627
50.432590 0.225519 0.223816
50.443456 0.232172 0.222963
50.454323 0.218317 0.222077
50.465189 0.219491 0.221170
50.476056 0.212211 0.220252
50.486922 0.212133 0.219336
50.497789 0.213229 0.218431
50.508655 0.208219 0.217547
50.519522 0.210724 0.216692
50.530388 0.201722 0.215873
50.541254 0.201957 0.215094
50.552121 0.197260 0.214360
50.562987 0.204305 0.213672
50.573854 0.207984 0.213033
50.584720 0.211272 0.212443
50.595587 0.206654 0.211901
50.606453 0.217691 0.211407
50.617320 0.209863 0.210957
50.628186 0.206732 0.210550
50.639052 0.196634 0.210181
50.649919 0.199530 0.209848
50.660785 0.199295 0.209545
50.671652 0.210176 0.209268
50.682518 0.198200 0.209010
50.693385 0.205323 0.208766
50.704251 0.204618 0.208532
50.715117 0.202583 0.208301
50.725984 0.206967 0.208068
50.736850 0.213542 0.207831
50.747717 0.211429 0.207586
50.758583 0.204853 0.207330
50.769450 0.202583 0.207065
50.780316 0.207671 0.206790
50.791183 0.208532 0.206506
50.802049 0.209002 0.206217
50.812915 0.194286 0.205924
50.823782 0.205166 0.205631
50.834648 0.198200 0.205340
50.845515 0.200391 0.205055
50.856381 0.203523 0.204778
50.867248 0.205401 0.204512
50.878114 0.208141 0.204258
50.888980 0.197808 0.204018
50.899847 0.203523 0.203793
50.910713 0.199374 0.203584
50.921580 0.193816 0.203393
50.932446 0.199374 0.203218
50.943313 0.201174 0.203062
50.954179 0.202035 0.202924
50.965046 0.209159 0.202803
50.975912 0.205636 0.202701
50.986778 0.203523 0.202616
50.997645 0.196008 0.202549
51.008511 0.196947 0.202499
51.019378 0.203601 0.202466
51.030244 0.197025 0.202450
51.041111 0.194677 0.202449
51.051977 0.205010 0.202464
51.062844 0.195773 0.202493
51.073710 0.196399 0.202537
51.084576 0.203131 0.202594
51.095443 0.202896 0.202663
51.106309 0.205245 0.202744
51.117176 0.203914 0.202836
51.128042 0.195460 0.202940
51.138909 0.198356 0.203053
51.149775 0.193503 0.203178
51.160641 0.204070 0.203312
51.171508 0.202818 0.203457
51.182374 0.201566 0.203614
51.193241 0.201800 0.203783
51.204107 0.202583 0.203964
51.214974 0.204070 0.204160
51.225840 0.205245 0.204371
51.236707 0.200705 0.204598
51.247573 0.208141 0.204842
51.258439 0.196477 0.205104
51.269306 0.205636 0.205384
51.280172 0.206341 0.205684
51.291039 0.198748 0.206004
51.301905 0.202270 0.206343
51.312772 0.209002 0.206701
51.323638 0.198826 0.207078
51.334505 0.213386 0.207474
51.345371 0.208532 0.207886
51.356237 0.213464 0.208314
51.367104 0.206575 0.208757
51.377970 0.202270 0.209212
51.388837 0.207828 0.209678
51.399703 0.209863 0.210154
51.410570 0.199295 0.210639
51.421436 0.205245 0.211133
51.432302 0.216595 0.211635
51.443169 0.205166 0.212147
51.454035 0.209315 0.212669
51.464902 0.207436 0.213203
51.475768 0.216282 0.213752
51.486635 0.208532 0.214317
51.497501 0.207750 0.214900
51.508368 0.210020 0.215503
51.519234 0.208297 0.216128
51.530100 0.213699 0.216775
51.540967 0.213855 0.217444
51.551833 0.210489 0.218134
51.562700 0.216673 0.218844
51.573566 0.220900 0.219572
51.584433 0.221526 0.220318
51.595299 0.215108 0.221079
51.606166 0.228102 0.221856
51.617032 0.225988 0.222648
51.627898 0.228102 0.223458
51.638765 0.226301 0.224288
51.649631 0.230372 0.225143
51.660498 0.228102 0.226028
51.671364 0.243366 0.226952
51.682231 0.230763 0.227923
51.693097 0.243131 0.228948
51.703964 0.245871 0.230037
51.714830 0.244070 0.231198
51.725696 0.248532 0.232440
51.736563 0.238904 0.233767
51.747429 0.253464 0.235187
51.758296 0.246732 0.236702
51.769162 0.248141 0.238313
51.780029 0.251977 0.240021
51.790895 0.257926 0.241823
51.801761 0.261292 0.243712
51.812628 0.254638 0.245681
51.823494 0.272172 0.247717
51.834361 0.267632 0.249808
51.845227 0.269198 0.251935
51.856094 0.271546 0.254080
51.866960 0.270137 0.256220
51.877827 0.270137 0.258333
51.888693 0.275068 0.260397
51.899559 0.280078 0.262390
51.910426 0.270137 0.264293
51.921292 0.288141 0.266092
51.932159 0.291272 0.267774
51.943025 0.301996 0.269336
51.953892 0.296438 0.270776
51.964758 0.297769 0.272101
51.975624 0.298004 0.273319
51.986491 0.304188 0.274442
51.997357 0.308963 0.275482
52.008224 0.310998 0.276453
52.019090 0.307554 0.277365
52.029957 0.298787 0.278226
52.040823 0.304110 0.279042
52.051690 0.303718 0.279813
52.062556 0.308415 0.280539
52.073422 0.307162 0.281216
52.084289 0.305832 0.281839
52.095155 0.309902 0.282401
52.106022 0.300822 0.282898
52.116888 0.302779 0.283325
52.127755 0.289080 0.283679
52.138621 0.296125 0.283959
52.149488 0.284305 0.284168
52.160354 0.297065 0.284311
52.171220 0.288924 0.284395
52.182087 0.289628 0.284433
52.192953 0.298708 0.284439
52.203820 0.298552 0.284432
52.214686 0.295890 0.284433
52.225553 0.293855 0.284466
52.236419 0.292368 0.284554
52.247285 0.292211 0.284720
52.258152 0.297299 0.284987
52.269018 0.302857 0.285372
52.279885 0.292916 0.285892
52.290751 0.296282 0.286556
52.301618 0.297299 0.287370
52.312484 0.287906 0.288333
52.323351 0.290489 0.289439
52.334217 0.290176 0.290674
52.345083 0.288924 0.292020
52.355950 0.285714 0.293451
52.366816 0.295577 0.294935
52.377683 0.291820 0.296435
52.388549 0.291742 0.297909
52.399416 0.303875 0.299311
52.410282 0.296125 0.300593
52.421149 0.298708 0.301708
52.432015 0.293072 0.302610
52.442881 0.291115 0.303258
52.453748 0.304736 0.303617
52.464614 0.295186 0.303663
52.475481 0.291898 0.303381
52.486347 0.294638 0.302769
52.497214 0.292368 0.301838
52.508080 0.305127 0.300610
52.518946 0.296908 0.299118
52.529813 0.303953 0.297404
52.540679 0.294638 0.295515
52.551546 0.295108 0.293501
52.562412 0.304110 0.291416
52.573279 0.298865 0.289308
52.584145 0.305519 0.287226
52.595012 0.313268 0.285211
52.605878 0.305362 0.283301
52.616744 0.305362 0.281529
52.627611 0.319609 0.279922
52.638477 0.311389 0.278500
52.649344 0.312407 0.277281
52.660210 0.319765 0.276276
52.671077 0.331585 0.275493
52.681943 0.339022 0.274935
52.692810 0.339413 0.274601
52.703676 0.331037 0.274486
52.714542 0.326184 0.274581
52.725409 0.325479 0.274873
52.736275 0.320313 0.275344
52.747142 0.310294 0.275974
52.758008 0.308885 0.276739
52.768875 0.299022 0.277610
52.779741 0.298160 0.278557
52.790608 0.295577 0.279548
52.801474 0.280939 0.280550
52.812340 0.276634 0.281532
52.823207 0.271781 0.282463
52.834073 0.264344 0.283316
52.844940 0.260978 0.284067
52.855806 0.264579 0.284698
52.866673 0.267476 0.285195
52.877539 0.257143 0.285550
52.888405 0.249159 0.285759
52.899272 0.262309 0.285824
52.910138 0.242661 0.285751
52.921005 0.249785 0.285550
52.931871 0.243053 0.285233
52.942738 0.249237 0.284815
52.953604 0.243288 0.284310
52.964471 0.241722 0.283731
52.975337 0.243757 0.283089
52.986203 0.241331 0.282394
52.997070 0.242192 0.281647
53.007936 0.245401 0.280851
53.018803 0.260587 0.280002
53.029669 0.251507 0.279095
53.040536 0.249941 0.278122
53.051402 0.243288 0.277077
53.062268 0.242114 0.275954
53.073135 0.249315 0.274749
53.084001 0.241800 0.273462
53.094868 0.251820 0.272096
53.105734 0.259883 0.270658
53.116601 0.262309 0.269157
53.127467 0.267632 0.267602
53.138334 0.260352 0.266006
53.149200 0.261683 0.264381
53.160066 0.264423 0.262738
53.170933 0.271155 0.261089
53.181799 0.263640 0.259443
53.192666 0.274990 0.257810
53.203532 0.269276 0.256199
53.214399 0.278121 0.254618
53.225265 0.268337 0.253074
53.236132 0.280313 0.251573
53.246998 0.282114 0.250121
53.257864 0.284697 0.248721
53.268731 0.289785 0.247375
53.279597 0.295029 0.246084
53.290464 0.298317 0.244847
53.301330 0.296908 0.243663
53.312197 0.289863 0.242530
53.323063 0.291115 0.241446
53.333929 0.295342 0.240409
53.344796 0.301370 0.239419
53.355662 0.287515 0.238476
53.366529 0.292133 0.237583
53.377395 0.285793 0.236743
53.388262 0.276556 0.235960
53.399128 0.277730 0.235241
53.409995 0.269589 0.234591
53.420861 0.264501 0.234016
53.431727 0.260117 0.233521
53.442594 0.248532 0.233111
53.453460 0.248063 0.232789
53.464327 0.252446 0.232558
53.475193 0.239765 0.232417
53.486060 0.242740 0.232368
53.496926 0.244305 0.232406
53.507793 0.237260 0.232528
53.518659 0.231076 0.232728
53.529525 0.232329 0.232999
53.540392 0.230998 0.233331
53.551258 0.219100 0.233710
53.562125 0.214325 0.234125
53.572991 0.215029 0.234556
53.583858 0.210176 0.234987
53.594724 0.208063 0.235397
53.605590 0.206497 0.235763
53.616457 0.215108 0.236064
53.627323 0.211350 0.236277
53.638190 0.203209 0.236382
53.649056 0.207984 0.236363
53.659923 0.202035 0.236205
53.670789 0.202583 0.235900
53.681656 0.204932 0.235445
53.692522 0.213464 0.234843
53.703388 0.203523 0.234103
53.714255 0.206654 0.233236
53.725121 0.207906 0.232258
53.735988 0.202896 0.231189
53.746854 0.203288 0.230047
53.757721 0.199217 0.228851
53.768587 0.203836 0.227621
53.779454 0.202896 0.226373
53.790320 0.198669 0.225122
53.801186 0.205558 0.223881
53.812053 0.196321 0.222662
53.822919 0.210176 0.221473
53.833786 0.209237 0.220321
53.844652 0.204697 0.219213
53.855519 0.201566 0.218152
53.866385 0.201644 0.217141
53.877251 0.205401 0.216183
53.888118 0.198434 0.215278
53.898984 0.199452 0.214428
53.909851 0.205245 0.213631
53.920717 0.196008 0.212886
53.931584 0.203757 0.212194
53.942450 0.200391 0.211551
53.953317 0.201174 0.210957
53.964183 0.203209 0.210408
53.975049 0.198904 0.209903
53.985916 0.195851 0.209440
53.996782 0.200939 0.209014
54.007649 0.195695 0.208625
54.018515 0.203757 0.208269
54.029382 0.201566 0.207945
54.040248 0.206654 0.207649
54.051115 0.201174 0.207380
54.061981 0.209628 0.207136
54.072847 0.205010 0.206916
54.083714 0.210020 0.206718
54.094580 0.203836 0.206540
54.105447 0.197965 0.206382
54.116313 0.199452 0.206242
54.127180 0.207123 0.206121
54.138046 0.206341 0.206016
54.148912 0.210020 0.205928
54.159779 0.211429 0.205855
54.170645 0.211585 0.205797
54.181512 0.202035 0.205755
54.192378 0.203757 0.205726
54.203245 0.204070 0.205713
54.214111 0.210959 0.205713
54.224978 0.191389 0.205728
54.235844 0.204697 0.205758
54.246710 0.201096 0.205803
54.257577 0.208454 0.205863
54.268443 0.197339 0.205939
54.279310 0.207515 0.206031
54.290176 0.207202 0.206139
54.301043 0.205636 0.206264
54.311909 0.198982 0.206406
54.322776 0.211977 0.206565
54.333642 0.210020 0.206741
54.344508 0.204853 0.206935
54.355375 0.206810 0.207146
54.366241 0.207828 0.207375
54.377108 0.211585 0.207623
54.387974 0.201252 0.207889
54.398841 0.204462 0.208175
54.409707 0.207671 0.208480
54.420573 0.211194 0.208808
54.431440 0.211663 0.209158
54.442306 0.211429 0.209532
54.453173 0.205558 0.209934
54.464039 0.201096 0.210366
54.474906 0.207436 0.210830
54.485772 0.203679 0.211330
54.496639 0.213386 0.211870
54.507505 0.206732 0.212453
54.518371 0.206810 0.213083
54.529238 0.204540 0.213764
54.540104 0.208767 0.214499
54.550971 0.214012 0.215293
54.561837 0.206184 0.216148
54.572704 0.205010 0.217069
54.583570 0.222309 0.218059
54.594437 0.207750 0.219122
54.605303 0.209080 0.220260
54.616169 0.202505 0.221476
54.627036 0.205558 0.222773
54.637902 0.216595 0.224154
54.648769 0.219413 0.225619
54.659635 0.207671 0.227170
54.670502 0.220274 0.228806
54.681368 0.217926 0.230527
54.692234 0.219569 0.232329
54.703101 0.226928 0.234208
54.713967 0.217143 0.236157
54.724834 0.233112 0.238169
54.735700 0.222935 0.240230
54.746567 0.241800 0.242326
54.757433 0.241174 0.244438
54.768300 0.238043 0.246546
54.779166 0.246732 0.248622
54.790032 0.240861 0.250638
54.800899 0.242818 0.252561
54.811765 0.252055 0.254357
54.822632 0.251820 0.255989
54.833498 0.256751 0.257423
54.844365 0.254012 0.258625
54.855231 0.269980 0.259570
54.866098 0.256595 0.260235
54.876964 0.263953 0.260610
54.887830 0.255577 0.260691
54.898697 0.266536 0.260488
54.909563 0.272485 0.260016
54.920430 0.275851 0.259302
54.931296 0.275068 0.258378
54.942163 0.280470 0.257281
54.953029 0.275147 0.256049
54.963895 0.284697 0.254722
54.974762 0.283601 0.253339
54.985628 0.292524 0.251934
54.996495 0.291820 0.250540
55.007361 0.279217 0.249186
55.018228 0.287358 0.247898
55.029094 0.291977 0.246697
55.039961 0.297769 0.245602
55.050827 0.307162 0.244629
55.061693 0.301761 0.243789
55.072560 0.313973 0.243094
55.083426 0.301605 0.242552
55.094293 0.312172 0.242170
55.105159 0.317417 0.241952
55.116026 0.308180 0.241902
55.126892 0.316556 0.242022
55.137759 0.301526 0.242313
55.148625 0.310685 0.242774
55.159491 0.304658 0.243404
55.170358 0.300900 0.244199
55.181224 0.284697 0.245154
55.192091 0.277339 0.246263
55.202957 0.267397 0.247519
55.213824 0.272407 0.248909
55.224690 0.267476 0.250422
55.235556 0.271937 0.252043
55.246423 0.265753 0.253752
55.257289 0.263170 0.255528
55.268156 0.261370 0.257346
55.279022 0.256830 0.259178
55.289889 0.249393 0.260993
55.300755 0.241957 0.262756
55.311622 0.241879 0.264435
55.322488 0.238904 0.265994
55.333354 0.236008 0.267400
55.344221 0.235695 0.268627
55.355087 0.231076 0.269650
55.365954 0.234207 0.270455
55.376820 0.230372 0.271038
55.387687 0.232720 0.271401
55.398553 0.230685 0.271559
55.409420 0.228728 0.271533
55.420286 0.231389 0.271351
55.431152 0.230685 0.271048
55.442019 0.232407 0.270661
55.452885 0.230059 0.270225
55.463752 0.241487 0.269778
55.474618 0.236321 0.269353
55.485485 0.247750 0.268981
55.496351 0.243444 0.268688
55.507217 0.243601 0.268494
55.518084 0.241957 0.268418
55.528950 0.250881 0.268471
55.539817 0.246341 0.268661
55.550683 0.247984 0.268990
55.561550 0.251194 0.269458
55.572416 0.252524 0.270058
55.583283 0.256125 0.270779
55.594149 0.258317 0.271608
55.605015 0.257926 0.272526
55.615882 0.258552 0.273511
55.626748 0.263562 0.274538
55.637615 0.271233 0.275577
55.648481 0.263562 0.276599
55.659348 0.258708 0.277571
55.670214 0.266771 0.278462
55.681081 0.264110 0.279241
55.691947 0.269511 0.279877
55.702813 0.269041 0.280347
55.713680 0.276556 0.280630
55.724546 0.277730 0.280712
55.735413 0.282740 0.280587
55.746279 0.271311 0.280256
55.757146 0.275773 0.279729
55.768012 0.283992 0.279022
55.778878 0.292368 0.278159
55.789745 0.295029 0.277168
55.800611 0.277965 0.276080
55.811478 0.292759 0.274928
55.822344 0.284618 0.273745
55.833211 0.280626 0.272561
55.844077 0.276477 0.271404
55.854944 0.274364 0.270300
55.865810 0.272720 0.269268
55.876676 0.269119 0.268323
55.887543 0.275303 0.267476
55.898409 0.273112 0.266732
55.909276 0.273425 0.266093
55.920142 0.268571 0.265553
55.931009 0.255029 0.265106
55.941875 0.267867 0.264738
55.952742 0.256517 0.264432
55.963608 0.263092 0.264169
55.974474 0.263796 0.263926
55.985341 0.257378 0.263680
55.996207 0.250646 0.263405
56.007074 0.245558 0.263080
56.017940 0.248376 0.262681
56.028807 0.254560 0.262191
56.039673 0.254090 0.261597
56.050539 0.250020 0.260889
56.061406 0.239922 0.260064
56.072272 0.245871 0.259123
56.083139 0.245479 0.258071
56.094005 0.250020 0.256920
56.104872 0.249863 0.255681
56.115738 0.264344 0.254371
56.126605 0.258395 0.253006
56.137471 0.250020 0.251604
56.148337 0.255186 0.250185
56.159204 0.256986 0.248765
56.170070 0.252290 0.247362
56.180937 0.266458 0.245993
56.191803 0.265832 0.244674
56.202670 0.252524 0.243417
56.213536 0.259100 0.242235
56.224403 0.260274 0.241137
56.235269 0.264031 0.240132
56.246135 0.254638 0.239226
56.257002 0.258395 0.238424
56.267868 0.263014 0.237731
56.278735 0.246810 0.237147
56.289601 0.249472 0.236674
56.300468 0.249863 0.236312
56.311334 0.238278 0.236060
56.322200 0.233190 0.235915
56.333067 0.236556 0.235874
56.343933 0.226536 0.235932
56.354800 0.239765 0.236082
56.365666 0.230685 0.236318
56.376533 0.223796 0.236628
56.387399 0.228415 0.237001
56.398266 0.232250 0.237423
56.409132 0.224736 0.237878
56.419998 0.232798 0.238347
56.430865 0.218865 0.238811
56.441731 0.216047 0.239247
56.452598 0.215342 0.239633
56.463464 0.217613 0.239948
56.474331 0.209315 0.240171
56.485197 0.209941 0.240282
56.496064 0.209628 0.240267
56.506930 0.207045 0.240115
56.517796 0.208845 0.239820
56.528663 0.201722 0.239380
56.539529 0.206654 0.238800
56.550396 0.202035 0.238088
56.561262 0.203992 0.237255
56.572129 0.208689 0.236316
56.582995 0.205245 0.235287
56.593861 0.213699 0.234183
56.604728 0.212603 0.233021
56.615594 0.214247 0.231815
56.626461 0.210646 0.230580
56.637327 0.207202 0.229328
56.648194 0.213855 0.228069
56.659060 0.209159 0.226814
56.669927 0.209315 0.225571
56.680793 0.204932 0.224348
56.691659 0.209941 0.223150
56.702526 0.203601 0.221984
56.713392 0.204070 0.220855
56.724259 0.202427 0.219767
56.735125 0.206575 0.218724
56.745992 0.218552 0.217730
56.756858 0.215342 0.216785
56.767725 0.208376 0.215893
56.778591 0.206810 0.215054
56.789457 0.215421 0.214270
56.800324 0.211272 0.213540
56.811190 0.213777 0.212863
56.822057 0.209393 0.212239
56.832923 0.210333 0.211666
56.843790 0.211194 0.211143
56.854656 0.210646 0.210667
56.865522 0.211272 0.210236
56.876389 0.213386 0.209848
56.887255 0.211742 0.209498
56.898122 0.208689 0.209185
56.908988 0.208532 0.208904
56.919855 0.204149 0.208652
56.930721 0.203209 0.208424
56.941588 0.207984 0.208217
56.952454 0.208376 0.208027
56.963320 0.208845 0.207850
56.974187 0.200783 0.207683
56.985053 0.202818 0.207521
56.995920 0.197573 0.207363
57.006786 0.201566 0.207206
57.017653 0.208141 0.207048
57.028519 0.205636 0.206890
57.039386 0.207436 0.206730
57.050252 0.206184 0.206568
57.061118 0.202583 0.206405
57.071985 0.200548 0.206242
57.082851 0.202661 0.206080
57.093718 0.203131 0.205919
57.104584 0.200939 0.205759
57.115451 0.211429 0.205602
57.126317 0.204618 0.205447
57.137183 0.203601 0.205295
57.148050 0.204697 0.205146
57.158916 0.206262 0.204998
57.169783 0.203444 0.204852
57.180649 0.206341 0.204707
57.191516 0.205323 0.204564
57.202382 0.214716 0.204422
57.213249 0.206106 0.204282
57.224115 0.202975 0.204143
57.234981 0.196634 0.204007
57.245848 0.203209 0.203874
57.256714 0.201644 0.203745
57.267581 0.207123 0.203622
57.278447 0.207750 0.203504
57.289314 0.193581 0.203394
57.300180 0.204932 0.203292
57.311047 0.200235 0.203198
57.321913 0.206810 0.203115
57.332779 0.200157 0.203041
57.343646 0.205558 0.202978
57.354512 0.206732 0.202927
57.365379 0.200000 0.202886
57.376245 0.206262 0.202858
57.387112 0.200000 0.202842
57.397978 0.203601 0.202838
57.408845 0.203288 0.202847
57.419711 0.208532 0.202868
57.430577 0.200235 0.202903
57.441444 0.201879 0.202951
57.452310 0.195538 0.203012
57.463177 0.200626 0.203087
57.474043 0.202505 0.203176
57.484910 0.210724 0.203281
57.495776 0.201409 0.203400
57.506642 0.207515 0.203535
57.517509 0.203914 0.203687
57.528375 0.201331 0.203856
57.539242 0.206497 0.204044
57.550108 0.200157 0.204251
57.560975 0.208376 0.204478
57.571841 0.207671 0.204728
57.582708 0.207202 0.205001
57.593574 0.214247 0.205299
57.604440 0.200939 0.205623
57.615307 0.208689 0.205977
57.626173 0.202505 0.206361
57.637040 0.208689 0.206779
57.647906 0.202035 0.207233
57.658773 0.202661 0.207725
57.669639 0.210489 0.208259
57.680505 0.208532 0.208836
57.691372 0.208689 0.209461
57.702238 0.211507 0.210137
57.713105 0.212211 0.210867
57.723971 0.210959 0.211654
57.734838 0.214951 0.212502
57.745704 0.216438 0.213414
57.756571 0.222074 0.214394
57.767437 0.224814 0.215445
57.778303 0.226380 0.216570
57.789170 0.231233 0.217773
57.800036 0.233033 0.219056
57.810903 0.230294 0.220422
57.821769 0.232564 0.221873
57.832636 0.230685 0.223410
57.843502 0.231233 0.225035
57.854369 0.240470 0.226749
57.865235 0.238434 0.228549
57.876101 0.244149 0.230436
57.886968 0.237339 0.232405
57.897834 0.248141 0.234453
57.908701 0.251742 0.236572
57.919567 0.253386 0.238756
57.930434 0.256360 0.240992
57.941300 0.249941 0.243269
57.952166 0.256830 0.245568
57.963033 0.272329 0.247872
57.973899 0.261683 0.250159
57.984766 0.269824 0.252403
57.995632 0.257143 0.254577
58.006499 0.272016 0.256655
58.017365 0.269902 0.258607
58.028232 0.275538 0.260405
58.039098 0.279765 0.262026
58.049964 0.273190 0.263448
58.060831 0.281722 0.264655
58.071697 0.287750 0.265638
58.082564 0.283288 0.266396
58.093430 0.293386 0.266934
58.104297 0.282740 0.267265
58.115163 0.290254 0.267406
58.126030 0.284305 0.267381
58.136896 0.293229 0.267217
58.147762 0.294795 0.266944
58.158629 0.297769 0.266591
58.169495 0.302387 0.266186
58.180362 0.297299 0.265757
58.191228 0.303718 0.265328
58.202095 0.296282 0.264921
58.212961 0.284384 0.264552
58.223827 0.291898 0.264237
58.234694 0.290176 0.263986
58.245560 0.287906 0.263808
58.256427 0.289550 0.263708
58.267293 0.280000 0.263688
58.278160 0.282035 0.263748
58.289026 0.276712 0.263886
58.299893 0.270763 0.264097
58.310759 0.263796 0.264373
58.321625 0.267945 0.264707
58.332492 0.264501 0.265089
58.343358 0.264736 0.265508
58.354225 0.274677 0.265953
58.365091 0.266614 0.266416
58.375958 0.264501 0.266886
58.386824 0.257065 0.267358
58.397691 0.253620 0.267826
58.408557 0.261605 0.268290
58.419423 0.259256 0.268749
58.430290 0.263796 0.269205
58.441156 0.264423 0.269661
58.452023 0.249628 0.270120
58.462889 0.261370 0.270584
58.473756 0.251507 0.271053
58.484622 0.257378 0.271526
58.495489 0.262857 0.271999
58.506355 0.261057 0.272463
58.517221 0.266458 0.272907
58.528088 0.258004 0.273317
58.538954 0.267162 0.273678
58.549821 0.266771 0.273972
58.560687 0.269119 0.274180
58.571554 0.269824 0.274285
58.582420 0.266536 0.274270
58.593286 0.272016 0.274119
58.604153 0.278982 0.273821
58.615019 0.270137 0.273363
58.625886 0.271624 0.272740
58.636752 0.261448 0.271946
58.647619 0.265362 0.270981
58.658485 0.255577 0.269845
58.669352 0.252368 0.268543
58.680218 0.251115 0.267085
58.691084 0.249315 0.265481
58.701951 0.246732 0.263748
58.712817 0.240783 0.261902
58.723684 0.243992 0.259964
58.734550 0.241879 0.257956
58.745417 0.246262 0.255901
58.756283 0.246341 0.253822
58.767149 0.243992 0.251740
58.778016 0.245401 0.249677
58.788882 0.247045 0.247651
58.799749 0.236712 0.245679
58.810615 0.230607 0.243776
58.821482 0.232485 0.241955
58.832348 0.241174 0.240224
58.843215 0.233268 0.238593
58.854081 0.238043 0.237067
58.864947 0.225127 0.235651
58.875814 0.232329 0.234349
58.886680 0.227084 0.233161
58.897547 0.225284 0.232090
58.908413 0.238591 0.231135
58.919280 0.233190 0.230295
58.930146 0.230528 0.229568
58.941013 0.230685 0.228955
58.951879 0.228728 0.228451
58.962745 0.224188 0.228056
58.973612 0.231624 0.227768
58.984478 0.227162 0.227583
58.995345 0.230294 0.227501
59.006211 0.227084 0.227519
59.017078 0.229902 0.227636
59.027944 0.232485 0.227850
59.038810 0.230215 0.228158
59.049677 0.236791 0.228560
59.060543 0.232720 0.229053
59.071410 0.243679 0.229633
59.082276 0.238200 0.230296
59.093143 0.237808 0.231039
59.104009 0.238513 0.231854
59.114876 0.232329 0.232737
59.125742 0.236477 0.233677
59.136608 0.237339 0.234666
59.147475 0.234755 0.235693
59.158341 0.243366 0.236745
59.169208 0.242818 0.237809
59.180074 0.240705 0.238872
59.190941 0.241566 0.239916
59.201807 0.239374 0.240929
59.212674 0.255890 0.241893
59.223540 0.251742 0.242794
59.234406 0.252290 0.243618
59.245273 0.256282 0.244351
59.256139 0.246106 0.244983
59.267006 0.249785 0.245503
59.277872 0.258708 0.245904
59.288739 0.255577 0.246181
59.299605 0.268493 0.246333
59.310471 0.260039 0.246360
59.321338 0.263953 0.246267
59.332204 0.257847 0.246062
59.343071 0.266301 0.245756
59.353937 0.266849 0.245361
59.364804 0.261683 0.244892
59.375670 0.255421 0.244365
59.386537 0.263014 0.243796
59.397403 0.249315 0.243200
59.408269 0.251898 0.242591
59.419136 0.247436 0.241981
59.430002 0.259883 0.241379
59.440869 0.250881 0.240792
59.451735 0.230528 0.240223
59.462602 0.230685 0.239673
59.473468 0.234207 0.239140
59.484335 0.233738 0.238619
59.495201 0.229041 0.238104
59.506067 0.225832 0.237585
59.516934 0.229119 0.237052
59.527800 0.222935 0.236496
59.538667 0.228180 0.235904
59.549533 0.220352 0.235267
59.560400 0.216595 0.234576
59.571266 0.218943 0.233824
59.582133 0.213386 0.233008
59.592999 0.213307 0.232124
59.603865 0.209472 0.231175
59.614732 0.215264 0.230165
59.625598 0.215734 0.229100
59.636465 0.205479 0.227989
59.647331 0.204540 0.226841
59.658198 0.206810 0.225667
59.669064 0.207750 0.224477
59.679930 0.204540 0.223283
59.690797 0.211272 0.222093
59.701663 0.197260 0.220917
59.712530 0.201487 0.219762
59.723396 0.211820 0.218636
59.734263 0.202818 0.217544
59.745129 0.204070 0.216489
59.755996 0.203757 0.215477
59.766862 0.196321 0.214508
59.777728 0.208063 0.213585
59.788595 0.209159 0.212710
59.799461 0.202348 0.211882
59.810328 0.202114 0.211101
59.821194 0.193425 0.210368
59.832061 0.200861 0.209682
59.842927 0.197495 0.209042
59.853793 0.196477 0.208447
59.864660 0.198356 0.207896
59.875526 0.205479 0.207387
59.886393 0.200939 0.206918
59.897259 0.199687 0.206489
59.908126 0.205166 0.206098
59.918992 0.209863 0.205742
59.929859 0.204227 0.205421
59.940725 0.207280 0.205131
59.951591 0.201174 0.204871
59.962458 0.210489 0.204640
59.973324 0.204227 0.204434
59.984191 0.199922 0.204253
59.995057 0.208297 0.204093
60.005924 0.198278 0.203953
60.016790 0.211977 0.203830
60.027657 0.207906 0.203722
60.038523 0.209550 0.203626
60.049389 0.203209 0.203542
60.060256 0.209315 0.203465
60.071122 0.207671 0.203396
60.081989 0.199061 0.203331
60.092855 0.213620 0.203269
60.103722 0.198278 0.203208
60.114588 0.214795 0.203148
60.125454 0.204462 0.203088
60.136321 0.204462 0.203025
60.147187 0.205479 0.202961
60.158054 0.205871 0.202894
60.168920 0.210959 0.202825
60.179787 0.205479 0.202753
60.190653 0.210881 0.202679
60.201520 0.207906 0.202604
60.212386 0.210176 0.202527
60.223252 0.217143 0.202451
60.234119 0.208141 0.202374
60.244985 0.207828 0.202298
60.255852 0.201566 0.202223
60.266718 0.203131 0.202149
60.277585 0.211194 0.202077
60.288451 0.208454 0.202007
60.299318 0.205401 0.201937
60.310184 0.205793 0.201869
60.321050 0.207906 0.201802
60.331917 0.207906 0.201735
60.342783 0.204853 0.201669
60.353650 0.203444 0.201604
60.364516 0.199295 0.201539
60.375383 0.210646 0.201476
60.386249 0.206419 0.201415
60.397115 0.207280 0.201356
60.407982 0.207358 0.201301
60.418848 0.199217 0.201249
60.429715 0.202114 0.201203
60.440581 0.206654 0.201163
60.451448 0.209237 0.201129
60.462314 0.201331 0.201101
60.473181 0.205010 0.201082
60.484047 0.205871 0.201069
60.494913 0.198591 0.201064
60.505780 0.202896 0.201067
60.516646 0.204070 0.201076
60.527513 0.193659 0.201092
60.538379 0.203523 0.201114
60.549246 0.201096 0.201140
60.560112 0.200313 0.201171
60.570979 0.203053 0.201204
60.581845 0.201644 0.201239
60.592711 0.204540 0.201274
60.603578 0.205323 0.201309
60.614444 0.207828 0.201343
60.625311 0.206888 0.201373
60.636177 0.208454 0.201400
60.647044 0.199922 0.201421
60.657910 0.205479 0.201438
60.668776 0.198513 0.201448
60.679643 0.200391 0.201451
60.690509 0.205558 0.201448
60.701376 0.204227 0.201437
60.712242 0.200783 0.201419
60.723109 0.205010 0.201394
60.733975 0.207280 0.201363
60.744842 0.205871 0.201327
60.755708 0.205323 0.201288
60.766574 0.202035 0.201245
60.777441 0.207202 0.201201
60.788307 0.197104 0.201157
60.799174 0.208767 0.201115
60.810040 0.206654 0.201076
60.820907 0.206654 0.201040
60.831773 0.205793 0.201010
60.842640 0.204462 0.200986
60.853506 0.202896 0.200970
60.864372 0.204540 0.200961
60.875239 0.210489 0.200961
60.886105 0.204697 0.200970
60.896972 0.201957 0.200989
60.907838 0.205949 0.201017
60.918705 0.203523 0.201056
60.929571 0.197573 0.201105
60.940437 0.208141 0.201164
60.951304 0.200313 0.201233
60.962170 0.203053 0.201312
60.973037 0.200626 0.201402
60.983903 0.206967 0.201501
60.994770 0.207358 0.201610
61.005636 0.204697 0.201728
61.016503 0.213542 0.201854
61.027369 0.207358 0.201989
61.038235 0.199295 0.202131
61.049102 0.199687 0.202280
61.059968 0.202818 0.202435
61.070835 0.195930 0.202596
61.081701 0.207671 0.202762
61.092568 0.204070 0.202933
61.103434 0.198904 0.203109
61.114301 0.202114 0.203290
61.125167 0.197652 0.203477
61.136033 0.202740 0.203670
61.146900 0.201174 0.203872
61.157766 0.209237 0.204082
61.168633 0.204149 0.204303
61.179499 0.203992 0.204537
61.190366 0.204853 0.204786
61.201232 0.206888 0.205052
61.212098 0.200939 0.205337
61.222965 0.206184 0.205643
61.233831 0.207202 0.205972
61.244698 0.199139 0.206327
61.255564 0.206419 0.206709
61.266431 0.206810 0.207120
61.277297 0.210020 0.207561
61.288164 0.208376 0.208034
61.299030 0.199530 0.208540
61.309896 0.207984 0.209080
61.320763 0.208063 0.209654
61.331629 0.211820 0.210264
61.342496 0.202427 0.210909
61.353362 0.210881 0.211588
61.364229 0.201644 0.212303
61.375095 0.215264 0.213050
61.385962 0.205871 0.213829
61.396828 0.211977 0.214638
61.407694 0.208689 0.215473
61.418561 0.214951 0.216331
61.429427 0.211820 0.217206
61.440294 0.218317 0.218093
61.451160 0.217534 0.218986
61.462027 0.219100 0.219876
61.472893 0.213542 0.220755
61.483759 0.218317 0.221613
61.494626 0.223327 0.222441
61.505492 0.223327 0.223228
61.516359 0.224344 0.223965
61.527225 0.213933 0.224643
61.538092 0.222074 0.225255
61.548958 0.228728 0.225794
61.559825 0.230920 0.226259
61.570691 0.227241 0.226649
61.581557 0.228180 0.226965
61.592424 0.226693 0.227213
61.603290 0.226928 0.227398
61.614157 0.230841 0.227529
61.625023 0.228493 0.227616
61.635890 0.237339 0.227668
61.646756 0.235068 0.227696
61.657623 0.239139 0.227708
61.668489 0.237730 0.227715
61.679355 0.241018 0.227722
61.690222 0.251507 0.227739
61.701088 0.234990 0.227770
61.711955 0.242740 0.227821
61.722821 0.245479 0.227897
61.733688 0.251585 0.228001
61.744554 0.261918 0.228136
61.755420 0.261448 0.228306
61.766287 0.255656 0.228512
61.777153 0.259335 0.228757
61.788020 0.258474 0.229041
61.798886 0.266301 0.229366
61.809753 0.261448 0.229731
61.820619 0.263092 0.230135
61.831486 0.268415 0.230575
61.842352 0.260196 0.231048
61.853218 0.263562 0.231549
61.864085 0.259961 0.232073
61.874951 0.263640 0.232614
61.885818 0.248297 0.233163
61.896684 0.264658 0.233712
61.907551 0.259961 0.234255
61.918417 0.251037 0.234783
61.929284 0.246810 0.235290
61.940150 0.250959 0.235768
61.951016 0.241644 0.236215
61.961883 0.240470 0.236627
61.972749 0.256282 0.237005
61.983616 0.255656 0.237351
61.994482 0.270685 0.237667
62.005349 0.252603 0.237962
62.016215 0.251663 0.238242
62.027081 0.246888 0.238516
62.037948 0.255812 0.238796
62.048814 0.247671 0.239090
62.059681 0.250020 0.239409
62.070547 0.251429 0.239763
62.081414 0.251585 0.240161
62.092280 0.249550 0.240610
62.103147 0.251663 0.241116
62.114013 0.245479 0.241685
62.124879 0.256282 0.242318
62.135746 0.245323 0.243017
62.146612 0.248297 0.243782
62.157479 0.256360 0.244610
62.168345 0.244070 0.245497
62.179212 0.236712 0.246436
62.190078 0.247123 0.247419
62.200945 0.247515 0.248437
62.211811 0.240000 0.249479
62.222677 0.245714 0.250533
62.233544 0.243601 0.251584
62.244410 0.230998 0.252619
62.255277 0.234834 0.253626
62.266143 0.233581 0.254590
62.277010 0.231624 0.255502
62.287876 0.236869 0.256350
62.298742 0.234207 0.257128
62.309609 0.235460 0.257831
62.320475 0.230137 0.258456
62.331342 0.231703 0.259004
62.342208 0.240391 0.259479
62.353075 0.245714 0.259884
62.363941 0.234990 0.260229
62.374808 0.239374 0.260520
62.385674 0.242192 0.260768
62.396540 0.233581 0.260983
62.407407 0.235930 0.261174
62.418273 0.240391 0.261353
62.429140 0.249002 0.261529
62.440006 0.248219 0.261712
62.450873 0.240783 0.261913
62.461739 0.244618 0.262141
62.472606 0.243444 0.262405
62.483472 0.243757 0.262714
62.494338 0.255812 0.263080
62.505205 0.252524 0.263510
62.516071 0.249002 0.264015
62.526938 0.248611 0.264602
62.537804 0.256125 0.265281
62.548671 0.262231 0.266059
62.559537 0.269041 0.266943
62.570403 0.265362 0.267939
62.581270 0.270294 0.269054
62.592136 0.271781 0.270293
62.603003 0.270294 0.271661
62.613869 0.267241 0.273162
62.624736 0.288063 0.274801
62.635602 0.280391 0.276582
62.646469 0.282818 0.278511
62.657335 0.282192 0.280592
62.668201 0.289393 0.282832
62.679068 0.299413 0.285237
62.689934 0.291507 0.287815
62.700801 0.291820 0.290575
62.711667 0.298630 0.293527
62.722534 0.300665 0.296681
62.733400 0.307945 0.300051
62.744267 0.315147 0.303648
62.755133 0.329941 0.307485
62.765999 0.324697 0.311576
62.776866 0.343875 0.315932
62.787732 0.349198 0.320566
62.798599 0.352955 0.325488
62.809465 0.359765 0.330707
62.820332 0.368767 0.336231
62.831198 0.385832 0.342066
62.842064 0.381918 0.348217
62.852931 0.389511 0.354688
62.863797 0.401174 0.361483
62.874664 0.417065 0.368604
62.885530 0.416125 0.376054
62.896397 0.413386 0.383834
62.907263 0.429902 0.391945
62.918130 0.441879 0.400383
62.928996 0.443679 0.409144
62.939862 0.444305 0.418218
62.950729 0.466693 0.427589
62.961595 0.472485 0.437235
62.972462 0.487436 0.447123
62.983328 0.488924 0.457211
62.994195 0.499178 0.467445
63.005061 0.509667 0.477760
63.015928 0.524149 0.488078
63.026794 0.528219 0.498311
63.037660 0.539491 0.508359
63.048527 0.545440 0.518116
63.059393 0.551624 0.527469
63.070260 0.577456 0.536307
63.081126 0.590685 0.544522
63.091993 0.586536 0.552013
63.102859 0.610646 0.558693
63.113725 0.596164 0.564491
63.124592 0.613777 0.569353
63.135458 0.621526 0.573241
63.146325 0.620196 0.576133
63.157191 0.625519 0.578021
63.168058 0.629667 0.578903
63.178924 0.643679 0.578783
63.189791 0.620196 0.577666
63.200657 0.620822 0.575557
63.211523 0.612838 0.572463
63.222390 0.608454 0.568390
63.233256 0.580665 0.563348
63.244123 0.573386 0.557357
63.254989 0.565714 0.550446
63.265856 0.548728 0.542660
63.276722 0.529706 0.534060
63.287589 0.529550 0.524722
63.298455 0.516164 0.514736
63.309321 0.497769 0.504205
63.320188 0.479687 0.493240
63.331054 0.461057 0.481953
63.341921 0.445088 0.470458
63.352787 0.428806 0.458863
63.363654 0.436008 0.447267
63.374520 0.409785 0.435763
63.385386 0.396634 0.424430
63.396253 0.393268 0.413336
63.407119 0.367045 0.402536
63.417986 0.361957 0.392078
63.428852 0.345753 0.381997
63.439719 0.341840 0.372321
63.450585 0.320705 0.363068
63.461452 0.322114 0.354252
63.472318 0.308571 0.345878
63.483184 0.301213 0.337951
63.494051 0.298552 0.330467
63.504917 0.289863 0.323423
63.515784 0.277495 0.316810
63.526650 0.270528 0.310619
63.537517 0.259022 0.304839
63.548383 0.257456 0.299458
63.559250 0.262701 0.294461
63.570116 0.245871 0.289835
63.580982 0.250802 0.285564
63.591849 0.256986 0.281633
63.602715 0.249159 0.278026
63.613582 0.243131 0.274729
63.624448 0.249863 0.271726
63.635315 0.245949 0.269000
63.646181 0.250568 0.266537
63.657047 0.248297 0.264322
63.667914 0.246654 0.262340
63.678780 0.246497 0.260576
63.689647 0.244384 0.259016
63.700513 0.236869 0.257645
63.711380 0.236321 0.256450
63.722246 0.238121 0.255417
63.733113 0.240705 0.254531
63.743979 0.241957 0.253779
63.754845 0.248689 0.253149
63.765712 0.246027 0.252625
63.776578 0.240313 0.252196
63.787445 0.247984 0.251847
63.798311 0.244540 0.251565
63.809178 0.243679 0.251336
63.820044 0.249393 0.251147
63.830911 0.244070 0.250983
63.841777 0.245714 0.250830
63.852643 0.248845 0.250674
63.863510 0.244540 0.250500
63.874376 0.248141 0.250294
63.885243 0.247280 0.250041
63.896109 0.246184 0.249729
63.906976 0.246341 0.249345
63.917842 0.235773 0.248880
63.928708 0.239922 0.248324
63.939575 0.233738 0.247674
63.950441 0.234286 0.246928
63.961308 0.226145 0.246085
63.972174 0.232720 0.245150
63.983041 0.219883 0.244130
63.993907 0.223405 0.243032
64.004774 0.230450 0.241868
64.015640 0.223640 0.240648
64.026506 0.222231 0.239384
64.037373 0.224031 0.238088
64.048239 0.227710 0.236769
64.059106 0.222074 0.235438
64.069972 0.228023 0.234105
64.080839 0.227632 0.232776
64.091705 0.219022 0.231460
64.102572 0.223875 0.230161
64.113438 0.216047 0.228884
64.124304 0.215499 0.227635
64.135171 0.216047 0.226416
64.146037 0.217065 0.225231
64.156904 0.215342 0.224081
64.167770 0.208141 0.222970
64.178637 0.209159 0.221898
64.189503 0.211663 0.220866
64.200369 0.207671 0.219875
64.211236 0.206106 0.218925
64.222102 0.209941 0.218016
64.232969 0.202114 0.217148
64.243835 0.204853 0.216318
64.254702 0.210959 0.215526
64.265568 0.212524 0.214770
64.276435 0.206184 0.214048
64.287301 0.213386 0.213359
64.298167 0.209941 0.212701
64.309034 0.205636 0.212071
64.319900 0.206106 0.211468
64.330767 0.205479 0.210890
64.341633 0.198434 0.210336
64.352500 0.203131 0.209805
64.363366 0.207593 0.209295
64.374233 0.194364 0.208806
64.385099 0.206106 0.208336
64.395965 0.204070 0.207885
64.406832 0.201018 0.207452
64.417698 0.201174 0.207038
64.428565 0.204932 0.206641
64.439431 0.205088 0.206261
64.450298 0.207515 0.205898
64.461164 0.204149 0.205551
64.472031 0.201018 0.205219
64.482897 0.203836 0.204904
64.493763 0.209472 0.204603
64.504630 0.205714 0.204316
64.515496 0.207045 0.204044
64.526363 0.211585 0.203785
64.537229 0.212290 0.203539
64.548096 0.205088 0.203307
64.558962 0.202114 0.203087
64.569828 0.195225 0.202879
64.580695 0.200391 0.202683
64.591561 0.208141 0.202498
64.602428 0.200548 0.202325
64.613294 0.199295 0.202164
64.624161 0.203914 0.202013
64.635027 0.211585 0.201873
64.645894 0.210802 0.201743
64.656760 0.204227 0.201624
64.667626 0.204697 0.201515
64.678493 0.204149 0.201416
64.689359 0.200783 0.201328
64.700226 0.204697 0.201249
64.711092 0.202270 0.201180
64.721959 0.201722 0.201120
64.732825 0.207750 0.201071
64.743691 0.206419 0.201030
64.754558 0.204697 0.200999
64.765424 0.203131 0.200977
64.776291 0.210176 0.200963
64.787157 0.202975 0.200959
64.798024 0.203914 0.200962
64.808890 0.196791 0.200973
64.819757 0.209002 0.200992
64.830623 0.206497 0.201017
64.841489 0.208141 0.201049
64.852356 0.205479 0.201085
64.863222 0.203679 0.201126
64.874089 0.212055 0.201171
64.884955 0.202583 0.201217
64.895822 0.208376 0.201264
64.906688 0.203914 0.201311
64.917555 0.209706 0.201356
64.928421 0.203053 0.201398
64.939287 0.210959 0.201435
64.950154 0.209706 0.201467
64.961020 0.212994 0.201493
64.971887 0.202192 0.201511
64.982753 0.211350 0.201523
64.993620 0.201018 0.201527
65.004486 0.211037 0.201524
65.015353 0.209863 0.201514
65.026219 0.210176 0.201499
65.037085 0.201409 0.201479
65.047952 0.212211 0.201454
65.058818 0.203131 0.201426
65.069685 0.205871 0.201396
65.080551 0.205558 0.201363
65.091418 0.205793 0.201328
65.102284 0.206341 0.201292
65.113150 0.202505 0.201253
65.124017 0.207358 0.201212
65.134883 0.203601 0.201168
65.145750 0.198904 0.201120
65.156616 0.200470 0.201068
65.167483 0.194912 0.201011
65.178349 0.196399 0.200948
65.189216 0.204305 0.200880
65.200082 0.210411 0.200805
65.210948 0.205010 0.200725
65.221815 0.204227 0.200638
65.232681 0.211037 0.200548
65.243548 0.205558 0.200453
65.254414 0.206027 0.200355
65.265281 0.198356 0.200256
65.276147 0.207202 0.200157
65.287014 0.205323 0.200059
65.297880 0.208845 0.199963
65.308746 0.201879 0.199871
65.319613 0.200783 0.199783
65.330479 0.207202 0.199700
65.341346 0.202035 0.199623
65.352212 0.201566 0.199552
65.363079 0.203914 0.199488
65.373945 0.203836 0.199430
65.384811 0.204462 0.199378
65.395678 0.199530 0.199332
65.406544 0.205871 0.199291
65.417411 0.207358 0.199255
65.428277 0.206262 0.199222
65.439144 0.198121 0.199193
65.450010 0.201096 0.199164
65.460877 0.205714 0.199136
65.471743 0.212603 0.199107
65.482609 0.207202 0.199076
65.493476 0.211037 0.199041
65.504342 0.202740 0.199001
65.515209 0.210881 0.198957
65.526075 0.205010 0.198907
65.536942 0.207515 0.198850
65.547808 0.202192 0.198787
65.558674 0.202192 0.198719
65.569541 0.202661 0.198645
65.580407 0.207202 0.198566
65.591274 0.198904 0.198484
65.602140 0.210098 0.198399
65.613007 0.207045 0.198313
65.623873 0.206810 0.198227
65.634740 0.211663 0.198141
65.645606 0.199217 0.198058
65.656472 0.212759 0.197977
65.667339 0.207906 0.197899
65.678205 0.205401 0.197827
65.689072 0.214168 0.197759
65.699938 0.204070 0.197697
65.710805 0.202818 0.197641
65.721671 0.207984 0.197591
65.732538 0.202975 0.197548
65.743404 0.202661 0.197513
65.754270 0.201018 0.197485
65.765137 0.200861 0.197464
65.776003 0.202270 0.197452
65.786870 0.203523 0.197447
65.797736 0.205088 0.197450
65.808603 0.198748 0.197461
65.819469 0.201722 0.197480
65.830336 0.206262 0.197507
65.841202 0.200078 0.197542
65.852068 0.212133 0.197585
65.862935 0.211037 0.197635
65.873801 0.201879 0.197694
65.884668 0.200783 0.197760
65.895534 0.207515 0.197834
65.906401 0.200313 0.197914
65.917267 0.200470 0.198002
65.928133 0.207593 0.198095
65.939000 0.197182 0.198195
65.949866 0.206419 0.198301
65.960733 0.200391 0.198411
65.971599 0.202505 0.198525
65.982466 0.204305 0.198643
65.993332 0.202505 0.198764
66.004199 0.207045 0.198886
66.015065 0.209315 0.199009
66.025931 0.206106 0.199132
66.036798 0.200391 0.199254
66.047664 0.199139 0.199375
66.058531 0.201879 0.199494
66.069397 0.191546 0.199610
66.080264 0.198278 0.199724
66.091130 0.205401 0.199836
66.101996 0.202661 0.199947
66.112863 0.200548 0.200058
66.123729 0.200783 0.200169
66.134596 0.200078 0.200283
66.145462 0.204853 0.200400
66.156329 0.210881 0.200524
66.167195 0.217065 0.200656
66.178062 0.209706 0.200797
66.188928 0.207671 0.200950
66.199794 0.208845 0.201117
66.210661 0.214247 0.201299
66.221527 0.210724 0.201499
66.232394 0.207671 0.201717
66.243260 0.208689 0.201956
66.254127 0.215029 0.202217
66.264993 0.214090 0.202501
66.275860 0.214638 0.202810
66.286726 0.208141 0.203143
66.297592 0.214403 0.203504
66.308459 0.205245 0.203891
66.319325 0.214403 0.204306
66.330192 0.210333 0.204749
66.341058 0.215342 0.205220
66.351925 0.213620 0.205720
66.362791 0.214481 0.206248
66.373658 0.212290 0.206803
66.384524 0.218004 0.207385
66.395390 0.219178 0.207992
66.406257 0.218630 0.208622
66.417123 0.217691 0.209272
66.427990 0.219804 0.209941
66.438856 0.218630 0.210625
66.449723 0.218630 0.211319
66.460589 0.225910 0.212021
66.471455 0.221292 0.212724
66.482322 0.224971 0.213425
66.493188 0.224423 0.214118
66.504055 0.232564 0.214798
66.514921 0.226223 0.215460
66.525788 0.220900 0.216100
66.536654 0.233425 0.216713
66.547521 0.230763 0.217296
66.558387 0.227554 0.217846
66.569253 0.229354 0.218361
66.580120 0.227162 0.218838
66.590986 0.229511 0.219278
66.601853 0.230528 0.219679
66.612719 0.227006 0.220041
66.623586 0.237104 0.220366
66.634452 0.228806 0.220652
66.645319 0.230137 0.220902
66.656185 0.224814 0.221116
66.667051 0.224971 0.221295
66.677918 0.226145 0.221440
66.688784 0.219726 0.221552
66.699651 0.226614 0.221634
66.710517 0.221683 0.221687
66.721384 0.219569 0.221713
66.732250 0.224579 0.221715
66.743116 0.227476 0.221696
66.753983 0.221683 0.221660
66.764849 0.232094 0.221608
66.775716 0.224971 0.221546
66.786582 0.229746 0.221475
66.797449 0.225519 0.221401
66.808315 0.233268 0.221325
66.819182 0.228885 0.221252
66.830048 0.227632 0.221185
66.840914 0.235147 0.221128
66.851781 0.235851 0.221085
66.862647 0.227632 0.221061
66.873514 0.228571 0.221060
66.884380 0.230920 0.221085
66.895247 0.229902 0.221143
66.906113 0.240783 0.221236
66.916979 0.233346 0.221368
66.927846 0.236008 0.221542
66.938712 0.237573 0.221761
66.949579 0.233346 0.222027
66.960445 0.241644 0.222340
66.971312 0.239922 0.222699
66.982178 0.235460 0.223105
66.993045 0.244384 0.223554
67.003911 0.244932 0.224043
67.014777 0.239217 0.224569
67.025644 0.248219 0.225125
67.036510 0.238200 0.225706
67.047377 0.246027 0.226303
67.058243 0.236712 0.226909
67.069110 0.252368 0.227513
67.079976 0.248924 0.228107
67.090843 0.263014 0.228678
67.101709 0.248376 0.229216
67.112575 0.249863 0.229710
67.123442 0.258630 0.230148
67.134308 0.249550 0.230521
67.145175 0.257456 0.230820
67.156041 0.251350 0.231038
67.166908 0.252133 0.231167
67.177774 0.244070 0.231207
67.188641 0.245479 0.231154
67.199507 0.244227 0.231010
67.210373 0.245871 0.230779
67.221240 0.236243 0.230466
67.232106 0.247671 0.230077
67.242973 0.239374 0.229621
67.253839 0.243288 0.229108
67.264706 0.242505 0.228547
67.275572 0.239843 0.227947
67.286438 0.240078 0.227320
67.297305 0.231859 0.226673
67.308171 0.223327 0.226015
67.319038 0.234051 0.225354
67.329904 0.235460 0.224697
67.340771 0.228728 0.224050
67.351637 0.221683 0.223417
67.362504 0.228806 0.222803
67.373370 0.227241 0.222211
67.384236 0.224892 0.221643
67.395103 0.215734 0.221102
67.405969 0.218865 0.220589
67.416836 0.218787 0.220105
67.427702 0.219022 0.219652
67.438569 0.213072 0.219228
67.449435 0.203757 0.218835
67.460301 0.209785 0.218472
67.471168 0.213620 0.218138
67.482034 0.214873 0.217832
67.492901 0.206967 0.217551
67.503767 0.215186 0.217295
67.514634 0.205479 0.217061
67.525500 0.204853 0.216845
67.536367 0.206419 0.216645
67.547233 0.206732 0.216458
67.558099 0.205871 0.216281
67.568966 0.205636 0.216111
67.579832 0.211977 0.215945
67.590699 0.208141 0.215782
67.601565 0.204305 0.215620
67.612432 0.207984 0.215459
67.623298 0.213072 0.215297
67.634165 0.205793 0.215137
67.645031 0.205714 0.214980
67.655897 0.208376 0.214827
67.666764 0.209941 0.214682
67.677630 0.202427 0.214546
67.688497 0.211037 0.214422
67.699363 0.213151 0.214314
67.710230 0.207984 0.214225
67.721096 0.205793 0.214156
67.731962 0.211037 0.214110
67.742829 0.207906 0.214090
67.753695 0.215969 0.214098
67.764562 0.210646 0.214134
67.775428 0.209628 0.214200
67.786295 0.208767 0.214297
67.797161 0.220744 0.214425
67.808028 0.211037 0.214585
67.818894 0.216673 0.214775
67.829760 0.211037 0.214995
67.840627 0.215577 0.215242
67.851493 0.220039 0.215516
67.862360 0.219648 0.215811
67.873226 0.212211 0.216125
67.884093 0.213307 0.216453
67.894959 0.216125 0.216789
67.905826 0.220352 0.217128
67.916692 0.219413 0.217462
67.927558 0.214795 0.217785
67.938425 0.209393 0.218088
67.949291 0.211663 0.218365
67.960158 0.218239 0.218609
67.971024 0.220587 0.218811
67.981891 0.219961 0.218967
67.992757 0.225362 0.219072
68.003624 0.223249 0.219121
68.014490 0.218082 0.219113
68.025356 0.219100 0.219046
68.036223 0.218004 0.218922
68.047089 0.217378 0.218744
68.057956 0.222387 0.218514
68.068822 0.231155 0.218239
68.079689 0.231624 0.217923
68.090555 0.233190 0.217573
68.101421 0.229432 0.217195
68.112288 0.234442 0.216797
68.123154 0.226223 0.216383
68.134021 0.230920 0.215961
68.144887 0.227006 0.215535
68.155754 0.228571 0.215110
68.166620 0.236164 0.214690
68.177487 0.231389 0.214279
68.188353 0.234207 0.213880
68.199219 0.227945 0.213496
68.210086 0.223092 0.213128
68.220952 0.227867 0.212780
68.231819 0.232877 0.212452
68.242685 0.223875 0.212146
68.253552 0.219648 0.211864
68.264418 0.216595 0.211607
68.275284 0.226771 0.211376
68.286151 0.222153 0.211172
68.297017 0.220744 0.210995
68.307884 0.222309 0.210848
68.318750 0.220900 0.210732
68.329617 0.219961 0.210646
68.340483 0.224736 0.210592
68.351350 0.228415 0.210570
68.362216 0.213229 0.210583
68.373082 0.217926 0.210629
68.383949 0.230294 0.210711
68.394815 0.229511 0.210829
68.405682 0.216438 0.210983
68.416548 0.220352 0.211175
68.427415 0.216517 0.211405
68.438281 0.217926 0.211673
68.449148 0.215108 0.211981
68.460014 0.223640 0.212327
68.470880 0.216751 0.212714
68.481747 0.220274 0.213139
68.492613 0.216360 0.213604
68.503480 0.218082 0.214105
68.514346 0.211507 0.214643
68.525213 0.222074 0.215216
68.536079 0.229511 0.215819
68.546946 0.219491 0.216450
68.557812 0.218317 0.217105
68.568678 0.223875 0.217779
68.579545 0.221761 0.218466
68.590411 0.222387 0.219159
68.601278 0.224579 0.219852
68.612144 0.224110 0.220535
68.623011 0.225910 0.221202
68.633877 0.225362 0.221843
68.644743 0.224579 0.222451
68.655610 0.225675 0.223017
68.666476 0.230294 0.223535
68.677343 0.216517 0.223999
68.688209 0.223953 0.224405
68.699076 0.230920 0.224751
68.709942 0.228337 0.225038
68.720809 0.240861 0.225266
68.731675 0.224423 0.225440
68.742541 0.231311 0.225564
68.753408 0.231859 0.225646
68.764274 0.242740 0.225692
68.775141 0.241566 0.225710
68.786007 0.237495 0.225708
68.796874 0.242192 0.225692
68.807740 0.241174 0.225668
68.818607 0.248454 0.225643
68.829473 0.238669 0.225619
68.840339 0.248141 0.225600
68.851206 0.254638 0.225589
68.862072 0.247984 0.225584
68.872939 0.254638 0.225587
68.883805 0.242818 0.225596
68.894672 0.240705 0.225610
68.905538 0.244932 0.225626
68.916404 0.240235 0.225643
68.927271 0.241957 0.225659
68.938137 0.240000 0.225671
68.949004 0.231233 0.225680
68.959870 0.231468 0.225683
68.970737 0.234286 0.225681
68.981603 0.234286 0.225673
68.992470 0.232250 0.225659
69.003336 0.238356 0.225640
69.014202 0.230920 0.225617
69.025069 0.239530 0.225591
69.035935 0.231937 0.225562
69.046802 0.234990 0.225531
69.057668 0.240157 0.225500
69.068535 0.234521 0.225469
69.079401 0.236869 0.225440
69.090267 0.229746 0.225412
69.101134 0.231311 0.225387
69.112000 0.231076 0.225366
69.122867 0.242035 0.225348
69.133733 0.230294 0.225334
69.144600 0.231859 0.225323
69.155466 0.222153 0.225316
69.166333 0.226380 0.225311
69.177199 0.220352 0.225310
69.188065 0.222387 0.225310
69.198932 0.225362 0.225312
69.209798 0.221370 0.225314
69.220665 0.216908 0.225316
69.231531 0.224423 0.225316
69.242398 0.223875 0.225313
69.253264 0.227476 0.225305
69.264131 0.218787 0.225290
69.274997 0.217769 0.225264
69.285863 0.222779 0.225225
69.296730 0.218787 0.225168
69.307596 0.216830 0.225091
69.318463 0.212916 0.224989
69.329329 0.215186 0.224859
69.340196 0.217691 0.224697
69.351062 0.211663 0.224502
69.361929 0.211742 0.224271
69.372795 0.214716 0.224004
69.383661 0.213151 0.223702
69.394528 0.210333 0.223366
69.405394 0.215656 0.222999
69.416261 0.217534 0.222605
69.427127 0.217534 0.222190
69.437994 0.210568 0.221758
69.448860 0.219100 0.221317
69.459726 0.222779 0.220873
69.470593 0.215108 0.220433
69.481459 0.219961 0.220002
69.492326 0.223014 0.219587
69.503192 0.212368 0.219193
69.514059 0.214168 0.218824
69.524925 0.215656 0.218486
69.535792 0.212368 0.218181
69.546658 0.214481 0.217912
69.557524 0.218082 0.217680
69.568391 0.225753 0.217486
69.579257 0.213229 0.217331
69.590124 0.222779 0.217215
69.600990 0.223170 0.217136
69.611857 0.214716 0.217092
69.622723 0.224188 0.217082
69.633589 0.222622 0.217103
69.644456 0.226223 0.217152
69.655322 0.223092 0.217225
69.666189 0.227789 0.217319
69.677055 0.220587 0.217429
69.687922 0.210568 0.217551
69.698788 0.217769 0.217681
69.709655 0.223718 0.217814
69.720521 0.221840 0.217945
69.731387 0.222779 0.218072
69.742254 0.227476 0.218189
69.753120 0.228806 0.218293
69.763987 0.227632 0.218382
69.774853 0.235851 0.218452
69.785720 0.225988 0.218501
69.796586 0.236712 0.218530
69.807453 0.228885 0.218537
69.818319 0.226067 0.218524
69.829185 0.235460 0.218491
69.840052 0.229276 0.218443
69.850918 0.235068 0.218382
69.861785 0.235695 0.218312
69.872651 0.228415 0.218239
69.883518 0.238669 0.218167
69.894384 0.237573 0.218103
69.905250 0.235538 0.218052
69.916117 0.229119 0.218020
69.926983 0.234051 0.218013
69.937850 0.240078 0.218035
69.948716 0.240548 0.218092
69.959583 0.240313 0.218188
69.970449 0.243679 0.218326
69.981316 0.242270 0.218509
69.992182 0.236243 0.218740
70.003048 0.246262 0.219020
70.013915 0.234442 0.219351
70.024781 0.238434 0.219732
70.035648 0.241409 0.220164
70.046514 0.239295 0.220646
70.057381 0.239217 0.221175
70.068247 0.237886 0.221750
70.079114 0.234599 0.222368
70.089980 0.230763 0.223025
70.100846 0.231624 0.223717
70.111713 0.232642 0.224439
70.122579 0.235930 0.225185
70.133446 0.232955 0.225948
70.144312 0.233346 0.226721
70.155179 0.230372 0.227495
70.166045 0.235303 0.228260
70.176912 0.217926 0.229006
70.187778 0.229119 0.229722
70.198644 0.221057 0.230394
70.209511 0.214481 0.231011
70.220377 0.221526 0.231558
70.231244 0.215186 0.232024
70.242110 0.205166 0.232395
70.252977 0.217534 0.232661
70.263843 0.211898 0.232814
70.274709 0.216751 0.232846
70.285576 0.214247 0.232755
70.296442 0.208924 0.232539
70.307309 0.216282 0.232202
70.318175 0.208532 0.231750
70.329042 0.214873 0.231190
70.339908 0.208924 0.230533
70.350775 0.213464 0.229792
70.361641 0.210489 0.228979
70.372507 0.207358 0.228109
70.383374 0.215186 0.227196
70.394240 0.217926 0.226252
70.405107 0.208611 0.225290
70.415973 0.214638 0.224321
70.426840 0.201252 0.223356
70.437706 0.205479 0.222403
70.448572 0.211037 0.221470
70.459439 0.205871 0.220564
70.470305 0.204149 0.219689
70.481172 0.205245 0.218850
70.492038 0.204227 0.218051
70.502905 0.203679 0.217293
70.513771 0.213307 0.216579
70.524638 0.211115 0.215910
70.535504 0.209941 0.215287
70.546370 0.213699 0.214710
70.557237 0.210959 0.214180
70.568103 0.210724 0.213695
70.578970 0.202975 0.213256
70.589836 0.207828 0.212862
70.600703 0.211898 0.212513
70.611569 0.210098 0.212207
70.622436 0.202818 0.211945
70.633302 0.204775 0.211724
70.644168 0.206497 0.211544
70.655035 0.225205 0.211403
70.665901 0.220039 0.211301
70.676768 0.208141 0.211235
70.687634 0.211350 0.211204
70.698501 0.210254 0.211205
70.709367 0.205871 0.211236
70.720234 0.213542 0.211294
70.731100 0.210254 0.211376
70.741966 0.216204 0.211480
70.752833 0.212446 0.211601
70.763699 0.213072 0.211736
70.774566 0.223483 0.211881
70.785432 0.214403 0.212034
70.796299 0.213307 0.212190
70.807165 0.214403 0.212347
70.818031 0.214795 0.212502
70.828898 0.214795 0.212653
70.839764 0.219726 0.212799
70.850631 0.222935 0.212938
70.861497 0.218160 0.213071
70.872364 0.212133 0.213197
70.883230 0.219178 0.213318
70.894097 0.216438 0.213433
70.904963 0.213620 0.213545
70.915829 0.222387 0.213654
70.926696 0.224736 0.213761
70.937562 0.216204 0.213868
70.948429 0.218630 0.213976
70.959295 0.221605 0.214084
70.970162 0.219491 0.214194
70.981028 0.222622 0.214306
70.991895 0.221605 0.214420
71.002761 0.220196 0.214537
71.013627 0.220196 0.214656
71.024494 0.222622 0.214778
71.035360 0.217847 0.214905
71.046227 0.222074 0.215035
71.057093 0.220744 0.215171
71.067960 0.224188 0.215312
71.078826 0.226693 0.215459
71.089692 0.227241 0.215613
71.100559 0.227162 0.215774
71.111425 0.231546 0.215943
71.122292 0.223718 0.216120
71.133158 0.225988 0.216303
71.144025 0.221213 0.216494
71.154891 0.230998 0.216690
71.165758 0.226458 0.216891
71.176624 0.226928 0.217096
71.187490 0.216360 0.217303
71.198357 0.223327 0.217512
71.209223 0.222466 0.217720
71.220090 0.229119 0.217926
71.230956 0.221840 0.218130
71.241823 0.218708 0.218332
71.252689 0.217534 0.218530
71.263555 0.217613 0.218727
71.274422 0.220744 0.218922
71.285288 0.220665 0.219117
71.296155 0.222544 0.219316
71.307021 0.223327 0.219519
71.317888 0.218082 0.219731
71.328754 0.222857 0.219954
71.339621 0.227476 0.220192
71.350487 0.227162 0.220447
71.361353 0.226536 0.220725
71.372220 0.233816 0.221027
71.383086 0.227241 0.221356
71.393953 0.225362 0.221716
71.404819 0.229902 0.222108
71.415686 0.227162 0.222533
71.426552 0.233738 0.222993
71.437419 0.228415 0.223488
71.448285 0.239765 0.224018
71.459151 0.242192 0.224582
71.470018 0.234442 0.225180
71.480884 0.235460 0.225811
71.491751 0.236634 0.226474
71.502617 0.243131 0.227166
71.513484 0.244384 0.227887
71.524350 0.244853 0.228634
71.535217 0.247358 0.229407
71.546083 0.255499 0.230204
71.556949 0.247436 0.231023
71.567816 0.245401 0.231864
71.578682 0.247828 0.232723
71.589549 0.255421 0.233600
71.600415 0.267554 0.234493
71.611282 0.255969 0.235398
71.622148 0.253777 0.236313
71.633014 0.248845 0.237233
71.643881 0.259256 0.238156
71.654747 0.267945 0.239077
71.665614 0.260117 0.239990
71.676480 0.262701 0.240889
71.687347 0.270059 0.241768
71.698213 0.279061 0.242620
71.709080 0.270841 0.243439
71.719946 0.272720 0.244218
71.730812 0.274755 0.244951
71.741679 0.271703 0.245630
71.752545 0.263953 0.246252
71.763412 0.262779 0.246812
71.774278 0.264110 0.247307
71.785145 0.262701 0.247737
71.796011 0.256517 0.248101
71.806877 0.252994 0.248401
71.817744 0.260117 0.248642
71.828610 0.249628 0.248827
71.839477 0.250646 0.248962
71.850343 0.247045 0.249053
71.861210 0.251429 0.249106
71.872076 0.246497 0.249127
71.882943 0.242818 0.249121
71.893809 0.244932 0.249090
71.904675 0.244697 0.249036
71.915542 0.245636 0.248962
71.926408 0.243288 0.248864
71.937275 0.238591 0.248740
71.948141 0.232642 0.248587
71.959008 0.238513 0.248400
71.969874 0.232955 0.248172
71.980741 0.238748 0.247898
71.991607 0.231076 0.247573
72.002473 0.230137 0.247193
72.013340 0.230294 0.246753
72.024206 0.231781 0.246252
72.035073 0.227945 0.245691
72.045939 0.226849 0.245069
72.056806 0.225519 0.244391
72.067672 0.225988 0.243662
72.078539 0.218395 0.242886
72.089405 0.213699 0.242072
72.100271 0.218160 0.241228
72.111138 0.212759 0.240361
72.122004 0.214638 0.239480
72.132871 0.222622 0.238594
72.143737 0.217534 0.237712
72.154604 0.212759 0.236840
72.165470 0.226145 0.235988
72.176336 0.216517 0.235162
72.187203 0.214403 0.234369
72.198069 0.224579 0.233613
72.208936 0.224736 0.232899
72.219802 0.221605 0.232232
72.230669 0.226223 0.231613
72.241535 0.224031 0.231046
72.252402 0.224110 0.230530
72.263268 0.232485 0.230066
72.274134 0.230528 0.229653
72.285001 0.234599 0.229289
72.295867 0.226928 0.228973
72.306734 0.229041 0.228700
72.317600 0.232955 0.228469
72.328467 0.228728 0.228275
72.339333 0.229824 0.228113
72.350200 0.236791 0.227980
72.361066 0.235225 0.227872
72.371932 0.228180 0.227784
72.382799 0.234834 0.227711
72.393665 0.236243 0.227650
72.404532 0.236008 0.227596
72.415398 0.231859 0.227546
72.426265 0.235538 0.227496
72.437131 0.227241 0.227441
72.447997 0.236008 0.227379
72.458864 0.229824 0.227307
72.469730 0.227632 0.227221
72.480597 0.235303 0.227119
72.491463 0.235538 0.226998
72.502330 0.242740 0.226857
72.513196 0.234286 0.226694
72.524063 0.239139 0.226508
72.534929 0.233816 0.226299
72.545795 0.238356 0.226065
72.556662 0.244462 0.225807
72.567528 0.235303 0.225525
72.578395 0.236634 0.225219
72.589261 0.237495 0.224889
72.600128 0.239452 0.224535
72.610994 0.242035 0.224157
72.621860 0.237025 0.223755
72.632727 0.234912 0.223330
72.643593 0.239687 0.222882
72.654460 0.235068 0.222412
72.665326 0.244227 0.221921
72.676193 0.233659 0.221411
72.687059 0.237808 0.220885
72.697926 0.236399 0.220345
72.708792 0.221213 0.219795
72.719658 0.227710 0.219239
72.730525 0.221761 0.218681
72.741391 0.216047 0.218124
72.752258 0.224579 0.217573
72.763124 0.220900 0.217033
72.773991 0.215264 0.216507
72.784857 0.223796 0.215998
72.795724 0.225205 0.215509
72.806590 0.225049 0.215044
72.817456 0.212994 0.214603
72.828323 0.215812 0.214190
72.839189 0.220196 0.213804
72.850056 0.225127 0.213446
72.860922 0.221918 0.213117
72.871789 0.223718 0.212817
72.882655 0.218395 0.212544
72.893522 0.216673 0.212299
72.904388 0.218708 0.212081
72.915254 0.219256 0.211888
72.926121 0.217691 0.211720
72.936987 0.214795 0.211576
72.947854 0.220274 0.211455
72.958720 0.213464 0.211357
72.969587 0.214090 0.211280
72.980453 0.209393 0.211224
72.991319 0.212055 0.211189
73.002186 0.205636 0.211174
73.013052 0.204775 0.211179
73.023919 0.209863 0.211201
73.034785 0.208924 0.211241
73.045652 0.212916 0.211297
73.056518 0.212055 0.211367
73.067385 0.208454 0.211448
73.078251 0.207358 0.211539
73.089117 0.207358 0.211635
73.099984 0.209550 0.211735
73.110850 0.201722 0.211832
73.121717 0.203523 0.211925
73.132583 0.203288 0.212007
73.143450 0.207750 0.212074
73.154316 0.208689 0.212123
73.165183 0.208845 0.212149
73.176049 0.198356 0.212149
73.186915 0.211272 0.212119
73.197782 0.199452 0.212058
73.208648 0.201800 0.211965
73.219515 0.213072 0.211839
73.230381 0.200705 0.211681
73.241248 0.204462 0.211494
73.252114 0.208376 0.211279
73.262980 0.204540 0.211041
73.273847 0.218004 0.210783
73.284713 0.204618 0.210509
73.295580 0.208611 0.210223
73.306446 0.211037 0.209930
73.317313 0.210020 0.209634
73.328179 0.205479 0.209338
73.339046 0.208767 0.209045
73.349912 0.206341 0.208759
73.360778 0.207202 0.208482
73.371645 0.207671 0.208216
73.382511 0.209002 0.207963
73.393378 0.211350 0.207724
73.404244 0.210411 0.207500
73.415111 0.211663 0.207292
73.425977 0.216908 0.207098
73.436843 0.206341 0.206921
73.447710 0.204775 0.206758
73.458576 0.204853 0.206609
73.469443 0.206262 0.206473
73.480309 0.208611 0.206348
73.491176 0.209393 0.206234
73.502042 0.202740 0.206127
73.512909 0.211898 0.206028
73.523775 0.197886 0.205933
73.534641 0.211194 0.205840
73.545508 0.210333 0.205749
73.556374 0.211350 0.205657
73.567241 0.209628 0.205562
73.578107 0.211585 0.205465
73.588974 0.212681 0.205364
73.599840 0.216282 0.205258
73.610707 0.211350 0.205148
73.621573 0.210176 0.205034
73.632439 0.217613 0.204917
73.643306 0.206262 0.204798
73.654172 0.219961 0.204678
73.665039 0.215890 0.204559
73.675905 0.215186 0.204443
73.686772 0.211350 0.204329
73.697638 0.217065 0.204222
73.708505 0.212994 0.204121
73.719371 0.211585 0.204028
73.730237 0.214638 0.203945
73.741104 0.211350 0.203872
73.751970 0.205401 0.203812
73.762837 0.214873 0.203764
73.773703 0.216751 0.203730
73.784570 0.218395 0.203712
73.795436 0.215264 0.203708
73.806302 0.207202 0.203721
73.817169 0.211115 0.203751
73.828035 0.206106 0.203798
73.838902 0.219256 0.203864
73.849768 0.206262 0.203949
73.860635 0.216204 0.204053
73.871501 0.213542 0.204177
73.882368 0.212133 0.204322
73.893234 0.213307 0.204487
73.904100 0.208219 0.204675
73.914967 0.206810 0.204884
73.925833 0.207436 0.205117
73.936700 0.216438 0.205372
73.947566 0.213855 0.205650
73.958433 0.211820 0.205953
73.969299 0.208141 0.206280
73.980165 0.209393 0.206631
73.991032 0.204462 0.207007
74.001898 0.215812 0.207408
74.012765 0.216047 0.207834
74.023631 0.222074 0.208284
74.034498 0.214716 0.208760
74.045364 0.218239 0.209259
74.056231 0.220352 0.209781
74.067097 0.216125 0.210327
74.077963 0.218474 0.210893
74.088830 0.208924 0.211481
74.099696 0.219726 0.212086
74.110563 0.215421 0.212708
74.121429 0.218239 0.213344
74.132296 0.223718 0.213991
74.143162 0.217065 0.214646
74.154029 0.219883 0.215306
74.164895 0.220978 0.215966
74.175761 0.219883 0.216623
74.186628 0.228180 0.217272
74.197494 0.219100 0.217909
74.208361 0.220039 0.218530
74.219227 0.223483 0.219131
74.230094 0.216360 0.219708
74.240960 0.225753 0.220260
74.251827 0.231076 0.220782
74.262693 0.224814 0.221275
74.273559 0.226223 0.221736
74.284426 0.233425 0.222168
74.295292 0.219413 0.222572
74.306159 0.229667 0.222950
74.317025 0.235851 0.223305
74.327892 0.232642 0.223641
74.338758 0.230841 0.223963
74.349624 0.236164 0.224275
74.360491 0.232016 0.224583
74.371357 0.227006 0.224892
74.382224 0.230059 0.225204
74.393090 0.230215 0.225525
74.403957 0.230450 0.225856
74.414823 0.230685 0.226201
74.425690 0.227397 0.226561
74.436556 0.224658 0.226935
74.447422 0.225362 0.227322
74.458289 0.224423 0.227721
74.469155 0.229902 0.228129
74.480022 0.224188 0.228540
74.490888 0.226614 0.228949
74.501755 0.230998 0.229350
74.512621 0.231546 0.229737
74.523488 0.231546 0.230100
74.534354 0.234129 0.230432
74.545220 0.223796 0.230726
74.556087 0.228650 0.230972
74.566953 0.235147 0.231164
74.577820 0.234286 0.231296
74.588686 0.227084 0.231362
74.599553 0.238434 0.231361
74.610419 0.236321 0.231289
74.621285 0.236712 0.231148
74.632152 0.235851 0.230941
74.643018 0.233894 0.230670
74.653885 0.234912 0.230342
74.664751 0.231468 0.229964
74.675618 0.232955 0.229543
74.686484 0.231624 0.229089
74.697351 0.239217 0.228609
74.708217 0.233894 0.228113
74.719083 0.232642 0.227610
74.729950 0.233346 0.227107
74.740816 0.233425 0.226613
74.751683 0.224110 0.226133
74.762549 0.225362 0.225674
74.773416 0.222935 0.225242
74.784282 0.227084 0.224842
74.795149 0.220978 0.224476
74.806015 0.223249 0.224149
74.816881 0.228728 0.223863
74.827748 0.223405 0.223620
74.838614 0.227867 0.223423
74.849481 0.221526 0.223272
74.860347 0.229276 0.223169
74.871214 0.229119 0.223114
74.882080 0.222779 0.223109
74.892946 0.226771 0.223152
74.903813 0.221135 0.223244
74.914679 0.222544 0.223385
74.925546 0.221135 0.223575
74.936412 0.216595 0.223812
74.947279 0.220822 0.224097
74.958145 0.209002 0.224427
74.969012 0.224031 0.224802
74.979878 0.221526 0.225220
74.990744 0.216360 0.225679
75.001611 0.220431 0.226177
75.012477 0.218004 0.226711
75.023344 0.219804 0.227281
75.034210 0.219335 0.227882
75.045077 0.214325 0.228512
75.055943 0.219883 0.229168
75.066810 0.217847 0.229848
75.077676 0.221918 0.230548
75.088542 0.225910 0.231267
75.099409 0.220587 0.232001
75.110275 0.225049 0.232748
75.121142 0.219256 0.233506
75.132008 0.222231 0.234273
75.142875 0.220431 0.235046
75.153741 0.230372 0.235824
75.164607 0.225440 0.236607
75.175474 0.233581 0.237394
75.186340 0.221605 0.238185
75.197207 0.227319 0.238982
75.208073 0.234286 0.239787
75.218940 0.228571 0.240603
75.229806 0.229119 0.241436
75.240673 0.234599 0.242290
75.251539 0.230528 0.243173
75.262405 0.234286 0.244093
75.273272 0.242661 0.245056
75.284138 0.243757 0.246073
75.295005 0.240313 0.247152
75.305871 0.236164 0.248302
75.316738 0.237025 0.249533
75.327604 0.252603 0.250852
75.338470 0.246262 0.252269
75.349337 0.257769 0.253791
75.360203 0.253855 0.255425
75.371070 0.258317 0.257178
75.381936 0.264423 0.259054
75.392803 0.259335 0.261059
75.403669 0.267789 0.263196
75.414536 0.268180 0.265467
75.425402 0.276791 0.267873
75.436268 0.279687 0.270414
75.447135 0.290176 0.273090
75.458001 0.279061 0.275896
75.468868 0.294873 0.278827
75.479734 0.296360 0.281879
75.490601 0.303796 0.285043
75.501467 0.301996 0.288311
75.512334 0.307319 0.291672
75.523200 0.310763 0.295116
75.534066 0.315851 0.298631
75.544933 0.330646 0.302207
75.555799 0.325714 0.305834
75.566666 0.330959 0.309501
75.577532 0.328611 0.313201
75.588399 0.345205 0.316928
75.599265 0.357965 0.320678
75.610132 0.348650 0.324449
75.620998 0.351076 0.328239
75.631864 0.363444 0.332048
75.642731 0.355382 0.335879
75.653597 0.361800 0.339730
75.664464 0.377456 0.343599
75.675330 0.374325 0.347484
75.686197 0.376282 0.351376
75.697063 0.374951 0.355264
75.707929 0.368219 0.359129
75.718796 0.366810 0.362950
75.729662 0.358200 0.366697
75.740529 0.346380 0.370333
75.751395 0.358904 0.373816
75.762262 0.339413 0.377100
75.773128 0.343875 0.380131
75.783995 0.343249 0.382854
75.794861 0.336517 0.385211
75.805727 0.323836 0.387147
75.816594 0.330176 0.388608
75.827460 0.316947 0.389546
75.838327 0.326419 0.389924
75.849193 0.307867 0.389711
75.860060 0.296047 0.388892
75.870926 0.314677 0.387464
75.881793 0.290646 0.385436
75.892659 0.301996 0.382831
75.903525 0.290881 0.379686
75.914392 0.296438 0.376045
75.925258 0.287436 0.371960
75.936125 0.278356 0.367490
75.946991 0.289080 0.362695
75.957858 0.274677 0.357637
75.968724 0.271233 0.352375
75.979590 0.266614 0.346967
75.990457 0.258082 0.341466
76.001323 0.260822 0.335920
76.012190 0.256125 0.330372
76.023056 0.242192 0.324860
76.033923 0.248532 0.319416
76.044789 0.235930 0.314068
76.055656 0.227710 0.308838
76.066522 0.230215 0.303746
76.077388 0.232564 0.298805
76.088255 0.231076 0.294027
76.099121 0.228023 0.289420
76.109988 0.224658 0.284991
76.120854 0.230137 0.280743
76.131721 0.221526 0.276679
76.142587 0.217613 0.272798
76.153453 0.221370 0.269100
76.164320 0.217534 0.265581
76.175186 0.224344 0.262240
76.186053 0.220665 0.259073
76.196919 0.215734 0.256074
76.207786 0.215499 0.253239
76.218652 0.216908 0.250563
76.229519 0.211742 0.248039
76.240385 0.217299 0.245663
76.251251 0.212681 0.243428
76.262118 0.214247 0.241328
76.272984 0.214795 0.239357
76.283851 0.212916 0.237508
76.294717 0.210176 0.235776
76.305584 0.212211 0.234155
76.316450 0.213386 0.232637
76.327317 0.214638 0.231218
76.338183 0.221057 0.229892
76.349049 0.225910 0.228652
76.359916 0.215969 0.227493
76.370782 0.217769 0.226410
76.381649 0.218317 0.225398
76.392515 0.211350 0.224451
76.403382 0.214716 0.223564
76.414248 0.211742 0.222734
76.425115 0.206262 0.221957
76.435981 0.212055 0.221227
76.446847 0.209237 0.220543
76.457714 0.217534 0.219899
76.468580 0.208611 0.219294
76.479447 0.208063 0.218725
76.490313 0.210802 0.218189
76.501180 0.209002 0.217683
76.512046 0.211742 0.217206
76.522912 0.207828 0.216756
76.533779 0.211507 0.216329
76.544645 0.211663 0.215926
76.555512 0.208297 0.215543
76.566378 0.207123 0.215179
76.577245 0.206888 0.214832
76.588111 0.213307 0.214500
76.598978 0.209550 0.214182
76.609844 0.212524 0.213876
76.620710 0.204853 0.213579
76.631577 0.208376 0.213292
76.642443 0.206810 0.213011
76.653310 0.215264 0.212737
76.664176 0.208767 0.212467
76.675043 0.205949 0.212201
76.685909 0.211663 0.211939
76.696776 0.207123 0.211681
76.707642 0.204149 0.211426
76.718508 0.208376 0.211174
76.729375 0.213464 0.210927
76.740241 0.204462 0.210684
76.751108 0.201644 0.210447
76.761974 0.213151 0.210217
76.772841 0.208219 0.209993
76.783707 0.201409 0.209778
76.794573 0.212994 0.209572
76.805440 0.207906 0.209376
76.816306 0.205558 0.209191
76.827173 0.206027 0.209018
76.838039 0.209237 0.208857
76.848906 0.199374 0.208710
76.859772 0.213620 0.208576
76.870639 0.208219 0.208456
76.881505 0.200157 0.208351
76.892371 0.208532 0.208261
76.903238 0.208219 0.208187
76.914104 0.217221 0.208128
76.924971 0.210959 0.208086
76.935837 0.204932 0.208060
76.946704 0.218395 0.208051
76.957570 0.213151 0.208059
76.968437 0.210568 0.208084
76.979303 0.207123 0.208127
76.990169 0.209080 0.208187
77.001036 0.213307 0.208264
77.011902 0.214247 0.208359
77.022769 0.212211 0.208471
77.033635 0.204227 0.208600
77.044502 0.217456 0.208747
77.055368 0.215890 0.208911
77.066234 0.215342 0.209091
77.077101 0.212838 0.209288
77.087967 0.212290 0.209500
77.098834 0.217613 0.209728
77.109700 0.211663 0.209970
77.120567 0.215186 0.210226
77.131433 0.211898 0.210495
77.142300 0.217378 0.210775
77.153166 0.211507 0.211066
77.164032 0.212994 0.211365
77.174899 0.216517 0.211671
77.185765 0.221370 0.211983
77.196632 0.220978 0.212297
77.207498 0.225597 0.212613
77.218365 0.216517 0.212927
77.229231 0.224266 0.213238
77.240098 0.224423 0.213542
77.250964 0.222231 0.213838
77.261830 0.223953 0.214124
77.272697 0.220431 0.214397
77.283563 0.227162 0.214656
77.294430 0.219413 0.214899
77.305296 0.228337 0.215126
77.316163 0.222857 0.215337
77.327029 0.226223 0.215531
77.337895 0.222701 0.215708
77.348762 0.225675 0.215868
77.359628 0.227006 0.216013
77.370495 0.229354 0.216144
77.381361 0.224266 0.216260
77.392228 0.229824 0.216364
77.403094 0.225127 0.216454
77.413961 0.223718 0.216533
77.424827 0.225519 0.216600
77.435693 0.230528 0.216656
77.446560 0.234912 0.216701
77.457426 0.227554 0.216735
77.468293 0.231076 0.216759
77.479159 0.224423 0.216773
77.490026 0.219804 0.216777
77.500892 0.219569 0.216773
77.511758 0.236086 0.216760
77.522625 0.224423 0.216739
77.533491 0.220352 0.216712
77.544358 0.225675 0.216679
77.555224 0.229667 0.216641
77.566091 0.228415 0.216600
77.576957 0.226771 0.216555
77.587824 0.219491 0.216509
77.598690 0.227789 0.216461
77.609556 0.223405 0.216414
77.620423 0.227867 0.216367
77.631289 0.228102 0.216322
77.642156 0.234051 0.216280
77.653022 0.233112 0.216241
77.663889 0.233581 0.216207
77.674755 0.233268 0.216178
77.685622 0.223092 0.216157
77.696488 0.230763 0.216144
77.707354 0.229667 0.216142
77.718221 0.229041 0.216151
77.729087 0.234599 0.216174
77.739954 0.239139 0.216211
77.750820 0.234286 0.216265
77.761687 0.241252 0.216337
77.772553 0.233973 0.216428
77.783420 0.234129 0.216539
77.794286 0.234677 0.216670
77.805152 0.230215 0.216823
77.816019 0.237339 0.216997
77.826885 0.236086 0.217193
77.837752 0.227084 0.217411
77.848618 0.233346 0.217650
77.859485 0.234129 0.217909
77.870351 0.238513 0.218189
77.881217 0.230763 0.218488
77.892084 0.217691 0.218804
77.902950 0.230215 0.219136
77.913817 0.227632 0.219482
77.924683 0.221996 0.219839
77.935550 0.221996 0.220205
77.946416 0.226223 0.220575
77.957283 0.228337 0.220946
77.968149 0.220274 0.221312
77.979015 0.224814 0.221669
77.989882 0.221135 0.222012
78.000748 0.227867 0.222334
78.011615 0.216438 0.222629
78.022481 0.219100 0.222892
78.033348 0.225440 0.223117
78.044214 0.225753 0.223298
78.055081 0.216517 0.223431
78.065947 0.223796 0.223513
78.076813 0.225049 0.223540
78.087680 0.221057 0.223513
78.098546 0.216517 0.223431
78.109413 0.225519 0.223296
78.120279 0.211272 0.223110
78.131146 0.218082 0.222877
78.142012 0.217691 0.222602
78.152878 0.210802 0.222290
78.163745 0.206575 0.221948
78.174611 0.211350 0.221580
78.185478 0.214325 0.221194
78.196344 0.207671 0.220796
78.207211 0.215108 0.220390
78.218077 0.213151 0.219982
78.228944 0.213855 0.219577
78.239810 0.209785 0.219179
78.250676 0.212211 0.218792
78.261543 0.215342 0.218419
78.272409 0.210489 0.218062
78.283276 0.222074 0.217724
78.294142 0.213933 0.217405
78.305009 0.213777 0.217107
78.315875 0.210568 0.216831
78.326741 0.216517 0.216577
78.337608 0.210489 0.216344
78.348474 0.219100 0.216132
78.359341 0.211585 0.215941
78.370207 0.213699 0.215769
78.381074 0.213151 0.215615
78.391940 0.210020 0.215479
78.402807 0.225675 0.215358
78.413673 0.208532 0.215252
78.424539 0.220587 0.215158
78.435406 0.218865 0.215076
78.446272 0.221996 0.215006
78.457139 0.210646 0.214946
78.468005 0.214951 0.214895
78.478872 0.210254 0.214854
78.489738 0.216673 0.214823
78.500605 0.208454 0.214801
78.511471 0.226536 0.214790
78.522337 0.212838 0.214790
78.533204 0.212603 0.214802
78.544070 0.217221 0.214826
78.554937 0.210098 0.214864
78.565803 0.221213 0.214917
78.576670 0.216204 0.214984
78.587536 0.213542 0.215067
78.598403 0.215577 0.215166
78.609269 0.215734 0.215282
78.620135 0.221370 0.215415
78.631002 0.215108 0.215564
78.641868 0.217299 0.215731
78.652735 0.222466 0.215915
78.663601 0.219726 0.216116
78.674468 0.228885 0.216333
78.685334 0.219335 0.216567
78.696200 0.219883 0.216817
78.707067 0.221135 0.217083
78.717933 0.226693 0.217365
78.728800 0.216986 0.217662
78.739666 0.223014 0.217975
78.750533 0.227867 0.218302
78.761399 0.217847 0.218645
78.772266 0.228415 0.219003
78.783132 0.223014 0.219375
78.793998 0.229667 0.219761
78.804865 0.224736 0.220161
78.815731 0.221448 0.220575
78.826598 0.227319 0.221002
78.837464 0.230607 0.221442
78.848331 0.230920 0.221894
78.859197 0.236791 0.222357
78.870064 0.230450 0.222833
78.880930 0.236243 0.223319
78.891796 0.230450 0.223815
78.902663 0.236086 0.224321
78.913529 0.232407 0.224836
78.924396 0.225127 0.225359
78.935262 0.232094 0.225890
78.946129 0.240626 0.226427
78.956995 0.231311 0.226969
78.967861 0.236086 0.227516
78.978728 0.233425 0.228066
78.989594 0.233581 0.228618
79.000461 0.226771 0.229172
79.011327 0.228337 0.229725
79.022194 0.229589 0.230277
79.033060 0.232720 0.230827
79.043927 0.228023 0.231375
79.054793 0.224110 0.231921
79.065659 0.236399 0.232464
79.076526 0.225597 0.233005
79.087392 0.228258 0.233544
79.098259 0.227397 0.234082
79.109125 0.238434 0.234619
79.119992 0.231233 0.235158
79.130858 0.237417 0.235699
79.141725 0.234442 0.236245
79.152591 0.228180 0.236797
79.163457 0.231468 0.237358
79.174324 0.237730 0.237930
79.185190 0.237573 0.238515
79.196057 0.244618 0.239117
79.206923 0.247045 0.239738
79.217790 0.241800 0.240382
79.228656 0.245871 0.241051
79.239522 0.255421 0.241749
79.250389 0.240078 0.242480
79.261255 0.248924 0.243247
79.272122 0.244618 0.244053
79.282988 0.250724 0.244901
79.293855 0.250489 0.245796
79.304721 0.251115 0.246741
79.315588 0.257691 0.247739
79.326454 0.259256 0.248794
79.337320 0.262466 0.249910
79.348187 0.264344 0.251090
79.359053 0.261761 0.252339
79.369920 0.271311 0.253660
79.380786 0.281174 0.255058
79.391653 0.278200 0.256535
79.402519 0.285871 0.258097
79.413386 0.274207 0.259748
79.424252 0.282270 0.261490
79.435118 0.289863 0.263329
79.445985 0.303875 0.265269
79.456851 0.304971 0.267313
79.467718 0.309980 0.269464
79.478584 0.303170 0.271725
79.489451 0.314912 0.274100
79.500317 0.319609 0.276589
79.511183 0.318121 0.279195
79.522050 0.321722 0.281916
79.532916 0.330489 0.284752
79.543783 0.326497 0.287700
79.554649 0.335342 0.290757
79.565516 0.334403 0.293915
79.576382 0.344344 0.297168
79.587249 0.337769 0.300505
79.598115 0.342309 0.303914
79.608981 0.344423 0.307378
79.619848 0.350763 0.310881
79.630714 0.347710 0.314401
79.641581 0.346223 0.317915
79.652447 0.350059 0.321395
79.663314 0.348180 0.324813
79.674180 0.349511 0.328136
79.685046 0.345362 0.331329
79.695913 0.333307 0.334358
79.706779 0.334012 0.337186
79.717646 0.340744 0.339775
79.728512 0.333229 0.342090
79.739379 0.330802 0.344097
79.750245 0.328924 0.345767
79.761112 0.320391 0.347075
79.771978 0.332133 0.348000
79.782844 0.312642 0.348530
79.793711 0.317417 0.348660
79.804577 0.320470 0.348392
79.815444 0.323601 0.347737
79.826310 0.327906 0.346711
79.837177 0.327750 0.345338
79.848043 0.317104 0.343647
79.858910 0.300039 0.341669
79.869776 0.303796 0.339439
79.880642 0.306536 0.336993
79.891509 0.305284 0.334368
79.902375 0.304501 0.331597
79.913242 0.297299 0.328714
79.924108 0.296673 0.325748
79.934975 0.292681 0.322727
79.945841 0.291742 0.319676
79.956708 0.289159 0.316616
79.967574 0.289863 0.313564
79.978440 0.291977 0.310537
79.989307 0.279217 0.307546
80.000173 0.277573 0.304603
80.011040 0.284540 0.301716
80.021906 0.267476 0.298892
80.032773 0.273033 0.296136
80.043639 0.267789 0.293453
80.054505 0.268415 0.290847
80.065372 0.259413 0.288320
80.076238 0.257378 0.285874
80.087105 0.259022 0.283513
80.097971 0.253072 0.281239
80.108838 0.246497 0.279053
80.119704 0.255264 0.276959
80.130571 0.254795 0.274957
80.141437 0.247436 0.273050
80.152303 0.240548 0.271240
80.163170 0.240391 0.269526
80.174036 0.250724 0.267911
80.184903 0.244540 0.266394
80.195769 0.248845 0.264976
80.206636 0.250254 0.263654
80.217502 0.246888 0.262428
80.228369 0.245479 0.261294
80.239235 0.247123 0.260252
80.250101 0.243914 0.259296
80.260968 0.247280 0.258423
80.271834 0.254012 0.257630
80.282701 0.247123 0.256911
80.293567 0.241800 0.256262
80.304434 0.239452 0.255678
80.315300 0.248924 0.255154
80.326166 0.238278 0.254686
80.337033 0.233973 0.254268
80.347899 0.241566 0.253896
80.358766 0.242192 0.253565
80.369632 0.248141 0.253272
80.380499 0.244462 0.253012
80.391365 0.245558 0.252783
80.402232 0.246888 0.252582
80.413098 0.255499 0.252407
80.423964 0.250724 0.252257
80.434831 0.244227 0.252131
80.445697 0.255186 0.252028
80.456564 0.254560 0.251948
80.467430 0.256438 0.251891
80.478297 0.255421 0.251858
80.489163 0.253072 0.251848
80.500030 0.252211 0.251861
80.510896 0.256282 0.251895
80.521762 0.257221 0.251950
80.532629 0.249237 0.252022
80.543495 0.246027 0.252110
80.554362 0.247906 0.252209
80.565228 0.249315 0.252316
80.576095 0.248141 0.252425
80.586961 0.256047 0.252532
80.597827 0.251820 0.252630
80.608694 0.243836 0.252716
80.619560 0.247593 0.252782
80.630427 0.251115 0.252825
80.641293 0.246341 0.252838
80.652160 0.242818 0.252819
80.663026 0.251507 0.252762
80.673893 0.246654 0.252667
80.684759 0.251350 0.252529
80.695625 0.246106 0.252347
80.706492 0.249550 0.252122
80.717358 0.246262 0.251853
80.728225 0.238278 0.251540
80.739091 0.240705 0.251185
80.749958 0.238121 0.250791
80.760824 0.241487 0.250359
80.771691 0.238356 0.249891
80.782557 0.234755 0.249392
80.793423 0.234129 0.248864
80.804290 0.233973 0.248310
80.815156 0.225753 0.247734
80.826023 0.227789 0.247138
80.836889 0.225675 0.246526
80.847756 0.222622 0.245900
80.858622 0.223953 0.245263
80.869488 0.225597 0.244620
80.880355 0.221213 0.243971
80.891221 0.220900 0.243322
80.902088 0.218317 0.242674
80.912954 0.216595 0.242030
80.923821 0.211350 0.241395
80.934687 0.215812 0.240770
80.945554 0.217769 0.240159
80.956420 0.215029 0.239563
80.967286 0.214795 0.238986
80.978153 0.215029 0.238429
80.989019 0.218943 0.237893
80.999886 0.212524 0.237380
81.010752 0.218630 0.236888
81.021619 0.220039 0.236417
81.032485 0.216125 0.235967
81.043351 0.212446 0.235535
81.054218 0.212446 0.235119
81.065084 0.214012 0.234716
81.075951 0.222387 0.234322
81.086817 0.219335 0.233935
81.097684 0.215734 0.233549
81.108550 0.211820 0.233162
81.119417 0.216830 0.232769
81.130283 0.215186 0.232368
81.141149 0.221840 0.231955
81.152016 0.216986 0.231529
81.162882 0.220744 0.231089
81.173749 0.216125 0.230633
81.184615 0.211820 0.230161
81.195482 0.217299 0.229676
81.206348 0.215969 0.229179
81.217215 0.214638 0.228671
81.228081 0.207045 0.228156
81.238947 0.211898 0.227638
81.249814 0.217613 0.227119
81.260680 0.212916 0.226604
81.271547 0.219961 0.226095
81.282413 0.214325 0.225598
81.293280 0.221761 0.225115
81.304146 0.219804 0.224649
81.315013 0.217926 0.224203
81.325879 0.213307 0.223780
81.336745 0.213699 0.223382
81.347612 0.213855 0.223010
81.358478 0.222466 0.222667
81.369345 0.227084 0.222354
81.380211 0.215029 0.222071
81.391078 0.214873 0.221820
81.401944 0.224031 0.221600
81.412810 0.229041 0.221411
81.423677 0.223875 0.221255
81.434543 0.225519 0.221129
81.445410 0.220274 0.221033
81.456276 0.225284 0.220968
81.467143 0.220587 0.220930
81.478009 0.223562 0.220920
81.488876 0.225284 0.220934
81.499742 0.227554 0.220973
81.510608 0.222153 0.221032
81.521475 0.223562 0.221111
81.532341 0.228102 0.221206
81.543208 0.221370 0.221315
81.554074 0.229589 0.221434
81.564941 0.226771 0.221562
81.575807 0.229276 0.221695
81.586674 0.223014 0.221830
81.597540 0.219961 0.221965
81.608406 0.230294 0.222097
81.619273 0.223405 0.222224
81.630139 0.225205 0.222344
81.641006 0.213386 0.222456
81.651872 0.226067 0.222558
81.662739 0.224031 0.222651
81.673605 0.214795 0.222733
81.684471 0.220744 0.222804
81.695338 0.219569 0.222864
81.706204 0.216360 0.222914
81.717071 0.215969 0.222953
81.727937 0.218004 0.222982
81.738804 0.217065 0.223001
81.749670 0.216908 0.223010
81.760537 0.223718 0.223010
81.771403 0.218552 0.223000
81.782269 0.215108 0.222980
81.793136 0.214951 0.222950
81.804002 0.220196 0.222910
81.814869 0.221918 0.222860
81.825735 0.212524 0.222800
81.836602 0.219569 0.222731
81.847468 0.219100 0.222654
81.858334 0.223327 0.222568
81.869201 0.214951 0.222477
81.880067 0.223405 0.222380
81.890934 0.208767 0.222282
81.901800 0.208845 0.222183
81.912667 0.213464 0.222086
81.923533 0.208454 0.221994
81.934400 0.210802 0.221911
81.945266 0.217534 0.221839
81.956132 0.215890 0.221780
81.966999 0.209315 0.221739
81.977865 0.214873 0.221716
81.988732 0.216751 0.221716
81.999598 0.216438 0.221740
82.010465 0.211507 0.221789
82.021331 0.219178 0.221867
82.032198 0.216908 0.221973
82.043064 0.209706 0.222110
82.053930 0.215342 0.222277
82.064797 0.212055 0.222476
82.075663 0.216282 0.222706
82.086530 0.212994 0.222968
82.097396 0.222622 0.223260
82.108263 0.216282 0.223582
82.119129 0.223953 0.223933
82.129996 0.225440 0.224312
82.140862 0.213777 0.224716
82.151728 0.216673 0.225143
82.162595 0.225440 0.225591
82.173461 0.223640 0.226058
82.184328 0.224658 0.226538
82.195194 0.226536 0.227029
82.206061 0.224814 0.227527
82.216927 0.222857 0.228025
82.227793 0.236399 0.228520
82.238660 0.226536 0.229006
82.249526 0.238043 0.229478
82.260393 0.225284 0.229928
82.271259 0.237339 0.230353
82.282126 0.230920 0.230745
82.292992 0.235616 0.231101
82.303859 0.233659 0.231414
82.314725 0.240548 0.231681
82.325591 0.235930 0.231899
82.336458 0.248767 0.232065
82.347324 0.242505 0.232177
82.358191 0.247828 0.232235
82.369057 0.243131 0.232239
82.379924 0.243209 0.232190
82.390790 0.254795 0.232089
82.401657 0.246732 0.231938
82.412523 0.250411 0.231740
82.423389 0.255264 0.231497
82.434256 0.253777 0.231213
82.445122 0.256438 0.230891
82.455989 0.251507 0.230534
82.466855 0.262387 0.230145
82.477722 0.255342 0.229728
82.488588 0.258082 0.229287
82.499454 0.257534 0.228825
82.510321 0.255812 0.228347
82.521187 0.247593 0.227855
82.532054 0.248924 0.227355
82.542920 0.244462 0.226850
82.553787 0.237182 0.226345
82.564653 0.242740 0.225843
82.575520 0.236477 0.225349
82.586386 0.237025 0.224865
82.597252 0.232564 0.224396
82.608119 0.238278 0.223945
82.618985 0.229276 0.223515
82.629852 0.227789 0.223109
82.640718 0.236243 0.222730
82.651585 0.225675 0.222378
82.662451 0.231937 0.222058
82.673318 0.225049 0.221770
82.684184 0.229980 0.221515
82.695050 0.232720 0.221296
82.705917 0.232564 0.221113
82.716783 0.236477 0.220967
82.727650 0.235930 0.220858
82.738516 0.230450 0.220787
82.749383 0.223014 0.220755
82.760249 0.238748 0.220762
82.771115 0.229198 0.220807
82.781982 0.230294 0.220890
82.792848 0.228650 0.221012
82.803715 0.222701 0.221171
82.814581 0.223875 0.221367
82.825448 0.219961 0.221600
82.836314 0.211898 0.221867
82.847181 0.219491 0.222169
82.858047 0.216438 0.222502
82.868913 0.221605 0.222867
82.879780 0.220196 0.223260
82.890646 0.202740 0.223679
82.901513 0.217221 0.224122
82.912379 0.215577 0.224586
82.923246 0.213620 0.225068
82.934112 0.214795 0.225564
82.944979 0.212603 0.226072
82.955845 0.223718 0.226587
82.966711 0.215342 0.227106
82.977578 0.220978 0.227625
82.988444 0.219961 0.228142
82.999311 0.216908 0.228651
83.010177 0.217691 0.229152
83.021044 0.215577 0.229641
83.031910 0.216673 0.230116
83.042776 0.221292 0.230575
83.053643 0.218787 0.231017
83.064509 0.228102 0.231441
83.075376 0.217847 0.231846
83.086242 0.218474 0.232233
83.097109 0.216047 0.232601
83.107975 0.212368 0.232949
83.118842 0.220744 0.233278
83.129708 0.222466 0.233587
83.140574 0.222857 0.233875
83.151441 0.219804 0.234142
83.162307 0.227710 0.234387
83.173174 0.215656 0.234608
83.184040 0.230059 0.234803
83.194907 0.221370 0.234972
83.205773 0.227554 0.235111
83.216639 0.228258 0.235220
83.227506 0.226849 0.235296
83.238372 0.224501 0.235340
83.249239 0.221918 0.235348
83.260105 0.224736 0.235323
83.270972 0.223718 0.235262
83.281838 0.226223 0.235168
83.292705 0.224266 0.235041
83.303571 0.219100 0.234882
83.314437 0.219648 0.234694
83.325304 0.231076 0.234479
83.336170 0.221683 0.234239
83.347037 0.219100 0.233976
83.357903 0.222622 0.233694
83.368770 0.224423 0.233393
83.379636 0.220431 0.233076
83.390503 0.220509 0.232746
83.401369 0.225753 0.232404
83.412235 0.215499 0.232052
83.423102 0.213933 0.231692
83.433968 0.219178 0.231326
83.444835 0.214560 0.230956
83.455701 0.224736 0.230583
83.466568 0.223014 0.230210
83.477434 0.222857 0.229839
83.488301 0.226771 0.229471
83.499167 0.221370 0.229109
83.510033 0.219413 0.228754
83.520900 0.229902 0.228408
83.531766 0.213229 0.228072
83.542633 0.220039 0.227746
83.553499 0.212916 0.227432
83.564366 0.229824 0.227130
83.575232 0.220039 0.226839
83.586098 0.214325 0.226559
83.596965 0.221683 0.226289
83.607831 0.212838 0.226029
83.618698 0.216360 0.225775
83.629564 0.206027 0.225528
83.640431 0.216360 0.225286
83.651297 0.214560 0.225047
83.662164 0.214168 0.224810
83.673030 0.213151 0.224574
83.683896 0.213151 0.224338
83.694763 0.206184 0.224101
83.705629 0.219491 0.223864
83.716496 0.213151 0.223626
83.727362 0.211429 0.223388
83.738229 0.223953 0.223150
83.749095 0.214012 0.222914
83.759962 0.219804 0.222680
83.770828 0.213933 0.222450
83.781694 0.210411 0.222225
83.792561 0.213777 0.222006
83.803427 0.214481 0.221795
83.814294 0.214716 0.221591
83.825160 0.209002 0.221397
83.836027 0.215969 0.221213
83.846893 0.214012 0.221040
83.857759 0.216830 0.220879
83.868626 0.217378 0.220731
83.879492 0.218708 0.220596
83.890359 0.216986 0.220474
83.901225 0.217065 0.220367
83.912092 0.215812 0.220274
83.922958 0.216908 0.220197
83.933825 0.218239 0.220135
83.944691 0.220196 0.220090
83.955557 0.214873 0.220061
83.966424 0.226301 0.220047
83.977290 0.223405 0.220051
83.988157 0.213699 0.220069
83.999023 0.221683 0.220104
84.009890 0.217926 0.220153
84.020756 0.221213 0.220217
84.031622 0.213151 0.220293
84.042489 0.218552 0.220382
84.053355 0.218239 0.220481
84.064222 0.223170 0.220589
84.075088 0.220978 0.220705
84.085955 0.212759 0.220827
84.096821 0.216751 0.220954
84.107688 0.226301 0.221085
84.118554 0.222857 0.221217
84.129420 0.215734 0.221351
84.140287 0.218865 0.221485
84.151153 0.216673 0.221618
84.162020 0.220117 0.221752
84.172886 0.213307 0.221885
84.183753 0.218395 0.222018
84.194619 0.219335 0.222152
84.205486 0.219022 0.222289
84.216352 0.218630 0.222429
84.227218 0.226301 0.222574
84.238085 0.220822 0.222725
84.248951 0.217299 0.222884
84.259818 0.218708 0.223052
84.270684 0.219804 0.223232
84.281551 0.235616 0.223424
84.292417 0.223562 0.223629
84.303284 0.225753 0.223848
84.314150 0.228415 0.224082
84.325016 0.228963 0.224331
84.335883 0.236399 0.224596
84.346749 0.236321 0.224876
84.357616 0.231781 0.225171
84.368482 0.231546 0.225480
84.379349 0.235303 0.225803
84.390215 0.234051 0.226140
84.401081 0.232172 0.226489
84.411948 0.234677 0.226850
84.422814 0.238748 0.227222
84.433681 0.236477 0.227605
84.444547 0.238434 0.227998
84.455414 0.247358 0.228400
84.466280 0.242035 0.228812
84.477147 0.242505 0.229234
84.488013 0.248767 0.229664
84.498879 0.240157 0.230103
84.509746 0.247984 0.230550
84.520612 0.244932 0.231005
84.531479 0.247671 0.231467
84.542345 0.241409 0.231934
84.553212 0.249863 0.232405
84.564078 0.241879 0.232878
84.574945 0.245245 0.233351
84.585811 0.239374 0.233821
84.596677 0.243444 0.234286
84.607544 0.229667 0.234741
84.618410 0.235695 0.235184
84.629277 0.230998 0.235611
84.640143 0.234599 0.236020
84.651010 0.228885 0.236406
84.661876 0.231311 0.236767
84.672742 0.225205 0.237100
84.683609 0.218239 0.237404
84.694475 0.232094 0.237678
84.705342 0.221292 0.237919
84.716208 0.227789 0.238127
84.727075 0.226849 0.238303
84.737941 0.231468 0.238445
84.748808 0.234755 0.238554
84.759674 0.229667 0.238630
84.770540 0.232877 0.238672
84.781407 0.228963 0.238680
84.792273 0.221057 0.238654
84.803140 0.223640 0.238593
84.814006 0.227710 0.238497
84.824873 0.225675 0.238365
84.835739 0.223014 0.238195
84.846606 0.222153 0.237989
84.857472 0.214481 0.237745
84.868338 0.226928 0.237464
84.879205 0.215186 0.237146
84.890071 0.220352 0.236793
84.900938 0.220587 0.236406
84.911804 0.217065 0.235988
84.922671 0.222544 0.235540
84.933537 0.212759 0.235066
84.944403 0.218239 0.234569
84.955270 0.212133 0.234051
84.966136 0.218160 0.233516
84.977003 0.213933 0.232967
84.987869 0.215890 0.232406
84.998736 0.216595 0.231837
85.009602 0.215264 0.231262
85.020469 0.218239 0.230684
85.031335 0.222701 0.230103
85.042201 0.218004 0.229524
85.053068 0.217378 0.228947
85.063934 0.226067 0.228375
85.074801 0.212603 0.227808
85.085667 0.220900 0.227250
85.096534 0.221292 0.226702
85.107400 0.211507 0.226165
85.118267 0.220665 0.225642
85.129133 0.231076 0.225133
85.139999 0.228337 0.224641
85.150866 0.221761 0.224167
85.161732 0.223875 0.223712
85.172599 0.218865 0.223278
85.183465 0.225675 0.222865
85.194332 0.222779 0.222475
85.205198 0.224736 0.222107
85.216064 0.227162 0.221762
85.226931 0.223249 0.221442
85.237797 0.220587 0.221144
85.248664 0.224266 0.220871
85.259530 0.226693 0.220620
85.270397 0.225127 0.220393
85.281263 0.228337 0.220187
85.292130 0.226145 0.220004
85.302996 0.220431 0.219841
85.313862 0.216673 0.219697
85.324729 0.220587 0.219573
85.335595 0.220509 0.219467
85.346462 0.227554 0.219377
85.357328 0.223953 0.219302
85.368195 0.216125 0.219242
85.379061 0.227789 0.219196
85.389927 0.216595 0.219161
85.400794 0.222857 0.219138
85.411660 0.220744 0.219125
85.422527 0.220431 0.219121
85.433393 0.216204 0.219126
85.444260 0.217065 0.219139
85.455126 0.216204 0.219160
85.465993 0.233346 0.219188
85.476859 0.230685 0.219223
85.487725 0.220352 0.219265
85.498592 0.217691 0.219313
85.509458 0.219569 0.219367
85.520325 0.224344 0.219427
85.531191 0.213699 0.219493
85.542058 0.222779 0.219564
85.552924 0.218317 0.219641
85.563791 0.216830 0.219724
85.574657 0.215890 0.219811
85.585523 0.217769 0.219904
85.596390 0.215577 0.220001
85.607256 0.222153 0.220103
85.618123 0.219491 0.220209
85.628989 0.220039 0.220319
85.639856 0.220431 0.220434
85.650722 0.216830 0.220553
85.661589 0.216517 0.220676
85.672455 0.221683 0.220804
85.683321 0.213855 0.220936
85.694188 0.226614 0.221072
85.705054 0.225988 0.221213
85.715921 0.221840 0.221360
85.726787 0.212838 0.221512
85.737654 0.221448 0.221669
85.748520 0.218865 0.221833
85.759386 0.208454 0.222003
85.770253 0.215499 0.222181
85.781119 0.223953 0.222365
85.791986 0.219256 0.222557
85.802852 0.216204 0.222758
85.813719 0.216204 0.222966
85.824585 0.217378 0.223183
85.835452 0.223483 0.223407
85.846318 0.220587 0.223640
85.857184 0.224971 0.223881
85.868051 0.220587 0.224128
85.878917 0.228650 0.224382
85.889784 0.224736 0.224641
85.900650 0.219726 0.224904
85.911517 0.221292 0.225170
85.922383 0.217613 0.225437
85.933250 0.216282 0.225704
85.944116 0.217926 0.225967
85.954982 0.217613 0.226226
85.965849 0.218630 0.226477
85.976715 0.217456 0.226718
85.987582 0.207280 0.226946
85.998448 0.224031 0.227160
86.009315 0.217847 0.227356
86.020181 0.209550 0.227533
86.031047 0.215342 0.227688
86.041914 0.217065 0.227819
86.052780 0.220352 0.227927
86.063647 0.214168 0.228008
86.074513 0.214560 0.228064
86.085380 0.215577 0.228093
86.096246 0.219648 0.228097
86.107113 0.211585 0.228075
86.117979 0.216047 0.228029
86.128845 0.213151 0.227961
86.139712 0.216986 0.227871
86.150578 0.210333 0.227762
86.161445 0.216282 0.227636
86.172311 0.207280 0.227495
86.183178 0.216751 0.227341
86.194044 0.214325 0.227177
86.204910 0.210254 0.227005
86.215777 0.206575 0.226827
86.226643 0.213699 0.226647
86.237510 0.215734 0.226468
86.248376 0.209237 0.226290
86.259243 0.209080 0.226118
86.270109 0.214247 0.225953
86.280976 0.222544 0.225797
86.291842 0.216517 0.225653
86.302708 0.212838 0.225523
86.313575 0.212681 0.225408
86.324441 0.212916 0.225310
86.335308 0.214951 0.225230
86.346174 0.212055 0.225169
86.357041 0.220431 0.225127
86.367907 0.213855 0.225107
86.378774 0.218943 0.225108
86.389640 0.217613 0.225130
86.400506 0.204853 0.225174
86.411373 0.214168 0.225240
86.422239 0.213386 0.225328
86.433106 0.217221 0.225438
86.443972 0.227867 0.225570
86.454839 0.220822 0.225724
86.465705 0.223483 0.225900
86.476572 0.222779 0.226098
86.487438 0.214951 0.226317
86.498304 0.220117 0.226558
86.509171 0.224892 0.226819
86.520037 0.222935 0.227102
86.530904 0.225753 0.227404
86.541770 0.223327 0.227726
86.552637 0.223953 0.228066
86.563503 0.235068 0.228423
86.574369 0.225910 0.228796
86.585236 0.223953 0.229183
86.596102 0.226145 0.229582
86.606969 0.231781 0.229990
86.617835 0.233503 0.230405
86.628702 0.229198 0.230825
86.639568 0.233425 0.231245
86.650435 0.241722 0.231664
86.661301 0.239765 0.232077
86.672167 0.239217 0.232482
86.683034 0.236243 0.232875
86.693900 0.250176 0.233254
86.704767 0.240313 0.233616
86.715633 0.253777 0.233959
86.726500 0.245714 0.234282
86.737366 0.244149 0.234583
86.748233 0.252681 0.234863
86.759099 0.251429 0.235122
86.769965 0.256438 0.235361
86.780832 0.256830 0.235582
86.791698 0.256595 0.235787
86.802565 0.252211 0.235978
86.813431 0.250959 0.236159
86.824298 0.258552 0.236333
86.835164 0.252603 0.236503
86.846030 0.253933 0.236672
86.856897 0.252211 0.236843
86.867763 0.247280 0.237019
86.878630 0.249315 0.237203
86.889496 0.250646 0.237395
86.900363 0.251585 0.237598
86.911229 0.250098 0.237813
86.922096 0.251977 0.238041
86.932962 0.241252 0.238282
86.943828 0.246419 0.238536
86.954695 0.243992 0.238803
86.965561 0.243914 0.239081
86.976428 0.244149 0.239371
86.987294 0.246419 0.239670
86.998161 0.252290 0.239976
87.009027 0.248454 0.240289
87.019894 0.243679 0.240606
87.030760 0.244618 0.240925
87.041626 0.257299 0.241243
87.052493 0.242896 0.241559
87.063359 0.250881 0.241869
87.074226 0.245401 0.242172
87.085092 0.247280 0.242464
87.095959 0.252055 0.242743
87.106825 0.248454 0.243007
87.117691 0.249785 0.243253
87.128558 0.253151 0.243480
87.139424 0.247593 0.243686
87.150291 0.243366 0.243871
87.161157 0.237104 0.244033
87.172024 0.235225 0.244172
87.182890 0.234755 0.244288
87.193757 0.226771 0.244382
87.204623 0.233581 0.244455
87.215489 0.223718 0.244508
87.226356 0.225910 0.244544
87.237222 0.224736 0.244565
87.248089 0.225675 0.244574
87.258955 0.227554 0.244574
87.269822 0.229041 0.244567
87.280688 0.219022 0.244557
87.291555 0.221135 0.244548
87.302421 0.222779 0.244542
87.313287 0.225127 0.244544
87.324154 0.220117 0.244555
87.335020 0.230294 0.244579
87.345887 0.223249 0.244618
87.356753 0.220509 0.244676
87.367620 0.226693 0.244753
87.378486 0.220039 0.244852
87.389352 0.212290 0.244975
87.400219 0.223405 0.245122
87.411085 0.223796 0.245294
87.421952 0.225205 0.245493
87.432818 0.223875 0.245717
87.443685 0.220039 0.245967
87.454551 0.218474 0.246242
87.465418 0.221605 0.246541
87.476284 0.220900 0.246861
87.487150 0.213699 0.247202
87.498017 0.227162 0.247560
87.508883 0.217221 0.247932
87.519750 0.219961 0.248315
87.530616 0.219178 0.248704
87.541483 0.223014 0.249094
87.552349 0.221761 0.249481
87.563215 0.222779 0.249860
87.574082 0.217534 0.250225
87.584948 0.211977 0.250572
87.595815 0.221370 0.250895
87.606681 0.215969 0.251190
87.617548 0.213307 0.251453
87.628414 0.221605 0.251678
87.639281 0.218395 0.251864
87.650147 0.221683 0.252006
87.661013 0.215890 0.252102
87.671880 0.221761 0.252151
87.682746 0.216047 0.252151
87.693613 0.218787 0.252100
87.704479 0.222779 0.251999
87.715346 0.223249 0.251847
87.726212 0.225910 0.251644
87.737079 0.235851 0.251391
87.747945 0.231076 0.251088
87.758811 0.221918 0.250737
87.769678 0.228415 0.250338
87.780544 0.225519 0.249895
87.791411 0.226614 0.249408
87.802277 0.240078 0.248880
87.813144 0.232877 0.248314
87.824010 0.240939 0.247713
87.834877 0.231859 0.247080
87.845743 0.239374 0.246418
87.856609 0.238200 0.245732
87.867476 0.246654 0.245025
87.878342 0.250959 0.244300
87.889209 0.243444 0.243563
87.900075 0.240000 0.242817
87.910942 0.234677 0.242067
87.921808 0.243053 0.241316
87.932674 0.231233 0.240568
87.943541 0.240705 0.239828
87.954407 0.229511 0.239098
87.965274 0.231937 0.238383
87.976140 0.227554 0.237684
87.987007 0.239217 0.237006
87.997873 0.226301 0.236351
88.008740 0.230920 0.235721
88.019606 0.228963 0.235118
88.030472 0.217847 0.234544
88.041339 0.230294 0.234000
88.052205 0.229432 0.233487
88.063072 0.235225 0.233007
88.073938 0.226380 0.232561
88.084805 0.232094 0.232148
88.095671 0.234129 0.231770
88.106538 0.225049 0.231426
88.117404 0.223640 0.231118
88.128270 0.231937 0.230844
88.139137 0.233973 0.230605
88.150003 0.229198 0.230402
88.160870 0.237339 0.230232
88.171736 0.233894 0.230098
88.182603 0.224423 0.229998
88.193469 0.237965 0.229932
88.204335 0.233581 0.229900
88.215202 0.229980 0.229901
88.226068 0.230607 0.229936
88.236935 0.226614 0.230003
88.247801 0.232250 0.230103
88.258668 0.228180 0.230233
88.269534 0.228415 0.230395
88.280401 0.220665 0.230586
88.291267 0.222935 0.230806
88.302133 0.226067 0.231054
88.313000 0.223796 0.231329
88.323866 0.231937 0.231628
88.334733 0.221526 0.231951
88.345599 0.225753 0.232297
88.356466 0.234442 0.232662
88.367332 0.221918 0.233046
88.378199 0.224736 0.233447
88.389065 0.234834 0.233863
88.399931 0.226145 0.234292
88.410798 0.235460 0.234733
88.421664 0.227789 0.235185
88.432531 0.230920 0.235645
88.443397 0.227084 0.236114
88.454264 0.236008 0.236591
88.465130 0.228728 0.237074
88.475996 0.235303 0.237565
88.486863 0.239843 0.238062
88.497729 0.233659 0.238566
88.508596 0.236243 0.239078
88.519462 0.237182 0.239598
88.530329 0.232094 0.240125
88.541195 0.237025 0.240661
88.552062 0.231468 0.241206
88.562928 0.230528 0.241760
88.573794 0.232955 0.242321
88.584661 0.239217 0.242890
88.595527 0.242348 0.243466
88.606394 0.232720 0.244046
88.617260 0.234521 0.244630
88.628127 0.238356 0.245213
88.638993 0.234051 0.245795
88.649860 0.235068 0.246370
88.660726 0.230215 0.246935
88.671592 0.226614 0.247487
88.682459 0.220978 0.248019
88.693325 0.226067 0.248529
88.704192 0.222153 0.249011
88.715058 0.223718 0.249461
88.725925 0.227241 0.249873
88.736791 0.224736 0.250244
88.747657 0.226536 0.250570
88.758524 0.217221 0.250848
88.769390 0.221057 0.251075
88.780257 0.228493 0.251249
88.791123 0.221292 0.251371
88.801990 0.222857 0.251439
88.812856 0.227006 0.251455
88.823723 0.226928 0.251420
88.834589 0.222779 0.251336
88.845455 0.216595 0.251208
88.856322 0.234834 0.251038
88.867188 0.219648 0.250831
88.878055 0.224031 0.250591
88.888921 0.227945 0.250323
88.899788 0.227632 0.250031
88.910654 0.226458 0.249721
88.921520 0.222544 0.249396
88.932387 0.218317 0.249061
88.943253 0.229041 0.248720
88.954120 0.217534 0.248377
88.964986 0.226380 0.248035
88.975853 0.225519 0.247696
88.986719 0.224658 0.247364
88.997586 0.215577 0.247040
89.008452 0.219491 0.246725
89.019318 0.226693 0.246419
89.030185 0.218474 0.246124
89.041051 0.230528 0.245838
89.051918 0.222309 0.245561
89.062784 0.214560 0.245291
89.073651 0.223092 0.245027
89.084517 0.226223 0.244766
89.095384 0.223170 0.244506
89.106250 0.223875 0.244244
89.117116 0.220196 0.243976
89.127983 0.222153 0.243700
89.138849 0.222779 0.243412
89.149716 0.221526 0.243109
89.160582 0.226301 0.242788
89.171449 0.222857 0.242446
89.182315 0.224892 0.242082
89.193182 0.224971 0.241693
89.204048 0.214012 0.241278
89.214914 0.222779 0.240837
89.225781 0.217769 0.240369
89.236647 0.226928 0.239876
89.247514 0.223405 0.239359
89.258380 0.229824 0.238820
89.269247 0.219413 0.238261
89.280113 0.216282 0.237686
89.290979 0.221683 0.237095
89.301846 0.218474 0.236494
89.312712 0.213229 0.235886
89.323579 0.217221 0.235272
89.334445 0.217613 0.234657
89.345312 0.215890 0.234043
89.356178 0.226380 0.233433
89.367045 0.220039 0.232829
89.377911 0.218630 0.232234
89.388777 0.211663 0.231648
89.399644 0.216438 0.231075
89.410510 0.219569 0.230515
89.421377 0.216204 0.229969
89.432243 0.218552 0.229438
89.443110 0.221605 0.228922
89.453976 0.210959 0.228423
89.464843 0.212368 0.227939
89.475709 0.209941 0.227472
89.486575 0.213777 0.227020
89.497442 0.217221 0.226584
89.508308 0.207828 0.226163
89.519175 0.214012 0.225757
89.530041 0.211663 0.225366
89.540908 0.218160 0.224988
89.551774 0.220744 0.224624
89.562640 0.211820 0.224273
89.573507 0.215342 0.223934
89.584373 0.218160 0.223607
89.595240 0.216125 0.223292
89.606106 0.210724 0.222988
89.616973 0.215421 0.222695
89.627839 0.217769 0.222412
89.638706 0.218474 0.222140
89.649572 0.218943 0.221878
89.660438 0.219883 0.221625
89.671305 0.215264 0.221383
89.682171 0.216282 0.221149
89.693038 0.219648 0.220925
89.703904 0.218943 0.220710
89.714771 0.221213 0.220503
89.725637 0.214403 0.220305
89.736503 0.217456 0.220115
89.747370 0.216047 0.219932
89.758236 0.215734 0.219757
89.769103 0.214873 0.219588
89.779969 0.218865 0.219427
89.790836 0.217691 0.219271
89.801702 0.222387 0.219121
89.812569 0.218943 0.218977
89.823435 0.216360 0.218837
89.834301 0.218708 0.218703
89.845168 0.217691 0.218572
89.856034 0.224423 0.218445
89.866901 0.206810 0.218321
89.877767 0.212916 0.218199
89.888634 0.211742 0.218080
89.899500 0.216204 0.217963
89.910367 0.215577 0.217846
89.921233 0.216751 0.217731
89.932099 0.228728 0.217616
89.942966 0.214481 0.217502
89.953832 0.225205 0.217387
89.964699 0.219256 0.217272
89.975565 0.228102 0.217157
89.986432 0.222231 0.217041
89.997298 0.225440 0.216925
90.008165 0.219256 0.216809
90.019031 0.227867 0.216692
90.029897 0.222701 0.216576
90.040764 0.224344 0.216460
90.051630 0.217847 0.216345
90.062497 0.223170 0.216231
90.073363 0.226614 0.216117
90.084230 0.221840 0.216006
90.095096 0.223640 0.215895
90.105962 0.221292 0.215787
90.116829 0.219491 0.215681
90.127695 0.221840 0.215577
90.138562 0.236947 0.215476
90.149428 0.222309 0.215378
90.160295 0.220039 0.215282
90.171161 0.234521 0.215189
90.182028 0.231859 0.215099
90.192894 0.231233 0.215012
90.203760 0.219961 0.214928
90.214627 0.229902 0.214847
90.225493 0.233190 0.214768
90.236360 0.228650 0.214693
90.247226 0.230059 0.214621
90.258093 0.222857 0.214552
90.268959 0.227162 0.214486
90.279826 0.228885 0.214422
90.290692 0.225440 0.214361
90.301558 0.224971 0.214303
90.312425 0.217613 0.214248
90.323291 0.222231 0.214195
90.334158 0.217299 0.214145
90.345024 0.215577 0.214097
90.355891 0.233425 0.214051
90.366757 0.224501 0.214008
90.377623 0.224423 0.213967
90.388490 0.221683 0.213927
90.399356 0.218708 0.213890
90.410223 0.223640 0.213855
90.421089 0.227710 0.213822
90.431956 0.222544 0.213791
90.442822 0.221370 0.213761
90.453689 0.218552 0.213733
90.464555 0.225910 0.213707
90.475421 0.214403 0.213682
90.486288 0.227710 0.213659
90.497154 0.226380 0.213637
90.508021 0.224031 0.213616
90.518887 0.225127 0.213597
90.529754 0.230841 0.213579
90.540620 0.233346 0.213562
90.551487 0.219961 0.213547
90.562353 0.228650 0.213532
90.573219 0.224736 0.213518
90.584086 0.220117 0.213506
90.594952 0.229589 0.213494
90.605819 0.232955 0.213483
90.616685 0.228571 0.213473
90.627552 0.215577 0.213464
90.638418 0.224110 0.213456
90.649284 0.224814 0.213448
90.660151 0.224188 0.213441
90.671017 0.230294 0.213435
90.681884 0.217769 0.213429
90.692750 0.227397 0.213424
90.703617 0.226223 0.213420
90.714483 0.230607 0.213416
90.725350 0.227554 0.213413
90.736216 0.224501 0.213410
90.747082 0.221918 0.213408
90.757949 0.221448 0.213407
90.768815 0.217613 0.213405
90.779682 0.222231 0.213405
90.790548 0.221918 0.213404
90.801415 0.214481 0.213404
90.812281 0.218787 0.213405
90.823148 0.220822 0.213406
90.834014 0.225910 0.213407
90.844880 0.223405 0.213409
90.855747 0.216517 0.213411
90.866613 0.223875 0.213413
90.877480 0.225597 0.213416
90.888346 0.212446 0.213419
90.899213 0.216595 0.213422
90.910079 0.218865 0.213426
90.920945 0.219100 0.213430
90.931812 0.219804 0.213434
90.942678 0.218865 0.213439
90.953545 0.224423 0.213444
90.964411 0.222387 0.213449
90.975278 0.222544 0.213454
90.986144 0.225832 0.213460
90.997011 0.215969 0.213465
91.007877 0.213777 0.213471
91.018743 0.220978 0.213478
91.029610 0.216595 0.213484
91.040476 0.218630 0.213491
91.051343 0.221996 0.213498
91.062209 0.222309 0.213505
91.073076 0.221292 0.213513
91.083942 0.222779 0.213520
91.094808 0.217926 0.213528
91.105675 0.216282 0.213536
91.116541 0.215421 0.213544
91.127408 0.212446 0.213553
91.138274 0.226301 0.213561
91.149141 0.212994 0.213570
91.160007 0.220352 0.213579
91.170874 0.212211 0.213588
91.181740 0.212524 0.213597
91.192606 0.214481 0.213607
91.203473 0.223875 0.213616
91.214339 0.218004 0.213626
91.225206 0.216517 0.213636
91.236072 0.219491 0.213646
91.246939 0.217847 0.213656
91.257805 0.216986 0.213666
91.268672 0.221292 0.213677
91.279538 0.214090 0.213687
91.290404 0.222935 0.213698
91.301271 0.217769 0.213709
91.312137 0.224736 0.213720
91.323004 0.216047 0.213731
91.333870 0.219804 0.213742
91.344737 0.217847 0.213754
91.355603 0.228102 0.213765
91.366470 0.222387 0.213777
91.377336 0.223327 0.213789
91.388202 0.221448 0.213801
91.399069 0.223014 0.213812
91.409935 0.226849 0.213825
91.420802 0.233425 0.213837
91.431668 0.224031 0.213849
91.442535 0.232955 0.213861
91.453401 0.228102 0.213874
91.464267 0.223327 0.213886
91.475134 0.238434 0.213899
91.486000 0.231076 0.213912
91.496867 0.230450 0.213925
91.507733 0.237730 0.213938
91.518600 0.231781 0.213951
91.529466 0.229119 0.213964
91.540333 0.237730 0.213977
91.551199 0.241174 0.213991
91.562065 0.235068 0.214004
91.572932 0.229119 0.214018
91.583798 0.228806 0.214031
91.594665 0.226614 0.214045
91.605531 0.240939 0.214059
91.616398 0.234755 0.214072
91.627264 0.233816 0.214086
91.638131 0.231859 0.214100
91.648997 0.228571 0.214114
91.659863 0.224110 0.214128
91.670730 0.227867 0.214143
91.681596 0.226380 0.214157
91.692463 0.234051 0.214171
91.703329 0.229041 0.214186
91.714196 0.223640 0.214200
91.725062 0.223483 0.214215
91.735928 0.223327 0.214229
91.746795 0.222701 0.214244
91.757661 0.226614 0.214259
91.768528 0.227319 0.214274
91.779394 0.222231 0.214289
91.790261 0.226067 0.214304
91.801127 0.224031 0.214319
91.811994 0.227397 0.214334
91.822860 0.236164 0.214349
91.833726 0.235068 0.214364
91.844593 0.221213 0.214379
91.855459 0.232172 0.214394
91.866326 0.228102 0.214410
91.877192 0.221840 0.214425
91.888059 0.235147 0.214441
91.898925 0.230528 0.214456
91.909791 0.224188 0.214472
91.920658 0.221918 0.214487
91.931524 0.225362 0.214503
91.942391 0.230215 0.214519
91.953257 0.224423 0.214535
91.964124 0.229041 0.214550
91.974990 0.227476 0.214566
91.985857 0.232329 0.214582
91.996723 0.228728 0.214598
92.007589 0.227476 0.214614
92.018456 0.236086 0.214630
92.029322 0.231859 0.214646
92.040189 0.232798 0.214662
92.051055 0.232798 0.214679
92.061922 0.229902 0.214695
92.072788 0.236712 0.214711
92.083655 0.229902 0.214728
92.094521 0.241487 0.214744
92.105387 0.234834 0.214760
92.116254 0.238591 0.214777
92.127120 0.243523 0.214793
92.137987 0.234129 0.214810
92.148853 0.246419 0.214826
92.159720 0.243601 0.214843
92.170586 0.242661 0.214860
92.181453 0.246497 0.214876
92.192319 0.241566 0.214893
92.203185 0.233738 0.214910
92.214052 0.236321 0.214926
92.224918 0.236477 0.214943
92.235785 0.238513 0.214960
92.246651 0.235225 0.214977
92.257518 0.229432 0.214994
92.268384 0.241096 0.215011
92.279250 0.223170 0.215028
92.290117 0.237417 0.215045
92.300983 0.232329 0.215062
92.311850 0.236556 0.215079
92.322716 0.232877 0.215096
92.333583 0.237339 0.215113
92.344449 0.223953 0.215131
92.355316 0.237573 0.215148
92.366182 0.229041 0.215165
92.377048 0.234442 0.215182
92.387915 0.225440 0.215200
92.398781 0.230528 0.215217
92.409648 0.231859 0.215234
92.420514 0.230763 0.215252
92.431381 0.225832 0.215269
92.442247 0.223014 0.215287
92.453114 0.224579 0.215304
92.463980 0.230294 0.215322
92.474846 0.228258 0.215339
92.485713 0.233425 0.215357
92.496579 0.225440 0.215374
92.507446 0.224188 0.215392
92.518312 0.225284 0.215410
92.529179 0.224892 0.215427
92.540045 0.232094 0.215445
92.550911 0.226771 0.215463
92.561778 0.230920 0.215481
92.572644 0.223170 0.215498
92.583511 0.228571 0.215516
92.594377 0.224658 0.215534
92.605244 0.221761 0.215552
92.616110 0.226145 0.215570
92.626977 0.228728 0.215588
92.637843 0.216282 0.215605
92.648709 0.224814 0.215623
92.659576 0.223249 0.215641
92.670442 0.218395 0.215659
92.681309 0.216204 0.215677
92.692175 0.225519 0.215695
92.703042 0.228963 0.215713
92.713908 0.216830 0.215732
92.724775 0.223249 0.215750
92.735641 0.217769 0.215768
92.746507 0.217691 0.215786
92.757374 0.219256 0.215804
92.768240 0.222544 0.215822
92.779107 0.220587 0.215840
92.789973 0.221370 0.215859
92.800840 0.220978 0.215877
92.811706 0.223249 0.215895
92.822572 0.214951 0.215913
92.833439 0.223483 0.215932
92.844305 0.228885 0.215950
92.855172 0.220509 0.215968
92.866038 0.219648 0.215987
92.876905 0.223405 0.216005
92.887771 0.220822 0.216023
92.898638 0.219804 0.216042
92.909504 0.218865 0.216060
92.920370 0.222935 0.216079
92.931237 0.225440 0.216097
92.942103 0.233033 0.216116
92.952970 0.219883 0.216134
92.963836 0.217691 0.216153
92.974703 0.226536 0.216171
92.985569 0.223405 0.216190
92.996436 0.224423 0.216208
93.007302 0.228180 0.216227
93.018168 0.229354 0.216245
93.029035 0.224579 0.216264
93.039901 0.237495 0.216282
93.050768 0.230998 0.216301
93.061634 0.230841 0.216320
93.072501 0.231546 0.216338
93.083367 0.230685 0.216357
93.094233 0.228885 0.216376
93.105100 0.238904 0.216394
93.115966 0.232564 0.216413
93.126833 0.241487 0.216432
93.137699 0.223875 0.216451
93.148566 0.235147 0.216469
93.159432 0.230294 0.216488
93.170299 0.228493 0.216507
93.181165 0.233268 0.216526
93.192031 0.228180 0.216545
93.202898 0.228258 0.216563
93.213764 0.229432 0.216582
93.224631 0.229276 0.216601
93.235497 0.232955 0.216620
93.246364 0.225519 0.216639
93.257230 0.228415 0.216658
93.268096 0.226693 0.216677
93.278963 0.227867 0.216695
93.289829 0.226849 0.216714
93.300696 0.225597 0.216733
93.311562 0.223170 0.216752
93.322429 0.221996 0.216771
93.333295 0.234599 0.216790
93.344162 0.221840 0.216809
93.355028 0.231155 0.216828
93.365894 0.228963 0.216847
93.376761 0.233738 0.216866
93.387627 0.222701 0.216885
93.398494 0.222231 0.216904
93.409360 0.221918 0.216923
93.420227 0.227554 0.216942
93.431093 0.222622 0.216961
93.441960 0.228728 0.216980
93.452826 0.225675 0.217000
93.463692 0.228180 0.217019
93.474559 0.228493 0.217038
93.485425 0.225049 0.217057
93.496292 0.231468 0.217076
93.507158 0.228963 0.217095
93.518025 0.231155 0.217114
93.528891 0.215264 0.217133
93.539758 0.228571 0.217153
93.550624 0.225127 0.217172
93.561490 0.218004 0.217191
93.572357 0.220587 0.217210
93.583223 0.228963 0.217229
93.594090 0.229667 0.217249
93.604956 0.226223 0.217268
93.615823 0.231076 0.217287
93.626689 0.232407 0.217306
93.637555 0.230372 0.217326
93.648422 0.230607 0.217345
93.659288 0.230685 0.217364
93.670155 0.230059 0.217383
93.681021 0.227554 0.217403
93.691888 0.237104 0.217422
93.702754 0.234599 0.217441
93.713621 0.231311 0.217460
93.724487 0.238826 0.217480
93.735353 0.245010 0.217499
93.746220 0.241566 0.217518
93.757086 0.239295 0.217538
93.767953 0.234755 0.217557
93.778819 0.234990 0.217576
93.789686 0.231859 0.217596
93.800552 0.241018 0.217615
93.811419 0.236791 0.217635
93.822285 0.240705 0.217654
93.833151 0.230763 0.217673
93.844018 0.240626 0.217693
93.854884 0.239061 0.217712
93.865751 0.237886 0.217732
93.876617 0.234442 0.217751
93.887484 0.221605 0.217770
93.898350 0.238513 0.217790
93.909216 0.226380 0.217809
93.920083 0.236869 0.217829
93.930949 0.228337 0.217848
93.941816 0.235460 0.217868
93.952682 0.239843 0.217887
93.963549 0.221292 0.217906
93.974415 0.233112 0.217926
93.985282 0.230528 0.217945
93.996148 0.227476 0.217965
94.007014 0.232407 0.217984
94.017881 0.230215 0.218004
94.028747 0.225597 0.218023
94.039614 0.230372 0.218043
94.050480 0.235695 0.218062
94.061347 0.227319 0.218082
94.072213 0.228728 0.218101
94.083079 0.227241 0.218121
94.093946 0.231624 0.218140
94.104812 0.237652 0.218160
94.115679 0.227162 0.218179
94.126545 0.234521 0.218199
94.137412 0.225753 0.218219
94.148278 0.226849 0.218238
94.159145 0.229198 0.218258
94.170011 0.223405 0.218277
94.180877 0.228337 0.218297
94.191744 0.233581 0.218316
94.202610 0.233816 0.218336
94.213477 0.231076 0.218355
94.224343 0.238121 0.218375
94.235210 0.222544 0.218395
94.246076 0.231311 0.218414
94.256943 0.230841 0.218434
94.267809 0.230841 0.218453
94.278675 0.237495 0.218473
94.289542 0.234051 0.218493
94.300408 0.224110 0.218512
94.311275 0.224892 0.218532
94.322141 0.233503 0.218551
94.333008 0.224031 0.218571
94.343874 0.226067 0.218591
94.354741 0.224188 0.218610
94.365607 0.223718 0.218630
94.376473 0.220431 0.218650
94.387340 0.216908 0.218669
94.398206 0.218395 0.218689
94.409073 0.217456 0.218709
94.419939 0.226458 0.218728
94.430806 0.219726 0.218748
94.441672 0.219491 0.218767
94.452538 0.229041 0.218787
94.463405 0.216204 0.218807
94.474271 0.220431 0.218826
94.485138 0.217769 0.218846
94.496004 0.220431 0.218866
94.506871 0.226380 0.218885
94.517737 0.224110 0.218905
94.528604 0.217221 0.218925
94.539470 0.226067 0.218944
94.550336 0.222779 0.218964
94.561203 0.216908 0.218984
94.572069 0.218004 0.219004
94.582936 0.228415 0.219023
94.593802 0.217378 0.219043
94.604669 0.220900 0.219063
94.615535 0.220509 0.219082
94.626402 0.224501 0.219102
94.637268 0.213542 0.219122
94.648134 0.209002 0.219141
94.659001 0.220117 0.219161
94.669867 0.225205 0.219181
94.680734 0.224736 0.219200
94.691600 0.217613 0.219220
94.702467 0.213855 0.219240
94.713333 0.214873 0.219260
94.724199 0.222935 0.219279
94.735066 0.216830 0.219299
94.745932 0.215029 0.219319
94.756799 0.227397 0.219338
94.767665 0.215812 0.219358
94.778532 0.219335 0.219378
94.789398 0.215499 0.219398
94.800265 0.214951 0.219417
94.811131 0.222622 0.219437
94.821997 0.221135 0.219457
94.832864 0.223014 0.219476
94.843730 0.224892 0.219496
94.854597 0.216047 0.219516
94.865463 0.225597 0.219536
94.876330 0.217143 0.219555
94.887196 0.210020 0.219575
94.898063 0.218787 0.219595
94.908929 0.222935 0.219615
94.919795 0.227006 0.219634
94.930662 0.223875 0.219654
94.941528 0.216986 0.219674
94.952395 0.224971 0.219693
94.963261 0.226458 0.219713
94.974128 0.232564 0.219733
94.984994 0.229902 0.219753
94.995860 0.230998 0.219772
95.006727 0.225832 0.219792
95.017593 0.230685 0.219812
95.028460 0.229824 0.219832
95.039326 0.231389 0.219851
95.050193 0.238669 0.219871
95.061059 0.233581 0.219891
95.071926 0.236243 0.219911
95.082792 0.242505 0.219930
95.093658 0.247358 0.219950
95.104525 0.237965 0.219970
95.115391 0.245636 0.219989
95.126258 0.244932 0.220009
95.137124 0.245871 0.220029
95.147991 0.257221 0.220049
95.158857 0.252681 0.220068
95.169724 0.249472 0.220088
95.180590 0.258787 0.220108
95.191456 0.247202 0.220128
95.202323 0.256047 0.220147
95.213189 0.263014 0.220167
95.224056 0.253542 0.220187
95.234922 0.260822 0.220206
95.245789 0.264344 0.220226
95.256655 0.259804 0.220246
95.267521 0.267789 0.220266
95.278388 0.269119 0.220285
95.289254 0.273894 0.220305
95.300121 0.271155 0.220325
95.310987 0.266458 0.220345
95.321854 0.256125 0.220364
95.332720 0.268337 0.220384
95.343587 0.267241 0.220404
95.354453 0.256595 0.220423
95.365319 0.253542 0.220443
95.376186 0.256047 0.220463
95.387052 0.263170 0.220483
95.397919 0.255812 0.220502
95.408785 0.251272 0.220522
95.419652 0.249080 0.220542
95.430518 0.245323 0.220561
95.441384 0.245558 0.220581
95.452251 0.250098 0.220601
95.463117 0.246341 0.220621
95.473984 0.240313 0.220640
95.484850 0.241879 0.220660
95.495717 0.245871 0.220680
95.506583 0.250020 0.220699
95.517450 0.246106 0.220719
95.528316 0.246027 0.220739
95.539182 0.244618 0.220758
95.550049 0.257691 0.220778
95.560915 0.242583 0.220798
95.571782 0.246888 0.220817
95.582648 0.244853 0.220837
95.593515 0.242270 0.220857
95.604381 0.246106 0.220877
95.615248 0.245793 0.220896
95.626114 0.250568 0.220916
95.636980 0.245010 0.220936
95.647847 0.247280 0.220955
95.658713 0.246497 0.220975
95.669580 0.241879 0.220995
95.680446 0.242114 0.221014
95.691313 0.240470 0.221034
95.702179 0.238513 0.221054
95.713046 0.245245 0.221073
95.723912 0.240470 0.221093
95.734778 0.219648 0.221113
95.745645 0.243366 0.221132
95.756511 0.240939 0.221152
95.767378 0.237182 0.221171
95.778244 0.236634 0.221191
95.789111 0.231937 0.221211
95.799977 0.236243 0.221230
95.810843 0.236634 0.221250
95.821710 0.236556 0.221270
95.832576 0.238826 0.221289
95.843443 0.234442 0.221309
95.854309 0.236399 0.221328
95.865176 0.238669 0.221348
95.876042 0.242192 0.221368
95.886909 0.245558 0.221387
95.897775 0.237339 0.221407
95.908641 0.235851 0.221426
95.919508 0.244462 0.221446
95.930374 0.244305 0.221466
95.941241 0.237808 0.221485
95.952107 0.244462 0.221505
95.962974 0.241800 0.221524
95.973840 0.238513 0.221544
95.984707 0.249472 0.221564
95.995573 0.245088 0.221583
96.006439 0.237652 0.221603
96.017306 0.244853 0.221622
96.028172 0.235068 0.221642
96.039039 0.246732 0.221661
96.049905 0.235773 0.221681
96.060772 0.235538 0.221701
96.071638 0.231468 0.221720
96.082504 0.239217 0.221740
96.093371 0.234834 0.221759
96.104237 0.236869 0.221779
96.115104 0.229198 0.221798
96.125970 0.230137 0.221818
96.136837 0.234286 0.221837
96.147703 0.234286 0.221857
96.158570 0.233112 0.221876
96.169436 0.227789 0.221896
96.180302 0.234755 0.221915
96.191169 0.222857 0.221935
96.202035 0.237886 0.221954
96.212902 0.225597 0.221974
96.223768 0.236556 0.221993
96.234635 0.234286 0.222013
96.245501 0.235930 0.222032
96.256368 0.226536 0.222052
96.267234 0.229902 0.222071
96.278100 0.230372 0.222091
96.288967 0.233738 0.222110
96.299833 0.231389 0.222130
96.310700 0.224344 0.222149
96.321566 0.225910 0.222169
96.332433 0.235930 0.222188
96.343299 0.230215 0.222208
96.354165 0.230685 0.222227
96.365032 0.228650 0.222246
96.375898 0.229198 0.222266
96.386765 0.237652 0.222285
96.397631 0.233190 0.222305
96.408498 0.234364 0.222324
96.419364 0.233033 0.222344
96.430231 0.233659 0.222363
96.441097 0.228023 0.222382
96.451963 0.234207 0.222402
96.462830 0.225988 0.222421
96.473696 0.230059 0.222441
96.484563 0.223014 0.222460
96.495429 0.221213 0.222479
96.506296 0.222935 0.222499
96.517162 0.225205 0.222518
96.528029 0.220822 0.222537
96.538895 0.221057 0.222557
96.549761 0.222466 0.222576
96.560628 0.219726 0.222595
96.571494 0.220274 0.222615
96.582361 0.224736 0.222634
96.593227 0.220039 0.222653
96.604094 0.223718 0.222673
96.614960 0.218865 0.222692
96.625826 0.216047 0.222711
96.636693 0.223718 0.222731
96.647559 0.214247 0.222750
96.658426 0.220978 0.222769
96.669292 0.221057 0.222789
96.680159 0.217378 0.222808
96.691025 0.213855 0.222827
96.701892 0.224892 0.222846
96.712758 0.211977 0.222866
96.723624 0.215421 0.222885
96.734491 0.217299 0.222904
96.745357 0.218239 0.222923
96.756224 0.218082 0.222943
96.767090 0.216125 0.222962
96.777957 0.217769 0.222981
96.788823 0.220744 0.223000
96.799689 0.219022 0.223020
96.810556 0.223953 0.223039
96.821422 0.215108 0.223058
96.832289 0.223875 0.223077
96.843155 0.213542 0.223096
96.854022 0.210568 0.223116
96.864888 0.217847 0.223135
96.875755 0.215656 0.223154
96.886621 0.218474 0.223173
96.897487 0.212603 0.223192
96.908354 0.212290 0.223211
96.919220 0.215812 0.223231
96.930087 0.213855 0.223250
96.940953 0.214560 0.223269
96.951820 0.217299 0.223288
96.962686 0.210176 0.223307
96.973553 0.214716 0.223326
96.984419 0.215890 0.223345
96.995285 0.212211 0.223364
97.006152 0.209941 0.223383
97.017018 0.210020 0.223403
97.027885 0.210959 0.223422
97.038751 0.212290 0.223441
97.049618 0.213307 0.223460
97.060484 0.207750 0.223479
97.071351 0.208924 0.223498
97.082217 0.219491 0.223517
97.093083 0.214873 0.223536
97.103950 0.212290 0.223555
97.114816 0.221996 0.223574
97.125683 0.207358 0.223593
97.136549 0.212211 0.223612
97.147416 0.214560 0.223631
97.158282 0.209393 0.223650
97.169148 0.218708 0.223669
97.180015 0.214168 0.223688
97.190881 0.214873 0.223707
97.201748 0.221605 0.223726
97.212614 0.213229 0.223745
97.223481 0.211272 0.223764
97.234347 0.213542 0.223783
97.245214 0.212055 0.223802
97.256080 0.220274 0.223821
97.266946 0.216125 0.223840
97.277813 0.221605 0.223858
97.288679 0.205636 0.223877
97.299546 0.210724 0.223896
97.310412 0.211194 0.223915
97.321279 0.217613 0.223934
97.332145 0.215186 0.223953
97.343012 0.213699 0.223972
97.353878 0.213307 0.223991
97.364744 0.210489 0.224009
97.375611 0.216595 0.224028
97.386477 0.217926 0.224047
97.397344 0.215342 0.224066
97.408210 0.213699 0.224085
97.419077 0.203992 0.224104
97.429943 0.212055 0.224122
97.440809 0.210254 0.224141
97.451676 0.210254 0.224160
97.462542 0.213933 0.224179
97.473409 0.217143 0.224198
97.484275 0.217769 0.224216
97.495142 0.218708 0.224235
97.506008 0.201800 0.224254
97.516875 0.212446 0.224273
97.527741 0.215577 0.224291
97.538607 0.207202 0.224310
97.549474 0.213229 0.224329
97.560340 0.214951 0.224347
97.571207 0.212994 0.224366
97.582073 0.225284 0.224385
97.592940 0.214090 0.224403
97.603806 0.207436 0.224422
97.614672 0.216908 0.224441
97.625539 0.206184 0.224459
97.636405 0.216751 0.224478
97.647272 0.218708 0.224497
97.658138 0.215812 0.224515
97.669005 0.214560 0.224534
97.679871 0.211350 0.224552
97.690738 0.217221 0.224571
97.701604 0.208376 0.224590
97.712470 0.219022 0.224608
97.723337 0.214951 0.224627
97.734203 0.220039 0.224645
97.745070 0.219100 0.224664
97.755936 0.216595 0.224682
97.766803 0.218160 0.224701
97.777669 0.216125 0.224719
97.788536 0.213386 0.224738
97.799402 0.214247 0.224756
97.810268 0.217769 0.224775
97.821135 0.214951 0.224793
97.832001 0.219413 0.224812
97.842868 0.209237 0.224830
97.853734 0.225753 0.224849
97.864601 0.219413 0.224867
97.875467 0.215812 0.224886
97.886334 0.218630 0.224904
97.897200 0.208454 0.224922
97.908066 0.211272 0.224941
97.918933 0.220665 0.224959
97.929799 0.213777 0.224978
97.940666 0.212133 0.224996
97.951532 0.213777 0.225014
97.962399 0.219256 0.225033
97.973265 0.223014 0.225051
97.984131 0.220509 0.225069
97.994998 0.219883 0.225088
98.005864 0.218474 0.225106
98.016731 0.219491 0.225124
98.027597 0.222074 0.225143
98.038464 0.220039 0.225161
98.049330 0.216986 0.225179
98.060197 0.223327 0.225197
98.071063 0.219569 0.225216
98.081929 0.225675 0.225234
98.092796 0.212290 0.225252
98.103662 0.218160 0.225270
98.114529 0.220117 0.225289
98.125395 0.226849 0.225307
98.136262 0.223405 0.225325
98.147128 0.218787 0.225343
98.157995 0.231155 0.225361
98.168861 0.228102 0.225380
98.179727 0.225284 0.225398
98.190594 0.226145 0.225416
98.201460 0.224736 0.225434
98.212327 0.218082 0.225452
98.223193 0.221605 0.225470
98.234060 0.212446 0.225488
98.244926 0.218943 0.225506
98.255792 0.219883 0.225525
98.266659 0.214795 0.225543
98.277525 0.223405 0.225561
98.288392 0.213855 0.225579
98.299258 0.219100 0.225597
98.310125 0.215969 0.225615
98.320991 0.209315 0.225633
98.331858 0.225597 0.225651
98.342724 0.216830 0.225669
98.353590 0.219022 0.225687
98.364457 0.220744 0.225705
98.375323 0.216673 0.225723
98.386190 0.225049 0.225741
98.397056 0.221292 0.225758
98.407923 0.212759 0.225776
98.418789 0.221213 0.225794
98.429656 0.215890 0.225812
98.440522 0.212759 0.225830
98.451388 0.217299 0.225848
98.462255 0.216125 0.225866
98.473121 0.214090 0.225884
98.483988 0.223875 0.225902
98.494854 0.221292 0.225919
98.505721 0.213229 0.225937
98.516587 0.218474 0.225955
98.527453 0.210881 0.225973
98.538320 0.219335 0.225991
98.549186 0.223014 0.226008
98.560053 0.207045 0.226026
98.570919 0.211350 0.226044
98.581786 0.214481 0.226062
98.592652 0.222074 0.226079
98.603519 0.210959 0.226097
98.614385 0.212055 0.226115
98.625251 0.212759 0.226132
98.636118 0.215969 0.226150
98.646984 0.215421 0.226168
98.657851 0.211742 0.226185
98.668717 0.214247 0.226203
98.679584 0.216204 0.226221
98.690450 0.217143 0.226238
98.701317 0.212759 0.226256
98.712183 0.211350 0.226273
98.723049 0.206497 0.226291
98.733916 0.211037 0.226309
98.744782 0.216360 0.226326
98.755649 0.220196 0.226344
98.766515 0.211742 0.226361
98.777382 0.205636 0.226379
98.788248 0.218082 0.226396
98.799114 0.216125 0.226414
98.809981 0.222074 0.226431
98.820847 0.214481 0.226449
98.831714 0.209393 0.226466
98.842580 0.216517 0.226484
98.853447 0.214325 0.226501
98.864313 0.208767 0.226518
98.875180 0.216751 0.226536
98.886046 0.216751 0.226553
98.896912 0.215812 0.226571
98.907779 0.210411 0.226588
98.918645 0.216438 0.226605
98.929512 0.211585 0.226623
98.940378 0.212290 0.226640
98.951245 0.214012 0.226657
98.962111 0.215264 0.226675
98.972977 0.215264 0.226692
98.983844 0.218943 0.226709
98.994710 0.211272 0.226726
99.005577 0.214090 0.226744
99.016443 0.216125 0.226761
99.027310 0.210568 0.226778
99.038176 0.219100 0.226795
99.049043 0.213933 0.226813
99.059909 0.214716 0.226830
99.070775 0.214560 0.226847
99.081642 0.215812 0.226864
99.092508 0.210098 0.226881
99.103375 0.217847 0.226898
99.114241 0.209785 0.226915
99.125108 0.216204 0.226933
99.135974 0.215186 0.226950
99.146841 0.215264 0.226967
99.157707 0.226145 0.226984
99.168573 0.213699 0.227001
99.179440 0.219569 0.227018
99.190306 0.215264 0.227035
99.201173 0.223875 0.227052
99.212039 0.219883 0.227069
99.222906 0.218395 0.227086
99.233772 0.223014 0.227103
99.244639 0.216047 0.227120
99.255505 0.217534 0.227137
99.266371 0.218943 0.227154
99.277238 0.218004 0.227171
99.288104 0.218004 0.227187
99.298971 0.221057 0.227204
99.309837 0.215421 0.227221
99.320704 0.217613 0.227238
99.331570 0.216360 0.227255
99.342436 0.209863 0.227272
99.353303 0.215812 0.227288
99.364169 0.223014 0.227305
99.375036 0.219178 0.227322
99.385902 0.215186 0.227339
99.396769 0.218004 0.227356
99.407635 0.218708 0.227372
99.418502 0.213307 0.227389
99.429368 0.225127 0.227406
99.440234 0.219178 0.227422
99.451101 0.225127 0.227439
99.461967 0.220196 0.227456
99.472834 0.215890 0.227472
99.483700 0.223092 0.227489
99.494567 0.218395 0.227506
99.505433 0.216125 0.227522
99.516300 0.216047 0.227539
99.527166 0.211585 0.227555
99.538032 0.219335 0.227572
99.548899 0.211977 0.227588
99.559765 0.223875 0.227605
99.570632 0.211898 0.227622
99.581498 0.212916 0.227638
99.592365 0.215812 0.227654
99.603231 0.225127 0.227671
99.614097 0.217221 0.227687
99.624964 0.216125 0.227704
99.635830 0.224501 0.227720
99.646697 0.221135 0.227737
99.657563 0.220665 0.227753
99.668430 0.216908 0.227769
99.679296 0.218239 0.227786
99.690163 0.220822 0.227802
99.701029 0.217143 0.227818
99.711895 0.215342 0.227835
99.722762 0.225753 0.227851
99.733628 0.216360 0.227867
99.744495 0.218630 0.227884
99.755361 0.223014 0.227900
99.766228 0.222935 0.227916
99.777094 0.217378 0.227932
99.787960 0.220352 0.227949
99.798827 0.227476 0.227965
99.809693 0.227554 0.227981
99.820560 0.223483 0.227997
99.831426 0.220822 0.228013
99.842293 0.218474 0.228029
99.853159 0.234677 0.228045
99.864026 0.221135 0.228062
99.874892 0.219335 0.228078
99.885758 0.216438 0.228094
99.896625 0.225519 0.228110
99.907491 0.227945 0.228126
99.918358 0.228102 0.228142
99.929224 0.219100 0.228158
99.940091 0.223483 0.228174
99.950957 0.224501 0.228190
99.961824 0.229824 0.228206
99.972690 0.224658 0.228222
99.983556 0.233268 0.228237
99.994423 0.225832 0.228253
