10.009433 3016.000000
10.020300 3102.000000
10.031166 3060.000000
10.042033 3153.000000
10.052899 3012.000000
10.063765 2960.000000
10.074632 3080.000000
10.085498 3060.000000
10.096365 3123.000000
10.107231 3016.000000
10.118098 2996.000000
10.128964 2932.000000
10.139831 3137.000000
10.150697 3018.000000
10.161563 2946.000000
10.172430 2994.000000
10.183296 3100.000000
10.194163 2990.000000
10.205029 2954.000000
10.215896 3080.000000
10.226762 2964.000000
10.237628 3099.000000
10.248495 2947.000000
10.259361 3022.000000
10.270228 2983.000000
10.281094 3026.000000
10.291961 3010.000000
10.302827 3016.000000
10.313694 2999.000000
10.324560 3062.000000
10.335426 3017.000000
10.346293 3029.000000
10.357159 3002.000000
10.368026 2969.000000
10.378892 2997.000000
10.389759 3113.000000
10.400625 3037.000000
10.411492 3002.000000
10.422358 2944.000000
10.433224 3025.000000
10.444091 2954.000000
10.454957 3001.000000
10.465824 2951.000000
10.476690 2950.000000
10.487557 2961.000000
10.498423 2899.000000
10.509289 2941.000000
10.520156 2892.000000
10.531022 2901.000000
10.541889 2961.000000
10.552755 2899.000000
10.563622 2919.000000
10.574488 2916.000000
10.585355 2930.000000
10.596221 2898.000000
10.607087 2908.000000
10.617954 2960.000000
10.628820 3055.000000
10.639687 2893.000000
10.650553 3080.000000
10.661420 2964.000000
10.672286 2877.000000
10.683153 2901.000000
10.694019 2881.000000
10.704885 2919.000000
10.715752 2908.000000
10.726618 3005.000000
10.737485 2938.000000
10.748351 2981.000000
10.759218 3003.000000
10.770084 2947.000000
10.780950 2894.000000
10.791817 2947.000000
10.802683 2928.000000
10.813550 2903.000000
10.824416 2941.000000
10.835283 2880.000000
10.846149 2985.000000
10.857016 2954.000000
10.867882 2911.000000
10.878748 2818.000000
10.889615 2839.000000
10.900481 2900.000000
10.911348 2891.000000
10.922214 2893.000000
10.933081 3021.000000
10.943947 2951.000000
10.954814 3104.000000
10.965680 2851.000000
10.976546 2992.000000
10.987413 2871.000000
10.998279 2857.000000
11.009146 2876.000000
11.020012 2924.000000
11.030879 2914.000000
11.041745 2987.000000
11.052611 2941.000000
11.063478 2825.000000
11.074344 2929.000000
11.085211 2866.000000
11.096077 2916.000000
11.106944 2782.000000
11.117810 2838.000000
11.128677 2961.000000
11.139543 2823.000000
11.150409 2900.000000
11.161276 2785.000000
11.172142 2868.000000
11.183009 2871.000000
11.193875 2897.000000
11.204742 2873.000000
11.215608 2944.000000
11.226475 3021.000000
11.237341 2871.000000
11.248207 2872.000000
11.259074 2907.000000
11.269940 2886.000000
11.280807 2853.000000
11.291673 2908.000000
11.302540 2824.000000
11.313406 2808.000000
11.324272 2840.000000
11.335139 2911.000000
11.346005 2928.000000
11.356872 2896.000000
11.367738 2908.000000
11.378605 2935.000000
11.389471 2861.000000
11.400338 2910.000000
11.411204 2912.000000
11.422070 2778.000000
11.432937 2927.000000
11.443803 2810.000000
11.454670 2824.000000
11.465536 2848.000000
11.476403 2884.000000
11.487269 2847.000000
11.498136 2712.000000
11.509002 2700.000000
11.519868 2796.000000
11.530735 2683.000000
11.541601 2851.000000
11.552468 2773.000000
11.563334 2773.000000
11.574201 2784.000000
11.585067 2809.000000
11.595933 2849.000000
11.606800 2861.000000
11.617666 2828.000000
11.628533 2803.000000
11.639399 2887.000000
11.650266 2828.000000
11.661132 2800.000000
11.671999 2850.000000
11.682865 2769.000000
11.693731 2821.000000
11.704598 2854.000000
11.715464 2750.000000
11.726331 2814.000000
11.737197 2849.000000
11.748064 2907.000000
11.758930 2829.000000
11.769796 2800.000000
11.780663 2663.000000
11.791529 2799.000000
11.802396 2791.000000
11.813262 2740.000000
11.824129 2851.000000
11.834995 2761.000000
11.845862 2688.000000
11.856728 2792.000000
11.867594 2721.000000
11.878461 2729.000000
11.889327 2774.000000
11.900194 2836.000000
11.911060 2790.000000
11.921927 2792.000000
11.932793 2714.000000
11.943660 2784.000000
11.954526 2711.000000
11.965392 2805.000000
11.976259 2857.000000
11.987125 2720.000000
11.997992 2750.000000
12.008858 2747.000000
12.019725 2714.000000
12.030591 2829.000000
12.041457 2767.000000
12.052324 2739.000000
12.063190 2815.000000
12.074057 2814.000000
12.084923 2849.000000
12.095790 2776.000000
12.106656 2722.000000
12.117523 2807.000000
12.128389 2700.000000
12.139255 2681.000000
12.150122 2732.000000
12.160988 2818.000000
12.171855 2796.000000
12.182721 2776.000000
12.193588 2725.000000
12.204454 2857.000000
12.215321 2676.000000
12.226187 2790.000000
12.237053 2694.000000
12.247920 2758.000000
12.258786 2691.000000
12.269653 2701.000000
12.280519 2801.000000
12.291386 2719.000000
12.302252 2675.000000
12.313118 2701.000000
12.323985 2719.000000
12.334851 2607.000000
12.345718 2721.000000
12.356584 2732.000000
12.367451 2766.000000
12.378317 2790.000000
12.389184 2758.000000
12.400050 2708.000000
12.410916 2803.000000
12.421783 2802.000000
12.432649 2752.000000
12.443516 2719.000000
12.454382 2734.000000
12.465249 2697.000000
12.476115 2654.000000
12.486982 2731.000000
12.497848 2737.000000
12.508714 2797.000000
12.519581 2693.000000
12.530447 2687.000000
12.541314 2734.000000
12.552180 2773.000000
12.563047 2774.000000
12.573913 2790.000000
12.584779 2772.000000
12.595646 2751.000000
12.606512 2665.000000
12.617379 2679.000000
12.628245 2765.000000
12.639112 2814.000000
12.649978 2754.000000
12.660845 2716.000000
12.671711 2703.000000
12.682577 2676.000000
12.693444 2700.000000
12.704310 2729.000000
12.715177 2824.000000
12.726043 2782.000000
12.736910 2656.000000
12.747776 2668.000000
12.758643 2611.000000
12.769509 2816.000000
12.780375 2701.000000
12.791242 2673.000000
12.802108 2742.000000
12.812975 2752.000000
12.823841 2818.000000
12.834708 2677.000000
12.845574 2716.000000
12.856440 2648.000000
12.867307 2698.000000
12.878173 2847.000000
12.889040 2697.000000
12.899906 2701.000000
12.910773 2621.000000
12.921639 2724.000000
12.932506 2725.000000
12.943372 2739.000000
12.954238 2666.000000
12.965105 2728.000000
12.975971 2754.000000
12.986838 2787.000000
12.997704 2771.000000
13.008571 2744.000000
13.019437 2740.000000
13.030304 2808.000000
13.041170 2713.000000
13.052036 2679.000000
13.062903 2640.000000
13.073769 2759.000000
13.084636 2663.000000
13.095502 2685.000000
13.106369 2811.000000
13.117235 2663.000000
13.128101 2680.000000
13.138968 2684.000000
13.149834 2748.000000
13.160701 2679.000000
13.171567 2681.000000
13.182434 2666.000000
13.193300 2812.000000
13.204167 2595.000000
13.215033 2679.000000
13.225899 2770.000000
13.236766 2659.000000
13.247632 2681.000000
13.258499 2687.000000
13.269365 2703.000000
13.280232 2781.000000
13.291098 2674.000000
13.301965 2738.000000
13.312831 2620.000000
13.323697 2624.000000
13.334564 2701.000000
13.345430 2725.000000
13.356297 2691.000000
13.367163 2794.000000
13.378030 2668.000000
13.388896 2660.000000
13.399762 2644.000000
13.410629 2797.000000
13.421495 2655.000000
13.432362 2647.000000
13.443228 2797.000000
13.454095 2750.000000
13.464961 2766.000000
13.475828 2690.000000
13.486694 2585.000000
13.497560 2683.000000
13.508427 2696.000000
13.519293 2649.000000
13.530160 2712.000000
13.541026 2692.000000
13.551893 2701.000000
13.562759 2751.000000
13.573626 2642.000000
13.584492 2693.000000
13.595358 2644.000000
13.606225 2789.000000
13.617091 2699.000000
13.627958 2719.000000
13.638824 2724.000000
13.649691 2688.000000
13.660557 2762.000000
13.671423 2673.000000
13.682290 2697.000000
13.693156 2705.000000
13.704023 2686.000000
13.714889 2655.000000
13.725756 2684.000000
13.736622 2576.000000
13.747489 2686.000000
13.758355 2695.000000
13.769221 2620.000000
13.780088 2725.000000
13.790954 2688.000000
13.801821 2758.000000
13.812687 2560.000000
13.823554 2758.000000
13.834420 2668.000000
13.845287 2647.000000
13.856153 2614.000000
13.867019 2680.000000
13.877886 2658.000000
13.888752 2732.000000
13.899619 2598.000000
13.910485 2649.000000
13.921352 2696.000000
13.932218 2755.000000
13.943084 2640.000000
13.953951 2601.000000
13.964817 2698.000000
13.975684 2689.000000
13.986550 2794.000000
13.997417 2639.000000
14.008283 2627.000000
14.019150 2678.000000
14.030016 2711.000000
14.040882 2611.000000
14.051749 2726.000000
14.062615 2734.000000
14.073482 2596.000000
14.084348 2688.000000
14.095215 2572.000000
14.106081 2656.000000
14.116948 2717.000000
14.127814 2678.000000
14.138680 2608.000000
14.149547 2621.000000
14.160413 2625.000000
14.171280 2707.000000
14.182146 2715.000000
14.193013 2699.000000
14.203879 2652.000000
14.214745 2694.000000
14.225612 2695.000000
14.236478 2574.000000
14.247345 2579.000000
14.258211 2669.000000
14.269078 2685.000000
14.279944 2617.000000
14.290811 2698.000000
14.301677 2625.000000
14.312543 2654.000000
14.323410 2647.000000
14.334276 2605.000000
14.345143 2653.000000
14.356009 2683.000000
14.366876 2694.000000
14.377742 2653.000000
14.388609 2697.000000
14.399475 2741.000000
14.410341 2619.000000
14.421208 2578.000000
14.432074 2735.000000
14.442941 2692.000000
14.453807 2704.000000
14.464674 2642.000000
14.475540 2684.000000
14.486407 2669.000000
14.497273 2639.000000
14.508139 2628.000000
14.519006 2783.000000
14.529872 2739.000000
14.540739 2740.000000
14.551605 2721.000000
14.562472 2707.000000
14.573338 2731.000000
14.584204 2679.000000
14.595071 2628.000000
14.605937 2696.000000
14.616804 2739.000000
14.627670 2701.000000
14.638537 2781.000000
14.649403 2661.000000
14.660270 2683.000000
14.671136 2609.000000
14.682002 2796.000000
14.692869 2709.000000
14.703735 2760.000000
14.714602 2819.000000
14.725468 2650.000000
14.736335 2636.000000
14.747201 2615.000000
14.758067 2641.000000
14.768934 2665.000000
14.779800 2703.000000
14.790667 2696.000000
14.801533 2766.000000
14.812400 2781.000000
14.823266 2762.000000
14.834133 2637.000000
14.844999 2724.000000
14.855865 2796.000000
14.866732 2781.000000
14.877598 2767.000000
14.888465 2798.000000
14.899331 2666.000000
14.910198 2766.000000
14.921064 2683.000000
14.931931 2757.000000
14.942797 2753.000000
14.953663 2749.000000
14.964530 2795.000000
14.975396 2722.000000
14.986263 2806.000000
14.997129 2814.000000
15.007996 2735.000000
15.018862 2735.000000
15.029729 2739.000000
15.040595 2765.000000
15.051461 2792.000000
15.062328 2702.000000
15.073194 2810.000000
15.084061 2743.000000
15.094927 2743.000000
15.105794 2913.000000
15.116660 2834.000000
15.127526 2723.000000
15.138393 2926.000000
15.149259 2798.000000
15.160126 2920.000000
15.170992 2871.000000
15.181859 2883.000000
15.192725 2780.000000
15.203592 2959.000000
15.214458 2924.000000
15.225324 2898.000000
15.236191 2839.000000
15.247057 2861.000000
15.257924 2910.000000
15.268790 2982.000000
15.279657 2864.000000
15.290523 3050.000000
15.301389 2988.000000
15.312256 3038.000000
15.323122 3002.000000
15.333989 3030.000000
15.344855 2982.000000
15.355722 3043.000000
15.366588 3001.000000
15.377455 2974.000000
15.388321 3082.000000
15.399187 3111.000000
15.410054 3197.000000
15.420920 3170.000000
15.431787 3299.000000
15.442653 3327.000000
15.453520 3331.000000
15.464386 3440.000000
15.475253 3410.000000
15.486119 3578.000000
15.496985 3515.000000
15.507852 3611.000000
15.518718 3642.000000
15.529585 3777.000000
15.540451 3903.000000
15.551318 3843.000000
15.562184 4018.000000
15.573051 3875.000000
15.583917 4121.000000
15.594783 4263.000000
15.605650 4289.000000
15.616516 4431.000000
15.627383 4394.000000
15.638249 4517.000000
15.649116 4561.000000
15.659982 4524.000000
15.670848 4637.000000
15.681715 4692.000000
15.692581 4575.000000
15.703448 4673.000000
15.714314 4776.000000
15.725181 4748.000000
15.736047 4711.000000
15.746914 4745.000000
15.757780 4652.000000
15.768646 4506.000000
15.779513 4485.000000
15.790379 4381.000000
15.801246 4295.000000
15.812112 4040.000000
15.822979 3977.000000
15.833845 3872.000000
15.844711 3781.000000
15.855578 3515.000000
15.866444 3630.000000
15.877311 3480.000000
15.888177 3471.000000
15.899044 3325.000000
15.909910 3308.000000
15.920777 3226.000000
15.931643 3120.000000
15.942509 3070.000000
15.953376 3055.000000
15.964242 3089.000000
15.975109 3118.000000
15.985975 3089.000000
15.996842 3043.000000
16.007708 2959.000000
16.018575 2948.000000
16.029441 2931.000000
16.040307 2923.000000
16.051174 2912.000000
16.062040 2925.000000
16.072907 2810.000000
16.083773 2897.000000
16.094640 2944.000000
16.105506 2936.000000
16.116373 2913.000000
16.127239 2890.000000
16.138105 2856.000000
16.148972 2876.000000
16.159838 2923.000000
16.170705 2762.000000
16.181571 2776.000000
16.192438 2807.000000
16.203304 2978.000000
16.214170 2845.000000
16.225037 2882.000000
16.235903 2767.000000
16.246770 2907.000000
16.257636 2930.000000
16.268503 2916.000000
16.279369 2812.000000
16.290236 2828.000000
16.301102 2862.000000
16.311968 2899.000000
16.322835 2800.000000
16.333701 2922.000000
16.344568 2869.000000
16.355434 2903.000000
16.366301 2789.000000
16.377167 2722.000000
16.388033 2909.000000
16.398900 2815.000000
16.409766 2826.000000
16.420633 2723.000000
16.431499 2802.000000
16.442366 2817.000000
16.453232 2879.000000
16.464099 2797.000000
16.474965 2816.000000
16.485831 2843.000000
16.496698 2757.000000
16.507564 2845.000000
16.518431 2826.000000
16.529297 2816.000000
16.540164 2801.000000
16.551030 2892.000000
16.561897 2851.000000
16.572763 2823.000000
16.583629 2816.000000
16.594496 2776.000000
16.605362 2882.000000
16.616229 2818.000000
16.627095 2848.000000
16.637962 2863.000000
16.648828 2855.000000
16.659695 2713.000000
16.670561 2774.000000
16.681427 2814.000000
16.692294 2783.000000
16.703160 2807.000000
16.714027 2891.000000
16.724893 2855.000000
16.735760 2770.000000
16.746626 2821.000000
16.757492 2771.000000
16.768359 2903.000000
16.779225 2821.000000
16.790092 2774.000000
16.800958 2716.000000
16.811825 2720.000000
16.822691 2946.000000
16.833558 2692.000000
16.844424 2808.000000
16.855290 2794.000000
16.866157 2864.000000
16.877023 2831.000000
16.887890 2774.000000
16.898756 2785.000000
16.909623 2826.000000
16.920489 2887.000000
16.931355 2886.000000
16.942222 2825.000000
16.953088 2958.000000
16.963955 2915.000000
16.974821 2776.000000
16.985688 2802.000000
16.996554 2855.000000
17.007421 2846.000000
17.018287 2856.000000
17.029153 2754.000000
17.040020 2954.000000
17.050886 2842.000000
17.061753 2820.000000
17.072619 2901.000000
17.083486 2849.000000
17.094352 2814.000000
17.105219 2843.000000
17.116085 2813.000000
17.126951 2898.000000
17.137818 2829.000000
17.148684 2784.000000
17.159551 2836.000000
17.170417 2823.000000
17.181284 2781.000000
17.192150 2859.000000
17.203017 2777.000000
17.213883 2811.000000
17.224749 2805.000000
17.235616 2802.000000
17.246482 2911.000000
17.257349 2901.000000
17.268215 2886.000000
17.279082 2903.000000
17.289948 2806.000000
17.300814 2810.000000
17.311681 2832.000000
17.322547 2772.000000
17.333414 2851.000000
17.344280 2759.000000
17.355147 2840.000000
17.366013 2766.000000
17.376880 2856.000000
17.387746 2820.000000
17.398612 2847.000000
17.409479 2791.000000
17.420345 2748.000000
17.431212 2788.000000
17.442078 2829.000000
17.452945 2815.000000
17.463811 2853.000000
17.474677 2730.000000
17.485544 2871.000000
17.496410 2807.000000
17.507277 2889.000000
17.518143 2827.000000
17.529010 2820.000000
17.539876 2840.000000
17.550743 2808.000000
17.561609 2701.000000
17.572475 2716.000000
17.583342 2852.000000
17.594208 2855.000000
17.605075 2847.000000
17.615941 2854.000000
17.626808 2766.000000
17.637674 2872.000000
17.648541 2813.000000
17.659407 2820.000000
17.670273 2731.000000
17.681140 2836.000000
17.692006 2877.000000
17.702873 2888.000000
17.713739 2872.000000
17.724606 2785.000000
17.735472 2847.000000
17.746339 2892.000000
17.757205 2895.000000
17.768071 2785.000000
17.778938 2848.000000
17.789804 2852.000000
17.800671 2784.000000
17.811537 2835.000000
17.822404 2826.000000
17.833270 2909.000000
17.844136 2790.000000
17.855003 2810.000000
17.865869 2879.000000
17.876736 2756.000000
17.887602 2886.000000
17.898469 2803.000000
17.909335 2743.000000
17.920202 2877.000000
17.931068 2827.000000
17.941934 2761.000000
17.952801 2897.000000
17.963667 2764.000000
17.974534 2775.000000
17.985400 2781.000000
17.996267 2861.000000
18.007133 2762.000000
18.018000 2781.000000
18.028866 2852.000000
18.039732 2897.000000
18.050599 2834.000000
18.061465 2822.000000
18.072332 2806.000000
18.083198 2692.000000
18.094065 2872.000000
18.104931 2858.000000
18.115797 2895.000000
18.126664 2938.000000
18.137530 2718.000000
18.148397 2876.000000
18.159263 2810.000000
18.170130 2849.000000
18.180996 2804.000000
18.191863 2852.000000
18.202729 2863.000000
18.213595 2816.000000
18.224462 2861.000000
18.235328 2867.000000
18.246195 2804.000000
18.257061 2772.000000
18.267928 2972.000000
18.278794 2842.000000
18.289661 2862.000000
18.300527 2872.000000
18.311393 2872.000000
18.322260 2888.000000
18.333126 2965.000000
18.343993 2883.000000
18.354859 2867.000000
18.365726 2866.000000
18.376592 2844.000000
18.387458 2880.000000
18.398325 2869.000000
18.409191 2929.000000
18.420058 2892.000000
18.430924 2824.000000
18.441791 2756.000000
18.452657 2893.000000
18.463524 2918.000000
18.474390 2822.000000
18.485256 2853.000000
18.496123 2872.000000
18.506989 2867.000000
18.517856 2827.000000
18.528722 2920.000000
18.539589 2919.000000
18.550455 2869.000000
18.561321 2940.000000
18.572188 2741.000000
18.583054 2866.000000
18.593921 2884.000000
18.604787 2887.000000
18.615654 2772.000000
18.626520 2917.000000
18.637387 2933.000000
18.648253 2840.000000
18.659119 2844.000000
18.669986 2977.000000
18.680852 2919.000000
18.691719 2973.000000
18.702585 2814.000000
18.713452 2830.000000
18.724318 2963.000000
18.735185 2953.000000
18.746051 2838.000000
18.756917 2922.000000
18.767784 2879.000000
18.778650 2877.000000
18.789517 2951.000000
18.800383 2851.000000
18.811250 2918.000000
18.822116 2919.000000
18.832982 2846.000000
18.843849 2924.000000
18.854715 2797.000000
18.865582 2943.000000
18.876448 2833.000000
18.887315 2857.000000
18.898181 2970.000000
18.909048 2945.000000
18.919914 2894.000000
18.930780 2794.000000
18.941647 2922.000000
18.952513 2921.000000
18.963380 2900.000000
18.974246 2929.000000
18.985113 2858.000000
18.995979 2918.000000
19.006846 2953.000000
19.017712 2798.000000
19.028578 2982.000000
19.039445 2890.000000
19.050311 2973.000000
19.061178 2834.000000
19.072044 2826.000000
19.082911 2943.000000
19.093777 2959.000000
19.104644 2840.000000
19.115510 2826.000000
19.126376 2844.000000
19.137243 2897.000000
19.148109 2905.000000
19.158976 2841.000000
19.169842 2898.000000
19.180709 2837.000000
19.191575 2842.000000
19.202441 2839.000000
19.213308 2829.000000
19.224174 2776.000000
19.235041 2822.000000
19.245907 2841.000000
19.256774 2955.000000
19.267640 2861.000000
19.278507 2856.000000
19.289373 2839.000000
19.300239 2901.000000
19.311106 2857.000000
19.321972 2999.000000
19.332839 2911.000000
19.343705 2762.000000
19.354572 2891.000000
19.365438 2861.000000
19.376304 2906.000000
19.387171 2826.000000
19.398037 2960.000000
19.408904 2988.000000
19.419770 2894.000000
19.430637 2890.000000
19.441503 2919.000000
19.452370 2822.000000
19.463236 2887.000000
19.474102 2925.000000
19.484969 2928.000000
19.495835 2832.000000
19.506702 2841.000000
19.517568 2870.000000
19.528435 2901.000000
19.539301 2824.000000
19.550168 2896.000000
19.561034 2963.000000
19.571900 2921.000000
19.582767 2999.000000
19.593633 2936.000000
19.604500 2890.000000
19.615366 2924.000000
19.626233 3008.000000
19.637099 2909.000000
19.647965 2838.000000
19.658832 2875.000000
19.669698 2913.000000
19.680565 2875.000000
19.691431 2933.000000
19.702298 2933.000000
19.713164 2916.000000
19.724031 2862.000000
19.734897 2884.000000
19.745763 2889.000000
19.756630 2903.000000
19.767496 2922.000000
19.778363 2971.000000
19.789229 2940.000000
19.800096 2964.000000
19.810962 2930.000000
19.821829 2938.000000
19.832695 2821.000000
19.843561 2921.000000
19.854428 2849.000000
19.865294 2857.000000
19.876161 2992.000000
19.887027 2857.000000
19.897894 2889.000000
19.908760 2928.000000
19.919626 2935.000000
19.930493 2978.000000
19.941359 2925.000000
19.952226 2905.000000
19.963092 2857.000000
19.973959 2870.000000
19.984825 2967.000000
19.995692 3035.000000
20.006558 2894.000000
20.017424 3026.000000
20.028291 2886.000000
20.039157 2965.000000
20.050024 2940.000000
20.060890 2867.000000
20.071757 2848.000000
20.082623 2885.000000
20.093490 2903.000000
20.104356 2921.000000
20.115222 2951.000000
20.126089 2911.000000
20.136955 2949.000000
20.147822 2922.000000
20.158688 2939.000000
20.169555 2909.000000
20.180421 2893.000000
20.191288 2852.000000
20.202154 2964.000000
20.213020 2909.000000
20.223887 2931.000000
20.234753 2919.000000
20.245620 2930.000000
20.256486 2950.000000
20.267353 2862.000000
20.278219 2982.000000
20.289085 2924.000000
20.299952 3004.000000
20.310818 2885.000000
20.321685 2916.000000
20.332551 2995.000000
20.343418 2993.000000
20.354284 2886.000000
20.365151 2873.000000
20.376017 2889.000000
20.386883 2858.000000
20.397750 2901.000000
20.408616 2958.000000
20.419483 2890.000000
20.430349 2933.000000
20.441216 2959.000000
20.452082 2864.000000
20.462948 2931.000000
20.473815 2964.000000
20.484681 2910.000000
20.495548 2840.000000
20.506414 2963.000000
20.517281 2984.000000
20.528147 2949.000000
20.539014 2934.000000
20.549880 2949.000000
20.560746 2989.000000
20.571613 2840.000000
20.582479 3022.000000
20.593346 3036.000000
20.604212 3031.000000
20.615079 2936.000000
20.625945 2917.000000
20.636812 2886.000000
20.647678 2908.000000
20.658544 3018.000000
20.669411 2908.000000
20.680277 2945.000000
20.691144 2858.000000
20.702010 3083.000000
20.712877 2983.000000
20.723743 2926.000000
20.734609 2953.000000
20.745476 2945.000000
20.756342 2983.000000
20.767209 2894.000000
20.778075 3023.000000
20.788942 2917.000000
20.799808 2933.000000
20.810675 2956.000000
20.821541 2901.000000
20.832407 2811.000000
20.843274 2936.000000
20.854140 3013.000000
20.865007 2964.000000
20.875873 2988.000000
20.886740 3017.000000
20.897606 2953.000000
20.908473 2877.000000
20.919339 3030.000000
20.930205 2966.000000
20.941072 2946.000000
20.951938 2915.000000
20.962805 2947.000000
20.973671 3056.000000
20.984538 2964.000000
20.995404 2993.000000
21.006270 2985.000000
21.017137 2923.000000
21.028003 3036.000000
21.038870 3058.000000
21.049736 3007.000000
21.060603 2956.000000
21.071469 3079.000000
21.082336 2999.000000
21.093202 2871.000000
21.104068 2919.000000
21.114935 2926.000000
21.125801 2988.000000
21.136668 3037.000000
21.147534 2962.000000
21.158401 2961.000000
21.169267 2984.000000
21.180134 2940.000000
21.191000 2943.000000
21.201866 2881.000000
21.212733 2879.000000
21.223599 2926.000000
21.234466 3028.000000
21.245332 3039.000000
21.256199 2924.000000
21.267065 3045.000000
21.277932 2889.000000
21.288798 3009.000000
21.299664 3064.000000
21.310531 2950.000000
21.321397 2954.000000
21.332264 2973.000000
21.343130 2974.000000
21.353997 2992.000000
21.364863 3027.000000
21.375729 3077.000000
21.386596 2960.000000
21.397462 3012.000000
21.408329 2977.000000
21.419195 2996.000000
21.430062 2890.000000
21.440928 3039.000000
21.451795 2888.000000
21.462661 3008.000000
21.473527 3010.000000
21.484394 3044.000000
21.495260 3019.000000
21.506127 2979.000000
21.516993 3052.000000
21.527860 3052.000000
21.538726 3011.000000
21.549592 3030.000000
21.560459 2974.000000
21.571325 3071.000000
21.582192 2959.000000
21.593058 2953.000000
21.603925 2892.000000
21.614791 2914.000000
21.625658 2973.000000
21.636524 3019.000000
21.647390 3121.000000
21.658257 3028.000000
21.669123 2978.000000
21.679990 2990.000000
21.690856 2957.000000
21.701723 2979.000000
21.712589 3049.000000
21.723456 2980.000000
21.734322 3166.000000
21.745188 2975.000000
21.756055 3066.000000
21.766921 2874.000000
21.777788 2870.000000
21.788654 2935.000000
21.799521 2909.000000
21.810387 3024.000000
21.821253 3057.000000
21.832120 2952.000000
21.842986 2958.000000
21.853853 3026.000000
21.864719 2959.000000
21.875586 2988.000000
21.886452 2935.000000
21.897319 2995.000000
21.908185 3074.000000
21.919051 3035.000000
21.929918 2967.000000
21.940784 3008.000000
21.951651 3020.000000
21.962517 2992.000000
21.973384 3035.000000
21.984250 3101.000000
21.995117 3028.000000
22.005983 3048.000000
22.016849 2933.000000
22.027716 3035.000000
22.038582 2930.000000
22.049449 2944.000000
22.060315 2981.000000
22.071182 2962.000000
22.082048 2954.000000
22.092914 3062.000000
22.103781 2990.000000
22.114647 3011.000000
22.125514 3018.000000
22.136380 3035.000000
22.147247 2996.000000
22.158113 2976.000000
22.168980 2962.000000
22.179846 3029.000000
22.190712 3011.000000
22.201579 2954.000000
22.212445 3023.000000
22.223312 2971.000000
22.234178 2944.000000
22.245045 3138.000000
22.255911 3048.000000
22.266778 3057.000000
22.277644 2964.000000
22.288510 3090.000000
22.299377 3165.000000
22.310243 3008.000000
22.321110 3072.000000
22.331976 3022.000000
22.342843 3085.000000
22.353709 3039.000000
22.364576 2954.000000
22.375442 3121.000000
22.386308 3036.000000
22.397175 2990.000000
22.408041 3121.000000
22.418908 3024.000000
22.429774 3037.000000
22.440641 3166.000000
22.451507 2842.000000
22.462373 3105.000000
22.473240 2959.000000
22.484106 3020.000000
22.494973 2991.000000
22.505839 2954.000000
22.516706 2987.000000
22.527572 3126.000000
22.538439 3002.000000
22.549305 3049.000000
22.560171 3012.000000
22.571038 3044.000000
22.581904 3036.000000
22.592771 3055.000000
22.603637 2918.000000
22.614504 3041.000000
22.625370 3088.000000
22.636236 3095.000000
22.647103 3076.000000
22.657969 2978.000000
22.668836 2990.000000
22.679702 2961.000000
22.690569 3089.000000
22.701435 2999.000000
22.712302 3101.000000
22.723168 2923.000000
22.734034 2953.000000
22.744901 3164.000000
22.755767 3032.000000
22.766634 3063.000000
22.777500 2989.000000
22.788367 3058.000000
22.799233 2969.000000
22.810100 3081.000000
22.820966 3020.000000
22.831832 3029.000000
22.842699 2970.000000
22.853565 2966.000000
22.864432 3043.000000
22.875298 3041.000000
22.886165 3069.000000
22.897031 3057.000000
22.907897 2938.000000
22.918764 2990.000000
22.929630 3009.000000
22.940497 3086.000000
22.951363 3072.000000
22.962230 3065.000000
22.973096 3124.000000
22.983963 2929.000000
22.994829 3046.000000
23.005695 3026.000000
23.016562 3053.000000
23.027428 3052.000000
23.038295 3070.000000
23.049161 3119.000000
23.060028 3157.000000
23.070894 3078.000000
23.081761 3040.000000
23.092627 3033.000000
23.103493 2974.000000
23.114360 3003.000000
23.125226 3068.000000
23.136093 3060.000000
23.146959 3120.000000
23.157826 3088.000000
23.168692 2989.000000
23.179558 3007.000000
23.190425 3059.000000
23.201291 3122.000000
23.212158 3137.000000
23.223024 2986.000000
23.233891 3010.000000
23.244757 3061.000000
23.255624 2984.000000
23.266490 3114.000000
23.277356 3065.000000
23.288223 3095.000000
23.299089 3183.000000
23.309956 3018.000000
23.320822 3067.000000
23.331689 3092.000000
23.342555 3100.000000
23.353422 3048.000000
23.364288 3106.000000
23.375154 2991.000000
23.386021 3078.000000
23.396887 3097.000000
23.407754 3033.000000
23.418620 3141.000000
23.429487 3032.000000
23.440353 2978.000000
23.451220 3166.000000
23.462086 3109.000000
23.472952 3043.000000
23.483819 3104.000000
23.494685 3122.000000
23.505552 2983.000000
23.516418 3170.000000
23.527285 3121.000000
23.538151 3097.000000
23.549017 3160.000000
23.559884 2996.000000
23.570750 3058.000000
23.581617 2959.000000
23.592483 3066.000000
23.603350 3084.000000
23.614216 3047.000000
23.625083 3078.000000
23.635949 3057.000000
23.646815 3020.000000
23.657682 3128.000000
23.668548 3021.000000
23.679415 3032.000000
23.690281 3124.000000
23.701148 3149.000000
23.712014 3012.000000
23.722881 3067.000000
23.733747 3026.000000
23.744613 3162.000000
23.755480 3143.000000
23.766346 3054.000000
23.777213 3075.000000
23.788079 3181.000000
23.798946 3070.000000
23.809812 3088.000000
23.820678 3140.000000
23.831545 3076.000000
23.842411 3117.000000
23.853278 3063.000000
23.864144 3024.000000
23.875011 3145.000000
23.885877 3050.000000
23.896744 3120.000000
23.907610 3084.000000
23.918476 3002.000000
23.929343 3175.000000
23.940209 3064.000000
23.951076 3111.000000
23.961942 3016.000000
23.972809 3095.000000
23.983675 3022.000000
23.994542 2999.000000
24.005408 3054.000000
24.016274 3085.000000
24.027141 3091.000000
24.038007 3108.000000
24.048874 3078.000000
24.059740 3180.000000
24.070607 3068.000000
24.081473 3087.000000
24.092339 3074.000000
24.103206 3241.000000
24.114072 3231.000000
24.124939 3162.000000
24.135805 3095.000000
24.146672 3085.000000
24.157538 3144.000000
24.168405 3176.000000
24.179271 3143.000000
24.190137 3137.000000
24.201004 3092.000000
24.211870 3197.000000
24.222737 3117.000000
24.233603 3156.000000
24.244470 3097.000000
24.255336 3097.000000
24.266202 3124.000000
24.277069 3053.000000
24.287935 3069.000000
24.298802 3131.000000
24.309668 3069.000000
24.320535 3109.000000
24.331401 3014.000000
24.342268 3170.000000
24.353134 3158.000000
24.364000 3063.000000
24.374867 3153.000000
24.385733 3165.000000
24.396600 3084.000000
24.407466 3011.000000
24.418333 3103.000000
24.429199 3063.000000
24.440066 3101.000000
24.450932 3039.000000
24.461798 3095.000000
24.472665 2938.000000
24.483531 3118.000000
24.494398 3247.000000
24.505264 3190.000000
24.516131 3098.000000
24.526997 3094.000000
24.537864 3222.000000
24.548730 3155.000000
24.559596 3099.000000
24.570463 3156.000000
24.581329 3200.000000
24.592196 3121.000000
24.603062 3088.000000
24.613929 3051.000000
24.624795 3147.000000
24.635661 3014.000000
24.646528 3055.000000
24.657394 3063.000000
24.668261 3205.000000
24.679127 3118.000000
24.689994 3141.000000
24.700860 3183.000000
24.711727 3156.000000
24.722593 3203.000000
24.733459 3082.000000
24.744326 3272.000000
24.755192 3108.000000
24.766059 3131.000000
24.776925 3191.000000
24.787792 3106.000000
24.798658 3192.000000
24.809525 3198.000000
24.820391 3058.000000
24.831257 3102.000000
24.842124 3068.000000
24.852990 3214.000000
24.863857 3059.000000
24.874723 3071.000000
24.885590 3142.000000
24.896456 3046.000000
24.907322 3180.000000
24.918189 3105.000000
24.929055 3227.000000
24.939922 3127.000000
24.950788 3257.000000
24.961655 3203.000000
24.972521 3148.000000
24.983388 3077.000000
24.994254 3091.000000
25.005120 3045.000000
25.015987 3074.000000
25.026853 3137.000000
25.037720 3133.000000
25.048586 3084.000000
25.059453 3209.000000
25.070319 3030.000000
25.081186 3101.000000
25.092052 3064.000000
25.102918 3191.000000
25.113785 3081.000000
25.124651 3097.000000
25.135518 3095.000000
25.146384 3156.000000
25.157251 3158.000000
25.168117 3148.000000
25.178983 3150.000000
25.189850 3094.000000
25.200716 3154.000000
25.211583 3163.000000
25.222449 3259.000000
25.233316 3135.000000
25.244182 3163.000000
25.255049 3190.000000
25.265915 3184.000000
25.276781 3179.000000
25.287648 3132.000000
25.298514 3185.000000
25.309381 3090.000000
25.320247 3097.000000
25.331114 3098.000000
25.341980 3125.000000
25.352846 3123.000000
25.363713 3144.000000
25.374579 3160.000000
25.385446 3200.000000
25.396312 3306.000000
25.407179 3132.000000
25.418045 3020.000000
25.428912 3079.000000
25.439778 3060.000000
25.450644 3159.000000
25.461511 3202.000000
25.472377 3261.000000
25.483244 3122.000000
25.494110 3157.000000
25.504977 3133.000000
25.515843 3173.000000
25.526710 3169.000000
25.537576 3128.000000
25.548442 3224.000000
25.559309 3136.000000
25.570175 3143.000000
25.581042 3158.000000
25.591908 3162.000000
25.602775 3177.000000
25.613641 3096.000000
25.624507 3128.000000
25.635374 3070.000000
25.646240 3190.000000
25.657107 3157.000000
25.667973 3122.000000
25.678840 3206.000000
25.689706 3097.000000
25.700573 3266.000000
25.711439 3195.000000
25.722305 3214.000000
25.733172 3144.000000
25.744038 3088.000000
25.754905 3073.000000
25.765771 3166.000000
25.776638 3184.000000
25.787504 3165.000000
25.798371 3195.000000
25.809237 3101.000000
25.820103 3224.000000
25.830970 3181.000000
25.841836 3133.000000
25.852703 3124.000000
25.863569 3119.000000
25.874436 3205.000000
25.885302 3233.000000
25.896169 3137.000000
25.907035 3267.000000
25.917901 3129.000000
25.928768 3261.000000
25.939634 3186.000000
25.950501 3228.000000
25.961367 3140.000000
25.972234 3141.000000
25.983100 3265.000000
25.993966 3102.000000
26.004833 3230.000000
26.015699 3121.000000
26.026566 3206.000000
26.037432 3230.000000
26.048299 3170.000000
26.059165 3258.000000
26.070032 3179.000000
26.080898 3177.000000
26.091764 3219.000000
26.102631 3178.000000
26.113497 3219.000000
26.124364 3233.000000
26.135230 3233.000000
26.146097 3203.000000
26.156963 3117.000000
26.167829 3201.000000
26.178696 3259.000000
26.189562 3195.000000
26.200429 3228.000000
26.211295 3174.000000
26.222162 3199.000000
26.233028 3200.000000
26.243895 3222.000000
26.254761 3271.000000
26.265627 3299.000000
26.276494 3201.000000
26.287360 3313.000000
26.298227 3166.000000
26.309093 3231.000000
26.319960 3154.000000
26.330826 3275.000000
26.341693 3160.000000
26.352559 3125.000000
26.363425 3339.000000
26.374292 3167.000000
26.385158 3235.000000
26.396025 3265.000000
26.406891 3100.000000
26.417758 3188.000000
26.428624 3257.000000
26.439490 3232.000000
26.450357 3245.000000
26.461223 3255.000000
26.472090 3265.000000
26.482956 3195.000000
26.493823 3202.000000
26.504689 3173.000000
26.515556 3274.000000
26.526422 3213.000000
26.537288 3173.000000
26.548155 3362.000000
26.559021 3242.000000
26.569888 3285.000000
26.580754 3238.000000
26.591621 3226.000000
26.602487 3271.000000
26.613354 3223.000000
26.624220 3230.000000
26.635086 3177.000000
26.645953 3319.000000
26.656819 3202.000000
26.667686 3137.000000
26.678552 3311.000000
26.689419 3301.000000
26.700285 3193.000000
26.711151 3335.000000
26.722018 3325.000000
26.732884 3265.000000
26.743751 3357.000000
26.754617 3328.000000
26.765484 3347.000000
26.776350 3314.000000
26.787217 3343.000000
26.798083 3291.000000
26.808949 3323.000000
26.819816 3291.000000
26.830682 3370.000000
26.841549 3423.000000
26.852415 3484.000000
26.863282 3372.000000
26.874148 3302.000000
26.885015 3347.000000
26.895881 3321.000000
26.906747 3372.000000
26.917614 3411.000000
26.928480 3530.000000
26.939347 3461.000000
26.950213 3420.000000
26.961080 3639.000000
26.971946 3584.000000
26.982813 3588.000000
26.993679 3493.000000
27.004545 3547.000000
27.015412 3618.000000
27.026278 3656.000000
27.037145 3647.000000
27.048011 3682.000000
27.058878 3806.000000
27.069744 3677.000000
27.080610 3881.000000
27.091477 3923.000000
27.102343 3930.000000
27.113210 3970.000000
27.124076 4010.000000
27.134943 4019.000000
27.145809 4153.000000
27.156676 4288.000000
27.167542 4299.000000
27.178408 4407.000000
27.189275 4566.000000
27.200141 4661.000000
27.211008 4664.000000
27.221874 4822.000000
27.232741 4850.000000
27.243607 5033.000000
27.254474 4979.000000
27.265340 5178.000000
27.276206 5100.000000
27.287073 5404.000000
27.297939 5346.000000
27.308806 5360.000000
27.319672 5502.000000
27.330539 5514.000000
27.341405 5444.000000
27.352271 5462.000000
27.363138 5420.000000
27.374004 5475.000000
27.384871 5464.000000
27.395737 5260.000000
27.406604 5204.000000
27.417470 5176.000000
27.428337 5114.000000
27.439203 5023.000000
27.450069 4897.000000
27.460936 4759.000000
27.471802 4702.000000
27.482669 4603.000000
27.493535 4512.000000
27.504402 4268.000000
27.515268 4254.000000
27.526134 4300.000000
27.537001 4041.000000
27.547867 4141.000000
27.558734 4048.000000
27.569600 4043.000000
27.580467 4009.000000
27.591333 3858.000000
27.602200 3792.000000
27.613066 3826.000000
27.623932 3894.000000
27.634799 3840.000000
27.645665 3775.000000
27.656532 3873.000000
27.667398 3821.000000
27.678265 3848.000000
27.689131 3777.000000
27.699998 3936.000000
27.710864 3889.000000
27.721730 3848.000000
27.732597 3963.000000
27.743463 4029.000000
27.754330 4063.000000
27.765196 4035.000000
27.776063 4197.000000
27.786929 4246.000000
27.797795 4166.000000
27.808662 4299.000000
27.819528 4459.000000
27.830395 4521.000000
27.841261 4527.000000
27.852128 4694.000000
27.862994 4725.000000
27.873861 4801.000000
27.884727 4969.000000
27.895593 5125.000000
27.906460 5232.000000
27.917326 5402.000000
27.928193 5409.000000
27.939059 5701.000000
27.949926 5805.000000
27.960792 5968.000000
27.971659 6073.000000
27.982525 6095.000000
27.993391 6296.000000
28.004258 6334.000000
28.015124 6209.000000
28.025991 6505.000000
28.036857 6471.000000
28.047724 6404.000000
28.058590 6499.000000
28.069457 6264.000000
28.080323 6264.000000
28.091189 6301.000000
28.102056 6145.000000
28.112922 6084.000000
28.123789 5776.000000
28.134655 5707.000000
28.145522 5603.000000
28.156388 5218.000000
28.167254 5125.000000
28.178121 5036.000000
28.188987 4971.000000
28.199854 4909.000000
28.210720 4702.000000
28.221587 4521.000000
28.232453 4428.000000
28.243320 4155.000000
28.254186 4370.000000
28.265052 3943.000000
28.275919 4111.000000
28.286785 3908.000000
28.297652 3810.000000
28.308518 3871.000000
28.319385 3924.000000
28.330251 3772.000000
28.341118 3708.000000
28.351984 3702.000000
28.362850 3611.000000
28.373717 3700.000000
28.384583 3499.000000
28.395450 3624.000000
28.406316 3503.000000
28.417183 3596.000000
28.428049 3639.000000
28.438915 3388.000000
28.449782 3453.000000
28.460648 3520.000000
28.471515 3531.000000
28.482381 3431.000000
28.493248 3426.000000
28.504114 3459.000000
28.514981 3486.000000
28.525847 3443.000000
28.536713 3264.000000
28.547580 3422.000000
28.558446 3354.000000
28.569313 3377.000000
28.580179 3270.000000
28.591046 3377.000000
28.601912 3429.000000
28.612778 3388.000000
28.623645 3412.000000
28.634511 3361.000000
28.645378 3430.000000
28.656244 3397.000000
28.667111 3278.000000
28.677977 3339.000000
28.688844 3236.000000
28.699710 3445.000000
28.710576 3358.000000
28.721443 3344.000000
28.732309 3270.000000
28.743176 3319.000000
28.754042 3357.000000
28.764909 3358.000000
28.775775 3282.000000
28.786642 3310.000000
28.797508 3329.000000
28.808374 3394.000000
28.819241 3222.000000
28.830107 3376.000000
28.840974 3314.000000
28.851840 3378.000000
28.862707 3403.000000
28.873573 3330.000000
28.884439 3273.000000
28.895306 3332.000000
28.906172 3441.000000
28.917039 3300.000000
28.927905 3307.000000
28.938772 3262.000000
28.949638 3342.000000
28.960505 3378.000000
28.971371 3238.000000
28.982237 3327.000000
28.993104 3339.000000
29.003970 3276.000000
29.014837 3246.000000
29.025703 3318.000000
29.036570 3320.000000
29.047436 3364.000000
29.058303 3275.000000
29.069169 3334.000000
29.080035 3416.000000
29.090902 3467.000000
29.101768 3328.000000
29.112635 3336.000000
29.123501 3325.000000
29.134368 3287.000000
29.145234 3284.000000
29.156101 3294.000000
29.166967 3383.000000
29.177833 3328.000000
29.188700 3356.000000
29.199566 3244.000000
29.210433 3400.000000
29.221299 3340.000000
29.232166 3323.000000
29.243032 3275.000000
29.253898 3347.000000
29.264765 3333.000000
29.275631 3390.000000
29.286498 3421.000000
29.297364 3301.000000
29.308231 3386.000000
29.319097 3305.000000
29.329964 3247.000000
29.340830 3205.000000
29.351696 3322.000000
29.362563 3213.000000
29.373429 3273.000000
29.384296 3304.000000
29.395162 3237.000000
29.406029 3431.000000
29.416895 3239.000000
29.427762 3416.000000
29.438628 3319.000000
29.449494 3265.000000
29.460361 3224.000000
29.471227 3339.000000
29.482094 3312.000000
29.492960 3341.000000
29.503827 3318.000000
29.514693 3192.000000
29.525559 3334.000000
29.536426 3208.000000
29.547292 3476.000000
29.558159 3321.000000
29.569025 3348.000000
29.579892 3287.000000
29.590758 3392.000000
29.601625 3230.000000
29.612491 3314.000000
29.623357 3346.000000
29.634224 3392.000000
29.645090 3271.000000
29.655957 3285.000000
29.666823 3262.000000
29.677690 3241.000000
29.688556 3294.000000
29.699422 3322.000000
29.710289 3398.000000
29.721155 3236.000000
29.732022 3124.000000
29.742888 3373.000000
29.753755 3224.000000
29.764621 3304.000000
29.775488 3352.000000
29.786354 3237.000000
29.797220 3387.000000
29.808087 3370.000000
29.818953 3262.000000
29.829820 3415.000000
29.840686 3294.000000
29.851553 3225.000000
29.862419 3414.000000
29.873286 3314.000000
29.884152 3284.000000
29.895018 3392.000000
29.905885 3403.000000
29.916751 3405.000000
29.927618 3282.000000
29.938484 3212.000000
29.949351 3336.000000
29.960217 3271.000000
29.971083 3305.000000
29.981950 3240.000000
29.992816 3305.000000
30.003683 3269.000000
30.014549 3342.000000
30.025416 3341.000000
30.036282 3282.000000
30.047149 3288.000000
30.058015 3322.000000
30.068881 3317.000000
30.079748 3323.000000
30.090614 3333.000000
30.101481 3258.000000
30.112347 3385.000000
30.123214 3296.000000
30.134080 3229.000000
30.144947 3370.000000
30.155813 3178.000000
30.166679 3334.000000
30.177546 3267.000000
30.188412 3303.000000
30.199279 3352.000000
30.210145 3182.000000
30.221012 3293.000000
30.231878 3392.000000
30.242745 3282.000000
30.253611 3332.000000
30.264477 3293.000000
30.275344 3304.000000
30.286210 3356.000000
30.297077 3294.000000
30.307943 3393.000000
30.318810 3321.000000
30.329676 3340.000000
30.340542 3290.000000
30.351409 3377.000000
30.362275 3407.000000
30.373142 3397.000000
30.384008 3347.000000
30.394875 3287.000000
30.405741 3289.000000
30.416608 3333.000000
30.427474 3342.000000
30.438340 3315.000000
30.449207 3470.000000
30.460073 3306.000000
30.470940 3347.000000
30.481806 3385.000000
30.492673 3322.000000
30.503539 3329.000000
30.514406 3289.000000
30.525272 3368.000000
30.536138 3377.000000
30.547005 3362.000000
30.557871 3359.000000
30.568738 3400.000000
30.579604 3290.000000
30.590471 3424.000000
30.601337 3398.000000
30.612203 3282.000000
30.623070 3399.000000
30.633936 3356.000000
30.644803 3303.000000
30.655669 3339.000000
30.666536 3358.000000
30.677402 3283.000000
30.688269 3357.000000
30.699135 3497.000000
30.710001 3262.000000
30.720868 3349.000000
30.731734 3270.000000
30.742601 3268.000000
30.753467 3354.000000
30.764334 3374.000000
30.775200 3399.000000
30.786066 3396.000000
30.796933 3310.000000
30.807799 3333.000000
30.818666 3391.000000
30.829532 3393.000000
30.840399 3343.000000
30.851265 3418.000000
30.862132 3287.000000
30.872998 3272.000000
30.883864 3436.000000
30.894731 3348.000000
30.905597 3377.000000
30.916464 3338.000000
30.927330 3457.000000
30.938197 3364.000000
30.949063 3454.000000
30.959930 3508.000000
30.970796 3509.000000
30.981662 3346.000000
30.992529 3392.000000
31.003395 3303.000000
31.014262 3318.000000
31.025128 3328.000000
31.035995 3387.000000
31.046861 3426.000000
31.057727 3407.000000
31.068594 3479.000000
31.079460 3422.000000
31.090327 3433.000000
31.101193 3450.000000
31.112060 3475.000000
31.122926 3312.000000
31.133793 3376.000000
31.144659 3367.000000
31.155525 3457.000000
31.166392 3407.000000
31.177258 3369.000000
31.188125 3426.000000
31.198991 3446.000000
31.209858 3400.000000
31.220724 3425.000000
31.231591 3451.000000
31.242457 3488.000000
31.253323 3485.000000
31.264190 3506.000000
31.275056 3453.000000
31.285923 3489.000000
31.296789 3476.000000
31.307656 3506.000000
31.318522 3486.000000
31.329389 3583.000000
31.340255 3546.000000
31.351121 3606.000000
31.361988 3571.000000
31.372854 3603.000000
31.383721 3664.000000
31.394587 3683.000000
31.405454 3758.000000
31.416320 3628.000000
31.427186 3771.000000
31.438053 3710.000000
31.448919 3726.000000
31.459786 3717.000000
31.470652 3769.000000
31.481519 3885.000000
31.492385 3723.000000
31.503252 3854.000000
31.514118 4050.000000
31.524984 4045.000000
31.535851 4177.000000
31.546717 4013.000000
31.557584 4246.000000
31.568450 4321.000000
31.579317 4329.000000
31.590183 4390.000000
31.601050 4411.000000
31.611916 4489.000000
31.622782 4516.000000
31.633649 4829.000000
31.644515 4885.000000
31.655382 5010.000000
31.666248 5141.000000
31.677115 5257.000000
31.687981 5526.000000
31.698847 5696.000000
31.709714 5887.000000
31.720580 6114.000000
31.731447 6283.000000
31.742313 6636.000000
31.753180 6863.000000
31.764046 6991.000000
31.774913 7174.000000
31.785779 7595.000000
31.796645 7879.000000
31.807512 8039.000000
31.818378 8091.000000
31.829245 8441.000000
31.840111 8427.000000
31.850978 8504.000000
31.861844 8439.000000
31.872710 8252.000000
31.883577 8107.000000
31.894443 7912.000000
31.905310 7728.000000
31.916176 7585.000000
31.927043 7109.000000
31.937909 6534.000000
31.948776 6498.000000
31.959642 5843.000000
31.970508 5794.000000
31.981375 5371.000000
31.992241 5178.000000
32.003108 4914.000000
32.013974 4692.000000
32.024841 4417.000000
32.035707 4383.000000
32.046574 4125.000000
32.057440 4071.000000
32.068306 3890.000000
32.079173 3922.000000
32.090039 3810.000000
32.100906 3805.000000
32.111772 3772.000000
32.122639 3829.000000
32.133505 3666.000000
32.144371 3654.000000
32.155238 3632.000000
32.166104 3695.000000
32.176971 3518.000000
32.187837 3598.000000
32.198704 3609.000000
32.209570 3607.000000
32.220437 3628.000000
32.231303 3488.000000
32.242169 3441.000000
32.253036 3503.000000
32.263902 3526.000000
32.274769 3556.000000
32.285635 3428.000000
32.296502 3418.000000
32.307368 3525.000000
32.318235 3313.000000
32.329101 3473.000000
32.339967 3484.000000
32.350834 3480.000000
32.361700 3496.000000
32.372567 3390.000000
32.383433 3429.000000
32.394300 3497.000000
32.405166 3397.000000
32.416033 3387.000000
32.426899 3446.000000
32.437765 3412.000000
32.448632 3485.000000
32.459498 3520.000000
32.470365 3408.000000
32.481231 3343.000000
32.492098 3386.000000
32.502964 3391.000000
32.513830 3277.000000
32.524697 3289.000000
32.535563 3376.000000
32.546430 3457.000000
32.557296 3459.000000
32.568163 3393.000000
32.579029 3415.000000
32.589896 3439.000000
32.600762 3430.000000
32.611628 3394.000000
32.622495 3406.000000
32.633361 3386.000000
32.644228 3401.000000
32.655094 3392.000000
32.665961 3467.000000
32.676827 3429.000000
32.687694 3503.000000
32.698560 3540.000000
32.709426 3380.000000
32.720293 3299.000000
32.731159 3370.000000
32.742026 3443.000000
32.752892 3383.000000
32.763759 3441.000000
32.774625 3461.000000
32.785491 3352.000000
32.796358 3378.000000
32.807224 3361.000000
32.818091 3500.000000
32.828957 3470.000000
32.839824 3468.000000
32.850690 3548.000000
32.861557 3342.000000
32.872423 3425.000000
32.883289 3400.000000
32.894156 3402.000000
32.905022 3381.000000
32.915889 3396.000000
32.926755 3436.000000
32.937622 3462.000000
32.948488 3392.000000
32.959354 3359.000000
32.970221 3476.000000
32.981087 3403.000000
32.991954 3366.000000
33.002820 3440.000000
33.013687 3366.000000
33.024553 3376.000000
33.035420 3420.000000
33.046286 3401.000000
33.057152 3384.000000
33.068019 3451.000000
33.078885 3370.000000
33.089752 3414.000000
33.100618 3378.000000
33.111485 3442.000000
33.122351 3379.000000
33.133218 3453.000000
33.144084 3254.000000
33.154950 3412.000000
33.165817 3350.000000
33.176683 3481.000000
33.187550 3415.000000
33.198416 3502.000000
33.209283 3460.000000
33.220149 3473.000000
33.231015 3407.000000
33.241882 3467.000000
33.252748 3400.000000
33.263615 3417.000000
33.274481 3406.000000
33.285348 3422.000000
33.296214 3385.000000
33.307081 3313.000000
33.317947 3400.000000
33.328813 3477.000000
33.339680 3450.000000
33.350546 3342.000000
33.361413 3369.000000
33.372279 3492.000000
33.383146 3333.000000
33.394012 3385.000000
33.404879 3424.000000
33.415745 3387.000000
33.426611 3376.000000
33.437478 3445.000000
33.448344 3389.000000
33.459211 3410.000000
33.470077 3484.000000
33.480944 3357.000000
33.491810 3383.000000
33.502676 3319.000000
33.513543 3425.000000
33.524409 3419.000000
33.535276 3435.000000
33.546142 3343.000000
33.557009 3426.000000
33.567875 3317.000000
33.578742 3388.000000
33.589608 3394.000000
33.600474 3368.000000
33.611341 3401.000000
33.622207 3500.000000
33.633074 3372.000000
33.643940 3345.000000
33.654807 3442.000000
33.665673 3449.000000
33.676540 3389.000000
33.687406 3439.000000
33.698272 3428.000000
33.709139 3432.000000
33.720005 3329.000000
33.730872 3312.000000
33.741738 3480.000000
33.752605 3503.000000
33.763471 3515.000000
33.774338 3409.000000
33.785204 3433.000000
33.796070 3428.000000
33.806937 3422.000000
33.817803 3499.000000
33.828670 3625.000000
33.839536 3443.000000
33.850403 3393.000000
33.861269 3504.000000
33.872135 3414.000000
33.883002 3400.000000
33.893868 3466.000000
33.904735 3390.000000
33.915601 3424.000000
33.926468 3574.000000
33.937334 3500.000000
33.948201 3523.000000
33.959067 3402.000000
33.969933 3443.000000
33.980800 3553.000000
33.991666 3453.000000
34.002533 3445.000000
34.013399 3479.000000
34.024266 3446.000000
34.035132 3525.000000
34.045998 3532.000000
34.056865 3367.000000
34.067731 3528.000000
34.078598 3469.000000
34.089464 3617.000000
34.100331 3540.000000
34.111197 3438.000000
34.122064 3531.000000
34.132930 3552.000000
34.143796 3469.000000
34.154663 3678.000000
34.165529 3478.000000
34.176396 3493.000000
34.187262 3677.000000
34.198129 3603.000000
34.208995 3665.000000
34.219862 3726.000000
34.230728 3645.000000
34.241594 3611.000000
34.252461 3692.000000
34.263327 3828.000000
34.274194 3841.000000
34.285060 3792.000000
34.295927 4030.000000
34.306793 4202.000000
34.317659 4148.000000
34.328526 4197.000000
34.339392 4380.000000
34.350259 4661.000000
34.361125 4727.000000
34.371992 4854.000000
34.382858 5044.000000
34.393725 5414.000000
34.404591 5483.000000
34.415457 5850.000000
34.426324 6048.000000
34.437190 6203.000000
34.448057 6435.000000
34.458923 6681.000000
34.469790 6836.000000
34.480656 7092.000000
34.491523 7203.000000
34.502389 7278.000000
34.513255 7335.000000
34.524122 7052.000000
34.534988 7186.000000
34.545855 6976.000000
34.556721 6885.000000
34.567588 6596.000000
34.578454 6271.000000
34.589320 5789.000000
34.600187 5513.000000
34.611053 5404.000000
34.621920 5093.000000
34.632786 4982.000000
34.643653 4816.000000
34.654519 4629.000000
34.665386 4413.000000
34.676252 4269.000000
34.687118 4051.000000
34.697985 3996.000000
34.708851 3906.000000
34.719718 3812.000000
34.730584 3706.000000
34.741451 3753.000000
34.752317 3719.000000
34.763184 3660.000000
34.774050 3549.000000
34.784916 3636.000000
34.795783 3625.000000
34.806649 3630.000000
34.817516 3599.000000
34.828382 3564.000000
34.839249 3665.000000
34.850115 3569.000000
34.860982 3598.000000
34.871848 3522.000000
34.882714 3634.000000
34.893581 3511.000000
34.904447 3654.000000
34.915314 3545.000000
34.926180 3524.000000
34.937047 3448.000000
34.947913 3425.000000
34.958779 3452.000000
34.969646 3435.000000
34.980512 3457.000000
34.991379 3460.000000
35.002245 3478.000000
35.013112 3501.000000
35.023978 3340.000000
35.034845 3501.000000
35.045711 3448.000000
35.056577 3484.000000
35.067444 3439.000000
35.078310 3424.000000
35.089177 3466.000000
35.100043 3497.000000
35.110910 3518.000000
35.121776 3415.000000
35.132643 3517.000000
35.143509 3436.000000
35.154375 3463.000000
35.165242 3439.000000
35.176108 3644.000000
35.186975 3458.000000
35.197841 3518.000000
35.208708 3509.000000
35.219574 3591.000000
35.230440 3542.000000
35.241307 3486.000000
35.252173 3582.000000
35.263040 3555.000000
35.273906 3554.000000
35.284773 3435.000000
35.295639 3452.000000
35.306506 3514.000000
35.317372 3558.000000
35.328238 3482.000000
35.339105 3446.000000
35.349971 3451.000000
35.360838 3561.000000
35.371704 3447.000000
35.382571 3536.000000
35.393437 3511.000000
35.404303 3493.000000
35.415170 3589.000000
35.426036 3615.000000
35.436903 3556.000000
35.447769 3483.000000
35.458636 3540.000000
35.469502 3508.000000
35.480369 3519.000000
35.491235 3571.000000
35.502101 3577.000000
35.512968 3531.000000
35.523834 3509.000000
35.534701 3498.000000
35.545567 3557.000000
35.556434 3499.000000
35.567300 3562.000000
35.578167 3547.000000
35.589033 3585.000000
35.599899 3497.000000
35.610766 3582.000000
35.621632 3529.000000
35.632499 3629.000000
35.643365 3521.000000
35.654232 3631.000000
35.665098 3518.000000
35.675964 3552.000000
35.686831 3526.000000
35.697697 3583.000000
35.708564 3677.000000
35.719430 3553.000000
35.730297 3496.000000
35.741163 3601.000000
35.752030 3599.000000
35.762896 3626.000000
35.773762 3628.000000
35.784629 3606.000000
35.795495 3794.000000
35.806362 3667.000000
35.817228 3720.000000
35.828095 3608.000000
35.838961 3825.000000
35.849828 3797.000000
35.860694 3719.000000
35.871560 3813.000000
35.882427 3844.000000
35.893293 3849.000000
35.904160 3825.000000
35.915026 3975.000000
35.925893 3980.000000
35.936759 3956.000000
35.947626 3900.000000
35.958492 3918.000000
35.969358 3999.000000
35.980225 4021.000000
35.991091 4120.000000
36.001958 4064.000000
36.012824 4342.000000
36.023691 4221.000000
36.034557 4231.000000
36.045423 4273.000000
36.056290 4344.000000
36.067156 4490.000000
36.078023 4708.000000
36.088889 4707.000000
36.099756 4932.000000
36.110622 5021.000000
36.121489 5186.000000
36.132355 5338.000000
36.143221 5498.000000
36.154088 5839.000000
36.164954 6123.000000
36.175821 6227.000000
36.186687 6682.000000
36.197554 7168.000000
36.208420 7682.000000
36.219287 8083.000000
36.230153 8309.000000
36.241019 9056.000000
36.251886 9514.000000
36.262752 9952.000000
36.273619 10407.000000
36.284485 10900.000000
36.295352 11223.000000
36.306218 11442.000000
36.317084 11656.000000
36.327951 12250.000000
36.338817 12226.000000
36.349684 12445.000000
36.360550 12338.000000
36.371417 11819.000000
36.382283 11679.000000
36.393150 11212.000000
36.404016 10482.000000
36.414882 9989.000000
36.425749 9346.000000
36.436615 8836.000000
36.447482 8284.000000
36.458348 7851.000000
36.469215 7492.000000
36.480081 6996.000000
36.490947 6687.000000
36.501814 6178.000000
36.512680 5794.000000
36.523547 5538.000000
36.534413 5128.000000
36.545280 4870.000000
36.556146 4695.000000
36.567013 4553.000000
36.577879 4614.000000
36.588745 4295.000000
36.599612 4384.000000
36.610478 4335.000000
36.621345 4183.000000
36.632211 4259.000000
36.643078 4123.000000
36.653944 4131.000000
36.664811 4097.000000
36.675677 4128.000000
36.686543 4020.000000
36.697410 4022.000000
36.708276 4105.000000
36.719143 4088.000000
36.730009 4166.000000
36.740876 4033.000000
36.751742 3997.000000
36.762608 4008.000000
36.773475 4122.000000
36.784341 4100.000000
36.795208 4082.000000
36.806074 4039.000000
36.816941 3999.000000
36.827807 4135.000000
36.838674 4006.000000
36.849540 3980.000000
36.860406 4110.000000
36.871273 4195.000000
36.882139 4333.000000
36.893006 4108.000000
36.903872 4215.000000
36.914739 4284.000000
36.925605 4369.000000
36.936472 4335.000000
36.947338 4473.000000
36.958204 4538.000000
36.969071 4438.000000
36.979937 4650.000000
36.990804 4539.000000
37.001670 4907.000000
37.012537 4865.000000
37.023403 5046.000000
37.034270 5136.000000
37.045136 5183.000000
37.056002 5425.000000
37.066869 5680.000000
37.077735 5963.000000
37.088602 6160.000000
37.099468 6410.000000
37.110335 6737.000000
37.121201 7163.000000
37.132067 7701.000000
37.142934 8169.000000
37.153800 8658.000000
37.164667 9239.000000
37.175533 9810.000000
37.186400 10601.000000
37.197266 11341.000000
37.208133 11943.000000
37.218999 12896.000000
37.229865 13499.000000
37.240732 14439.000000
37.251598 15125.000000
37.262465 15931.000000
37.273331 16673.000000
37.284198 17431.000000
37.295064 18218.000000
37.305931 18574.000000
37.316797 19086.000000
37.327663 19242.000000
37.338530 19295.000000
37.349396 19176.000000
37.360263 18915.000000
37.371129 18690.000000
37.381996 17804.000000
37.392862 17161.000000
37.403728 16506.000000
37.414595 15907.000000
37.425461 14901.000000
37.436328 14295.000000
37.447194 13532.000000
37.458061 12841.000000
37.468927 12257.000000
37.479794 11101.000000
37.490660 10475.000000
37.501526 9558.000000
37.512393 9094.000000
37.523259 8402.000000
37.534126 7998.000000
37.544992 7425.000000
37.555859 7002.000000
37.566725 6586.000000
37.577591 6339.000000
37.588458 6146.000000
37.599324 5737.000000
37.610191 5566.000000
37.621057 5285.000000
37.631924 5201.000000
37.642790 5177.000000
37.653657 4892.000000
37.664523 4857.000000
37.675389 4874.000000
37.686256 4645.000000
37.697122 4628.000000
37.707989 4449.000000
37.718855 4381.000000
37.729722 4367.000000
37.740588 4290.000000
37.751455 4254.000000
37.762321 4270.000000
37.773187 4186.000000
37.784054 4109.000000
37.794920 3943.000000
37.805787 4126.000000
37.816653 4009.000000
37.827520 4025.000000
37.838386 3927.000000
37.849252 3831.000000
37.860119 3766.000000
37.870985 3877.000000
37.881852 3846.000000
37.892718 3855.000000
37.903585 3807.000000
37.914451 3783.000000
37.925318 3895.000000
37.936184 3762.000000
37.947050 3791.000000
37.957917 3683.000000
37.968783 3836.000000
37.979650 3692.000000
37.990516 3700.000000
38.001383 3796.000000
38.012249 3668.000000
38.023116 3639.000000
38.033982 3628.000000
38.044848 3670.000000
38.055715 3628.000000
38.066581 3697.000000
38.077448 3667.000000
38.088314 3646.000000
38.099181 3642.000000
38.110047 3544.000000
38.120914 3592.000000
38.131780 3609.000000
38.142646 3612.000000
38.153513 3553.000000
38.164379 3531.000000
38.175246 3612.000000
38.186112 3589.000000
38.196979 3572.000000
38.207845 3585.000000
38.218711 3584.000000
38.229578 3588.000000
38.240444 3654.000000
38.251311 3592.000000
38.262177 3613.000000
38.273044 3523.000000
38.283910 3581.000000
38.294777 3619.000000
38.305643 3559.000000
38.316509 3608.000000
38.327376 3677.000000
38.338242 3556.000000
38.349109 3708.000000
38.359975 3635.000000
38.370842 3669.000000
38.381708 3530.000000
38.392575 3548.000000
38.403441 3548.000000
38.414307 3604.000000
38.425174 3509.000000
38.436040 3668.000000
38.446907 3613.000000
38.457773 3544.000000
38.468640 3545.000000
38.479506 3619.000000
38.490372 3595.000000
38.501239 3652.000000
38.512105 3608.000000
38.522972 3588.000000
38.533838 3559.000000
38.544705 3517.000000
38.555571 3596.000000
38.566438 3624.000000
38.577304 3577.000000
38.588170 3522.000000
38.599037 3683.000000
38.609903 3592.000000
38.620770 3603.000000
38.631636 3616.000000
38.642503 3618.000000
38.653369 3618.000000
38.664235 3419.000000
38.675102 3626.000000
38.685968 3535.000000
38.696835 3614.000000
38.707701 3609.000000
38.718568 3550.000000
38.729434 3606.000000
38.740301 3595.000000
38.751167 3673.000000
38.762033 3602.000000
38.772900 3548.000000
38.783766 3499.000000
38.794633 3591.000000
38.805499 3632.000000
38.816366 3486.000000
38.827232 3619.000000
38.838099 3657.000000
38.848965 3673.000000
38.859831 3670.000000
38.870698 3594.000000
38.881564 3621.000000
38.892431 3768.000000
38.903297 3540.000000
38.914164 3652.000000
38.925030 3613.000000
38.935896 3638.000000
38.946763 3793.000000
38.957629 3597.000000
38.968496 3704.000000
38.979362 3746.000000
38.990229 3686.000000
39.001095 3717.000000
39.011962 3611.000000
39.022828 3589.000000
39.033694 3564.000000
39.044561 3681.000000
39.055427 3722.000000
39.066294 3701.000000
39.077160 3821.000000
39.088027 3692.000000
39.098893 3703.000000
39.109760 3706.000000
39.120626 3719.000000
39.131492 3747.000000
39.142359 3838.000000
39.153225 3746.000000
39.164092 3767.000000
39.174958 3896.000000
39.185825 3902.000000
39.196691 3997.000000
39.207558 3892.000000
39.218424 3995.000000
39.229290 4027.000000
39.240157 3902.000000
39.251023 4044.000000
39.261890 4091.000000
39.272756 4111.000000
39.283623 4042.000000
39.294489 4185.000000
39.305355 4213.000000
39.316222 4408.000000
39.327088 4361.000000
39.337955 4333.000000
39.348821 4430.000000
39.359688 4509.000000
39.370554 4596.000000
39.381421 4783.000000
39.392287 4928.000000
39.403153 4968.000000
39.414020 4966.000000
39.424886 5094.000000
39.435753 5196.000000
39.446619 5306.000000
39.457486 5335.000000
39.468352 5414.000000
39.479219 5540.000000
39.490085 5570.000000
39.500951 5817.000000
39.511818 5642.000000
39.522684 5698.000000
39.533551 5939.000000
39.544417 5774.000000
39.555284 5858.000000
39.566150 5825.000000
39.577016 5794.000000
39.587883 5848.000000
39.598749 5783.000000
39.609616 5732.000000
39.620482 5687.000000
39.631349 5441.000000
39.642215 5368.000000
39.653082 5290.000000
39.663948 5147.000000
39.674814 5146.000000
39.685681 5024.000000
39.696547 4937.000000
39.707414 4798.000000
39.718280 4841.000000
39.729147 4611.000000
39.740013 4556.000000
39.750879 4513.000000
39.761746 4452.000000
39.772612 4357.000000
39.783479 4361.000000
39.794345 4408.000000
39.805212 4296.000000
39.816078 4074.000000
39.826945 4021.000000
39.837811 3906.000000
39.848677 4010.000000
39.859544 3993.000000
39.870410 3916.000000
39.881277 3940.000000
39.892143 3865.000000
39.903010 3944.000000
39.913876 3840.000000
39.924743 3798.000000
39.935609 3881.000000
39.946475 3828.000000
39.957342 3905.000000
39.968208 3611.000000
39.979075 3718.000000
39.989941 3678.000000
40.000808 3755.000000
40.011674 3704.000000
40.022540 3628.000000
40.033407 3745.000000
40.044273 3667.000000
40.055140 3700.000000
40.066006 3576.000000
40.076873 3712.000000
40.087739 3678.000000
40.098606 3654.000000
40.109472 3690.000000
40.120338 3591.000000
40.131205 3693.000000
40.142071 3653.000000
40.152938 3721.000000
40.163804 3629.000000
40.174671 3645.000000
40.185537 3720.000000
40.196404 3577.000000
40.207270 3561.000000
40.218136 3667.000000
40.229003 3597.000000
40.239869 3624.000000
40.250736 3516.000000
40.261602 3526.000000
40.272469 3563.000000
40.283335 3667.000000
40.294201 3682.000000
40.305068 3479.000000
40.315934 3559.000000
40.326801 3643.000000
40.337667 3507.000000
40.348534 3552.000000
40.359400 3611.000000
40.370267 3539.000000
40.381133 3537.000000
40.391999 3621.000000
40.402866 3536.000000
40.413732 3473.000000
40.424599 3611.000000
40.435465 3562.000000
40.446332 3592.000000
40.457198 3529.000000
40.468065 3570.000000
40.478931 3601.000000
40.489797 3669.000000
40.500664 3648.000000
40.511530 3522.000000
40.522397 3598.000000
40.533263 3503.000000
40.544130 3456.000000
40.554996 3501.000000
40.565863 3463.000000
40.576729 3748.000000
40.587595 3527.000000
40.598462 3574.000000
40.609328 3514.000000
40.620195 3551.000000
40.631061 3527.000000
40.641928 3600.000000
40.652794 3559.000000
40.663660 3451.000000
40.674527 3596.000000
40.685393 3569.000000
40.696260 3641.000000
40.707126 3538.000000
40.717993 3492.000000
40.728859 3533.000000
40.739726 3618.000000
40.750592 3628.000000
40.761458 3574.000000
40.772325 3616.000000
40.783191 3484.000000
40.794058 3585.000000
40.804924 3542.000000
40.815791 3617.000000
40.826657 3520.000000
40.837523 3583.000000
40.848390 3507.000000
40.859256 3451.000000
40.870123 3668.000000
40.880989 3599.000000
40.891856 3553.000000
40.902722 3521.000000
40.913589 3506.000000
40.924455 3588.000000
40.935321 3533.000000
40.946188 3479.000000
40.957054 3475.000000
40.967921 3558.000000
40.978787 3519.000000
40.989654 3549.000000
41.000520 3540.000000
41.011387 3531.000000
41.022253 3552.000000
41.033119 3596.000000
41.043986 3621.000000
41.054852 3521.000000
41.065719 3552.000000
41.076585 3564.000000
41.087452 3530.000000
41.098318 3526.000000
41.109184 3565.000000
41.120051 3480.000000
41.130917 3636.000000
41.141784 3525.000000
41.152650 3468.000000
41.163517 3420.000000
41.174383 3447.000000
41.185250 3557.000000
41.196116 3448.000000
41.206982 3485.000000
41.217849 3472.000000
41.228715 3476.000000
41.239582 3574.000000
41.250448 3541.000000
41.261315 3631.000000
41.272181 3568.000000
41.283048 3517.000000
41.293914 3434.000000
41.304780 3485.000000
41.315647 3487.000000
41.326513 3487.000000
41.337380 3511.000000
41.348246 3489.000000
41.359113 3541.000000
41.369979 3489.000000
41.380845 3419.000000
41.391712 3468.000000
41.402578 3410.000000
41.413445 3486.000000
41.424311 3558.000000
41.435178 3473.000000
41.446044 3437.000000
41.456911 3483.000000
41.467777 3498.000000
41.478643 3443.000000
41.489510 3466.000000
41.500376 3539.000000
41.511243 3503.000000
41.522109 3598.000000
41.532976 3499.000000
41.543842 3555.000000
41.554709 3602.000000
41.565575 3587.000000
41.576441 3499.000000
41.587308 3474.000000
41.598174 3497.000000
41.609041 3547.000000
41.619907 3599.000000
41.630774 3492.000000
41.641640 3608.000000
41.652507 3520.000000
41.663373 3565.000000
41.674239 3533.000000
41.685106 3570.000000
41.695972 3596.000000
41.706839 3562.000000
41.717705 3520.000000
41.728572 3533.000000
41.739438 3586.000000
41.750304 3482.000000
41.761171 3552.000000
41.772037 3550.000000
41.782904 3505.000000
41.793770 3577.000000
41.804637 3626.000000
41.815503 3668.000000
41.826370 3533.000000
41.837236 3575.000000
41.848102 3626.000000
41.858969 3670.000000
41.869835 3622.000000
41.880702 3616.000000
41.891568 3508.000000
41.902435 3579.000000
41.913301 3680.000000
41.924168 3638.000000
41.935034 3667.000000
41.945900 3690.000000
41.956767 3675.000000
41.967633 3746.000000
41.978500 3559.000000
41.989366 3711.000000
42.000233 3700.000000
42.011099 3805.000000
42.021965 3603.000000
42.032832 3728.000000
42.043698 3807.000000
42.054565 3666.000000
42.065431 3713.000000
42.076298 3743.000000
42.087164 3752.000000
42.098031 3836.000000
42.108897 3848.000000
42.119763 3837.000000
42.130630 3879.000000
42.141496 3919.000000
42.152363 3919.000000
42.163229 3981.000000
42.174096 3932.000000
42.184962 3885.000000
42.195828 3933.000000
42.206695 4101.000000
42.217561 4042.000000
42.228428 4005.000000
42.239294 3910.000000
42.250161 4026.000000
42.261027 4021.000000
42.271894 3948.000000
42.282760 4141.000000
42.293626 4151.000000
42.304493 4089.000000
42.315359 4022.000000
42.326226 4050.000000
42.337092 4046.000000
42.347959 4063.000000
42.358825 4051.000000
42.369692 4102.000000
42.380558 4102.000000
42.391424 4058.000000
42.402291 4041.000000
42.413157 4134.000000
42.424024 3998.000000
42.434890 3978.000000
42.445757 4003.000000
42.456623 4062.000000
42.467489 3948.000000
42.478356 3919.000000
42.489222 3936.000000
42.500089 3856.000000
42.510955 3859.000000
42.521822 3886.000000
42.532688 3866.000000
42.543555 3892.000000
42.554421 3842.000000
42.565287 3806.000000
42.576154 3711.000000
42.587020 3913.000000
42.597887 3870.000000
42.608753 3772.000000
42.619620 3849.000000
42.630486 3845.000000
42.641353 3950.000000
42.652219 3775.000000
42.663085 3931.000000
42.673952 3896.000000
42.684818 3951.000000
42.695685 3956.000000
42.706551 3866.000000
42.717418 3955.000000
42.728284 3828.000000
42.739151 3968.000000
42.750017 3997.000000
42.760883 4052.000000
42.771750 3967.000000
42.782616 3955.000000
42.793483 4036.000000
42.804349 4299.000000
42.815216 4120.000000
42.826082 4143.000000
42.836948 4205.000000
42.847815 4197.000000
42.858681 4200.000000
42.869548 4239.000000
42.880414 4331.000000
42.891281 4288.000000
42.902147 4363.000000
42.913014 4686.000000
42.923880 4478.000000
42.934746 4649.000000
42.945613 4493.000000
42.956479 4633.000000
42.967346 4850.000000
42.978212 4818.000000
42.989079 4920.000000
42.999945 5030.000000
43.010811 5089.000000
43.021678 5200.000000
43.032544 5206.000000
43.043411 5274.000000
43.054277 5448.000000
43.065144 5683.000000
43.076010 5924.000000
43.086877 6047.000000
43.097743 6441.000000
43.108609 6737.000000
43.119476 6961.000000
43.130342 7397.000000
43.141209 7694.000000
43.152075 8145.000000
43.162942 8827.000000
43.173808 9615.000000
43.184675 10114.000000
43.195541 11079.000000
43.206407 11859.000000
43.217274 13274.000000
43.228140 14120.000000
43.239007 15349.000000
43.249873 17007.000000
43.260740 18404.000000
43.271606 20169.000000
43.282472 21777.000000
43.293339 23509.000000
43.304205 24982.000000
43.315072 26552.000000
43.325938 28308.000000
43.336805 29455.000000
43.347671 30725.000000
43.358538 31161.000000
43.369404 32212.000000
43.380270 32510.000000
43.391137 32427.000000
43.402003 31509.000000
43.412870 30804.000000
43.423736 29597.000000
43.434603 27885.000000
43.445469 26628.000000
43.456336 24715.000000
43.467202 23499.000000
43.478068 21798.000000
43.488935 20904.000000
43.499801 19716.000000
43.510668 18617.000000
43.521534 17190.000000
43.532401 15916.000000
43.543267 14318.000000
43.554133 13379.000000
43.565000 11829.000000
43.575866 10716.000000
43.586733 9632.000000
43.597599 9059.000000
43.608466 8402.000000
43.619332 7706.000000
43.630199 7473.000000
43.641065 7031.000000
43.651931 6692.000000
43.662798 6486.000000
43.673664 6187.000000
43.684531 5839.000000
43.695397 5751.000000
43.706264 5567.000000
43.717130 5302.000000
43.727997 5203.000000
43.738863 5274.000000
43.749729 5080.000000
43.760596 4931.000000
43.771462 4764.000000
43.782329 4775.000000
43.793195 4719.000000
43.804062 4717.000000
43.814928 4493.000000
43.825795 4410.000000
43.836661 4443.000000
43.847527 4408.000000
43.858394 4335.000000
43.869260 4294.000000
43.880127 4202.000000
43.890993 4258.000000
43.901860 4062.000000
43.912726 4190.000000
43.923592 4073.000000
43.934459 4008.000000
43.945325 4064.000000
43.956192 4055.000000
43.967058 3859.000000
43.977925 3987.000000
43.988791 4026.000000
43.999658 3961.000000
44.010524 3984.000000
44.021390 3898.000000
44.032257 3910.000000
44.043123 3915.000000
44.053990 3824.000000
44.064856 3769.000000
44.075723 3717.000000
44.086589 3671.000000
44.097455 3730.000000
44.108322 3807.000000
44.119188 3635.000000
44.130055 3774.000000
44.140921 3775.000000
44.151788 3797.000000
44.162654 3747.000000
44.173521 3742.000000
44.184387 3604.000000
44.195253 3868.000000
44.206120 3706.000000
44.216986 3791.000000
44.227853 3887.000000
44.238719 3738.000000
44.249586 3753.000000
44.260452 3638.000000
44.271319 3657.000000
44.282185 3580.000000
44.293051 3819.000000
44.303918 3544.000000
44.314784 3793.000000
44.325651 3710.000000
44.336517 3671.000000
44.347384 3764.000000
44.358250 3534.000000
44.369116 3647.000000
44.379983 3677.000000
44.390849 3629.000000
44.401716 3807.000000
44.412582 3621.000000
44.423449 3683.000000
44.434315 3626.000000
44.445182 3551.000000
44.456048 3602.000000
44.466914 3671.000000
44.477781 3656.000000
44.488647 3772.000000
44.499514 3657.000000
44.510380 3704.000000
44.521247 3655.000000
44.532113 3624.000000
44.542980 3573.000000
44.553846 3550.000000
44.564712 3621.000000
44.575579 3651.000000
44.586445 3646.000000
44.597312 3679.000000
44.608178 3619.000000
44.619045 3606.000000
44.629911 3577.000000
44.640777 3552.000000
44.651644 3590.000000
44.662510 3601.000000
44.673377 3653.000000
44.684243 3650.000000
44.695110 3592.000000
44.705976 3560.000000
44.716843 3556.000000
44.727709 3510.000000
44.738575 3652.000000
44.749442 3568.000000
44.760308 3548.000000
44.771175 3563.000000
44.782041 3514.000000
44.792908 3606.000000
44.803774 3687.000000
44.814641 3621.000000
44.825507 3579.000000
44.836373 3592.000000
44.847240 3558.000000
44.858106 3560.000000
44.868973 3534.000000
44.879839 3647.000000
44.890706 3579.000000
44.901572 3649.000000
44.912439 3519.000000
44.923305 3573.000000
44.934171 3466.000000
44.945038 3603.000000
44.955904 3605.000000
44.966771 3649.000000
44.977637 3652.000000
44.988504 3582.000000
44.999370 3447.000000
45.010236 3504.000000
45.021103 3648.000000
45.031969 3718.000000
45.042836 3509.000000
45.053702 3492.000000
45.064569 3578.000000
45.075435 3673.000000
45.086302 3543.000000
45.097168 3539.000000
45.108034 3575.000000
45.118901 3643.000000
45.129767 3490.000000
45.140634 3574.000000
45.151500 3542.000000
45.162367 3510.000000
45.173233 3651.000000
45.184099 3492.000000
45.194966 3567.000000
45.205832 3576.000000
45.216699 3580.000000
45.227565 3554.000000
45.238432 3606.000000
45.249298 3686.000000
45.260165 3661.000000
45.271031 3557.000000
45.281897 3612.000000
45.292764 3620.000000
45.303630 3666.000000
45.314497 3565.000000
45.325363 3530.000000
45.336230 3611.000000
45.347096 3660.000000
45.357963 3579.000000
45.368829 3535.000000
45.379695 3538.000000
45.390562 3509.000000
45.401428 3605.000000
45.412295 3508.000000
45.423161 3551.000000
45.434028 3569.000000
45.444894 3651.000000
45.455760 3511.000000
45.466627 3636.000000
45.477493 3631.000000
45.488360 3522.000000
45.499226 3523.000000
45.510093 3532.000000
45.520959 3443.000000
45.531826 3507.000000
45.542692 3650.000000
45.553558 3600.000000
45.564425 3562.000000
45.575291 3522.000000
45.586158 3430.000000
45.597024 3576.000000
45.607891 3492.000000
45.618757 3590.000000
45.629624 3560.000000
45.640490 3443.000000
45.651356 3648.000000
45.662223 3526.000000
45.673089 3518.000000
45.683956 3593.000000
45.694822 3604.000000
45.705689 3554.000000
45.716555 3622.000000
45.727421 3525.000000
45.738288 3618.000000
45.749154 3512.000000
45.760021 3538.000000
45.770887 3620.000000
45.781754 3486.000000
45.792620 3589.000000
45.803487 3648.000000
45.814353 3481.000000
45.825219 3581.000000
45.836086 3589.000000
45.846952 3620.000000
45.857819 3574.000000
45.868685 3571.000000
45.879552 3517.000000
45.890418 3467.000000
45.901285 3465.000000
45.912151 3556.000000
45.923017 3606.000000
45.933884 3576.000000
45.944750 3514.000000
45.955617 3661.000000
45.966483 3674.000000
45.977350 3520.000000
45.988216 3507.000000
45.999083 3533.000000
46.009949 3501.000000
46.020815 3559.000000
46.031682 3587.000000
46.042548 3463.000000
46.053415 3535.000000
46.064281 3527.000000
46.075148 3533.000000
46.086014 3565.000000
46.096880 3531.000000
46.107747 3635.000000
46.118613 3435.000000
46.129480 3577.000000
46.140346 3488.000000
46.151213 3653.000000
46.162079 3507.000000
46.172946 3541.000000
46.183812 3600.000000
46.194678 3623.000000
46.205545 3587.000000
46.216411 3589.000000
46.227278 3385.000000
46.238144 3575.000000
46.249011 3572.000000
46.259877 3576.000000
46.270743 3542.000000
46.281610 3639.000000
46.292476 3578.000000
46.303343 3638.000000
46.314209 3667.000000
46.325076 3506.000000
46.335942 3496.000000
46.346809 3579.000000
46.357675 3621.000000
46.368541 3592.000000
46.379408 3623.000000
46.390274 3498.000000
46.401141 3441.000000
46.412007 3524.000000
46.422874 3573.000000
46.433740 3578.000000
46.444607 3554.000000
46.455473 3552.000000
46.466339 3736.000000
46.477206 3562.000000
46.488072 3565.000000
46.498939 3546.000000
46.509805 3632.000000
46.520672 3561.000000
46.531538 3574.000000
46.542404 3502.000000
46.553271 3615.000000
46.564137 3546.000000
46.575004 3490.000000
46.585870 3552.000000
46.596737 3551.000000
46.607603 3585.000000
46.618470 3585.000000
46.629336 3608.000000
46.640202 3592.000000
46.651069 3578.000000
46.661935 3642.000000
46.672802 3534.000000
46.683668 3604.000000
46.694535 3695.000000
46.705401 3584.000000
46.716268 3625.000000
46.727134 3577.000000
46.738000 3668.000000
46.748867 3566.000000
46.759733 3663.000000
46.770600 3570.000000
46.781466 3610.000000
46.792333 3545.000000
46.803199 3607.000000
46.814065 3544.000000
46.824932 3582.000000
46.835798 3702.000000
46.846665 3594.000000
46.857531 3671.000000
46.868398 3577.000000
46.879264 3565.000000
46.890131 3728.000000
46.900997 3692.000000
46.911863 3729.000000
46.922730 3638.000000
46.933596 3730.000000
46.944463 3622.000000
46.955329 3770.000000
46.966196 3653.000000
46.977062 3707.000000
46.987929 3823.000000
46.998795 3920.000000
47.009661 3789.000000
47.020528 3767.000000
47.031394 3800.000000
47.042261 3921.000000
47.053127 3844.000000
47.063994 3985.000000
47.074860 3765.000000
47.085726 3999.000000
47.096593 3967.000000
47.107459 3985.000000
47.118326 3975.000000
47.129192 3950.000000
47.140059 3996.000000
47.150925 4101.000000
47.161792 3984.000000
47.172658 3931.000000
47.183524 4092.000000
47.194391 4096.000000
47.205257 4133.000000
47.216124 4000.000000
47.226990 3978.000000
47.237857 4041.000000
47.248723 3996.000000
47.259590 4070.000000
47.270456 3997.000000
47.281322 4074.000000
47.292189 4016.000000
47.303055 4000.000000
47.313922 3976.000000
47.324788 3969.000000
47.335655 4056.000000
47.346521 4080.000000
47.357387 3928.000000
47.368254 3973.000000
47.379120 3885.000000
47.389987 4036.000000
47.400853 3967.000000
47.411720 4049.000000
47.422586 4038.000000
47.433453 4263.000000
47.444319 4128.000000
47.455185 4145.000000
47.466052 4116.000000
47.476918 4275.000000
47.487785 4311.000000
47.498651 4499.000000
47.509518 4537.000000
47.520384 4672.000000
47.531251 4902.000000
47.542117 4876.000000
47.552983 5020.000000
47.563850 5056.000000
47.574716 5197.000000
47.585583 5262.000000
47.596449 5383.000000
47.607316 5544.000000
47.618182 5566.000000
47.629048 5605.000000
47.639915 5648.000000
47.650781 5537.000000
47.661648 5481.000000
47.672514 5302.000000
47.683381 5212.000000
47.694247 5195.000000
47.705114 5061.000000
47.715980 5066.000000
47.726846 4906.000000
47.737713 4878.000000
47.748579 4871.000000
47.759446 4825.000000
47.770312 4603.000000
47.781179 4633.000000
47.792045 4508.000000
47.802912 4605.000000
47.813778 4292.000000
47.824644 4312.000000
47.835511 4184.000000
47.846377 4104.000000
47.857244 4113.000000
47.868110 4032.000000
47.878977 3891.000000
47.889843 3840.000000
47.900709 3915.000000
47.911576 3823.000000
47.922442 3999.000000
47.933309 3928.000000
47.944175 3966.000000
47.955042 3956.000000
47.965908 3812.000000
47.976775 3874.000000
47.987641 3945.000000
47.998507 3914.000000
48.009374 3999.000000
48.020240 3964.000000
48.031107 4019.000000
48.041973 4026.000000
48.052840 3996.000000
48.063706 4013.000000
48.074573 4010.000000
48.085439 4026.000000
48.096305 4084.000000
48.107172 4142.000000
48.118038 4205.000000
48.128905 4110.000000
48.139771 4088.000000
48.150638 4377.000000
48.161504 4227.000000
48.172370 4281.000000
48.183237 4137.000000
48.194103 4317.000000
48.204970 4407.000000
48.215836 4284.000000
48.226703 4511.000000
48.237569 4380.000000
48.248436 4487.000000
48.259302 4454.000000
48.270168 4549.000000
48.281035 4471.000000
48.291901 4522.000000
48.302768 4562.000000
48.313634 4568.000000
48.324501 4504.000000
48.335367 4606.000000
48.346234 4544.000000
48.357100 4579.000000
48.367966 4575.000000
48.378833 4606.000000
48.389699 4631.000000
48.400566 4692.000000
48.411432 4583.000000
48.422299 4632.000000
48.433165 4647.000000
48.444031 4575.000000
48.454898 4674.000000
48.465764 4689.000000
48.476631 4597.000000
48.487497 4761.000000
48.498364 4661.000000
48.509230 4644.000000
48.520097 4712.000000
48.530963 4826.000000
48.541829 4842.000000
48.552696 4802.000000
48.563562 4830.000000
48.574429 4853.000000
48.585295 5070.000000
48.596162 4856.000000
48.607028 5056.000000
48.617895 4926.000000
48.628761 5205.000000
48.639627 5420.000000
48.650494 5291.000000
48.661360 5406.000000
48.672227 5378.000000
48.683093 5453.000000
48.693960 5406.000000
48.704826 5550.000000
48.715692 5452.000000
48.726559 5336.000000
48.737425 5372.000000
48.748292 5441.000000
48.759158 5419.000000
48.770025 5356.000000
48.780891 5240.000000
48.791758 5325.000000
48.802624 5160.000000
48.813490 4952.000000
48.824357 5014.000000
48.835223 5140.000000
48.846090 5092.000000
48.856956 4918.000000
48.867823 4778.000000
48.878689 4748.000000
48.889556 4685.000000
48.900422 4726.000000
48.911288 4611.000000
48.922155 4592.000000
48.933021 4531.000000
48.943888 4477.000000
48.954754 4258.000000
48.965621 4388.000000
48.976487 4242.000000
48.987353 4189.000000
48.998220 4250.000000
49.009086 4131.000000
49.019953 4279.000000
49.030819 4127.000000
49.041686 4073.000000
49.052552 3980.000000
49.063419 3897.000000
49.074285 4042.000000
49.085151 3989.000000
49.096018 3920.000000
49.106884 3887.000000
49.117751 3886.000000
49.128617 3761.000000
49.139484 3765.000000
49.150350 3893.000000
49.161217 3804.000000
49.172083 3738.000000
49.182949 3838.000000
49.193816 3566.000000
49.204682 3794.000000
49.215549 3706.000000
49.226415 3663.000000
49.237282 3649.000000
49.248148 3747.000000
49.259014 3724.000000
49.269881 3780.000000
49.280747 3615.000000
49.291614 3745.000000
49.302480 3482.000000
49.313347 3717.000000
49.324213 3634.000000
49.335080 3607.000000
49.345946 3625.000000
49.356812 3784.000000
49.367679 3700.000000
49.378545 3599.000000
49.389412 3668.000000
49.400278 3616.000000
49.411145 3683.000000
49.422011 3566.000000
49.432878 3705.000000
49.443744 3503.000000
49.454610 3583.000000
49.465477 3688.000000
49.476343 3655.000000
49.487210 3558.000000
49.498076 3593.000000
49.508943 3616.000000
49.519809 3670.000000
49.530676 3676.000000
49.541542 3636.000000
49.552408 3565.000000
49.563275 3685.000000
49.574141 3586.000000
49.585008 3656.000000
49.595874 3500.000000
49.606741 3577.000000
49.617607 3613.000000
49.628473 3580.000000
49.639340 3547.000000
49.650206 3660.000000
49.661073 3578.000000
49.671939 3615.000000
49.682806 3668.000000
49.693672 3528.000000
49.704539 3538.000000
49.715405 3674.000000
49.726271 3624.000000
49.737138 3587.000000
49.748004 3566.000000
49.758871 3480.000000
49.769737 3626.000000
49.780604 3680.000000
49.791470 3562.000000
49.802336 3588.000000
49.813203 3651.000000
49.824069 3672.000000
49.834936 3709.000000
49.845802 3655.000000
49.856669 3674.000000
49.867535 3719.000000
49.878402 3799.000000
49.889268 3732.000000
49.900134 3732.000000
49.911001 3813.000000
49.921867 3677.000000
49.932734 3830.000000
49.943600 3738.000000
49.954467 3767.000000
49.965333 3812.000000
49.976200 3826.000000
49.987066 3813.000000
49.997932 3888.000000
50.008799 3820.000000
50.019665 3788.000000
50.030532 3806.000000
50.041398 3819.000000
50.052265 3771.000000
50.063131 3738.000000
50.073997 3752.000000
50.084864 3815.000000
50.095730 3773.000000
50.106597 3739.000000
50.117463 3680.000000
50.128330 3741.000000
50.139196 3661.000000
50.150063 3636.000000
50.160929 3611.000000
50.171795 3759.000000
50.182662 3677.000000
50.193528 3706.000000
50.204395 3732.000000
50.215261 3572.000000
50.226128 3709.000000
50.236994 3660.000000
50.247861 3567.000000
50.258727 3596.000000
50.269593 3590.000000
50.280460 3673.000000
50.291326 3605.000000
50.302193 3788.000000
50.313059 3591.000000
50.323926 3735.000000
50.334792 3629.000000
50.345658 3520.000000
50.356525 3614.000000
50.367391 3615.000000
50.378258 3583.000000
50.389124 3567.000000
50.399991 3631.000000
50.410857 3623.000000
50.421724 3521.000000
50.432590 3540.000000
50.443456 3556.000000
50.454323 3555.000000
50.465189 3548.000000
50.476056 3565.000000
50.486922 3553.000000
50.497789 3561.000000
50.508655 3502.000000
50.519522 3546.000000
50.530388 3526.000000
50.541254 3593.000000
50.552121 3607.000000
50.562987 3592.000000
50.573854 3473.000000
50.584720 3479.000000
50.595587 3590.000000
50.606453 3560.000000
50.617320 3549.000000
50.628186 3599.000000
50.639052 3476.000000
50.649919 3632.000000
50.660785 3407.000000
50.671652 3491.000000
50.682518 3550.000000
50.693385 3581.000000
50.704251 3578.000000
50.715117 3475.000000
50.725984 3473.000000
50.736850 3552.000000
50.747717 3643.000000
50.758583 3526.000000
50.769450 3544.000000
50.780316 3432.000000
50.791183 3529.000000
50.802049 3551.000000
50.812915 3563.000000
50.823782 3559.000000
50.834648 3564.000000
50.845515 3530.000000
50.856381 3571.000000
50.867248 3595.000000
50.878114 3623.000000
50.888980 3520.000000
50.899847 3513.000000
50.910713 3503.000000
50.921580 3452.000000
50.932446 3459.000000
50.943313 3434.000000
50.954179 3433.000000
50.965046 3561.000000
50.975912 3542.000000
50.986778 3542.000000
50.997645 3545.000000
51.008511 3486.000000
51.019378 3465.000000
51.030244 3444.000000
51.041111 3501.000000
51.051977 3480.000000
51.062844 3558.000000
51.073710 3461.000000
51.084576 3599.000000
51.095443 3526.000000
51.106309 3502.000000
51.117176 3596.000000
51.128042 3626.000000
51.138909 3478.000000
51.149775 3522.000000
51.160641 3447.000000
51.171508 3404.000000
51.182374 3472.000000
51.193241 3588.000000
51.204107 3522.000000
51.214974 3470.000000
51.225840 3647.000000
51.236707 3631.000000
51.247573 3589.000000
51.258439 3507.000000
51.269306 3449.000000
51.280172 3513.000000
51.291039 3578.000000
51.301905 3565.000000
51.312772 3492.000000
51.323638 3545.000000
51.334505 3453.000000
51.345371 3542.000000
51.356237 3472.000000
51.367104 3594.000000
51.377970 3453.000000
51.388837 3586.000000
51.399703 3615.000000
51.410570 3560.000000
51.421436 3585.000000
51.432302 3547.000000
51.443169 3532.000000
51.454035 3476.000000
51.464902 3510.000000
51.475768 3614.000000
51.486635 3507.000000
51.497501 3551.000000
51.508368 3502.000000
51.519234 3513.000000
51.530100 3538.000000
51.540967 3564.000000
51.551833 3556.000000
51.562700 3426.000000
51.573566 3418.000000
51.584433 3429.000000
51.595299 3553.000000
51.606166 3504.000000
51.617032 3475.000000
51.627898 3637.000000
51.638765 3681.000000
51.649631 3558.000000
51.660498 3436.000000
51.671364 3521.000000
51.682231 3459.000000
51.693097 3514.000000
51.703964 3497.000000
51.714830 3513.000000
51.725696 3464.000000
51.736563 3545.000000
51.747429 3562.000000
51.758296 3571.000000
51.769162 3596.000000
51.780029 3495.000000
51.790895 3588.000000
51.801761 3554.000000
51.812628 3487.000000
51.823494 3560.000000
51.834361 3548.000000
51.845227 3554.000000
51.856094 3523.000000
51.866960 3509.000000
51.877827 3575.000000
51.888693 3466.000000
51.899559 3500.000000
51.910426 3477.000000
51.921292 3585.000000
51.932159 3590.000000
51.943025 3481.000000
51.953892 3557.000000
51.964758 3507.000000
51.975624 3471.000000
51.986491 3443.000000
51.997357 3540.000000
52.008224 3504.000000
52.019090 3479.000000
52.029957 3431.000000
52.040823 3479.000000
52.051690 3437.000000
52.062556 3432.000000
52.073422 3466.000000
52.084289 3545.000000
52.095155 3548.000000
52.106022 3519.000000
52.116888 3552.000000
52.127755 3484.000000
52.138621 3543.000000
52.149488 3475.000000
52.160354 3630.000000
52.171220 3612.000000
52.182087 3547.000000
52.192953 3527.000000
52.203820 3469.000000
52.214686 3571.000000
52.225553 3489.000000
52.236419 3521.000000
52.247285 3472.000000
52.258152 3492.000000
52.269018 3511.000000
52.279885 3573.000000
52.290751 3516.000000
52.301618 3492.000000
52.312484 3514.000000
52.323351 3463.000000
52.334217 3496.000000
52.345083 3564.000000
52.355950 3494.000000
52.366816 3449.000000
52.377683 3413.000000
52.388549 3442.000000
52.399416 3574.000000
52.410282 3442.000000
52.421149 3575.000000
52.432015 3496.000000
52.442881 3433.000000
52.453748 3453.000000
52.464614 3502.000000
52.475481 3504.000000
52.486347 3521.000000
52.497214 3585.000000
52.508080 3450.000000
52.518946 3573.000000
52.529813 3518.000000
52.540679 3492.000000
52.551546 3565.000000
52.562412 3517.000000
52.573279 3652.000000
52.584145 3419.000000
52.595012 3513.000000
52.605878 3502.000000
52.616744 3520.000000
52.627611 3530.000000
52.638477 3478.000000
52.649344 3390.000000
52.660210 3490.000000
52.671077 3435.000000
52.681943 3365.000000
52.692810 3522.000000
52.703676 3561.000000
52.714542 3451.000000
52.725409 3580.000000
52.736275 3511.000000
52.747142 3498.000000
52.758008 3458.000000
52.768875 3556.000000
52.779741 3476.000000
52.790608 3560.000000
52.801474 3464.000000
52.812340 3341.000000
52.823207 3455.000000
52.834073 3441.000000
52.844940 3487.000000
52.855806 3575.000000
52.866673 3470.000000
52.877539 3403.000000
52.888405 3534.000000
52.899272 3588.000000
52.910138 3541.000000
52.921005 3512.000000
52.931871 3459.000000
52.942738 3504.000000
52.953604 3572.000000
52.964471 3523.000000
52.975337 3481.000000
52.986203 3454.000000
52.997070 3515.000000
53.007936 3523.000000
53.018803 3395.000000
53.029669 3544.000000
53.040536 3529.000000
53.051402 3525.000000
53.062268 3415.000000
53.073135 3471.000000
53.084001 3512.000000
53.094868 3434.000000
53.105734 3537.000000
53.116601 3477.000000
53.127467 3469.000000
53.138334 3486.000000
53.149200 3419.000000
53.160066 3504.000000
53.170933 3425.000000
53.181799 3511.000000
53.192666 3555.000000
53.203532 3448.000000
53.214399 3600.000000
53.225265 3431.000000
53.236132 3417.000000
53.246998 3579.000000
53.257864 3548.000000
53.268731 3519.000000
53.279597 3402.000000
53.290464 3534.000000
53.301330 3480.000000
53.312197 3551.000000
53.323063 3510.000000
53.333929 3519.000000
53.344796 3538.000000
53.355662 3493.000000
53.366529 3453.000000
53.377395 3496.000000
53.388262 3638.000000
53.399128 3510.000000
53.409995 3580.000000
53.420861 3470.000000
53.431727 3543.000000
53.442594 3469.000000
53.453460 3488.000000
53.464327 3331.000000
53.475193 3544.000000
53.486060 3450.000000
53.496926 3456.000000
53.507793 3454.000000
53.518659 3546.000000
53.529525 3520.000000
53.540392 3529.000000
53.551258 3537.000000
53.562125 3469.000000
53.572991 3409.000000
53.583858 3494.000000
53.594724 3524.000000
53.605590 3479.000000
53.616457 3528.000000
53.627323 3547.000000
53.638190 3587.000000
53.649056 3484.000000
53.659923 3564.000000
53.670789 3544.000000
53.681656 3566.000000
53.692522 3540.000000
53.703388 3522.000000
53.714255 3553.000000
53.725121 3528.000000
53.735988 3584.000000
53.746854 3484.000000
53.757721 3606.000000
53.768587 3470.000000
53.779454 3425.000000
53.790320 3497.000000
53.801186 3429.000000
53.812053 3502.000000
53.822919 3516.000000
53.833786 3537.000000
53.844652 3421.000000
53.855519 3502.000000
53.866385 3484.000000
53.877251 3542.000000
53.888118 3529.000000
53.898984 3490.000000
53.909851 3568.000000
53.920717 3477.000000
53.931584 3537.000000
53.942450 3431.000000
53.953317 3569.000000
53.964183 3546.000000
53.975049 3494.000000
53.985916 3417.000000
53.996782 3430.000000
54.007649 3525.000000
54.018515 3509.000000
54.029382 3646.000000
54.040248 3528.000000
54.051115 3438.000000
54.061981 3414.000000
54.072847 3544.000000
54.083714 3452.000000
54.094580 3556.000000
54.105447 3516.000000
54.116313 3496.000000
54.127180 3564.000000
54.138046 3523.000000
54.148912 3534.000000
54.159779 3404.000000
54.170645 3483.000000
54.181512 3511.000000
54.192378 3506.000000
54.203245 3448.000000
54.214111 3490.000000
54.224978 3525.000000
54.235844 3533.000000
54.246710 3522.000000
54.257577 3506.000000
54.268443 3383.000000
54.279310 3470.000000
54.290176 3585.000000
54.301043 3457.000000
54.311909 3499.000000
54.322776 3571.000000
54.333642 3523.000000
54.344508 3601.000000
54.355375 3440.000000
54.366241 3514.000000
54.377108 3496.000000
54.387974 3476.000000
54.398841 3525.000000
54.409707 3518.000000
54.420573 3521.000000
54.431440 3563.000000
54.442306 3509.000000
54.453173 3605.000000
54.464039 3422.000000
54.474906 3444.000000
54.485772 3444.000000
54.496639 3600.000000
54.507505 3489.000000
54.518371 3628.000000
54.529238 3600.000000
54.540104 3587.000000
54.550971 3547.000000
54.561837 3577.000000
54.572704 3631.000000
54.583570 3572.000000
54.594437 3514.000000
54.605303 3574.000000
54.616169 3524.000000
54.627036 3416.000000
54.637902 3532.000000
54.648769 3532.000000
54.659635 3562.000000
54.670502 3478.000000
54.681368 3581.000000
54.692234 3594.000000
54.703101 3590.000000
54.713967 3456.000000
54.724834 3500.000000
54.735700 3579.000000
54.746567 3462.000000
54.757433 3569.000000
54.768300 3434.000000
54.779166 3518.000000
54.790032 3524.000000
54.800899 3613.000000
54.811765 3596.000000
54.822632 3618.000000
54.833498 3470.000000
54.844365 3601.000000
54.855231 3558.000000
54.866098 3443.000000
54.876964 3618.000000
54.887830 3478.000000
54.898697 3532.000000
54.909563 3601.000000
54.920430 3646.000000
54.931296 3594.000000
54.942163 3647.000000
54.953029 3608.000000
54.963895 3542.000000
54.974762 3513.000000
54.985628 3557.000000
54.996495 3732.000000
55.007361 3601.000000
55.018228 3589.000000
55.029094 3778.000000
55.039961 3589.000000
55.050827 3649.000000
55.061693 3617.000000
55.072560 3657.000000
55.083426 3585.000000
55.094293 3761.000000
55.105159 3718.000000
55.116026 3845.000000
55.126892 3800.000000
55.137759 3752.000000
55.148625 3799.000000
55.159491 3734.000000
55.170358 3748.000000
55.181224 3817.000000
55.192091 3794.000000
55.202957 4034.000000
55.213824 3809.000000
55.224690 3956.000000
55.235556 3987.000000
55.246423 3963.000000
55.257289 3888.000000
55.268156 3925.000000
55.279022 3997.000000
55.289889 4030.000000
55.300755 3926.000000
55.311622 3917.000000
55.322488 4066.000000
55.333354 3976.000000
55.344221 4048.000000
55.355087 3944.000000
55.365954 4020.000000
55.376820 4165.000000
55.387687 4148.000000
55.398553 4071.000000
55.409420 4145.000000
55.420286 3989.000000
55.431152 4030.000000
55.442019 4006.000000
55.452885 3858.000000
55.463752 4037.000000
55.474618 4001.000000
55.485485 3931.000000
55.496351 3840.000000
55.507217 3867.000000
55.518084 3878.000000
55.528950 3944.000000
55.539817 3848.000000
55.550683 3837.000000
55.561550 3822.000000
55.572416 3831.000000
55.583283 3732.000000
55.594149 3760.000000
55.605015 3786.000000
55.615882 3853.000000
55.626748 3806.000000
55.637615 3694.000000
55.648481 3683.000000
55.659348 3618.000000
55.670214 3706.000000
55.681081 3751.000000
55.691947 3714.000000
55.702813 3658.000000
55.713680 3676.000000
55.724546 3653.000000
55.735413 3674.000000
55.746279 3629.000000
55.757146 3558.000000
55.768012 3734.000000
55.778878 3615.000000
55.789745 3678.000000
55.800611 3677.000000
55.811478 3703.000000
55.822344 3599.000000
55.833211 3586.000000
55.844077 3608.000000
55.854944 3692.000000
55.865810 3647.000000
55.876676 3503.000000
55.887543 3619.000000
55.898409 3712.000000
55.909276 3598.000000
55.920142 3650.000000
55.931009 3567.000000
55.941875 3673.000000
55.952742 3621.000000
55.963608 3643.000000
55.974474 3578.000000
55.985341 3685.000000
55.996207 3650.000000
56.007074 3581.000000
56.017940 3706.000000
56.028807 3527.000000
56.039673 3565.000000
56.050539 3686.000000
56.061406 3654.000000
56.072272 3712.000000
56.083139 3592.000000
56.094005 3678.000000
56.104872 3664.000000
56.115738 3562.000000
56.126605 3823.000000
56.137471 3701.000000
56.148337 3655.000000
56.159204 3676.000000
56.170070 3745.000000
56.180937 3840.000000
56.191803 3778.000000
56.202670 3777.000000
56.213536 3800.000000
56.224403 3873.000000
56.235269 3930.000000
56.246135 3757.000000
56.257002 3972.000000
56.267868 3862.000000
56.278735 3867.000000
56.289601 3951.000000
56.300468 3958.000000
56.311334 3910.000000
56.322200 3967.000000
56.333067 3990.000000
56.343933 3971.000000
56.354800 4020.000000
56.365666 3919.000000
56.376533 4005.000000
56.387399 3991.000000
56.398266 4023.000000
56.409132 3987.000000
56.419998 4107.000000
56.430865 4081.000000
56.441731 4050.000000
56.452598 4220.000000
56.463464 4215.000000
56.474331 4109.000000
56.485197 4257.000000
56.496064 4310.000000
56.506930 4363.000000
56.517796 4485.000000
56.528663 4516.000000
56.539529 4615.000000
56.550396 4730.000000
56.561262 4859.000000
56.572129 5136.000000
56.582995 5308.000000
56.593861 5523.000000
56.604728 5639.000000
56.615594 5922.000000
56.626461 5899.000000
56.637327 6164.000000
56.648194 6400.000000
56.659060 6442.000000
56.669927 6515.000000
56.680793 6651.000000
56.691659 6726.000000
56.702526 6677.000000
56.713392 6605.000000
56.724259 6360.000000
56.735125 6132.000000
56.745992 5956.000000
56.756858 5796.000000
56.767725 5760.000000
56.778591 5610.000000
56.789457 5542.000000
56.800324 5431.000000
56.811190 5436.000000
56.822057 5307.000000
56.832923 5208.000000
56.843790 5302.000000
56.854656 5105.000000
56.865522 4878.000000
56.876389 4865.000000
56.887255 4665.000000
56.898122 4563.000000
56.908988 4395.000000
56.919855 4304.000000
56.930721 4210.000000
56.941588 4161.000000
56.952454 4061.000000
56.963320 4029.000000
56.974187 3915.000000
56.985053 3913.000000
56.995920 3828.000000
57.006786 3709.000000
57.017653 3732.000000
57.028519 3776.000000
57.039386 3659.000000
57.050252 3748.000000
57.061118 3828.000000
57.071985 3738.000000
57.082851 3741.000000
57.093718 3657.000000
57.104584 3638.000000
57.115451 3667.000000
57.126317 3645.000000
57.137183 3646.000000
57.148050 3646.000000
57.158916 3653.000000
57.169783 3538.000000
57.180649 3624.000000
57.191516 3632.000000
57.202382 3657.000000
57.213249 3431.000000
57.224115 3649.000000
57.234981 3740.000000
57.245848 3606.000000
57.256714 3629.000000
57.267581 3478.000000
57.278447 3650.000000
57.289314 3607.000000
57.300180 3653.000000
57.311047 3624.000000
57.321913 3669.000000
57.332779 3489.000000
57.343646 3508.000000
57.354512 3627.000000
57.365379 3641.000000
57.376245 3585.000000
57.387112 3570.000000
57.397978 3523.000000
57.408845 3579.000000
57.419711 3574.000000
57.430577 3601.000000
57.441444 3668.000000
57.452310 3491.000000
57.463177 3591.000000
57.474043 3547.000000
57.484910 3662.000000
57.495776 3559.000000
57.506642 3547.000000
57.517509 3565.000000
57.528375 3592.000000
57.539242 3629.000000
57.550108 3652.000000
57.560975 3626.000000
57.571841 3601.000000
57.582708 3561.000000
57.593574 3577.000000
57.604440 3535.000000
57.615307 3581.000000
57.626173 3666.000000
57.637040 3539.000000
57.647906 3450.000000
57.658773 3487.000000
57.669639 3656.000000
57.680505 3668.000000
57.691372 3555.000000
57.702238 3593.000000
57.713105 3673.000000
57.723971 3640.000000
57.734838 3673.000000
57.745704 3587.000000
57.756571 3598.000000
57.767437 3682.000000
57.778303 3610.000000
57.789170 3660.000000
57.800036 3738.000000
57.810903 3604.000000
57.821769 3557.000000
57.832636 3668.000000
57.843502 3680.000000
57.854369 3756.000000
57.865235 3628.000000
57.876101 3553.000000
57.886968 3696.000000
57.897834 3775.000000
57.908701 3675.000000
57.919567 3623.000000
57.930434 3616.000000
57.941300 3606.000000
57.952166 3624.000000
57.963033 3787.000000
57.973899 3607.000000
57.984766 3627.000000
57.995632 3775.000000
58.006499 3649.000000
58.017365 3601.000000
58.028232 3579.000000
58.039098 3574.000000
58.049964 3691.000000
58.060831 3597.000000
58.071697 3680.000000
58.082564 3712.000000
58.093430 3639.000000
58.104297 3553.000000
58.115163 3558.000000
58.126030 3647.000000
58.136896 3666.000000
58.147762 3558.000000
58.158629 3623.000000
58.169495 3460.000000
58.180362 3601.000000
58.191228 3540.000000
58.202095 3638.000000
58.212961 3555.000000
58.223827 3569.000000
58.234694 3554.000000
58.245560 3542.000000
58.256427 3594.000000
58.267293 3533.000000
58.278160 3433.000000
58.289026 3717.000000
58.299893 3432.000000
58.310759 3595.000000
58.321625 3602.000000
58.332492 3514.000000
58.343358 3634.000000
58.354225 3564.000000
58.365091 3559.000000
58.375958 3550.000000
58.386824 3404.000000
58.397691 3554.000000
58.408557 3558.000000
58.419423 3475.000000
58.430290 3588.000000
58.441156 3697.000000
58.452023 3520.000000
58.462889 3540.000000
58.473756 3466.000000
58.484622 3582.000000
58.495489 3559.000000
58.506355 3524.000000
58.517221 3479.000000
58.528088 3577.000000
58.538954 3551.000000
58.549821 3618.000000
58.560687 3628.000000
58.571554 3709.000000
58.582420 3581.000000
58.593286 3593.000000
58.604153 3611.000000
58.615019 3591.000000
58.625886 3542.000000
58.636752 3622.000000
58.647619 3730.000000
58.658485 3666.000000
58.669352 3672.000000
58.680218 3698.000000
58.691084 3601.000000
58.701951 3604.000000
58.712817 3670.000000
58.723684 3572.000000
58.734550 3641.000000
58.745417 3519.000000
58.756283 3708.000000
58.767149 3620.000000
58.778016 3609.000000
58.788882 3537.000000
58.799749 3588.000000
58.810615 3651.000000
58.821482 3729.000000
58.832348 3653.000000
58.843215 3724.000000
58.854081 3701.000000
58.864947 3593.000000
58.875814 3851.000000
58.886680 3592.000000
58.897547 3743.000000
58.908413 3674.000000
58.919280 3681.000000
58.930146 3818.000000
58.941013 3532.000000
58.951879 3617.000000
58.962745 3689.000000
58.973612 3632.000000
58.984478 3646.000000
58.995345 3608.000000
59.006211 3675.000000
59.017078 3644.000000
59.027944 3595.000000
59.038810 3668.000000
59.049677 3569.000000
59.060543 3617.000000
59.071410 3638.000000
59.082276 3582.000000
59.093143 3546.000000
59.104009 3596.000000
59.114876 3601.000000
59.125742 3539.000000
59.136608 3666.000000
59.147475 3455.000000
59.158341 3627.000000
59.169208 3558.000000
59.180074 3481.000000
59.190941 3509.000000
59.201807 3536.000000
59.212674 3552.000000
59.223540 3619.000000
59.234406 3495.000000
59.245273 3624.000000
59.256139 3449.000000
59.267006 3691.000000
59.277872 3614.000000
59.288739 3518.000000
59.299605 3663.000000
59.310471 3615.000000
59.321338 3570.000000
59.332204 3475.000000
59.343071 3524.000000
59.353937 3508.000000
59.364804 3510.000000
59.375670 3575.000000
59.386537 3446.000000
59.397403 3541.000000
59.408269 3550.000000
59.419136 3536.000000
59.430002 3569.000000
59.440869 3457.000000
59.451735 3642.000000
59.462602 3615.000000
59.473468 3531.000000
59.484335 3572.000000
59.495201 3605.000000
59.506067 3627.000000
59.516934 3570.000000
59.527800 3550.000000
59.538667 3523.000000
59.549533 3572.000000
59.560400 3562.000000
59.571266 3489.000000
59.582133 3634.000000
59.592999 3525.000000
59.603865 3531.000000
59.614732 3607.000000
59.625598 3479.000000
59.636465 3549.000000
59.647331 3523.000000
59.658198 3473.000000
59.669064 3547.000000
59.679930 3554.000000
59.690797 3543.000000
59.701663 3505.000000
59.712530 3550.000000
59.723396 3442.000000
59.734263 3554.000000
59.745129 3520.000000
59.755996 3527.000000
59.766862 3569.000000
59.777728 3412.000000
59.788595 3512.000000
59.799461 3432.000000
59.810328 3607.000000
59.821194 3638.000000
59.832061 3568.000000
59.842927 3446.000000
59.853793 3392.000000
59.864660 3588.000000
59.875526 3448.000000
59.886393 3541.000000
59.897259 3531.000000
59.908126 3563.000000
59.918992 3499.000000
59.929859 3718.000000
59.940725 3329.000000
59.951591 3478.000000
59.962458 3634.000000
59.973324 3583.000000
59.984191 3471.000000
59.995057 3559.000000
60.005924 3590.000000
60.016790 3551.000000
60.027657 3516.000000
60.038523 3501.000000
60.049389 3497.000000
60.060256 3542.000000
60.071122 3456.000000
60.081989 3591.000000
60.092855 3478.000000
60.103722 3482.000000
60.114588 3511.000000
60.125454 3529.000000
60.136321 3456.000000
60.147187 3452.000000
60.158054 3510.000000
60.168920 3538.000000
60.179787 3500.000000
60.190653 3531.000000
60.201520 3467.000000
60.212386 3404.000000
60.223252 3501.000000
60.234119 3517.000000
60.244985 3522.000000
60.255852 3463.000000
60.266718 3587.000000
60.277585 3604.000000
60.288451 3554.000000
60.299318 3438.000000
60.310184 3564.000000
60.321050 3551.000000
60.331917 3363.000000
60.342783 3560.000000
60.353650 3573.000000
60.364516 3456.000000
60.375383 3558.000000
60.386249 3522.000000
60.397115 3519.000000
60.407982 3471.000000
60.418848 3506.000000
60.429715 3542.000000
60.440581 3479.000000
60.451448 3578.000000
60.462314 3543.000000
60.473181 3594.000000
60.484047 3517.000000
60.494913 3579.000000
60.505780 3660.000000
60.516646 3511.000000
60.527513 3501.000000
60.538379 3588.000000
60.549246 3599.000000
60.560112 3638.000000
60.570979 3555.000000
60.581845 3553.000000
60.592711 3569.000000
60.603578 3482.000000
60.614444 3519.000000
60.625311 3598.000000
60.636177 3549.000000
60.647044 3626.000000
60.657910 3589.000000
60.668776 3641.000000
60.679643 3591.000000
60.690509 3615.000000
60.701376 3532.000000
60.712242 3651.000000
60.723109 3462.000000
60.733975 3558.000000
60.744842 3699.000000
60.755708 3520.000000
60.766574 3670.000000
60.777441 3565.000000
60.788307 3597.000000
60.799174 3600.000000
60.810040 3527.000000
60.820907 3597.000000
60.831773 3649.000000
60.842640 3524.000000
60.853506 3645.000000
60.864372 3583.000000
60.875239 3552.000000
60.886105 3503.000000
60.896972 3450.000000
60.907838 3466.000000
60.918705 3518.000000
60.929571 3509.000000
60.940437 3644.000000
60.951304 3431.000000
60.962170 3576.000000
60.973037 3592.000000
60.983903 3621.000000
60.994770 3541.000000
61.005636 3621.000000
61.016503 3542.000000
61.027369 3613.000000
61.038235 3548.000000
61.049102 3512.000000
61.059968 3630.000000
61.070835 3545.000000
61.081701 3552.000000
61.092568 3644.000000
61.103434 3607.000000
61.114301 3602.000000
61.125167 3581.000000
61.136033 3616.000000
61.146900 3689.000000
61.157766 3490.000000
61.168633 3546.000000
61.179499 3574.000000
61.190366 3508.000000
61.201232 3596.000000
61.212098 3581.000000
61.222965 3549.000000
61.233831 3643.000000
61.244698 3712.000000
61.255564 3592.000000
61.266431 3629.000000
61.277297 3546.000000
61.288164 3534.000000
61.299030 3554.000000
61.309896 3581.000000
61.320763 3577.000000
61.331629 3549.000000
61.342496 3598.000000
61.353362 3634.000000
61.364229 3606.000000
61.375095 3571.000000
61.385962 3772.000000
61.396828 3594.000000
61.407694 3582.000000
61.418561 3658.000000
61.429427 3636.000000
61.440294 3555.000000
61.451160 3525.000000
61.462027 3517.000000
61.472893 3696.000000
61.483759 3580.000000
61.494626 3586.000000
61.505492 3669.000000
61.516359 3690.000000
61.527225 3599.000000
61.538092 3741.000000
61.548958 3713.000000
61.559825 3660.000000
61.570691 3560.000000
61.581557 3597.000000
61.592424 3601.000000
61.603290 3667.000000
61.614157 3623.000000
61.625023 3713.000000
61.635890 3644.000000
61.646756 3622.000000
61.657623 3591.000000
61.668489 3518.000000
61.679355 3639.000000
61.690222 3598.000000
61.701088 3675.000000
61.711955 3638.000000
61.722821 3698.000000
61.733688 3562.000000
61.744554 3646.000000
61.755420 3612.000000
61.766287 3724.000000
61.777153 3644.000000
61.788020 3659.000000
61.798886 3595.000000
61.809753 3605.000000
61.820619 3481.000000
61.831486 3601.000000
61.842352 3649.000000
61.853218 3527.000000
61.864085 3630.000000
61.874951 3732.000000
61.885818 3631.000000
61.896684 3715.000000
61.907551 3703.000000
61.918417 3592.000000
61.929284 3645.000000
61.940150 3607.000000
61.951016 3719.000000
61.961883 3726.000000
61.972749 3662.000000
61.983616 3736.000000
61.994482 3625.000000
62.005349 3703.000000
62.016215 3598.000000
62.027081 3773.000000
62.037948 3795.000000
62.048814 3653.000000
62.059681 3609.000000
62.070547 3738.000000
62.081414 3736.000000
62.092280 3774.000000
62.103147 3677.000000
62.114013 3680.000000
62.124879 3742.000000
62.135746 3741.000000
62.146612 3793.000000
62.157479 3832.000000
62.168345 3697.000000
62.179212 3770.000000
62.190078 3810.000000
62.200945 3825.000000
62.211811 3710.000000
62.222677 3887.000000
62.233544 3920.000000
62.244410 3891.000000
62.255277 3819.000000
62.266143 3811.000000
62.277010 3897.000000
62.287876 3914.000000
62.298742 3955.000000
62.309609 4010.000000
62.320475 3884.000000
62.331342 3924.000000
62.342208 4038.000000
62.353075 4011.000000
62.363941 4080.000000
62.374808 3991.000000
62.385674 4132.000000
62.396540 4030.000000
62.407407 4116.000000
62.418273 4086.000000
62.429140 4243.000000
62.440006 4124.000000
62.450873 4296.000000
62.461739 4333.000000
62.472606 4387.000000
62.483472 4334.000000
62.494338 4447.000000
62.505205 4479.000000
62.516071 4510.000000
62.526938 4485.000000
62.537804 4476.000000
62.548671 4567.000000
62.559537 4782.000000
62.570403 4884.000000
62.581270 4665.000000
62.592136 4986.000000
62.603003 4824.000000
62.613869 5070.000000
62.624736 5227.000000
62.635602 5297.000000
62.646469 5599.000000
62.657335 5577.000000
62.668201 5608.000000
62.679068 5729.000000
62.689934 5974.000000
62.700801 6087.000000
62.711667 6290.000000
62.722534 6503.000000
62.733400 6640.000000
62.744267 7007.000000
62.755133 7392.000000
62.765999 7612.000000
62.776866 8101.000000
62.787732 8507.000000
62.798599 8889.000000
62.809465 9355.000000
62.820332 9953.000000
62.831198 10793.000000
62.842064 11021.000000
62.852931 11736.000000
62.863797 12606.000000
62.874664 12877.000000
62.885530 13681.000000
62.896397 14355.000000
62.907263 14683.000000
62.918130 15312.000000
62.928996 15668.000000
62.939862 15784.000000
62.950729 15829.000000
62.961595 15809.000000
62.972462 15753.000000
62.983328 15518.000000
62.994195 15328.000000
63.005061 15126.000000
63.015928 14656.000000
63.026794 14324.000000
63.037660 14015.000000
63.048527 13438.000000
63.059393 13526.000000
63.070260 13215.000000
63.081126 12833.000000
63.091993 12661.000000
63.102859 12421.000000
63.113725 12220.000000
63.124592 11831.000000
63.135458 11557.000000
63.146325 11053.000000
63.157191 10754.000000
63.168058 10428.000000
63.178924 9983.000000
63.189791 9418.000000
63.200657 8781.000000
63.211523 8454.000000
63.222390 8136.000000
63.233256 7851.000000
63.244123 7476.000000
63.254989 7122.000000
63.265856 6969.000000
63.276722 6568.000000
63.287589 6394.000000
63.298455 6208.000000
63.309321 6072.000000
63.320188 5788.000000
63.331054 5508.000000
63.341921 5406.000000
63.352787 5409.000000
63.363654 5099.000000
63.374520 5032.000000
63.385386 4996.000000
63.396253 4977.000000
63.407119 4846.000000
63.417986 4712.000000
63.428852 4530.000000
63.439719 4559.000000
63.450585 4557.000000
63.461452 4668.000000
63.472318 4484.000000
63.483184 4395.000000
63.494051 4538.000000
63.504917 4362.000000
63.515784 4368.000000
63.526650 4293.000000
63.537517 4162.000000
63.548383 4278.000000
63.559250 4254.000000
63.570116 4282.000000
63.580982 4143.000000
63.591849 4169.000000
63.602715 4152.000000
63.613582 4078.000000
63.624448 3949.000000
63.635315 4179.000000
63.646181 4123.000000
63.657047 4126.000000
63.667914 3860.000000
63.678780 4005.000000
63.689647 3972.000000
63.700513 4006.000000
63.711380 3967.000000
63.722246 3946.000000
63.733113 4037.000000
63.743979 3899.000000
63.754845 3943.000000
63.765712 3924.000000
63.776578 4013.000000
63.787445 3887.000000
63.798311 3942.000000
63.809178 3934.000000
63.820044 3922.000000
63.830911 3875.000000
63.841777 4019.000000
63.852643 4024.000000
63.863510 3952.000000
63.874376 4081.000000
63.885243 4009.000000
63.896109 4070.000000
63.906976 4072.000000
63.917842 4033.000000
63.928708 3974.000000
63.939575 4032.000000
63.950441 4018.000000
63.961308 4027.000000
63.972174 3993.000000
63.983041 4132.000000
63.993907 4111.000000
64.004774 4075.000000
64.015640 4032.000000
64.026506 4088.000000
64.037373 4079.000000
64.048239 4080.000000
64.059106 4060.000000
64.069972 3971.000000
64.080839 4107.000000
64.091705 4000.000000
64.102572 4177.000000
64.113438 4098.000000
64.124304 4079.000000
64.135171 4077.000000
64.146037 4000.000000
64.156904 3959.000000
64.167770 4011.000000
64.178637 3964.000000
64.189503 4046.000000
64.200369 4023.000000
64.211236 4006.000000
64.222102 3981.000000
64.232969 3942.000000
64.243835 4084.000000
64.254702 3915.000000
64.265568 3957.000000
64.276435 3927.000000
64.287301 3915.000000
64.298167 3904.000000
64.309034 3915.000000
64.319900 3918.000000
64.330767 3704.000000
64.341633 3890.000000
64.352500 3959.000000
64.363366 3857.000000
64.374233 3868.000000
64.385099 3800.000000
64.395965 3888.000000
64.406832 3794.000000
64.417698 3863.000000
64.428565 3686.000000
64.439431 3710.000000
64.450298 3636.000000
64.461164 3704.000000
64.472031 3730.000000
64.482897 3717.000000
64.493763 3626.000000
64.504630 3665.000000
64.515496 3755.000000
64.526363 3747.000000
64.537229 3693.000000
64.548096 3719.000000
64.558962 3699.000000
64.569828 3646.000000
64.580695 3624.000000
64.591561 3684.000000
64.602428 3655.000000
64.613294 3731.000000
64.624161 3617.000000
64.635027 3630.000000
64.645894 3635.000000
64.656760 3560.000000
64.667626 3668.000000
64.678493 3655.000000
64.689359 3636.000000
64.700226 3706.000000
64.711092 3673.000000
64.721959 3703.000000
64.732825 3618.000000
64.743691 3643.000000
64.754558 3608.000000
64.765424 3749.000000
64.776291 3658.000000
64.787157 3674.000000
64.798024 3706.000000
64.808890 3628.000000
64.819757 3732.000000
64.830623 3648.000000
64.841489 3669.000000
64.852356 3593.000000
64.863222 3606.000000
64.874089 3623.000000
64.884955 3708.000000
64.895822 3634.000000
64.906688 3720.000000
64.917555 3787.000000
64.928421 3650.000000
64.939287 3703.000000
64.950154 3708.000000
64.961020 3741.000000
64.971887 3702.000000
64.982753 3571.000000
64.993620 3695.000000
65.004486 3770.000000
65.015353 3803.000000
65.026219 3643.000000
65.037085 3699.000000
65.047952 3681.000000
65.058818 3651.000000
65.069685 3767.000000
65.080551 3675.000000
65.091418 3730.000000
65.102284 3798.000000
65.113150 3699.000000
65.124017 3840.000000
65.134883 3734.000000
65.145750 3798.000000
65.156616 3729.000000
65.167483 3732.000000
65.178349 3818.000000
65.189216 3730.000000
65.200082 3654.000000
65.210948 3660.000000
65.221815 3716.000000
65.232681 3732.000000
65.243548 3685.000000
65.254414 3662.000000
65.265281 3667.000000
65.276147 3686.000000
65.287014 3653.000000
65.297880 3781.000000
65.308746 3860.000000
65.319613 3752.000000
65.330479 3655.000000
65.341346 3707.000000
65.352212 3738.000000
65.363079 3760.000000
65.373945 3516.000000
65.384811 3692.000000
65.395678 3636.000000
65.406544 3569.000000
65.417411 3693.000000
65.428277 3603.000000
65.439144 3624.000000
65.450010 3730.000000
65.460877 3631.000000
65.471743 3537.000000
65.482609 3543.000000
65.493476 3624.000000
65.504342 3660.000000
65.515209 3584.000000
65.526075 3572.000000
65.536942 3579.000000
65.547808 3716.000000
65.558674 3619.000000
65.569541 3584.000000
65.580407 3619.000000
65.591274 3639.000000
65.602140 3510.000000
65.613007 3629.000000
65.623873 3630.000000
65.634740 3528.000000
65.645606 3597.000000
65.656472 3623.000000
65.667339 3545.000000
65.678205 3615.000000
65.689072 3721.000000
65.699938 3663.000000
65.710805 3688.000000
65.721671 3657.000000
65.732538 3688.000000
65.743404 3647.000000
65.754270 3587.000000
65.765137 3665.000000
65.776003 3541.000000
65.786870 3700.000000
65.797736 3640.000000
65.808603 3595.000000
65.819469 3692.000000
65.830336 3640.000000
65.841202 3542.000000
65.852068 3559.000000
65.862935 3556.000000
65.873801 3538.000000
65.884668 3484.000000
65.895534 3538.000000
65.906401 3689.000000
65.917267 3699.000000
65.928133 3626.000000
65.939000 3597.000000
65.949866 3648.000000
65.960733 3711.000000
65.971599 3748.000000
65.982466 3623.000000
65.993332 3799.000000
66.004199 3688.000000
66.015065 3600.000000
66.025931 3459.000000
66.036798 3568.000000
66.047664 3699.000000
66.058531 3509.000000
66.069397 3553.000000
66.080264 3561.000000
66.091130 3629.000000
66.101996 3580.000000
66.112863 3672.000000
66.123729 3727.000000
66.134596 3623.000000
66.145462 3699.000000
66.156329 3608.000000
66.167195 3575.000000
66.178062 3708.000000
66.188928 3647.000000
66.199794 3583.000000
66.210661 3703.000000
66.221527 3623.000000
66.232394 3683.000000
66.243260 3631.000000
66.254127 3658.000000
66.264993 3767.000000
66.275860 3690.000000
66.286726 3630.000000
66.297592 3702.000000
66.308459 3708.000000
66.319325 3628.000000
66.330192 3868.000000
66.341058 3593.000000
66.351925 3890.000000
66.362791 3718.000000
66.373658 3831.000000
66.384524 3911.000000
66.395390 3902.000000
66.406257 3979.000000
66.417123 4029.000000
66.427990 4031.000000
66.438856 3898.000000
66.449723 3944.000000
66.460589 4036.000000
66.471455 3904.000000
66.482322 3976.000000
66.493188 3821.000000
66.504055 3952.000000
66.514921 3781.000000
66.525788 3923.000000
66.536654 3862.000000
66.547521 3751.000000
66.558387 3762.000000
66.569253 3780.000000
66.580120 3824.000000
66.590986 3785.000000
66.601853 3773.000000
66.612719 3756.000000
66.623586 3784.000000
66.634452 3812.000000
66.645319 3707.000000
66.656185 3906.000000
66.667051 3738.000000
66.677918 3712.000000
66.688784 3691.000000
66.699651 3673.000000
66.710517 3665.000000
66.721384 3767.000000
66.732250 3679.000000
66.743116 3602.000000
66.753983 3622.000000
66.764849 3563.000000
66.775716 3622.000000
66.786582 3575.000000
66.797449 3616.000000
66.808315 3624.000000
66.819182 3621.000000
66.830048 3580.000000
66.840914 3641.000000
66.851781 3499.000000
66.862647 3522.000000
66.873514 3574.000000
66.884380 3626.000000
66.895247 3526.000000
66.906113 3484.000000
66.916979 3628.000000
66.927846 3654.000000
66.938712 3637.000000
66.949579 3614.000000
66.960445 3595.000000
66.971312 3594.000000
66.982178 3739.000000
66.993045 3557.000000
67.003911 3579.000000
67.014777 3582.000000
67.025644 3604.000000
67.036510 3574.000000
67.047377 3650.000000
67.058243 3544.000000
67.069110 3589.000000
67.079976 3551.000000
67.090843 3574.000000
67.101709 3550.000000
67.112575 3556.000000
67.123442 3500.000000
67.134308 3643.000000
67.145175 3547.000000
67.156041 3504.000000
67.166908 3569.000000
67.177774 3589.000000
67.188641 3498.000000
67.199507 3577.000000
67.210373 3552.000000
67.221240 3529.000000
67.232106 3627.000000
67.242973 3524.000000
67.253839 3595.000000
67.264706 3573.000000
67.275572 3616.000000
67.286438 3551.000000
67.297305 3600.000000
67.308171 3585.000000
67.319038 3624.000000
67.329904 3580.000000
67.340771 3644.000000
67.351637 3509.000000
67.362504 3549.000000
67.373370 3654.000000
67.384236 3629.000000
67.395103 3598.000000
67.405969 3707.000000
67.416836 3599.000000
67.427702 3649.000000
67.438569 3475.000000
67.449435 3600.000000
67.460301 3543.000000
67.471168 3557.000000
67.482034 3584.000000
67.492901 3677.000000
67.503767 3647.000000
67.514634 3532.000000
67.525500 3479.000000
67.536367 3585.000000
67.547233 3632.000000
67.558099 3737.000000
67.568966 3665.000000
67.579832 3730.000000
67.590699 3647.000000
67.601565 3717.000000
67.612432 3581.000000
67.623298 3616.000000
67.634165 3553.000000
67.645031 3753.000000
67.655897 3572.000000
67.666764 3671.000000
67.677630 3681.000000
67.688497 3742.000000
67.699363 3595.000000
67.710230 3888.000000
67.721096 3783.000000
67.731962 3750.000000
67.742829 3772.000000
67.753695 3767.000000
67.764562 3792.000000
67.775428 3657.000000
67.786295 3638.000000
67.797161 3865.000000
67.808028 3938.000000
67.818894 3829.000000
67.829760 3908.000000
67.840627 3959.000000
67.851493 3868.000000
67.862360 3995.000000
67.873226 4147.000000
67.884093 4235.000000
67.894959 4236.000000
67.905826 4447.000000
67.916692 4348.000000
67.927558 4540.000000
67.938425 4624.000000
67.949291 5013.000000
67.960158 5044.000000
67.971024 5175.000000
67.981891 5382.000000
67.992757 5536.000000
68.003624 5624.000000
68.014490 5670.000000
68.025356 5735.000000
68.036223 5657.000000
68.047089 5731.000000
68.057956 5646.000000
68.068822 5493.000000
68.079689 5431.000000
68.090555 5145.000000
68.101421 5115.000000
68.112288 4971.000000
68.123154 4737.000000
68.134021 4777.000000
68.144887 4823.000000
68.155754 4624.000000
68.166620 4761.000000
68.177487 4849.000000
68.188353 4761.000000
68.199219 4709.000000
68.210086 4857.000000
68.220952 4692.000000
68.231819 4818.000000
68.242685 4589.000000
68.253552 4546.000000
68.264418 4593.000000
68.275284 4433.000000
68.286151 4479.000000
68.297017 4230.000000
68.307884 4081.000000
68.318750 4077.000000
68.329617 3917.000000
68.340483 3898.000000
68.351350 3894.000000
68.362216 3923.000000
68.373082 3807.000000
68.383949 3750.000000
68.394815 3856.000000
68.405682 3784.000000
68.416548 3819.000000
68.427415 3661.000000
68.438281 3684.000000
68.449148 3673.000000
68.460014 3599.000000
68.470880 3672.000000
68.481747 3609.000000
68.492613 3815.000000
68.503480 3614.000000
68.514346 3715.000000
68.525213 3588.000000
68.536079 3627.000000
68.546946 3542.000000
68.557812 3632.000000
68.568678 3636.000000
68.579545 3622.000000
68.590411 3660.000000
68.601278 3686.000000
68.612144 3722.000000
68.623011 3670.000000
68.633877 3606.000000
68.644743 3546.000000
68.655610 3728.000000
68.666476 3520.000000
68.677343 3547.000000
68.688209 3519.000000
68.699076 3635.000000
68.709942 3617.000000
68.720809 3533.000000
68.731675 3604.000000
68.742541 3657.000000
68.753408 3640.000000
68.764274 3692.000000
68.775141 3657.000000
68.786007 3731.000000
68.796874 3654.000000
68.807740 3772.000000
68.818607 3680.000000
68.829473 3613.000000
68.840339 3596.000000
68.851206 3601.000000
68.862072 3609.000000
68.872939 3730.000000
68.883805 3687.000000
68.894672 3789.000000
68.905538 3677.000000
68.916404 3750.000000
68.927271 3682.000000
68.938137 3766.000000
68.949004 3695.000000
68.959870 3695.000000
68.970737 3738.000000
68.981603 3722.000000
68.992470 3709.000000
69.003336 3821.000000
69.014202 3892.000000
69.025069 3984.000000
69.035935 4108.000000
69.046802 4004.000000
69.057668 4025.000000
69.068535 4062.000000
69.079401 4130.000000
69.090267 4291.000000
69.101134 4269.000000
69.112000 4303.000000
69.122867 4532.000000
69.133733 4551.000000
69.144600 4539.000000
69.155466 4589.000000
69.166333 4677.000000
69.177199 4623.000000
69.188065 4603.000000
69.198932 4748.000000
69.209798 4515.000000
69.220665 4417.000000
69.231531 4366.000000
69.242398 4275.000000
69.253264 4230.000000
69.264131 4244.000000
69.274997 4139.000000
69.285863 4088.000000
69.296730 4155.000000
69.307596 4068.000000
69.318463 4214.000000
69.329329 4200.000000
69.340196 4340.000000
69.351062 4267.000000
69.361929 4161.000000
69.372795 4168.000000
69.383661 4241.000000
69.394528 4093.000000
69.405394 4146.000000
69.416261 4165.000000
69.427127 3951.000000
69.437994 3951.000000
69.448860 3997.000000
69.459726 3903.000000
69.470593 3963.000000
69.481459 3962.000000
69.492326 3878.000000
69.503192 3903.000000
69.514059 3740.000000
69.524925 3839.000000
69.535792 3798.000000
69.546658 3868.000000
69.557524 3800.000000
69.568391 3817.000000
69.579257 3737.000000
69.590124 3815.000000
69.600990 3850.000000
69.611857 3808.000000
69.622723 3801.000000
69.633589 3890.000000
69.644456 3873.000000
69.655322 3801.000000
69.666189 3910.000000
69.677055 3895.000000
69.687922 3889.000000
69.698788 3902.000000
69.709655 3896.000000
69.720521 3892.000000
69.731387 3892.000000
69.742254 3838.000000
69.753120 3831.000000
69.763987 3825.000000
69.774853 3839.000000
69.785720 3927.000000
69.796586 3967.000000
69.807453 3854.000000
69.818319 3932.000000
69.829185 3889.000000
69.840052 3947.000000
69.850918 3919.000000
69.861785 3840.000000
69.872651 3835.000000
69.883518 3798.000000
69.894384 3950.000000
69.905250 3850.000000
69.916117 3785.000000
69.926983 3765.000000
69.937850 3796.000000
69.948716 3858.000000
69.959583 3721.000000
69.970449 3891.000000
69.981316 3732.000000
69.992182 3785.000000
70.003048 3728.000000
70.013915 3786.000000
70.024781 3894.000000
70.035648 3774.000000
70.046514 3691.000000
70.057381 3756.000000
70.068247 3744.000000
70.079114 3766.000000
70.089980 3722.000000
70.100846 3574.000000
70.111713 3690.000000
70.122579 3665.000000
70.133446 3668.000000
70.144312 3707.000000
70.155179 3732.000000
70.166045 3735.000000
70.176912 3554.000000
70.187778 3637.000000
70.198644 3640.000000
70.209511 3689.000000
70.220377 3669.000000
70.231244 3655.000000
70.242110 3707.000000
70.252977 3614.000000
70.263843 3621.000000
70.274709 3685.000000
70.285576 3725.000000
70.296442 3536.000000
70.307309 3674.000000
70.318175 3569.000000
70.329042 3544.000000
70.339908 3578.000000
70.350775 3606.000000
70.361641 3600.000000
70.372507 3553.000000
70.383374 3525.000000
70.394240 3507.000000
70.405107 3531.000000
70.415973 3659.000000
70.426840 3662.000000
70.437706 3510.000000
70.448572 3578.000000
70.459439 3557.000000
70.470305 3494.000000
70.481172 3520.000000
70.492038 3628.000000
70.502905 3648.000000
70.513771 3421.000000
70.524638 3569.000000
70.535504 3699.000000
70.546370 3491.000000
70.557237 3553.000000
70.568103 3629.000000
70.578970 3652.000000
70.589836 3560.000000
70.600703 3693.000000
70.611569 3522.000000
70.622436 3643.000000
70.633302 3441.000000
70.644168 3577.000000
70.655035 3702.000000
70.665901 3627.000000
70.676768 3585.000000
70.687634 3653.000000
70.698501 3547.000000
70.709367 3607.000000
70.720234 3537.000000
70.731100 3622.000000
70.741966 3627.000000
70.752833 3645.000000
70.763699 3539.000000
70.774566 3623.000000
70.785432 3534.000000
70.796299 3664.000000
70.807165 3580.000000
70.818031 3521.000000
70.828898 3674.000000
70.839764 3620.000000
70.850631 3678.000000
70.861497 3609.000000
70.872364 3658.000000
70.883230 3644.000000
70.894097 3640.000000
70.904963 3659.000000
70.915829 3679.000000
70.926696 3664.000000
70.937562 3599.000000
70.948429 3726.000000
70.959295 3636.000000
70.970162 3721.000000
70.981028 3648.000000
70.991895 3626.000000
71.002761 3644.000000
71.013627 3615.000000
71.024494 3712.000000
71.035360 3739.000000
71.046227 3732.000000
71.057093 3701.000000
71.067960 3714.000000
71.078826 3556.000000
71.089692 3609.000000
71.100559 3656.000000
71.111425 3725.000000
71.122292 3699.000000
71.133158 3587.000000
71.144025 3665.000000
71.154891 3630.000000
71.165758 3568.000000
71.176624 3667.000000
71.187490 3591.000000
71.198357 3612.000000
71.209223 3721.000000
71.220090 3584.000000
71.230956 3673.000000
71.241823 3630.000000
71.252689 3691.000000
71.263555 3698.000000
71.274422 3655.000000
71.285288 3510.000000
71.296155 3672.000000
71.307021 3532.000000
71.317888 3678.000000
71.328754 3552.000000
71.339621 3532.000000
71.350487 3653.000000
71.361353 3577.000000
71.372220 3653.000000
71.383086 3511.000000
71.393953 3653.000000
71.404819 3543.000000
71.415686 3472.000000
71.426552 3593.000000
71.437419 3651.000000
71.448285 3572.000000
71.459151 3485.000000
71.470018 3539.000000
71.480884 3520.000000
71.491751 3616.000000
71.502617 3564.000000
71.513484 3495.000000
71.524350 3543.000000
71.535217 3504.000000
71.546083 3570.000000
71.556949 3549.000000
71.567816 3622.000000
71.578682 3583.000000
71.589549 3544.000000
71.600415 3456.000000
71.611282 3496.000000
71.622148 3584.000000
71.633014 3498.000000
71.643881 3470.000000
71.654747 3581.000000
71.665614 3473.000000
71.676480 3598.000000
71.687347 3582.000000
71.698213 3615.000000
71.709080 3521.000000
71.719946 3554.000000
71.730812 3631.000000
71.741679 3461.000000
71.752545 3574.000000
71.763412 3565.000000
71.774278 3643.000000
71.785145 3655.000000
71.796011 3557.000000
71.806877 3481.000000
71.817744 3544.000000
71.828610 3560.000000
71.839477 3609.000000
71.850343 3674.000000
71.861210 3551.000000
71.872076 3543.000000
71.882943 3591.000000
71.893809 3608.000000
71.904675 3523.000000
71.915542 3596.000000
71.926408 3574.000000
71.937275 3432.000000
71.948141 3442.000000
71.959008 3479.000000
71.969874 3620.000000
71.980741 3519.000000
71.991607 3533.000000
72.002473 3518.000000
72.013340 3505.000000
72.024206 3559.000000
72.035073 3600.000000
72.045939 3595.000000
72.056806 3622.000000
72.067672 3509.000000
72.078539 3562.000000
72.089405 3510.000000
72.100271 3556.000000
72.111138 3570.000000
72.122004 3614.000000
72.132871 3565.000000
72.143737 3565.000000
72.154604 3689.000000
72.165470 3661.000000
72.176336 3470.000000
72.187203 3637.000000
72.198069 3633.000000
72.208936 3613.000000
72.219802 3567.000000
72.230669 3598.000000
72.241535 3650.000000
72.252402 3446.000000
72.263268 3497.000000
72.274134 3541.000000
72.285001 3575.000000
72.295867 3566.000000
72.306734 3547.000000
72.317600 3546.000000
72.328467 3553.000000
72.339333 3649.000000
72.350200 3597.000000
72.361066 3601.000000
72.371932 3596.000000
72.382799 3667.000000
72.393665 3466.000000
72.404532 3605.000000
72.415398 3501.000000
72.426265 3548.000000
72.437131 3579.000000
72.447997 3498.000000
72.458864 3666.000000
72.469730 3633.000000
72.480597 3571.000000
72.491463 3636.000000
72.502330 3652.000000
72.513196 3592.000000
72.524063 3636.000000
72.534929 3692.000000
72.545795 3682.000000
72.556662 3588.000000
72.567528 3725.000000
72.578395 3557.000000
72.589261 3669.000000
72.600128 3877.000000
72.610994 3761.000000
72.621860 3776.000000
72.632727 3731.000000
72.643593 3754.000000
72.654460 3684.000000
72.665326 3765.000000
72.676193 3748.000000
72.687059 3677.000000
72.697926 3732.000000
72.708792 3783.000000
72.719658 3656.000000
72.730525 3708.000000
72.741391 3797.000000
72.752258 3769.000000
72.763124 3722.000000
72.773991 3812.000000
72.784857 3638.000000
72.795724 3677.000000
72.806590 3797.000000
72.817456 3711.000000
72.828323 3590.000000
72.839189 3701.000000
72.850056 3768.000000
72.860922 3662.000000
72.871789 3762.000000
72.882655 3661.000000
72.893522 3692.000000
72.904388 3584.000000
72.915254 3653.000000
72.926121 3602.000000
72.936987 3685.000000
72.947854 3640.000000
72.958720 3722.000000
72.969587 3534.000000
72.980453 3546.000000
72.991319 3582.000000
73.002186 3653.000000
73.013052 3590.000000
73.023919 3626.000000
73.034785 3574.000000
73.045652 3591.000000
73.056518 3640.000000
73.067385 3619.000000
73.078251 3560.000000
73.089117 3654.000000
73.099984 3656.000000
73.110850 3559.000000
73.121717 3611.000000
73.132583 3730.000000
73.143450 3631.000000
73.154316 3546.000000
73.165183 3625.000000
73.176049 3487.000000
73.186915 3591.000000
73.197782 3698.000000
73.208648 3577.000000
73.219515 3574.000000
73.230381 3692.000000
73.241248 3613.000000
73.252114 3677.000000
73.262980 3589.000000
73.273847 3717.000000
73.284713 3622.000000
73.295580 3573.000000
73.306446 3591.000000
73.317313 3589.000000
73.328179 3568.000000
73.339046 3632.000000
73.349912 3570.000000
73.360778 3616.000000
73.371645 3673.000000
73.382511 3496.000000
73.393378 3530.000000
73.404244 3594.000000
73.415111 3581.000000
73.425977 3595.000000
73.436843 3571.000000
73.447710 3637.000000
73.458576 3606.000000
73.469443 3735.000000
73.480309 3577.000000
73.491176 3595.000000
73.502042 3487.000000
73.512909 3478.000000
73.523775 3572.000000
73.534641 3602.000000
73.545508 3631.000000
73.556374 3417.000000
73.567241 3637.000000
73.578107 3605.000000
73.588974 3501.000000
73.599840 3679.000000
73.610707 3581.000000
73.621573 3511.000000
73.632439 3594.000000
73.643306 3623.000000
73.654172 3555.000000
73.665039 3570.000000
73.675905 3479.000000
73.686772 3630.000000
73.697638 3592.000000
73.708505 3530.000000
73.719371 3597.000000
73.730237 3487.000000
73.741104 3616.000000
73.751970 3552.000000
73.762837 3618.000000
73.773703 3481.000000
73.784570 3629.000000
73.795436 3472.000000
73.806302 3499.000000
73.817169 3551.000000
73.828035 3597.000000
73.838902 3660.000000
73.849768 3487.000000
73.860635 3626.000000
73.871501 3618.000000
73.882368 3558.000000
73.893234 3474.000000
73.904100 3570.000000
73.914967 3556.000000
73.925833 3554.000000
73.936700 3567.000000
73.947566 3502.000000
73.958433 3708.000000
73.969299 3515.000000
73.980165 3571.000000
73.991032 3696.000000
74.001898 3543.000000
74.012765 3652.000000
74.023631 3539.000000
74.034498 3572.000000
74.045364 3633.000000
74.056231 3517.000000
74.067097 3655.000000
74.077963 3451.000000
74.088830 3487.000000
74.099696 3577.000000
74.110563 3506.000000
74.121429 3605.000000
74.132296 3591.000000
74.143162 3519.000000
74.154029 3546.000000
74.164895 3578.000000
74.175761 3523.000000
74.186628 3551.000000
74.197494 3533.000000
74.208361 3565.000000
74.219227 3659.000000
74.230094 3618.000000
74.240960 3702.000000
74.251827 3673.000000
74.262693 3622.000000
74.273559 3745.000000
74.284426 3574.000000
74.295292 3454.000000
74.306159 3497.000000
74.317025 3568.000000
74.327892 3499.000000
74.338758 3524.000000
74.349624 3657.000000
74.360491 3576.000000
74.371357 3735.000000
74.382224 3610.000000
74.393090 3695.000000
74.403957 3691.000000
74.414823 3656.000000
74.425690 3655.000000
74.436556 3604.000000
74.447422 3650.000000
74.458289 3703.000000
74.469155 3519.000000
74.480022 3630.000000
74.490888 3533.000000
74.501755 3574.000000
74.512621 3642.000000
74.523488 3582.000000
74.534354 3659.000000
74.545220 3615.000000
74.556087 3691.000000
74.566953 3589.000000
74.577820 3577.000000
74.588686 3525.000000
74.599553 3718.000000
74.610419 3658.000000
74.621285 3607.000000
74.632152 3773.000000
74.643018 3715.000000
74.653885 3598.000000
74.664751 3679.000000
74.675618 3669.000000
74.686484 3557.000000
74.697351 3598.000000
74.708217 3505.000000
74.719083 3647.000000
74.729950 3637.000000
74.740816 3537.000000
74.751683 3687.000000
74.762549 3728.000000
74.773416 3604.000000
74.784282 3750.000000
74.795149 3723.000000
74.806015 3798.000000
74.816881 3705.000000
74.827748 3701.000000
74.838614 3762.000000
74.849481 3649.000000
74.860347 3664.000000
74.871214 3702.000000
74.882080 3756.000000
74.892946 3885.000000
74.903813 3663.000000
74.914679 3724.000000
74.925546 3752.000000
74.936412 3792.000000
74.947279 3766.000000
74.958145 3873.000000
74.969012 3846.000000
74.979878 3960.000000
74.990744 3896.000000
75.001611 3725.000000
75.012477 3929.000000
75.023344 3837.000000
75.034210 3836.000000
75.045077 3947.000000
75.055943 3943.000000
75.066810 3973.000000
75.077676 3938.000000
75.088542 3947.000000
75.099409 4060.000000
75.110275 4011.000000
75.121142 4072.000000
75.132008 4081.000000
75.142875 4080.000000
75.153741 4098.000000
75.164607 4110.000000
75.175474 4232.000000
75.186340 4278.000000
75.197207 4275.000000
75.208073 4315.000000
75.218940 4378.000000
75.229806 4393.000000
75.240673 4421.000000
75.251539 4569.000000
75.262405 4508.000000
75.273272 4788.000000
75.284138 4866.000000
75.295005 4904.000000
75.305871 5027.000000
75.316738 5117.000000
75.327604 5346.000000
75.338470 5421.000000
75.349337 5632.000000
75.360203 5648.000000
75.371070 5904.000000
75.381936 6093.000000
75.392803 6107.000000
75.403669 6508.000000
75.414536 6542.000000
75.425402 6716.000000
75.436268 6715.000000
75.447135 6954.000000
75.458001 6921.000000
75.468868 6918.000000
75.479734 6976.000000
75.490601 6821.000000
75.501467 7019.000000
75.512334 6785.000000
75.523200 6867.000000
75.534066 6939.000000
75.544933 6746.000000
75.555799 6633.000000
75.566666 6601.000000
75.577532 6381.000000
75.588399 6359.000000
75.599265 6334.000000
75.610132 6292.000000
75.620998 6155.000000
75.631864 6283.000000
75.642731 6189.000000
75.653597 6298.000000
75.664464 6151.000000
75.675330 6095.000000
75.686197 5939.000000
75.697063 5963.000000
75.707929 5800.000000
75.718796 5820.000000
75.729662 5726.000000
75.740529 5566.000000
75.751395 5426.000000
75.762262 5477.000000
75.773128 5456.000000
75.783995 5261.000000
75.794861 5166.000000
75.805727 5154.000000
75.816594 4982.000000
75.827460 4756.000000
75.838327 4904.000000
75.849193 4739.000000
75.860060 4760.000000
75.870926 4636.000000
75.881793 4515.000000
75.892659 4535.000000
75.903525 4446.000000
75.914392 4361.000000
75.925258 4234.000000
75.936125 4289.000000
75.946991 4291.000000
75.957858 4274.000000
75.968724 4241.000000
75.979590 4241.000000
75.990457 4277.000000
76.001323 4025.000000
76.012190 4167.000000
76.023056 4190.000000
76.033923 4176.000000
76.044789 4181.000000
76.055656 3945.000000
76.066522 4091.000000
76.077388 3913.000000
76.088255 3912.000000
76.099121 4116.000000
76.109988 3961.000000
76.120854 4132.000000
76.131721 4030.000000
76.142587 3992.000000
76.153453 3964.000000
76.164320 3852.000000
76.175186 4005.000000
76.186053 4073.000000
76.196919 3931.000000
76.207786 3893.000000
76.218652 3905.000000
76.229519 3860.000000
76.240385 4003.000000
76.251251 3943.000000
76.262118 3941.000000
76.272984 3854.000000
76.283851 3917.000000
76.294717 3926.000000
76.305584 3889.000000
76.316450 3883.000000
76.327317 3913.000000
76.338183 3847.000000
76.349049 3774.000000
76.359916 3736.000000
76.370782 3986.000000
76.381649 3950.000000
76.392515 3949.000000
76.403382 3838.000000
76.414248 3799.000000
76.425115 3769.000000
76.435981 3881.000000
76.446847 3786.000000
76.457714 3888.000000
76.468580 3927.000000
76.479447 3857.000000
76.490313 3861.000000
76.501180 3891.000000
76.512046 3952.000000
76.522912 3884.000000
76.533779 3792.000000
76.544645 3863.000000
76.555512 3828.000000
76.566378 3867.000000
76.577245 3936.000000
76.588111 3737.000000
76.598978 3751.000000
76.609844 3865.000000
76.620710 3919.000000
76.631577 3909.000000
76.642443 3758.000000
76.653310 3766.000000
76.664176 3809.000000
76.675043 3720.000000
76.685909 3877.000000
76.696776 3736.000000
76.707642 3688.000000
76.718508 3811.000000
76.729375 3783.000000
76.740241 3771.000000
76.751108 3806.000000
76.761974 3757.000000
76.772841 3781.000000
76.783707 3909.000000
76.794573 3869.000000
76.805440 3745.000000
76.816306 3836.000000
76.827173 3725.000000
76.838039 3811.000000
76.848906 3808.000000
76.859772 3804.000000
76.870639 3747.000000
76.881505 3843.000000
76.892371 3872.000000
76.903238 3874.000000
76.914104 3787.000000
76.924971 3804.000000
76.935837 4002.000000
76.946704 3880.000000
76.957570 3996.000000
76.968437 3921.000000
76.979303 4099.000000
76.990169 3981.000000
77.001036 4036.000000
77.011902 4120.000000
77.022769 4068.000000
77.033635 4171.000000
77.044502 4231.000000
77.055368 4075.000000
77.066234 4140.000000
77.077101 4142.000000
77.087967 4018.000000
77.098834 3973.000000
77.109700 4018.000000
77.120567 4009.000000
77.131433 4024.000000
77.142300 4071.000000
77.153166 4007.000000
77.164032 3982.000000
77.174899 3946.000000
77.185765 3980.000000
77.196632 3998.000000
77.207498 4069.000000
77.218365 4129.000000
77.229231 3995.000000
77.240098 4089.000000
77.250964 4286.000000
77.261830 3928.000000
77.272697 4111.000000
77.283563 4074.000000
77.294430 4073.000000
77.305296 4056.000000
77.316163 4072.000000
77.327029 3939.000000
77.337895 4067.000000
77.348762 3984.000000
77.359628 4023.000000
77.370495 4057.000000
77.381361 3845.000000
77.392228 4010.000000
77.403094 4019.000000
77.413961 3982.000000
77.424827 4011.000000
77.435693 3956.000000
77.446560 3961.000000
77.457426 4033.000000
77.468293 4062.000000
77.479159 3982.000000
77.490026 3947.000000
77.500892 4117.000000
77.511758 3991.000000
77.522625 4090.000000
77.533491 4037.000000
77.544358 4038.000000
77.555224 3957.000000
77.566091 3996.000000
77.576957 4026.000000
77.587824 3917.000000
77.598690 4023.000000
77.609556 3918.000000
77.620423 4087.000000
77.631289 4043.000000
77.642156 4011.000000
77.653022 4041.000000
77.663889 3947.000000
77.674755 3894.000000
77.685622 3917.000000
77.696488 3896.000000
77.707354 3882.000000
77.718221 3990.000000
77.729087 3871.000000
77.739954 4029.000000
77.750820 3954.000000
77.761687 3860.000000
77.772553 3836.000000
77.783420 3923.000000
77.794286 3877.000000
77.805152 3867.000000
77.816019 3844.000000
77.826885 3896.000000
77.837752 3807.000000
77.848618 3924.000000
77.859485 3859.000000
77.870351 3864.000000
77.881217 3964.000000
77.892084 3853.000000
77.902950 3844.000000
77.913817 3840.000000
77.924683 3776.000000
77.935550 3816.000000
77.946416 3825.000000
77.957283 3832.000000
77.968149 3745.000000
77.979015 3752.000000
77.989882 3745.000000
78.000748 3766.000000
78.011615 3598.000000
78.022481 3763.000000
78.033348 3817.000000
78.044214 3714.000000
78.055081 3721.000000
78.065947 3643.000000
78.076813 3643.000000
78.087680 3743.000000
78.098546 3766.000000
78.109413 3749.000000
78.120279 3735.000000
78.131146 3706.000000
78.142012 3630.000000
78.152878 3759.000000
78.163745 3725.000000
78.174611 3704.000000
78.185478 3619.000000
78.196344 3657.000000
78.207211 3697.000000
78.218077 3616.000000
78.228944 3717.000000
78.239810 3734.000000
78.250676 3741.000000
78.261543 3568.000000
78.272409 3736.000000
78.283276 3718.000000
78.294142 3683.000000
78.305009 3683.000000
78.315875 3661.000000
78.326741 3714.000000
78.337608 3746.000000
78.348474 3745.000000
78.359341 3661.000000
78.370207 3670.000000
78.381074 3609.000000
78.391940 3662.000000
78.402807 3654.000000
78.413673 3639.000000
78.424539 3751.000000
78.435406 3749.000000
78.446272 3766.000000
78.457139 3771.000000
78.468005 3660.000000
78.478872 3734.000000
78.489738 3763.000000
78.500605 3734.000000
78.511471 3727.000000
78.522337 3737.000000
78.533204 3809.000000
78.544070 3800.000000
78.554937 3672.000000
78.565803 3681.000000
78.576670 3672.000000
78.587536 3859.000000
78.598403 3780.000000
78.609269 3700.000000
78.620135 3765.000000
78.631002 3732.000000
78.641868 3725.000000
78.652735 3707.000000
78.663601 3795.000000
78.674468 3900.000000
78.685334 3719.000000
78.696200 3848.000000
78.707067 3772.000000
78.717933 3724.000000
78.728800 3804.000000
78.739666 3745.000000
78.750533 3702.000000
78.761399 3703.000000
78.772266 3727.000000
78.783132 3650.000000
78.793998 3767.000000
78.804865 3802.000000
78.815731 3835.000000
78.826598 3945.000000
78.837464 3782.000000
78.848331 3621.000000
78.859197 3700.000000
78.870064 3859.000000
78.880930 3722.000000
78.891796 3863.000000
78.902663 3747.000000
78.913529 3765.000000
78.924396 3818.000000
78.935262 3812.000000
78.946129 3833.000000
78.956995 3789.000000
78.967861 3792.000000
78.978728 3845.000000
78.989594 3837.000000
79.000461 3924.000000
79.011327 4015.000000
79.022194 3935.000000
79.033060 3940.000000
79.043927 4008.000000
79.054793 4011.000000
79.065659 4004.000000
79.076526 3964.000000
79.087392 3986.000000
79.098259 4014.000000
79.109125 4077.000000
79.119992 3998.000000
79.130858 3979.000000
79.141725 4072.000000
79.152591 4097.000000
79.163457 4081.000000
79.174324 4207.000000
79.185190 4231.000000
79.196057 4325.000000
79.206923 4253.000000
79.217790 4295.000000
79.228656 4320.000000
79.239522 4336.000000
79.250389 4361.000000
79.261255 4472.000000
79.272122 4625.000000
79.282988 4636.000000
79.293855 4670.000000
79.304721 4723.000000
79.315588 4896.000000
79.326454 4944.000000
79.337320 5089.000000
79.348187 5206.000000
79.359053 5042.000000
79.369920 5307.000000
79.380786 5445.000000
79.391653 5578.000000
79.402519 5646.000000
79.413386 5510.000000
79.424252 5564.000000
79.435118 5789.000000
79.445985 6038.000000
79.456851 5817.000000
79.467718 5696.000000
79.478584 5640.000000
79.489451 5605.000000
79.500317 5647.000000
79.511183 5583.000000
79.522050 5493.000000
79.532916 5440.000000
79.543783 5435.000000
79.554649 5309.000000
79.565516 5400.000000
79.576382 5389.000000
79.587249 5383.000000
79.598115 5390.000000
79.608981 5335.000000
79.619848 5303.000000
79.630714 5339.000000
79.641581 5433.000000
79.652447 5333.000000
79.663314 5284.000000
79.674180 5302.000000
79.685046 5142.000000
79.695913 5273.000000
79.706779 5142.000000
79.717646 5051.000000
79.728512 4923.000000
79.739379 4795.000000
79.750245 4769.000000
79.761112 4769.000000
79.771978 4796.000000
79.782844 4729.000000
79.793711 4624.000000
79.804577 4540.000000
79.815444 4530.000000
79.826310 4557.000000
79.837177 4411.000000
79.848043 4429.000000
79.858910 4384.000000
79.869776 4247.000000
79.880642 4414.000000
79.891509 4215.000000
79.902375 4223.000000
79.913242 4135.000000
79.924108 4138.000000
79.934975 4046.000000
79.945841 4130.000000
79.956708 4017.000000
79.967574 4066.000000
79.978440 4033.000000
79.989307 3926.000000
80.000173 4075.000000
80.011040 3962.000000
80.021906 3943.000000
80.032773 3792.000000
80.043639 3858.000000
80.054505 3883.000000
80.065372 3961.000000
80.076238 3891.000000
80.087105 3776.000000
80.097971 3849.000000
80.108838 3954.000000
80.119704 3817.000000
80.130571 3757.000000
80.141437 3834.000000
80.152303 3830.000000
80.163170 3731.000000
80.174036 3656.000000
80.184903 3722.000000
80.195769 3765.000000
80.206636 3759.000000
80.217502 3663.000000
80.228369 3645.000000
80.239235 3736.000000
80.250101 3694.000000
80.260968 3743.000000
80.271834 3791.000000
80.282701 3758.000000
80.293567 3649.000000
80.304434 3679.000000
80.315300 3769.000000
80.326166 3816.000000
80.337033 3773.000000
80.347899 3678.000000
80.358766 3654.000000
80.369632 3680.000000
80.380499 3611.000000
80.391365 3582.000000
80.402232 3659.000000
80.413098 3703.000000
80.423964 3615.000000
80.434831 3597.000000
80.445697 3721.000000
80.456564 3630.000000
80.467430 3671.000000
80.478297 3766.000000
80.489163 3608.000000
80.500030 3621.000000
80.510896 3584.000000
80.521762 3669.000000
80.532629 3587.000000
80.543495 3546.000000
80.554362 3739.000000
80.565228 3638.000000
80.576095 3630.000000
80.586961 3648.000000
80.597827 3568.000000
80.608694 3614.000000
80.619560 3598.000000
80.630427 3650.000000
80.641293 3655.000000
80.652160 3554.000000
80.663026 3561.000000
80.673893 3561.000000
80.684759 3550.000000
80.695625 3529.000000
80.706492 3690.000000
80.717358 3623.000000
80.728225 3485.000000
80.739091 3589.000000
80.749958 3581.000000
80.760824 3679.000000
80.771691 3461.000000
80.782557 3635.000000
80.793423 3517.000000
80.804290 3549.000000
80.815156 3533.000000
80.826023 3688.000000
80.836889 3556.000000
80.847756 3673.000000
80.858622 3525.000000
80.869488 3580.000000
80.880355 3626.000000
80.891221 3498.000000
80.902088 3545.000000
80.912954 3658.000000
80.923821 3555.000000
80.934687 3695.000000
80.945554 3547.000000
80.956420 3588.000000
80.967286 3554.000000
80.978153 3534.000000
80.989019 3574.000000
80.999886 3535.000000
81.010752 3515.000000
81.021619 3594.000000
81.032485 3541.000000
81.043351 3707.000000
81.054218 3604.000000
81.065084 3518.000000
81.075951 3554.000000
81.086817 3636.000000
81.097684 3474.000000
81.108550 3655.000000
81.119417 3656.000000
81.130283 3604.000000
81.141149 3519.000000
81.152016 3666.000000
81.162882 3666.000000
81.173749 3463.000000
81.184615 3720.000000
81.195482 3504.000000
81.206348 3590.000000
81.217215 3632.000000
81.228081 3593.000000
81.238947 3586.000000
81.249814 3479.000000
81.260680 3622.000000
81.271547 3582.000000
81.282413 3640.000000
81.293280 3551.000000
81.304146 3642.000000
81.315013 3589.000000
81.325879 3604.000000
81.336745 3627.000000
81.347612 3611.000000
81.358478 3668.000000
81.369345 3628.000000
81.380211 3647.000000
81.391078 3620.000000
81.401944 3647.000000
81.412810 3661.000000
81.423677 3693.000000
81.434543 3650.000000
81.445410 3721.000000
81.456276 3772.000000
81.467143 3664.000000
81.478009 3870.000000
81.488876 3816.000000
81.499742 3696.000000
81.510608 3603.000000
81.521475 3763.000000
81.532341 3622.000000
81.543208 3729.000000
81.554074 3612.000000
81.564941 3615.000000
81.575807 3635.000000
81.586674 3660.000000
81.597540 3704.000000
81.608406 3514.000000
81.619273 3609.000000
81.630139 3676.000000
81.641006 3635.000000
81.651872 3608.000000
81.662739 3541.000000
81.673605 3607.000000
81.684471 3735.000000
81.695338 3615.000000
81.706204 3638.000000
81.717071 3679.000000
81.727937 3579.000000
81.738804 3533.000000
81.749670 3669.000000
81.760537 3534.000000
81.771403 3492.000000
81.782269 3572.000000
81.793136 3660.000000
81.804002 3581.000000
81.814869 3553.000000
81.825735 3569.000000
81.836602 3704.000000
81.847468 3680.000000
81.858334 3582.000000
81.869201 3630.000000
81.880067 3704.000000
81.890934 3496.000000
81.901800 3621.000000
81.912667 3447.000000
81.923533 3609.000000
81.934400 3529.000000
81.945266 3581.000000
81.956132 3680.000000
81.966999 3543.000000
81.977865 3561.000000
81.988732 3580.000000
81.999598 3533.000000
82.010465 3532.000000
82.021331 3591.000000
82.032198 3519.000000
82.043064 3536.000000
82.053930 3562.000000
82.064797 3585.000000
82.075663 3576.000000
82.086530 3683.000000
82.097396 3658.000000
82.108263 3659.000000
82.119129 3553.000000
82.129996 3704.000000
82.140862 3628.000000
82.151728 3562.000000
82.162595 3592.000000
82.173461 3577.000000
82.184328 3596.000000
82.195194 3648.000000
82.206061 3605.000000
82.216927 3727.000000
82.227793 3585.000000
82.238660 3582.000000
82.249526 3720.000000
82.260393 3721.000000
82.271259 3568.000000
82.282126 3603.000000
82.292992 3645.000000
82.303859 3666.000000
82.314725 3571.000000
82.325591 3698.000000
82.336458 3710.000000
82.347324 3813.000000
82.358191 3646.000000
82.369057 3661.000000
82.379924 3677.000000
82.390790 3757.000000
82.401657 3626.000000
82.412523 3703.000000
82.423389 3689.000000
82.434256 3506.000000
82.445122 3657.000000
82.455989 3727.000000
82.466855 3575.000000
82.477722 3747.000000
82.488588 3811.000000
82.499454 3872.000000
82.510321 3707.000000
82.521187 3612.000000
82.532054 3664.000000
82.542920 3754.000000
82.553787 3656.000000
82.564653 3623.000000
82.575520 3594.000000
82.586386 3611.000000
82.597252 3629.000000
82.608119 3641.000000
82.618985 3651.000000
82.629852 3554.000000
82.640718 3788.000000
82.651585 3561.000000
82.662451 3659.000000
82.673318 3644.000000
82.684184 3690.000000
82.695050 3577.000000
82.705917 3721.000000
82.716783 3658.000000
82.727650 3699.000000
82.738516 3603.000000
82.749383 3537.000000
82.760249 3676.000000
82.771115 3624.000000
82.781982 3646.000000
82.792848 3760.000000
82.803715 3631.000000
82.814581 3678.000000
82.825448 3536.000000
82.836314 3637.000000
82.847181 3601.000000
82.858047 3533.000000
82.868913 3625.000000
82.879780 3457.000000
82.890646 3592.000000
82.901513 3603.000000
82.912379 3562.000000
82.923246 3686.000000
82.934112 3639.000000
82.944979 3601.000000
82.955845 3583.000000
82.966711 3513.000000
82.977578 3524.000000
82.988444 3634.000000
82.999311 3525.000000
83.010177 3606.000000
83.021044 3491.000000
83.031910 3534.000000
83.042776 3574.000000
83.053643 3497.000000
83.064509 3573.000000
83.075376 3534.000000
83.086242 3549.000000
83.097109 3516.000000
83.107975 3658.000000
83.118842 3485.000000
83.129708 3628.000000
83.140574 3643.000000
83.151441 3546.000000
83.162307 3557.000000
83.173174 3443.000000
83.184040 3573.000000
83.194907 3594.000000
83.205773 3572.000000
83.216639 3586.000000
83.227506 3644.000000
83.238372 3546.000000
83.249239 3529.000000
83.260105 3575.000000
83.270972 3564.000000
83.281838 3652.000000
83.292705 3545.000000
83.303571 3507.000000
83.314437 3498.000000
83.325304 3563.000000
83.336170 3595.000000
83.347037 3505.000000
83.357903 3544.000000
83.368770 3546.000000
83.379636 3584.000000
83.390503 3541.000000
83.401369 3573.000000
83.412235 3610.000000
83.423102 3610.000000
83.433968 3541.000000
83.444835 3605.000000
83.455701 3491.000000
83.466568 3505.000000
83.477434 3485.000000
83.488301 3522.000000
83.499167 3400.000000
83.510033 3551.000000
83.520900 3611.000000
83.531766 3563.000000
83.542633 3725.000000
83.553499 3575.000000
83.564366 3484.000000
83.575232 3563.000000
83.586098 3598.000000
83.596965 3487.000000
83.607831 3502.000000
83.618698 3605.000000
83.629564 3538.000000
83.640431 3538.000000
83.651297 3526.000000
83.662164 3514.000000
83.673030 3592.000000
83.683896 3613.000000
83.694763 3670.000000
83.705629 3564.000000
83.716496 3537.000000
83.727362 3605.000000
83.738229 3628.000000
83.749095 3619.000000
83.759962 3528.000000
83.770828 3628.000000
83.781694 3586.000000
83.792561 3672.000000
83.803427 3502.000000
83.814294 3503.000000
83.825160 3554.000000
83.836027 3427.000000
83.846893 3541.000000
83.857759 3630.000000
83.868626 3584.000000
83.879492 3537.000000
83.890359 3572.000000
83.901225 3471.000000
83.912092 3518.000000
83.922958 3580.000000
83.933825 3519.000000
83.944691 3748.000000
83.955557 3537.000000
83.966424 3468.000000
83.977290 3479.000000
83.988157 3469.000000
83.999023 3530.000000
84.009890 3563.000000
84.020756 3633.000000
84.031622 3593.000000
84.042489 3540.000000
84.053355 3544.000000
84.064222 3484.000000
84.075088 3509.000000
84.085955 3456.000000
84.096821 3518.000000
84.107688 3585.000000
84.118554 3552.000000
84.129420 3495.000000
84.140287 3543.000000
84.151153 3491.000000
84.162020 3528.000000
84.172886 3615.000000
84.183753 3487.000000
84.194619 3571.000000
84.205486 3542.000000
84.216352 3506.000000
84.227218 3563.000000
84.238085 3571.000000
84.248951 3419.000000
84.259818 3530.000000
84.270684 3504.000000
84.281551 3649.000000
84.292417 3541.000000
84.303284 3603.000000
84.314150 3507.000000
84.325016 3569.000000
84.335883 3568.000000
84.346749 3547.000000
84.357616 3519.000000
84.368482 3508.000000
84.379349 3643.000000
84.390215 3515.000000
84.401081 3585.000000
84.411948 3656.000000
84.422814 3585.000000
84.433681 3472.000000
84.444547 3611.000000
84.455414 3541.000000
84.466280 3629.000000
84.477147 3453.000000
84.488013 3529.000000
84.498879 3509.000000
84.509746 3558.000000
84.520612 3647.000000
84.531479 3604.000000
84.542345 3617.000000
84.553212 3507.000000
84.564078 3748.000000
84.574945 3503.000000
84.585811 3548.000000
84.596677 3641.000000
84.607544 3628.000000
84.618410 3583.000000
84.629277 3648.000000
84.640143 3537.000000
84.651010 3614.000000
84.661876 3572.000000
84.672742 3617.000000
84.683609 3552.000000
84.694475 3664.000000
84.705342 3721.000000
84.716208 3569.000000
84.727075 3458.000000
84.737941 3594.000000
84.748808 3528.000000
84.759674 3550.000000
84.770540 3508.000000
84.781407 3577.000000
84.792273 3501.000000
84.803140 3556.000000
84.814006 3483.000000
84.824873 3567.000000
84.835739 3642.000000
84.846606 3668.000000
84.857472 3560.000000
84.868338 3550.000000
84.879205 3540.000000
84.890071 3525.000000
84.900938 3541.000000
84.911804 3500.000000
84.922671 3582.000000
84.933537 3665.000000
84.944403 3588.000000
84.955270 3603.000000
84.966136 3503.000000
84.977003 3542.000000
84.987869 3628.000000
84.998736 3538.000000
85.009602 3514.000000
85.020469 3580.000000
85.031335 3580.000000
85.042201 3577.000000
85.053068 3598.000000
85.063934 3614.000000
85.074801 3495.000000
85.085667 3641.000000
85.096534 3591.000000
85.107400 3566.000000
85.118267 3594.000000
85.129133 3481.000000
85.139999 3583.000000
85.150866 3569.000000
85.161732 3642.000000
85.172599 3503.000000
85.183465 3557.000000
85.194332 3571.000000
85.205198 3736.000000
85.216064 3612.000000
85.226931 3517.000000
85.237797 3618.000000
85.248664 3545.000000
85.259530 3541.000000
85.270397 3615.000000
85.281263 3570.000000
85.292130 3527.000000
85.302996 3643.000000
85.313862 3615.000000
85.324729 3608.000000
85.335595 3577.000000
85.346462 3554.000000
85.357328 3659.000000
85.368195 3525.000000
85.379061 3593.000000
85.389927 3572.000000
85.400794 3547.000000
85.411660 3683.000000
85.422527 3556.000000
85.433393 3710.000000
85.444260 3574.000000
85.455126 3450.000000
85.465993 3665.000000
85.476859 3641.000000
85.487725 3623.000000
85.498592 3646.000000
85.509458 3578.000000
85.520325 3615.000000
85.531191 3603.000000
85.542058 3589.000000
85.552924 3519.000000
85.563791 3669.000000
85.574657 3547.000000
85.585523 3524.000000
85.596390 3511.000000
85.607256 3566.000000
85.618123 3586.000000
85.628989 3598.000000
85.639856 3554.000000
85.650722 3540.000000
85.661589 3538.000000
85.672455 3563.000000
85.683321 3650.000000
85.694188 3580.000000
85.705054 3558.000000
85.715921 3521.000000
85.726787 3592.000000
85.737654 3615.000000
85.748520 3617.000000
85.759386 3642.000000
85.770253 3550.000000
85.781119 3625.000000
85.791986 3538.000000
85.802852 3674.000000
85.813719 3543.000000
85.824585 3671.000000
85.835452 3519.000000
85.846318 3438.000000
85.857184 3504.000000
85.868051 3530.000000
85.878917 3537.000000
85.889784 3560.000000
85.900650 3545.000000
85.911517 3525.000000
85.922383 3354.000000
85.933250 3524.000000
85.944116 3639.000000
85.954982 3484.000000
85.965849 3648.000000
85.976715 3607.000000
85.987582 3582.000000
85.998448 3589.000000
86.009315 3557.000000
86.020181 3660.000000
86.031047 3545.000000
86.041914 3474.000000
86.052780 3670.000000
86.063647 3612.000000
86.074513 3573.000000
86.085380 3663.000000
86.096246 3590.000000
86.107113 3596.000000
86.117979 3640.000000
86.128845 3509.000000
86.139712 3645.000000
86.150578 3413.000000
86.161445 3517.000000
86.172311 3511.000000
86.183178 3587.000000
86.194044 3625.000000
86.204910 3627.000000
86.215777 3646.000000
86.226643 3567.000000
86.237510 3579.000000
86.248376 3481.000000
86.259243 3636.000000
86.270109 3538.000000
86.280976 3694.000000
86.291842 3645.000000
86.302708 3578.000000
86.313575 3541.000000
86.324441 3532.000000
86.335308 3532.000000
86.346174 3459.000000
86.357041 3558.000000
86.367907 3558.000000
86.378774 3518.000000
86.389640 3413.000000
86.400506 3524.000000
86.411373 3508.000000
86.422239 3521.000000
86.433106 3596.000000
86.443972 3535.000000
86.454839 3674.000000
86.465705 3563.000000
86.476572 3531.000000
86.487438 3506.000000
86.498304 3559.000000
86.509171 3532.000000
86.520037 3585.000000
86.530904 3602.000000
86.541770 3497.000000
86.552637 3637.000000
86.563503 3599.000000
86.574369 3623.000000
86.585236 3557.000000
86.596102 3403.000000
86.606969 3581.000000
86.617835 3511.000000
86.628702 3494.000000
86.639568 3558.000000
86.650435 3550.000000
86.661301 3525.000000
86.672167 3453.000000
86.683034 3583.000000
86.693900 3706.000000
86.704767 3589.000000
86.715633 3563.000000
86.726500 3588.000000
86.737366 3577.000000
86.748233 3611.000000
86.759099 3622.000000
86.769965 3552.000000
86.780832 3583.000000
86.791698 3395.000000
86.802565 3593.000000
86.813431 3564.000000
86.824298 3507.000000
86.835164 3560.000000
86.846030 3572.000000
86.856897 3604.000000
86.867763 3571.000000
86.878630 3536.000000
86.889496 3601.000000
86.900363 3584.000000
86.911229 3632.000000
86.922096 3656.000000
86.932962 3578.000000
86.943828 3544.000000
86.954695 3617.000000
86.965561 3578.000000
86.976428 3625.000000
86.987294 3555.000000
86.998161 3520.000000
87.009027 3662.000000
87.019894 3653.000000
87.030760 3533.000000
87.041626 3397.000000
87.052493 3635.000000
87.063359 3495.000000
87.074226 3423.000000
87.085092 3553.000000
87.095959 3532.000000
87.106825 3513.000000
87.117691 3605.000000
87.128558 3489.000000
87.139424 3490.000000
87.150291 3486.000000
87.161157 3520.000000
87.172024 3591.000000
87.182890 3677.000000
87.193757 3520.000000
87.204623 3529.000000
87.215489 3549.000000
87.226356 3598.000000
87.237222 3586.000000
87.248089 3505.000000
87.258955 3510.000000
87.269822 3729.000000
87.280688 3520.000000
87.291555 3646.000000
87.302421 3457.000000
87.313287 3639.000000
87.324154 3581.000000
87.335020 3512.000000
87.345887 3593.000000
87.356753 3512.000000
87.367620 3618.000000
87.378486 3484.000000
87.389352 3515.000000
87.400219 3538.000000
87.411085 3538.000000
87.421952 3542.000000
87.432818 3449.000000
87.443685 3614.000000
87.454551 3572.000000
87.465418 3511.000000
87.476284 3475.000000
87.487150 3430.000000
87.498017 3693.000000
87.508883 3551.000000
87.519750 3548.000000
87.530616 3569.000000
87.541483 3575.000000
87.552349 3545.000000
87.563215 3626.000000
87.574082 3622.000000
87.584948 3609.000000
87.595815 3636.000000
87.606681 3655.000000
87.617548 3482.000000
87.628414 3640.000000
87.639281 3547.000000
87.650147 3689.000000
87.661013 3657.000000
87.671880 3482.000000
87.682746 3690.000000
87.693613 3490.000000
87.704479 3623.000000
87.715346 3577.000000
87.726212 3517.000000
87.737079 3511.000000
87.747945 3630.000000
87.758811 3577.000000
87.769678 3578.000000
87.780544 3492.000000
87.791411 3492.000000
87.802277 3651.000000
87.813144 3640.000000
87.824010 3520.000000
87.834877 3611.000000
87.845743 3583.000000
87.856609 3478.000000
87.867476 3511.000000
87.878342 3588.000000
87.889209 3684.000000
87.900075 3542.000000
87.910942 3544.000000
87.921808 3473.000000
87.932674 3550.000000
87.943541 3603.000000
87.954407 3544.000000
87.965274 3491.000000
87.976140 3666.000000
87.987007 3574.000000
87.997873 3588.000000
88.008740 3523.000000
88.019606 3648.000000
88.030472 3699.000000
88.041339 3610.000000
88.052205 3630.000000
88.063072 3669.000000
88.073938 3555.000000
88.084805 3654.000000
88.095671 3617.000000
88.106538 3602.000000
88.117404 3684.000000
88.128270 3589.000000
88.139137 3704.000000
88.150003 3428.000000
88.160870 3489.000000
88.171736 3417.000000
88.182603 3591.000000
88.193469 3633.000000
88.204335 3619.000000
88.215202 3583.000000
88.226068 3532.000000
88.236935 3512.000000
88.247801 3632.000000
88.258668 3503.000000
88.269534 3665.000000
88.280401 3637.000000
88.291267 3568.000000
88.302133 3628.000000
88.313000 3583.000000
88.323866 3547.000000
88.334733 3598.000000
88.345599 3646.000000
88.356466 3501.000000
88.367332 3619.000000
88.378199 3612.000000
88.389065 3546.000000
88.399931 3660.000000
88.410798 3598.000000
88.421664 3668.000000
88.432531 3632.000000
88.443397 3606.000000
88.454264 3614.000000
88.465130 3559.000000
88.475996 3602.000000
88.486863 3583.000000
88.497729 3658.000000
88.508596 3710.000000
88.519462 3747.000000
88.530329 3603.000000
88.541195 3592.000000
88.552062 3716.000000
88.562928 3664.000000
88.573794 3750.000000
88.584661 3680.000000
88.595527 3761.000000
88.606394 3677.000000
88.617260 3689.000000
88.628127 3642.000000
88.638993 3654.000000
88.649860 3794.000000
88.660726 3720.000000
88.671592 3668.000000
88.682459 3760.000000
88.693325 3749.000000
88.704192 3689.000000
88.715058 3778.000000
88.725925 3774.000000
88.736791 3799.000000
88.747657 3736.000000
88.758524 3819.000000
88.769390 3668.000000
88.780257 3711.000000
88.791123 3707.000000
88.801990 3697.000000
88.812856 3794.000000
88.823723 3664.000000
88.834589 3764.000000
88.845455 3680.000000
88.856322 3739.000000
88.867188 3737.000000
88.878055 3772.000000
88.888921 3736.000000
88.899788 3741.000000
88.910654 3751.000000
88.921520 3749.000000
88.932387 3769.000000
88.943253 3789.000000
88.954120 3767.000000
88.964986 3646.000000
88.975853 3629.000000
88.986719 3703.000000
88.997586 3784.000000
89.008452 3812.000000
89.019318 3705.000000
89.030185 3771.000000
89.041051 3707.000000
89.051918 3703.000000
89.062784 3770.000000
89.073651 3701.000000
89.084517 3698.000000
89.095384 3718.000000
89.106250 3693.000000
89.117116 3658.000000
89.127983 3642.000000
89.138849 3750.000000
89.149716 3682.000000
89.160582 3646.000000
89.171449 3649.000000
89.182315 3706.000000
89.193182 3646.000000
89.204048 3650.000000
89.214914 3617.000000
89.225781 3702.000000
89.236647 3732.000000
89.247514 3607.000000
89.258380 3603.000000
89.269247 3738.000000
89.280113 3668.000000
89.290979 3643.000000
89.301846 3661.000000
89.312712 3581.000000
89.323579 3604.000000
89.334445 3557.000000
89.345312 3604.000000
89.356178 3739.000000
89.367045 3669.000000
89.377911 3653.000000
89.388777 3656.000000
89.399644 3676.000000
89.410510 3659.000000
89.421377 3612.000000
89.432243 3642.000000
89.443110 3733.000000
89.453976 3688.000000
89.464843 3643.000000
89.475709 3809.000000
89.486575 3648.000000
89.497442 3774.000000
89.508308 3705.000000
89.519175 3789.000000
89.530041 3928.000000
89.540908 3751.000000
89.551774 3951.000000
89.562640 4033.000000
89.573507 3900.000000
89.584373 4054.000000
89.595240 3935.000000
89.606106 4165.000000
89.616973 4152.000000
89.627839 4180.000000
89.638706 4122.000000
89.649572 4374.000000
89.660438 4180.000000
89.671305 4343.000000
89.682171 4223.000000
89.693038 4273.000000
89.703904 4329.000000
89.714771 4257.000000
89.725637 3993.000000
89.736503 4146.000000
89.747370 4054.000000
89.758236 3999.000000
89.769103 4083.000000
89.779969 3952.000000
89.790836 3892.000000
89.801702 3932.000000
89.812569 3928.000000
89.823435 3713.000000
89.834301 3930.000000
89.845168 3865.000000
89.856034 3853.000000
89.866901 3861.000000
89.877767 3963.000000
89.888634 3877.000000
89.899500 3965.000000
89.910367 4017.000000
89.921233 4021.000000
89.932099 3947.000000
89.942966 4111.000000
89.953832 3975.000000
89.964699 3869.000000
89.975565 4045.000000
89.986432 3968.000000
89.997298 3973.000000
90.008165 3962.000000
90.019031 3891.000000
90.029897 3871.000000
90.040764 3769.000000
90.051630 3907.000000
90.062497 3724.000000
90.073363 3700.000000
90.084230 3774.000000
90.095096 3712.000000
90.105962 3806.000000
90.116829 3801.000000
90.127695 3743.000000
90.138562 3604.000000
90.149428 3739.000000
90.160295 3658.000000
90.171161 3706.000000
90.182028 3752.000000
90.192894 3745.000000
90.203760 3703.000000
90.214627 3593.000000
90.225493 3580.000000
90.236360 3722.000000
90.247226 3802.000000
90.258093 3754.000000
90.268959 3762.000000
90.279826 3763.000000
90.290692 3618.000000
90.301558 3619.000000
90.312425 3807.000000
90.323291 3686.000000
90.334158 3788.000000
90.345024 3701.000000
90.355891 3720.000000
90.366757 3651.000000
90.377623 3711.000000
90.388490 3634.000000
90.399356 3745.000000
90.410223 3618.000000
90.421089 3801.000000
90.431956 3749.000000
90.442822 3702.000000
90.453689 3663.000000
90.464555 3664.000000
90.475421 3737.000000
90.486288 3702.000000
90.497154 3636.000000
90.508021 3669.000000
90.518887 3638.000000
90.529754 3605.000000
90.540620 3695.000000
90.551487 3666.000000
90.562353 3711.000000
90.573219 3722.000000
90.584086 3689.000000
90.594952 3702.000000
90.605819 3632.000000
90.616685 3681.000000
90.627552 3571.000000
90.638418 3765.000000
90.649284 3623.000000
90.660151 3689.000000
90.671017 3746.000000
90.681884 3668.000000
90.692750 3569.000000
90.703617 3696.000000
90.714483 3529.000000
90.725350 3687.000000
90.736216 3584.000000
90.747082 3714.000000
90.757949 3644.000000
90.768815 3621.000000
90.779682 3681.000000
90.790548 3598.000000
90.801415 3721.000000
90.812281 3572.000000
90.823148 3644.000000
90.834014 3716.000000
90.844880 3688.000000
90.855747 3624.000000
90.866613 3617.000000
90.877480 3652.000000
90.888346 3647.000000
90.899213 3577.000000
90.910079 3563.000000
90.920945 3642.000000
90.931812 3604.000000
90.942678 3528.000000
90.953545 3592.000000
90.964411 3636.000000
90.975278 3677.000000
90.986144 3607.000000
90.997011 3770.000000
91.007877 3570.000000
91.018743 3535.000000
91.029610 3702.000000
91.040476 3702.000000
91.051343 3624.000000
91.062209 3522.000000
91.073076 3512.000000
91.083942 3571.000000
91.094808 3604.000000
91.105675 3671.000000
91.116541 3590.000000
91.127408 3615.000000
91.138274 3560.000000
91.149141 3591.000000
91.160007 3658.000000
91.170874 3647.000000
91.181740 3607.000000
91.192606 3651.000000
91.203473 3449.000000
91.214339 3739.000000
91.225206 3613.000000
91.236072 3588.000000
91.246939 3683.000000
91.257805 3615.000000
91.268672 3758.000000
91.279538 3729.000000
91.290404 3676.000000
91.301271 3640.000000
91.312137 3673.000000
91.323004 3677.000000
91.333870 3652.000000
91.344737 3637.000000
91.355603 3549.000000
91.366470 3592.000000
91.377336 3505.000000
91.388202 3678.000000
91.399069 3516.000000
91.409935 3618.000000
91.420802 3688.000000
91.431668 3492.000000
91.442535 3696.000000
91.453401 3608.000000
91.464267 3593.000000
91.475134 3765.000000
91.486000 3673.000000
91.496867 3579.000000
91.507733 3679.000000
91.518600 3554.000000
91.529466 3597.000000
91.540333 3666.000000
91.551199 3751.000000
91.562065 3493.000000
91.572932 3631.000000
91.583798 3606.000000
91.594665 3632.000000
91.605531 3657.000000
91.616398 3586.000000
91.627264 3643.000000
91.638131 3709.000000
91.648997 3555.000000
91.659863 3576.000000
91.670730 3552.000000
91.681596 3747.000000
91.692463 3604.000000
91.703329 3531.000000
91.714196 3683.000000
91.725062 3574.000000
91.735928 3550.000000
91.746795 3579.000000
91.757661 3690.000000
91.768528 3654.000000
91.779394 3589.000000
91.790261 3581.000000
91.801127 3587.000000
91.811994 3533.000000
91.822860 3629.000000
91.833726 3679.000000
91.844593 3738.000000
91.855459 3664.000000
91.866326 3510.000000
91.877192 3632.000000
91.888059 3535.000000
91.898925 3629.000000
91.909791 3556.000000
91.920658 3606.000000
91.931524 3581.000000
91.942391 3498.000000
91.953257 3581.000000
91.964124 3700.000000
91.974990 3658.000000
91.985857 3557.000000
91.996723 3657.000000
92.007589 3621.000000
92.018456 3724.000000
92.029322 3577.000000
92.040189 3567.000000
92.051055 3615.000000
92.061922 3602.000000
92.072788 3688.000000
92.083655 3539.000000
92.094521 3547.000000
92.105387 3576.000000
92.116254 3467.000000
92.127120 3580.000000
92.137987 3503.000000
92.148853 3611.000000
92.159720 3563.000000
92.170586 3601.000000
92.181453 3601.000000
92.192319 3678.000000
92.203185 3503.000000
92.214052 3502.000000
92.224918 3557.000000
92.235785 3564.000000
92.246651 3670.000000
92.257518 3616.000000
92.268384 3510.000000
92.279250 3583.000000
92.290117 3595.000000
92.300983 3591.000000
92.311850 3551.000000
92.322716 3559.000000
92.333583 3540.000000
92.344449 3621.000000
92.355316 3661.000000
92.366182 3617.000000
92.377048 3550.000000
92.387915 3492.000000
92.398781 3636.000000
92.409648 3670.000000
92.420514 3633.000000
92.431381 3570.000000
92.442247 3615.000000
92.453114 3642.000000
92.463980 3593.000000
92.474846 3538.000000
92.485713 3682.000000
92.496579 3568.000000
92.507446 3715.000000
92.518312 3542.000000
92.529179 3586.000000
92.540045 3517.000000
92.550911 3559.000000
92.561778 3738.000000
92.572644 3511.000000
92.583511 3540.000000
92.594377 3643.000000
92.605244 3677.000000
92.616110 3624.000000
92.626977 3575.000000
92.637843 3584.000000
92.648709 3618.000000
92.659576 3617.000000
92.670442 3584.000000
92.681309 3607.000000
92.692175 3544.000000
92.703042 3613.000000
92.713908 3652.000000
92.724775 3749.000000
92.735641 3698.000000
92.746507 3621.000000
92.757374 3721.000000
92.768240 3785.000000
92.779107 3671.000000
92.789973 3802.000000
92.800840 3822.000000
92.811706 3780.000000
92.822572 3859.000000
92.833439 3699.000000
92.844305 3746.000000
92.855172 3674.000000
92.866038 3734.000000
92.876905 3792.000000
92.887771 3919.000000
92.898638 3857.000000
92.909504 3828.000000
92.920370 3810.000000
92.931237 3665.000000
92.942103 3668.000000
92.952970 3793.000000
92.963836 3721.000000
92.974703 3788.000000
92.985569 3705.000000
92.996436 3681.000000
93.007302 3672.000000
93.018168 3591.000000
93.029035 3587.000000
93.039901 3494.000000
93.050768 3705.000000
93.061634 3717.000000
93.072501 3580.000000
93.083367 3818.000000
93.094233 3723.000000
93.105100 3700.000000
93.115966 3626.000000
93.126833 3769.000000
93.137699 3721.000000
93.148566 3753.000000
93.159432 3723.000000
93.170299 3824.000000
93.181165 3696.000000
93.192031 3669.000000
93.202898 3674.000000
93.213764 3670.000000
93.224631 3711.000000
93.235497 3713.000000
93.246364 3596.000000
93.257230 3523.000000
93.268096 3617.000000
93.278963 3631.000000
93.289829 3725.000000
93.300696 3696.000000
93.311562 3557.000000
93.322429 3598.000000
93.333295 3626.000000
93.344162 3470.000000
93.355028 3555.000000
93.365894 3686.000000
93.376761 3593.000000
93.387627 3551.000000
93.398494 3653.000000
93.409360 3588.000000
93.420227 3498.000000
93.431093 3553.000000
93.441960 3551.000000
93.452826 3606.000000
93.463692 3628.000000
93.474559 3482.000000
93.485425 3574.000000
93.496292 3562.000000
93.507158 3704.000000
93.518025 3684.000000
93.528891 3627.000000
93.539758 3512.000000
93.550624 3567.000000
93.561490 3557.000000
93.572357 3508.000000
93.583223 3547.000000
93.594090 3584.000000
93.604956 3584.000000
93.615823 3529.000000
93.626689 3673.000000
93.637555 3733.000000
93.648422 3639.000000
93.659288 3567.000000
93.670155 3545.000000
93.681021 3536.000000
93.691888 3591.000000
93.702754 3597.000000
93.713621 3495.000000
93.724487 3523.000000
93.735353 3527.000000
93.746220 3643.000000
93.757086 3622.000000
93.767953 3632.000000
93.778819 3610.000000
93.789686 3448.000000
93.800552 3560.000000
93.811419 3601.000000
93.822285 3472.000000
93.833151 3433.000000
93.844018 3616.000000
93.854884 3649.000000
93.865751 3654.000000
93.876617 3637.000000
93.887484 3573.000000
93.898350 3537.000000
93.909216 3630.000000
93.920083 3572.000000
93.930949 3647.000000
93.941816 3519.000000
93.952682 3660.000000
93.963549 3589.000000
93.974415 3598.000000
93.985282 3616.000000
93.996148 3655.000000
94.007014 3556.000000
94.017881 3576.000000
94.028747 3547.000000
94.039614 3534.000000
94.050480 3696.000000
94.061347 3624.000000
94.072213 3526.000000
94.083079 3606.000000
94.093946 3536.000000
94.104812 3502.000000
94.115679 3634.000000
94.126545 3552.000000
94.137412 3647.000000
94.148278 3661.000000
94.159145 3602.000000
94.170011 3670.000000
94.180877 3612.000000
94.191744 3625.000000
94.202610 3533.000000
94.213477 3694.000000
94.224343 3700.000000
94.235210 3602.000000
94.246076 3653.000000
94.256943 3545.000000
94.267809 3722.000000
94.278675 3640.000000
94.289542 3682.000000
94.300408 3516.000000
94.311275 3732.000000
94.322141 3524.000000
94.333008 3583.000000
94.343874 3559.000000
94.354741 3643.000000
94.365607 3630.000000
94.376473 3580.000000
94.387340 3706.000000
94.398206 3630.000000
94.409073 3489.000000
94.419939 3637.000000
94.430806 3648.000000
94.441672 3594.000000
94.452538 3599.000000
94.463405 3655.000000
94.474271 3563.000000
94.485138 3616.000000
94.496004 3586.000000
94.506871 3591.000000
94.517737 3663.000000
94.528604 3604.000000
94.539470 3626.000000
94.550336 3561.000000
94.561203 3813.000000
94.572069 3679.000000
94.582936 3682.000000
94.593802 3692.000000
94.604669 3743.000000
94.615535 3643.000000
94.626402 3719.000000
94.637268 3637.000000
94.648134 3756.000000
94.659001 3803.000000
94.669867 3672.000000
94.680734 3657.000000
94.691600 3731.000000
94.702467 3668.000000
94.713333 3640.000000
94.724199 3731.000000
94.735066 3808.000000
94.745932 3578.000000
94.756799 3843.000000
94.767665 3792.000000
94.778532 3762.000000
94.789398 4014.000000
94.800265 3749.000000
94.811131 3738.000000
94.821997 3904.000000
94.832864 3881.000000
94.843730 3799.000000
94.854597 3915.000000
94.865463 3972.000000
94.876330 3770.000000
94.887196 4031.000000
94.898063 3853.000000
94.908929 3933.000000
94.919795 3933.000000
94.930662 4055.000000
94.941528 4044.000000
94.952395 4126.000000
94.963261 4083.000000
94.974128 4151.000000
94.984994 4220.000000
94.995860 4175.000000
95.006727 4430.000000
95.017593 4361.000000
95.028460 4300.000000
95.039326 4482.000000
95.050193 4603.000000
95.061059 4597.000000
95.071926 4603.000000
95.082792 4783.000000
95.093658 4696.000000
95.104525 4737.000000
95.115391 4877.000000
95.126258 4696.000000
95.137124 4822.000000
95.147991 4857.000000
95.158857 4730.000000
95.169724 4622.000000
95.180590 4644.000000
95.191456 4665.000000
95.202323 4701.000000
95.213189 4632.000000
95.224056 4580.000000
95.234922 4630.000000
95.245789 4516.000000
95.256655 4546.000000
95.267521 4657.000000
95.278388 4629.000000
95.289254 4619.000000
95.300121 4694.000000
95.310987 4778.000000
95.321854 4886.000000
95.332720 4963.000000
95.343587 5020.000000
95.354453 4990.000000
95.365319 5037.000000
95.376186 5043.000000
95.387052 4966.000000
95.397919 4971.000000
95.408785 4986.000000
95.419652 5012.000000
95.430518 4893.000000
95.441384 4850.000000
95.452251 4723.000000
95.463117 4693.000000
95.473984 4524.000000
95.484850 4601.000000
95.495717 4536.000000
95.506583 4390.000000
95.517450 4348.000000
95.528316 4466.000000
95.539182 4315.000000
95.550049 4435.000000
95.560915 4276.000000
95.571782 4206.000000
95.582648 4192.000000
95.593515 4343.000000
95.604381 4231.000000
95.615248 4202.000000
95.626114 4483.000000
95.636980 4188.000000
95.647847 4330.000000
95.658713 4361.000000
95.669580 4297.000000
95.680446 4260.000000
95.691313 4337.000000
95.702179 4303.000000
95.713046 4196.000000
95.723912 4141.000000
95.734778 4204.000000
95.745645 4211.000000
95.756511 4069.000000
95.767378 4007.000000
95.778244 4108.000000
95.789111 3993.000000
95.799977 4001.000000
95.810843 3955.000000
95.821710 4041.000000
95.832576 3916.000000
95.843443 3870.000000
95.854309 3872.000000
95.865176 3827.000000
95.876042 3904.000000
95.886909 3850.000000
95.897775 3835.000000
95.908641 3953.000000
95.919508 3806.000000
95.930374 3920.000000
95.941241 3852.000000
95.952107 3803.000000
95.962974 3773.000000
95.973840 3766.000000
95.984707 3771.000000
95.995573 3855.000000
96.006439 3799.000000
96.017306 3865.000000
96.028172 3775.000000
96.039039 3771.000000
96.049905 3696.000000
96.060772 3684.000000
96.071638 3697.000000
96.082504 3801.000000
96.093371 3824.000000
96.104237 3696.000000
96.115104 3773.000000
96.125970 3701.000000
96.136837 3889.000000
96.147703 3814.000000
96.158570 3765.000000
96.169436 3748.000000
96.180302 3763.000000
96.191169 3668.000000
96.202035 3687.000000
96.212902 3700.000000
96.223768 3703.000000
96.234635 3706.000000
96.245501 3714.000000
96.256368 3733.000000
96.267234 3713.000000
96.278100 3809.000000
96.288967 3569.000000
96.299833 3692.000000
96.310700 3669.000000
96.321566 3673.000000
96.332433 3621.000000
96.343299 3676.000000
96.354165 3749.000000
96.365032 3619.000000
96.375898 3632.000000
96.386765 3696.000000
96.397631 3697.000000
96.408498 3657.000000
96.419364 3708.000000
96.430231 3729.000000
96.441097 3724.000000
96.451963 3634.000000
96.462830 3698.000000
96.473696 3681.000000
96.484563 3716.000000
96.495429 3743.000000
96.506296 3778.000000
96.517162 3637.000000
96.528029 3688.000000
96.538895 3696.000000
96.549761 3716.000000
96.560628 3689.000000
96.571494 3696.000000
96.582361 3644.000000
96.593227 3791.000000
96.604094 3716.000000
96.614960 3617.000000
96.625826 3711.000000
96.636693 3614.000000
96.647559 3602.000000
96.658426 3657.000000
96.669292 3742.000000
96.680159 3742.000000
96.691025 3639.000000
96.701892 3685.000000
96.712758 3690.000000
96.723624 3850.000000
96.734491 3670.000000
96.745357 3687.000000
96.756224 3731.000000
96.767090 3773.000000
96.777957 3739.000000
96.788823 3646.000000
96.799689 3661.000000
96.810556 3627.000000
96.821422 3717.000000
96.832289 3684.000000
96.843155 3669.000000
96.854022 3771.000000
96.864888 3797.000000
96.875755 3730.000000
96.886621 3728.000000
96.897487 3744.000000
96.908354 3709.000000
96.919220 3653.000000
96.930087 3621.000000
96.940953 3702.000000
96.951820 3561.000000
96.962686 3688.000000
96.973553 3717.000000
96.984419 3700.000000
96.995285 3692.000000
97.006152 3607.000000
97.017018 3756.000000
97.027885 3649.000000
97.038751 3696.000000
97.049618 3667.000000
97.060484 3753.000000
97.071351 3648.000000
97.082217 3698.000000
97.093083 3673.000000
97.103950 3688.000000
97.114816 3804.000000
97.125683 3720.000000
97.136549 3709.000000
97.147416 3708.000000
97.158282 3738.000000
97.169148 3686.000000
97.180015 3717.000000
97.190881 3676.000000
97.201748 3636.000000
97.212614 3722.000000
97.223481 3674.000000
97.234347 3527.000000
97.245214 3691.000000
97.256080 3659.000000
97.266946 3757.000000
97.277813 3738.000000
97.288679 3770.000000
97.299546 3580.000000
97.310412 3616.000000
97.321279 3658.000000
97.332145 3693.000000
97.343012 3654.000000
97.353878 3592.000000
97.364744 3614.000000
97.375611 3583.000000
97.386477 3767.000000
97.397344 3649.000000
97.408210 3534.000000
97.419077 3621.000000
97.429943 3609.000000
97.440809 3754.000000
97.451676 3759.000000
97.462542 3596.000000
97.473409 3579.000000
97.484275 3667.000000
97.495142 3534.000000
97.506008 3777.000000
97.516875 3630.000000
97.527741 3559.000000
97.538607 3625.000000
97.549474 3613.000000
97.560340 3614.000000
97.571207 3590.000000
97.582073 3549.000000
97.592940 3623.000000
97.603806 3576.000000
97.614672 3599.000000
97.625539 3722.000000
97.636405 3624.000000
97.647272 3574.000000
97.658138 3622.000000
97.669005 3623.000000
97.679871 3623.000000
97.690738 3565.000000
97.701604 3647.000000
97.712470 3535.000000
97.723337 3573.000000
97.734203 3690.000000
97.745070 3577.000000
97.755936 3530.000000
97.766803 3681.000000
97.777669 3608.000000
97.788536 3667.000000
97.799402 3552.000000
97.810268 3681.000000
97.821135 3585.000000
97.832001 3662.000000
97.842868 3619.000000
97.853734 3630.000000
97.864601 3591.000000
97.875467 3632.000000
97.886334 3642.000000
97.897200 3592.000000
97.908066 3559.000000
97.918933 3472.000000
97.929799 3645.000000
97.940666 3660.000000
97.951532 3540.000000
97.962399 3677.000000
97.973265 3579.000000
97.984131 3627.000000
97.994998 3674.000000
98.005864 3647.000000
98.016731 3518.000000
98.027597 3643.000000
98.038464 3601.000000
98.049330 3548.000000
98.060197 3691.000000
98.071063 3487.000000
98.081929 3549.000000
98.092796 3468.000000
98.103662 3584.000000
98.114529 3569.000000
98.125395 3512.000000
98.136262 3664.000000
98.147128 3654.000000
98.157995 3625.000000
98.168861 3598.000000
98.179727 3576.000000
98.190594 3635.000000
98.201460 3565.000000
98.212327 3569.000000
98.223193 3707.000000
98.234060 3657.000000
98.244926 3645.000000
98.255792 3598.000000
98.266659 3612.000000
98.277525 3630.000000
98.288392 3711.000000
98.299258 3636.000000
98.310125 3662.000000
98.320991 3572.000000
98.331858 3653.000000
98.342724 3728.000000
98.353590 3628.000000
98.364457 3604.000000
98.375323 3581.000000
98.386190 3583.000000
98.397056 3595.000000
98.407923 3640.000000
98.418789 3570.000000
98.429656 3657.000000
98.440522 3605.000000
98.451388 3601.000000
98.462255 3598.000000
98.473121 3706.000000
98.483988 3617.000000
98.494854 3671.000000
98.505721 3633.000000
98.516587 3676.000000
98.527453 3854.000000
98.538320 3654.000000
98.549186 3749.000000
98.560053 3645.000000
98.570919 3808.000000
98.581786 3800.000000
98.592652 3816.000000
98.603519 3795.000000
98.614385 3912.000000
98.625251 3966.000000
98.636118 3907.000000
98.646984 3891.000000
98.657851 3946.000000
98.668717 3905.000000
98.679584 4007.000000
98.690450 3991.000000
98.701317 3798.000000
98.712183 4070.000000
98.723049 3888.000000
98.733916 3981.000000
98.744782 4012.000000
98.755649 3806.000000
98.766515 3751.000000
98.777382 3792.000000
98.788248 3887.000000
98.799114 3700.000000
98.809981 3683.000000
98.820847 3692.000000
98.831714 3774.000000
98.842580 3688.000000
98.853447 3778.000000
98.864313 3683.000000
98.875180 3716.000000
98.886046 3702.000000
98.896912 3718.000000
98.907779 3724.000000
98.918645 3742.000000
98.929512 3797.000000
98.940378 3608.000000
98.951245 3747.000000
98.962111 3801.000000
98.972977 3780.000000
98.983844 3731.000000
98.994710 3830.000000
99.005577 3696.000000
99.016443 3722.000000
99.027310 3834.000000
99.038176 3902.000000
99.049043 3719.000000
99.059909 3759.000000
99.070775 3804.000000
99.081642 3772.000000
99.092508 3641.000000
99.103375 3703.000000
99.114241 3619.000000
99.125108 3514.000000
99.135974 3654.000000
99.146841 3647.000000
99.157707 3684.000000
99.168573 3719.000000
99.179440 3685.000000
99.190306 3656.000000
99.201173 3592.000000
99.212039 3712.000000
99.222906 3699.000000
99.233772 3601.000000
99.244639 3529.000000
99.255505 3624.000000
99.266371 3542.000000
99.277238 3621.000000
99.288104 3669.000000
99.298971 3555.000000
99.309837 3599.000000
99.320704 3575.000000
99.331570 3645.000000
99.342436 3543.000000
99.353303 3565.000000
99.364169 3543.000000
99.375036 3572.000000
99.385902 3635.000000
99.396769 3458.000000
99.407635 3675.000000
99.418502 3649.000000
99.429368 3629.000000
99.440234 3690.000000
99.451101 3679.000000
99.461967 3600.000000
99.472834 3578.000000
99.483700 3602.000000
99.494567 3769.000000
99.505433 3586.000000
99.516300 3615.000000
99.527166 3654.000000
99.538032 3644.000000
99.548899 3563.000000
99.559765 3649.000000
99.570632 3599.000000
99.581498 3648.000000
99.592365 3521.000000
99.603231 3655.000000
99.614097 3615.000000
99.624964 3656.000000
99.635830 3570.000000
99.646697 3646.000000
99.657563 3498.000000
99.668430 3671.000000
99.679296 3541.000000
99.690163 3631.000000
99.701029 3644.000000
99.711895 3630.000000
99.722762 3600.000000
99.733628 3579.000000
99.744495 3778.000000
99.755361 3563.000000
99.766228 3562.000000
99.777094 3622.000000
99.787960 3649.000000
99.798827 3603.000000
99.809693 3533.000000
99.820560 3558.000000
99.831426 3497.000000
99.842293 3567.000000
99.853159 3443.000000
99.864026 3445.000000
99.874892 3544.000000
99.885758 3585.000000
99.896625 3663.000000
99.907491 3598.000000
99.918358 3703.000000
99.929224 3591.000000
99.940091 3483.000000
99.950957 3601.000000
99.961824 3597.000000
99.972690 3719.000000
99.983556 3564.000000
99.994423 3542.000000
