7.06800	3156.00000
7.07300	3145.00000
7.07800	3124.00000
7.08300	3141.00000
7.08800	3082.00000
7.09300	3006.00000
7.09800	2959.00000
7.10300	2992.00000
7.10800	3053.00000
7.11300	3102.00000
7.11800	3073.00000
7.12300	3075.00000
7.12800	3076.00000
7.13300	2999.00000
7.13800	2984.00000
7.14300	3041.00000
7.14800	3046.00000
7.15300	3052.00000
7.15800	3098.00000
7.16300	3141.00000
7.16800	3072.00000
7.17300	3037.00000
7.17800	3112.00000
7.18300	3117.00000
7.18800	3064.00000
7.19300	3051.00000
7.19800	3040.00000
7.20300	3017.00000
7.20800	3075.00000
7.21300	3096.00000
7.21800	3054.00000
7.22300	3035.00000
7.22800	3010.00000
7.23300	3011.00000
7.23800	3095.00000
7.24300	3167.00000
7.24800	3187.00000
7.25300	3202.00000
7.25800	3185.00000
7.26300	3172.00000
7.26800	3083.00000
7.27300	3017.00000
7.27800	3050.00000
7.28300	3064.00000
7.28800	3118.00000
7.29300	3108.00000
7.29800	3065.00000
7.30300	2985.00000
7.30800	2917.00000
7.31300	2910.00000
7.31800	2910.00000
7.32300	2962.00000
7.32800	2984.00000
7.33300	3022.00000
7.33800	3120.00000
7.34300	3131.00000
7.34800	3128.00000
7.35300	3107.00000
7.35800	3060.00000
7.36300	3036.00000
7.36800	3006.00000
7.37300	3003.00000
7.37800	3079.00000
7.38300	3166.00000
7.38800	3156.00000
7.39300	3105.00000
7.39800	3095.00000
7.40300	3062.00000
7.40800	3048.00000
7.41300	3001.00000
7.41800	3046.00000
7.42300	3049.00000
7.42800	3095.00000
7.43300	3081.00000
7.43800	3053.00000
7.44300	3051.00000
7.44800	2954.00000
7.45300	2948.00000
7.45800	2976.00000
7.46300	3000.00000
7.46800	2979.00000
7.47300	2947.00000
7.47800	2985.00000
7.48300	3008.00000
7.48800	3072.00000
7.49300	3043.00000
7.49800	3077.00000
7.50300	3103.00000
7.50800	3007.00000
7.51300	2996.00000
7.51800	2997.00000
7.52300	3008.00000
7.52800	3013.00000
7.53300	3076.00000
7.53800	3079.00000
7.54300	3120.00000
7.54800	3102.00000
7.55300	3105.00000
7.55800	3092.00000
7.56300	3123.00000
7.56800	3083.00000
7.57300	3086.00000
7.57800	3053.00000
7.58300	3093.00000
7.58800	3116.00000
7.59300	3153.00000
7.59800	3004.00000
7.60300	2993.00000
7.60800	2995.00000
7.61300	3076.00000
7.61800	3088.00000
7.62300	3077.00000
7.62800	3076.00000
7.63300	3074.00000
7.63800	3144.00000
7.64300	3131.00000
7.64800	3181.00000
7.65300	3167.00000
7.65800	3057.00000
7.66300	2940.00000
7.66800	2979.00000
7.67300	2989.00000
7.67800	3054.00000
7.68300	3115.00000
7.68800	3058.00000
7.69300	3006.00000
7.69800	3017.00000
7.70300	2985.00000
7.70800	3041.00000
7.71300	3034.00000
7.71800	3036.00000
7.72300	3081.00000
7.72800	3137.00000
7.73300	3166.00000
7.73800	3191.00000
7.74300	3236.00000
7.74800	3179.00000
7.75300	3190.00000
7.75800	3102.00000
7.76300	3046.00000
7.76800	2999.00000
7.77300	2862.00000
7.77800	2897.00000
7.78300	2901.00000
7.78800	2941.00000
7.79300	3020.00000
7.79800	3108.00000
7.80300	3028.00000
7.80800	3121.00000
7.81300	3216.00000
7.81800	3148.00000
7.82300	3095.00000
7.82800	3068.00000
7.83300	3073.00000
7.83800	3107.00000
7.84300	3073.00000
7.84800	3040.00000
7.85300	3018.00000
7.85800	3032.00000
7.86300	3028.00000
7.86800	3047.00000
7.87300	3114.00000
7.87800	3114.00000
7.88300	3049.00000
7.88800	3019.00000
7.89300	3071.00000
7.89800	3132.00000
7.90300	3121.00000
7.90800	3156.00000
7.91300	3112.00000
7.91800	3061.00000
7.92300	3047.00000
7.92800	3034.00000
7.93300	2951.00000
7.93800	2940.00000
7.94300	2925.00000
7.94800	2991.00000
7.95300	3007.00000
7.95800	3086.00000
7.96300	3106.00000
7.96800	3142.00000
7.97300	3139.00000
7.97800	3175.00000
7.98300	3151.00000
7.98800	3133.00000
7.99300	3033.00000
7.99800	2972.00000
8.00300	2959.00000
8.00800	2992.00000
8.01300	3036.00000
8.01800	3032.00000
8.02300	3072.00000
8.02800	3070.00000
8.03300	3011.00000
8.03800	3055.00000
8.04300	3115.00000
8.04800	3160.00000
8.05300	3055.00000
8.05800	3057.00000
8.06300	3012.00000
8.06800	3012.00000
8.07300	3001.00000
8.07800	3058.00000
8.08300	3125.00000
8.08800	3095.00000
8.09300	3093.00000
8.09800	3064.00000
8.10300	2984.00000
8.10800	3081.00000
8.11300	3064.00000
8.11800	3085.00000
8.12300	3053.00000
8.12800	2998.00000
8.13300	3015.00000
8.13800	3057.00000
8.14300	3019.00000
8.14800	2961.00000
8.15300	2933.00000
8.15800	3033.00000
8.16300	3062.00000
8.16800	3007.00000
8.17300	2992.00000
8.17800	3016.00000
8.18300	3099.00000
8.18800	3136.00000
8.19300	3096.00000
8.19800	3136.00000
8.20300	3147.00000
8.20800	3135.00000
8.21300	3104.00000
8.21800	3102.00000
8.22300	3091.00000
8.22800	3076.00000
8.23300	3062.00000
8.23800	3061.00000
8.24300	3041.00000
8.24800	3060.00000
8.25300	3062.00000
8.25800	3120.00000
8.26300	3155.00000
8.26800	3097.00000
8.27300	3087.00000
8.27800	3065.00000
8.28300	3069.00000
8.28800	3110.00000
8.29300	3096.00000
8.29800	2991.00000
8.30300	2943.00000
8.30800	2944.00000
8.31300	2947.00000
8.31800	2946.00000
8.32300	2989.00000
8.32800	3012.00000
8.33300	3063.00000
8.33800	3130.00000
8.34300	3121.00000
8.34800	3193.00000
8.35300	3186.00000
8.35800	3145.00000
8.36300	3083.00000
8.36800	3126.00000
8.37300	3141.00000
8.37800	3157.00000
8.38300	3212.00000
8.38800	3191.00000
8.39300	3144.00000
8.39800	3070.00000
8.40300	3062.00000
8.40800	3050.00000
8.41300	3096.00000
8.41800	3079.00000
8.42300	3047.00000
8.42800	3094.00000
8.43300	3065.00000
8.43800	2973.00000
8.44300	2965.00000
8.44800	3002.00000
8.45300	2996.00000
8.45800	3035.00000
8.46300	3078.00000
8.46800	3107.00000
8.47300	3108.00000
8.47800	3116.00000
8.48300	3064.00000
8.48800	3025.00000
8.49300	3056.00000
8.49800	3092.00000
8.50300	3127.00000
8.50800	3141.00000
8.51300	3113.00000
8.51800	3087.00000
8.52300	3152.00000
8.52800	3065.00000
8.53300	2995.00000
8.53800	3056.00000
8.54300	3099.00000
8.54800	3105.00000
8.55300	3081.00000
8.55800	3050.00000
8.56300	3041.00000
8.56800	3083.00000
8.57300	3117.00000
8.57800	3061.00000
8.58300	3125.00000
8.58800	3134.00000
8.59300	3038.00000
8.59800	3017.00000
8.60300	3009.00000
8.60800	3104.00000
8.61300	3174.00000
8.61800	3105.00000
8.62300	3058.00000
8.62800	3097.00000
8.63300	3136.00000
8.63800	3155.00000
8.64300	3191.00000
8.64800	3203.00000
8.65300	3162.00000
8.65800	3168.00000
8.66300	3178.00000
8.66800	3229.00000
8.67300	3207.00000
8.67800	3147.00000
8.68300	3088.00000
8.68800	3097.00000
8.69300	3087.00000
8.69800	3038.00000
8.70300	2983.00000
8.70800	3013.00000
8.71300	3092.00000
8.71800	3117.00000
8.72300	3021.00000
8.72800	3009.00000
8.73300	3011.00000
8.73800	3011.00000
8.74300	3025.00000
8.74800	3025.00000
8.75300	3073.00000
8.75800	3124.00000
8.76300	3160.00000
8.76800	3144.00000
8.77300	3066.00000
8.77800	3051.00000
8.78300	3094.00000
8.78800	3117.00000
8.79300	3108.00000
8.79800	3096.00000
8.80300	3161.00000
8.80800	3206.00000
8.81300	3128.00000
8.81800	3062.00000
8.82300	3051.00000
8.82800	3048.00000
8.83300	3055.00000
8.83800	3033.00000
8.84300	3007.00000
8.84800	3024.00000
8.85300	3085.00000
8.85800	3100.00000
8.86300	3098.00000
8.86800	3073.00000
8.87300	3078.00000
8.87800	3135.00000
8.88300	3137.00000
8.88800	3117.00000
8.89300	3118.00000
8.89800	3154.00000
8.90300	3126.00000
8.90800	3153.00000
8.91300	3192.00000
8.91800	3180.00000
8.92300	3167.00000
8.92800	3197.00000
8.93300	3205.00000
8.93800	3218.00000
8.94300	3270.00000
8.94800	3263.00000
8.95300	3223.00000
8.95800	3234.00000
8.96300	3218.00000
8.96800	3158.00000
8.97300	3150.00000
8.97800	3159.00000
8.98300	3178.00000
8.98800	3149.00000
8.99300	3135.00000
8.99800	3200.00000
9.00300	3211.00000
9.00800	3151.00000
9.01300	3077.00000
9.01800	3054.00000
9.02300	3107.00000
9.02800	3182.00000
9.03300	3190.00000
9.03800	3175.00000
9.04300	3168.00000
9.04800	3157.00000
9.05300	3222.00000
9.05800	3220.00000
9.06300	3186.00000
9.06800	3203.00000
9.07300	3185.00000
9.07800	3185.00000
9.08300	3209.00000
9.08800	3196.00000
9.09300	3204.00000
9.09800	3245.00000
9.10300	3290.00000
9.10800	3296.00000
9.11300	3259.00000
9.11800	3223.00000
9.12300	3184.00000
9.12800	3184.00000
9.13300	3231.00000
9.13800	3224.00000
9.14300	3141.00000
9.14800	3128.00000
9.15300	3179.00000
9.15800	3171.00000
9.16300	3167.00000
9.16800	3214.00000
9.17300	3236.00000
9.17800	3235.00000
9.18300	3198.00000
9.18800	3193.00000
9.19300	3247.00000
9.19800	3286.00000
9.20300	3245.00000
9.20800	3222.00000
9.21300	3273.00000
9.21800	3340.00000
9.22300	3386.00000
9.22800	3428.00000
9.23300	3452.00000
9.23800	3437.00000
9.24300	3365.00000
9.24800	3372.00000
9.25300	3369.00000
9.25800	3404.00000
9.26300	3477.00000
9.26800	3438.00000
9.27300	3388.00000
9.27800	3410.00000
9.28300	3399.00000
9.28800	3418.00000
9.29300	3487.00000
9.29800	3479.00000
9.30300	3496.00000
9.30800	3474.00000
9.31300	3527.00000
9.31800	3597.00000
9.32300	3599.00000
9.32800	3553.00000
9.33300	3592.00000
9.33800	3556.00000
9.34300	3500.00000
9.34800	3509.00000
9.35300	3469.00000
9.35800	3490.00000
9.36300	3488.00000
9.36800	3465.00000
9.37300	3426.00000
9.37800	3337.00000
9.38300	3317.00000
9.38800	3224.00000
9.39300	3176.00000
9.39800	3184.00000
9.40300	3199.00000
9.40800	3141.00000
9.41300	3113.00000
9.41800	3174.00000
9.42300	3168.00000
9.42800	3171.00000
9.43300	3246.00000
9.43800	3250.00000
9.44300	3155.00000
9.44800	3125.00000
9.45300	3077.00000
9.45800	3055.00000
9.46300	3045.00000
9.46800	2959.00000
9.47300	2974.00000
9.47800	2930.00000
9.48300	2936.00000
9.48800	2990.00000
9.49300	3016.00000
9.49800	3030.00000
9.50300	3034.00000
9.50800	3080.00000
9.51300	3035.00000
9.51800	2993.00000
9.52300	3060.00000
9.52800	3003.00000
9.53300	2897.00000
9.53800	2909.00000
9.54300	3019.00000
9.54800	3091.00000
9.55300	3109.00000
9.55800	3010.00000
9.56300	3053.00000
9.56800	3099.00000
9.57300	3085.00000
9.57800	3077.00000
9.58300	3124.00000
9.58800	3076.00000
9.59300	3076.00000
9.59800	3032.00000
9.60300	2981.00000
9.60800	2985.00000
9.61300	2977.00000
9.61800	3053.00000
9.62300	3041.00000
9.62800	3061.00000
9.63300	3078.00000
9.63800	3075.00000
9.64300	3037.00000
9.64800	3019.00000
9.65300	2986.00000
9.65800	3068.00000
9.66300	3098.00000
9.66800	3086.00000
9.67300	3086.00000
9.67800	3088.00000
9.68300	3005.00000
9.68800	2954.00000
9.69300	2977.00000
9.69800	3065.00000
9.70300	3056.00000
9.70800	3032.00000
9.71300	3047.00000
9.71800	3074.00000
9.72300	3073.00000
9.72800	3067.00000
9.73300	3035.00000
9.73800	3042.00000
9.74300	3005.00000
9.74800	3012.00000
9.75300	3038.00000
9.75800	3029.00000
9.76300	3054.00000
9.76800	3039.00000
9.77300	3059.00000
9.77800	3155.00000
9.78300	3106.00000
9.78800	3067.00000
9.79300	3016.00000
9.79800	2963.00000
9.80300	2977.00000
9.80800	2979.00000
9.81300	3004.00000
9.81800	3049.00000
9.82300	2983.00000
9.82800	2977.00000
9.83300	3001.00000
9.83800	3021.00000
9.84300	2994.00000
9.84800	3022.00000
9.85300	3000.00000
9.85800	2971.00000
9.86300	2945.00000
9.86800	3012.00000
9.87300	2979.00000
9.87800	2971.00000
9.88300	3014.00000
9.88800	3108.00000
9.89300	2985.00000
9.89800	2946.00000
9.90300	2905.00000
9.90800	2972.00000
9.91300	2966.00000
9.91800	2943.00000
9.92300	3049.00000
9.92800	3009.00000
9.93300	3036.00000
9.93800	3110.00000
9.94300	3097.00000
9.94800	3017.00000
9.95300	3031.00000
9.95800	3054.00000
9.96300	3119.00000
9.96800	3022.00000
9.97300	3042.00000
9.97800	3082.00000
9.98300	3051.00000
9.98800	2924.00000
9.99300	2992.00000
9.99800	3103.00000
10.00300	3165.00000
10.00800	3102.00000
10.01300	3103.00000
10.01800	3129.00000
10.02300	3163.00000
10.02800	3043.00000
10.03300	3000.00000
10.03800	2923.00000
10.04300	2868.00000
10.04800	2932.00000
10.05300	3005.00000
10.05800	3102.00000
10.06300	3145.00000
10.06800	3106.00000
10.07300	3200.00000
10.07800	3215.00000
10.08300	3102.00000
10.08800	3037.00000
10.09300	3027.00000
10.09800	3057.00000
10.10300	3040.00000
10.10800	3063.00000
10.11300	3091.00000
10.11800	3016.00000
10.12300	3044.00000
10.12800	3072.00000
10.13300	3009.00000
10.13800	2978.00000
10.14300	3001.00000
10.14800	3009.00000
10.15300	2898.00000
10.15800	2970.00000
10.16300	3009.00000
10.16800	3013.00000
10.17300	2967.00000
10.17800	2962.00000
10.18300	2948.00000
10.18800	3004.00000
10.19300	3053.00000
10.19800	3081.00000
10.20300	3104.00000
10.20800	3083.00000
10.21300	3065.00000
10.21800	3062.00000
10.22300	3028.00000
10.22800	2968.00000
10.23300	3018.00000
10.23800	3062.00000
10.24300	3105.00000
10.24800	3117.00000
10.25300	3076.00000
10.25800	3091.00000
10.26300	3018.00000
10.26800	2977.00000
10.27300	2951.00000
10.27800	2992.00000
10.28300	3003.00000
10.28800	3036.00000
10.29300	3037.00000
10.29800	3004.00000
10.30300	2952.00000
10.30800	2931.00000
10.31300	2959.00000
10.31800	2958.00000
10.32300	2958.00000
10.32800	3070.00000
10.33300	3080.00000
10.33800	3020.00000
10.34300	2951.00000
10.34800	2933.00000
10.35300	2987.00000
10.35800	3011.00000
10.36300	3007.00000
10.36800	2962.00000
10.37300	3002.00000
10.37800	3003.00000
10.38300	3043.00000
10.38800	3025.00000
10.39300	3055.00000
10.39800	3100.00000
10.40300	3041.00000
10.40800	2959.00000
10.41300	2936.00000
10.41800	2979.00000
10.42300	3012.00000
10.42800	2989.00000
10.43300	3014.00000
10.43800	3038.00000
10.44300	3063.00000
10.44800	3039.00000
10.45300	2971.00000
10.45800	2958.00000
10.46300	3010.00000
10.46800	3037.00000
10.47300	3029.00000
10.47800	2959.00000
10.48300	2905.00000
10.48800	2865.00000
10.49300	2894.00000
10.49800	2945.00000
10.50300	2967.00000
10.50800	2963.00000
10.51300	2971.00000
10.51800	2954.00000
10.52300	3000.00000
10.52800	3048.00000
10.53300	3058.00000
10.53800	3045.00000
10.54300	2994.00000
10.54800	2998.00000
10.55300	2967.00000
10.55800	2918.00000
10.56300	2899.00000
10.56800	2895.00000
10.57300	2910.00000
10.57800	3000.00000
10.58300	3029.00000
10.58800	2955.00000
10.59300	2920.00000
10.59800	2927.00000
10.60300	2917.00000
10.60800	2903.00000
10.61300	2940.00000
10.61800	2993.00000
10.62300	2993.00000
10.62800	2980.00000
10.63300	3025.00000
10.63800	3023.00000
10.64300	2975.00000
10.64800	2967.00000
10.65300	3000.00000
10.65800	3034.00000
10.66300	3020.00000
10.66800	2973.00000
10.67300	2984.00000
10.67800	3003.00000
10.68300	2927.00000
10.68800	2904.00000
10.69300	2950.00000
10.69800	2933.00000
10.70300	2883.00000
10.70800	2831.00000
10.71300	2850.00000
10.71800	2915.00000
10.72300	2962.00000
10.72800	2986.00000
10.73300	3020.00000
10.73800	3056.00000
10.74300	3002.00000
10.74800	2954.00000
10.75300	2971.00000
10.75800	2996.00000
10.76300	3065.00000
10.76800	3064.00000
10.77300	3032.00000
10.77800	2975.00000
10.78300	2891.00000
10.78800	2837.00000
10.79300	2860.00000
10.79800	2873.00000
10.80300	2882.00000
10.80800	2972.00000
10.81300	2973.00000
10.81800	2925.00000
10.82300	2972.00000
10.82800	3032.00000
10.83300	3072.00000
10.83800	3005.00000
10.84300	2982.00000
10.84800	2963.00000
10.85300	2880.00000
10.85800	2871.00000
10.86300	2886.00000
10.86800	2914.00000
10.87300	2931.00000
10.87800	2906.00000
10.88300	2891.00000
10.88800	2956.00000
10.89300	2960.00000
10.89800	2948.00000
10.90300	2880.00000
10.90800	2951.00000
10.91300	3027.00000
10.91800	2995.00000
10.92300	2944.00000
10.92800	2954.00000
10.93300	2916.00000
10.93800	2901.00000
10.94300	2919.00000
10.94800	2973.00000
10.95300	3010.00000
10.95800	2935.00000
10.96300	2956.00000
10.96800	2984.00000
10.97300	2931.00000
10.97800	2827.00000
10.98300	2824.00000
10.98800	2888.00000
10.99300	2943.00000
10.99800	3025.00000
11.00300	3082.00000
11.00800	3041.00000
11.01300	3071.00000
11.01800	3013.00000
11.02300	3016.00000
11.02800	3058.00000
11.03300	3082.00000
11.03800	3083.00000
11.04300	3127.00000
11.04800	3038.00000
11.05300	2983.00000
11.05800	3042.00000
11.06300	3020.00000
11.06800	3010.00000
11.07300	2958.00000
11.07800	2965.00000
11.08300	3000.00000
11.08800	3047.00000
11.09300	3027.00000
11.09800	2951.00000
11.10300	2933.00000
11.10800	3003.00000
11.11300	3006.00000
11.11800	3042.00000
11.12300	3001.00000
11.12800	2985.00000
11.13300	2905.00000
11.13800	2949.00000
11.14300	2965.00000
11.14800	2896.00000
11.15300	2871.00000
11.15800	2915.00000
11.16300	2963.00000
11.16800	2977.00000
11.17300	2970.00000
11.17800	2891.00000
11.18300	2918.00000
11.18800	2915.00000
11.19300	3015.00000
11.19800	2939.00000
11.20300	2953.00000
11.20800	3000.00000
11.21300	3067.00000
11.21800	3013.00000
11.22300	3050.00000
11.22800	3062.00000
11.23300	2993.00000
11.23800	2936.00000
11.24300	2961.00000
11.24800	2974.00000
11.25300	3009.00000
11.25800	3080.00000
11.26300	3056.00000
11.26800	2962.00000
11.27300	2883.00000
11.27800	2885.00000
11.28300	2981.00000
11.28800	2987.00000
11.29300	2946.00000
11.29800	2910.00000
11.30300	2911.00000
11.30800	2900.00000
11.31300	2898.00000
11.31800	2977.00000
11.32300	2944.00000
11.32800	2921.00000
11.33300	2941.00000
11.33800	2938.00000
11.34300	2935.00000
11.34800	2935.00000
11.35300	3033.00000
11.35800	3072.00000
11.36300	2928.00000
11.36800	2842.00000
11.37300	2922.00000
11.37800	2938.00000
11.38300	2920.00000
11.38800	2954.00000
11.39300	2965.00000
11.39800	2928.00000
11.40300	2944.00000
11.40800	2961.00000
11.41300	2987.00000
11.41800	2965.00000
11.42300	2964.00000
11.42800	2973.00000
11.43300	2952.00000
11.43800	2963.00000
11.44300	2982.00000
11.44800	2920.00000
11.45300	2950.00000
11.45800	2997.00000
11.46300	2957.00000
11.46800	2944.00000
11.47300	2918.00000
11.47800	2909.00000
11.48300	2916.00000
11.48800	2932.00000
11.49300	2926.00000
11.49800	2997.00000
11.50300	3023.00000
11.50800	2981.00000
11.51300	2942.00000
11.51800	2931.00000
11.52300	2956.00000
11.52800	2936.00000
11.53300	2996.00000
11.53800	3070.00000
11.54300	3059.00000
11.54800	2990.00000
11.55300	2919.00000
11.55800	2885.00000
11.56300	2861.00000
11.56800	2874.00000
11.57300	2909.00000
11.57800	2985.00000
11.58300	2899.00000
11.58800	2903.00000
11.59300	3000.00000
11.59800	2957.00000
11.60300	2943.00000
11.60800	3009.00000
11.61300	3045.00000
11.61800	3035.00000
11.62300	3021.00000
11.62800	2936.00000
11.63300	2868.00000
11.63800	2907.00000
11.64300	2894.00000
11.64800	2878.00000
11.65300	2820.00000
11.65800	2827.00000
11.66300	2849.00000
11.66800	2783.00000
11.67300	2771.00000
11.67800	2834.00000
11.68300	2852.00000
11.68800	2860.00000
11.69300	2868.00000
11.69800	2895.00000
11.70300	2907.00000
11.70800	2960.00000
11.71300	2985.00000
11.71800	2948.00000
11.72300	2953.00000
11.72800	2950.00000
11.73300	2921.00000
11.73800	2902.00000
11.74300	2864.00000
11.74800	2838.00000
11.75300	2844.00000
11.75800	2832.00000
11.76300	2803.00000
11.76800	2809.00000
11.77300	2878.00000
11.77800	2946.00000
11.78300	2988.00000
11.78800	2994.00000
11.79300	2912.00000
11.79800	2898.00000
11.80300	2879.00000
11.80800	2815.00000
11.81300	2860.00000
11.81800	2914.00000
11.82300	2900.00000
11.82800	2896.00000
11.83300	2922.00000
11.83800	2948.00000
11.84300	2971.00000
11.84800	2945.00000
11.85300	2940.00000
11.85800	2932.00000
11.86300	2925.00000
11.86800	2927.00000
11.87300	2895.00000
11.87800	2861.00000
11.88300	2849.00000
11.88800	2855.00000
11.89300	2871.00000
11.89800	2901.00000
11.90300	2965.00000
11.90800	2997.00000
11.91300	2965.00000
11.91800	2930.00000
11.92300	2937.00000
11.92800	3004.00000
11.93300	2980.00000
11.93800	2921.00000
11.94300	2908.00000
11.94800	2898.00000
11.95300	2905.00000
11.95800	2868.00000
11.96300	2801.00000
11.96800	2814.00000
11.97300	2858.00000
11.97800	2884.00000
11.98300	2928.00000
11.98800	2949.00000
11.99300	2953.00000
11.99800	2913.00000
12.00300	2905.00000
12.00800	2956.00000
12.01300	2934.00000
12.01800	2962.00000
12.02300	2988.00000
12.02800	2939.00000
12.03300	2953.00000
12.03800	2960.00000
12.04300	2914.00000
12.04800	2851.00000
12.05300	2844.00000
12.05800	2896.00000
12.06300	2919.00000
12.06800	2963.00000
12.07300	3017.00000
12.07800	3013.00000
12.08300	3011.00000
12.08800	2990.00000
12.09300	3003.00000
12.09800	2997.00000
12.10300	2993.00000
12.10800	2960.00000
12.11300	2874.00000
12.11800	2864.00000
12.12300	2838.00000
12.12800	2758.00000
12.13300	2755.00000
12.13800	2820.00000
12.14300	2872.00000
12.14800	2838.00000
12.15300	2799.00000
12.15800	2855.00000
12.16300	2892.00000
12.16800	2953.00000
12.17300	2933.00000
12.17800	2854.00000
12.18300	2802.00000
12.18800	2795.00000
12.19300	2772.00000
12.19800	2804.00000
12.20300	2911.00000
12.20800	3003.00000
12.21300	3008.00000
12.21800	2998.00000
12.22300	2972.00000
12.22800	2962.00000
12.23300	2976.00000
12.23800	2976.00000
12.24300	2944.00000
12.24800	2897.00000
12.25300	2950.00000
12.25800	2908.00000
12.26300	2833.00000
12.26800	2839.00000
12.27300	2900.00000
12.27800	2905.00000
12.28300	2942.00000
12.28800	2917.00000
12.29300	2875.00000
12.29800	2923.00000
12.30300	3058.00000
12.30800	3122.00000
12.31300	3109.00000
12.31800	3035.00000
12.32300	2893.00000
12.32800	2880.00000
12.33300	2878.00000
12.33800	2850.00000
12.34300	2851.00000
12.34800	2859.00000
12.35300	2880.00000
12.35800	2905.00000
12.36300	2873.00000
12.36800	2890.00000
12.37300	2925.00000
12.37800	2956.00000
12.38300	2928.00000
12.38800	2895.00000
12.39300	2907.00000
12.39800	2893.00000
12.40300	2900.00000
12.40800	2922.00000
12.41300	2907.00000
12.41800	2929.00000
12.42300	2972.00000
12.42800	3026.00000
12.43300	3038.00000
12.43800	3031.00000
12.44300	3035.00000
12.44800	3042.00000
12.45300	3085.00000
12.45800	3071.00000
12.46300	2987.00000
12.46800	2931.00000
12.47300	2900.00000
12.47800	2904.00000
12.48300	2927.00000
12.48800	2987.00000
12.49300	3030.00000
12.49800	3027.00000
12.50300	3069.00000
12.50800	3137.00000
12.51300	3160.00000
12.51800	3153.00000
12.52300	3160.00000
12.52800	3189.00000
12.53300	3102.00000
12.53800	3060.00000
12.54300	3046.00000
12.54800	3031.00000
12.55300	3005.00000
12.55800	3016.00000
12.56300	3079.00000
12.56800	3107.00000
12.57300	3061.00000
12.57800	3073.00000
12.58300	3084.00000
12.58800	3146.00000
12.59300	3247.00000
12.59800	3201.00000
12.60300	3215.00000
12.60800	3209.00000
12.61300	3237.00000
12.61800	3058.00000
12.62300	3052.00000
12.62800	3094.00000
12.63300	3106.00000
12.63800	3048.00000
12.64300	3044.00000
12.64800	3105.00000
12.65300	3110.00000
12.65800	3083.00000
12.66300	3019.00000
12.66800	2957.00000
12.67300	2935.00000
12.67800	2937.00000
12.68300	2928.00000
12.68800	2926.00000
12.69300	2995.00000
12.69800	2916.00000
12.70300	2907.00000
12.70800	2917.00000
12.71300	2843.00000
12.71800	2821.00000
12.72300	2885.00000
12.72800	2907.00000
12.73300	2896.00000
12.73800	2928.00000
12.74300	2933.00000
12.74800	2932.00000
12.75300	2904.00000
12.75800	2854.00000
12.76300	2893.00000
12.76800	2883.00000
12.77300	2829.00000
12.77800	2832.00000
12.78300	2870.00000
12.78800	2909.00000
12.79300	2859.00000
12.79800	2929.00000
12.80300	2907.00000
12.80800	2972.00000
12.81300	2934.00000
12.81800	2905.00000
12.82300	2862.00000
12.82800	2967.00000
12.83300	2981.00000
12.83800	2942.00000
12.84300	2926.00000
12.84800	2939.00000
12.85300	2776.00000
12.85800	2862.00000
12.86300	2845.00000
12.86800	2831.00000
12.87300	2852.00000
12.87800	2846.00000
12.88300	2842.00000
12.88800	2917.00000
12.89300	2941.00000
12.89800	2915.00000
12.90300	2846.00000
12.90800	2799.00000
12.91300	2907.00000
12.91800	2858.00000
12.92300	2768.00000
12.92800	2713.00000
12.93300	2692.00000
12.93800	2749.00000
12.94300	2747.00000
12.94800	2793.00000
12.95300	2737.00000
12.95800	2713.00000
12.96300	2661.00000
12.96800	2810.00000
12.97300	2868.00000
12.97800	2774.00000
12.98300	2834.00000
12.98800	2785.00000
12.99300	2783.00000
12.99800	2740.00000
13.00300	2788.00000
13.00800	2847.00000
13.01300	2818.00000
13.01800	2866.00000
13.02300	2820.00000
13.02800	2769.00000
13.03300	2783.00000
13.03800	2830.00000
13.04300	2820.00000
13.04800	2814.00000
13.05300	2818.00000
13.05800	2746.00000
13.06300	2777.00000
13.06800	2767.00000
13.07300	2800.00000
13.07800	2768.00000
13.08300	2826.00000
13.08800	2893.00000
13.09300	2939.00000
13.09800	2867.00000
13.10300	2835.00000
13.10800	2816.00000
13.11300	2865.00000
13.11800	2904.00000
13.12300	2903.00000
13.12800	2951.00000
13.13300	3002.00000
13.13800	2840.00000
13.14300	2773.00000
13.14800	2749.00000
13.15300	2746.00000
13.15800	2743.00000
13.16300	2784.00000
13.16800	2845.00000
13.17300	2873.00000
13.17800	2898.00000
13.18300	2837.00000
13.18800	2775.00000
13.19300	2740.00000
13.19800	2768.00000
13.20300	2827.00000
13.20800	2818.00000
13.21300	2827.00000
13.21800	2850.00000
13.22300	2881.00000
13.22800	2935.00000
13.23300	2844.00000
13.23800	2866.00000
13.24300	2834.00000
13.24800	2811.00000
13.25300	2793.00000
13.25800	2777.00000
13.26300	2781.00000
13.26800	2851.00000
13.27300	2798.00000
13.27800	2836.00000
13.28300	2744.00000
13.28800	2749.00000
13.29300	2840.00000
13.29800	2817.00000
13.30300	2759.00000
13.30800	2709.00000
13.31300	2772.00000
13.31800	2840.00000
13.32300	2861.00000
13.32800	2946.00000
13.33300	2901.00000
13.33800	2865.00000
13.34300	2913.00000
13.34800	2877.00000
13.35300	2897.00000
13.35800	2888.00000
13.36300	2816.00000
13.36800	2749.00000
13.37300	2779.00000
13.37800	2799.00000
13.38300	2913.00000
13.38800	2983.00000
13.39300	2973.00000
13.39800	2945.00000
13.40300	2871.00000
13.40800	2780.00000
13.41300	2803.00000
13.41800	2770.00000
13.42300	2803.00000
13.42800	2853.00000
13.43300	2871.00000
13.43800	2821.00000
13.44300	2809.00000
13.44800	2951.00000
13.45300	2925.00000
13.45800	2922.00000
13.46300	2863.00000
13.46800	2887.00000
13.47300	2884.00000
13.47800	2902.00000
13.48300	2933.00000
13.48800	2892.00000
13.49300	2821.00000
13.49800	2853.00000
13.50300	2887.00000
13.50800	2976.00000
13.51300	2901.00000
13.51800	2922.00000
13.52300	2836.00000
13.52800	2784.00000
13.53300	2826.00000
13.53800	2853.00000
13.54300	2928.00000
13.54800	2926.00000
13.55300	2884.00000
13.55800	2822.00000
13.56300	2792.00000
13.56800	2853.00000
13.57300	2914.00000
13.57800	2914.00000
13.58300	2906.00000
13.58800	2853.00000
13.59300	2818.00000
13.59800	2810.00000
13.60300	2838.00000
13.60800	2844.00000
13.61300	2871.00000
13.61800	2908.00000
13.62300	2836.00000
13.62800	2860.00000
13.63300	3012.00000
13.63800	3037.00000
13.64300	3026.00000
13.64800	3041.00000
13.65300	2979.00000
13.65800	2980.00000
13.66300	2958.00000
13.66800	3010.00000
13.67300	2997.00000
13.67800	2980.00000
13.68300	2956.00000
13.68800	3042.00000
13.69300	3092.00000
13.69800	3044.00000
13.70300	3017.00000
13.70800	3026.00000
13.71300	2987.00000
13.71800	3003.00000
13.72300	3006.00000
13.72800	3124.00000
13.73300	3202.00000
13.73800	3170.00000
13.74300	3176.00000
13.74800	3201.00000
13.75300	3206.00000
13.75800	3188.00000
13.76300	3214.00000
13.76800	3197.00000
13.77300	3166.00000
13.77800	3236.00000
13.78300	3312.00000
13.78800	3369.00000
13.79300	3366.00000
13.79800	3373.00000
13.80300	3316.00000
13.80800	3383.00000
13.81300	3374.00000
13.81800	3380.00000
13.82300	3352.00000
13.82800	3234.00000
13.83300	3165.00000
13.83800	3098.00000
13.84300	3094.00000
13.84800	3174.00000
13.85300	3124.00000
13.85800	3158.00000
13.86300	3062.00000
13.86800	2994.00000
13.87300	2944.00000
13.87800	2893.00000
13.88300	2888.00000
13.88800	2960.00000
13.89300	2943.00000
13.89800	2933.00000
13.90300	2866.00000
13.90800	2758.00000
13.91300	2737.00000
13.91800	2744.00000
13.92300	2828.00000
13.92800	2891.00000
13.93300	2882.00000
13.93800	2839.00000
13.94300	2781.00000
13.94800	2783.00000
13.95300	2795.00000
13.95800	2786.00000
13.96300	2795.00000
13.96800	2834.00000
13.97300	2874.00000
13.97800	2764.00000
13.98300	2738.00000
13.98800	2766.00000
13.99300	2746.00000
13.99800	2736.00000
14.00300	2760.00000
14.00800	2840.00000
14.01300	2861.00000
14.01800	2847.00000
14.02300	2887.00000
14.02800	2766.00000
14.03300	2719.00000
14.03800	2741.00000
14.04300	2706.00000
14.04800	2755.00000
14.05300	2804.00000
14.05800	2772.00000
14.06300	2748.00000
14.06800	2713.00000
14.07300	2671.00000
14.07800	2628.00000
14.08300	2651.00000
14.08800	2765.00000
14.09300	2788.00000
14.09800	2751.00000
14.10300	2747.00000
14.10800	2741.00000
14.11300	2777.00000
14.11800	2820.00000
14.12300	2798.00000
14.12800	2717.00000
14.13300	2643.00000
14.13800	2684.00000
14.14300	2726.00000
14.14800	2667.00000
14.15300	2680.00000
14.15800	2722.00000
14.16300	2779.00000
14.16800	2765.00000
14.17300	2732.00000
14.17800	2735.00000
14.18300	2691.00000
14.18800	2720.00000
14.19300	2761.00000
14.19800	2790.00000
14.20300	2766.00000
14.20800	2716.00000
14.21300	2741.00000
14.21800	2715.00000
14.22300	2778.00000
14.22800	2813.00000
14.23300	2795.00000
14.23800	2799.00000
14.24300	2855.00000
14.24800	2786.00000
14.25300	2822.00000
14.25800	2807.00000
14.26300	2825.00000
14.26800	2772.00000
14.27300	2802.00000
14.27800	2815.00000
14.28300	2748.00000
14.28800	2691.00000
14.29300	2711.00000
14.29800	2700.00000
14.30300	2710.00000
14.30800	2694.00000
14.31300	2747.00000
14.31800	2698.00000
14.32300	2707.00000
14.32800	2701.00000
14.33300	2703.00000
14.33800	2814.00000
14.34300	2842.00000
14.34800	2809.00000
14.35300	2855.00000
14.35800	2814.00000
14.36300	2724.00000
14.36800	2698.00000
14.37300	2682.00000
14.37800	2708.00000
14.38300	2744.00000
14.38800	2759.00000
14.39300	2746.00000
14.39800	2636.00000
14.40300	2705.00000
14.40800	2727.00000
14.41300	2720.00000
14.41800	2690.00000
14.42300	2676.00000
14.42800	2645.00000
14.43300	2622.00000
14.43800	2719.00000
14.44300	2689.00000
14.44800	2651.00000
14.45300	2678.00000
14.45800	2812.00000
14.46300	2829.00000
14.46800	2785.00000
14.47300	2707.00000
14.47800	2730.00000
14.48300	2689.00000
14.48800	2735.00000
14.49300	2810.00000
14.49800	2795.00000
14.50300	2761.00000
14.50800	2767.00000
14.51300	2709.00000
14.51800	2674.00000
14.52300	2663.00000
14.52800	2728.00000
14.53300	2848.00000
14.53800	2862.00000
14.54300	2809.00000
14.54800	2762.00000
14.55300	2651.00000
14.55800	2620.00000
14.56300	2645.00000
14.56800	2683.00000
14.57300	2660.00000
14.57800	2672.00000
14.58300	2678.00000
14.58800	2739.00000
14.59300	2763.00000
14.59800	2740.00000
14.60300	2739.00000
14.60800	2793.00000
14.61300	2766.00000
14.61800	2808.00000
14.62300	2784.00000
14.62800	2737.00000
14.63300	2769.00000
14.63800	2861.00000
14.64300	2811.00000
14.64800	2807.00000
14.65300	2731.00000
14.65800	2649.00000
14.66300	2654.00000
14.66800	2654.00000
14.67300	2703.00000
14.67800	2772.00000
14.68300	2763.00000
14.68800	2777.00000
14.69300	2801.00000
14.69800	2801.00000
14.70300	2809.00000
14.70800	2697.00000
14.71300	2735.00000
14.71800	2719.00000
14.72300	2694.00000
14.72800	2707.00000
14.73300	2742.00000
14.73800	2746.00000
14.74300	2719.00000
14.74800	2644.00000
14.75300	2616.00000
14.75800	2663.00000
14.76300	2656.00000
14.76800	2686.00000
14.77300	2687.00000
14.77800	2683.00000
14.78300	2622.00000
14.78800	2672.00000
14.79300	2709.00000
14.79800	2656.00000
14.80300	2628.00000
14.80800	2608.00000
14.81300	2651.00000
14.81800	2677.00000
14.82300	2716.00000
14.82800	2625.00000
14.83300	2652.00000
14.83800	2649.00000
14.84300	2717.00000
14.84800	2700.00000
14.85300	2674.00000
14.85800	2709.00000
14.86300	2689.00000
14.86800	2763.00000
14.87300	2771.00000
14.87800	2749.00000
14.88300	2727.00000
14.88800	2708.00000
14.89300	2666.00000
14.89800	2692.00000
14.90300	2776.00000
14.90800	2679.00000
14.91300	2658.00000
14.91800	2664.00000
14.92300	2732.00000
14.92800	2740.00000
14.93300	2656.00000
14.93800	2679.00000
14.94300	2632.00000
14.94800	2667.00000
14.95300	2715.00000
14.95800	2712.00000
14.96300	2755.00000
14.96800	2806.00000
14.97300	2777.00000
14.97800	2765.00000
14.98300	2784.00000
14.98800	2764.00000
14.99300	2739.00000
14.99800	2710.00000
15.00300	2664.00000
15.00800	2705.00000
15.01300	2674.00000
15.01800	2673.00000
15.02300	2710.00000
15.02800	2734.00000
15.03300	2724.00000
15.03800	2712.00000
15.04300	2630.00000
15.04800	2664.00000
15.05300	2762.00000
15.05800	2759.00000
15.06300	2701.00000
15.06800	2622.00000
15.07300	2652.00000
15.07800	2764.00000
15.08300	2741.00000
15.08800	2762.00000
15.09300	2769.00000
15.09800	2669.00000
15.10300	2609.00000
15.10800	2606.00000
15.11300	2568.00000
15.11800	2621.00000
15.12300	2683.00000
15.12800	2725.00000
15.13300	2765.00000
15.13800	2761.00000
15.14300	2811.00000
15.14800	2692.00000
15.15300	2737.00000
15.15800	2757.00000
15.16300	2760.00000
15.16800	2691.00000
15.17300	2690.00000
15.17800	2691.00000
15.18300	2684.00000
15.18800	2678.00000
15.19300	2783.00000
15.19800	2734.00000
15.20300	2667.00000
15.20800	2616.00000
15.21300	2659.00000
15.21800	2703.00000
15.22300	2611.00000
15.22800	2611.00000
15.23300	2657.00000
15.23800	2661.00000
15.24300	2645.00000
15.24800	2626.00000
15.25300	2641.00000
15.25800	2675.00000
15.26300	2752.00000
15.26800	2705.00000
15.27300	2737.00000
15.27800	2719.00000
15.28300	2762.00000
15.28800	2770.00000
15.29300	2746.00000
15.29800	2736.00000
15.30300	2707.00000
15.30800	2708.00000
15.31300	2818.00000
15.31800	2774.00000
15.32300	2817.00000
15.32800	2771.00000
15.33300	2737.00000
15.33800	2634.00000
15.34300	2621.00000
15.34800	2738.00000
15.35300	2692.00000
15.35800	2645.00000
15.36300	2574.00000
15.36800	2650.00000
15.37300	2710.00000
15.37800	2715.00000
15.38300	2682.00000
15.38800	2716.00000
15.39300	2776.00000
15.39800	2742.00000
15.40300	2738.00000
15.40800	2829.00000
15.41300	2847.00000
15.41800	2811.00000
15.42300	2788.00000
15.42800	2706.00000
15.43300	2801.00000
15.43800	2827.00000
15.44300	2763.00000
15.44800	2837.00000
15.45300	2825.00000
15.45800	2805.00000
15.46300	2878.00000
15.46800	2863.00000
15.47300	2918.00000
15.47800	2943.00000
15.48300	2923.00000
15.48800	2895.00000
15.49300	2779.00000
15.49800	2724.00000
15.50300	2784.00000
15.50800	2853.00000
15.51300	2845.00000
15.51800	2753.00000
15.52300	2851.00000
15.52800	2861.00000
15.53300	2981.00000
15.53800	3016.00000
15.54300	2976.00000
15.54800	3019.00000
15.55300	2961.00000
15.55800	3009.00000
15.56300	2946.00000
15.56800	2954.00000
15.57300	2982.00000
15.57800	2958.00000
15.58300	2971.00000
15.58800	2901.00000
15.59300	2962.00000
15.59800	3021.00000
15.60300	3008.00000
15.60800	3045.00000
15.61300	3042.00000
15.61800	3108.00000
15.62300	3089.00000
15.62800	3156.00000
15.63300	3232.00000
15.63800	3182.00000
15.64300	3209.00000
15.64800	3232.00000
15.65300	3230.00000
15.65800	3237.00000
15.66300	3293.00000
15.66800	3305.00000
15.67300	3295.00000
15.67800	3316.00000
15.68300	3416.00000
15.68800	3336.00000
15.69300	3326.00000
15.69800	3273.00000
15.70300	3391.00000
15.70800	3411.00000
15.71300	3270.00000
15.71800	3334.00000
15.72300	3416.00000
15.72800	3330.00000
15.73300	3179.00000
15.73800	3208.00000
15.74300	3155.00000
15.74800	3152.00000
15.75300	3174.00000
15.75800	3109.00000
15.76300	3067.00000
15.76800	3095.00000
15.77300	3018.00000
15.77800	2995.00000
15.78300	2904.00000
15.78800	2905.00000
15.79300	2852.00000
15.79800	2869.00000
15.80300	2917.00000
15.80800	2850.00000
15.81300	2799.00000
15.81800	2835.00000
15.82300	2770.00000
15.82800	2745.00000
15.83300	2717.00000
15.83800	2704.00000
15.84300	2795.00000
15.84800	2762.00000
15.85300	2674.00000
15.85800	2691.00000
15.86300	2691.00000
15.86800	2701.00000
15.87300	2681.00000
15.87800	2723.00000
15.88300	2771.00000
15.88800	2767.00000
15.89300	2669.00000
15.89800	2645.00000
15.90300	2654.00000
15.90800	2659.00000
15.91300	2660.00000
15.91800	2675.00000
15.92300	2718.00000
15.92800	2665.00000
15.93300	2674.00000
15.93800	2583.00000
15.94300	2602.00000
15.94800	2683.00000
15.95300	2736.00000
15.95800	2716.00000
15.96300	2685.00000
15.96800	2771.00000
15.97300	2748.00000
15.97800	2675.00000
15.98300	2679.00000
15.98800	2699.00000
15.99300	2707.00000
15.99800	2674.00000
16.00300	2663.00000
16.00800	2657.00000
16.01300	2683.00000
16.01800	2707.00000
16.02300	2844.00000
16.02800	2723.00000
16.03300	2630.00000
16.03800	2677.00000
16.04300	2630.00000
16.04800	2575.00000
16.05300	2615.00000
16.05800	2519.00000
16.06300	2505.00000
16.06800	2626.00000
16.07300	2624.00000
16.07800	2557.00000
16.08300	2603.00000
16.08800	2618.00000
16.09300	2695.00000
16.09800	2664.00000
16.10300	2624.00000
16.10800	2674.00000
16.11300	2642.00000
16.11800	2658.00000
16.12300	2742.00000
16.12800	2766.00000
16.13300	2710.00000
16.13800	2669.00000
16.14300	2643.00000
16.14800	2700.00000
16.15300	2700.00000
16.15800	2699.00000
16.16300	2704.00000
16.16800	2693.00000
16.17300	2684.00000
16.17800	2599.00000
16.18300	2689.00000
16.18800	2631.00000
16.19300	2572.00000
16.19800	2545.00000
16.20300	2621.00000
16.20800	2663.00000
16.21300	2616.00000
16.21800	2640.00000
16.22300	2583.00000
16.22800	2678.00000
16.23300	2792.00000
16.23800	2714.00000
16.24300	2606.00000
16.24800	2581.00000
16.25300	2614.00000
16.25800	2620.00000
16.26300	2624.00000
16.26800	2618.00000
16.27300	2582.00000
16.27800	2562.00000
16.28300	2569.00000
16.28800	2652.00000
16.29300	2677.00000
16.29800	2714.00000
16.30300	2699.00000
16.30800	2713.00000
16.31300	2666.00000
16.31800	2638.00000
16.32300	2693.00000
16.32800	2698.00000
16.33300	2653.00000
16.33800	2644.00000
16.34300	2631.00000
16.34800	2686.00000
16.35300	2682.00000
16.35800	2679.00000
16.36300	2622.00000
16.36800	2613.00000
16.37300	2660.00000
16.37800	2684.00000
16.38300	2609.00000
16.38800	2595.00000
16.39300	2639.00000
16.39800	2661.00000
16.40300	2728.00000
16.40800	2717.00000
16.41300	2745.00000
16.41800	2715.00000
16.42300	2684.00000
16.42800	2646.00000
16.43300	2644.00000
16.43800	2604.00000
16.44300	2560.00000
16.44800	2527.00000
16.45300	2589.00000
16.45800	2627.00000
16.46300	2605.00000
16.46800	2602.00000
16.47300	2579.00000
16.47800	2577.00000
16.48300	2690.00000
16.48800	2661.00000
16.49300	2664.00000
16.49800	2598.00000
16.50300	2664.00000
16.50800	2573.00000
16.51300	2583.00000
16.51800	2597.00000
16.52300	2609.00000
16.52800	2662.00000
16.53300	2620.00000
16.53800	2614.00000
16.54300	2649.00000
16.54800	2606.00000
16.55300	2617.00000
16.55800	2659.00000
16.56300	2632.00000
16.56800	2559.00000
16.57300	2613.00000
16.57800	2624.00000
16.58300	2636.00000
16.58800	2636.00000
16.59300	2630.00000
16.59800	2615.00000
16.60300	2697.00000
16.60800	2671.00000
16.61300	2614.00000
16.61800	2630.00000
16.62300	2662.00000
16.62800	2685.00000
16.63300	2703.00000
16.63800	2616.00000
16.64300	2539.00000
16.64800	2591.00000
16.65300	2594.00000
16.65800	2686.00000
16.66300	2662.00000
16.66800	2584.00000
16.67300	2598.00000
16.67800	2524.00000
16.68300	2501.00000
16.68800	2510.00000
16.69300	2553.00000
16.69800	2589.00000
16.70300	2587.00000
16.70800	2605.00000
16.71300	2616.00000
16.71800	2706.00000
16.72300	2695.00000
16.72800	2716.00000
16.73300	2753.00000
16.73800	2648.00000
16.74300	2609.00000
16.74800	2699.00000
16.75300	2711.00000
16.75800	2682.00000
16.76300	2606.00000
16.76800	2616.00000
16.77300	2636.00000
16.77800	2597.00000
16.78300	2534.00000
16.78800	2567.00000
16.79300	2610.00000
16.79800	2667.00000
16.80300	2624.00000
16.80800	2534.00000
16.81300	2572.00000
16.81800	2595.00000
16.82300	2644.00000
16.82800	2653.00000
16.83300	2594.00000
16.83800	2574.00000
16.84300	2530.00000
16.84800	2531.00000
16.85300	2545.00000
16.85800	2573.00000
16.86300	2570.00000
16.86800	2593.00000
16.87300	2596.00000
16.87800	2554.00000
16.88300	2659.00000
16.88800	2711.00000
16.89300	2668.00000
16.89800	2755.00000
16.90300	2767.00000
16.90800	2716.00000
16.91300	2632.00000
16.91800	2658.00000
16.92300	2684.00000
16.92800	2633.00000
16.93300	2589.00000
16.93800	2559.00000
16.94300	2579.00000
16.94800	2641.00000
16.95300	2660.00000
16.95800	2597.00000
16.96300	2626.00000
16.96800	2701.00000
16.97300	2704.00000
16.97800	2681.00000
16.98300	2682.00000
16.98800	2630.00000
16.99300	2617.00000
16.99800	2655.00000
17.00300	2632.00000
17.00800	2595.00000
17.01300	2727.00000
17.01800	2726.00000
17.02300	2662.00000
17.02800	2658.00000
17.03300	2678.00000
17.03800	2701.00000
17.04300	2657.00000
17.04800	2609.00000
17.05300	2640.00000
17.05800	2643.00000
17.06300	2716.00000
17.06800	2710.00000
17.07300	2643.00000
17.07800	2666.00000
17.08300	2671.00000
17.08800	2667.00000
17.09300	2677.00000
17.09800	2736.00000
17.10300	2723.00000
17.10800	2774.00000
17.11300	2744.00000
17.11800	2627.00000
17.12300	2573.00000
17.12800	2574.00000
17.13300	2548.00000
17.13800	2515.00000
17.14300	2575.00000
17.14800	2600.00000
17.15300	2564.00000
17.15800	2561.00000
17.16300	2576.00000
17.16800	2654.00000
17.17300	2688.00000
17.17800	2662.00000
17.18300	2683.00000
17.18800	2720.00000
17.19300	2660.00000
17.19800	2662.00000
17.20300	2676.00000
17.20800	2626.00000
17.21300	2632.00000
17.21800	2654.00000
17.22300	2611.00000
17.22800	2595.00000
17.23300	2582.00000
17.23800	2530.00000
17.24300	2584.00000
17.24800	2664.00000
17.25300	2715.00000
17.25800	2631.00000
17.26300	2574.00000
17.26800	2644.00000
17.27300	2678.00000
17.27800	2646.00000
17.28300	2645.00000
17.28800	2591.00000
17.29300	2541.00000
17.29800	2541.00000
17.30300	2608.00000
17.30800	2621.00000
17.31300	2637.00000
17.31800	2611.00000
17.32300	2549.00000
17.32800	2536.00000
17.33300	2556.00000
17.33800	2579.00000
17.34300	2565.00000
17.34800	2604.00000
17.35300	2607.00000
17.35800	2608.00000
17.36300	2588.00000
17.36800	2560.00000
17.37300	2574.00000
17.37800	2624.00000
17.38300	2636.00000
17.38800	2636.00000
17.39300	2679.00000
17.39800	2641.00000
17.40300	2609.00000
17.40800	2661.00000
17.41300	2695.00000
17.41800	2688.00000
17.42300	2729.00000
17.42800	2686.00000
17.43300	2673.00000
17.43800	2699.00000
17.44300	2716.00000
17.44800	2708.00000
17.45300	2664.00000
17.45800	2642.00000
17.46300	2670.00000
17.46800	2667.00000
17.47300	2606.00000
17.47800	2531.00000
17.48300	2548.00000
17.48800	2616.00000
17.49300	2646.00000
17.49800	2676.00000
17.50300	2689.00000
17.50800	2716.00000
17.51300	2678.00000
17.51800	2670.00000
17.52300	2698.00000
17.52800	2687.00000
17.53300	2686.00000
17.53800	2708.00000
17.54300	2689.00000
17.54800	2642.00000
17.55300	2613.00000
17.55800	2649.00000
17.56300	2663.00000
17.56800	2673.00000
17.57300	2716.00000
17.57800	2682.00000
17.58300	2600.00000
17.58800	2563.00000
17.59300	2540.00000
17.59800	2525.00000
17.60300	2559.00000
17.60800	2553.00000
17.61300	2534.00000
17.61800	2578.00000
17.62300	2634.00000
17.62800	2647.00000
17.63300	2670.00000
17.63800	2673.00000
17.64300	2680.00000
17.64800	2722.00000
17.65300	2670.00000
17.65800	2629.00000
17.66300	2638.00000
17.66800	2591.00000
17.67300	2617.00000
17.67800	2608.00000
17.68300	2651.00000
17.68800	2702.00000
17.69300	2648.00000
17.69800	2598.00000
17.70300	2599.00000
17.70800	2614.00000
17.71300	2550.00000
17.71800	2490.00000
17.72300	2522.00000
17.72800	2556.00000
17.73300	2597.00000
17.73800	2642.00000
17.74300	2676.00000
17.74800	2645.00000
17.75300	2605.00000
17.75800	2584.00000
17.76300	2582.00000
17.76800	2587.00000
17.77300	2614.00000
17.77800	2613.00000
17.78300	2589.00000
17.78800	2562.00000
17.79300	2541.00000
17.79800	2524.00000
17.80300	2599.00000
17.80800	2663.00000
17.81300	2629.00000
17.81800	2624.00000
17.82300	2596.00000
17.82800	2610.00000
17.83300	2598.00000
17.83800	2588.00000
17.84300	2562.00000
17.84800	2549.00000
17.85300	2611.00000
17.85800	2616.00000
17.86300	2558.00000
17.86800	2507.00000
17.87300	2491.00000
17.87800	2481.00000
17.88300	2484.00000
17.88800	2498.00000
17.89300	2523.00000
17.89800	2580.00000
17.90300	2594.00000
17.90800	2506.00000
17.91300	2480.00000
17.91800	2562.00000
17.92300	2630.00000
17.92800	2714.00000
17.93300	2685.00000
17.93800	2604.00000
17.94300	2589.00000
17.94800	2586.00000
17.95300	2532.00000
17.95800	2527.00000
17.96300	2596.00000
17.96800	2571.00000
17.97300	2533.00000
17.97800	2534.00000
17.98300	2528.00000
17.98800	2571.00000
17.99300	2559.00000
17.99800	2521.00000
18.00300	2531.00000
18.00800	2558.00000
18.01300	2539.00000
18.01800	2593.00000
18.02300	2569.00000
18.02800	2532.00000
18.03300	2576.00000
18.03800	2549.00000
18.04300	2528.00000
18.04800	2592.00000
18.05300	2685.00000
18.05800	2718.00000
18.06300	2648.00000
18.06800	2563.00000
18.07300	2564.00000
18.07800	2626.00000
18.08300	2625.00000
18.08800	2649.00000
18.09300	2690.00000
18.09800	2667.00000
18.10300	2638.00000
18.10800	2600.00000
18.11300	2599.00000
18.11800	2582.00000
18.12300	2530.00000
18.12800	2514.00000
18.13300	2541.00000
18.13800	2548.00000
18.14300	2501.00000
18.14800	2474.00000
18.15300	2494.00000
18.15800	2520.00000
18.16300	2537.00000
18.16800	2561.00000
18.17300	2580.00000
18.17800	2586.00000
18.18300	2578.00000
18.18800	2586.00000
18.19300	2577.00000
18.19800	2520.00000
18.20300	2467.00000
18.20800	2493.00000
18.21300	2536.00000
18.21800	2589.00000
18.22300	2635.00000
18.22800	2586.00000
18.23300	2560.00000
18.23800	2524.00000
18.24300	2529.00000
18.24800	2569.00000
18.25300	2544.00000
18.25800	2569.00000
18.26300	2647.00000
18.26800	2644.00000
18.27300	2637.00000
18.27800	2679.00000
18.28300	2646.00000
18.28800	2590.00000
18.29300	2590.00000
18.29800	2637.00000
18.30300	2638.00000
18.30800	2574.00000
18.31300	2586.00000
18.31800	2633.00000
18.32300	2654.00000
18.32800	2646.00000
18.33300	2678.00000
18.33800	2703.00000
18.34300	2642.00000
18.34800	2621.00000
18.35300	2629.00000
18.35800	2637.00000
18.36300	2653.00000
18.36800	2597.00000
18.37300	2608.00000
18.37800	2645.00000
18.38300	2633.00000
18.38800	2663.00000
18.39300	2698.00000
18.39800	2647.00000
18.40300	2616.00000
18.40800	2630.00000
18.41300	2598.00000
18.41800	2565.00000
18.42300	2623.00000
18.42800	2646.00000
18.43300	2623.00000
18.43800	2681.00000
18.44300	2722.00000
18.44800	2656.00000
18.45300	2602.00000
18.45800	2599.00000
18.46300	2575.00000
18.46800	2608.00000
18.47300	2669.00000
18.47800	2711.00000
18.48300	2702.00000
18.48800	2618.00000
18.49300	2595.00000
18.49800	2649.00000
18.50300	2698.00000
18.50800	2698.00000
18.51300	2685.00000
18.51800	2692.00000
18.52300	2724.00000
18.52800	2742.00000
18.53300	2744.00000
18.53800	2769.00000
18.54300	2770.00000
18.54800	2781.00000
18.55300	2800.00000
18.55800	2786.00000
18.56300	2733.00000
18.56800	2754.00000
18.57300	2772.00000
18.57800	2735.00000
18.58300	2752.00000
18.58800	2789.00000
18.59300	2787.00000
18.59800	2792.00000
18.60300	2873.00000
18.60800	2934.00000
18.61300	2957.00000
18.61800	2975.00000
18.62300	2946.00000
18.62800	2939.00000
18.63300	2965.00000
18.63800	2967.00000
18.64300	3019.00000
18.64800	3087.00000
18.65300	3138.00000
18.65800	3182.00000
18.66300	3192.00000
18.66800	3202.00000
18.67300	3228.00000
18.67800	3265.00000
18.68300	3299.00000
18.68800	3340.00000
18.69300	3411.00000
18.69800	3498.00000
18.70300	3487.00000
18.70800	3433.00000
18.71300	3462.00000
18.71800	3527.00000
18.72300	3525.00000
18.72800	3497.00000
18.73300	3495.00000
18.73800	3491.00000
18.74300	3568.00000
18.74800	3667.00000
18.75300	3647.00000
18.75800	3563.00000
18.76300	3548.00000
18.76800	3540.00000
18.77300	3497.00000
18.77800	3457.00000
18.78300	3384.00000
18.78800	3286.00000
18.79300	3240.00000
18.79800	3229.00000
18.80300	3144.00000
18.80800	3077.00000
18.81300	3041.00000
18.81800	2973.00000
18.82300	2925.00000
18.82800	2852.00000
18.83300	2761.00000
18.83800	2702.00000
18.84300	2711.00000
18.84800	2722.00000
18.85300	2697.00000
18.85800	2646.00000
18.86300	2612.00000
18.86800	2592.00000
18.87300	2551.00000
18.87800	2553.00000
18.88300	2535.00000
18.88800	2506.00000
18.89300	2509.00000
18.89800	2543.00000
18.90300	2588.00000
18.90800	2596.00000
18.91300	2606.00000
18.91800	2585.00000
18.92300	2551.00000
18.92800	2600.00000
18.93300	2616.00000
18.93800	2554.00000
18.94300	2543.00000
18.94800	2522.00000
18.95300	2430.00000
18.95800	2400.00000
18.96300	2430.00000
18.96800	2479.00000
18.97300	2509.00000
18.97800	2471.00000
18.98300	2434.00000
18.98800	2454.00000
18.99300	2449.00000
18.99800	2452.00000
19.00300	2423.00000
19.00800	2390.00000
19.01300	2389.00000
19.01800	2376.00000
19.02300	2387.00000
19.02800	2413.00000
19.03300	2457.00000
19.03800	2480.00000
19.04300	2449.00000
19.04800	2458.00000
19.05300	2473.00000
19.05800	2481.00000
19.06300	2464.00000
19.06800	2446.00000
19.07300	2527.00000
19.07800	2520.00000
19.08300	2456.00000
19.08800	2457.00000
19.09300	2472.00000
19.09800	2464.00000
19.10300	2414.00000
19.10800	2390.00000
19.11300	2381.00000
19.11800	2350.00000
19.12300	2378.00000
19.12800	2393.00000
19.13300	2425.00000
19.13800	2468.00000
19.14300	2477.00000
19.14800	2424.00000
19.15300	2335.00000
19.15800	2289.00000
19.16300	2264.00000
19.16800	2282.00000
19.17300	2308.00000
19.17800	2359.00000
19.18300	2398.00000
19.18800	2390.00000
19.19300	2442.00000
19.19800	2477.00000
19.20300	2454.00000
19.20800	2398.00000
19.21300	2343.00000
19.21800	2362.00000
19.22300	2398.00000
19.22800	2424.00000
19.23300	2406.00000
19.23800	2353.00000
19.24300	2311.00000
19.24800	2307.00000
19.25300	2337.00000
19.25800	2361.00000
19.26300	2365.00000
19.26800	2402.00000
19.27300	2405.00000
19.27800	2381.00000
19.28300	2354.00000
19.28800	2391.00000
19.29300	2418.00000
19.29800	2393.00000
19.30300	2424.00000
19.30800	2455.00000
19.31300	2479.00000
19.31800	2478.00000
19.32300	2429.00000
19.32800	2349.00000
19.33300	2334.00000
19.33800	2384.00000
19.34300	2435.00000
19.34800	2470.00000
19.35300	2453.00000
19.35800	2377.00000
19.36300	2370.00000
19.36800	2399.00000
19.37300	2394.00000
19.37800	2435.00000
19.38300	2441.00000
19.38800	2431.00000
19.39300	2425.00000
19.39800	2465.00000
19.40300	2503.00000
19.40800	2440.00000
19.41300	2394.00000
19.41800	2409.00000
19.42300	2387.00000
19.42800	2379.00000
19.43300	2391.00000
19.43800	2344.00000
19.44300	2330.00000
19.44800	2383.00000
19.45300	2405.00000
19.45800	2378.00000
19.46300	2397.00000
19.46800	2385.00000
19.47300	2367.00000
19.47800	2392.00000
19.48300	2403.00000
19.48800	2378.00000
19.49300	2387.00000
19.49800	2424.00000
19.50300	2417.00000
19.50800	2380.00000
19.51300	2377.00000
19.51800	2416.00000
19.52300	2428.00000
19.52800	2389.00000
19.53300	2377.00000
19.53800	2396.00000
19.54300	2398.00000
19.54800	2376.00000
19.55300	2369.00000
19.55800	2366.00000
19.56300	2386.00000
19.56800	2357.00000
19.57300	2265.00000
19.57800	2283.00000
19.58300	2308.00000
19.58800	2325.00000
19.59300	2373.00000
19.59800	2380.00000
19.60300	2343.00000
19.60800	2388.00000
19.61300	2403.00000
19.61800	2389.00000
19.62300	2441.00000
19.62800	2425.00000
19.63300	2369.00000
19.63800	2357.00000
19.64300	2336.00000
19.64800	2259.00000
19.65300	2210.00000
19.65800	2257.00000
19.66300	2323.00000
19.66800	2328.00000
19.67300	2321.00000
19.67800	2329.00000
19.68300	2365.00000
19.68800	2363.00000
19.69300	2339.00000
19.69800	2319.00000
19.70300	2327.00000
19.70800	2368.00000
19.71300	2367.00000
19.71800	2368.00000
19.72300	2356.00000
19.72800	2371.00000
19.73300	2336.00000
19.73800	2261.00000
19.74300	2283.00000
19.74800	2309.00000
19.75300	2276.00000
19.75800	2308.00000
19.76300	2335.00000
19.76800	2336.00000
19.77300	2301.00000
19.77800	2317.00000
19.78300	2321.00000
19.78800	2323.00000
19.79300	2359.00000
19.79800	2379.00000
19.80300	2380.00000
19.80800	2389.00000
19.81300	2354.00000
19.81800	2318.00000
19.82300	2319.00000
19.82800	2331.00000
19.83300	2418.00000
19.83800	2457.00000
19.84300	2417.00000
19.84800	2388.00000
19.85300	2400.00000
19.85800	2406.00000
19.86300	2409.00000
19.86800	2386.00000
19.87300	2371.00000
19.87800	2362.00000
19.88300	2373.00000
19.88800	2339.00000
19.89300	2339.00000
19.89800	2382.00000
19.90300	2408.00000
19.90800	2403.00000
19.91300	2432.00000
19.91800	2484.00000
19.92300	2534.00000
19.92800	2527.00000
19.93300	2524.00000
19.93800	2458.00000
19.94300	2416.00000
19.94800	2445.00000
19.95300	2524.00000
19.95800	2583.00000
19.96300	2544.00000
19.96800	2486.00000
19.97300	2484.00000
19.97800	2465.00000
19.98300	2499.00000
19.98800	2507.00000
19.99300	2520.00000
19.99800	2542.00000
20.00300	2552.00000
20.00800	2569.00000
20.01300	2551.00000
20.01800	2536.00000
20.02300	2539.00000
20.02800	2587.00000
20.03300	2624.00000
20.03800	2596.00000
20.04300	2585.00000
20.04800	2609.00000
20.05300	2691.00000
20.05800	2752.00000
20.06300	2774.00000
20.06800	2808.00000
20.07300	2835.00000
20.07800	2780.00000
20.08300	2774.00000
20.08800	2824.00000
20.09300	2793.00000
20.09800	2779.00000
20.10300	2788.00000
20.10800	2792.00000
20.11300	2856.00000
20.11800	2866.00000
20.12300	2853.00000
20.12800	2860.00000
20.13300	2931.00000
20.13800	2998.00000
20.14300	3046.00000
20.14800	3051.00000
20.15300	3001.00000
20.15800	3008.00000
20.16300	3001.00000
20.16800	3051.00000
20.17300	3106.00000
20.17800	3138.00000
20.18300	3145.00000
20.18800	3130.00000
20.19300	3143.00000
20.19800	3176.00000
20.20300	3208.00000
20.20800	3225.00000
20.21300	3161.00000
20.21800	3138.00000
20.22300	3124.00000
20.22800	3108.00000
20.23300	3060.00000
20.23800	2971.00000
20.24300	2903.00000
20.24800	2901.00000
20.25300	2881.00000
20.25800	2819.00000
20.26300	2796.00000
20.26800	2758.00000
20.27300	2660.00000
20.27800	2638.00000
20.28300	2618.00000
20.28800	2633.00000
20.29300	2635.00000
20.29800	2609.00000
20.30300	2552.00000
20.30800	2517.00000
20.31300	2493.00000
20.31800	2411.00000
20.32300	2395.00000
20.32800	2423.00000
20.33300	2446.00000
20.33800	2455.00000
20.34300	2462.00000
20.34800	2375.00000
20.35300	2306.00000
20.35800	2317.00000
20.36300	2339.00000
20.36800	2368.00000
20.37300	2431.00000
20.37800	2471.00000
20.38300	2474.00000
20.38800	2429.00000
20.39300	2451.00000
20.39800	2464.00000
20.40300	2442.00000
20.40800	2390.00000
20.41300	2360.00000
20.41800	2356.00000
20.42300	2335.00000
20.42800	2333.00000
20.43300	2369.00000
20.43800	2363.00000
20.44300	2322.00000
20.44800	2268.00000
20.45300	2262.00000
20.45800	2219.00000
20.46300	2258.00000
20.46800	2340.00000
20.47300	2347.00000
20.47800	2358.00000
20.48300	2332.00000
20.48800	2293.00000
20.49300	2314.00000
20.49800	2299.00000
20.50300	2298.00000
20.50800	2323.00000
20.51300	2303.00000
20.51800	2300.00000
20.52300	2327.00000
20.52800	2324.00000
20.53300	2312.00000
20.53800	2323.00000
20.54300	2331.00000
20.54800	2398.00000
20.55300	2430.00000
20.55800	2424.00000
20.56300	2355.00000
20.56800	2340.00000
20.57300	2375.00000
20.57800	2404.00000
20.58300	2392.00000
20.58800	2414.00000
20.59300	2368.00000
20.59800	2412.00000
20.60300	2457.00000
20.60800	2387.00000
20.61300	2300.00000
20.61800	2287.00000
20.62300	2358.00000
20.62800	2411.00000
20.63300	2436.00000
20.63800	2439.00000
20.64300	2423.00000
20.64800	2409.00000
20.65300	2364.00000
20.65800	2326.00000
20.66300	2351.00000
20.66800	2398.00000
20.67300	2376.00000
20.67800	2376.00000
20.68300	2431.00000
20.68800	2400.00000
20.69300	2381.00000
20.69800	2403.00000
20.70300	2401.00000
20.70800	2400.00000
20.71300	2416.00000
20.71800	2459.00000
20.72300	2445.00000
20.72800	2408.00000
20.73300	2394.00000
20.73800	2420.00000
20.74300	2440.00000
20.74800	2417.00000
20.75300	2374.00000
20.75800	2359.00000
20.76300	2367.00000
20.76800	2355.00000
20.77300	2352.00000
20.77800	2354.00000
20.78300	2365.00000
20.78800	2352.00000
20.79300	2390.00000
20.79800	2381.00000
20.80300	2401.00000
20.80800	2450.00000
20.81300	2459.00000
20.81800	2438.00000
20.82300	2359.00000
20.82800	2301.00000
20.83300	2242.00000
20.83800	2271.00000
20.84300	2312.00000
20.84800	2337.00000
20.85300	2355.00000
20.85800	2350.00000
20.86300	2372.00000
20.86800	2349.00000
20.87300	2360.00000
20.87800	2401.00000
20.88300	2394.00000
20.88800	2400.00000
20.89300	2379.00000
20.89800	2387.00000
20.90300	2401.00000
20.90800	2450.00000
20.91300	2498.00000
20.91800	2479.00000
20.92300	2457.00000
20.92800	2449.00000
20.93300	2470.00000
20.93800	2493.00000
20.94300	2514.00000
20.94800	2433.00000
20.95300	2424.00000
20.95800	2422.00000
20.96300	2397.00000
20.96800	2435.00000
20.97300	2434.00000
20.97800	2389.00000
20.98300	2417.00000
20.98800	2462.00000
20.99300	2454.00000
20.99800	2425.00000
21.00300	2447.00000
21.00800	2443.00000
21.01300	2451.00000
21.01800	2443.00000
21.02300	2492.00000
21.02800	2503.00000
21.03300	2450.00000
21.03800	2428.00000
21.04300	2432.00000
21.04800	2442.00000
21.05300	2429.00000
21.05800	2437.00000
21.06300	2424.00000
21.06800	2412.00000
21.07300	2408.00000
21.07800	2394.00000
21.08300	2377.00000
21.08800	2343.00000
21.09300	2387.00000
21.09800	2421.00000
21.10300	2342.00000
21.10800	2359.00000
21.11300	2420.00000
21.11800	2477.00000
21.12300	2562.00000
21.12800	2550.00000
21.13300	2542.00000
21.13800	2562.00000
21.14300	2565.00000
21.14800	2526.00000
21.15300	2523.00000
21.15800	2561.00000
21.16300	2528.00000
21.16800	2518.00000
21.17300	2497.00000
21.17800	2481.00000
21.18300	2506.00000
21.18800	2501.00000
21.19300	2517.00000
21.19800	2574.00000
21.20300	2561.00000
21.20800	2521.00000
21.21300	2570.00000
21.21800	2577.00000
21.22300	2558.00000
21.22800	2553.00000
21.23300	2591.00000
21.23800	2640.00000
21.24300	2647.00000
21.24800	2659.00000
21.25300	2678.00000
21.25800	2696.00000
21.26300	2643.00000
21.26800	2616.00000
21.27300	2682.00000
21.27800	2709.00000
21.28300	2755.00000
21.28800	2758.00000
21.29300	2725.00000
21.29800	2689.00000
21.30300	2623.00000
21.30800	2631.00000
21.31300	2703.00000
21.31800	2728.00000
21.32300	2787.00000
21.32800	2818.00000
21.33300	2787.00000
21.33800	2765.00000
21.34300	2764.00000
21.34800	2782.00000
21.35300	2846.00000
21.35800	2888.00000
21.36300	2860.00000
21.36800	2844.00000
21.37300	2854.00000
21.37800	2902.00000
21.38300	2972.00000
21.38800	3007.00000
21.39300	3005.00000
21.39800	3050.00000
21.40300	3054.00000
21.40800	2987.00000
21.41300	2982.00000
21.41800	3039.00000
21.42300	3094.00000
21.42800	3161.00000
21.43300	3285.00000
21.43800	3361.00000
21.44300	3314.00000
21.44800	3264.00000
21.45300	3306.00000
21.45800	3342.00000
21.46300	3361.00000
21.46800	3404.00000
21.47300	3403.00000
21.47800	3445.00000
21.48300	3546.00000
21.48800	3590.00000
21.49300	3634.00000
21.49800	3728.00000
21.50300	3891.00000
21.50800	4035.00000
21.51300	4057.00000
21.51800	4101.00000
21.52300	4141.00000
21.52800	4179.00000
21.53300	4233.00000
21.53800	4318.00000
21.54300	4406.00000
21.54800	4530.00000
21.55300	4602.00000
21.55800	4678.00000
21.56300	4800.00000
21.56800	4906.00000
21.57300	5085.00000
21.57800	5302.00000
21.58300	5426.00000
21.58800	5470.00000
21.59300	5553.00000
21.59800	5758.00000
21.60300	5938.00000
21.60800	6051.00000
21.61300	6150.00000
21.61800	6278.00000
21.62300	6468.00000
21.62800	6618.00000
21.63300	6763.00000
21.63800	6955.00000
21.64300	7155.00000
21.64800	7298.00000
21.65300	7417.00000
21.65800	7568.00000
21.66300	7794.00000
21.66800	8069.00000
21.67300	8275.00000
21.67800	8521.00000
21.68300	8851.00000
21.68800	9182.00000
21.69300	9525.00000
21.69800	9871.00000
21.70300	10260.00000
21.70800	10557.00000
21.71300	10806.00000
21.71800	11045.00000
21.72300	11258.00000
21.72800	11420.00000
21.73300	11531.00000
21.73800	11623.00000
21.74300	11877.00000
21.74800	12045.00000
21.75300	11895.00000
21.75800	11838.00000
21.76300	11833.00000
21.76800	11578.00000
21.77300	11241.00000
21.77800	10945.00000
21.78300	10697.00000
21.78800	10561.00000
21.79300	10275.00000
21.79800	9872.00000
21.80300	9566.00000
21.80800	9370.00000
21.81300	9214.00000
21.81800	8983.00000
21.82300	8794.00000
21.82800	8799.00000
21.83300	8746.00000
21.83800	8631.00000
21.84300	8547.00000
21.84800	8512.00000
21.85300	8545.00000
21.85800	8626.00000
21.86300	8736.00000
21.86800	8872.00000
21.87300	9003.00000
21.87800	9142.00000
21.88300	9362.00000
21.88800	9586.00000
21.89300	9805.00000
21.89800	9935.00000
21.90300	10064.00000
21.90800	10205.00000
21.91300	10246.00000
21.91800	10294.00000
21.92300	10293.00000
21.92800	10223.00000
21.93300	10127.00000
21.93800	9827.00000
21.94300	9500.00000
21.94800	9230.00000
21.95300	8929.00000
21.95800	8665.00000
21.96300	8387.00000
21.96800	8027.00000
21.97300	7528.00000
21.97800	7005.00000
21.98300	6572.00000
21.98800	6230.00000
21.99300	5928.00000
21.99800	5580.00000
22.00300	5260.00000
22.00800	4926.00000
22.01300	4581.00000
22.01800	4400.00000
22.02300	4195.00000
22.02800	3966.00000
22.03300	3851.00000
22.03800	3767.00000
22.04300	3691.00000
22.04800	3613.00000
22.05300	3536.00000
22.05800	3399.00000
22.06300	3290.00000
22.06800	3245.00000
22.07300	3184.00000
22.07800	3132.00000
22.08300	3133.00000
22.08800	3104.00000
22.09300	3019.00000
22.09800	2937.00000
22.10300	2810.00000
22.10800	2728.00000
22.11300	2716.00000
22.11800	2718.00000
22.12300	2706.00000
22.12800	2681.00000
22.13300	2700.00000
22.13800	2737.00000
22.14300	2736.00000
22.14800	2686.00000
22.15300	2624.00000
22.15800	2601.00000
22.16300	2577.00000
22.16800	2513.00000
22.17300	2471.00000
22.17800	2474.00000
22.18300	2443.00000
22.18800	2390.00000
22.19300	2398.00000
22.19800	2461.00000
22.20300	2513.00000
22.20800	2487.00000
22.21300	2411.00000
22.21800	2367.00000
22.22300	2396.00000
22.22800	2395.00000
22.23300	2369.00000
22.23800	2320.00000
22.24300	2301.00000
22.24800	2348.00000
22.25300	2335.00000
22.25800	2311.00000
22.26300	2322.00000
22.26800	2370.00000
22.27300	2382.00000
22.27800	2369.00000
22.28300	2389.00000
22.28800	2358.00000
22.29300	2306.00000
22.29800	2279.00000
22.30300	2275.00000
22.30800	2302.00000
22.31300	2348.00000
22.31800	2320.00000
22.32300	2237.00000
22.32800	2166.00000
22.33300	2154.00000
22.33800	2220.00000
22.34300	2248.00000
22.34800	2234.00000
22.35300	2256.00000
22.35800	2254.00000
22.36300	2212.00000
22.36800	2189.00000
22.37300	2171.00000
22.37800	2164.00000
22.38300	2186.00000
22.38800	2198.00000
22.39300	2254.00000
22.39800	2287.00000
22.40300	2234.00000
22.40800	2209.00000
22.41300	2208.00000
22.41800	2205.00000
22.42300	2234.00000
22.42800	2238.00000
22.43300	2227.00000
22.43800	2248.00000
22.44300	2291.00000
22.44800	2270.00000
22.45300	2246.00000
22.45800	2252.00000
22.46300	2215.00000
22.46800	2179.00000
22.47300	2113.00000
22.47800	2086.00000
22.48300	2130.00000
22.48800	2139.00000
22.49300	2102.00000
22.49800	2085.00000
22.50300	2081.00000
22.50800	2111.00000
22.51300	2166.00000
22.51800	2174.00000
22.52300	2203.00000
22.52800	2225.00000
22.53300	2203.00000
22.53800	2176.00000
22.54300	2160.00000
22.54800	2190.00000
22.55300	2239.00000
22.55800	2236.00000
22.56300	2186.00000
22.56800	2139.00000
22.57300	2171.00000
22.57800	2224.00000
22.58300	2204.00000
22.58800	2152.00000
22.59300	2128.00000
22.59800	2128.00000
22.60300	2143.00000
22.60800	2156.00000
22.61300	2160.00000
22.61800	2190.00000
22.62300	2252.00000
22.62800	2254.00000
22.63300	2189.00000
22.63800	2166.00000
22.64300	2200.00000
22.64800	2199.00000
22.65300	2156.00000
22.65800	2136.00000
22.66300	2120.00000
22.66800	2099.00000
22.67300	2123.00000
22.67800	2128.00000
22.68300	2135.00000
22.68800	2112.00000
22.69300	2083.00000
22.69800	2041.00000
22.70300	2024.00000
22.70800	2036.00000
22.71300	2059.00000
22.71800	2092.00000
22.72300	2079.00000
22.72800	2013.00000
22.73300	1973.00000
22.73800	1980.00000
22.74300	2005.00000
22.74800	1996.00000
22.75300	1981.00000
22.75800	2015.00000
22.76300	2054.00000
22.76800	2022.00000
22.77300	2025.00000
22.77800	2071.00000
22.78300	2093.00000
22.78800	2061.00000
22.79300	2001.00000
22.79800	1957.00000
22.80300	1975.00000
22.80800	2026.00000
22.81300	2065.00000
22.81800	2119.00000
22.82300	2165.00000
22.82800	2172.00000
22.83300	2130.00000
22.83800	2102.00000
22.84300	2158.00000
22.84800	2212.00000
22.85300	2207.00000
22.85800	2160.00000
22.86300	2095.00000
22.86800	2069.00000
22.87300	2060.00000
22.87800	2022.00000
22.88300	2042.00000
22.88800	2055.00000
22.89300	2095.00000
22.89800	2138.00000
22.90300	2119.00000
22.90800	2122.00000
22.91300	2100.00000
22.91800	2059.00000
22.92300	2042.00000
22.92800	2096.00000
22.93300	2103.00000
22.93800	2104.00000
22.94300	2114.00000
22.94800	2119.00000
22.95300	2126.00000
22.95800	2078.00000
22.96300	2035.00000
22.96800	2008.00000
22.97300	1993.00000
22.97800	2027.00000
22.98300	2031.00000
22.98800	1995.00000
22.99300	1980.00000
22.99800	1971.00000
23.00300	1981.00000
23.00800	2036.00000
23.01300	2035.00000
23.01800	2019.00000
23.02300	2019.00000
23.02800	2032.00000
23.03300	2017.00000
23.03800	2010.00000
23.04300	2066.00000
23.04800	2113.00000
23.05300	2089.00000
23.05800	2064.00000
23.06300	2063.00000
23.06800	2041.00000
23.07300	2033.00000
23.07800	2032.00000
23.08300	2028.00000
23.08800	2028.00000
23.09300	2056.00000
23.09800	2107.00000
23.10300	2085.00000
23.10800	2067.00000
23.11300	2097.00000
23.11800	2115.00000
23.12300	2082.00000
23.12800	2081.00000
23.13300	2103.00000
23.13800	2088.00000
23.14300	2122.00000
23.14800	2140.00000
23.15300	2086.00000
23.15800	2068.00000
23.16300	2086.00000
23.16800	2050.00000
23.17300	2014.00000
23.17800	1990.00000
23.18300	1963.00000
23.18800	2009.00000
23.19300	2086.00000
23.19800	2098.00000
23.20300	2098.00000
23.20800	2090.00000
23.21300	2069.00000
23.21800	2025.00000
23.22300	2056.00000
23.22800	2104.00000
23.23300	2123.00000
23.23800	2156.00000
23.24300	2128.00000
23.24800	2034.00000
23.25300	1977.00000
23.25800	1993.00000
23.26300	1971.00000
23.26800	1983.00000
23.27300	2049.00000
23.27800	2030.00000
23.28300	1985.00000
23.28800	2036.00000
23.29300	2048.00000
23.29800	1983.00000
23.30300	2007.00000
23.30800	1991.00000
23.31300	1946.00000
23.31800	1919.00000
23.32300	2017.00000
23.32800	2080.00000
23.33300	2090.00000
23.33800	2131.00000
23.34300	2088.00000
23.34800	2044.00000
23.35300	2073.00000
23.35800	2105.00000
23.36300	2085.00000
23.36800	2056.00000
23.37300	2007.00000
23.37800	2005.00000
23.38300	2044.00000
23.38800	2039.00000
23.39300	2016.00000
23.39800	2067.00000
23.40300	2059.00000
23.40800	2013.00000
23.41300	2003.00000
23.41800	2008.00000
23.42300	2029.00000
23.42800	2066.00000
23.43300	2038.00000
23.43800	2042.00000
23.44300	2041.00000
23.44800	2048.00000
23.45300	2021.00000
23.45800	1970.00000
23.46300	1912.00000
23.46800	1905.00000
23.47300	1923.00000
23.47800	2002.00000
23.48300	2005.00000
23.48800	1936.00000
23.49300	1974.00000
23.49800	2016.00000
23.50300	2020.00000
23.50800	2043.00000
23.51300	2006.00000
23.51800	1966.00000
23.52300	1971.00000
23.52800	1961.00000
23.53300	1968.00000
23.53800	1988.00000
23.54300	2054.00000
23.54800	2062.00000
23.55300	2047.00000
23.55800	2042.00000
23.56300	2039.00000
23.56800	1954.00000
23.57300	1935.00000
23.57800	1983.00000
23.58300	1972.00000
23.58800	1988.00000
23.59300	2032.00000
23.59800	2033.00000
23.60300	2045.00000
23.60800	2037.00000
23.61300	2051.00000
23.61800	2046.00000
23.62300	2033.00000
23.62800	2041.00000
23.63300	2041.00000
23.63800	2030.00000
23.64300	2051.00000
23.64800	2064.00000
23.65300	2057.00000
23.65800	2083.00000
23.66300	2007.00000
23.66800	1949.00000
23.67300	2033.00000
23.67800	2078.00000
23.68300	2018.00000
23.68800	2018.00000
23.69300	2012.00000
23.69800	1969.00000
23.70300	2000.00000
23.70800	2037.00000
23.71300	1962.00000
23.71800	1943.00000
23.72300	1980.00000
23.72800	2004.00000
23.73300	1972.00000
23.73800	1963.00000
23.74300	1964.00000
23.74800	1962.00000
23.75300	2020.00000
23.75800	2031.00000
23.76300	1990.00000
23.76800	1983.00000
23.77300	2005.00000
23.77800	2070.00000
23.78300	2068.00000
23.78800	2038.00000
23.79300	2009.00000
23.79800	2059.00000
23.80300	2061.00000
23.80800	2000.00000
23.81300	1969.00000
23.81800	1973.00000
23.82300	1994.00000
23.82800	1985.00000
23.83300	1986.00000
23.83800	1963.00000
23.84300	2101.00000
23.84800	2124.00000
23.85300	2048.00000
23.85800	2022.00000
23.86300	2015.00000
23.86800	1988.00000
23.87300	2002.00000
23.87800	2004.00000
23.88300	2025.00000
23.88800	2024.00000
23.89300	1979.00000
23.89800	2031.00000
23.90300	2038.00000
23.90800	1976.00000
23.91300	1978.00000
23.91800	1998.00000
23.92300	2071.00000
23.92800	2060.00000
23.93300	1996.00000
23.93800	1911.00000
23.94300	1952.00000
23.94800	1986.00000
23.95300	1947.00000
23.95800	1849.00000
23.96300	1876.00000
23.96800	1884.00000
23.97300	1916.00000
23.97800	1904.00000
23.98300	1879.00000
23.98800	1864.00000
23.99300	1893.00000
23.99800	1917.00000
24.00300	1966.00000
24.00800	1973.00000
24.01300	1919.00000
24.01800	1973.00000
24.02300	1941.00000
24.02800	1966.00000
24.03300	2014.00000
24.03800	2055.00000
24.04300	2042.00000
24.04800	2002.00000
24.05300	1960.00000
24.05800	1941.00000
24.06300	1922.00000
24.06800	1937.00000
24.07300	1938.00000
24.07800	1927.00000
24.08300	1960.00000
24.08800	2029.00000
24.09300	2092.00000
24.09800	2081.00000
24.10300	2097.00000
24.10800	2057.00000
24.11300	1995.00000
24.11800	1972.00000
24.12300	1925.00000
24.12800	1960.00000
24.13300	1944.00000
24.13800	1888.00000
24.14300	1878.00000
24.14800	1938.00000
24.15300	1952.00000
24.15800	1910.00000
24.16300	1968.00000
24.16800	1987.00000
24.17300	1945.00000
24.17800	1918.00000
24.18300	1939.00000
24.18800	1899.00000
24.19300	1895.00000
24.19800	1932.00000
24.20300	1956.00000
24.20800	1957.00000
24.21300	1968.00000
24.21800	1941.00000
24.22300	1926.00000
24.22800	1977.00000
24.23300	1950.00000
24.23800	1965.00000
24.24300	1972.00000
24.24800	1955.00000
24.25300	1944.00000
24.25800	1915.00000
24.26300	1983.00000
24.26800	1960.00000
24.27300	1972.00000
24.27800	1973.00000
24.28300	1985.00000
24.28800	1981.00000
24.29300	2016.00000
24.29800	1990.00000
24.30300	1973.00000
24.30800	1994.00000
24.31300	1990.00000
24.31800	1927.00000
24.32300	1911.00000
24.32800	1896.00000
24.33300	1893.00000
24.33800	1884.00000
24.34300	1892.00000
24.34800	1985.00000
24.35300	1967.00000
24.35800	1960.00000
24.36300	1929.00000
24.36800	1909.00000
24.37300	1915.00000
24.37800	1932.00000
24.38300	1962.00000
24.38800	1997.00000
24.39300	1990.00000
24.39800	1992.00000
24.40300	1980.00000
24.40800	2042.00000
24.41300	2052.00000
24.41800	1937.00000
24.42300	2024.00000
24.42800	2036.00000
24.43300	2058.00000
24.43800	2023.00000
24.44300	2028.00000
24.44800	1971.00000
24.45300	1926.00000
24.45800	1915.00000
24.46300	1931.00000
24.46800	1904.00000
24.47300	1860.00000
24.47800	1849.00000
24.48300	1819.00000
24.48800	1851.00000
24.49300	1883.00000
24.49800	1949.00000
24.50300	1958.00000
24.50800	1960.00000
24.51300	1936.00000
24.51800	1910.00000
24.52300	1871.00000
24.52800	1810.00000
24.53300	1831.00000
24.53800	1879.00000
24.54300	1846.00000
24.54800	1867.00000
24.55300	1949.00000
24.55800	1971.00000
24.56300	1940.00000
24.56800	1846.00000
24.57300	1848.00000
24.57800	1845.00000
24.58300	1879.00000
24.58800	1835.00000
24.59300	1818.00000
24.59800	1845.00000
24.60300	1853.00000
24.60800	1849.00000
24.61300	1800.00000
24.61800	1813.00000
24.62300	1867.00000
24.62800	1852.00000
24.63300	1884.00000
24.63800	1866.00000
24.64300	1879.00000
24.64800	1922.00000
24.65300	1888.00000
24.65800	1834.00000
24.66300	1874.00000
24.66800	1984.00000
24.67300	1985.00000
24.67800	1962.00000
24.68300	1890.00000
24.68800	1883.00000
24.69300	1866.00000
24.69800	1901.00000
24.70300	1882.00000
24.70800	1893.00000
24.71300	1864.00000
24.71800	1965.00000
24.72300	1973.00000
24.72800	1957.00000
24.73300	1880.00000
24.73800	1814.00000
24.74300	1810.00000
24.74800	1821.00000
24.75300	1814.00000
24.75800	1841.00000
24.76300	1891.00000
24.76800	1873.00000
24.77300	1888.00000
24.77800	1914.00000
24.78300	1878.00000
24.78800	1851.00000
24.79300	1776.00000
24.79800	1815.00000
24.80300	1788.00000
24.80800	1853.00000
24.81300	1892.00000
24.81800	1904.00000
24.82300	1867.00000
24.82800	1843.00000
24.83300	1908.00000
24.83800	1864.00000
24.84300	1876.00000
24.84800	1816.00000
24.85300	1781.00000
24.85800	1789.00000
24.86300	1811.00000
24.86800	1855.00000
24.87300	1872.00000
24.87800	1881.00000
24.88300	1862.00000
24.88800	1874.00000
24.89300	1794.00000
24.89800	1794.00000
24.90300	1776.00000
24.90800	1758.00000
24.91300	1802.00000
24.91800	1811.00000
24.92300	1798.00000
24.92800	1797.00000
24.93300	1762.00000
24.93800	1775.00000
24.94300	1789.00000
24.94800	1785.00000
24.95300	1823.00000
24.95800	1806.00000
24.96300	1819.00000
24.96800	1813.00000
24.97300	1868.00000
24.97800	1869.00000
24.98300	1849.00000
24.98800	1838.00000
24.99300	1771.00000
24.99800	1795.00000
25.00300	1826.00000
25.00800	1871.00000
25.01300	1882.00000
25.01800	1938.00000
25.02300	1909.00000
25.02800	1799.00000
25.03300	1805.00000
25.03800	1821.00000
25.04300	1781.00000
25.04800	1793.00000
25.05300	1752.00000
25.05800	1709.00000
25.06300	1779.00000
25.06800	1846.00000
25.07300	1748.00000
25.07800	1701.00000
25.08300	1763.00000
25.08800	1790.00000
25.09300	1771.00000
25.09800	1802.00000
25.10300	1845.00000
25.10800	1843.00000
25.11300	1765.00000
25.11800	1746.00000
25.12300	1735.00000
25.12800	1798.00000
25.13300	1787.00000
25.13800	1863.00000
25.14300	1812.00000
25.14800	1815.00000
25.15300	1877.00000
25.15800	1905.00000
25.16300	1865.00000
25.16800	1882.00000
25.17300	1866.00000
25.17800	1805.00000
25.18300	1728.00000
25.18800	1705.00000
25.19300	1735.00000
25.19800	1706.00000
25.20300	1667.00000
25.20800	1759.00000
25.21300	1807.00000
25.21800	1896.00000
25.22300	1778.00000
25.22800	1809.00000
25.23300	1809.00000
25.23800	1790.00000
25.24300	1814.00000
25.24800	1722.00000
25.25300	1711.00000
25.25800	1815.00000
25.26300	1869.00000
25.26800	1811.00000
25.27300	1831.00000
25.27800	1788.00000
25.28300	1731.00000
25.28800	1721.00000
25.29300	1714.00000
25.29800	1755.00000
25.30300	1863.00000
25.30800	1857.00000
25.31300	1848.00000
25.31800	1901.00000
25.32300	1839.00000
25.32800	1844.00000
25.33300	1753.00000
25.33800	1704.00000
25.34300	1745.00000
25.34800	1778.00000
25.35300	1763.00000
25.35800	1761.00000
25.36300	1739.00000
25.36800	1729.00000
25.37300	1771.00000
25.37800	1811.00000
25.38300	1788.00000
25.38800	1784.00000
25.39300	1765.00000
25.39800	1747.00000
25.40300	1754.00000
25.40800	1773.00000
25.41300	1738.00000
25.41800	1791.00000
25.42300	1805.00000
25.42800	1782.00000
25.43300	1790.00000
25.43800	1788.00000
25.44300	1854.00000
25.44800	1878.00000
25.45300	1881.00000
25.45800	1783.00000
25.46300	1739.00000
25.46800	1719.00000
25.47300	1734.00000
25.47800	1815.00000
25.48300	1849.00000
25.48800	1742.00000
25.49300	1714.00000
25.49800	1725.00000
25.50300	1748.00000
25.50800	1747.00000
25.51300	1698.00000
25.51800	1711.00000
25.52300	1699.00000
25.52800	1744.00000
25.53300	1759.00000
25.53800	1770.00000
25.54300	1716.00000
25.54800	1755.00000
25.55300	1801.00000
25.55800	1754.00000
25.56300	1762.00000
25.56800	1769.00000
25.57300	1752.00000
25.57800	1773.00000
25.58300	1790.00000
25.58800	1736.00000
25.59300	1675.00000
25.59800	1660.00000
25.60300	1633.00000
25.60800	1647.00000
25.61300	1622.00000
25.61800	1673.00000
25.62300	1682.00000
25.62800	1728.00000
25.63300	1735.00000
25.63800	1758.00000
25.64300	1734.00000
25.64800	1765.00000
25.65300	1744.00000
25.65800	1767.00000
25.66300	1775.00000
25.66800	1754.00000
25.67300	1720.00000
25.67800	1701.00000
25.68300	1672.00000
25.68800	1715.00000
25.69300	1826.00000
25.69800	1755.00000
25.70300	1695.00000
25.70800	1680.00000
25.71300	1657.00000
25.71800	1668.00000
25.72300	1723.00000
25.72800	1716.00000
25.73300	1652.00000
25.73800	1610.00000
25.74300	1628.00000
25.74800	1687.00000
25.75300	1693.00000
25.75800	1686.00000
25.76300	1702.00000
25.76800	1695.00000
25.77300	1707.00000
25.77800	1667.00000
25.78300	1689.00000
25.78800	1753.00000
25.79300	1701.00000
25.79800	1659.00000
25.80300	1650.00000
25.80800	1658.00000
25.81300	1691.00000
25.81800	1710.00000
25.82300	1774.00000
25.82800	1731.00000
25.83300	1688.00000
25.83800	1723.00000
25.84300	1664.00000
25.84800	1627.00000
25.85300	1588.00000
25.85800	1641.00000
25.86300	1703.00000
25.86800	1675.00000
25.87300	1677.00000
25.87800	1702.00000
25.88300	1679.00000
25.88800	1669.00000
25.89300	1654.00000
25.89800	1619.00000
25.90300	1630.00000
25.90800	1699.00000
25.91300	1737.00000
25.91800	1746.00000
25.92300	1736.00000
25.92800	1678.00000
25.93300	1630.00000
25.93800	1645.00000
25.94300	1610.00000
25.94800	1591.00000
25.95300	1625.00000
25.95800	1605.00000
25.96300	1654.00000
25.96800	1667.00000
25.97300	1697.00000
25.97800	1694.00000
25.98300	1650.00000
25.98800	1689.00000
25.99300	1751.00000
25.99800	1768.00000
26.00300	1706.00000
26.00800	1656.00000
26.01300	1708.00000
26.01800	1717.00000
26.02300	1703.00000
26.02800	1739.00000
26.03300	1712.00000
26.03800	1669.00000
26.04300	1651.00000
26.04800	1693.00000
26.05300	1751.00000
26.05800	1716.00000
26.06300	1626.00000
26.06800	1623.00000
26.07300	1659.00000
26.07800	1701.00000
26.08300	1707.00000
26.08800	1671.00000
26.09300	1647.00000
26.09800	1634.00000
26.10300	1684.00000
26.10800	1709.00000
26.11300	1692.00000
26.11800	1670.00000
26.12300	1659.00000
26.12800	1698.00000
26.13300	1675.00000
26.13800	1721.00000
26.14300	1704.00000
26.14800	1720.00000
26.15300	1745.00000
26.15800	1762.00000
26.16300	1729.00000
26.16800	1775.00000
26.17300	1756.00000
26.17800	1696.00000
26.18300	1707.00000
26.18800	1741.00000
26.19300	1715.00000
26.19800	1674.00000
26.20300	1723.00000
26.20800	1692.00000
26.21300	1587.00000
26.21800	1529.00000
26.22300	1573.00000
26.22800	1629.00000
26.23300	1634.00000
26.23800	1648.00000
26.24300	1667.00000
26.24800	1665.00000
26.25300	1656.00000
26.25800	1617.00000
26.26300	1606.00000
26.26800	1623.00000
26.27300	1617.00000
26.27800	1626.00000
26.28300	1690.00000
26.28800	1674.00000
26.29300	1645.00000
26.29800	1673.00000
26.30300	1662.00000
26.30800	1625.00000
26.31300	1666.00000
26.31800	1671.00000
26.32300	1670.00000
26.32800	1689.00000
26.33300	1723.00000
26.33800	1700.00000
26.34300	1638.00000
26.34800	1632.00000
26.35300	1603.00000
26.35800	1624.00000
26.36300	1635.00000
26.36800	1633.00000
26.37300	1629.00000
26.37800	1631.00000
26.38300	1654.00000
26.38800	1688.00000
26.39300	1707.00000
26.39800	1721.00000
26.40300	1742.00000
26.40800	1741.00000
26.41300	1724.00000
26.41800	1677.00000
26.42300	1670.00000
26.42800	1673.00000
26.43300	1685.00000
26.43800	1690.00000
26.44300	1673.00000
26.44800	1699.00000
26.45300	1711.00000
26.45800	1700.00000
26.46300	1670.00000
26.46800	1621.00000
26.47300	1578.00000
26.47800	1542.00000
26.48300	1532.00000
26.48800	1590.00000
26.49300	1648.00000
26.49800	1668.00000
26.50300	1655.00000
26.50800	1578.00000
26.51300	1539.00000
26.51800	1596.00000
26.52300	1660.00000
26.52800	1629.00000
26.53300	1608.00000
26.53800	1624.00000
26.54300	1639.00000
26.54800	1627.00000
26.55300	1593.00000
26.55800	1646.00000
26.56300	1652.00000
26.56800	1600.00000
26.57300	1607.00000
26.57800	1631.00000
26.58300	1642.00000
26.58800	1646.00000
26.59300	1669.00000
26.59800	1615.00000
26.60300	1607.00000
26.60800	1608.00000
26.61300	1576.00000
26.61800	1583.00000
26.62300	1641.00000
26.62800	1686.00000
26.63300	1686.00000
26.63800	1681.00000
26.64300	1694.00000
26.64800	1671.00000
26.65300	1644.00000
26.65800	1607.00000
26.66300	1589.00000
26.66800	1539.00000
26.67300	1491.00000
26.67800	1503.00000
26.68300	1557.00000
26.68800	1573.00000
26.69300	1578.00000
26.69800	1605.00000
26.70300	1646.00000
26.70800	1620.00000
26.71300	1559.00000
26.71800	1536.00000
26.72300	1555.00000
26.72800	1557.00000
26.73300	1567.00000
26.73800	1603.00000
26.74300	1633.00000
26.74800	1668.00000
26.75300	1663.00000
26.75800	1629.00000
26.76300	1577.00000
26.76800	1513.00000
26.77300	1502.00000
26.77800	1531.00000
26.78300	1521.00000
26.78800	1533.00000
26.79300	1586.00000
26.79800	1601.00000
26.80300	1603.00000
26.80800	1604.00000
26.81300	1594.00000
26.81800	1601.00000
26.82300	1618.00000
26.82800	1579.00000
26.83300	1540.00000
26.83800	1553.00000
26.84300	1562.00000
26.84800	1557.00000
26.85300	1578.00000
26.85800	1620.00000
26.86300	1656.00000
26.86800	1618.00000
26.87300	1553.00000
26.87800	1571.00000
26.88300	1633.00000
26.88800	1631.00000
26.89300	1622.00000
26.89800	1615.00000
26.90300	1622.00000
26.90800	1640.00000
26.91300	1602.00000
26.91800	1594.00000
26.92300	1619.00000
26.92800	1587.00000
26.93300	1563.00000
26.93800	1555.00000
26.94300	1604.00000
26.94800	1662.00000
26.95300	1652.00000
26.95800	1633.00000
26.96300	1619.00000
26.96800	1594.00000
26.97300	1603.00000
26.97800	1613.00000
26.98300	1629.00000
26.98800	1620.00000
26.99300	1592.00000
26.99800	1635.00000
27.00300	1674.00000
27.00800	1686.00000
27.01300	1694.00000
27.01800	1693.00000
27.02300	1704.00000
27.02800	1741.00000
27.03300	1711.00000
27.03800	1680.00000
27.04300	1637.00000
27.04800	1597.00000
27.05300	1611.00000
27.05800	1641.00000
27.06300	1664.00000
27.06800	1661.00000
27.07300	1674.00000
27.07800	1688.00000
27.08300	1686.00000
27.08800	1632.00000
27.09300	1612.00000
27.09800	1632.00000
27.10300	1621.00000
27.10800	1604.00000
27.11300	1556.00000
27.11800	1516.00000
27.12300	1497.00000
27.12800	1499.00000
27.13300	1555.00000
27.13800	1644.00000
27.14300	1681.00000
27.14800	1637.00000
27.15300	1621.00000
27.15800	1615.00000
27.16300	1634.00000
27.16800	1629.00000
27.17300	1603.00000
27.17800	1612.00000
27.18300	1618.00000
27.18800	1591.00000
27.19300	1584.00000
27.19800	1614.00000
27.20300	1627.00000
27.20800	1604.00000
27.21300	1541.00000
27.21800	1499.00000
27.22300	1485.00000
27.22800	1492.00000
27.23300	1503.00000
27.23800	1463.00000
27.24300	1440.00000
27.24800	1475.00000
27.25300	1529.00000
27.25800	1581.00000
27.26300	1619.00000
27.26800	1618.00000
27.27300	1629.00000
27.27800	1652.00000
27.28300	1629.00000
27.28800	1574.00000
27.29300	1553.00000
27.29800	1548.00000
27.30300	1509.00000
27.30800	1533.00000
27.31300	1610.00000
27.31800	1647.00000
27.32300	1636.00000
27.32800	1630.00000
27.33300	1634.00000
27.33800	1629.00000
27.34300	1600.00000
27.34800	1564.00000
27.35300	1569.00000
27.35800	1587.00000
27.36300	1576.00000
27.36800	1550.00000
27.37300	1566.00000
27.37800	1577.00000
27.38300	1579.00000
27.38800	1602.00000
27.39300	1604.00000
27.39800	1567.00000
27.40300	1565.00000
27.40800	1556.00000
27.41300	1522.00000
27.41800	1530.00000
27.42300	1528.00000
27.42800	1504.00000
27.43300	1515.00000
27.43800	1534.00000
27.44300	1537.00000
27.44800	1543.00000
27.45300	1555.00000
27.45800	1587.00000
27.46300	1591.00000
27.46800	1560.00000
27.47300	1510.00000
27.47800	1484.00000
27.48300	1515.00000
27.48800	1555.00000
27.49300	1538.00000
27.49800	1532.00000
27.50300	1557.00000
27.50800	1530.00000
27.51300	1500.00000
27.51800	1519.00000
27.52300	1516.00000
27.52800	1458.00000
27.53300	1427.00000
27.53800	1482.00000
27.54300	1532.00000
27.54800	1550.00000
27.55300	1566.00000
27.55800	1588.00000
27.56300	1571.00000
27.56800	1519.00000
27.57300	1533.00000
27.57800	1545.00000
27.58300	1587.00000
27.58800	1629.00000
27.59300	1627.00000
27.59800	1671.00000
27.60300	1642.00000
27.60800	1596.00000
27.61300	1586.00000
27.61800	1546.00000
27.62300	1536.00000
27.62800	1533.00000
27.63300	1521.00000
27.63800	1538.00000
27.64300	1564.00000
27.64800	1567.00000
27.65300	1572.00000
27.65800	1565.00000
27.66300	1517.00000
27.66800	1504.00000
27.67300	1515.00000
27.67800	1516.00000
27.68300	1539.00000
27.68800	1558.00000
27.69300	1636.00000
27.69800	1666.00000
27.70300	1613.00000
27.70800	1571.00000
27.71300	1581.00000
27.71800	1578.00000
27.72300	1582.00000
27.72800	1587.00000
27.73300	1563.00000
27.73800	1535.00000
27.74300	1519.00000
27.74800	1521.00000
27.75300	1576.00000
27.75800	1590.00000
27.76300	1561.00000
27.76800	1595.00000
27.77300	1609.00000
27.77800	1591.00000
27.78300	1567.00000
27.78800	1582.00000
27.79300	1621.00000
27.79800	1642.00000
27.80300	1597.00000
27.80800	1553.00000
27.81300	1521.00000
27.81800	1513.00000
27.82300	1529.00000
27.82800	1565.00000
27.83300	1641.00000
27.83800	1673.00000
27.84300	1662.00000
27.84800	1633.00000
27.85300	1659.00000
27.85800	1691.00000
27.86300	1636.00000
27.86800	1576.00000
27.87300	1569.00000
27.87800	1534.00000
27.88300	1520.00000
27.88800	1557.00000
27.89300	1566.00000
27.89800	1560.00000
27.90300	1496.00000
27.90800	1512.00000
27.91300	1507.00000
27.91800	1473.00000
27.92300	1491.00000
27.92800	1528.00000
27.93300	1523.00000
27.93800	1552.00000
27.94300	1528.00000
27.94800	1491.00000
27.95300	1513.00000
27.95800	1533.00000
27.96300	1542.00000
27.96800	1550.00000
27.97300	1546.00000
27.97800	1557.00000
27.98300	1597.00000
27.98800	1571.00000
27.99300	1546.00000
27.99800	1586.00000
28.00300	1629.00000
28.00800	1590.00000
28.01300	1535.00000
28.01800	1512.00000
28.02300	1472.00000
28.02800	1443.00000
28.03300	1460.00000
28.03800	1498.00000
28.04300	1502.00000
28.04800	1508.00000
28.05300	1479.00000
28.05800	1513.00000
28.06300	1584.00000
28.06800	1579.00000
28.07300	1542.00000
28.07800	1517.00000
28.08300	1512.00000
28.08800	1491.00000
28.09300	1475.00000
28.09800	1503.00000
28.10300	1560.00000
28.10800	1566.00000
28.11300	1556.00000
28.11800	1558.00000
28.12300	1546.00000
28.12800	1527.00000
28.13300	1517.00000
28.13800	1574.00000
28.14300	1594.00000
28.14800	1555.00000
28.15300	1531.00000
28.15800	1477.00000
28.16300	1462.00000
28.16800	1486.00000
28.17300	1492.00000
28.17800	1476.00000
28.18300	1466.00000
28.18800	1478.00000
28.19300	1476.00000
28.19800	1503.00000
28.20300	1522.00000
28.20800	1541.00000
28.21300	1581.00000
28.21800	1570.00000
28.22300	1622.00000
28.22800	1569.00000
28.23300	1544.00000
28.23800	1538.00000
28.24300	1529.00000
28.24800	1587.00000
28.25300	1563.00000
28.25800	1533.00000
28.26300	1521.00000
28.26800	1486.00000
28.27300	1461.00000
28.27800	1482.00000
28.28300	1505.00000
28.28800	1524.00000
28.29300	1531.00000
28.29800	1525.00000
28.30300	1545.00000
28.30800	1510.00000
28.31300	1527.00000
28.31800	1556.00000
28.32300	1600.00000
28.32800	1602.00000
28.33300	1575.00000
28.33800	1597.00000
28.34300	1592.00000
28.34800	1563.00000
28.35300	1571.00000
28.35800	1529.00000
28.36300	1496.00000
28.36800	1505.00000
28.37300	1548.00000
28.37800	1529.00000
28.38300	1511.00000
28.38800	1525.00000
28.39300	1542.00000
28.39800	1580.00000
28.40300	1584.00000
28.40800	1574.00000
28.41300	1552.00000
28.41800	1505.00000
28.42300	1496.00000
28.42800	1520.00000
28.43300	1524.00000
28.43800	1482.00000
28.44300	1461.00000
28.44800	1472.00000
28.45300	1481.00000
28.45800	1510.00000
28.46300	1514.00000
28.46800	1518.00000
28.47300	1530.00000
28.47800	1545.00000
28.48300	1570.00000
28.48800	1516.00000
28.49300	1495.00000
28.49800	1516.00000
28.50300	1602.00000
28.50800	1563.00000
28.51300	1524.00000
28.51800	1502.00000
28.52300	1522.00000
28.52800	1548.00000
28.53300	1564.00000
28.53800	1557.00000
28.54300	1536.00000
28.54800	1550.00000
28.55300	1522.00000
28.55800	1438.00000
28.56300	1432.00000
28.56800	1422.00000
28.57300	1413.00000
28.57800	1513.00000
28.58300	1510.00000
28.58800	1438.00000
28.59300	1462.00000
28.59800	1508.00000
28.60300	1499.00000
28.60800	1440.00000
28.61300	1416.00000
28.61800	1378.00000
28.62300	1368.00000
28.62800	1376.00000
28.63300	1396.00000
28.63800	1389.00000
28.64300	1436.00000
28.64800	1473.00000
28.65300	1502.00000
28.65800	1498.00000
28.66300	1458.00000
28.66800	1499.00000
28.67300	1479.00000
28.67800	1455.00000
28.68300	1546.00000
28.68800	1528.00000
28.69300	1480.00000
28.69800	1523.00000
28.70300	1530.00000
28.70800	1517.00000
28.71300	1474.00000
28.71800	1412.00000
28.72300	1456.00000
28.72800	1407.00000
28.73300	1396.00000
28.73800	1411.00000
28.74300	1449.00000
28.74800	1515.00000
28.75300	1514.00000
28.75800	1514.00000
28.76300	1525.00000
28.76800	1553.00000
28.77300	1513.00000
28.77800	1431.00000
28.78300	1385.00000
28.78800	1392.00000
28.79300	1451.00000
28.79800	1504.00000
28.80300	1513.00000
28.80800	1490.00000
28.81300	1470.00000
28.81800	1451.00000
28.82300	1440.00000
28.82800	1467.00000
28.83300	1485.00000
28.83800	1486.00000
28.84300	1436.00000
28.84800	1441.00000
28.85300	1450.00000
28.85800	1457.00000
28.86300	1509.00000
28.86800	1523.00000
28.87300	1521.00000
28.87800	1549.00000
28.88300	1622.00000
28.88800	1554.00000
28.89300	1514.00000
28.89800	1545.00000
28.90300	1539.00000
28.90800	1552.00000
28.91300	1580.00000
28.91800	1542.00000
28.92300	1568.00000
28.92800	1573.00000
28.93300	1548.00000
28.93800	1572.00000
28.94300	1633.00000
28.94800	1565.00000
28.95300	1579.00000
28.95800	1596.00000
28.96300	1597.00000
28.96800	1545.00000
28.97300	1587.00000
28.97800	1611.00000
28.98300	1588.00000
28.98800	1561.00000
28.99300	1526.00000
28.99800	1465.00000
29.00300	1524.00000
29.00800	1462.00000
29.01300	1482.00000
29.01800	1553.00000
29.02300	1535.00000
29.02800	1540.00000
29.03300	1552.00000
29.03800	1555.00000
29.04300	1533.00000
29.04800	1510.00000
29.05300	1479.00000
29.05800	1482.00000
29.06300	1453.00000
29.06800	1421.00000
29.07300	1384.00000
29.07800	1365.00000
29.08300	1407.00000
29.08800	1460.00000
29.09300	1496.00000
29.09800	1481.00000
29.10300	1465.00000
29.10800	1445.00000
29.11300	1415.00000
29.11800	1414.00000
29.12300	1475.00000
29.12800	1396.00000
29.13300	1414.00000
29.13800	1428.00000
29.14300	1435.00000
29.14800	1417.00000
29.15300	1359.00000
29.15800	1426.00000
29.16300	1436.00000
29.16800	1469.00000
29.17300	1449.00000
29.17800	1492.00000
29.18300	1536.00000
29.18800	1492.00000
29.19300	1443.00000
29.19800	1421.00000
29.20300	1454.00000
29.20800	1441.00000
29.21300	1453.00000
29.21800	1481.00000
29.22300	1479.00000
29.22800	1452.00000
29.23300	1455.00000
29.23800	1482.00000
29.24300	1494.00000
29.24800	1413.00000
29.25300	1374.00000
29.25800	1406.00000
29.26300	1429.00000
29.26800	1418.00000
29.27300	1490.00000
29.27800	1553.00000
29.28300	1522.00000
29.28800	1491.00000
29.29300	1445.00000
29.29800	1369.00000
29.30300	1340.00000
29.30800	1371.00000
29.31300	1436.00000
29.31800	1451.00000
29.32300	1414.00000
29.32800	1418.00000
29.33300	1441.00000
29.33800	1465.00000
29.34300	1482.00000
29.34800	1443.00000
29.35300	1443.00000
29.35800	1439.00000
29.36300	1446.00000
29.36800	1395.00000
29.37300	1383.00000
29.37800	1381.00000
29.38300	1408.00000
29.38800	1477.00000
29.39300	1485.00000
29.39800	1472.00000
29.40300	1470.00000
29.40800	1469.00000
29.41300	1526.00000
29.41800	1481.00000
29.42300	1431.00000
29.42800	1449.00000
29.43300	1415.00000
29.43800	1421.00000
29.44300	1462.00000
29.44800	1480.00000
29.45300	1454.00000
29.45800	1447.00000
29.46300	1481.00000
29.46800	1482.00000
29.47300	1471.00000
29.47800	1398.00000
29.48300	1370.00000
29.48800	1374.00000
29.49300	1391.00000
29.49800	1394.00000
29.50300	1386.00000
29.50800	1464.00000
29.51300	1500.00000
29.51800	1458.00000
29.52300	1491.00000
29.52800	1539.00000
29.53300	1513.00000
29.53800	1464.00000
29.54300	1463.00000
29.54800	1469.00000
29.55300	1424.00000
29.55800	1400.00000
29.56300	1419.00000
29.56800	1404.00000
29.57300	1386.00000
29.57800	1383.00000
29.58300	1422.00000
29.58800	1412.00000
29.59300	1377.00000
29.59800	1374.00000
29.60300	1403.00000
29.60800	1456.00000
29.61300	1455.00000
29.61800	1400.00000
29.62300	1387.00000
29.62800	1421.00000
29.63300	1440.00000
29.63800	1434.00000
29.64300	1446.00000
29.64800	1488.00000
29.65300	1531.00000
29.65800	1497.00000
29.66300	1464.00000
29.66800	1446.00000
29.67300	1419.00000
29.67800	1450.00000
29.68300	1479.00000
29.68800	1483.00000
29.69300	1471.00000
29.69800	1425.00000
29.70300	1446.00000
29.70800	1487.00000
29.71300	1539.00000
29.71800	1536.00000
29.72300	1460.00000
29.72800	1436.00000
29.73300	1435.00000
29.73800	1448.00000
29.74300	1472.00000
29.74800	1460.00000
29.75300	1465.00000
29.75800	1480.00000
29.76300	1490.00000
29.76800	1510.00000
29.77300	1562.00000
29.77800	1567.00000
29.78300	1570.00000
29.78800	1582.00000
29.79300	1537.00000
29.79800	1546.00000
29.80300	1541.00000
29.80800	1522.00000
29.81300	1529.00000
29.81800	1530.00000
29.82300	1512.00000
29.82800	1489.00000
29.83300	1515.00000
29.83800	1518.00000
29.84300	1508.00000
29.84800	1526.00000
29.85300	1580.00000
29.85800	1590.00000
29.86300	1539.00000
29.86800	1479.00000
29.87300	1462.00000
29.87800	1488.00000
29.88300	1543.00000
29.88800	1546.00000
29.89300	1532.00000
29.89800	1541.00000
29.90300	1545.00000
29.90800	1578.00000
29.91300	1665.00000
29.91800	1712.00000
29.92300	1688.00000
29.92800	1657.00000
29.93300	1689.00000
29.93800	1744.00000
29.94300	1736.00000
29.94800	1696.00000
29.95300	1709.00000
29.95800	1734.00000
29.96300	1741.00000
29.96800	1726.00000
29.97300	1706.00000
29.97800	1715.00000
29.98300	1742.00000
29.98800	1753.00000
29.99300	1746.00000
29.99800	1745.00000
30.00300	1746.00000
30.00800	1714.00000
30.01300	1684.00000
30.01800	1683.00000
30.02300	1703.00000
30.02800	1684.00000
30.03300	1611.00000
30.03800	1556.00000
30.04300	1526.00000
30.04800	1554.00000
30.05300	1585.00000
30.05800	1599.00000
30.06300	1622.00000
30.06800	1612.00000
30.07300	1558.00000
30.07800	1507.00000
30.08300	1515.00000
30.08800	1564.00000
30.09300	1553.00000
30.09800	1526.00000
30.10300	1500.00000
30.10800	1471.00000
30.11300	1464.00000
30.11800	1463.00000
30.12300	1444.00000
30.12800	1444.00000
30.13300	1479.00000
30.13800	1496.00000
30.14300	1508.00000
30.14800	1487.00000
30.15300	1495.00000
30.15800	1482.00000
30.16300	1464.00000
30.16800	1491.00000
30.17300	1522.00000
30.17800	1570.00000
30.18300	1574.00000
30.18800	1533.00000
30.19300	1518.00000
30.19800	1537.00000
30.20300	1558.00000
30.20800	1592.00000
30.21300	1588.00000
30.21800	1504.00000
30.22300	1506.00000
30.22800	1555.00000
30.23300	1546.00000
30.23800	1533.00000
30.24300	1528.00000
30.24800	1536.00000
30.25300	1546.00000
30.25800	1532.00000
30.26300	1573.00000
30.26800	1623.00000
30.27300	1597.00000
30.27800	1581.00000
30.28300	1591.00000
30.28800	1603.00000
30.29300	1582.00000
30.29800	1583.00000
30.30300	1600.00000
30.30800	1610.00000
30.31300	1598.00000
30.31800	1585.00000
30.32300	1572.00000
30.32800	1579.00000
30.33300	1600.00000
30.33800	1577.00000
30.34300	1536.00000
30.34800	1542.00000
30.35300	1547.00000
30.35800	1542.00000
30.36300	1562.00000
30.36800	1572.00000
30.37300	1561.00000
30.37800	1559.00000
30.38300	1553.00000
30.38800	1525.00000
30.39300	1518.00000
30.39800	1518.00000
30.40300	1548.00000
30.40800	1603.00000
30.41300	1563.00000
30.41800	1556.00000
30.42300	1584.00000
30.42800	1600.00000
30.43300	1590.00000
30.43800	1582.00000
30.44300	1603.00000
30.44800	1639.00000
30.45300	1619.00000
30.45800	1625.00000
30.46300	1674.00000
30.46800	1726.00000
30.47300	1738.00000
30.47800	1697.00000
30.48300	1676.00000
30.48800	1681.00000
30.49300	1688.00000
30.49800	1648.00000
30.50300	1672.00000
30.50800	1753.00000
30.51300	1780.00000
30.51800	1784.00000
30.52300	1814.00000
30.52800	1825.00000
30.53300	1815.00000
30.53800	1842.00000
30.54300	1872.00000
30.54800	1916.00000
30.55300	1916.00000
30.55800	1888.00000
30.56300	1922.00000
30.56800	1927.00000
30.57300	1914.00000
30.57800	1967.00000
30.58300	2027.00000
30.58800	1986.00000
30.59300	1949.00000
30.59800	1964.00000
30.60300	2063.00000
30.60800	2164.00000
30.61300	2201.00000
30.61800	2202.00000
30.62300	2210.00000
30.62800	2241.00000
30.63300	2273.00000
30.63800	2320.00000
30.64300	2392.00000
30.64800	2412.00000
30.65300	2389.00000
30.65800	2383.00000
30.66300	2420.00000
30.66800	2476.00000
30.67300	2495.00000
30.67800	2519.00000
30.68300	2546.00000
30.68800	2533.00000
30.69300	2518.00000
30.69800	2483.00000
30.70300	2396.00000
30.70800	2308.00000
30.71300	2233.00000
30.71800	2198.00000
30.72300	2176.00000
30.72800	2189.00000
30.73300	2154.00000
30.73800	2170.00000
30.74300	2147.00000
30.74800	2083.00000
30.75300	2083.00000
30.75800	2138.00000
30.76300	2178.00000
30.76800	2223.00000
30.77300	2223.00000
30.77800	2219.00000
30.78300	2169.00000
30.78800	2143.00000
30.79300	2136.00000
30.79800	2128.00000
30.80300	2113.00000
30.80800	2113.00000
30.81300	2193.00000
30.81800	2223.00000
30.82300	2231.00000
30.82800	2262.00000
30.83300	2309.00000
30.83800	2403.00000
30.84300	2462.00000
30.84800	2493.00000
30.85300	2484.00000
30.85800	2533.00000
30.86300	2569.00000
30.86800	2561.00000
30.87300	2580.00000
30.87800	2652.00000
30.88300	2743.00000
30.88800	2831.00000
30.89300	2910.00000
30.89800	2974.00000
30.90300	3025.00000
30.90800	3058.00000
30.91300	3179.00000
30.91800	3310.00000
30.92300	3452.00000
30.92800	3668.00000
30.93300	3773.00000
30.93800	3762.00000
30.94300	3799.00000
30.94800	3929.00000
30.95300	4166.00000
30.95800	4328.00000
30.96300	4553.00000
30.96800	4717.00000
30.97300	4961.00000
30.97800	5174.00000
30.98300	5292.00000
30.98800	5572.00000
30.99300	5848.00000
30.99800	6168.00000
31.00300	6434.00000
31.00800	6664.00000
31.01300	6982.00000
31.01800	7411.00000
31.02300	7662.00000
31.02800	7816.00000
31.03300	8079.00000
31.03800	8427.00000
31.04300	8698.00000
31.04800	9074.00000
31.05300	9289.00000
31.05800	9437.00000
31.06300	9851.00000
31.06800	10026.00000
31.07300	10044.00000
31.07800	10054.00000
31.08300	10022.00000
31.08800	9771.00000
31.09300	9616.00000
31.09800	9494.00000
31.10300	9122.00000
31.10800	8648.00000
31.11300	8198.00000
31.11800	7689.00000
31.12300	7207.00000
31.12800	6833.00000
31.13300	6489.00000
31.13800	6078.00000
31.14300	5631.00000
31.14800	5257.00000
31.15300	4952.00000
31.15800	4689.00000
31.16300	4397.00000
31.16800	4128.00000
31.17300	3941.00000
31.17800	3738.00000
31.18300	3503.00000
31.18800	3305.00000
31.19300	3171.00000
31.19800	3051.00000
31.20300	2983.00000
31.20800	2846.00000
31.21300	2723.00000
31.21800	2621.00000
31.22300	2580.00000
31.22800	2500.00000
31.23300	2433.00000
31.23800	2373.00000
31.24300	2261.00000
31.24800	2203.00000
31.25300	2198.00000
31.25800	2127.00000
31.26300	2099.00000
31.26800	2050.00000
31.27300	2065.00000
31.27800	2056.00000
31.28300	2042.00000
31.28800	2043.00000
31.29300	2039.00000
31.29800	1998.00000
31.30300	1986.00000
31.30800	1943.00000
31.31300	1885.00000
31.31800	1830.00000
31.32300	1781.00000
31.32800	1807.00000
31.33300	1820.00000
31.33800	1838.00000
31.34300	1866.00000
31.34800	1769.00000
31.35300	1724.00000
31.35800	1699.00000
31.36300	1692.00000
31.36800	1626.00000
31.37300	1594.00000
31.37800	1601.00000
31.38300	1597.00000
31.38800	1650.00000
31.39300	1668.00000
31.39800	1641.00000
31.40300	1637.00000
31.40800	1643.00000
31.41300	1658.00000
31.41800	1667.00000
31.42300	1646.00000
31.42800	1615.00000
31.43300	1645.00000
31.43800	1623.00000
31.44300	1588.00000
31.44800	1556.00000
31.45300	1550.00000
31.45800	1545.00000
31.46300	1504.00000
31.46800	1499.00000
31.47300	1494.00000
31.47800	1538.00000
31.48300	1568.00000
31.48800	1548.00000
31.49300	1478.00000
31.49800	1485.00000
31.50300	1511.00000
31.50800	1496.00000
31.51300	1480.00000
31.51800	1522.00000
31.52300	1528.00000
31.52800	1584.00000
31.53300	1538.00000
31.53800	1503.00000
31.54300	1495.00000
31.54800	1471.00000
31.55300	1498.00000
31.55800	1512.00000
31.56300	1496.00000
31.56800	1478.00000
31.57300	1449.00000
31.57800	1489.00000
31.58300	1510.00000
31.58800	1530.00000
31.59300	1590.00000
31.59800	1586.00000
31.60300	1591.00000
31.60800	1535.00000
31.61300	1513.00000
31.61800	1480.00000
31.62300	1481.00000
31.62800	1431.00000
31.63300	1394.00000
31.63800	1403.00000
31.64300	1428.00000
31.64800	1400.00000
31.65300	1391.00000
31.65800	1431.00000
31.66300	1456.00000
31.66800	1473.00000
31.67300	1468.00000
31.67800	1430.00000
31.68300	1419.00000
31.68800	1394.00000
31.69300	1447.00000
31.69800	1500.00000
31.70300	1457.00000
31.70800	1452.00000
31.71300	1423.00000
31.71800	1406.00000
31.72300	1469.00000
31.72800	1530.00000
31.73300	1533.00000
31.73800	1476.00000
31.74300	1465.00000
31.74800	1447.00000
31.75300	1511.00000
31.75800	1514.00000
31.76300	1424.00000
31.76800	1427.00000
31.77300	1410.00000
31.77800	1387.00000
31.78300	1406.00000
31.78800	1430.00000
31.79300	1486.00000
31.79800	1423.00000
31.80300	1439.00000
31.80800	1432.00000
31.81300	1430.00000
31.81800	1426.00000
31.82300	1427.00000
31.82800	1377.00000
31.83300	1375.00000
31.83800	1417.00000
31.84300	1443.00000
31.84800	1440.00000
31.85300	1422.00000
31.85800	1427.00000
31.86300	1394.00000
31.86800	1387.00000
31.87300	1375.00000
31.87800	1349.00000
31.88300	1381.00000
31.88800	1362.00000
31.89300	1427.00000
31.89800	1453.00000
31.90300	1437.00000
31.90800	1433.00000
31.91300	1388.00000
31.91800	1410.00000
31.92300	1488.00000
31.92800	1488.00000
31.93300	1466.00000
31.93800	1477.00000
31.94300	1424.00000
31.94800	1390.00000
31.95300	1368.00000
31.95800	1362.00000
31.96300	1356.00000
31.96800	1350.00000
31.97300	1360.00000
31.97800	1376.00000
31.98300	1296.00000
31.98800	1344.00000
31.99300	1344.00000
31.99800	1378.00000
32.00300	1361.00000
32.00800	1383.00000
32.01300	1396.00000
32.01800	1429.00000
32.02300	1456.00000
32.02800	1437.00000
32.03300	1443.00000
32.03800	1406.00000
32.04300	1392.00000
32.04800	1407.00000
32.05300	1414.00000
32.05800	1414.00000
32.06300	1421.00000
32.06800	1423.00000
32.07300	1402.00000
32.07800	1377.00000
32.08300	1347.00000
32.08800	1370.00000
32.09300	1435.00000
32.09800	1428.00000
32.10300	1477.00000
32.10800	1453.00000
32.11300	1426.00000
32.11800	1408.00000
32.12300	1443.00000
32.12800	1458.00000
32.13300	1427.00000
32.13800	1355.00000
32.14300	1315.00000
32.14800	1327.00000
32.15300	1392.00000
32.15800	1445.00000
32.16300	1473.00000
32.16800	1485.00000
32.17300	1394.00000
32.17800	1424.00000
32.18300	1485.00000
32.18800	1452.00000
32.19300	1444.00000
32.19800	1432.00000
32.20300	1362.00000
32.20800	1362.00000
32.21300	1402.00000
32.21800	1391.00000
32.22300	1381.00000
32.22800	1382.00000
32.23300	1378.00000
32.23800	1364.00000
32.24300	1342.00000
32.24800	1395.00000
32.25300	1321.00000
32.25800	1363.00000
32.26300	1384.00000
32.26800	1387.00000
32.27300	1406.00000
32.27800	1401.00000
32.28300	1383.00000
32.28800	1412.00000
32.29300	1410.00000
32.29800	1355.00000
32.30300	1357.00000
32.30800	1379.00000
32.31300	1351.00000
32.31800	1350.00000
32.32300	1286.00000
32.32800	1354.00000
32.33300	1416.00000
32.33800	1445.00000
32.34300	1431.00000
32.34800	1341.00000
32.35300	1338.00000
32.35800	1363.00000
32.36300	1345.00000
32.36800	1412.00000
32.37300	1380.00000
32.37800	1370.00000
32.38300	1424.00000
32.38800	1448.00000
32.39300	1487.00000
32.39800	1446.00000
32.40300	1387.00000
32.40800	1327.00000
32.41300	1386.00000
32.41800	1417.00000
32.42300	1386.00000
32.42800	1337.00000
32.43300	1359.00000
32.43800	1353.00000
32.44300	1434.00000
32.44800	1436.00000
32.45300	1408.00000
32.45800	1403.00000
32.46300	1438.00000
32.46800	1412.00000
32.47300	1471.00000
32.47800	1429.00000
32.48300	1468.00000
32.48800	1513.00000
32.49300	1472.00000
32.49800	1450.00000
32.50300	1460.00000
32.50800	1487.00000
32.51300	1453.00000
32.51800	1442.00000
32.52300	1461.00000
32.52800	1458.00000
32.53300	1503.00000
32.53800	1474.00000
32.54300	1530.00000
32.54800	1579.00000
32.55300	1580.00000
32.55800	1621.00000
32.56300	1605.00000
32.56800	1628.00000
32.57300	1605.00000
32.57800	1647.00000
32.58300	1646.00000
32.58800	1710.00000
32.59300	1696.00000
32.59800	1746.00000
32.60300	1775.00000
32.60800	1712.00000
32.61300	1760.00000
32.61800	1769.00000
32.62300	1769.00000
32.62800	1798.00000
32.63300	1781.00000
32.63800	1847.00000
32.64300	1766.00000
32.64800	1797.00000
32.65300	1825.00000
32.65800	1799.00000
32.66300	1783.00000
32.66800	1717.00000
32.67300	1684.00000
32.67800	1643.00000
32.68300	1689.00000
32.68800	1774.00000
32.69300	1730.00000
32.69800	1650.00000
32.70300	1603.00000
32.70800	1555.00000
32.71300	1527.00000
32.71800	1547.00000
32.72300	1530.00000
32.72800	1473.00000
32.73300	1482.00000
32.73800	1488.00000
32.74300	1497.00000
32.74800	1545.00000
32.75300	1515.00000
32.75800	1502.00000
32.76300	1494.00000
32.76800	1445.00000
32.77300	1400.00000
32.77800	1468.00000
32.78300	1413.00000
32.78800	1357.00000
32.79300	1395.00000
32.79800	1429.00000
32.80300	1432.00000
32.80800	1470.00000
32.81300	1436.00000
32.81800	1405.00000
32.82300	1447.00000
32.82800	1477.00000
32.83300	1438.00000
32.83800	1390.00000
32.84300	1408.00000
32.84800	1346.00000
32.85300	1303.00000
32.85800	1294.00000
32.86300	1313.00000
32.86800	1330.00000
32.87300	1290.00000
32.87800	1280.00000
32.88300	1370.00000
32.88800	1381.00000
32.89300	1381.00000
32.89800	1434.00000
32.90300	1419.00000
32.90800	1389.00000
32.91300	1420.00000
32.91800	1444.00000
32.92300	1453.00000
32.92800	1471.00000
32.93300	1441.00000
32.93800	1384.00000
32.94300	1387.00000
32.94800	1375.00000
32.95300	1358.00000
32.95800	1343.00000
32.96300	1368.00000
32.96800	1371.00000
32.97300	1382.00000
32.97800	1377.00000
32.98300	1345.00000
32.98800	1296.00000
32.99300	1344.00000
32.99800	1373.00000
33.00300	1393.00000
33.00800	1391.00000
33.01300	1379.00000
33.01800	1397.00000
33.02300	1397.00000
33.02800	1431.00000
33.03300	1415.00000
33.03800	1444.00000
33.04300	1448.00000
33.04800	1413.00000
33.05300	1433.00000
33.05800	1425.00000
33.06300	1392.00000
33.06800	1395.00000
33.07300	1394.00000
33.07800	1387.00000
33.08300	1325.00000
33.08800	1347.00000
33.09300	1351.00000
33.09800	1364.00000
33.10300	1360.00000
33.10800	1421.00000
33.11300	1429.00000
33.11800	1420.00000
33.12300	1467.00000
33.12800	1450.00000
33.13300	1490.00000
33.13800	1461.00000
33.14300	1492.00000
33.14800	1515.00000
33.15300	1522.00000
33.15800	1487.00000
33.16300	1510.00000
33.16800	1473.00000
33.17300	1507.00000
33.17800	1478.00000
33.18300	1480.00000
33.18800	1439.00000
33.19300	1415.00000
33.19800	1436.00000
33.20300	1444.00000
33.20800	1465.00000
33.21300	1410.00000
33.21800	1378.00000
33.22300	1371.00000
33.22800	1367.00000
33.23300	1356.00000
33.23800	1305.00000
33.24300	1271.00000
33.24800	1308.00000
33.25300	1311.00000
33.25800	1278.00000
33.26300	1317.00000
33.26800	1297.00000
33.27300	1392.00000
33.27800	1347.00000
33.28300	1262.00000
33.28800	1313.00000
33.29300	1352.00000
33.29800	1372.00000
33.30300	1310.00000
33.30800	1291.00000
33.31300	1328.00000
33.31800	1386.00000
33.32300	1359.00000
33.32800	1339.00000
33.33300	1303.00000
33.33800	1348.00000
33.34300	1291.00000
33.34800	1241.00000
33.35300	1263.00000
33.35800	1339.00000
33.36300	1346.00000
33.36800	1338.00000
33.37300	1306.00000
33.37800	1243.00000
33.38300	1303.00000
33.38800	1322.00000
33.39300	1297.00000
33.39800	1306.00000
33.40300	1274.00000
33.40800	1277.00000
33.41300	1269.00000
33.41800	1316.00000
33.42300	1338.00000
33.42800	1402.00000
33.43300	1386.00000
33.43800	1402.00000
33.44300	1399.00000
33.44800	1360.00000
33.45300	1301.00000
33.45800	1274.00000
33.46300	1299.00000
33.46800	1322.00000
33.47300	1299.00000
33.47800	1350.00000
33.48300	1356.00000
33.48800	1366.00000
33.49300	1425.00000
33.49800	1494.00000
33.50300	1433.00000
33.50800	1377.00000
33.51300	1447.00000
33.51800	1388.00000
33.52300	1385.00000
33.52800	1359.00000
33.53300	1336.00000
33.53800	1336.00000
33.54300	1314.00000
33.54800	1404.00000
33.55300	1449.00000
33.55800	1362.00000
33.56300	1382.00000
33.56800	1389.00000
33.57300	1378.00000
33.57800	1379.00000
33.58300	1408.00000
33.58800	1419.00000
33.59300	1385.00000
33.59800	1454.00000
33.60300	1437.00000
33.60800	1446.00000
33.61300	1462.00000
33.61800	1518.00000
33.62300	1521.00000
33.62800	1535.00000
33.63300	1565.00000
33.63800	1534.00000
33.64300	1546.00000
33.64800	1552.00000
33.65300	1567.00000
33.65800	1631.00000
33.66300	1633.00000
33.66800	1675.00000
33.67300	1687.00000
33.67800	1676.00000
33.68300	1675.00000
33.68800	1708.00000
33.69300	1753.00000
33.69800	1804.00000
33.70300	1856.00000
33.70800	1867.00000
33.71300	1874.00000
33.71800	1909.00000
33.72300	1969.00000
33.72800	1987.00000
33.73300	2071.00000
33.73800	2097.00000
33.74300	2110.00000
33.74800	2158.00000
33.75300	2173.00000
33.75800	2181.00000
33.76300	2213.00000
33.76800	2305.00000
33.77300	2359.00000
33.77800	2315.00000
33.78300	2269.00000
33.78800	2236.00000
33.79300	2245.00000
33.79800	2190.00000
33.80300	2151.00000
33.80800	2177.00000
33.81300	2203.00000
33.81800	2155.00000
33.82300	2106.00000
33.82800	2012.00000
33.83300	1922.00000
33.83800	1895.00000
33.84300	1821.00000
33.84800	1790.00000
33.85300	1702.00000
33.85800	1729.00000
33.86300	1724.00000
33.86800	1788.00000
33.87300	1685.00000
33.87800	1634.00000
33.88300	1648.00000
33.88800	1562.00000
33.89300	1544.00000
33.89800	1563.00000
33.90300	1502.00000
33.90800	1472.00000
33.91300	1438.00000
33.91800	1452.00000
33.92300	1451.00000
33.92800	1459.00000
33.93300	1429.00000
33.93800	1385.00000
33.94300	1427.00000
33.94800	1447.00000
33.95300	1487.00000
33.95800	1513.00000
33.96300	1529.00000
33.96800	1463.00000
33.97300	1506.00000
33.97800	1482.00000
33.98300	1461.00000
33.98800	1518.00000
33.99300	1537.00000
33.99800	1515.00000
34.00300	1513.00000
34.00800	1536.00000
34.01300	1557.00000
34.01800	1517.00000
34.02300	1533.00000
34.02800	1582.00000
34.03300	1567.00000
34.03800	1618.00000
34.04300	1621.00000
34.04800	1551.00000
34.05300	1554.00000
34.05800	1507.00000
34.06300	1486.00000
34.06800	1588.00000
34.07300	1596.00000
34.07800	1598.00000
34.08300	1648.00000
34.08800	1682.00000
34.09300	1674.00000
34.09800	1691.00000
34.10300	1713.00000
34.10800	1774.00000
34.11300	1794.00000
34.11800	1809.00000
34.12300	1828.00000
34.12800	1827.00000
34.13300	1900.00000
34.13800	1960.00000
34.14300	2033.00000
34.14800	2036.00000
34.15300	2071.00000
34.15800	2129.00000
34.16300	2141.00000
34.16800	2203.00000
34.17300	2270.00000
34.17800	2294.00000
34.18300	2335.00000
34.18800	2469.00000
34.19300	2494.00000
34.19800	2577.00000
34.20300	2665.00000
34.20800	2758.00000
34.21300	2876.00000
34.21800	2987.00000
34.22300	2944.00000
34.22800	3011.00000
34.23300	3195.00000
34.23800	3306.00000
34.24300	3341.00000
34.24800	3421.00000
34.25300	3477.00000
34.25800	3563.00000
34.26300	3650.00000
34.26800	3729.00000
34.27300	3719.00000
34.27800	3676.00000
34.28300	3675.00000
34.28800	3697.00000
34.29300	3726.00000
34.29800	3795.00000
34.30300	3742.00000
34.30800	3531.00000
34.31300	3381.00000
34.31800	3225.00000
34.32300	3027.00000
34.32800	2910.00000
34.33300	2871.00000
34.33800	2702.00000
34.34300	2512.00000
34.34800	2426.00000
34.35300	2346.00000
34.35800	2310.00000
34.36300	2195.00000
34.36800	2133.00000
34.37300	2037.00000
34.37800	1953.00000
34.38300	1906.00000
34.38800	1903.00000
34.39300	1901.00000
34.39800	1787.00000
34.40300	1707.00000
34.40800	1647.00000
34.41300	1680.00000
34.41800	1656.00000
34.42300	1574.00000
34.42800	1519.00000
34.43300	1474.00000
34.43800	1458.00000
34.44300	1484.00000
34.44800	1481.00000
34.45300	1463.00000
34.45800	1474.00000
34.46300	1539.00000
34.46800	1560.00000
34.47300	1514.00000
34.47800	1473.00000
34.48300	1450.00000
34.48800	1451.00000
34.49300	1507.00000
34.49800	1478.00000
34.50300	1444.00000
34.50800	1433.00000
34.51300	1440.00000
34.51800	1483.00000
34.52300	1430.00000
34.52800	1379.00000
34.53300	1416.00000
34.53800	1411.00000
34.54300	1366.00000
34.54800	1301.00000
34.55300	1311.00000
34.55800	1374.00000
34.56300	1397.00000
34.56800	1396.00000
34.57300	1335.00000
34.57800	1282.00000
34.58300	1359.00000
34.58800	1357.00000
34.59300	1363.00000
34.59800	1363.00000
34.60300	1318.00000
34.60800	1362.00000
34.61300	1422.00000
34.61800	1378.00000
34.62300	1349.00000
34.62800	1330.00000
34.63300	1344.00000
34.63800	1338.00000
34.64300	1316.00000
34.64800	1308.00000
34.65300	1322.00000
34.65800	1323.00000
34.66300	1339.00000
34.66800	1328.00000
34.67300	1345.00000
34.67800	1372.00000
34.68300	1379.00000
34.68800	1402.00000
34.69300	1339.00000
34.69800	1301.00000
34.70300	1353.00000
34.70800	1358.00000
34.71300	1371.00000
34.71800	1354.00000
34.72300	1337.00000
34.72800	1358.00000
34.73300	1329.00000
34.73800	1320.00000
34.74300	1312.00000
34.74800	1364.00000
34.75300	1386.00000
34.75800	1365.00000
34.76300	1357.00000
34.76800	1344.00000
34.77300	1294.00000
34.77800	1284.00000
34.78300	1310.00000
34.78800	1308.00000
34.79300	1331.00000
34.79800	1302.00000
34.80300	1349.00000
34.80800	1391.00000
34.81300	1339.00000
34.81800	1379.00000
34.82300	1335.00000
34.82800	1249.00000
34.83300	1203.00000
34.83800	1177.00000
34.84300	1179.00000
34.84800	1202.00000
34.85300	1249.00000
34.85800	1274.00000
34.86300	1253.00000
34.86800	1255.00000
34.87300	1275.00000
34.87800	1358.00000
34.88300	1382.00000
34.88800	1413.00000
34.89300	1404.00000
34.89800	1389.00000
34.90300	1357.00000
34.90800	1323.00000
34.91300	1320.00000
34.91800	1362.00000
34.92300	1372.00000
34.92800	1314.00000
34.93300	1305.00000
34.93800	1277.00000
34.94300	1272.00000
34.94800	1274.00000
34.95300	1223.00000
34.95800	1247.00000
34.96300	1310.00000
34.96800	1322.00000
34.97300	1330.00000
34.97800	1317.00000
34.98300	1265.00000
34.98800	1259.00000
34.99300	1254.00000
34.99800	1283.00000
35.00300	1268.00000
35.00800	1333.00000
35.01300	1289.00000
35.01800	1275.00000
35.02300	1277.00000
35.02800	1250.00000
35.03300	1240.00000
35.03800	1270.00000
35.04300	1283.00000
35.04800	1322.00000
35.05300	1321.00000
35.05800	1355.00000
35.06300	1354.00000
35.06800	1340.00000
35.07300	1294.00000
35.07800	1270.00000
35.08300	1262.00000
35.08800	1230.00000
35.09300	1281.00000
35.09800	1307.00000
35.10300	1316.00000
35.10800	1276.00000
35.11300	1293.00000
35.11800	1337.00000
35.12300	1313.00000
35.12800	1325.00000
35.13300	1357.00000
35.13800	1310.00000
35.14300	1290.00000
35.14800	1249.00000
35.15300	1261.00000
35.15800	1312.00000
35.16300	1323.00000
35.16800	1296.00000
35.17300	1325.00000
35.17800	1337.00000
35.18300	1342.00000
35.18800	1298.00000
35.19300	1294.00000
35.19800	1289.00000
35.20300	1358.00000
35.20800	1366.00000
35.21300	1341.00000
35.21800	1365.00000
35.22300	1368.00000
35.22800	1369.00000
35.23300	1372.00000
35.23800	1357.00000
35.24300	1315.00000
35.24800	1264.00000
35.25300	1324.00000
35.25800	1308.00000
35.26300	1355.00000
35.26800	1358.00000
35.27300	1383.00000
35.27800	1382.00000
35.28300	1347.00000
35.28800	1372.00000
35.29300	1382.00000
35.29800	1350.00000
35.30300	1387.00000
35.30800	1404.00000
35.31300	1439.00000
35.31800	1461.00000
35.32300	1433.00000
35.32800	1398.00000
35.33300	1414.00000
35.33800	1390.00000
35.34300	1408.00000
35.34800	1440.00000
35.35300	1448.00000
35.35800	1479.00000
35.36300	1493.00000
35.36800	1477.00000
35.37300	1504.00000
35.37800	1496.00000
35.38300	1525.00000
35.38800	1531.00000
35.39300	1582.00000
35.39800	1595.00000
35.40300	1583.00000
35.40800	1570.00000
35.41300	1597.00000
35.41800	1550.00000
35.42300	1555.00000
35.42800	1531.00000
35.43300	1550.00000
35.43800	1609.00000
35.44300	1600.00000
35.44800	1675.00000
35.45300	1714.00000
35.45800	1733.00000
35.46300	1704.00000
35.46800	1743.00000
35.47300	1782.00000
35.47800	1787.00000
35.48300	1788.00000
35.48800	1815.00000
35.49300	1861.00000
35.49800	1854.00000
35.50300	1925.00000
35.50800	1982.00000
35.51300	2092.00000
35.51800	2202.00000
35.52300	2250.00000
35.52800	2252.00000
35.53300	2186.00000
35.53800	2233.00000
35.54300	2348.00000
35.54800	2484.00000
35.55300	2550.00000
35.55800	2598.00000
35.56300	2689.00000
35.56800	2823.00000
35.57300	2871.00000
35.57800	3030.00000
35.58300	3119.00000
35.58800	3113.00000
35.59300	3206.00000
35.59800	3383.00000
35.60300	3481.00000
35.60800	3587.00000
35.61300	3742.00000
35.61800	3895.00000
35.62300	4005.00000
35.62800	3961.00000
35.63300	4058.00000
35.63800	4053.00000
35.64300	4047.00000
35.64800	4081.00000
35.65300	4281.00000
35.65800	4330.00000
35.66300	4393.00000
35.66800	4416.00000
35.67300	4521.00000
35.67800	4643.00000
35.68300	4779.00000
35.68800	4895.00000
35.69300	4990.00000
35.69800	5006.00000
35.70300	5203.00000
35.70800	5184.00000
35.71300	5219.00000
35.71800	5236.00000
35.72300	5299.00000
35.72800	5476.00000
35.73300	5505.00000
35.73800	5506.00000
35.74300	5449.00000
35.74800	5259.00000
35.75300	5183.00000
35.75800	4937.00000
35.76300	4775.00000
35.76800	4530.00000
35.77300	4288.00000
35.77800	4192.00000
35.78300	4057.00000
35.78800	3810.00000
35.79300	3509.00000
35.79800	3323.00000
35.80300	3149.00000
35.80800	2959.00000
35.81300	2778.00000
35.81800	2716.00000
35.82300	2589.00000
35.82800	2528.00000
35.83300	2377.00000
35.83800	2273.00000
35.84300	2182.00000
35.84800	2110.00000
35.85300	2070.00000
35.85800	2063.00000
35.86300	2021.00000
35.86800	1947.00000
35.87300	1888.00000
35.87800	1782.00000
35.88300	1772.00000
35.88800	1808.00000
35.89300	1771.00000
35.89800	1744.00000
35.90300	1673.00000
35.90800	1659.00000
35.91300	1638.00000
35.91800	1595.00000
35.92300	1564.00000
35.92800	1546.00000
35.93300	1533.00000
35.93800	1613.00000
35.94300	1615.00000
35.94800	1540.00000
35.95300	1603.00000
35.95800	1564.00000
35.96300	1540.00000
35.96800	1505.00000
35.97300	1509.00000
35.97800	1484.00000
35.98300	1477.00000
35.98800	1442.00000
35.99300	1433.00000
35.99800	1442.00000
36.00300	1464.00000
36.00800	1436.00000
36.01300	1438.00000
36.01800	1440.00000
36.02300	1433.00000
36.02800	1419.00000
36.03300	1405.00000
36.03800	1368.00000
36.04300	1355.00000
36.04800	1314.00000
36.05300	1364.00000
36.05800	1449.00000
36.06300	1413.00000
36.06800	1428.00000
36.07300	1393.00000
36.07800	1406.00000
36.08300	1362.00000
36.08800	1356.00000
36.09300	1391.00000
36.09800	1401.00000
36.10300	1384.00000
36.10800	1442.00000
36.11300	1444.00000
36.11800	1436.00000
36.12300	1407.00000
36.12800	1393.00000
36.13300	1430.00000
36.13800	1493.00000
36.14300	1519.00000
36.14800	1389.00000
36.15300	1377.00000
36.15800	1378.00000
36.16300	1360.00000
36.16800	1348.00000
36.17300	1307.00000
36.17800	1295.00000
36.18300	1361.00000
36.18800	1421.00000
36.19300	1380.00000
36.19800	1362.00000
36.20300	1299.00000
36.20800	1336.00000
36.21300	1333.00000
36.21800	1371.00000
36.22300	1434.00000
36.22800	1400.00000
36.23300	1418.00000
36.23800	1429.00000
36.24300	1493.00000
36.24800	1467.00000
36.25300	1507.00000
36.25800	1573.00000
36.26300	1555.00000
36.26800	1513.00000
36.27300	1523.00000
36.27800	1507.00000
36.28300	1571.00000
36.28800	1477.00000
36.29300	1466.00000
36.29800	1444.00000
36.30300	1439.00000
36.30800	1430.00000
36.31300	1446.00000
36.31800	1454.00000
36.32300	1405.00000
36.32800	1471.00000
36.33300	1455.00000
36.33800	1379.00000
36.34300	1349.00000
36.34800	1369.00000
36.35300	1342.00000
36.35800	1317.00000
36.36300	1359.00000
36.36800	1389.00000
36.37300	1389.00000
36.37800	1396.00000
36.38300	1310.00000
36.38800	1257.00000
36.39300	1237.00000
36.39800	1245.00000
36.40300	1244.00000
36.40800	1194.00000
36.41300	1201.00000
36.41800	1233.00000
36.42300	1271.00000
36.42800	1317.00000
36.43300	1229.00000
36.43800	1170.00000
36.44300	1192.00000
36.44800	1217.00000
36.45300	1231.00000
36.45800	1249.00000
36.46300	1288.00000
36.46800	1278.00000
36.47300	1246.00000
36.47800	1273.00000
36.48300	1298.00000
36.48800	1318.00000
36.49300	1284.00000
36.49800	1252.00000
36.50300	1289.00000
36.50800	1281.00000
36.51300	1299.00000
36.51800	1313.00000
36.52300	1288.00000
36.52800	1280.00000
36.53300	1234.00000
36.53800	1246.00000
36.54300	1223.00000
36.54800	1253.00000
36.55300	1292.00000
36.55800	1355.00000
36.56300	1282.00000
36.56800	1281.00000
36.57300	1263.00000
36.57800	1268.00000
36.58300	1252.00000
36.58800	1307.00000
36.59300	1338.00000
36.59800	1313.00000
36.60300	1332.00000
36.60800	1334.00000
36.61300	1257.00000
36.61800	1281.00000
36.62300	1280.00000
36.62800	1282.00000
36.63300	1249.00000
36.63800	1233.00000
36.64300	1235.00000
36.64800	1265.00000
36.65300	1246.00000
36.65800	1268.00000
36.66300	1256.00000
36.66800	1216.00000
36.67300	1230.00000
36.67800	1176.00000
36.68300	1166.00000
36.68800	1216.00000
36.69300	1265.00000
36.69800	1242.00000
36.70300	1285.00000
36.70800	1233.00000
36.71300	1231.00000
36.71800	1212.00000
36.72300	1274.00000
36.72800	1280.00000
36.73300	1254.00000
36.73800	1164.00000
36.74300	1196.00000
36.74800	1268.00000
36.75300	1271.00000
36.75800	1301.00000
36.76300	1251.00000
36.76800	1246.00000
36.77300	1307.00000
36.77800	1288.00000
36.78300	1280.00000
36.78800	1305.00000
36.79300	1287.00000
36.79800	1292.00000
36.80300	1304.00000
36.80800	1334.00000
36.81300	1323.00000
36.81800	1303.00000
36.82300	1346.00000
36.82800	1317.00000
36.83300	1291.00000
36.83800	1303.00000
36.84300	1297.00000
36.84800	1300.00000
36.85300	1232.00000
36.85800	1264.00000
36.86300	1274.00000
36.86800	1298.00000
36.87300	1328.00000
36.87800	1322.00000
36.88300	1296.00000
36.88800	1279.00000
36.89300	1223.00000
36.89800	1285.00000
36.90300	1280.00000
36.90800	1231.00000
36.91300	1240.00000
36.91800	1262.00000
36.92300	1305.00000
36.92800	1309.00000
36.93300	1311.00000
36.93800	1265.00000
36.94300	1243.00000
36.94800	1247.00000
36.95300	1271.00000
36.95800	1315.00000
36.96300	1304.00000
36.96800	1273.00000
36.97300	1231.00000
36.97800	1219.00000
36.98300	1239.00000
36.98800	1283.00000
36.99300	1329.00000
36.99800	1307.00000
37.00300	1279.00000
37.00800	1304.00000
37.01300	1337.00000
37.01800	1365.00000
37.02300	1288.00000
37.02800	1335.00000
37.03300	1317.00000
37.03800	1290.00000
37.04300	1301.00000
37.04800	1308.00000
37.05300	1333.00000
37.05800	1314.00000
37.06300	1292.00000
37.06800	1305.00000
37.07300	1316.00000
37.07800	1308.00000
37.08300	1281.00000
37.08800	1302.00000
37.09300	1289.00000
37.09800	1310.00000
37.10300	1369.00000
37.10800	1388.00000
37.11300	1343.00000
37.11800	1290.00000
37.12300	1297.00000
37.12800	1255.00000
37.13300	1326.00000
37.13800	1340.00000
37.14300	1295.00000
37.14800	1302.00000
37.15300	1281.00000
37.15800	1348.00000
37.16300	1351.00000
37.16800	1328.00000
37.17300	1311.00000
37.17800	1324.00000
37.18300	1309.00000
37.18800	1339.00000
37.19300	1375.00000
37.19800	1359.00000
37.20300	1309.00000
37.20800	1356.00000
37.21300	1412.00000
37.21800	1377.00000
37.22300	1344.00000
37.22800	1390.00000
37.23300	1375.00000
37.23800	1409.00000
37.24300	1421.00000
37.24800	1354.00000
37.25300	1365.00000
37.25800	1411.00000
37.26300	1417.00000
37.26800	1428.00000
37.27300	1487.00000
37.27800	1516.00000
37.28300	1499.00000
37.28800	1506.00000
37.29300	1548.00000
37.29800	1532.00000
37.30300	1522.00000
37.30800	1546.00000
37.31300	1600.00000
37.31800	1623.00000
37.32300	1644.00000
37.32800	1632.00000
37.33300	1612.00000
37.33800	1636.00000
37.34300	1714.00000
37.34800	1732.00000
37.35300	1667.00000
37.35800	1685.00000
37.36300	1733.00000
37.36800	1760.00000
37.37300	1755.00000
37.37800	1751.00000
37.38300	1750.00000
37.38800	1867.00000
37.39300	1925.00000
37.39800	1963.00000
37.40300	1967.00000
37.40800	1979.00000
37.41300	2046.00000
37.41800	2022.00000
37.42300	2059.00000
37.42800	2092.00000
37.43300	2136.00000
37.43800	2193.00000
37.44300	2251.00000
37.44800	2241.00000
37.45300	2282.00000
37.45800	2346.00000
37.46300	2406.00000
37.46800	2445.00000
37.47300	2418.00000
37.47800	2483.00000
37.48300	2486.00000
37.48800	2373.00000
37.49300	2290.00000
37.49800	2133.00000
37.50300	2024.00000
37.50800	2021.00000
37.51300	2006.00000
37.51800	1946.00000
37.52300	1903.00000
37.52800	1947.00000
37.53300	1857.00000
37.53800	1755.00000
37.54300	1706.00000
37.54800	1678.00000
37.55300	1675.00000
37.55800	1659.00000
37.56300	1608.00000
37.56800	1560.00000
37.57300	1578.00000
37.57800	1555.00000
37.58300	1480.00000
37.58800	1509.00000
37.59300	1592.00000
37.59800	1608.00000
37.60300	1567.00000
37.60800	1511.00000
37.61300	1514.00000
37.61800	1483.00000
37.62300	1468.00000
37.62800	1519.00000
37.63300	1527.00000
37.63800	1553.00000
37.64300	1551.00000
37.64800	1550.00000
37.65300	1519.00000
37.65800	1510.00000
37.66300	1518.00000
37.66800	1574.00000
37.67300	1554.00000
37.67800	1566.00000
37.68300	1528.00000
37.68800	1511.00000
37.69300	1536.00000
37.69800	1522.00000
37.70300	1505.00000
37.70800	1531.00000
37.71300	1547.00000
37.71800	1531.00000
37.72300	1516.00000
37.72800	1504.00000
37.73300	1543.00000
37.73800	1581.00000
37.74300	1604.00000
37.74800	1603.00000
37.75300	1611.00000
37.75800	1652.00000
37.76300	1636.00000
37.76800	1590.00000
37.77300	1590.00000
37.77800	1645.00000
37.78300	1680.00000
37.78800	1722.00000
37.79300	1758.00000
37.79800	1745.00000
37.80300	1782.00000
37.80800	1790.00000
37.81300	1753.00000
37.81800	1739.00000
37.82300	1793.00000
37.82800	1872.00000
37.83300	1898.00000
37.83800	1913.00000
37.84300	1943.00000
37.84800	1970.00000
37.85300	2030.00000
37.85800	2085.00000
37.86300	2081.00000
37.86800	2107.00000
37.87300	2129.00000
37.87800	2171.00000
37.88300	2221.00000
37.88800	2337.00000
37.89300	2438.00000
37.89800	2536.00000
37.90300	2594.00000
37.90800	2643.00000
37.91300	2711.00000
37.91800	2802.00000
37.92300	2889.00000
37.92800	2916.00000
37.93300	3082.00000
37.93800	3225.00000
37.94300	3279.00000
37.94800	3378.00000
37.95300	3483.00000
37.95800	3554.00000
37.96300	3654.00000
37.96800	3850.00000
37.97300	4038.00000
37.97800	4214.00000
37.98300	4377.00000
37.98800	4488.00000
37.99300	4671.00000
37.99800	4941.00000
38.00300	5098.00000
38.00800	5176.00000
38.01300	5320.00000
38.01800	5481.00000
38.02300	5605.00000
38.02800	5788.00000
38.03300	5940.00000
38.03800	6113.00000
38.04300	6189.00000
38.04800	6173.00000
38.05300	6087.00000
38.05800	6050.00000
38.06300	5992.00000
38.06800	5854.00000
38.07300	5645.00000
38.07800	5458.00000
38.08300	5294.00000
38.08800	5111.00000
38.09300	4849.00000
38.09800	4702.00000
38.10300	4565.00000
38.10800	4407.00000
38.11300	4213.00000
38.11800	4052.00000
38.12300	3932.00000
38.12800	3804.00000
38.13300	3682.00000
38.13800	3558.00000
38.14300	3466.00000
38.14800	3444.00000
38.15300	3450.00000
38.15800	3402.00000
38.16300	3421.00000
38.16800	3483.00000
38.17300	3574.00000
38.17800	3568.00000
38.18300	3629.00000
38.18800	3748.00000
38.19300	3817.00000
38.19800	3847.00000
38.20300	3904.00000
38.20800	3941.00000
38.21300	4047.00000
38.21800	4114.00000
38.22300	4195.00000
38.22800	4289.00000
38.23300	4467.00000
38.23800	4696.00000
38.24300	4787.00000
38.24800	4931.00000
38.25300	5146.00000
38.25800	5343.00000
38.26300	5596.00000
38.26800	5852.00000
38.27300	6063.00000
38.27800	6322.00000
38.28300	6644.00000
38.28800	6975.00000
38.29300	7359.00000
38.29800	7817.00000
38.30300	8064.00000
38.30800	8385.00000
38.31300	8790.00000
38.31800	9157.00000
38.32300	9572.00000
38.32800	10059.00000
38.33300	10561.00000
38.33800	10922.00000
38.34300	11339.00000
38.34800	11722.00000
38.35300	11988.00000
38.35800	12124.00000
38.36300	12285.00000
38.36800	12484.00000
38.37300	12682.00000
38.37800	12723.00000
38.38300	12598.00000
38.38800	12408.00000
38.39300	12129.00000
38.39800	11826.00000
38.40300	11486.00000
38.40800	11129.00000
38.41300	10782.00000
38.41800	10366.00000
38.42300	9905.00000
38.42800	9424.00000
38.43300	9102.00000
38.43800	8832.00000
38.44300	8572.00000
38.44800	8345.00000
38.45300	8058.00000
38.45800	7878.00000
38.46300	7818.00000
38.46800	7657.00000
38.47300	7482.00000
38.47800	7401.00000
38.48300	7180.00000
38.48800	6932.00000
38.49300	6830.00000
38.49800	6633.00000
38.50300	6395.00000
38.50800	6146.00000
38.51300	5872.00000
38.51800	5590.00000
38.52300	5347.00000
38.52800	5080.00000
38.53300	4856.00000
38.53800	4686.00000
38.54300	4442.00000
38.54800	4199.00000
38.55300	3991.00000
38.55800	3808.00000
38.56300	3655.00000
38.56800	3546.00000
38.57300	3447.00000
38.57800	3326.00000
38.58300	3172.00000
38.58800	3069.00000
38.59300	2970.00000
38.59800	2885.00000
38.60300	2860.00000
38.60800	2799.00000
38.61300	2723.00000
38.61800	2674.00000
38.62300	2608.00000
38.62800	2525.00000
38.63300	2430.00000
38.63800	2341.00000
38.64300	2307.00000
38.64800	2341.00000
38.65300	2355.00000
38.65800	2352.00000
38.66300	2327.00000
38.66800	2260.00000
38.67300	2208.00000
38.67800	2214.00000
38.68300	2212.00000
38.68800	2153.00000
38.69300	2112.00000
38.69800	2112.00000
38.70300	2141.00000
38.70800	2171.00000
38.71300	2168.00000
38.71800	2156.00000
38.72300	2142.00000
38.72800	2118.00000
38.73300	2092.00000
38.73800	2117.00000
38.74300	2162.00000
38.74800	2175.00000
38.75300	2186.00000
38.75800	2144.00000
38.76300	2112.00000
38.76800	2119.00000
38.77300	2147.00000
38.77800	2241.00000
38.78300	2279.00000
38.78800	2258.00000
38.79300	2345.00000
38.79800	2446.00000
38.80300	2412.00000
38.80800	2386.00000
38.81300	2463.00000
38.81800	2522.00000
38.82300	2567.00000
38.82800	2637.00000
38.83300	2684.00000
38.83800	2759.00000
38.84300	2833.00000
38.84800	2855.00000
38.85300	2916.00000
38.85800	2991.00000
38.86300	3066.00000
38.86800	3202.00000
38.87300	3254.00000
38.87800	3265.00000
38.88300	3351.00000
38.88800	3426.00000
38.89300	3549.00000
38.89800	3699.00000
38.90300	3847.00000
38.90800	3891.00000
38.91300	3842.00000
38.91800	3814.00000
38.92300	3871.00000
38.92800	3912.00000
38.93300	3833.00000
38.93800	3780.00000
38.94300	3770.00000
38.94800	3685.00000
38.95300	3544.00000
38.95800	3403.00000
38.96300	3209.00000
38.96800	3050.00000
38.97300	2978.00000
38.97800	2886.00000
38.98300	2748.00000
38.98800	2642.00000
38.99300	2592.00000
38.99800	2527.00000
39.00300	2424.00000
39.00800	2271.00000
39.01300	2152.00000
39.01800	2077.00000
39.02300	2056.00000
39.02800	2043.00000
39.03300	2002.00000
39.03800	2006.00000
39.04300	1994.00000
39.04800	1933.00000
39.05300	1882.00000
39.05800	1817.00000
39.06300	1760.00000
39.06800	1763.00000
39.07300	1790.00000
39.07800	1790.00000
39.08300	1752.00000
39.08800	1776.00000
39.09300	1809.00000
39.09800	1778.00000
39.10300	1728.00000
39.10800	1645.00000
39.11300	1652.00000
39.11800	1680.00000
39.12300	1710.00000
39.12800	1746.00000
39.13300	1708.00000
39.13800	1706.00000
39.14300	1726.00000
39.14800	1665.00000
39.15300	1609.00000
39.15800	1587.00000
39.16300	1536.00000
39.16800	1516.00000
39.17300	1588.00000
39.17800	1589.00000
39.18300	1551.00000
39.18800	1538.00000
39.19300	1563.00000
39.19800	1608.00000
39.20300	1592.00000
39.20800	1572.00000
39.21300	1570.00000
39.21800	1579.00000
39.22300	1578.00000
39.22800	1582.00000
39.23300	1607.00000
39.23800	1592.00000
39.24300	1609.00000
39.24800	1606.00000
39.25300	1584.00000
39.25800	1576.00000
39.26300	1570.00000
39.26800	1567.00000
39.27300	1551.00000
39.27800	1543.00000
39.28300	1537.00000
39.28800	1496.00000
39.29300	1496.00000
39.29800	1535.00000
39.30300	1543.00000
39.30800	1546.00000
39.31300	1550.00000
39.31800	1518.00000
39.32300	1509.00000
39.32800	1583.00000
39.33300	1605.00000
39.33800	1621.00000
39.34300	1624.00000
39.34800	1606.00000
39.35300	1597.00000
39.35800	1594.00000
39.36300	1585.00000
39.36800	1619.00000
39.37300	1692.00000
39.37800	1698.00000
39.38300	1692.00000
39.38800	1718.00000
39.39300	1707.00000
39.39800	1719.00000
39.40300	1772.00000
39.40800	1751.00000
39.41300	1709.00000
39.41800	1730.00000
39.42300	1754.00000
39.42800	1765.00000
39.43300	1786.00000
39.43800	1815.00000
39.44300	1867.00000
39.44800	1918.00000
39.45300	1894.00000
39.45800	1854.00000
39.46300	1863.00000
39.46800	1853.00000
39.47300	1875.00000
39.47800	1933.00000
39.48300	1977.00000
39.48800	1993.00000
39.49300	2011.00000
39.49800	2058.00000
39.50300	2165.00000
39.50800	2239.00000
39.51300	2238.00000
39.51800	2255.00000
39.52300	2266.00000
39.52800	2325.00000
39.53300	2379.00000
39.53800	2414.00000
39.54300	2490.00000
39.54800	2575.00000
39.55300	2613.00000
39.55800	2726.00000
39.56300	2809.00000
39.56800	2885.00000
39.57300	3033.00000
39.57800	3122.00000
39.58300	3192.00000
39.58800	3312.00000
39.59300	3400.00000
39.59800	3593.00000
39.60300	3724.00000
39.60800	3877.00000
39.61300	4014.00000
39.61800	4160.00000
39.62300	4371.00000
39.62800	4516.00000
39.63300	4694.00000
39.63800	4929.00000
39.64300	5155.00000
39.64800	5271.00000
39.65300	5322.00000
39.65800	5498.00000
39.66300	5605.00000
39.66800	5743.00000
39.67300	5980.00000
39.67800	6163.00000
39.68300	6340.00000
39.68800	6331.00000
39.69300	6324.00000
39.69800	6286.00000
39.70300	6197.00000
39.70800	6041.00000
39.71300	5832.00000
39.71800	5683.00000
39.72300	5438.00000
39.72800	5233.00000
39.73300	5056.00000
39.73800	4810.00000
39.74300	4558.00000
39.74800	4336.00000
39.75300	4144.00000
39.75800	3922.00000
39.76300	3784.00000
39.76800	3660.00000
39.77300	3505.00000
39.77800	3405.00000
39.78300	3246.00000
39.78800	3133.00000
39.79300	3080.00000
39.79800	3010.00000
39.80300	2856.00000
39.80800	2769.00000
39.81300	2788.00000
39.81800	2842.00000
39.82300	2821.00000
39.82800	2707.00000
39.83300	2783.00000
39.83800	2708.00000
39.84300	2655.00000
39.84800	2669.00000
39.85300	2563.00000
39.85800	2575.00000
39.86300	2600.00000
39.86800	2609.00000
39.87300	2558.00000
39.87800	2503.00000
39.88300	2476.00000
39.88800	2508.00000
39.89300	2565.00000
39.89800	2586.00000
39.90300	2615.00000
39.90800	2741.00000
39.91300	2803.00000
39.91800	2794.00000
39.92300	2800.00000
39.92800	2785.00000
39.93300	2884.00000
39.93800	2918.00000
39.94300	2995.00000
39.94800	3043.00000
39.95300	3122.00000
39.95800	3222.00000
39.96300	3326.00000
39.96800	3295.00000
39.97300	3367.00000
39.97800	3540.00000
39.98300	3611.00000
39.98800	3697.00000
39.99300	3852.00000
39.99800	4035.00000
40.00300	4123.00000
40.00800	4384.00000
40.01300	4549.00000
40.01800	4673.00000
40.02300	4975.00000
40.02800	5200.00000
40.03300	5311.00000
40.03800	5436.00000
40.04300	5788.00000
40.04800	6095.00000
40.05300	6224.00000
40.05800	6483.00000
40.06300	6717.00000
40.06800	6978.00000
40.07300	7298.00000
40.07800	7689.00000
40.08300	8003.00000
40.08800	8402.00000
40.09300	8768.00000
40.09800	9122.00000
40.10300	9330.00000
40.10800	9630.00000
40.11300	9893.00000
40.11800	10029.00000
40.12300	10293.00000
40.12800	10429.00000
40.13300	10469.00000
40.13800	10467.00000
40.14300	10683.00000
40.14800	10789.00000
40.15300	10867.00000
40.15800	10643.00000
40.16300	10612.00000
40.16800	10400.00000
40.17300	10147.00000
40.17800	10113.00000
40.18300	10014.00000
40.18800	9916.00000
40.19300	9824.00000
40.19800	9797.00000
40.20300	9792.00000
40.20800	9873.00000
40.21300	9798.00000
40.21800	9769.00000
40.22300	9721.00000
40.22800	9658.00000
40.23300	9488.00000
40.23800	9191.00000
40.24300	8984.00000
40.24800	8885.00000
40.25300	8880.00000
40.25800	8462.00000
40.26300	8046.00000
40.26800	7750.00000
40.27300	7276.00000
40.27800	6906.00000
40.28300	6546.00000
40.28800	6267.00000
40.29300	6023.00000
40.29800	5768.00000
40.30300	5382.00000
40.30800	5024.00000
40.31300	4706.00000
40.31800	4436.00000
40.32300	4279.00000
40.32800	4115.00000
40.33300	4006.00000
40.33800	3806.00000
40.34300	3605.00000
40.34800	3477.00000
40.35300	3342.00000
40.35800	3137.00000
40.36300	3069.00000
40.36800	3049.00000
40.37300	2990.00000
40.37800	2895.00000
40.38300	2802.00000
40.38800	2726.00000
40.39300	2666.00000
40.39800	2595.00000
40.40300	2557.00000
40.40800	2472.00000
40.41300	2423.00000
40.41800	2333.00000
40.42300	2251.00000
40.42800	2265.00000
40.43300	2236.00000
40.43800	2266.00000
40.44300	2245.00000
40.44800	2155.00000
40.45300	2102.00000
40.45800	2126.00000
40.46300	2136.00000
40.46800	2066.00000
40.47300	2062.00000
40.47800	1975.00000
40.48300	1949.00000
40.48800	1980.00000
40.49300	2093.00000
40.49800	2004.00000
40.50300	1952.00000
40.50800	1902.00000
40.51300	1907.00000
40.51800	1989.00000
40.52300	1886.00000
40.52800	1831.00000
40.53300	1813.00000
40.53800	1857.00000
40.54300	1873.00000
40.54800	1845.00000
40.55300	1840.00000
40.55800	1869.00000
40.56300	1899.00000
40.56800	1895.00000
40.57300	1818.00000
40.57800	1754.00000
40.58300	1697.00000
40.58800	1777.00000
40.59300	1755.00000
40.59800	1775.00000
40.60300	1696.00000
40.60800	1702.00000
40.61300	1771.00000
40.61800	1812.00000
40.62300	1780.00000
40.62800	1796.00000
40.63300	1759.00000
40.63800	1712.00000
40.64300	1726.00000
40.64800	1695.00000
40.65300	1734.00000
40.65800	1733.00000
40.66300	1738.00000
40.66800	1841.00000
40.67300	1802.00000
40.67800	1782.00000
40.68300	1781.00000
40.68800	1853.00000
40.69300	1911.00000
40.69800	1866.00000
40.70300	1806.00000
40.70800	1881.00000
40.71300	1895.00000
40.71800	1886.00000
40.72300	1895.00000
40.72800	1811.00000
40.73300	1871.00000
40.73800	1932.00000
40.74300	1933.00000
40.74800	1925.00000
40.75300	1901.00000
40.75800	1951.00000
40.76300	1920.00000
40.76800	1972.00000
40.77300	1924.00000
40.77800	1912.00000
40.78300	1848.00000
40.78800	1847.00000
40.79300	1815.00000
40.79800	1809.00000
40.80300	1767.00000
40.80800	1737.00000
40.81300	1755.00000
40.81800	1743.00000
40.82300	1756.00000
40.82800	1719.00000
40.83300	1742.00000
40.83800	1728.00000
40.84300	1693.00000
40.84800	1733.00000
40.85300	1737.00000
40.85800	1689.00000
40.86300	1710.00000
40.86800	1695.00000
40.87300	1742.00000
40.87800	1742.00000
40.88300	1639.00000
40.88800	1654.00000
40.89300	1735.00000
40.89800	1749.00000
40.90300	1772.00000
40.90800	1745.00000
40.91300	1746.00000
40.91800	1706.00000
40.92300	1772.00000
40.92800	1769.00000
40.93300	1785.00000
40.93800	1716.00000
40.94300	1783.00000
40.94800	1824.00000
40.95300	1876.00000
40.95800	1863.00000
40.96300	1848.00000
40.96800	1943.00000
40.97300	1945.00000
40.97800	1979.00000
40.98300	2096.00000
40.98800	2072.00000
40.99300	2193.00000
40.99800	2271.00000
41.00300	2262.00000
41.00800	2285.00000
41.01300	2354.00000
41.01800	2368.00000
41.02300	2483.00000
41.02800	2587.00000
41.03300	2612.00000
41.03800	2641.00000
41.04300	2772.00000
41.04800	2867.00000
41.05300	2862.00000
41.05800	2924.00000
41.06300	3007.00000
41.06800	3037.00000
41.07300	2991.00000
41.07800	3000.00000
41.08300	3076.00000
41.08800	3039.00000
41.09300	3014.00000
41.09800	2942.00000
41.10300	2903.00000
41.10800	2800.00000
41.11300	2723.00000
41.11800	2659.00000
41.12300	2563.00000
41.12800	2500.00000
41.13300	2465.00000
41.13800	2446.00000
41.14300	2376.00000
41.14800	2294.00000
41.15300	2243.00000
41.15800	2155.00000
41.16300	2101.00000
41.16800	2010.00000
41.17300	1933.00000
41.17800	1862.00000
41.18300	1791.00000
41.18800	1736.00000
41.19300	1753.00000
41.19800	1767.00000
41.20300	1782.00000
41.20800	1750.00000
41.21300	1730.00000
41.21800	1711.00000
41.22300	1750.00000
41.22800	1704.00000
41.23300	1655.00000
41.23800	1652.00000
41.24300	1630.00000
41.24800	1615.00000
41.25300	1604.00000
41.25800	1611.00000
41.26300	1595.00000
41.26800	1566.00000
41.27300	1593.00000
41.27800	1627.00000
41.28300	1592.00000
41.28800	1564.00000
41.29300	1574.00000
41.29800	1525.00000
41.30300	1571.00000
41.30800	1544.00000
41.31300	1483.00000
41.31800	1490.00000
41.32300	1515.00000
41.32800	1566.00000
41.33300	1570.00000
41.33800	1541.00000
41.34300	1493.00000
41.34800	1498.00000
41.35300	1504.00000
41.35800	1475.00000
41.36300	1452.00000
41.36800	1516.00000
41.37300	1537.00000
41.37800	1576.00000
41.38300	1546.00000
41.38800	1516.00000
41.39300	1530.00000
41.39800	1563.00000
41.40300	1598.00000
41.40800	1626.00000
41.41300	1635.00000
41.41800	1591.00000
41.42300	1592.00000
41.42800	1582.00000
41.43300	1534.00000
41.43800	1527.00000
41.44300	1629.00000
41.44800	1659.00000
41.45300	1622.00000
41.45800	1592.00000
41.46300	1561.00000
41.46800	1570.00000
41.47300	1575.00000
41.47800	1583.00000
41.48300	1637.00000
41.48800	1662.00000
41.49300	1696.00000
41.49800	1671.00000
41.50300	1707.00000
41.50800	1696.00000
41.51300	1614.00000
41.51800	1668.00000
41.52300	1705.00000
41.52800	1741.00000
41.53300	1785.00000
41.53800	1788.00000
41.54300	1831.00000
41.54800	1884.00000
41.55300	1847.00000
41.55800	1834.00000
41.56300	1872.00000
41.56800	1909.00000
41.57300	1919.00000
41.57800	1922.00000
41.58300	2010.00000
41.58800	2074.00000
41.59300	2071.00000
41.59800	2124.00000
41.60300	2170.00000
41.60800	2194.00000
41.61300	2248.00000
41.61800	2355.00000
41.62300	2425.00000
41.62800	2406.00000
41.63300	2418.00000
41.63800	2482.00000
41.64300	2577.00000
41.64800	2607.00000
41.65300	2655.00000
41.65800	2732.00000
41.66300	2758.00000
41.66800	2731.00000
41.67300	2907.00000
41.67800	3129.00000
41.68300	3322.00000
41.68800	3522.00000
41.69300	3574.00000
41.69800	3616.00000
41.70300	3763.00000
41.70800	3900.00000
41.71300	4026.00000
41.71800	4163.00000
41.72300	4436.00000
41.72800	4719.00000
41.73300	4894.00000
41.73800	4918.00000
41.74300	5012.00000
41.74800	5192.00000
41.75300	5472.00000
41.75800	5708.00000
41.76300	5925.00000
41.76800	6153.00000
41.77300	6341.00000
41.77800	6614.00000
41.78300	6884.00000
41.78800	7324.00000
41.79300	7498.00000
41.79800	7558.00000
41.80300	7747.00000
41.80800	7892.00000
41.81300	7839.00000
41.81800	7655.00000
41.82300	7400.00000
41.82800	7260.00000
41.83300	7191.00000
41.83800	6935.00000
41.84300	6587.00000
41.84800	6162.00000
41.85300	5864.00000
41.85800	5601.00000
41.86300	5295.00000
41.86800	5031.00000
41.87300	4789.00000
41.87800	4480.00000
41.88300	4271.00000
41.88800	4081.00000
41.89300	3898.00000
41.89800	3665.00000
41.90300	3560.00000
41.90800	3466.00000
41.91300	3284.00000
41.91800	3157.00000
41.92300	3113.00000
41.92800	3027.00000
41.93300	2946.00000
41.93800	2837.00000
41.94300	2730.00000
41.94800	2677.00000
41.95300	2673.00000
41.95800	2668.00000
41.96300	2679.00000
41.96800	2642.00000
41.97300	2584.00000
41.97800	2508.00000
41.98300	2428.00000
41.98800	2421.00000
41.99300	2408.00000
41.99800	2337.00000
42.00300	2309.00000
42.00800	2325.00000
42.01300	2405.00000
42.01800	2402.00000
42.02300	2381.00000
42.02800	2321.00000
42.03300	2271.00000
42.03800	2343.00000
42.04300	2409.00000
42.04800	2432.00000
42.05300	2435.00000
42.05800	2439.00000
42.06300	2475.00000
42.06800	2497.00000
42.07300	2490.00000
42.07800	2512.00000
42.08300	2559.00000
42.08800	2634.00000
42.09300	2716.00000
42.09800	2812.00000
42.10300	2829.00000
42.10800	2819.00000
42.11300	2802.00000
42.11800	2818.00000
42.12300	2856.00000
42.12800	2843.00000
42.13300	2894.00000
42.13800	3005.00000
42.14300	3134.00000
42.14800	3261.00000
42.15300	3360.00000
42.15800	3445.00000
42.16300	3639.00000
42.16800	3768.00000
42.17300	3925.00000
42.17800	4112.00000
42.18300	4274.00000
42.18800	4427.00000
42.19300	4518.00000
42.19800	4680.00000
42.20300	4802.00000
42.20800	4949.00000
42.21300	5064.00000
42.21800	5233.00000
42.22300	5410.00000
42.22800	5458.00000
42.23300	5536.00000
42.23800	5624.00000
42.24300	5668.00000
42.24800	5675.00000
42.25300	5749.00000
42.25800	5774.00000
42.26300	5845.00000
42.26800	5928.00000
42.27300	5982.00000
42.27800	6044.00000
42.28300	6027.00000
42.28800	6047.00000
42.29300	6151.00000
42.29800	6219.00000
42.30300	6222.00000
42.30800	6273.00000
42.31300	6251.00000
42.31800	6160.00000
42.32300	6175.00000
42.32800	6177.00000
42.33300	6191.00000
42.33800	6273.00000
42.34300	6252.00000
42.34800	6118.00000
42.35300	5875.00000
42.35800	5687.00000
42.36300	5655.00000
42.36800	5482.00000
42.37300	5183.00000
42.37800	4960.00000
42.38300	4846.00000
42.38800	4781.00000
42.39300	4573.00000
42.39800	4360.00000
42.40300	4231.00000
42.40800	4100.00000
42.41300	3945.00000
42.41800	3763.00000
42.42300	3623.00000
42.42800	3502.00000
42.43300	3454.00000
42.43800	3411.00000
42.44300	3330.00000
42.44800	3302.00000
42.45300	3327.00000
42.45800	3378.00000
42.46300	3292.00000
42.46800	3172.00000
42.47300	3172.00000
42.47800	3267.00000
42.48300	3357.00000
42.48800	3386.00000
42.49300	3439.00000
42.49800	3521.00000
42.50300	3593.00000
42.50800	3678.00000
42.51300	3752.00000
42.51800	3870.00000
42.52300	4062.00000
42.52800	4210.00000
42.53300	4274.00000
42.53800	4316.00000
42.54300	4440.00000
42.54800	4549.00000
42.55300	4726.00000
42.55800	4943.00000
42.56300	5112.00000
42.56800	5307.00000
42.57300	5460.00000
42.57800	5640.00000
42.58300	5882.00000
42.58800	6136.00000
42.59300	6471.00000
42.59800	6873.00000
42.60300	7238.00000
42.60800	7513.00000
42.61300	7658.00000
42.61800	7840.00000
42.62300	7969.00000
42.62800	8031.00000
42.63300	8088.00000
42.63800	8076.00000
42.64300	8087.00000
42.64800	8008.00000
42.65300	7808.00000
42.65800	7579.00000
42.66300	7327.00000
42.66800	7085.00000
42.67300	6890.00000
42.67800	6624.00000
42.68300	6320.00000
42.68800	6028.00000
42.69300	5677.00000
42.69800	5321.00000
42.70300	5012.00000
42.70800	4701.00000
42.71300	4358.00000
42.71800	4098.00000
42.72300	3888.00000
42.72800	3703.00000
42.73300	3574.00000
42.73800	3426.00000
42.74300	3255.00000
42.74800	3089.00000
42.75300	2978.00000
42.75800	2882.00000
42.76300	2781.00000
42.76800	2743.00000
42.77300	2660.00000
42.77800	2541.00000
42.78300	2502.00000
42.78800	2497.00000
42.79300	2493.00000
42.79800	2456.00000
42.80300	2373.00000
42.80800	2303.00000
42.81300	2268.00000
42.81800	2242.00000
42.82300	2166.00000
42.82800	2079.00000
42.83300	2069.00000
42.83800	2084.00000
42.84300	2084.00000
42.84800	2092.00000
42.85300	2107.00000
42.85800	2112.00000
42.86300	2072.00000
42.86800	1960.00000
42.87300	1889.00000
42.87800	1927.00000
42.88300	1949.00000
42.88800	1928.00000
42.89300	1918.00000
42.89800	1959.00000
42.90300	1992.00000
42.90800	2000.00000
42.91300	1968.00000
42.91800	1947.00000
42.92300	1925.00000
42.92800	1891.00000
42.93300	1902.00000
42.93800	1944.00000
42.94300	1936.00000
42.94800	1931.00000
42.95300	1979.00000
42.95800	2032.00000
42.96300	2037.00000
42.96800	2025.00000
42.97300	2018.00000
42.97800	1962.00000
42.98300	1967.00000
42.98800	2048.00000
42.99300	2132.00000
42.99800	2159.00000
43.00300	2191.00000
43.00800	2201.00000
43.01300	2264.00000
43.01800	2343.00000
43.02300	2423.00000
43.02800	2474.00000
43.03300	2481.00000
43.03800	2527.00000
43.04300	2601.00000
43.04800	2716.00000
43.05300	2813.00000
43.05800	2925.00000
43.06300	3008.00000
43.06800	3089.00000
43.07300	3238.00000
43.07800	3357.00000
43.08300	3434.00000
43.08800	3514.00000
43.09300	3588.00000
43.09800	3657.00000
43.10300	3821.00000
43.10800	4032.00000
43.11300	4144.00000
43.11800	4264.00000
43.12300	4290.00000
43.12800	4386.00000
43.13300	4554.00000
43.13800	4627.00000
43.14300	4564.00000
43.14800	4514.00000
43.15300	4479.00000
43.15800	4407.00000
43.16300	4271.00000
43.16800	4146.00000
43.17300	4013.00000
43.17800	3863.00000
43.18300	3671.00000
43.18800	3524.00000
43.19300	3402.00000
43.19800	3289.00000
43.20300	3189.00000
43.20800	2982.00000
43.21300	2794.00000
43.21800	2639.00000
43.22300	2550.00000
43.22800	2472.00000
43.23300	2371.00000
43.23800	2274.00000
43.24300	2205.00000
43.24800	2124.00000
43.25300	2088.00000
43.25800	2100.00000
43.26300	2102.00000
43.26800	2084.00000
43.27300	2019.00000
43.27800	1937.00000
43.28300	1839.00000
43.28800	1804.00000
43.29300	1785.00000
43.29800	1774.00000
43.30300	1789.00000
43.30800	1782.00000
43.31300	1734.00000
43.31800	1689.00000
43.32300	1661.00000
43.32800	1672.00000
43.33300	1644.00000
43.33800	1628.00000
43.34300	1657.00000
43.34800	1657.00000
43.35300	1658.00000
43.35800	1641.00000
43.36300	1617.00000
43.36800	1605.00000
43.37300	1563.00000
43.37800	1603.00000
43.38300	1644.00000
43.38800	1602.00000
43.39300	1602.00000
43.39800	1570.00000
43.40300	1490.00000
43.40800	1463.00000
43.41300	1499.00000
43.41800	1493.00000
43.42300	1506.00000
43.42800	1508.00000
43.43300	1472.00000
43.43800	1462.00000
43.44300	1453.00000
43.44800	1473.00000
43.45300	1491.00000
43.45800	1506.00000
43.46300	1482.00000
43.46800	1451.00000
43.47300	1430.00000
43.47800	1432.00000
43.48300	1405.00000
43.48800	1385.00000
43.49300	1395.00000
43.49800	1388.00000
43.50300	1442.00000
43.50800	1451.00000
43.51300	1444.00000
43.51800	1385.00000
43.52300	1353.00000
43.52800	1359.00000
43.53300	1389.00000
43.53800	1390.00000
43.54300	1353.00000
43.54800	1365.00000
43.55300	1387.00000
43.55800	1396.00000
43.56300	1378.00000
43.56800	1341.00000
43.57300	1418.00000
43.57800	1450.00000
43.58300	1381.00000
43.58800	1337.00000
43.59300	1345.00000
43.59800	1327.00000
43.60300	1329.00000
43.60800	1311.00000
43.61300	1317.00000
43.61800	1333.00000
43.62300	1335.00000
43.62800	1341.00000
43.63300	1331.00000
43.63800	1341.00000
43.64300	1327.00000
43.64800	1327.00000
43.65300	1345.00000
43.65800	1345.00000
43.66300	1333.00000
43.66800	1345.00000
43.67300	1366.00000
43.67800	1374.00000
43.68300	1322.00000
43.68800	1341.00000
43.69300	1405.00000
43.69800	1352.00000
43.70300	1364.00000
43.70800	1371.00000
43.71300	1440.00000
43.71800	1481.00000
43.72300	1448.00000
43.72800	1385.00000
43.73300	1348.00000
43.73800	1365.00000
43.74300	1358.00000
43.74800	1335.00000
43.75300	1339.00000
43.75800	1379.00000
43.76300	1417.00000
43.76800	1423.00000
43.77300	1430.00000
43.77800	1475.00000
43.78300	1473.00000
43.78800	1447.00000
43.79300	1452.00000
43.79800	1451.00000
43.80300	1436.00000
43.80800	1452.00000
43.81300	1450.00000
43.81800	1466.00000
43.82300	1432.00000
43.82800	1495.00000
43.83300	1539.00000
43.83800	1553.00000
43.84300	1593.00000
43.84800	1595.00000
43.85300	1594.00000
43.85800	1615.00000
43.86300	1599.00000
43.86800	1502.00000
43.87300	1513.00000
43.87800	1615.00000
43.88300	1646.00000
43.88800	1700.00000
43.89300	1680.00000
43.89800	1650.00000
43.90300	1620.00000
43.90800	1649.00000
43.91300	1649.00000
43.91800	1666.00000
43.92300	1705.00000
43.92800	1769.00000
43.93300	1734.00000
43.93800	1798.00000
43.94300	1819.00000
43.94800	1755.00000
43.95300	1767.00000
43.95800	1805.00000
43.96300	1854.00000
43.96800	1874.00000
43.97300	1893.00000
43.97800	1897.00000
43.98300	1963.00000
43.98800	1999.00000
43.99300	2093.00000
43.99800	2090.00000
44.00300	2065.00000
44.00800	2070.00000
44.01300	2169.00000
44.01800	2188.00000
44.02300	2252.00000
44.02800	2264.00000
44.03300	2331.00000
44.03800	2337.00000
44.04300	2429.00000
44.04800	2407.00000
44.05300	2531.00000
44.05800	2609.00000
44.06300	2583.00000
44.06800	2534.00000
44.07300	2647.00000
44.07800	2804.00000
44.08300	2824.00000
44.08800	2817.00000
44.09300	2947.00000
44.09800	3014.00000
44.10300	3077.00000
44.10800	3185.00000
44.11300	3295.00000
44.11800	3352.00000
44.12300	3442.00000
44.12800	3657.00000
44.13300	3819.00000
44.13800	3936.00000
44.14300	4089.00000
44.14800	4130.00000
44.15300	4219.00000
44.15800	4431.00000
44.16300	4595.00000
44.16800	4810.00000
44.17300	5059.00000
44.17800	5267.00000
44.18300	5583.00000
44.18800	5837.00000
44.19300	5975.00000
44.19800	6330.00000
44.20300	6714.00000
44.20800	7141.00000
44.21300	7402.00000
44.21800	7748.00000
44.22300	8199.00000
44.22800	8406.00000
44.23300	8739.00000
44.23800	9147.00000
44.24300	9503.00000
44.24800	9840.00000
44.25300	10357.00000
44.25800	10790.00000
44.26300	11207.00000
44.26800	11768.00000
44.27300	12510.00000
44.27800	13127.00000
44.28300	13668.00000
44.28800	14351.00000
44.29300	15023.00000
44.29800	15773.00000
44.30300	16593.00000
44.30800	17271.00000
44.31300	18035.00000
44.31800	18438.00000
44.32300	19160.00000
44.32800	19633.00000
44.33300	20011.00000
44.33800	20245.00000
44.34300	19947.00000
44.34800	20033.00000
44.35300	20025.00000
44.35800	19917.00000
44.36300	19631.00000
44.36800	18848.00000
44.37300	17963.00000
44.37800	17367.00000
44.38300	16629.00000
44.38800	15827.00000
44.39300	15145.00000
44.39800	14107.00000
44.40300	13178.00000
44.40800	12192.00000
44.41300	11405.00000
44.41800	10646.00000
44.42300	10119.00000
44.42800	9722.00000
44.43300	9211.00000
44.43800	8533.00000
44.44300	7992.00000
44.44800	7675.00000
44.45300	7237.00000
44.45800	6876.00000
44.46300	6596.00000
44.46800	6432.00000
44.47300	6178.00000
44.47800	5932.00000
44.48300	5801.00000
44.48800	5647.00000
44.49300	5497.00000
44.49800	5380.00000
44.50300	5457.00000
44.50800	5300.00000
44.51300	5254.00000
44.51800	5230.00000
44.52300	5265.00000
44.52800	5286.00000
44.53300	5291.00000
44.53800	5136.00000
44.54300	5203.00000
44.54800	5264.00000
44.55300	5433.00000
44.55800	5506.00000
44.56300	5562.00000
44.56800	5508.00000
44.57300	5560.00000
44.57800	5795.00000
44.58300	5854.00000
44.58800	6008.00000
44.59300	6367.00000
44.59800	6593.00000
44.60300	6858.00000
44.60800	7090.00000
44.61300	7251.00000
44.61800	7229.00000
44.62300	7564.00000
44.62800	8066.00000
44.63300	8623.00000
44.63800	9089.00000
44.64300	9498.00000
44.64800	9858.00000
44.65300	10254.00000
44.65800	10716.00000
44.66300	11187.00000
44.66800	11812.00000
44.67300	12373.00000
44.67800	13029.00000
44.68300	13855.00000
44.68800	14421.00000
44.69300	15226.00000
44.69800	16243.00000
44.70300	16930.00000
44.70800	17450.00000
44.71300	18015.00000
44.71800	18317.00000
44.72300	18474.00000
44.72800	18703.00000
44.73300	18663.00000
44.73800	18426.00000
44.74300	18036.00000
44.74800	17614.00000
44.75300	17209.00000
44.75800	16471.00000
44.76300	15638.00000
44.76800	14672.00000
44.77300	13855.00000
44.77800	13334.00000
44.78300	12480.00000
44.78800	11577.00000
44.79300	10831.00000
44.79800	10161.00000
44.80300	9407.00000
44.80800	8834.00000
44.81300	8136.00000
44.81800	7705.00000
44.82300	7207.00000
44.82800	6789.00000
44.83300	6215.00000
44.83800	5905.00000
44.84300	5694.00000
44.84800	5421.00000
44.85300	5154.00000
44.85800	4936.00000
44.86300	4806.00000
44.86800	4655.00000
44.87300	4390.00000
44.87800	4144.00000
44.88300	4016.00000
44.88800	3743.00000
44.89300	3575.00000
44.89800	3493.00000
44.90300	3370.00000
44.90800	3296.00000
44.91300	3255.00000
44.91800	3345.00000
44.92300	3198.00000
44.92800	3009.00000
44.93300	2914.00000
44.93800	2736.00000
44.94300	2654.00000
44.94800	2660.00000
44.95300	2723.00000
44.95800	2682.00000
44.96300	2514.00000
44.96800	2476.00000
44.97300	2404.00000
44.97800	2342.00000
44.98300	2238.00000
44.98800	2219.00000
44.99300	2160.00000
44.99800	2091.00000
45.00300	2053.00000
45.00800	2023.00000
45.01300	2055.00000
45.01800	2091.00000
45.02300	1963.00000
45.02800	1916.00000
45.03300	1901.00000
45.03800	1843.00000
45.04300	1810.00000
45.04800	1766.00000
45.05300	1758.00000
45.05800	1786.00000
45.06300	1781.00000
45.06800	1768.00000
45.07300	1650.00000
45.07800	1563.00000
45.08300	1647.00000
45.08800	1644.00000
45.09300	1577.00000
45.09800	1631.00000
45.10300	1543.00000
45.10800	1514.00000
45.11300	1505.00000
45.11800	1528.00000
45.12300	1554.00000
45.12800	1494.00000
45.13300	1448.00000
45.13800	1440.00000
45.14300	1436.00000
45.14800	1423.00000
45.15300	1452.00000
45.15800	1418.00000
45.16300	1367.00000
45.16800	1353.00000
45.17300	1383.00000
45.17800	1441.00000
45.18300	1416.00000
45.18800	1373.00000
45.19300	1348.00000
45.19800	1404.00000
45.20300	1353.00000
45.20800	1385.00000
45.21300	1326.00000
45.21800	1343.00000
45.22300	1304.00000
45.22800	1285.00000
45.23300	1271.00000
45.23800	1328.00000
45.24300	1323.00000
45.24800	1285.00000
45.25300	1235.00000
45.25800	1227.00000
45.26300	1254.00000
45.26800	1245.00000
45.27300	1207.00000
45.27800	1181.00000
45.28300	1227.00000
45.28800	1245.00000
45.29300	1200.00000
45.29800	1171.00000
45.30300	1180.00000
45.30800	1178.00000
45.31300	1182.00000
45.31800	1169.00000
45.32300	1174.00000
45.32800	1179.00000
45.33300	1189.00000
45.33800	1157.00000
45.34300	1163.00000
45.34800	1160.00000
45.35300	1152.00000
45.35800	1182.00000
45.36300	1200.00000
45.36800	1220.00000
45.37300	1224.00000
45.37800	1230.00000
45.38300	1178.00000
45.38800	1158.00000
45.39300	1143.00000
45.39800	1125.00000
45.40300	1107.00000
45.40800	1110.00000
45.41300	1123.00000
45.41800	1141.00000
45.42300	1200.00000
45.42800	1188.00000
45.43300	1131.00000
45.43800	1091.00000
45.44300	1073.00000
45.44800	1107.00000
45.45300	1128.00000
45.45800	1171.00000
45.46300	1170.00000
45.46800	1103.00000
45.47300	1073.00000
45.47800	1080.00000
45.48300	1126.00000
45.48800	1133.00000
45.49300	1094.00000
45.49800	1082.00000
45.50300	1088.00000
45.50800	1059.00000
45.51300	1066.00000
45.51800	1086.00000
45.52300	1123.00000
45.52800	1130.00000
45.53300	1138.00000
45.53800	1162.00000
45.54300	1165.00000
45.54800	1194.00000
45.55300	1218.00000
45.55800	1147.00000
45.56300	1098.00000
45.56800	1105.00000
45.57300	1086.00000
45.57800	1105.00000
45.58300	1119.00000
45.58800	1131.00000
45.59300	1124.00000
45.59800	1072.00000
45.60300	1087.00000
45.60800	1118.00000
45.61300	1112.00000
45.61800	1090.00000
45.62300	1151.00000
45.62800	1178.00000
45.63300	1181.00000
45.63800	1149.00000
45.64300	1139.00000
45.64800	1137.00000
45.65300	1159.00000
45.65800	1155.00000
45.66300	1139.00000
45.66800	1127.00000
45.67300	1128.00000
45.67800	1095.00000
45.68300	1078.00000
45.68800	1123.00000
45.69300	1115.00000
45.69800	1106.00000
45.70300	1160.00000
45.70800	1212.00000
45.71300	1261.00000
45.71800	1247.00000
45.72300	1264.00000
45.72800	1274.00000
45.73300	1286.00000
45.73800	1298.00000
45.74300	1315.00000
45.74800	1328.00000
45.75300	1368.00000
45.75800	1402.00000
45.76300	1432.00000
45.76800	1478.00000
45.77300	1444.00000
45.77800	1439.00000
45.78300	1427.00000
45.78800	1435.00000
45.79300	1473.00000
45.79800	1485.00000
45.80300	1490.00000
45.80800	1491.00000
45.81300	1557.00000
45.81800	1601.00000
45.82300	1548.00000
45.82800	1486.00000
45.83300	1463.00000
45.83800	1438.00000
45.84300	1403.00000
45.84800	1325.00000
45.85300	1309.00000
45.85800	1317.00000
45.86300	1302.00000
45.86800	1274.00000
45.87300	1278.00000
45.87800	1275.00000
45.88300	1269.00000
45.88800	1268.00000
45.89300	1231.00000
45.89800	1175.00000
45.90300	1142.00000
45.90800	1163.00000
45.91300	1176.00000
45.91800	1180.00000
45.92300	1179.00000
45.92800	1159.00000
45.93300	1171.00000
45.93800	1160.00000
45.94300	1142.00000
45.94800	1094.00000
45.95300	1056.00000
45.95800	1081.00000
45.96300	1087.00000
45.96800	1098.00000
45.97300	1111.00000
45.97800	1121.00000
45.98300	1135.00000
45.98800	1120.00000
45.99300	1109.00000
45.99800	1094.00000
46.00300	1094.00000
46.00800	1125.00000
46.01300	1117.00000
46.01800	1107.00000
46.02300	1142.00000
46.02800	1128.00000
46.03300	1100.00000
46.03800	1081.00000
46.04300	1082.00000
46.04800	1091.00000
46.05300	1070.00000
46.05800	1074.00000
46.06300	1083.00000
46.06800	1103.00000
46.07300	1104.00000
46.07800	1099.00000
46.08300	1108.00000
46.08800	1125.00000
46.09300	1162.00000
46.09800	1151.00000
46.10300	1145.00000
46.10800	1112.00000
46.11300	1107.00000
46.11800	1123.00000
46.12300	1191.00000
46.12800	1229.00000
46.13300	1206.00000
46.13800	1221.00000
46.14300	1235.00000
46.14800	1210.00000
46.15300	1202.00000
46.15800	1215.00000
46.16300	1228.00000
46.16800	1243.00000
46.17300	1231.00000
46.17800	1230.00000
46.18300	1237.00000
46.18800	1274.00000
46.19300	1314.00000
46.19800	1373.00000
46.20300	1448.00000
46.20800	1471.00000
46.21300	1492.00000
46.21800	1544.00000
46.22300	1553.00000
46.22800	1557.00000
46.23300	1571.00000
46.23800	1617.00000
46.24300	1645.00000
46.24800	1702.00000
46.25300	1731.00000
46.25800	1783.00000
46.26300	1828.00000
46.26800	1853.00000
46.27300	1866.00000
46.27800	1850.00000
46.28300	1840.00000
46.28800	1838.00000
46.29300	1878.00000
46.29800	1914.00000
46.30300	1903.00000
46.30800	1865.00000
46.31300	1817.00000
46.31800	1773.00000
46.32300	1713.00000
46.32800	1695.00000
46.33300	1618.00000
46.33800	1560.00000
46.34300	1538.00000
46.34800	1522.00000
46.35300	1495.00000
46.35800	1484.00000
46.36300	1434.00000
46.36800	1380.00000
46.37300	1400.00000
46.37800	1383.00000
46.38300	1345.00000
46.38800	1329.00000
46.39300	1341.00000
46.39800	1340.00000
46.40300	1316.00000
46.40800	1332.00000
46.41300	1343.00000
46.41800	1321.00000
46.42300	1320.00000
46.42800	1334.00000
46.43300	1305.00000
46.43800	1272.00000
46.44300	1320.00000
46.44800	1350.00000
46.45300	1339.00000
46.45800	1343.00000
46.46300	1331.00000
46.46800	1320.00000
46.47300	1338.00000
46.47800	1348.00000
46.48300	1397.00000
46.48800	1492.00000
46.49300	1540.00000
46.49800	1565.00000
46.50300	1602.00000
46.50800	1591.00000
46.51300	1597.00000
46.51800	1637.00000
46.52300	1676.00000
46.52800	1712.00000
46.53300	1733.00000
46.53800	1751.00000
46.54300	1816.00000
46.54800	1877.00000
46.55300	1904.00000
46.55800	1888.00000
46.56300	1909.00000
46.56800	1979.00000
46.57300	2037.00000
46.57800	2068.00000
46.58300	2046.00000
46.58800	2000.00000
46.59300	1972.00000
46.59800	1980.00000
46.60300	1969.00000
46.60800	1910.00000
46.61300	1877.00000
46.61800	1901.00000
46.62300	1919.00000
46.62800	1890.00000
46.63300	1828.00000
46.63800	1782.00000
46.64300	1745.00000
46.64800	1700.00000
46.65300	1661.00000
46.65800	1629.00000
46.66300	1621.00000
46.66800	1614.00000
46.67300	1610.00000
46.67800	1616.00000
46.68300	1632.00000
46.68800	1642.00000
46.69300	1586.00000
46.69800	1503.00000
46.70300	1427.00000
46.70800	1382.00000
46.71300	1397.00000
46.71800	1379.00000
46.72300	1324.00000
46.72800	1279.00000
46.73300	1276.00000
46.73800	1285.00000
46.74300	1267.00000
46.74800	1283.00000
46.75300	1308.00000
46.75800	1304.00000
46.76300	1282.00000
46.76800	1220.00000
46.77300	1194.00000
46.77800	1222.00000
46.78300	1198.00000
46.78800	1152.00000
46.79300	1153.00000
46.79800	1177.00000
46.80300	1175.00000
46.80800	1148.00000
46.81300	1145.00000
46.81800	1158.00000
46.82300	1129.00000
46.82800	1113.00000
46.83300	1115.00000
46.83800	1125.00000
46.84300	1130.00000
46.84800	1101.00000
46.85300	1101.00000
46.85800	1101.00000
46.86300	1073.00000
46.86800	1065.00000
46.87300	1076.00000
46.87800	1079.00000
46.88300	1066.00000
46.88800	1069.00000
46.89300	1101.00000
46.89800	1102.00000
46.90300	1112.00000
46.90800	1163.00000
46.91300	1205.00000
46.91800	1204.00000
46.92300	1163.00000
46.92800	1144.00000
46.93300	1165.00000
46.93800	1216.00000
46.94300	1230.00000
46.94800	1169.00000
46.95300	1153.00000
46.95800	1179.00000
46.96300	1197.00000
46.96800	1236.00000
46.97300	1292.00000
46.97800	1345.00000
46.98300	1367.00000
46.98800	1369.00000
46.99300	1386.00000
46.99800	1423.00000
47.00300	1416.00000
47.00800	1398.00000
47.01300	1424.00000
47.01800	1450.00000
47.02300	1465.00000
47.02800	1482.00000
47.03300	1493.00000
47.03800	1477.00000
47.04300	1491.00000
47.04800	1509.00000
47.05300	1508.00000
47.05800	1495.00000
47.06300	1467.00000
47.06800	1432.00000
47.07300	1387.00000
47.07800	1351.00000
47.08300	1305.00000
47.08800	1287.00000
47.09300	1264.00000
47.09800	1264.00000
47.10300	1283.00000
47.10800	1260.00000
47.11300	1264.00000
47.11800	1271.00000
47.12300	1232.00000
47.12800	1199.00000
47.13300	1192.00000
47.13800	1111.00000
47.14300	1047.00000
47.14800	1045.00000
47.15300	1052.00000
47.15800	1062.00000
47.16300	1057.00000
47.16800	1061.00000
47.17300	1019.00000
47.17800	971.00000
47.18300	1004.00000
47.18800	1041.00000
47.19300	1075.00000
47.19800	1091.00000
47.20300	1093.00000
47.20800	1111.00000
47.21300	1114.00000
47.21800	1086.00000
47.22300	1060.00000
47.22800	1003.00000
47.23300	958.00000
47.23800	966.00000
47.24300	980.00000
47.24800	956.00000
47.25300	940.00000
47.25800	945.00000
47.26300	955.00000
47.26800	969.00000
47.27300	996.00000
47.27800	1035.00000
47.28300	1004.00000
47.28800	962.00000
47.29300	940.00000
47.29800	929.00000
47.30300	923.00000
47.30800	948.00000
47.31300	983.00000
47.31800	993.00000
47.32300	972.00000
47.32800	1000.00000
47.33300	979.00000
47.33800	966.00000
47.34300	992.00000
47.34800	1009.00000
47.35300	1013.00000
47.35800	1018.00000
47.36300	1015.00000
47.36800	964.00000
47.37300	927.00000
47.37800	894.00000
47.38300	855.00000
47.38800	860.00000
47.39300	893.00000
47.39800	922.00000
47.40300	933.00000
47.40800	923.00000
47.41300	932.00000
47.41800	922.00000
47.42300	947.00000
47.42800	922.00000
47.43300	908.00000
47.43800	922.00000
47.44300	935.00000
47.44800	963.00000
47.45300	973.00000
47.45800	943.00000
47.46300	902.00000
47.46800	887.00000
47.47300	905.00000
47.47800	912.00000
47.48300	910.00000
47.48800	884.00000
47.49300	873.00000
47.49800	876.00000
47.50300	917.00000
47.50800	936.00000
47.51300	937.00000
47.51800	952.00000
47.52300	954.00000
47.52800	962.00000
47.53300	961.00000
47.53800	983.00000
47.54300	987.00000
47.54800	967.00000
47.55300	968.00000
47.55800	960.00000
47.56300	965.00000
47.56800	975.00000
47.57300	963.00000
47.57800	933.00000
47.58300	937.00000
47.58800	916.00000
47.59300	882.00000
47.59800	882.00000
47.60300	883.00000
47.60800	892.00000
47.61300	945.00000
47.61800	942.00000
47.62300	919.00000
47.62800	908.00000
47.63300	841.00000
47.63800	842.00000
47.64300	861.00000
47.64800	884.00000
47.65300	893.00000
47.65800	907.00000
47.66300	903.00000
47.66800	865.00000
47.67300	848.00000
47.67800	838.00000
47.68300	861.00000
47.68800	895.00000
47.69300	906.00000
47.69800	903.00000
47.70300	940.00000
47.70800	930.00000
47.71300	965.00000
47.71800	974.00000
47.72300	966.00000
47.72800	933.00000
47.73300	937.00000
47.73800	943.00000
47.74300	935.00000
47.74800	926.00000
47.75300	903.00000
47.75800	901.00000
47.76300	906.00000
47.76800	896.00000
47.77300	892.00000
47.77800	914.00000
47.78300	906.00000
47.78800	888.00000
47.79300	878.00000
47.79800	888.00000
47.80300	882.00000
47.80800	893.00000
47.81300	867.00000
47.81800	845.00000
47.82300	878.00000
47.82800	898.00000
47.83300	892.00000
47.83800	905.00000
47.84300	892.00000
47.84800	897.00000
47.85300	924.00000
47.85800	899.00000
47.86300	873.00000
47.86800	918.00000
47.87300	913.00000
47.87800	895.00000
47.88300	890.00000
47.88800	859.00000
47.89300	921.00000
47.89800	944.00000
47.90300	945.00000
47.90800	919.00000
47.91300	956.00000
47.91800	930.00000
47.92300	909.00000
47.92800	902.00000
47.93300	858.00000
47.93800	859.00000
47.94300	874.00000
47.94800	852.00000
47.95300	879.00000
47.95800	866.00000
47.96300	852.00000
47.96800	827.00000
47.97300	852.00000
47.97800	884.00000
47.98300	923.00000
47.98800	906.00000
47.99300	925.00000
47.99800	952.00000
48.00300	907.00000
48.00800	880.00000
48.01300	895.00000
48.01800	906.00000
48.02300	856.00000
48.02800	846.00000
48.03300	891.00000
48.03800	899.00000
48.04300	875.00000
48.04800	908.00000
48.05300	931.00000
48.05800	972.00000
48.06300	950.00000
48.06800	932.00000
48.07300	959.00000
48.07800	970.00000
48.08300	982.00000
48.08800	968.00000
48.09300	920.00000
48.09800	886.00000
48.10300	943.00000
48.10800	958.00000
48.11300	950.00000
48.11800	928.00000
48.12300	960.00000
48.12800	963.00000
48.13300	959.00000
48.13800	942.00000
48.14300	959.00000
48.14800	987.00000
48.15300	981.00000
48.15800	928.00000
48.16300	919.00000
48.16800	946.00000
48.17300	944.00000
48.17800	950.00000
48.18300	965.00000
48.18800	974.00000
48.19300	1008.00000
48.19800	1000.00000
48.20300	995.00000
48.20800	976.00000
48.21300	960.00000
48.21800	923.00000
48.22300	910.00000
48.22800	937.00000
48.23300	933.00000
48.23800	933.00000
48.24300	959.00000
48.24800	989.00000
48.25300	973.00000
48.25800	997.00000
48.26300	969.00000
48.26800	952.00000
48.27300	927.00000
48.27800	897.00000
48.28300	893.00000
48.28800	925.00000
48.29300	978.00000
48.29800	1024.00000
48.30300	1005.00000
48.30800	956.00000
48.31300	941.00000
48.31800	949.00000
48.32300	938.00000
48.32800	915.00000
48.33300	904.00000
48.33800	893.00000
48.34300	898.00000
48.34800	916.00000
48.35300	890.00000
48.35800	850.00000
48.36300	869.00000
48.36800	889.00000
48.37300	884.00000
48.37800	868.00000
48.38300	899.00000
48.38800	956.00000
48.39300	965.00000
48.39800	935.00000
48.40300	943.00000
48.40800	956.00000
48.41300	957.00000
48.41800	988.00000
48.42300	1001.00000
48.42800	1006.00000
48.43300	1040.00000
48.43800	1039.00000
48.44300	1014.00000
48.44800	999.00000
48.45300	993.00000
48.45800	999.00000
48.46300	1001.00000
48.46800	992.00000
48.47300	962.00000
48.47800	950.00000
48.48300	941.00000
48.48800	924.00000
48.49300	930.00000
48.49800	942.00000
48.50300	932.00000
48.50800	945.00000
48.51300	968.00000
48.51800	947.00000
48.52300	956.00000
48.52800	958.00000
48.53300	907.00000
48.53800	899.00000
48.54300	932.00000
48.54800	926.00000
48.55300	921.00000
48.55800	925.00000
48.56300	953.00000
48.56800	992.00000
48.57300	972.00000
48.57800	929.00000
48.58300	892.00000
48.58800	865.00000
48.59300	872.00000
48.59800	905.00000
48.60300	918.00000
48.60800	910.00000
48.61300	900.00000
48.61800	935.00000
48.62300	955.00000
48.62800	943.00000
48.63300	924.00000
48.63800	913.00000
48.64300	928.00000
48.64800	957.00000
48.65300	978.00000
48.65800	967.00000
48.66300	935.00000
48.66800	970.00000
48.67300	966.00000
48.67800	952.00000
48.68300	931.00000
48.68800	923.00000
48.69300	928.00000
48.69800	927.00000
48.70300	895.00000
48.70800	882.00000
48.71300	883.00000
48.71800	912.00000
48.72300	948.00000
48.72800	976.00000
48.73300	999.00000
48.73800	1018.00000
48.74300	1016.00000
48.74800	977.00000
48.75300	931.00000
48.75800	923.00000
48.76300	928.00000
48.76800	944.00000
48.77300	979.00000
48.77800	1006.00000
48.78300	1024.00000
48.78800	1019.00000
48.79300	998.00000
48.79800	1021.00000
48.80300	1048.00000
48.80800	1034.00000
48.81300	1024.00000
48.81800	1039.00000
48.82300	1045.00000
48.82800	1068.00000
48.83300	1100.00000
48.83800	1068.00000
48.84300	1120.00000
48.84800	1140.00000
48.85300	1094.00000
48.85800	1110.00000
48.86300	1202.00000
48.86800	1233.00000
48.87300	1226.00000
48.87800	1189.00000
48.88300	1156.00000
48.88800	1176.00000
48.89300	1158.00000
48.89800	1144.00000
48.90300	1159.00000
48.90800	1177.00000
48.91300	1224.00000
48.91800	1262.00000
48.92300	1348.00000
48.92800	1323.00000
48.93300	1329.00000
48.93800	1351.00000
48.94300	1295.00000
48.94800	1258.00000
48.95300	1257.00000
48.95800	1232.00000
48.96300	1241.00000
48.96800	1212.00000
48.97300	1165.00000
48.97800	1177.00000
48.98300	1125.00000
48.98800	1089.00000
48.99300	1083.00000
48.99800	1084.00000
49.00300	1068.00000
49.00800	1083.00000
49.01300	1076.00000
49.01800	1039.00000
49.02300	1026.00000
49.02800	1018.00000
49.03300	1011.00000
49.03800	1016.00000
49.04300	1011.00000
49.04800	1015.00000
49.05300	1015.00000
49.05800	1046.00000
49.06300	989.00000
49.06800	969.00000
49.07300	977.00000
49.07800	952.00000
49.08300	913.00000
49.08800	885.00000
49.09300	925.00000
49.09800	911.00000
49.10300	935.00000
49.10800	976.00000
49.11300	986.00000
49.11800	989.00000
49.12300	972.00000
49.12800	984.00000
49.13300	1001.00000
49.13800	969.00000
49.14300	970.00000
49.14800	980.00000
49.15300	970.00000
49.15800	968.00000
49.16300	993.00000
49.16800	972.00000
49.17300	931.00000
49.17800	884.00000
49.18300	919.00000
49.18800	958.00000
49.19300	967.00000
49.19800	987.00000
49.20300	995.00000
49.20800	914.00000
49.21300	915.00000
49.21800	964.00000
49.22300	1001.00000
49.22800	1007.00000
49.23300	984.00000
49.23800	1010.00000
49.24300	1028.00000
49.24800	1044.00000
49.25300	1025.00000
49.25800	980.00000
49.26300	951.00000
49.26800	960.00000
49.27300	982.00000
49.27800	1037.00000
49.28300	1060.00000
49.28800	1017.00000
49.29300	996.00000
49.29800	1021.00000
49.30300	1009.00000
49.30800	1036.00000
49.31300	1007.00000
49.31800	1007.00000
49.32300	1089.00000
49.32800	1118.00000
49.33300	1099.00000
49.33800	1115.00000
49.34300	1112.00000
49.34800	1094.00000
49.35300	1101.00000
49.35800	1105.00000
49.36300	1129.00000
49.36800	1234.00000
49.37300	1285.00000
49.37800	1294.00000
49.38300	1296.00000
49.38800	1282.00000
49.39300	1339.00000
49.39800	1339.00000
49.40300	1342.00000
49.40800	1424.00000
49.41300	1471.00000
49.41800	1458.00000
49.42300	1468.00000
49.42800	1488.00000
49.43300	1579.00000
49.43800	1629.00000
49.44300	1741.00000
49.44800	1798.00000
49.45300	1907.00000
49.45800	1957.00000
49.46300	1960.00000
49.46800	1975.00000
49.47300	2054.00000
49.47800	2122.00000
49.48300	2202.00000
49.48800	2298.00000
49.49300	2391.00000
49.49800	2448.00000
49.50300	2537.00000
49.50800	2624.00000
49.51300	2686.00000
49.51800	2818.00000
49.52300	2848.00000
49.52800	2857.00000
49.53300	2928.00000
49.53800	3005.00000
49.54300	3028.00000
49.54800	3056.00000
49.55300	3098.00000
49.55800	3070.00000
49.56300	3099.00000
49.56800	3109.00000
49.57300	2998.00000
49.57800	2926.00000
49.58300	2866.00000
49.58800	2745.00000
49.59300	2622.00000
49.59800	2522.00000
49.60300	2360.00000
49.60800	2218.00000
49.61300	2138.00000
49.61800	2090.00000
49.62300	1979.00000
49.62800	1883.00000
49.63300	1836.00000
49.63800	1711.00000
49.64300	1616.00000
49.64800	1578.00000
49.65300	1598.00000
49.65800	1570.00000
49.66300	1469.00000
49.66800	1384.00000
49.67300	1381.00000
49.67800	1400.00000
49.68300	1376.00000
49.68800	1349.00000
49.69300	1343.00000
49.69800	1346.00000
49.70300	1322.00000
49.70800	1296.00000
49.71300	1299.00000
49.71800	1289.00000
49.72300	1279.00000
49.72800	1254.00000
49.73300	1235.00000
49.73800	1280.00000
49.74300	1306.00000
49.74800	1263.00000
49.75300	1208.00000
49.75800	1190.00000
49.76300	1182.00000
49.76800	1180.00000
49.77300	1200.00000
49.77800	1198.00000
49.78300	1167.00000
49.78800	1161.00000
49.79300	1127.00000
49.79800	1134.00000
49.80300	1141.00000
49.80800	1155.00000
49.81300	1173.00000
49.81800	1204.00000
49.82300	1191.00000
49.82800	1157.00000
49.83300	1155.00000
49.83800	1209.00000
49.84300	1243.00000
49.84800	1249.00000
49.85300	1268.00000
49.85800	1276.00000
49.86300	1306.00000
49.86800	1347.00000
49.87300	1354.00000
49.87800	1398.00000
49.88300	1425.00000
49.88800	1421.00000
49.89300	1398.00000
49.89800	1402.00000
49.90300	1482.00000
49.90800	1536.00000
49.91300	1537.00000
49.91800	1546.00000
49.92300	1591.00000
49.92800	1648.00000
49.93300	1685.00000
49.93800	1706.00000
49.94300	1743.00000
49.94800	1815.00000
49.95300	1852.00000
49.95800	1850.00000
49.96300	1908.00000
49.96800	1959.00000
49.97300	1981.00000
49.97800	2030.00000
49.98300	2073.00000
49.98800	2124.00000
49.99300	2250.00000
49.99800	2337.00000
50.00300	2333.00000
50.00800	2370.00000
50.01300	2376.00000
50.01800	2367.00000
50.02300	2390.00000
50.02800	2397.00000
50.03300	2394.00000
50.03800	2372.00000
50.04300	2286.00000
50.04800	2170.00000
50.05300	2093.00000
50.05800	2112.00000
50.06300	2156.00000
50.06800	2050.00000
50.07300	1926.00000
50.07800	1904.00000
50.08300	1864.00000
50.08800	1825.00000
50.09300	1793.00000
50.09800	1712.00000
50.10300	1662.00000
50.10800	1650.00000
50.11300	1634.00000
50.11800	1644.00000
50.12300	1627.00000
50.12800	1611.00000
50.13300	1621.00000
50.13800	1641.00000
50.14300	1681.00000
50.14800	1667.00000
50.15300	1639.00000
50.15800	1699.00000
50.16300	1747.00000
50.16800	1786.00000
50.17300	1853.00000
50.17800	1862.00000
50.18300	1874.00000
50.18800	1905.00000
50.19300	1880.00000
50.19800	1924.00000
50.20300	1999.00000
50.20800	2031.00000
50.21300	2108.00000
50.21800	2200.00000
50.22300	2234.00000
50.22800	2278.00000
50.23300	2407.00000
50.23800	2507.00000
50.24300	2509.00000
50.24800	2527.00000
50.25300	2564.00000
50.25800	2584.00000
50.26300	2667.00000
50.26800	2703.00000
50.27300	2695.00000
50.27800	2688.00000
50.28300	2674.00000
50.28800	2689.00000
50.29300	2681.00000
50.29800	2657.00000
50.30300	2650.00000
50.30800	2543.00000
50.31300	2448.00000
50.31800	2390.00000
50.32300	2305.00000
50.32800	2185.00000
50.33300	2067.00000
50.33800	1987.00000
50.34300	1930.00000
50.34800	1838.00000
50.35300	1713.00000
50.35800	1597.00000
50.36300	1558.00000
50.36800	1512.00000
50.37300	1492.00000
50.37800	1498.00000
50.38300	1463.00000
50.38800	1428.00000
50.39300	1413.00000
50.39800	1368.00000
50.40300	1324.00000
50.40800	1293.00000
50.41300	1275.00000
50.41800	1253.00000
50.42300	1216.00000
50.42800	1201.00000
50.43300	1188.00000
50.43800	1144.00000
50.44300	1145.00000
50.44800	1122.00000
50.45300	1129.00000
50.45800	1136.00000
50.46300	1121.00000
50.46800	1123.00000
50.47300	1112.00000
50.47800	1116.00000
50.48300	1115.00000
50.48800	1076.00000
50.49300	1050.00000
50.49800	1067.00000
50.50300	1117.00000
50.50800	1122.00000
50.51300	1059.00000
50.51800	1040.00000
50.52300	1023.00000
50.52800	1019.00000
50.53300	1023.00000
50.53800	1003.00000
50.54300	1000.00000
50.54800	987.00000
50.55300	998.00000
50.55800	1019.00000
50.56300	1050.00000
50.56800	1044.00000
50.57300	1035.00000
50.57800	1035.00000
50.58300	1017.00000
50.58800	1002.00000
50.59300	993.00000
50.59800	1013.00000
50.60300	1011.00000
50.60800	1016.00000
50.61300	1071.00000
50.61800	1087.00000
50.62300	1081.00000
50.62800	1059.00000
50.63300	1061.00000
50.63800	1109.00000
50.64300	1146.00000
50.64800	1112.00000
50.65300	1125.00000
50.65800	1134.00000
50.66300	1129.00000
50.66800	1144.00000
50.67300	1133.00000
50.67800	1114.00000
50.68300	1104.00000
50.68800	1163.00000
50.69300	1210.00000
50.69800	1222.00000
50.70300	1255.00000
50.70800	1254.00000
50.71300	1324.00000
50.71800	1304.00000
50.72300	1256.00000
50.72800	1243.00000
50.73300	1242.00000
50.73800	1242.00000
50.74300	1228.00000
50.74800	1273.00000
50.75300	1234.00000
50.75800	1210.00000
50.76300	1197.00000
50.76800	1117.00000
50.77300	1061.00000
50.77800	1077.00000
50.78300	1105.00000
50.78800	1083.00000
50.79300	1041.00000
50.79800	1078.00000
50.80300	1018.00000
50.80800	959.00000
50.81300	993.00000
50.81800	983.00000
50.82300	955.00000
50.82800	936.00000
50.83300	959.00000
50.83800	990.00000
50.84300	968.00000
50.84800	952.00000
50.85300	915.00000
50.85800	880.00000
50.86300	886.00000
50.86800	896.00000
50.87300	864.00000
50.87800	866.00000
50.88300	885.00000
50.88800	934.00000
50.89300	957.00000
50.89800	954.00000
50.90300	937.00000
50.90800	912.00000
50.91300	918.00000
50.91800	872.00000
50.92300	854.00000
50.92800	853.00000
50.93300	845.00000
50.93800	831.00000
50.94300	845.00000
50.94800	826.00000
50.95300	893.00000
50.95800	861.00000
50.96300	814.00000
50.96800	774.00000
50.97300	791.00000
50.97800	812.00000
50.98300	851.00000
50.98800	849.00000
50.99300	851.00000
50.99800	808.00000
51.00300	851.00000
51.00800	836.00000
51.01300	845.00000
51.01800	866.00000
51.02300	916.00000
51.02800	898.00000
51.03300	860.00000
51.03800	823.00000
51.04300	851.00000
51.04800	841.00000
51.05300	876.00000
51.05800	854.00000
51.06300	853.00000
51.06800	851.00000
51.07300	843.00000
51.07800	823.00000
51.08300	796.00000
51.08800	798.00000
51.09300	795.00000
51.09800	826.00000
51.10300	884.00000
51.10800	873.00000
51.11300	790.00000
51.11800	779.00000
51.12300	807.00000
51.12800	843.00000
51.13300	833.00000
51.13800	781.00000
51.14300	769.00000
51.14800	773.00000
51.15300	823.00000
51.15800	860.00000
51.16300	839.00000
51.16800	832.00000
51.17300	847.00000
51.17800	842.00000
51.18300	840.00000
51.18800	828.00000
51.19300	850.00000
51.19800	862.00000
51.20300	833.00000
51.20800	819.00000
51.21300	822.00000
51.21800	833.00000
51.22300	831.00000
51.22800	846.00000
51.23300	878.00000
51.23800	890.00000
51.24300	910.00000
51.24800	899.00000
51.25300	852.00000
51.25800	849.00000
51.26300	818.00000
51.26800	803.00000
51.27300	801.00000
51.27800	805.00000
51.28300	812.00000
51.28800	841.00000
51.29300	856.00000
51.29800	860.00000
51.30300	839.00000
51.30800	848.00000
51.31300	823.00000
51.31800	824.00000
51.32300	844.00000
51.32800	845.00000
51.33300	811.00000
51.33800	801.00000
51.34300	820.00000
51.34800	853.00000
51.35300	859.00000
51.35800	827.00000
51.36300	779.00000
51.36800	775.00000
51.37300	817.00000
51.37800	830.00000
51.38300	813.00000
51.38800	784.00000
51.39300	768.00000
51.39800	766.00000
51.40300	790.00000
51.40800	813.00000
51.41300	824.00000
51.41800	823.00000
51.42300	802.00000
51.42800	802.00000
51.43300	801.00000
51.43800	774.00000
51.44300	798.00000
51.44800	824.00000
51.45300	823.00000
51.45800	852.00000
51.46300	891.00000
51.46800	889.00000
51.47300	872.00000
51.47800	862.00000
51.48300	845.00000
51.48800	846.00000
51.49300	841.00000
51.49800	857.00000
51.50300	862.00000
51.50800	832.00000
51.51300	819.00000
51.51800	833.00000
51.52300	833.00000
51.52800	851.00000
51.53300	859.00000
51.53800	838.00000
51.54300	867.00000
51.54800	887.00000
51.55300	887.00000
51.55800	885.00000
51.56300	864.00000
51.56800	837.00000
51.57300	841.00000
51.57800	846.00000
51.58300	826.00000
51.58800	816.00000
51.59300	830.00000
51.59800	853.00000
51.60300	863.00000
51.60800	872.00000
51.61300	868.00000
51.61800	853.00000
51.62300	833.00000
51.62800	813.00000
51.63300	823.00000
51.63800	852.00000
51.64300	905.00000
51.64800	967.00000
51.65300	968.00000
51.65800	918.00000
51.66300	885.00000
51.66800	905.00000
51.67300	903.00000
51.67800	910.00000
51.68300	916.00000
51.68800	931.00000
51.69300	980.00000
51.69800	989.00000
51.70300	951.00000
51.70800	966.00000
51.71300	986.00000
51.71800	954.00000
51.72300	959.00000
51.72800	1004.00000
51.73300	1012.00000
51.73800	986.00000
51.74300	1020.00000
51.74800	1016.00000
51.75300	999.00000
51.75800	1032.00000
51.76300	1001.00000
51.76800	956.00000
51.77300	943.00000
51.77800	963.00000
51.78300	1000.00000
51.78800	1020.00000
51.79300	1005.00000
51.79800	980.00000
51.80300	987.00000
51.80800	955.00000
51.81300	958.00000
51.81800	986.00000
51.82300	991.00000
51.82800	968.00000
51.83300	972.00000
51.83800	964.00000
51.84300	943.00000
51.84800	955.00000
51.85300	910.00000
51.85800	876.00000
51.86300	829.00000
51.86800	828.00000
51.87300	851.00000
51.87800	874.00000
51.88300	908.00000
51.88800	894.00000
51.89300	918.00000
51.89800	912.00000
51.90300	915.00000
51.90800	848.00000
51.91300	775.00000
51.91800	778.00000
51.92300	818.00000
51.92800	833.00000
51.93300	851.00000
51.93800	891.00000
51.94300	865.00000
51.94800	872.00000
51.95300	875.00000
51.95800	848.00000
51.96300	865.00000
51.96800	848.00000
51.97300	856.00000
51.97800	861.00000
51.98300	844.00000
51.98800	828.00000
51.99300	853.00000
51.99800	881.00000
52.00300	891.00000
52.00800	832.00000
52.01300	823.00000
52.01800	836.00000
52.02300	814.00000
52.02800	825.00000
52.03300	873.00000
52.03800	866.00000
52.04300	859.00000
52.04800	864.00000
52.05300	866.00000
52.05800	875.00000
52.06300	819.00000
52.06800	837.00000
52.07300	864.00000
52.07800	851.00000
52.08300	870.00000
52.08800	852.00000
52.09300	832.00000
52.09800	887.00000
52.10300	869.00000
52.10800	797.00000
52.11300	796.00000
52.11800	776.00000
52.12300	782.00000
52.12800	841.00000
52.13300	825.00000
52.13800	804.00000
52.14300	830.00000
52.14800	828.00000
52.15300	849.00000
52.15800	871.00000
52.16300	829.00000
52.16800	842.00000
52.17300	837.00000
52.17800	827.00000
52.18300	845.00000
52.18800	820.00000
52.19300	834.00000
52.19800	844.00000
52.20300	854.00000
52.20800	849.00000
52.21300	837.00000
52.21800	781.00000
52.22300	798.00000
52.22800	797.00000
52.23300	801.00000
52.23800	824.00000
52.24300	842.00000
52.24800	834.00000
52.25300	854.00000
52.25800	847.00000
52.26300	868.00000
52.26800	866.00000
52.27300	862.00000
52.27800	894.00000
52.28300	897.00000
52.28800	888.00000
52.29300	923.00000
52.29800	939.00000
52.30300	946.00000
52.30800	913.00000
52.31300	923.00000
52.31800	888.00000
52.32300	888.00000
52.32800	916.00000
52.33300	900.00000
52.33800	886.00000
52.34300	931.00000
52.34800	959.00000
52.35300	953.00000
52.35800	937.00000
52.36300	958.00000
52.36800	970.00000
52.37300	1012.00000
52.37800	1032.00000
52.38300	1033.00000
52.38800	1008.00000
52.39300	1017.00000
52.39800	1055.00000
52.40300	1046.00000
52.40800	1090.00000
52.41300	1111.00000
52.41800	1155.00000
52.42300	1186.00000
52.42800	1239.00000
52.43300	1235.00000
52.43800	1244.00000
52.44300	1308.00000
52.44800	1390.00000
52.45300	1421.00000
52.45800	1418.00000
52.46300	1460.00000
52.46800	1529.00000
52.47300	1518.00000
52.47800	1484.00000
52.48300	1501.00000
52.48800	1529.00000
52.49300	1523.00000
52.49800	1537.00000
52.50300	1564.00000
52.50800	1565.00000
52.51300	1526.00000
52.51800	1531.00000
52.52300	1555.00000
52.52800	1543.00000
52.53300	1529.00000
52.53800	1473.00000
52.54300	1401.00000
52.54800	1364.00000
52.55300	1318.00000
52.55800	1258.00000
52.56300	1204.00000
52.56800	1129.00000
52.57300	1095.00000
52.57800	1071.00000
52.58300	1027.00000
52.58800	1038.00000
52.59300	1066.00000
52.59800	1040.00000
52.60300	998.00000
52.60800	988.00000
52.61300	987.00000
52.61800	960.00000
52.62300	951.00000
52.62800	954.00000
52.63300	939.00000
52.63800	935.00000
52.64300	918.00000
52.64800	925.00000
52.65300	924.00000
52.65800	901.00000
52.66300	883.00000
52.66800	873.00000
52.67300	867.00000
52.67800	849.00000
52.68300	854.00000
52.68800	862.00000
52.69300	850.00000
52.69800	844.00000
52.70300	860.00000
52.70800	905.00000
52.71300	902.00000
52.71800	878.00000
52.72300	855.00000
52.72800	823.00000
52.73300	820.00000
52.73800	812.00000
52.74300	807.00000
52.74800	812.00000
52.75300	818.00000
52.75800	830.00000
52.76300	818.00000
52.76800	800.00000
52.77300	805.00000
52.77800	797.00000
52.78300	800.00000
52.78800	805.00000
52.79300	813.00000
52.79800	828.00000
52.80300	831.00000
52.80800	849.00000
52.81300	863.00000
52.81800	832.00000
52.82300	820.00000
52.82800	852.00000
52.83300	869.00000
52.83800	871.00000
52.84300	874.00000
52.84800	860.00000
52.85300	840.00000
52.85800	835.00000
52.86300	820.00000
52.86800	803.00000
52.87300	797.00000
52.87800	821.00000
52.88300	821.00000
52.88800	805.00000
52.89300	817.00000
52.89800	840.00000
52.90300	855.00000
52.90800	834.00000
52.91300	830.00000
52.91800	809.00000
52.92300	840.00000
52.92800	862.00000
52.93300	865.00000
52.93800	855.00000
52.94300	824.00000
52.94800	791.00000
52.95300	783.00000
52.95800	830.00000
52.96300	842.00000
52.96800	827.00000
52.97300	792.00000
52.97800	790.00000
52.98300	793.00000
52.98800	785.00000
52.99300	821.00000
52.99800	840.00000
53.00300	814.00000
53.00800	789.00000
53.01300	785.00000
53.01800	804.00000
53.02300	800.00000
53.02800	796.00000
53.03300	823.00000
53.03800	845.00000
53.04300	881.00000
53.04800	908.00000
53.05300	928.00000
53.05800	938.00000
53.06300	917.00000
53.06800	854.00000
53.07300	860.00000
53.07800	869.00000
53.08300	885.00000
53.08800	883.00000
53.09300	846.00000
53.09800	859.00000
53.10300	898.00000
53.10800	903.00000
53.11300	845.00000
53.11800	808.00000
53.12300	797.00000
53.12800	811.00000
53.13300	850.00000
53.13800	850.00000
53.14300	855.00000
53.14800	836.00000
53.15300	828.00000
53.15800	828.00000
53.16300	825.00000
53.16800	831.00000
53.17300	870.00000
53.17800	874.00000
53.18300	835.00000
53.18800	816.00000
53.19300	821.00000
53.19800	806.00000
53.20300	786.00000
53.20800	780.00000
53.21300	808.00000
53.21800	800.00000
53.22300	788.00000
53.22800	812.00000
53.23300	831.00000
53.23800	821.00000
53.24300	804.00000
53.24800	822.00000
53.25300	774.00000
53.25800	761.00000
53.26300	773.00000
53.26800	817.00000
53.27300	812.00000
53.27800	825.00000
53.28300	770.00000
53.28800	750.00000
53.29300	785.00000
53.29800	833.00000
53.30300	800.00000
53.30800	836.00000
53.31300	855.00000
53.31800	857.00000
53.32300	880.00000
53.32800	840.00000
53.33300	791.00000
53.33800	778.00000
53.34300	790.00000
53.34800	786.00000
53.35300	757.00000
53.35800	787.00000
53.36300	799.00000
53.36800	853.00000
53.37300	842.00000
53.37800	891.00000
53.38300	882.00000
53.38800	893.00000
53.39300	886.00000
53.39800	923.00000
53.40300	952.00000
53.40800	908.00000
53.41300	884.00000
53.41800	868.00000
53.42300	877.00000
53.42800	918.00000
53.43300	929.00000
53.43800	980.00000
53.44300	987.00000
53.44800	938.00000
53.45300	960.00000
53.45800	988.00000
53.46300	996.00000
53.46800	1007.00000
53.47300	1010.00000
53.47800	1051.00000
53.48300	1021.00000
53.48800	1032.00000
53.49300	1100.00000
53.49800	1096.00000
53.50300	1099.00000
53.50800	1100.00000
53.51300	1176.00000
53.51800	1176.00000
53.52300	1202.00000
53.52800	1237.00000
53.53300	1256.00000
53.53800	1252.00000
53.54300	1239.00000
53.54800	1175.00000
53.55300	1173.00000
53.55800	1182.00000
53.56300	1147.00000
53.56800	1136.00000
53.57300	1172.00000
53.57800	1187.00000
53.58300	1124.00000
53.58800	1051.00000
53.59300	939.00000
53.59800	937.00000
53.60300	963.00000
53.60800	976.00000
53.61300	945.00000
53.61800	920.00000
53.62300	910.00000
53.62800	917.00000
53.63300	950.00000
53.63800	933.00000
53.64300	936.00000
53.64800	880.00000
53.65300	852.00000
53.65800	830.00000
53.66300	835.00000
53.66800	839.00000
53.67300	818.00000
53.67800	825.00000
53.68300	845.00000
53.68800	862.00000
53.69300	879.00000
53.69800	901.00000
53.70300	888.00000
53.70800	931.00000
53.71300	920.00000
53.71800	886.00000
53.72300	854.00000
53.72800	835.00000
53.73300	851.00000
53.73800	861.00000
53.74300	869.00000
53.74800	859.00000
53.75300	851.00000
53.75800	861.00000
53.76300	859.00000
53.76800	876.00000
53.77300	852.00000
53.77800	873.00000
53.78300	887.00000
53.78800	893.00000
53.79300	863.00000
53.79800	884.00000
53.80300	884.00000
53.80800	898.00000
53.81300	935.00000
53.81800	902.00000
53.82300	895.00000
53.82800	880.00000
53.83300	858.00000
53.83800	823.00000
53.84300	829.00000
53.84800	822.00000
53.85300	854.00000
53.85800	869.00000
53.86300	858.00000
53.86800	885.00000
53.87300	888.00000
53.87800	875.00000
53.88300	915.00000
53.88800	879.00000
53.89300	799.00000
53.89800	849.00000
53.90300	839.00000
53.90800	792.00000
53.91300	795.00000
53.91800	795.00000
53.92300	797.00000
53.92800	813.00000
53.93300	798.00000
53.93800	787.00000
53.94300	809.00000
53.94800	826.00000
53.95300	797.00000
53.95800	787.00000
53.96300	809.00000
53.96800	816.00000
53.97300	810.00000
53.97800	774.00000
53.98300	768.00000
53.98800	787.00000
53.99300	842.00000
53.99800	846.00000
54.00300	797.00000
54.00800	800.00000
54.01300	825.00000
54.01800	837.00000
54.02300	840.00000
54.02800	864.00000
54.03300	858.00000
54.03800	847.00000
54.04300	814.00000
54.04800	819.00000
54.05300	879.00000
54.05800	907.00000
54.06300	891.00000
54.06800	899.00000
54.07300	880.00000
54.07800	838.00000
54.08300	822.00000
54.08800	821.00000
54.09300	812.00000
54.09800	822.00000
54.10300	864.00000
54.10800	912.00000
54.11300	951.00000
54.11800	901.00000
54.12300	898.00000
54.12800	927.00000
54.13300	921.00000
54.13800	950.00000
54.14300	970.00000
54.14800	965.00000
54.15300	970.00000
54.15800	981.00000
54.16300	989.00000
54.16800	1012.00000
54.17300	1011.00000
54.17800	1051.00000
54.18300	1093.00000
54.18800	1098.00000
54.19300	1093.00000
54.19800	1130.00000
54.20300	1129.00000
54.20800	1075.00000
54.21300	1100.00000
54.21800	1128.00000
54.22300	1166.00000
54.22800	1183.00000
54.23300	1150.00000
54.23800	1125.00000
54.24300	1087.00000
54.24800	1047.00000
54.25300	1061.00000
54.25800	1041.00000
54.26300	1054.00000
54.26800	1037.00000
54.27300	1008.00000
54.27800	998.00000
54.28300	975.00000
54.28800	954.00000
54.29300	947.00000
54.29800	902.00000
54.30300	915.00000
54.30800	923.00000
54.31300	931.00000
54.31800	949.00000
54.32300	902.00000
54.32800	878.00000
54.33300	885.00000
54.33800	870.00000
54.34300	872.00000
54.34800	907.00000
54.35300	871.00000
54.35800	800.00000
54.36300	797.00000
54.36800	820.00000
54.37300	832.00000
54.37800	815.00000
54.38300	811.00000
54.38800	845.00000
54.39300	840.00000
54.39800	822.00000
54.40300	831.00000
54.40800	831.00000
54.41300	823.00000
54.41800	830.00000
54.42300	824.00000
54.42800	843.00000
54.43300	856.00000
54.43800	847.00000
54.44300	862.00000
54.44800	870.00000
54.45300	887.00000
54.45800	884.00000
54.46300	841.00000
54.46800	840.00000
54.47300	846.00000
54.47800	795.00000
54.48300	789.00000
54.48800	803.00000
54.49300	823.00000
54.49800	846.00000
54.50300	854.00000
54.50800	847.00000
54.51300	868.00000
54.51800	879.00000
54.52300	871.00000
54.52800	922.00000
54.53300	919.00000
54.53800	869.00000
54.54300	858.00000
54.54800	843.00000
54.55300	822.00000
54.55800	837.00000
54.56300	877.00000
54.56800	925.00000
54.57300	906.00000
54.57800	853.00000
54.58300	848.00000
54.58800	877.00000
54.59300	915.00000
54.59800	932.00000
54.60300	915.00000
54.60800	931.00000
54.61300	972.00000
54.61800	1011.00000
54.62300	1009.00000
54.62800	1012.00000
54.63300	1018.00000
54.63800	1020.00000
54.64300	1023.00000
54.64800	997.00000
54.65300	966.00000
54.65800	964.00000
54.66300	971.00000
54.66800	1003.00000
54.67300	1018.00000
54.67800	1035.00000
54.68300	1091.00000
54.68800	1152.00000
54.69300	1196.00000
54.69800	1230.00000
54.70300	1252.00000
54.70800	1253.00000
54.71300	1271.00000
54.71800	1327.00000
54.72300	1388.00000
54.72800	1442.00000
54.73300	1504.00000
54.73800	1559.00000
54.74300	1562.00000
54.74800	1567.00000
54.75300	1630.00000
54.75800	1693.00000
54.76300	1730.00000
54.76800	1806.00000
54.77300	1896.00000
54.77800	1923.00000
54.78300	1963.00000
54.78800	2065.00000
54.79300	2164.00000
54.79800	2220.00000
54.80300	2222.00000
54.80800	2224.00000
54.81300	2218.00000
54.81800	2266.00000
54.82300	2324.00000
54.82800	2273.00000
54.83300	2165.00000
54.83800	2103.00000
54.84300	2058.00000
54.84800	2046.00000
54.85300	2019.00000
54.85800	1958.00000
54.86300	1874.00000
54.86800	1776.00000
54.87300	1700.00000
54.87800	1655.00000
54.88300	1580.00000
54.88800	1474.00000
54.89300	1434.00000
54.89800	1383.00000
54.90300	1332.00000
54.90800	1322.00000
54.91300	1282.00000
54.91800	1243.00000
54.92300	1262.00000
54.92800	1256.00000
54.93300	1218.00000
54.93800	1201.00000
54.94300	1140.00000
54.94800	1089.00000
54.95300	1105.00000
54.95800	1112.00000
54.96300	1108.00000
54.96800	1140.00000
54.97300	1128.00000
54.97800	1085.00000
54.98300	1065.00000
54.98800	1051.00000
54.99300	1048.00000
54.99800	1041.00000
55.00300	1051.00000
55.00800	1086.00000
55.01300	1060.00000
55.01800	1031.00000
55.02300	1028.00000
55.02800	1033.00000
55.03300	1031.00000
55.03800	1033.00000
55.04300	1063.00000
55.04800	1101.00000
55.05300	1126.00000
55.05800	1150.00000
55.06300	1139.00000
55.06800	1120.00000
55.07300	1147.00000
55.07800	1169.00000
55.08300	1177.00000
55.08800	1166.00000
55.09300	1176.00000
55.09800	1179.00000
55.10300	1202.00000
55.10800	1254.00000
55.11300	1260.00000
55.11800	1280.00000
55.12300	1318.00000
55.12800	1331.00000
55.13300	1331.00000
55.13800	1346.00000
55.14300	1394.00000
55.14800	1435.00000
55.15300	1402.00000
55.15800	1412.00000
55.16300	1480.00000
55.16800	1471.00000
55.17300	1469.00000
55.17800	1473.00000
55.18300	1412.00000
55.18800	1368.00000
55.19300	1399.00000
55.19800	1412.00000
55.20300	1391.00000
55.20800	1381.00000
55.21300	1377.00000
55.21800	1371.00000
55.22300	1400.00000
55.22800	1411.00000
55.23300	1381.00000
55.23800	1381.00000
55.24300	1351.00000
55.24800	1312.00000
55.25300	1327.00000
55.25800	1341.00000
55.26300	1362.00000
55.26800	1348.00000
55.27300	1306.00000
55.27800	1320.00000
55.28300	1305.00000
55.28800	1264.00000
55.29300	1243.00000
55.29800	1238.00000
55.30300	1292.00000
55.30800	1291.00000
55.31300	1250.00000
55.31800	1239.00000
55.32300	1239.00000
55.32800	1257.00000
55.33300	1305.00000
55.33800	1360.00000
55.34300	1369.00000
55.34800	1332.00000
55.35300	1305.00000
55.35800	1315.00000
55.36300	1382.00000
55.36800	1475.00000
55.37300	1495.00000
55.37800	1465.00000
55.38300	1446.00000
55.38800	1476.00000
55.39300	1512.00000
55.39800	1588.00000
55.40300	1691.00000
55.40800	1721.00000
55.41300	1776.00000
55.41800	1898.00000
55.42300	1955.00000
55.42800	1937.00000
55.43300	1967.00000
55.43800	2078.00000
55.44300	2184.00000
55.44800	2252.00000
55.45300	2268.00000
55.45800	2332.00000
55.46300	2398.00000
55.46800	2450.00000
55.47300	2468.00000
55.47800	2455.00000
55.48300	2454.00000
55.48800	2502.00000
55.49300	2526.00000
55.49800	2486.00000
55.50300	2457.00000
55.50800	2399.00000
55.51300	2314.00000
55.51800	2236.00000
55.52300	2133.00000
55.52800	2054.00000
55.53300	2031.00000
55.53800	1965.00000
55.54300	1827.00000
55.54800	1739.00000
55.55300	1697.00000
55.55800	1628.00000
55.56300	1530.00000
55.56800	1451.00000
55.57300	1430.00000
55.57800	1383.00000
55.58300	1316.00000
55.58800	1288.00000
55.59300	1265.00000
55.59800	1226.00000
55.60300	1201.00000
55.60800	1189.00000
55.61300	1164.00000
55.61800	1123.00000
55.62300	1122.00000
55.62800	1089.00000
55.63300	1051.00000
55.63800	1073.00000
55.64300	1056.00000
55.64800	1013.00000
55.65300	1030.00000
55.65800	1040.00000
55.66300	1012.00000
55.66800	998.00000
55.67300	1005.00000
55.67800	1017.00000
55.68300	1002.00000
55.68800	965.00000
55.69300	943.00000
55.69800	945.00000
55.70300	931.00000
55.70800	918.00000
55.71300	975.00000
55.71800	1012.00000
55.72300	974.00000
55.72800	896.00000
55.73300	900.00000
55.73800	918.00000
55.74300	896.00000
55.74800	888.00000
55.75300	913.00000
55.75800	942.00000
55.76300	976.00000
55.76800	975.00000
55.77300	989.00000
55.77800	984.00000
55.78300	965.00000
55.78800	986.00000
55.79300	1001.00000
55.79800	978.00000
55.80300	971.00000
55.80800	990.00000
55.81300	1009.00000
55.81800	1011.00000
55.82300	1026.00000
55.82800	1056.00000
55.83300	1070.00000
55.83800	1059.00000
55.84300	1063.00000
55.84800	1075.00000
55.85300	1082.00000
55.85800	1112.00000
55.86300	1133.00000
55.86800	1175.00000
55.87300	1159.00000
55.87800	1155.00000
55.88300	1166.00000
55.88800	1199.00000
55.89300	1211.00000
55.89800	1223.00000
55.90300	1232.00000
55.90800	1234.00000
55.91300	1231.00000
55.91800	1207.00000
55.92300	1152.00000
55.92800	1154.00000
55.93300	1135.00000
55.93800	1127.00000
55.94300	1134.00000
55.94800	1126.00000
55.95300	1131.00000
55.95800	1102.00000
55.96300	1069.00000
55.96800	1044.00000
55.97300	1060.00000
55.97800	1066.00000
55.98300	1075.00000
55.98800	1048.00000
55.99300	1016.00000
55.99800	985.00000
56.00300	947.00000
56.00800	943.00000
56.01300	930.00000
56.01800	907.00000
56.02300	890.00000
56.02800	884.00000
56.03300	888.00000
56.03800	897.00000
56.04300	892.00000
56.04800	885.00000
56.05300	859.00000
56.05800	826.00000
56.06300	837.00000
56.06800	827.00000
56.07300	820.00000
56.07800	819.00000
56.08300	831.00000
56.08800	838.00000
56.09300	828.00000
56.09800	801.00000
56.10300	802.00000
56.10800	815.00000
56.11300	811.00000
56.11800	803.00000
56.12300	789.00000
56.12800	758.00000
56.13300	775.00000
56.13800	781.00000
56.14300	788.00000
56.14800	800.00000
56.15300	817.00000
56.15800	836.00000
56.16300	825.00000
56.16800	809.00000
56.17300	795.00000
56.17800	756.00000
56.18300	785.00000
56.18800	796.00000
56.19300	814.00000
56.19800	835.00000
56.20300	812.00000
56.20800	768.00000
56.21300	751.00000
56.21800	759.00000
56.22300	779.00000
56.22800	769.00000
56.23300	793.00000
56.23800	799.00000
56.24300	781.00000
56.24800	769.00000
56.25300	784.00000
56.25800	750.00000
56.26300	725.00000
56.26800	719.00000
56.27300	765.00000
56.27800	794.00000
56.28300	786.00000
56.28800	775.00000
56.29300	764.00000
56.29800	775.00000
56.30300	778.00000
56.30800	784.00000
56.31300	809.00000
56.31800	820.00000
56.32300	831.00000
56.32800	807.00000
56.33300	789.00000
56.33800	759.00000
56.34300	714.00000
56.34800	715.00000
56.35300	702.00000
56.35800	721.00000
56.36300	748.00000
56.36800	735.00000
56.37300	749.00000
56.37800	780.00000
56.38300	771.00000
56.38800	757.00000
56.39300	786.00000
56.39800	812.00000
56.40300	793.00000
56.40800	754.00000
56.41300	723.00000
56.41800	694.00000
56.42300	665.00000
56.42800	715.00000
56.43300	767.00000
56.43800	760.00000
56.44300	768.00000
56.44800	790.00000
56.45300	788.00000
56.45800	788.00000
56.46300	799.00000
56.46800	797.00000
56.47300	806.00000
56.47800	804.00000
56.48300	844.00000
56.48800	821.00000
56.49300	777.00000
56.49800	760.00000
56.50300	771.00000
56.50800	769.00000
56.51300	769.00000
56.51800	781.00000
56.52300	775.00000
56.52800	755.00000
56.53300	735.00000
56.53800	726.00000
56.54300	730.00000
56.54800	766.00000
56.55300	774.00000
56.55800	758.00000
56.56300	747.00000
56.56800	770.00000
56.57300	789.00000
56.57800	768.00000
56.58300	742.00000
56.58800	744.00000
56.59300	758.00000
56.59800	780.00000
56.60300	810.00000
56.60800	833.00000
56.61300	803.00000
56.61800	755.00000
56.62300	733.00000
56.62800	751.00000
56.63300	784.00000
56.63800	793.00000
56.64300	757.00000
56.64800	732.00000
56.65300	703.00000
56.65800	688.00000
56.66300	696.00000
56.66800	723.00000
56.67300	759.00000
56.67800	789.00000
56.68300	778.00000
56.68800	729.00000
56.69300	693.00000
56.69800	710.00000
56.70300	723.00000
56.70800	756.00000
56.71300	804.00000
56.71800	807.00000
56.72300	776.00000
56.72800	743.00000
56.73300	698.00000
56.73800	704.00000
56.74300	745.00000
56.74800	738.00000
56.75300	705.00000
56.75800	710.00000
56.76300	722.00000
56.76800	723.00000
56.77300	731.00000
56.77800	765.00000
56.78300	778.00000
56.78800	746.00000
56.79300	728.00000
56.79800	718.00000
56.80300	744.00000
56.80800	757.00000
56.81300	737.00000
56.81800	734.00000
56.82300	716.00000
56.82800	742.00000
56.83300	766.00000
56.83800	758.00000
56.84300	738.00000
56.84800	757.00000
56.85300	759.00000
56.85800	744.00000
56.86300	741.00000
56.86800	768.00000
56.87300	772.00000
56.87800	746.00000
56.88300	710.00000
56.88800	755.00000
56.89300	761.00000
56.89800	730.00000
56.90300	752.00000
56.90800	741.00000
56.91300	744.00000
56.91800	772.00000
56.92300	751.00000
56.92800	733.00000
56.93300	730.00000
56.93800	732.00000
56.94300	755.00000
56.94800	770.00000
56.95300	753.00000
56.95800	741.00000
56.96300	740.00000
56.96800	748.00000
56.97300	760.00000
56.97800	736.00000
56.98300	727.00000
56.98800	732.00000
56.99300	706.00000
56.99800	713.00000
57.00300	720.00000
57.00800	708.00000
57.01300	724.00000
57.01800	719.00000
57.02300	725.00000
57.02800	771.00000
57.03300	782.00000
57.03800	769.00000
57.04300	782.00000
57.04800	792.00000
57.05300	807.00000
57.05800	809.00000
57.06300	763.00000
57.06800	755.00000
57.07300	737.00000
57.07800	756.00000
57.08300	754.00000
57.08800	756.00000
57.09300	748.00000
57.09800	765.00000
57.10300	774.00000
57.10800	778.00000
57.11300	804.00000
57.11800	818.00000
57.12300	834.00000
57.12800	826.00000
57.13300	821.00000
57.13800	838.00000
57.14300	821.00000
57.14800	826.00000
57.15300	836.00000
57.15800	822.00000
57.16300	834.00000
57.16800	870.00000
57.17300	922.00000
57.17800	964.00000
57.18300	966.00000
57.18800	944.00000
57.19300	913.00000
57.19800	907.00000
57.20300	915.00000
57.20800	910.00000
57.21300	932.00000
57.21800	961.00000
57.22300	929.00000
57.22800	893.00000
57.23300	966.00000
57.23800	995.00000
57.24300	1007.00000
57.24800	1006.00000
57.25300	980.00000
57.25800	962.00000
57.26300	931.00000
57.26800	885.00000
57.27300	895.00000
57.27800	868.00000
57.28300	868.00000
57.28800	910.00000
57.29300	958.00000
57.29800	963.00000
57.30300	982.00000
57.30800	931.00000
57.31300	962.00000
57.31800	938.00000
57.32300	878.00000
57.32800	917.00000
57.33300	987.00000
57.33800	997.00000
57.34300	978.00000
57.34800	942.00000
57.35300	931.00000
57.35800	939.00000
57.36300	979.00000
57.36800	953.00000
57.37300	924.00000
57.37800	900.00000
57.38300	875.00000
57.38800	878.00000
57.39300	886.00000
57.39800	915.00000
57.40300	881.00000
57.40800	868.00000
57.41300	874.00000
57.41800	868.00000
57.42300	867.00000
57.42800	886.00000
57.43300	898.00000
57.43800	912.00000
57.44300	930.00000
57.44800	887.00000
57.45300	854.00000
57.45800	885.00000
57.46300	869.00000
57.46800	839.00000
57.47300	817.00000
57.47800	817.00000
57.48300	847.00000
57.48800	864.00000
57.49300	820.00000
57.49800	833.00000
57.50300	806.00000
57.50800	770.00000
57.51300	772.00000
57.51800	762.00000
57.52300	756.00000
57.52800	774.00000
57.53300	780.00000
57.53800	790.00000
57.54300	806.00000
57.54800	834.00000
57.55300	846.00000
57.55800	832.00000
57.56300	761.00000
57.56800	716.00000
57.57300	720.00000
57.57800	718.00000
57.58300	743.00000
57.58800	807.00000
57.59300	818.00000
57.59800	795.00000
57.60300	761.00000
57.60800	739.00000
57.61300	728.00000
57.61800	736.00000
57.62300	764.00000
57.62800	762.00000
57.63300	757.00000
57.63800	769.00000
57.64300	759.00000
57.64800	784.00000
57.65300	758.00000
57.65800	748.00000
57.66300	790.00000
57.66800	770.00000
57.67300	761.00000
57.67800	725.00000
57.68300	718.00000
57.68800	717.00000
57.69300	739.00000
57.69800	798.00000
57.70300	804.00000
57.70800	804.00000
57.71300	785.00000
57.71800	751.00000
57.72300	757.00000
57.72800	752.00000
57.73300	752.00000
57.73800	725.00000
57.74300	716.00000
57.74800	730.00000
57.75300	752.00000
57.75800	775.00000
57.76300	769.00000
57.76800	769.00000
57.77300	757.00000
57.77800	742.00000
57.78300	747.00000
57.78800	730.00000
57.79300	731.00000
57.79800	739.00000
57.80300	763.00000
57.80800	726.00000
57.81300	731.00000
57.81800	689.00000
57.82300	708.00000
57.82800	726.00000
57.83300	734.00000
57.83800	731.00000
57.84300	723.00000
57.84800	775.00000
57.85300	802.00000
57.85800	775.00000
57.86300	758.00000
57.86800	770.00000
57.87300	782.00000
57.87800	772.00000
57.88300	737.00000
57.88800	736.00000
57.89300	728.00000
57.89800	742.00000
57.90300	767.00000
57.90800	751.00000
57.91300	726.00000
57.91800	729.00000
57.92300	729.00000
57.92800	752.00000
57.93300	761.00000
57.93800	771.00000
57.94300	756.00000
57.94800	760.00000
57.95300	753.00000
57.95800	722.00000
57.96300	707.00000
57.96800	750.00000
57.97300	784.00000
57.97800	779.00000
57.98300	730.00000
57.98800	729.00000
57.99300	759.00000
57.99800	801.00000
58.00300	762.00000
58.00800	705.00000
58.01300	740.00000
58.01800	817.00000
58.02300	843.00000
58.02800	828.00000
58.03300	792.00000
58.03800	760.00000
58.04300	754.00000
58.04800	754.00000
58.05300	768.00000
58.05800	792.00000
58.06300	779.00000
58.06800	793.00000
58.07300	773.00000
58.07800	768.00000
58.08300	805.00000
58.08800	796.00000
58.09300	790.00000
58.09800	838.00000
58.10300	842.00000
58.10800	818.00000
58.11300	795.00000
58.11800	803.00000
58.12300	844.00000
58.12800	868.00000
58.13300	819.00000
58.13800	808.00000
58.14300	794.00000
58.14800	788.00000
58.15300	779.00000
58.15800	792.00000
58.16300	816.00000
58.16800	855.00000
58.17300	842.00000
58.17800	794.00000
58.18300	808.00000
58.18800	837.00000
58.19300	833.00000
58.19800	830.00000
58.20300	814.00000
58.20800	833.00000
58.21300	844.00000
58.21800	823.00000
58.22300	801.00000
58.22800	836.00000
58.23300	855.00000
58.23800	814.00000
58.24300	822.00000
58.24800	824.00000
58.25300	863.00000
58.25800	899.00000
58.26300	851.00000
58.26800	810.00000
58.27300	841.00000
58.27800	897.00000
58.28300	894.00000
58.28800	863.00000
58.29300	890.00000
58.29800	899.00000
58.30300	931.00000
58.30800	928.00000
58.31300	924.00000
58.31800	951.00000
58.32300	982.00000
58.32800	951.00000
58.33300	941.00000
58.33800	940.00000
58.34300	975.00000
58.34800	1006.00000
58.35300	1076.00000
58.35800	1120.00000
58.36300	1177.00000
58.36800	1145.00000
58.37300	1153.00000
58.37800	1185.00000
58.38300	1206.00000
58.38800	1231.00000
58.39300	1271.00000
58.39800	1290.00000
58.40300	1274.00000
58.40800	1280.00000
58.41300	1317.00000
58.41800	1330.00000
58.42300	1342.00000
58.42800	1431.00000
58.43300	1437.00000
58.43800	1421.00000
58.44300	1491.00000
58.44800	1536.00000
58.45300	1587.00000
58.45800	1629.00000
58.46300	1625.00000
58.46800	1572.00000
58.47300	1594.00000
58.47800	1591.00000
58.48300	1608.00000
58.48800	1632.00000
58.49300	1642.00000
58.49800	1660.00000
58.50300	1675.00000
58.50800	1687.00000
58.51300	1670.00000
58.51800	1723.00000
58.52300	1707.00000
58.52800	1632.00000
58.53300	1570.00000
58.53800	1567.00000
58.54300	1558.00000
58.54800	1541.00000
58.55300	1555.00000
58.55800	1508.00000
58.56300	1468.00000
58.56800	1500.00000
58.57300	1490.00000
58.57800	1448.00000
58.58300	1369.00000
58.58800	1373.00000
58.59300	1360.00000
58.59800	1356.00000
58.60300	1244.00000
58.60800	1186.00000
58.61300	1154.00000
58.61800	1174.00000
58.62300	1169.00000
58.62800	1099.00000
58.63300	1056.00000
58.63800	1043.00000
58.64300	1073.00000
58.64800	1086.00000
58.65300	1060.00000
58.65800	1014.00000
58.66300	1007.00000
58.66800	1015.00000
58.67300	1062.00000
58.67800	1061.00000
58.68300	1061.00000
58.68800	1063.00000
58.69300	998.00000
58.69800	1001.00000
58.70300	1016.00000
58.70800	1005.00000
58.71300	1011.00000
58.71800	996.00000
58.72300	994.00000
58.72800	980.00000
58.73300	991.00000
58.73800	1018.00000
58.74300	1040.00000
58.74800	1080.00000
58.75300	1037.00000
58.75800	1011.00000
58.76300	1032.00000
58.76800	1046.00000
58.77300	1050.00000
58.77800	1073.00000
58.78300	1062.00000
58.78800	1087.00000
58.79300	1069.00000
58.79800	1046.00000
58.80300	1074.00000
58.80800	1024.00000
58.81300	1032.00000
58.81800	996.00000
58.82300	973.00000
58.82800	954.00000
58.83300	915.00000
58.83800	888.00000
58.84300	865.00000
58.84800	870.00000
58.85300	841.00000
58.85800	844.00000
58.86300	902.00000
58.86800	949.00000
58.87300	918.00000
58.87800	898.00000
58.88300	847.00000
58.88800	846.00000
58.89300	831.00000
58.89800	808.00000
58.90300	780.00000
58.90800	752.00000
58.91300	811.00000
58.91800	832.00000
58.92300	820.00000
58.92800	819.00000
58.93300	804.00000
58.93800	816.00000
58.94300	801.00000
58.94800	828.00000
58.95300	845.00000
58.95800	838.00000
58.96300	855.00000
58.96800	842.00000
58.97300	859.00000
58.97800	837.00000
58.98300	830.00000
58.98800	822.00000
58.99300	788.00000
58.99800	784.00000
59.00300	813.00000
59.00800	795.00000
59.01300	787.00000
59.01800	802.00000
59.02300	839.00000
59.02800	822.00000
59.03300	825.00000
59.03800	847.00000
59.04300	876.00000
59.04800	874.00000
59.05300	838.00000
59.05800	814.00000
59.06300	819.00000
59.06800	847.00000
59.07300	869.00000
59.07800	875.00000
59.08300	892.00000
59.08800	909.00000
59.09300	908.00000
59.09800	888.00000
59.10300	920.00000
59.10800	925.00000
59.11300	961.00000
59.11800	954.00000
59.12300	935.00000
59.12800	959.00000
59.13300	1021.00000
59.13800	1054.00000
59.14300	1059.00000
59.14800	1070.00000
59.15300	1069.00000
59.15800	1066.00000
59.16300	1097.00000
59.16800	1099.00000
59.17300	1088.00000
59.17800	1141.00000
59.18300	1121.00000
59.18800	1064.00000
59.19300	1026.00000
59.19800	1002.00000
59.20300	996.00000
59.20800	1049.00000
59.21300	1070.00000
59.21800	1056.00000
59.22300	1059.00000
59.22800	1036.00000
59.23300	1001.00000
59.23800	987.00000
59.24300	990.00000
59.24800	976.00000
59.25300	926.00000
59.25800	915.00000
59.26300	909.00000
59.26800	924.00000
59.27300	881.00000
59.27800	901.00000
59.28300	932.00000
59.28800	912.00000
59.29300	843.00000
59.29800	804.00000
59.30300	798.00000
59.30800	805.00000
59.31300	853.00000
59.31800	841.00000
59.32300	798.00000
59.32800	780.00000
59.33300	801.00000
59.33800	791.00000
59.34300	764.00000
59.34800	790.00000
59.35300	860.00000
59.35800	856.00000
59.36300	824.00000
59.36800	861.00000
59.37300	892.00000
59.37800	828.00000
59.38300	806.00000
59.38800	863.00000
59.39300	859.00000
59.39800	801.00000
59.40300	743.00000
59.40800	776.00000
59.41300	812.00000
59.41800	841.00000
59.42300	840.00000
59.42800	862.00000
59.43300	858.00000
59.43800	821.00000
59.44300	828.00000
59.44800	798.00000
59.45300	822.00000
59.45800	817.00000
59.46300	837.00000
59.46800	839.00000
59.47300	824.00000
59.47800	804.00000
59.48300	840.00000
59.48800	861.00000
59.49300	860.00000
59.49800	810.00000
59.50300	775.00000
59.50800	810.00000
59.51300	794.00000
59.51800	783.00000
59.52300	774.00000
59.52800	811.00000
59.53300	823.00000
59.53800	809.00000
59.54300	817.00000
59.54800	878.00000
59.55300	884.00000
59.55800	870.00000
59.56300	891.00000
59.56800	901.00000
59.57300	901.00000
59.57800	914.00000
59.58300	925.00000
59.58800	944.00000
59.59300	946.00000
59.59800	921.00000
59.60300	963.00000
59.60800	1011.00000
59.61300	1012.00000
59.61800	1028.00000
59.62300	1058.00000
59.62800	1093.00000
59.63300	1102.00000
59.63800	1114.00000
59.64300	1100.00000
59.64800	1132.00000
59.65300	1174.00000
59.65800	1213.00000
59.66300	1239.00000
59.66800	1265.00000
59.67300	1244.00000
59.67800	1257.00000
59.68300	1277.00000
59.68800	1348.00000
59.69300	1431.00000
59.69800	1433.00000
59.70300	1459.00000
59.70800	1466.00000
59.71300	1505.00000
59.71800	1580.00000
59.72300	1666.00000
59.72800	1693.00000
59.73300	1679.00000
59.73800	1670.00000
59.74300	1644.00000
59.74800	1654.00000
59.75300	1645.00000
59.75800	1646.00000
59.76300	1708.00000
59.76800	1668.00000
59.77300	1608.00000
59.77800	1570.00000
59.78300	1562.00000
59.78800	1528.00000
59.79300	1416.00000
59.79800	1338.00000
59.80300	1290.00000
59.80800	1246.00000
59.81300	1253.00000
59.81800	1220.00000
59.82300	1200.00000
59.82800	1125.00000
59.83300	1123.00000
59.83800	1106.00000
59.84300	1092.00000
59.84800	1096.00000
59.85300	1039.00000
59.85800	1022.00000
59.86300	972.00000
59.86800	996.00000
59.87300	966.00000
59.87800	1018.00000
59.88300	1048.00000
59.88800	988.00000
59.89300	923.00000
59.89800	947.00000
59.90300	991.00000
59.90800	975.00000
59.91300	968.00000
59.91800	910.00000
59.92300	912.00000
59.92800	882.00000
59.93300	910.00000
59.93800	963.00000
59.94300	970.00000
59.94800	957.00000
59.95300	945.00000
59.95800	929.00000
59.96300	890.00000
59.96800	893.00000
59.97300	984.00000
59.97800	1076.00000
59.98300	1066.00000
59.98800	1024.00000
59.99300	1009.00000
59.99800	996.00000
60.00300	1017.00000
60.00800	1030.00000
60.01300	1064.00000
60.01800	1049.00000
60.02300	1018.00000
60.02800	1057.00000
60.03300	1084.00000
60.03800	1075.00000
60.04300	1078.00000
60.04800	1132.00000
60.05300	1137.00000
60.05800	1122.00000
60.06300	1176.00000
60.06800	1205.00000
60.07300	1283.00000
60.07800	1314.00000
60.08300	1300.00000
60.08800	1218.00000
60.09300	1213.00000
60.09800	1287.00000
60.10300	1353.00000
60.10800	1393.00000
60.11300	1403.00000
60.11800	1359.00000
60.12300	1396.00000
60.12800	1388.00000
60.13300	1494.00000
60.13800	1507.00000
60.14300	1472.00000
60.14800	1425.00000
60.15300	1447.00000
60.15800	1439.00000
60.16300	1413.00000
60.16800	1374.00000
60.17300	1446.00000
60.17800	1498.00000
60.18300	1432.00000
60.18800	1361.00000
60.19300	1283.00000
60.19800	1226.00000
60.20300	1213.00000
60.20800	1256.00000
60.21300	1247.00000
60.21800	1269.00000
60.22300	1202.00000
60.22800	1191.00000
60.23300	1203.00000
60.23800	1211.00000
60.24300	1182.00000
60.24800	1164.00000
60.25300	1168.00000
60.25800	1179.00000
60.26300	1224.00000
60.26800	1186.00000
60.27300	1179.00000
60.27800	1203.00000
60.28300	1177.00000
60.28800	1189.00000
60.29300	1218.00000
60.29800	1281.00000
60.30300	1315.00000
60.30800	1289.00000
60.31300	1302.00000
60.31800	1318.00000
60.32300	1300.00000
60.32800	1346.00000
60.33300	1412.00000
60.33800	1400.00000
60.34300	1401.00000
60.34800	1446.00000
60.35300	1442.00000
60.35800	1451.00000
60.36300	1493.00000
60.36800	1583.00000
60.37300	1654.00000
60.37800	1641.00000
60.38300	1625.00000
60.38800	1616.00000
60.39300	1602.00000
60.39800	1623.00000
60.40300	1619.00000
60.40800	1577.00000
60.41300	1601.00000
60.41800	1655.00000
60.42300	1686.00000
60.42800	1615.00000
60.43300	1589.00000
60.43800	1573.00000
60.44300	1507.00000
60.44800	1515.00000
60.45300	1481.00000
60.45800	1395.00000
60.46300	1361.00000
60.46800	1361.00000
60.47300	1367.00000
60.47800	1412.00000
60.48300	1396.00000
60.48800	1312.00000
60.49300	1242.00000
60.49800	1213.00000
60.50300	1166.00000
60.50800	1097.00000
60.51300	1104.00000
60.51800	1103.00000
60.52300	1080.00000
60.52800	1076.00000
60.53300	1063.00000
60.53800	1040.00000
60.54300	1024.00000
60.54800	1020.00000
60.55300	1012.00000
60.55800	992.00000
60.56300	969.00000
60.56800	941.00000
60.57300	900.00000
60.57800	887.00000
60.58300	883.00000
60.58800	878.00000
60.59300	924.00000
60.59800	945.00000
60.60300	934.00000
60.60800	903.00000
60.61300	887.00000
60.61800	943.00000
60.62300	946.00000
60.62800	901.00000
60.63300	892.00000
60.63800	884.00000
60.64300	865.00000
60.64800	847.00000
60.65300	848.00000
60.65800	846.00000
60.66300	841.00000
60.66800	875.00000
60.67300	884.00000
60.67800	896.00000
60.68300	927.00000
60.68800	954.00000
60.69300	956.00000
60.69800	961.00000
60.70300	934.00000
60.70800	932.00000
60.71300	935.00000
60.71800	910.00000
60.72300	913.00000
60.72800	942.00000
60.73300	946.00000
60.73800	917.00000
60.74300	917.00000
60.74800	949.00000
60.75300	992.00000
60.75800	1024.00000
60.76300	1027.00000
60.76800	1021.00000
60.77300	1024.00000
60.77800	1040.00000
60.78300	1019.00000
60.78800	1000.00000
60.79300	1029.00000
60.79800	1014.00000
60.80300	982.00000
60.80800	942.00000
60.81300	923.00000
60.81800	954.00000
60.82300	937.00000
60.82800	889.00000
60.83300	870.00000
60.83800	874.00000
60.84300	856.00000
60.84800	869.00000
60.85300	875.00000
60.85800	863.00000
60.86300	855.00000
60.86800	825.00000
60.87300	828.00000
60.87800	851.00000
60.88300	835.00000
60.88800	859.00000
60.89300	879.00000
60.89800	856.00000
60.90300	807.00000
60.90800	825.00000
60.91300	856.00000
60.91800	826.00000
60.92300	819.00000
60.92800	814.00000
60.93300	816.00000
60.93800	799.00000
60.94300	815.00000
60.94800	812.00000
60.95300	788.00000
60.95800	774.00000
60.96300	768.00000
60.96800	772.00000
60.97300	739.00000
60.97800	720.00000
60.98300	734.00000
60.98800	732.00000
60.99300	722.00000
60.99800	732.00000
61.00300	743.00000
61.00800	747.00000
61.01300	737.00000
61.01800	746.00000
61.02300	771.00000
61.02800	758.00000
61.03300	765.00000
61.03800	788.00000
61.04300	825.00000
61.04800	799.00000
61.05300	745.00000
61.05800	712.00000
61.06300	717.00000
61.06800	751.00000
61.07300	793.00000
61.07800	803.00000
61.08300	774.00000
61.08800	767.00000
61.09300	778.00000
61.09800	790.00000
61.10300	782.00000
61.10800	769.00000
61.11300	767.00000
61.11800	750.00000
61.12300	726.00000
61.12800	705.00000
61.13300	728.00000
61.13800	788.00000
61.14300	787.00000
61.14800	756.00000
61.15300	736.00000
61.15800	749.00000
61.16300	807.00000
61.16800	830.00000
61.17300	837.00000
61.17800	836.00000
61.18300	817.00000
61.18800	778.00000
61.19300	756.00000
61.19800	760.00000
61.20300	786.00000
61.20800	796.00000
61.21300	818.00000
61.21800	851.00000
61.22300	866.00000
61.22800	839.00000
61.23300	840.00000
61.23800	890.00000
61.24300	934.00000
61.24800	909.00000
61.25300	886.00000
61.25800	923.00000
61.26300	958.00000
61.26800	955.00000
61.27300	921.00000
61.27800	930.00000
61.28300	944.00000
61.28800	979.00000
61.29300	1002.00000
61.29800	980.00000
61.30300	946.00000
61.30800	966.00000
61.31300	981.00000
61.31800	977.00000
61.32300	977.00000
61.32800	957.00000
61.33300	960.00000
61.33800	999.00000
61.34300	1016.00000
61.34800	1067.00000
61.35300	1068.00000
61.35800	1030.00000
61.36300	1017.00000
61.36800	1008.00000
61.37300	1029.00000
61.37800	1051.00000
61.38300	1050.00000
61.38800	1038.00000
61.39300	1030.00000
61.39800	1022.00000
61.40300	1000.00000
61.40800	933.00000
61.41300	891.00000
61.41800	894.00000
61.42300	921.00000
61.42800	917.00000
61.43300	881.00000
61.43800	874.00000
61.44300	832.00000
61.44800	816.00000
61.45300	832.00000
61.45800	837.00000
61.46300	811.00000
61.46800	802.00000
61.47300	828.00000
61.47800	827.00000
61.48300	818.00000
61.48800	814.00000
61.49300	804.00000
61.49800	834.00000
61.50300	836.00000
61.50800	846.00000
61.51300	845.00000
61.51800	816.00000
61.52300	803.00000
61.52800	823.00000
61.53300	866.00000
61.53800	917.00000
61.54300	891.00000
61.54800	873.00000
61.55300	882.00000
61.55800	905.00000
61.56300	920.00000
61.56800	878.00000
61.57300	868.00000
61.57800	880.00000
61.58300	876.00000
61.58800	889.00000
61.59300	912.00000
61.59800	930.00000
61.60300	940.00000
61.60800	976.00000
61.61300	1009.00000
61.61800	1016.00000
61.62300	1009.00000
61.62800	1029.00000
61.63300	1035.00000
61.63800	1010.00000
61.64300	1010.00000
61.64800	1034.00000
61.65300	1032.00000
61.65800	1040.00000
61.66300	1070.00000
61.66800	1078.00000
61.67300	1077.00000
61.67800	1018.00000
61.68300	969.00000
61.68800	947.00000
61.69300	935.00000
61.69800	919.00000
61.70300	934.00000
61.70800	942.00000
61.71300	926.00000
61.71800	904.00000
61.72300	883.00000
61.72800	891.00000
61.73300	885.00000
61.73800	864.00000
61.74300	824.00000
61.74800	789.00000
61.75300	764.00000
61.75800	764.00000
61.76300	772.00000
61.76800	798.00000
61.77300	828.00000
61.77800	820.00000
61.78300	808.00000
61.78800	794.00000
61.79300	794.00000
61.79800	790.00000
61.80300	783.00000
61.80800	772.00000
61.81300	769.00000
61.81800	801.00000
61.82300	829.00000
61.82800	822.00000
61.83300	792.00000
61.83800	771.00000
61.84300	769.00000
61.84800	767.00000
61.85300	779.00000
61.85800	785.00000
61.86300	774.00000
61.86800	761.00000
61.87300	744.00000
61.87800	742.00000
61.88300	760.00000
61.88800	785.00000
61.89300	811.00000
61.89800	830.00000
61.90300	832.00000
61.90800	836.00000
61.91300	848.00000
61.91800	835.00000
61.92300	801.00000
61.92800	789.00000
61.93300	797.00000
61.93800	781.00000
61.94300	768.00000
61.94800	775.00000
61.95300	784.00000
61.95800	790.00000
61.96300	778.00000
61.96800	766.00000
61.97300	780.00000
61.97800	814.00000
61.98300	861.00000
61.98800	878.00000
61.99300	848.00000
61.99800	845.00000
62.00300	868.00000
62.00800	882.00000
62.01300	901.00000
62.01800	924.00000
62.02300	936.00000
62.02800	936.00000
62.03300	942.00000
62.03800	971.00000
62.04300	993.00000
62.04800	992.00000
62.05300	974.00000
62.05800	974.00000
62.06300	973.00000
62.06800	964.00000
62.07300	1000.00000
62.07800	1004.00000
62.08300	951.00000
62.08800	935.00000
62.09300	940.00000
62.09800	936.00000
62.10300	954.00000
62.10800	948.00000
62.11300	936.00000
62.11800	910.00000
62.12300	865.00000
62.12800	843.00000
62.13300	837.00000
62.13800	819.00000
62.14300	801.00000
62.14800	813.00000
62.15300	810.00000
62.15800	812.00000
62.16300	841.00000
62.16800	845.00000
62.17300	808.00000
62.17800	804.00000
62.18300	826.00000
62.18800	818.00000
62.19300	816.00000
62.19800	794.00000
62.20300	792.00000
62.20800	811.00000
62.21300	787.00000
62.21800	769.00000
62.22300	738.00000
62.22800	707.00000
62.23300	717.00000
62.23800	741.00000
62.24300	743.00000
62.24800	711.00000
62.25300	690.00000
62.25800	700.00000
62.26300	713.00000
62.26800	745.00000
62.27300	776.00000
62.27800	776.00000
62.28300	762.00000
62.28800	760.00000
62.29300	768.00000
62.29800	762.00000
62.30300	754.00000
62.30800	748.00000
62.31300	724.00000
62.31800	693.00000
62.32300	676.00000
62.32800	689.00000
62.33300	712.00000
62.33800	710.00000
62.34300	719.00000
62.34800	746.00000
62.35300	745.00000
62.35800	728.00000
62.36300	714.00000
62.36800	705.00000
62.37300	707.00000
62.37800	747.00000
62.38300	774.00000
62.38800	761.00000
62.39300	759.00000
62.39800	757.00000
62.40300	756.00000
62.40800	766.00000
62.41300	772.00000
62.41800	757.00000
62.42300	727.00000
62.42800	716.00000
62.43300	733.00000
62.43800	728.00000
62.44300	697.00000
62.44800	681.00000
62.45300	672.00000
62.45800	653.00000
62.46300	663.00000
62.46800	708.00000
62.47300	725.00000
62.47800	697.00000
62.48300	684.00000
62.48800	704.00000
62.49300	714.00000
62.49800	724.00000
62.50300	737.00000
62.50800	736.00000
62.51300	709.00000
62.51800	665.00000
62.52300	635.00000
62.52800	671.00000
62.53300	714.00000
62.53800	718.00000
62.54300	715.00000
62.54800	699.00000
62.55300	698.00000
62.55800	719.00000
62.56300	731.00000
62.56800	718.00000
62.57300	677.00000
62.57800	687.00000
62.58300	718.00000
62.58800	708.00000
62.59300	717.00000
62.59800	723.00000
62.60300	717.00000
62.60800	743.00000
62.61300	767.00000
62.61800	786.00000
62.62300	794.00000
62.62800	754.00000
62.63300	758.00000
62.63800	752.00000
62.64300	738.00000
62.64800	713.00000
62.65300	672.00000
62.65800	684.00000
62.66300	708.00000
62.66800	709.00000
62.67300	728.00000
62.67800	752.00000
62.68300	765.00000
62.68800	742.00000
62.69300	705.00000
62.69800	709.00000
62.70300	704.00000
62.70800	700.00000
62.71300	736.00000
62.71800	730.00000
62.72300	740.00000
62.72800	784.00000
62.73300	772.00000
62.73800	738.00000
62.74300	707.00000
62.74800	730.00000
62.75300	789.00000
62.75800	808.00000
62.76300	777.00000
62.76800	753.00000
62.77300	756.00000
62.77800	761.00000
62.78300	766.00000
62.78800	766.00000
62.79300	742.00000
62.79800	712.00000
62.80300	678.00000
62.80800	666.00000
62.81300	672.00000
62.81800	681.00000
62.82300	716.00000
62.82800	752.00000
62.83300	790.00000
62.83800	795.00000
62.84300	794.00000
62.84800	780.00000
62.85300	782.00000
62.85800	793.00000
62.86300	753.00000
62.86800	742.00000
62.87300	773.00000
62.87800	795.00000
62.88300	815.00000
62.88800	830.00000
62.89300	829.00000
62.89800	857.00000
62.90300	859.00000
62.90800	843.00000
62.91300	873.00000
62.91800	884.00000
62.92300	853.00000
62.92800	833.00000
62.93300	859.00000
62.93800	855.00000
62.94300	878.00000
62.94800	908.00000
62.95300	909.00000
62.95800	930.00000
62.96300	955.00000
62.96800	913.00000
62.97300	857.00000
62.97800	834.00000
62.98300	834.00000
62.98800	861.00000
62.99300	869.00000
62.99800	859.00000
63.00300	852.00000
63.00800	888.00000
63.01300	925.00000
63.01800	914.00000
63.02300	923.00000
63.02800	910.00000
63.03300	899.00000
63.03800	910.00000
63.04300	928.00000
63.04800	947.00000
63.05300	972.00000
63.05800	955.00000
63.06300	972.00000
63.06800	946.00000
63.07300	923.00000
63.07800	842.00000
63.08300	836.00000
63.08800	810.00000
63.09300	803.00000
63.09800	811.00000
63.10300	844.00000
63.10800	828.00000
63.11300	826.00000
63.11800	828.00000
63.12300	810.00000
63.12800	775.00000
63.13300	792.00000
63.13800	831.00000
63.14300	799.00000
63.14800	775.00000
63.15300	799.00000
63.15800	846.00000
63.16300	850.00000
63.16800	809.00000
63.17300	792.00000
63.17800	785.00000
63.18300	812.00000
63.18800	859.00000
63.19300	887.00000
63.19800	893.00000
63.20300	877.00000
63.20800	827.00000
63.21300	811.00000
63.21800	811.00000
63.22300	808.00000
63.22800	780.00000
63.23300	738.00000
63.23800	757.00000
63.24300	801.00000
63.24800	822.00000
63.25300	820.00000
63.25800	820.00000
63.26300	806.00000
63.26800	809.00000
63.27300	861.00000
63.27800	891.00000
63.28300	876.00000
63.28800	795.00000
63.29300	768.00000
63.29800	772.00000
63.30300	786.00000
63.30800	753.00000
63.31300	771.00000
63.31800	806.00000
63.32300	799.00000
63.32800	799.00000
63.33300	815.00000
63.33800	824.00000
63.34300	827.00000
63.34800	830.00000
63.35300	788.00000
63.35800	777.00000
63.36300	770.00000
63.36800	772.00000
63.37300	761.00000
63.37800	779.00000
63.38300	848.00000
63.38800	899.00000
63.39300	915.00000
63.39800	892.00000
63.40300	828.00000
63.40800	823.00000
63.41300	813.00000
63.41800	807.00000
63.42300	839.00000
63.42800	862.00000
63.43300	861.00000
63.43800	879.00000
63.44300	883.00000
63.44800	855.00000
63.45300	886.00000
63.45800	893.00000
63.46300	872.00000
63.46800	869.00000
63.47300	891.00000
63.47800	882.00000
63.48300	894.00000
63.48800	951.00000
63.49300	1005.00000
63.49800	1029.00000
63.50300	976.00000
63.50800	976.00000
63.51300	986.00000
63.51800	1019.00000
63.52300	1046.00000
63.52800	1053.00000
63.53300	1027.00000
63.53800	1018.00000
63.54300	1033.00000
63.54800	975.00000
63.55300	970.00000
63.55800	954.00000
63.56300	975.00000
63.56800	984.00000
63.57300	954.00000
63.57800	963.00000
63.58300	921.00000
63.58800	927.00000
63.59300	902.00000
63.59800	882.00000
63.60300	890.00000
63.60800	872.00000
63.61300	832.00000
63.61800	833.00000
63.62300	841.00000
63.62800	791.00000
63.63300	769.00000
63.63800	808.00000
63.64300	826.00000
63.64800	833.00000
63.65300	806.00000
63.65800	800.00000
63.66300	820.00000
63.66800	802.00000
63.67300	772.00000
63.67800	774.00000
63.68300	738.00000
63.68800	726.00000
63.69300	725.00000
63.69800	725.00000
63.70300	775.00000
63.70800	769.00000
63.71300	786.00000
63.71800	756.00000
63.72300	756.00000
63.72800	768.00000
63.73300	792.00000
63.73800	768.00000
63.74300	737.00000
63.74800	697.00000
63.75300	708.00000
63.75800	752.00000
63.76300	798.00000
63.76800	788.00000
63.77300	781.00000
63.77800	801.00000
63.78300	806.00000
63.78800	821.00000
63.79300	793.00000
63.79800	818.00000
63.80300	807.00000
63.80800	780.00000
63.81300	772.00000
63.81800	789.00000
63.82300	785.00000
63.82800	765.00000
63.83300	765.00000
63.83800	808.00000
63.84300	792.00000
63.84800	796.00000
63.85300	796.00000
63.85800	809.00000
63.86300	783.00000
63.86800	798.00000
63.87300	762.00000
63.87800	787.00000
63.88300	833.00000
63.88800	818.00000
63.89300	822.00000
63.89800	792.00000
63.90300	805.00000
63.90800	828.00000
63.91300	821.00000
63.91800	819.00000
63.92300	809.00000
63.92800	796.00000
63.93300	763.00000
63.93800	782.00000
63.94300	809.00000
63.94800	784.00000
63.95300	771.00000
63.95800	773.00000
63.96300	781.00000
63.96800	808.00000
63.97300	770.00000
63.97800	768.00000
63.98300	785.00000
63.98800	794.00000
63.99300	787.00000
63.99800	754.00000
64.00300	808.00000
64.00800	820.00000
64.01300	810.00000
64.01800	765.00000
64.02300	721.00000
64.02800	768.00000
64.03300	776.00000
64.03800	781.00000
64.04300	745.00000
64.04800	793.00000
64.05300	744.00000
64.05800	722.00000
64.06300	757.00000
64.06800	776.00000
64.07300	728.00000
64.07800	724.00000
64.08300	729.00000
64.08800	770.00000
64.09300	788.00000
64.09800	836.00000
64.10300	787.00000
64.10800	807.00000
64.11300	825.00000
64.11800	840.00000
64.12300	820.00000
64.12800	804.00000
64.13300	804.00000
64.13800	785.00000
64.14300	747.00000
64.14800	698.00000
64.15300	697.00000
64.15800	742.00000
64.16300	743.00000
64.16800	748.00000
64.17300	766.00000
64.17800	784.00000
64.18300	757.00000
64.18800	749.00000
64.19300	745.00000
64.19800	744.00000
64.20300	783.00000
64.20800	772.00000
64.21300	715.00000
64.21800	709.00000
64.22300	713.00000
64.22800	762.00000
64.23300	737.00000
64.23800	702.00000
64.24300	744.00000
64.24800	791.00000
64.25300	800.00000
64.25800	766.00000
64.26300	785.00000
64.26800	779.00000
64.27300	785.00000
64.27800	804.00000
64.28300	833.00000
64.28800	839.00000
64.29300	832.00000
64.29800	828.00000
64.30300	808.00000
64.30800	820.00000
64.31300	828.00000
64.31800	792.00000
64.32300	772.00000
64.32800	747.00000
64.33300	759.00000
64.33800	770.00000
64.34300	792.00000
64.34800	809.00000
64.35300	827.00000
64.35800	841.00000
64.36300	827.00000
64.36800	793.00000
64.37300	801.00000
64.37800	820.00000
64.38300	836.00000
64.38800	862.00000
64.39300	874.00000
64.39800	883.00000
64.40300	868.00000
64.40800	849.00000
64.41300	889.00000
64.41800	905.00000
64.42300	863.00000
64.42800	835.00000
64.43300	856.00000
64.43800	858.00000
64.44300	884.00000
64.44800	895.00000
64.45300	875.00000
64.45800	891.00000
64.46300	873.00000
64.46800	892.00000
64.47300	928.00000
64.47800	991.00000
64.48300	1024.00000
64.48800	997.00000
64.49300	957.00000
64.49800	929.00000
64.50300	915.00000
64.50800	931.00000
64.51300	937.00000
64.51800	933.00000
64.52300	930.00000
64.52800	965.00000
64.53300	988.00000
64.53800	1010.00000
64.54300	1024.00000
64.54800	1034.00000
64.55300	1052.00000
64.55800	1080.00000
64.56300	1078.00000
64.56800	1069.00000
64.57300	1081.00000
64.57800	1065.00000
64.58300	1054.00000
64.58800	1030.00000
64.59300	1032.00000
64.59800	1081.00000
64.60300	1110.00000
64.60800	1147.00000
64.61300	1231.00000
64.61800	1258.00000
64.62300	1256.00000
64.62800	1220.00000
64.63300	1241.00000
64.63800	1306.00000
64.64300	1347.00000
64.64800	1332.00000
64.65300	1339.00000
64.65800	1364.00000
64.66300	1397.00000
64.66800	1471.00000
64.67300	1496.00000
64.67800	1522.00000
64.68300	1567.00000
64.68800	1634.00000
64.69300	1674.00000
64.69800	1682.00000
64.70300	1756.00000
64.70800	1821.00000
64.71300	1877.00000
64.71800	1955.00000
64.72300	2093.00000
64.72800	2267.00000
64.73300	2331.00000
64.73800	2338.00000
64.74300	2396.00000
64.74800	2471.00000
64.75300	2563.00000
64.75800	2742.00000
64.76300	2904.00000
64.76800	3080.00000
64.77300	3269.00000
64.77800	3407.00000
64.78300	3458.00000
64.78800	3502.00000
64.79300	3670.00000
64.79800	3897.00000
64.80300	4087.00000
64.80800	4274.00000
64.81300	4451.00000
64.81800	4569.00000
64.82300	4649.00000
64.82800	4719.00000
64.83300	4729.00000
64.83800	4705.00000
64.84300	4627.00000
64.84800	4547.00000
64.85300	4538.00000
64.85800	4510.00000
64.86300	4417.00000
64.86800	4280.00000
64.87300	4088.00000
64.87800	3859.00000
64.88300	3712.00000
64.88800	3607.00000
64.89300	3442.00000
64.89800	3328.00000
64.90300	3221.00000
64.90800	3039.00000
64.91300	2845.00000
64.91800	2619.00000
64.92300	2432.00000
64.92800	2325.00000
64.93300	2245.00000
64.93800	2222.00000
64.94300	2171.00000
64.94800	2095.00000
64.95300	2029.00000
64.95800	1923.00000
64.96300	1808.00000
64.96800	1721.00000
64.97300	1642.00000
64.97800	1569.00000
64.98300	1570.00000
64.98800	1588.00000
64.99300	1568.00000
64.99800	1505.00000
65.00300	1467.00000
65.00800	1464.00000
65.01300	1422.00000
65.01800	1372.00000
65.02300	1300.00000
65.02800	1241.00000
65.03300	1238.00000
65.03800	1236.00000
65.04300	1207.00000
65.04800	1193.00000
65.05300	1171.00000
65.05800	1136.00000
65.06300	1116.00000
65.06800	1116.00000
65.07300	1117.00000
65.07800	1125.00000
65.08300	1170.00000
65.08800	1178.00000
65.09300	1121.00000
65.09800	1103.00000
65.10300	1087.00000
65.10800	1082.00000
65.11300	1085.00000
65.11800	1083.00000
65.12300	1064.00000
65.12800	1030.00000
65.13300	1054.00000
65.13800	1045.00000
65.14300	1031.00000
65.14800	1037.00000
65.15300	1042.00000
65.15800	1040.00000
65.16300	995.00000
65.16800	992.00000
65.17300	987.00000
65.17800	995.00000
65.18300	1005.00000
65.18800	988.00000
65.19300	978.00000
65.19800	950.00000
65.20300	948.00000
65.20800	989.00000
65.21300	977.00000
65.21800	981.00000
65.22300	992.00000
65.22800	983.00000
65.23300	1028.00000
65.23800	1002.00000
65.24300	979.00000
65.24800	953.00000
65.25300	933.00000
65.25800	954.00000
65.26300	924.00000
65.26800	905.00000
65.27300	888.00000
65.27800	933.00000
65.28300	958.00000
65.28800	927.00000
65.29300	921.00000
65.29800	905.00000
65.30300	905.00000
65.30800	901.00000
65.31300	896.00000
65.31800	902.00000
65.32300	905.00000
65.32800	910.00000
65.33300	935.00000
65.33800	918.00000
65.34300	896.00000
65.34800	900.00000
65.35300	904.00000
65.35800	924.00000
65.36300	926.00000
65.36800	920.00000
65.37300	892.00000
65.37800	862.00000
65.38300	839.00000
65.38800	870.00000
65.39300	911.00000
65.39800	900.00000
65.40300	888.00000
65.40800	882.00000
65.41300	901.00000
65.41800	879.00000
65.42300	899.00000
65.42800	933.00000
65.43300	936.00000
65.43800	917.00000
65.44300	910.00000
65.44800	894.00000
65.45300	899.00000
65.45800	879.00000
65.46300	858.00000
65.46800	868.00000
65.47300	868.00000
65.47800	864.00000
65.48300	890.00000
65.48800	893.00000
65.49300	877.00000
65.49800	862.00000
65.50300	848.00000
65.50800	852.00000
65.51300	833.00000
65.51800	840.00000
65.52300	879.00000
65.52800	860.00000
65.53300	858.00000
65.53800	812.00000
65.54300	830.00000
65.54800	835.00000
65.55300	848.00000
65.55800	858.00000
65.56300	846.00000
65.56800	858.00000
65.57300	787.00000
65.57800	743.00000
65.58300	805.00000
65.58800	827.00000
65.59300	818.00000
65.59800	836.00000
65.60300	824.00000
65.60800	814.00000
65.61300	809.00000
65.61800	795.00000
65.62300	788.00000
65.62800	807.00000
65.63300	787.00000
65.63800	784.00000
65.64300	771.00000
65.64800	756.00000
65.65300	792.00000
65.65800	779.00000
65.66300	768.00000
65.66800	767.00000
65.67300	781.00000
65.67800	775.00000
65.68300	775.00000
65.68800	787.00000
65.69300	789.00000
65.69800	786.00000
65.70300	763.00000
65.70800	750.00000
65.71300	767.00000
65.71800	751.00000
65.72300	767.00000
65.72800	753.00000
65.73300	740.00000
65.73800	789.00000
65.74300	763.00000
65.74800	783.00000
65.75300	784.00000
65.75800	766.00000
65.76300	795.00000
65.76800	830.00000
65.77300	842.00000
65.77800	831.00000
65.78300	849.00000
65.78800	880.00000
65.79300	819.00000
65.79800	809.00000
65.80300	832.00000
65.80800	868.00000
65.81300	839.00000
65.81800	822.00000
65.82300	827.00000
65.82800	848.00000
65.83300	880.00000
65.83800	902.00000
65.84300	890.00000
65.84800	926.00000
65.85300	958.00000
65.85800	929.00000
65.86300	933.00000
65.86800	911.00000
65.87300	903.00000
65.87800	910.00000
65.88300	978.00000
65.88800	963.00000
65.89300	1013.00000
65.89800	1080.00000
65.90300	1068.00000
65.90800	1071.00000
65.91300	1100.00000
65.91800	1072.00000
65.92300	1079.00000
65.92800	1083.00000
65.93300	1149.00000
65.93800	1179.00000
65.94300	1215.00000
65.94800	1180.00000
65.95300	1173.00000
65.95800	1226.00000
65.96300	1239.00000
65.96800	1283.00000
65.97300	1282.00000
65.97800	1339.00000
65.98300	1373.00000
65.98800	1391.00000
65.99300	1345.00000
65.99800	1297.00000
66.00300	1250.00000
66.00800	1231.00000
66.01300	1208.00000
66.01800	1181.00000
66.02300	1140.00000
66.02800	1093.00000
66.03300	1051.00000
66.03800	1042.00000
66.04300	1069.00000
66.04800	1050.00000
66.05300	1004.00000
66.05800	995.00000
66.06300	927.00000
66.06800	907.00000
66.07300	920.00000
66.07800	887.00000
66.08300	876.00000
66.08800	915.00000
66.09300	903.00000
66.09800	876.00000
66.10300	872.00000
66.10800	878.00000
66.11300	826.00000
66.11800	827.00000
66.12300	889.00000
66.12800	860.00000
66.13300	874.00000
66.13800	832.00000
66.14300	829.00000
66.14800	810.00000
66.15300	829.00000
66.15800	802.00000
66.16300	760.00000
66.16800	781.00000
66.17300	832.00000
66.17800	815.00000
66.18300	813.00000
66.18800	832.00000
66.19300	838.00000
66.19800	852.00000
66.20300	845.00000
66.20800	813.00000
66.21300	823.00000
66.21800	836.00000
66.22300	836.00000
66.22800	852.00000
66.23300	829.00000
66.23800	821.00000
66.24300	830.00000
66.24800	831.00000
66.25300	823.00000
66.25800	825.00000
66.26300	837.00000
66.26800	834.00000
66.27300	850.00000
66.27800	867.00000
66.28300	873.00000
66.28800	876.00000
66.29300	902.00000
66.29800	903.00000
66.30300	932.00000
66.30800	903.00000
66.31300	892.00000
66.31800	887.00000
66.32300	892.00000
66.32800	902.00000
66.33300	901.00000
66.33800	911.00000
66.34300	880.00000
66.34800	891.00000
66.35300	950.00000
66.35800	972.00000
66.36300	969.00000
66.36800	946.00000
66.37300	953.00000
66.37800	948.00000
66.38300	941.00000
66.38800	956.00000
66.39300	939.00000
66.39800	917.00000
66.40300	908.00000
66.40800	853.00000
66.41300	854.00000
66.41800	866.00000
66.42300	838.00000
66.42800	816.00000
66.43300	815.00000
66.43800	852.00000
66.44300	852.00000
66.44800	842.00000
66.45300	866.00000
66.45800	878.00000
66.46300	881.00000
66.46800	870.00000
66.47300	855.00000
66.47800	840.00000
66.48300	860.00000
66.48800	843.00000
66.49300	813.00000
66.49800	800.00000
66.50300	794.00000
66.50800	785.00000
66.51300	780.00000
66.51800	832.00000
66.52300	859.00000
66.52800	857.00000
66.53300	838.00000
66.53800	827.00000
66.54300	823.00000
66.54800	856.00000
66.55300	872.00000
66.55800	839.00000
66.56300	810.00000
66.56800	796.00000
66.57300	784.00000
66.57800	794.00000
66.58300	811.00000
66.58800	817.00000
66.59300	830.00000
66.59800	803.00000
66.60300	798.00000
66.60800	815.00000
66.61300	801.00000
66.61800	792.00000
66.62300	800.00000
66.62800	795.00000
66.63300	799.00000
66.63800	818.00000
66.64300	811.00000
66.64800	775.00000
66.65300	749.00000
66.65800	759.00000
66.66300	801.00000
66.66800	814.00000
66.67300	796.00000
66.67800	790.00000
66.68300	797.00000
66.68800	798.00000
66.69300	816.00000
66.69800	814.00000
66.70300	793.00000
66.70800	788.00000
66.71300	800.00000
66.71800	817.00000
66.72300	811.00000
66.72800	791.00000
66.73300	771.00000
66.73800	767.00000
66.74300	762.00000
66.74800	728.00000
66.75300	750.00000
66.75800	813.00000
66.76300	824.00000
66.76800	812.00000
66.77300	811.00000
66.77800	791.00000
66.78300	763.00000
66.78800	758.00000
66.79300	761.00000
66.79800	728.00000
66.80300	718.00000
66.80800	750.00000
66.81300	751.00000
66.81800	754.00000
66.82300	777.00000
66.82800	800.00000
66.83300	815.00000
66.83800	824.00000
66.84300	807.00000
66.84800	775.00000
66.85300	750.00000
66.85800	750.00000
66.86300	782.00000
66.86800	811.00000
66.87300	842.00000
66.87800	851.00000
66.88300	844.00000
66.88800	828.00000
66.89300	810.00000
66.89800	814.00000
66.90300	855.00000
66.90800	917.00000
66.91300	917.00000
66.91800	902.00000
66.92300	909.00000
66.92800	883.00000
66.93300	864.00000
66.93800	896.00000
66.94300	928.00000
66.94800	930.00000
66.95300	924.00000
66.95800	906.00000
66.96300	895.00000
66.96800	901.00000
66.97300	888.00000
66.97800	842.00000
66.98300	816.00000
66.98800	832.00000
66.99300	856.00000
66.99800	860.00000
67.00300	840.00000
67.00800	818.00000
67.01300	811.00000
67.01800	836.00000
67.02300	839.00000
67.02800	830.00000
67.03300	826.00000
67.03800	841.00000
67.04300	886.00000
67.04800	867.00000
67.05300	811.00000
67.05800	789.00000
67.06300	822.00000
67.06800	798.00000
67.07300	789.00000
67.07800	789.00000
67.08300	775.00000
67.08800	791.00000
67.09300	801.00000
67.09800	813.00000
67.10300	826.00000
67.10800	802.00000
67.11300	778.00000
67.11800	756.00000
67.12300	724.00000
67.12800	685.00000
67.13300	674.00000
67.13800	716.00000
67.14300	741.00000
67.14800	749.00000
67.15300	779.00000
67.15800	767.00000
67.16300	768.00000
67.16800	788.00000
67.17300	806.00000
67.17800	804.00000
67.18300	809.00000
67.18800	801.00000
67.19300	806.00000
67.19800	797.00000
67.20300	793.00000
67.20800	785.00000
67.21300	800.00000
67.21800	806.00000
67.22300	797.00000
67.22800	765.00000
67.23300	794.00000
67.23800	818.00000
67.24300	806.00000
67.24800	825.00000
67.25300	818.00000
67.25800	819.00000
67.26300	816.00000
67.26800	839.00000
67.27300	832.00000
67.27800	844.00000
67.28300	853.00000
67.28800	839.00000
67.29300	803.00000
67.29800	756.00000
67.30300	795.00000
67.30800	801.00000
67.31300	806.00000
67.31800	819.00000
67.32300	849.00000
67.32800	898.00000
67.33300	888.00000
67.33800	881.00000
67.34300	849.00000
67.34800	823.00000
67.35300	840.00000
67.35800	879.00000
67.36300	916.00000
67.36800	908.00000
67.37300	877.00000
67.37800	871.00000
67.38300	911.00000
67.38800	931.00000
67.39300	933.00000
67.39800	994.00000
67.40300	1004.00000
67.40800	1021.00000
67.41300	1015.00000
67.41800	1011.00000
67.42300	981.00000
67.42800	978.00000
67.43300	984.00000
67.43800	1035.00000
67.44300	1041.00000
67.44800	1087.00000
67.45300	1100.00000
67.45800	1145.00000
67.46300	1141.00000
67.46800	1153.00000
67.47300	1171.00000
67.47800	1213.00000
67.48300	1208.00000
67.48800	1192.00000
67.49300	1161.00000
67.49800	1170.00000
67.50300	1155.00000
67.50800	1172.00000
67.51300	1177.00000
67.51800	1164.00000
67.52300	1129.00000
67.52800	1027.00000
67.53300	1036.00000
67.53800	1067.00000
67.54300	1054.00000
67.54800	1011.00000
67.55300	975.00000
67.55800	1008.00000
67.56300	1032.00000
67.56800	955.00000
67.57300	944.00000
67.57800	968.00000
67.58300	994.00000
67.58800	1035.00000
67.59300	1028.00000
67.59800	987.00000
67.60300	990.00000
67.60800	1002.00000
67.61300	1011.00000
67.61800	1043.00000
67.62300	998.00000
67.62800	1007.00000
67.63300	1014.00000
67.63800	1012.00000
67.64300	1041.00000
67.64800	1015.00000
67.65300	1068.00000
67.65800	1084.00000
67.66300	1109.00000
67.66800	1117.00000
67.67300	1137.00000
67.67800	1173.00000
67.68300	1147.00000
67.68800	1243.00000
67.69300	1288.00000
67.69800	1295.00000
67.70300	1269.00000
67.70800	1289.00000
67.71300	1361.00000
67.71800	1413.00000
67.72300	1410.00000
67.72800	1407.00000
67.73300	1459.00000
67.73800	1486.00000
67.74300	1542.00000
67.74800	1569.00000
67.75300	1637.00000
67.75800	1676.00000
67.76300	1741.00000
67.76800	1751.00000
67.77300	1781.00000
67.77800	1757.00000
67.78300	1714.00000
67.78800	1732.00000
67.79300	1754.00000
67.79800	1734.00000
67.80300	1672.00000
67.80800	1579.00000
67.81300	1559.00000
67.81800	1551.00000
67.82300	1560.00000
67.82800	1517.00000
67.83300	1540.00000
67.83800	1580.00000
67.84300	1531.00000
67.84800	1483.00000
67.85300	1422.00000
67.85800	1380.00000
67.86300	1419.00000
67.86800	1379.00000
67.87300	1328.00000
67.87800	1283.00000
67.88300	1264.00000
67.88800	1250.00000
67.89300	1200.00000
67.89800	1204.00000
67.90300	1154.00000
67.90800	1159.00000
67.91300	1170.00000
67.91800	1185.00000
67.92300	1110.00000
67.92800	1091.00000
67.93300	1064.00000
67.93800	1036.00000
67.94300	1029.00000
67.94800	1025.00000
67.95300	1027.00000
67.95800	1032.00000
67.96300	1006.00000
67.96800	1046.00000
67.97300	998.00000
67.97800	1034.00000
67.98300	1005.00000
67.98800	971.00000
67.99300	951.00000
67.99800	927.00000
68.00300	901.00000
68.00800	885.00000
68.01300	884.00000
68.01800	934.00000
68.02300	935.00000
68.02800	953.00000
68.03300	972.00000
68.03800	928.00000
68.04300	943.00000
68.04800	924.00000
68.05300	901.00000
68.05800	883.00000
68.06300	886.00000
68.06800	898.00000
68.07300	889.00000
68.07800	964.00000
68.08300	936.00000
68.08800	950.00000
68.09300	942.00000
68.09800	943.00000
68.10300	882.00000
68.10800	912.00000
68.11300	1017.00000
68.11800	1052.00000
68.12300	1063.00000
68.12800	1074.00000
68.13300	1030.00000
68.13800	1044.00000
68.14300	1070.00000
68.14800	1093.00000
68.15300	1065.00000
68.15800	1028.00000
68.16300	992.00000
68.16800	982.00000
68.17300	987.00000
68.17800	998.00000
68.18300	1003.00000
68.18800	1013.00000
68.19300	1073.00000
68.19800	1084.00000
68.20300	1038.00000
68.20800	1033.00000
68.21300	1042.00000
68.21800	1015.00000
68.22300	1018.00000
68.22800	1011.00000
68.23300	1021.00000
68.23800	1029.00000
68.24300	1023.00000
68.24800	1020.00000
68.25300	1045.00000
68.25800	1014.00000
68.26300	997.00000
68.26800	906.00000
68.27300	912.00000
68.27800	964.00000
68.28300	975.00000
68.28800	977.00000
68.29300	975.00000
68.29800	1003.00000
68.30300	1021.00000
68.30800	1038.00000
68.31300	1054.00000
68.31800	1100.00000
68.32300	1104.00000
68.32800	1073.00000
68.33300	1093.00000
68.33800	1084.00000
68.34300	1096.00000
68.34800	1116.00000
68.35300	1093.00000
68.35800	1070.00000
68.36300	1064.00000
68.36800	1116.00000
68.37300	1149.00000
68.37800	1123.00000
68.38300	1088.00000
68.38800	1137.00000
68.39300	1161.00000
68.39800	1165.00000
68.40300	1147.00000
68.40800	1164.00000
68.41300	1219.00000
68.41800	1194.00000
68.42300	1191.00000
68.42800	1199.00000
68.43300	1244.00000
68.43800	1281.00000
68.44300	1305.00000
68.44800	1292.00000
68.45300	1256.00000
68.45800	1271.00000
68.46300	1276.00000
68.46800	1277.00000
68.47300	1311.00000
68.47800	1353.00000
68.48300	1313.00000
68.48800	1257.00000
68.49300	1206.00000
68.49800	1189.00000
68.50300	1225.00000
68.50800	1205.00000
68.51300	1204.00000
68.51800	1202.00000
68.52300	1167.00000
68.52800	1145.00000
68.53300	1125.00000
68.53800	1068.00000
68.54300	1061.00000
68.54800	1054.00000
68.55300	1013.00000
68.55800	1040.00000
68.56300	1055.00000
68.56800	1022.00000
68.57300	976.00000
68.57800	969.00000
68.58300	974.00000
68.58800	963.00000
68.59300	932.00000
68.59800	923.00000
68.60300	955.00000
68.60800	950.00000
68.61300	972.00000
68.61800	949.00000
68.62300	938.00000
68.62800	913.00000
68.63300	902.00000
68.63800	927.00000
68.64300	946.00000
68.64800	958.00000
68.65300	978.00000
68.65800	959.00000
68.66300	948.00000
68.66800	971.00000
68.67300	960.00000
68.67800	950.00000
68.68300	943.00000
68.68800	945.00000
68.69300	960.00000
68.69800	997.00000
68.70300	984.00000
68.70800	934.00000
68.71300	917.00000
68.71800	919.00000
68.72300	962.00000
68.72800	1013.00000
68.73300	1073.00000
68.73800	1069.00000
68.74300	1017.00000
68.74800	1011.00000
68.75300	1077.00000
68.75800	1097.00000
68.76300	1118.00000
68.76800	1095.00000
68.77300	1071.00000
68.77800	1086.00000
68.78300	1098.00000
68.78800	1082.00000
68.79300	1072.00000
68.79800	1063.00000
68.80300	1119.00000
68.80800	1147.00000
68.81300	1125.00000
68.81800	1161.00000
68.82300	1193.00000
68.82800	1232.00000
68.83300	1250.00000
68.83800	1274.00000
68.84300	1322.00000
68.84800	1362.00000
68.85300	1384.00000
68.85800	1364.00000
68.86300	1383.00000
68.86800	1456.00000
68.87300	1490.00000
68.87800	1574.00000
68.88300	1646.00000
68.88800	1678.00000
68.89300	1717.00000
68.89800	1744.00000
68.90300	1784.00000
68.90800	1860.00000
68.91300	1937.00000
68.91800	2015.00000
68.92300	2084.00000
68.92800	2103.00000
68.93300	2148.00000
68.93800	2224.00000
68.94300	2331.00000
68.94800	2439.00000
68.95300	2539.00000
68.95800	2615.00000
68.96300	2639.00000
68.96800	2645.00000
68.97300	2642.00000
68.97800	2658.00000
68.98300	2740.00000
68.98800	2776.00000
68.99300	2752.00000
68.99800	2677.00000
69.00300	2581.00000
69.00800	2553.00000
69.01300	2516.00000
69.01800	2439.00000
69.02300	2351.00000
69.02800	2273.00000
69.03300	2213.00000
69.03800	2144.00000
69.04300	2082.00000
69.04800	1977.00000
69.05300	1865.00000
69.05800	1813.00000
69.06300	1815.00000
69.06800	1802.00000
69.07300	1756.00000
69.07800	1709.00000
69.08300	1665.00000
69.08800	1637.00000
69.09300	1564.00000
69.09800	1543.00000
69.10300	1521.00000
69.10800	1522.00000
69.11300	1533.00000
69.11800	1523.00000
69.12300	1521.00000
69.12800	1508.00000
69.13300	1466.00000
69.13800	1433.00000
69.14300	1435.00000
69.14800	1461.00000
69.15300	1460.00000
69.15800	1417.00000
69.16300	1400.00000
69.16800	1396.00000
69.17300	1410.00000
69.17800	1412.00000
69.18300	1415.00000
69.18800	1462.00000
69.19300	1495.00000
69.19800	1515.00000
69.20300	1503.00000
69.20800	1514.00000
69.21300	1539.00000
69.21800	1551.00000
69.22300	1570.00000
69.22800	1612.00000
69.23300	1675.00000
69.23800	1693.00000
69.24300	1741.00000
69.24800	1762.00000
69.25300	1773.00000
69.25800	1767.00000
69.26300	1742.00000
69.26800	1785.00000
69.27300	1878.00000
69.27800	1943.00000
69.28300	1944.00000
69.28800	1936.00000
69.29300	1975.00000
69.29800	2006.00000
69.30300	2085.00000
69.30800	2178.00000
69.31300	2259.00000
69.31800	2325.00000
69.32300	2344.00000
69.32800	2331.00000
69.33300	2340.00000
69.33800	2375.00000
69.34300	2405.00000
69.34800	2392.00000
69.35300	2356.00000
69.35800	2307.00000
69.36300	2259.00000
69.36800	2202.00000
69.37300	2194.00000
69.37800	2215.00000
69.38300	2246.00000
69.38800	2244.00000
69.39300	2222.00000
69.39800	2174.00000
69.40300	2103.00000
69.40800	2064.00000
69.41300	2059.00000
69.41800	2089.00000
69.42300	2130.00000
69.42800	2113.00000
69.43300	2082.00000
69.43800	2074.00000
69.44300	2060.00000
69.44800	2107.00000
69.45300	2101.00000
69.45800	2091.00000
69.46300	2091.00000
69.46800	2107.00000
69.47300	2159.00000
69.47800	2197.00000
69.48300	2296.00000
69.48800	2435.00000
69.49300	2479.00000
69.49800	2470.00000
69.50300	2554.00000
69.50800	2605.00000
69.51300	2629.00000
69.51800	2718.00000
69.52300	2783.00000
69.52800	2846.00000
69.53300	2973.00000
69.53800	3054.00000
69.54300	3104.00000
69.54800	3187.00000
69.55300	3311.00000
69.55800	3364.00000
69.56300	3366.00000
69.56800	3360.00000
69.57300	3418.00000
69.57800	3500.00000
69.58300	3603.00000
69.58800	3561.00000
69.59300	3517.00000
69.59800	3484.00000
69.60300	3414.00000
69.60800	3279.00000
69.61300	3269.00000
69.61800	3247.00000
69.62300	3140.00000
69.62800	3033.00000
69.63300	3020.00000
69.63800	2953.00000
69.64300	2881.00000
69.64800	2777.00000
69.65300	2678.00000
69.65800	2562.00000
69.66300	2517.00000
69.66800	2446.00000
69.67300	2365.00000
69.67800	2334.00000
69.68300	2257.00000
69.68800	2184.00000
69.69300	2083.00000
69.69800	2006.00000
69.70300	1989.00000
69.70800	1935.00000
69.71300	1818.00000
69.71800	1725.00000
69.72300	1660.00000
69.72800	1681.00000
69.73300	1637.00000
69.73800	1579.00000
69.74300	1521.00000
69.74800	1525.00000
69.75300	1496.00000
69.75800	1404.00000
69.76300	1305.00000
69.76800	1340.00000
69.77300	1334.00000
69.77800	1297.00000
69.78300	1338.00000
69.78800	1378.00000
69.79300	1354.00000
69.79800	1345.00000
69.80300	1259.00000
69.80800	1250.00000
69.81300	1182.00000
69.81800	1202.00000
69.82300	1139.00000
69.82800	1173.00000
69.83300	1206.00000
69.83800	1201.00000
69.84300	1166.00000
69.84800	1143.00000
69.85300	1113.00000
69.85800	1139.00000
69.86300	1137.00000
69.86800	1098.00000
69.87300	1174.00000
69.87800	1176.00000
69.88300	1161.00000
69.88800	1167.00000
69.89300	1117.00000
69.89800	1067.00000
69.90300	1050.00000
69.90800	1059.00000
69.91300	1055.00000
69.91800	1048.00000
69.92300	1063.00000
69.92800	1086.00000
69.93300	1073.00000
69.93800	1086.00000
69.94300	1084.00000
69.94800	1067.00000
69.95300	1051.00000
69.95800	1033.00000
69.96300	1023.00000
69.96800	963.00000
69.97300	987.00000
69.97800	965.00000
69.98300	926.00000
69.98800	921.00000
69.99300	943.00000
69.99800	928.00000
70.00300	920.00000
70.00800	930.00000
70.01300	941.00000
70.01800	921.00000
70.02300	913.00000
70.02800	907.00000
70.03300	960.00000
70.03800	966.00000
70.04300	927.00000
70.04800	895.00000
70.05300	875.00000
70.05800	879.00000
70.06300	842.00000
70.06800	806.00000
70.07300	803.00000
70.07800	787.00000
70.08300	772.00000
70.08800	807.00000
70.09300	839.00000
70.09800	854.00000
70.10300	836.00000
70.10800	836.00000
70.11300	832.00000
70.11800	825.00000
70.12300	852.00000
70.12800	862.00000
70.13300	850.00000
70.13800	851.00000
70.14300	830.00000
70.14800	803.00000
70.15300	811.00000
70.15800	836.00000
70.16300	826.00000
70.16800	855.00000
70.17300	872.00000
70.17800	863.00000
70.18300	871.00000
70.18800	892.00000
70.19300	895.00000
70.19800	851.00000
70.20300	823.00000
70.20800	842.00000
70.21300	840.00000
70.21800	834.00000
70.22300	825.00000
70.22800	806.00000
70.23300	815.00000
70.23800	797.00000
70.24300	780.00000
70.24800	802.00000
70.25300	831.00000
70.25800	861.00000
70.26300	871.00000
70.26800	840.00000
70.27300	817.00000
70.27800	827.00000
70.28300	823.00000
70.28800	821.00000
70.29300	819.00000
70.29800	793.00000
70.30300	816.00000
70.30800	831.00000
70.31300	829.00000
70.31800	828.00000
70.32300	862.00000
70.32800	853.00000
70.33300	850.00000
70.33800	868.00000
70.34300	876.00000
70.34800	850.00000
70.35300	834.00000
70.35800	877.00000
70.36300	883.00000
70.36800	855.00000
70.37300	864.00000
70.37800	831.00000
70.38300	857.00000
70.38800	924.00000
70.39300	922.00000
70.39800	909.00000
70.40300	919.00000
70.40800	915.00000
70.41300	919.00000
70.41800	932.00000
70.42300	952.00000
70.42800	1000.00000
70.43300	975.00000
70.43800	1030.00000
70.44300	1054.00000
70.44800	1016.00000
70.45300	953.00000
70.45800	940.00000
70.46300	1014.00000
70.46800	1059.00000
70.47300	1048.00000
70.47800	1040.00000
70.48300	1033.00000
70.48800	1006.00000
70.49300	986.00000
70.49800	957.00000
70.50300	950.00000
70.50800	963.00000
70.51300	981.00000
70.51800	976.00000
70.52300	1009.00000
70.52800	992.00000
70.53300	1009.00000
70.53800	1015.00000
70.54300	970.00000
70.54800	898.00000
70.55300	930.00000
70.55800	910.00000
70.56300	955.00000
70.56800	963.00000
70.57300	912.00000
70.57800	891.00000
70.58300	891.00000
70.58800	896.00000
70.59300	904.00000
70.59800	924.00000
70.60300	885.00000
70.60800	833.00000
70.61300	837.00000
70.61800	905.00000
70.62300	845.00000
70.62800	830.00000
70.63300	800.00000
70.63800	802.00000
70.64300	866.00000
70.64800	889.00000
70.65300	925.00000
70.65800	942.00000
70.66300	931.00000
70.66800	908.00000
70.67300	944.00000
70.67800	926.00000
70.68300	889.00000
70.68800	873.00000
70.69300	882.00000
70.69800	933.00000
70.70300	968.00000
70.70800	948.00000
70.71300	949.00000
70.71800	978.00000
70.72300	960.00000
70.72800	971.00000
70.73300	1001.00000
70.73800	1036.00000
70.74300	1032.00000
70.74800	1014.00000
70.75300	995.00000
70.75800	1005.00000
70.76300	1030.00000
70.76800	1016.00000
70.77300	990.00000
70.77800	989.00000
70.78300	970.00000
70.78800	972.00000
70.79300	1028.00000
70.79800	1082.00000
70.80300	1065.00000
70.80800	1030.00000
70.81300	991.00000
70.81800	972.00000
70.82300	1015.00000
70.82800	1021.00000
70.83300	1023.00000
70.83800	1042.00000
70.84300	1041.00000
70.84800	1047.00000
70.85300	1052.00000
70.85800	1038.00000
70.86300	1008.00000
70.86800	989.00000
70.87300	964.00000
70.87800	928.00000
70.88300	960.00000
70.88800	1022.00000
70.89300	1060.00000
70.89800	1049.00000
70.90300	1046.00000
70.90800	1068.00000
70.91300	1037.00000
70.91800	999.00000
70.92300	1022.00000
70.92800	1044.00000
70.93300	1055.00000
70.93800	1095.00000
70.94300	1109.00000
70.94800	1074.00000
70.95300	1081.00000
70.95800	1110.00000
70.96300	1130.00000
70.96800	1160.00000
70.97300	1160.00000
70.97800	1128.00000
70.98300	1126.00000
70.98800	1215.00000
70.99300	1248.00000
70.99800	1270.00000
71.00300	1311.00000
71.00800	1400.00000
71.01300	1396.00000
71.01800	1441.00000
71.02300	1475.00000
71.02800	1483.00000
71.03300	1487.00000
71.03800	1450.00000
71.04300	1471.00000
71.04800	1487.00000
71.05300	1518.00000
71.05800	1485.00000
71.06300	1475.00000
71.06800	1457.00000
71.07300	1424.00000
71.07800	1444.00000
71.08300	1534.00000
71.08800	1435.00000
71.09300	1420.00000
71.09800	1419.00000
71.10300	1407.00000
71.10800	1329.00000
71.11300	1321.00000
71.11800	1332.00000
71.12300	1306.00000
71.12800	1281.00000
71.13300	1284.00000
71.13800	1263.00000
71.14300	1201.00000
71.14800	1188.00000
71.15300	1162.00000
71.15800	1111.00000
71.16300	1128.00000
71.16800	1147.00000
71.17300	1165.00000
71.17800	1116.00000
71.18300	1085.00000
71.18800	1010.00000
71.19300	979.00000
71.19800	1026.00000
71.20300	1060.00000
71.20800	1067.00000
71.21300	1043.00000
71.21800	1040.00000
71.22300	1068.00000
71.22800	1029.00000
71.23300	993.00000
71.23800	1030.00000
71.24300	1032.00000
71.24800	982.00000
71.25300	1003.00000
71.25800	1011.00000
71.26300	996.00000
71.26800	1005.00000
71.27300	1002.00000
71.27800	1001.00000
71.28300	1005.00000
71.28800	999.00000
71.29300	998.00000
71.29800	1004.00000
71.30300	1004.00000
71.30800	1014.00000
71.31300	997.00000
71.31800	968.00000
71.32300	960.00000
71.32800	967.00000
71.33300	930.00000
71.33800	897.00000
71.34300	897.00000
71.34800	884.00000
71.35300	847.00000
71.35800	851.00000
71.36300	860.00000
71.36800	859.00000
71.37300	837.00000
71.37800	783.00000
71.38300	782.00000
71.38800	813.00000
71.39300	830.00000
71.39800	823.00000
71.40300	791.00000
71.40800	775.00000
71.41300	775.00000
71.41800	798.00000
71.42300	801.00000
71.42800	799.00000
71.43300	815.00000
71.43800	812.00000
71.44300	853.00000
71.44800	872.00000
71.45300	818.00000
71.45800	778.00000
71.46300	775.00000
71.46800	813.00000
71.47300	820.00000
71.47800	797.00000
71.48300	795.00000
71.48800	776.00000
71.49300	769.00000
71.49800	773.00000
71.50300	766.00000
71.50800	780.00000
71.51300	794.00000
71.51800	815.00000
71.52300	824.00000
71.52800	779.00000
71.53300	770.00000
71.53800	778.00000
71.54300	796.00000
71.54800	795.00000
71.55300	808.00000
71.55800	784.00000
71.56300	801.00000
71.56800	793.00000
71.57300	808.00000
71.57800	848.00000
71.58300	840.00000
71.58800	849.00000
71.59300	819.00000
71.59800	825.00000
71.60300	805.00000
71.60800	816.00000
71.61300	836.00000
71.61800	823.00000
71.62300	774.00000
71.62800	761.00000
71.63300	772.00000
71.63800	785.00000
71.64300	791.00000
71.64800	754.00000
71.65300	741.00000
71.65800	781.00000
71.66300	825.00000
71.66800	824.00000
71.67300	793.00000
71.67800	754.00000
71.68300	747.00000
71.68800	764.00000
71.69300	749.00000
71.69800	808.00000
71.70300	828.00000
71.70800	833.00000
71.71300	860.00000
71.71800	880.00000
71.72300	868.00000
71.72800	827.00000
71.73300	785.00000
71.73800	837.00000
71.74300	861.00000
71.74800	849.00000
71.75300	839.00000
71.75800	853.00000
71.76300	851.00000
71.76800	851.00000
71.77300	869.00000
71.77800	835.00000
71.78300	858.00000
71.78800	910.00000
71.79300	882.00000
71.79800	872.00000
71.80300	897.00000
71.80800	915.00000
71.81300	910.00000
71.81800	917.00000
71.82300	894.00000
71.82800	870.00000
71.83300	851.00000
71.83800	908.00000
71.84300	921.00000
71.84800	959.00000
71.85300	987.00000
71.85800	1021.00000
71.86300	997.00000
71.86800	973.00000
71.87300	962.00000
71.87800	966.00000
71.88300	951.00000
71.88800	1013.00000
71.89300	1040.00000
71.89800	1063.00000
71.90300	1035.00000
71.90800	1037.00000
71.91300	1055.00000
71.91800	1070.00000
71.92300	1072.00000
71.92800	1040.00000
71.93300	1005.00000
71.93800	1031.00000
71.94300	1020.00000
71.94800	1017.00000
71.95300	1010.00000
71.95800	984.00000
71.96300	957.00000
71.96800	977.00000
71.97300	949.00000
71.97800	949.00000
71.98300	932.00000
71.98800	923.00000
71.99300	903.00000
71.99800	859.00000
72.00300	833.00000
72.00800	870.00000
72.01300	878.00000
72.01800	878.00000
72.02300	896.00000
72.02800	938.00000
72.03300	942.00000
72.03800	961.00000
72.04300	955.00000
72.04800	895.00000
72.05300	889.00000
72.05800	886.00000
72.06300	914.00000
72.06800	921.00000
72.07300	942.00000
72.07800	949.00000
72.08300	973.00000
72.08800	986.00000
72.09300	967.00000
72.09800	916.00000
72.10300	895.00000
72.10800	883.00000
72.11300	870.00000
72.11800	909.00000
72.12300	935.00000
72.12800	973.00000
72.13300	964.00000
72.13800	946.00000
72.14300	973.00000
72.14800	995.00000
72.15300	1018.00000
72.15800	1023.00000
72.16300	1013.00000
72.16800	982.00000
72.17300	938.00000
72.17800	965.00000
72.18300	1030.00000
72.18800	1063.00000
72.19300	1100.00000
72.19800	1125.00000
72.20300	1135.00000
72.20800	1191.00000
72.21300	1211.00000
72.21800	1223.00000
72.22300	1293.00000
72.22800	1348.00000
72.23300	1339.00000
72.23800	1308.00000
72.24300	1305.00000
72.24800	1324.00000
72.25300	1363.00000
72.25800	1394.00000
72.26300	1412.00000
72.26800	1446.00000
72.27300	1440.00000
72.27800	1373.00000
72.28300	1319.00000
72.28800	1311.00000
72.29300	1314.00000
72.29800	1308.00000
72.30300	1316.00000
72.30800	1262.00000
72.31300	1215.00000
72.31800	1183.00000
72.32300	1147.00000
72.32800	1137.00000
72.33300	1138.00000
72.33800	1116.00000
72.34300	1106.00000
72.34800	1106.00000
72.35300	1063.00000
72.35800	1019.00000
72.36300	1001.00000
72.36800	988.00000
72.37300	975.00000
72.37800	963.00000
72.38300	951.00000
72.38800	953.00000
72.39300	955.00000
72.39800	925.00000
72.40300	893.00000
72.40800	892.00000
72.41300	906.00000
72.41800	910.00000
72.42300	865.00000
72.42800	838.00000
72.43300	841.00000
72.43800	871.00000
72.44300	910.00000
72.44800	896.00000
72.45300	866.00000
72.45800	861.00000
72.46300	862.00000
72.46800	851.00000
72.47300	853.00000
72.47800	860.00000
72.48300	840.00000
72.48800	823.00000
72.49300	820.00000
72.49800	850.00000
72.50300	846.00000
72.50800	863.00000
72.51300	855.00000
72.51800	806.00000
72.52300	803.00000
72.52800	820.00000
72.53300	794.00000
72.53800	806.00000
72.54300	814.00000
72.54800	832.00000
72.55300	830.00000
72.55800	801.00000
72.56300	809.00000
72.56800	828.00000
72.57300	832.00000
72.57800	825.00000
72.58300	843.00000
72.58800	830.00000
72.59300	825.00000
72.59800	839.00000
72.60300	836.00000
72.60800	812.00000
72.61300	785.00000
72.61800	773.00000
72.62300	779.00000
72.62800	762.00000
72.63300	800.00000
72.63800	798.00000
72.64300	796.00000
72.64800	798.00000
72.65300	794.00000
72.65800	780.00000
72.66300	751.00000
72.66800	787.00000
72.67300	782.00000
72.67800	748.00000
72.68300	721.00000
72.68800	739.00000
72.69300	749.00000
72.69800	775.00000
72.70300	761.00000
72.70800	774.00000
72.71300	779.00000
72.71800	788.00000
72.72300	827.00000
72.72800	828.00000
72.73300	792.00000
72.73800	804.00000
72.74300	796.00000
72.74800	810.00000
72.75300	771.00000
72.75800	796.00000
72.76300	815.00000
72.76800	793.00000
72.77300	816.00000
72.77800	790.00000
72.78300	805.00000
72.78800	787.00000
72.79300	811.00000
72.79800	854.00000
72.80300	829.00000
72.80800	819.00000
72.81300	846.00000
72.81800	782.00000
72.82300	794.00000
72.82800	792.00000
72.83300	771.00000
72.83800	781.00000
72.84300	785.00000
72.84800	823.00000
72.85300	833.00000
72.85800	821.00000
72.86300	815.00000
72.86800	801.00000
72.87300	801.00000
72.87800	807.00000
72.88300	789.00000
72.88800	807.00000
72.89300	826.00000
72.89800	834.00000
72.90300	853.00000
72.90800	839.00000
72.91300	889.00000
72.91800	917.00000
72.92300	894.00000
72.92800	830.00000
72.93300	821.00000
72.93800	817.00000
72.94300	822.00000
72.94800	845.00000
72.95300	838.00000
72.95800	815.00000
72.96300	824.00000
72.96800	789.00000
72.97300	842.00000
72.97800	852.00000
72.98300	897.00000
72.98800	904.00000
72.99300	847.00000
72.99800	874.00000
73.00300	839.00000
73.00800	850.00000
73.01300	862.00000
73.01800	851.00000
73.02300	877.00000
73.02800	838.00000
73.03300	858.00000
73.03800	853.00000
73.04300	830.00000
73.04800	846.00000
73.05300	865.00000
73.05800	860.00000
73.06300	900.00000
73.06800	958.00000
73.07300	960.00000
73.07800	927.00000
73.08300	932.00000
73.08800	950.00000
73.09300	975.00000
73.09800	1005.00000
73.10300	965.00000
73.10800	934.00000
73.11300	954.00000
73.11800	1009.00000
73.12300	977.00000
73.12800	969.00000
73.13300	946.00000
73.13800	1007.00000
73.14300	1038.00000
73.14800	1030.00000
73.15300	985.00000
73.15800	1015.00000
73.16300	1096.00000
73.16800	1125.00000
73.17300	1142.00000
73.17800	1197.00000
73.18300	1189.00000
73.18800	1209.00000
73.19300	1261.00000
73.19800	1230.00000
73.20300	1210.00000
73.20800	1256.00000
73.21300	1263.00000
73.21800	1295.00000
73.22300	1251.00000
73.22800	1282.00000
73.23300	1347.00000
73.23800	1341.00000
73.24300	1343.00000
73.24800	1443.00000
73.25300	1486.00000
73.25800	1513.00000
73.26300	1565.00000
73.26800	1637.00000
73.27300	1689.00000
73.27800	1783.00000
73.28300	1830.00000
73.28800	1891.00000
73.29300	1963.00000
73.29800	2016.00000
73.30300	2110.00000
73.30800	2083.00000
73.31300	2058.00000
73.31800	2112.00000
73.32300	2264.00000
73.32800	2336.00000
73.33300	2430.00000
73.33800	2490.00000
73.34300	2589.00000
73.34800	2666.00000
73.35300	2697.00000
73.35800	2736.00000
73.36300	2748.00000
73.36800	2738.00000
73.37300	2733.00000
73.37800	2713.00000
73.38300	2737.00000
73.38800	2729.00000
73.39300	2703.00000
73.39800	2594.00000
73.40300	2451.00000
73.40800	2277.00000
73.41300	2136.00000
73.41800	2113.00000
73.42300	2153.00000
73.42800	2146.00000
73.43300	2085.00000
73.43800	1966.00000
73.44300	1867.00000
73.44800	1805.00000
73.45300	1795.00000
73.45800	1768.00000
73.46300	1769.00000
73.46800	1740.00000
73.47300	1696.00000
73.47800	1599.00000
73.48300	1565.00000
73.48800	1523.00000
73.49300	1453.00000
73.49800	1363.00000
73.50300	1366.00000
73.50800	1396.00000
73.51300	1432.00000
73.51800	1407.00000
73.52300	1376.00000
73.52800	1356.00000
73.53300	1318.00000
73.53800	1292.00000
73.54300	1308.00000
73.54800	1317.00000
73.55300	1351.00000
73.55800	1345.00000
73.56300	1349.00000
73.56800	1349.00000
73.57300	1334.00000
73.57800	1302.00000
73.58300	1308.00000
73.58800	1290.00000
73.59300	1300.00000
73.59800	1291.00000
73.60300	1347.00000
73.60800	1402.00000
73.61300	1396.00000
73.61800	1380.00000
73.62300	1401.00000
73.62800	1403.00000
73.63300	1402.00000
73.63800	1413.00000
73.64300	1447.00000
73.64800	1393.00000
73.65300	1367.00000
73.65800	1369.00000
73.66300	1373.00000
73.66800	1390.00000
73.67300	1421.00000
73.67800	1443.00000
73.68300	1473.00000
73.68800	1509.00000
73.69300	1567.00000
73.69800	1574.00000
73.70300	1546.00000
73.70800	1550.00000
73.71300	1526.00000
73.71800	1494.00000
73.72300	1465.00000
73.72800	1488.00000
73.73300	1498.00000
73.73800	1480.00000
73.74300	1485.00000
73.74800	1457.00000
73.75300	1437.00000
73.75800	1420.00000
73.76300	1424.00000
73.76800	1434.00000
73.77300	1466.00000
73.77800	1508.00000
73.78300	1510.00000
73.78800	1471.00000
73.79300	1443.00000
73.79800	1446.00000
73.80300	1451.00000
73.80800	1520.00000
73.81300	1605.00000
73.81800	1640.00000
73.82300	1625.00000
73.82800	1662.00000
73.83300	1689.00000
73.83800	1662.00000
73.84300	1644.00000
73.84800	1707.00000
73.85300	1760.00000
73.85800	1805.00000
73.86300	1917.00000
73.86800	1983.00000
73.87300	1998.00000
73.87800	2051.00000
73.88300	2175.00000
73.88800	2254.00000
73.89300	2357.00000
73.89800	2401.00000
73.90300	2405.00000
73.90800	2398.00000
73.91300	2422.00000
73.91800	2477.00000
73.92300	2533.00000
73.92800	2552.00000
73.93300	2531.00000
73.93800	2494.00000
73.94300	2498.00000
73.94800	2496.00000
73.95300	2452.00000
73.95800	2477.00000
73.96300	2427.00000
73.96800	2343.00000
73.97300	2272.00000
73.97800	2163.00000
73.98300	2070.00000
73.98800	2022.00000
73.99300	1930.00000
73.99800	1845.00000
74.00300	1788.00000
74.00800	1746.00000
74.01300	1706.00000
74.01800	1641.00000
74.02300	1602.00000
74.02800	1617.00000
74.03300	1632.00000
74.03800	1594.00000
74.04300	1499.00000
74.04800	1426.00000
74.05300	1399.00000
74.05800	1379.00000
74.06300	1345.00000
74.06800	1266.00000
74.07300	1233.00000
74.07800	1191.00000
74.08300	1195.00000
74.08800	1223.00000
74.09300	1186.00000
74.09800	1154.00000
74.10300	1156.00000
74.10800	1151.00000
74.11300	1133.00000
74.11800	1143.00000
74.12300	1149.00000
74.12800	1133.00000
74.13300	1115.00000
74.13800	1136.00000
74.14300	1153.00000
74.14800	1169.00000
74.15300	1129.00000
74.15800	1108.00000
74.16300	1094.00000
74.16800	1084.00000
74.17300	1086.00000
74.17800	1061.00000
74.18300	1041.00000
74.18800	1036.00000
74.19300	1045.00000
74.19800	1085.00000
74.20300	1102.00000
74.20800	1122.00000
74.21300	1152.00000
74.21800	1138.00000
74.22300	1124.00000
74.22800	1073.00000
74.23300	1054.00000
74.23800	1088.00000
74.24300	1135.00000
74.24800	1143.00000
74.25300	1113.00000
74.25800	1124.00000
74.26300	1183.00000
74.26800	1226.00000
74.27300	1216.00000
74.27800	1197.00000
74.28300	1206.00000
74.28800	1209.00000
74.29300	1199.00000
74.29800	1172.00000
74.30300	1155.00000
74.30800	1159.00000
74.31300	1169.00000
74.31800	1178.00000
74.32300	1167.00000
74.32800	1158.00000
74.33300	1133.00000
74.33800	1104.00000
74.34300	1138.00000
74.34800	1163.00000
74.35300	1137.00000
74.35800	1114.00000
74.36300	1122.00000
74.36800	1083.00000
74.37300	1035.00000
74.37800	1036.00000
74.38300	1032.00000
74.38800	1056.00000
74.39300	1035.00000
74.39800	987.00000
74.40300	993.00000
74.40800	977.00000
74.41300	958.00000
74.41800	971.00000
74.42300	977.00000
74.42800	947.00000
74.43300	943.00000
74.43800	952.00000
74.44300	973.00000
74.44800	990.00000
74.45300	976.00000
74.45800	984.00000
74.46300	987.00000
74.46800	984.00000
74.47300	982.00000
74.47800	981.00000
74.48300	982.00000
74.48800	970.00000
74.49300	939.00000
74.49800	919.00000
74.50300	928.00000
74.50800	969.00000
74.51300	989.00000
74.51800	966.00000
74.52300	931.00000
74.52800	921.00000
74.53300	892.00000
74.53800	882.00000
74.54300	911.00000
74.54800	948.00000
74.55300	964.00000
74.55800	936.00000
74.56300	938.00000
74.56800	934.00000
74.57300	926.00000
74.57800	914.00000
74.58300	905.00000
74.58800	925.00000
74.59300	948.00000
74.59800	934.00000
74.60300	927.00000
74.60800	934.00000
74.61300	950.00000
74.61800	998.00000
74.62300	1039.00000
74.62800	1041.00000
74.63300	1027.00000
74.63800	988.00000
74.64300	969.00000
74.64800	949.00000
74.65300	923.00000
74.65800	918.00000
74.66300	954.00000
74.66800	1019.00000
74.67300	1080.00000
74.67800	1110.00000
74.68300	1126.00000
74.68800	1117.00000
74.69300	1106.00000
74.69800	1122.00000
74.70300	1144.00000
74.70800	1161.00000
74.71300	1182.00000
74.71800	1196.00000
74.72300	1189.00000
74.72800	1192.00000
74.73300	1220.00000
74.73800	1231.00000
74.74300	1244.00000
74.74800	1292.00000
74.75300	1322.00000
74.75800	1344.00000
74.76300	1391.00000
74.76800	1413.00000
74.77300	1421.00000
74.77800	1450.00000
74.78300	1495.00000
74.78800	1521.00000
74.79300	1522.00000
74.79800	1521.00000
74.80300	1498.00000
74.80800	1495.00000
74.81300	1486.00000
74.81800	1438.00000
74.82300	1451.00000
74.82800	1499.00000
74.83300	1475.00000
74.83800	1402.00000
74.84300	1353.00000
74.84800	1373.00000
74.85300	1368.00000
74.85800	1316.00000
74.86300	1268.00000
74.86800	1250.00000
74.87300	1212.00000
74.87800	1160.00000
74.88300	1173.00000
74.88800	1190.00000
74.89300	1169.00000
74.89800	1167.00000
74.90300	1152.00000
74.90800	1123.00000
74.91300	1117.00000
74.91800	1090.00000
74.92300	1084.00000
74.92800	1136.00000
74.93300	1139.00000
74.93800	1132.00000
74.94300	1108.00000
74.94800	1072.00000
74.95300	1090.00000
74.95800	1121.00000
74.96300	1157.00000
74.96800	1159.00000
74.97300	1129.00000
74.97800	1148.00000
74.98300	1187.00000
74.98800	1173.00000
74.99300	1172.00000
74.99800	1187.00000
75.00300	1215.00000
75.00800	1254.00000
75.01300	1234.00000
75.01800	1270.00000
75.02300	1355.00000
75.02800	1370.00000
75.03300	1342.00000
75.03800	1361.00000
75.04300	1409.00000
75.04800	1420.00000
75.05300	1461.00000
75.05800	1489.00000
75.06300	1512.00000
75.06800	1495.00000
75.07300	1529.00000
75.07800	1580.00000
75.08300	1567.00000
75.08800	1532.00000
75.09300	1523.00000
75.09800	1497.00000
75.10300	1501.00000
75.10800	1485.00000
75.11300	1490.00000
75.11800	1429.00000
75.12300	1382.00000
75.12800	1366.00000
75.13300	1369.00000
75.13800	1360.00000
75.14300	1331.00000
75.14800	1278.00000
75.15300	1230.00000
75.15800	1191.00000
75.16300	1210.00000
75.16800	1196.00000
75.17300	1173.00000
75.17800	1142.00000
75.18300	1124.00000
75.18800	1075.00000
75.19300	1070.00000
75.19800	1062.00000
75.20300	1062.00000
75.20800	1043.00000
75.21300	1034.00000
75.21800	993.00000
75.22300	995.00000
75.22800	1053.00000
75.23300	1041.00000
75.23800	1003.00000
75.24300	1031.00000
75.24800	1077.00000
75.25300	1037.00000
75.25800	1022.00000
75.26300	1025.00000
75.26800	1018.00000
75.27300	1052.00000
75.27800	1032.00000
75.28300	1040.00000
75.28800	1029.00000
75.29300	1009.00000
75.29800	1017.00000
75.30300	1039.00000
75.30800	1047.00000
75.31300	999.00000
75.31800	1010.00000
75.32300	1063.00000
75.32800	1126.00000
75.33300	1173.00000
75.33800	1105.00000
75.34300	1086.00000
75.34800	1067.00000
75.35300	1085.00000
75.35800	1164.00000
75.36300	1176.00000
75.36800	1231.00000
75.37300	1267.00000
75.37800	1251.00000
75.38300	1227.00000
75.38800	1258.00000
75.39300	1298.00000
75.39800	1303.00000
75.40300	1321.00000
75.40800	1311.00000
75.41300	1312.00000
75.41800	1335.00000
75.42300	1365.00000
75.42800	1369.00000
75.43300	1339.00000
75.43800	1266.00000
75.44300	1272.00000
75.44800	1287.00000
75.45300	1268.00000
75.45800	1281.00000
75.46300	1305.00000
75.46800	1282.00000
75.47300	1242.00000
75.47800	1240.00000
75.48300	1207.00000
75.48800	1226.00000
75.49300	1232.00000
75.49800	1168.00000
75.50300	1178.00000
75.50800	1231.00000
75.51300	1218.00000
75.51800	1217.00000
75.52300	1207.00000
75.52800	1148.00000
75.53300	1168.00000
75.53800	1166.00000
75.54300	1133.00000
75.54800	1135.00000
75.55300	1104.00000
75.55800	1070.00000
75.56300	1105.00000
75.56800	1117.00000
75.57300	1119.00000
75.57800	1132.00000
75.58300	1106.00000
75.58800	1057.00000
75.59300	1111.00000
75.59800	1124.00000
75.60300	1081.00000
75.60800	1094.00000
75.61300	1169.00000
75.61800	1170.00000
75.62300	1179.00000
75.62800	1141.00000
75.63300	1121.00000
75.63800	1187.00000
75.64300	1263.00000
75.64800	1244.00000
75.65300	1255.00000
75.65800	1255.00000
75.66300	1226.00000
75.66800	1285.00000
75.67300	1275.00000
75.67800	1290.00000
75.68300	1328.00000
75.68800	1357.00000
75.69300	1377.00000
75.69800	1406.00000
75.70300	1407.00000
75.70800	1394.00000
75.71300	1401.00000
75.71800	1476.00000
75.72300	1510.00000
75.72800	1518.00000
75.73300	1510.00000
75.73800	1535.00000
75.74300	1509.00000
75.74800	1496.00000
75.75300	1506.00000
75.75800	1387.00000
75.76300	1388.00000
75.76800	1344.00000
75.77300	1330.00000
75.77800	1392.00000
75.78300	1318.00000
75.78800	1376.00000
75.79300	1308.00000
75.79800	1261.00000
75.80300	1228.00000
75.80800	1245.00000
75.81300	1219.00000
75.81800	1154.00000
75.82300	1135.00000
75.82800	1105.00000
75.83300	1067.00000
75.83800	1038.00000
75.84300	1032.00000
75.84800	1053.00000
75.85300	1014.00000
75.85800	980.00000
75.86300	994.00000
75.86800	977.00000
75.87300	932.00000
75.87800	941.00000
75.88300	976.00000
75.88800	927.00000
75.89300	884.00000
75.89800	893.00000
75.90300	921.00000
75.90800	911.00000
75.91300	920.00000
75.91800	911.00000
75.92300	870.00000
75.92800	853.00000
75.93300	871.00000
75.93800	855.00000
75.94300	813.00000
75.94800	789.00000
75.95300	781.00000
75.95800	812.00000
75.96300	859.00000
75.96800	853.00000
75.97300	850.00000
75.97800	844.00000
75.98300	836.00000
75.98800	819.00000
75.99300	795.00000
75.99800	792.00000
76.00300	795.00000
76.00800	788.00000
76.01300	793.00000
76.01800	805.00000
76.02300	819.00000
76.02800	832.00000
76.03300	826.00000
76.03800	828.00000
76.04300	858.00000
76.04800	866.00000
76.05300	848.00000
76.05800	827.00000
76.06300	771.00000
76.06800	747.00000
76.07300	792.00000
76.07800	801.00000
76.08300	813.00000
76.08800	829.00000
76.09300	843.00000
76.09800	829.00000
76.10300	817.00000
76.10800	776.00000
76.11300	758.00000
76.11800	781.00000
76.12300	795.00000
76.12800	786.00000
76.13300	781.00000
76.13800	776.00000
76.14300	784.00000
76.14800	823.00000
76.15300	823.00000
76.15800	817.00000
76.16300	832.00000
76.16800	844.00000
76.17300	804.00000
76.17800	771.00000
76.18300	789.00000
76.18800	812.00000
76.19300	812.00000
76.19800	792.00000
76.20300	755.00000
76.20800	755.00000
76.21300	785.00000
76.21800	806.00000
76.22300	812.00000
76.22800	796.00000
76.23300	777.00000
76.23800	775.00000
76.24300	807.00000
76.24800	828.00000
76.25300	805.00000
76.25800	799.00000
76.26300	820.00000
76.26800	874.00000
76.27300	879.00000
76.27800	887.00000
76.28300	882.00000
76.28800	811.00000
76.29300	813.00000
76.29800	826.00000
76.30300	840.00000
76.30800	829.00000
76.31300	877.00000
76.31800	885.00000
76.32300	902.00000
76.32800	918.00000
76.33300	909.00000
76.33800	929.00000
76.34300	919.00000
76.34800	894.00000
76.35300	925.00000
76.35800	925.00000
76.36300	908.00000
76.36800	911.00000
76.37300	925.00000
76.37800	927.00000
76.38300	917.00000
76.38800	929.00000
76.39300	944.00000
76.39800	978.00000
76.40300	1038.00000
76.40800	1080.00000
76.41300	1097.00000
76.41800	1113.00000
76.42300	1145.00000
76.42800	1154.00000
76.43300	1150.00000
76.43800	1152.00000
76.44300	1196.00000
76.44800	1224.00000
76.45300	1244.00000
76.45800	1260.00000
76.46300	1294.00000
76.46800	1338.00000
76.47300	1347.00000
76.47800	1375.00000
76.48300	1452.00000
76.48800	1538.00000
76.49300	1543.00000
76.49800	1547.00000
76.50300	1577.00000
76.50800	1612.00000
76.51300	1676.00000
76.51800	1710.00000
76.52300	1701.00000
76.52800	1712.00000
76.53300	1732.00000
76.53800	1704.00000
76.54300	1676.00000
76.54800	1685.00000
76.55300	1664.00000
76.55800	1641.00000
76.56300	1670.00000
76.56800	1694.00000
76.57300	1596.00000
76.57800	1510.00000
76.58300	1451.00000
76.58800	1389.00000
76.59300	1355.00000
76.59800	1340.00000
76.60300	1294.00000
76.60800	1247.00000
76.61300	1210.00000
76.61800	1146.00000
76.62300	1101.00000
76.62800	1087.00000
76.63300	1076.00000
76.63800	1056.00000
76.64300	1048.00000
76.64800	1033.00000
76.65300	1024.00000
76.65800	1022.00000
76.66300	1008.00000
76.66800	1009.00000
76.67300	999.00000
76.67800	949.00000
76.68300	921.00000
76.68800	920.00000
76.69300	921.00000
76.69800	941.00000
76.70300	929.00000
76.70800	892.00000
76.71300	865.00000
76.71800	859.00000
76.72300	855.00000
76.72800	873.00000
76.73300	908.00000
76.73800	901.00000
76.74300	876.00000
76.74800	865.00000
76.75300	873.00000
76.75800	891.00000
76.76300	881.00000
76.76800	874.00000
76.77300	879.00000
76.77800	903.00000
76.78300	904.00000
76.78800	882.00000
76.79300	905.00000
76.79800	941.00000
76.80300	924.00000
76.80800	895.00000
76.81300	888.00000
76.81800	876.00000
76.82300	883.00000
76.82800	918.00000
76.83300	947.00000
76.83800	932.00000
76.84300	918.00000
76.84800	949.00000
76.85300	977.00000
76.85800	959.00000
76.86300	969.00000
76.86800	990.00000
76.87300	1021.00000
76.87800	1045.00000
76.88300	1029.00000
76.88800	1056.00000
76.89300	1086.00000
76.89800	1052.00000
76.90300	1010.00000
76.90800	993.00000
76.91300	1007.00000
76.91800	1033.00000
76.92300	1052.00000
76.92800	1090.00000
76.93300	1060.00000
76.93800	997.00000
76.94300	990.00000
76.94800	1041.00000
76.95300	1048.00000
76.95800	1009.00000
76.96300	983.00000
76.96800	965.00000
76.97300	938.00000
76.97800	907.00000
76.98300	897.00000
76.98800	904.00000
76.99300	900.00000
76.99800	871.00000
77.00300	834.00000
77.00800	847.00000
77.01300	867.00000
77.01800	871.00000
77.02300	906.00000
77.02800	951.00000
77.03300	969.00000
77.03800	945.00000
77.04300	934.00000
77.04800	953.00000
77.05300	943.00000
77.05800	955.00000
77.06300	993.00000
77.06800	1002.00000
77.07300	1005.00000
77.07800	1009.00000
77.08300	1018.00000
77.08800	1002.00000
77.09300	975.00000
77.09800	986.00000
77.10300	990.00000
77.10800	1004.00000
77.11300	991.00000
77.11800	982.00000
77.12300	1031.00000
77.12800	1055.00000
77.13300	1081.00000
77.13800	1106.00000
77.14300	1128.00000
77.14800	1145.00000
77.15300	1120.00000
77.15800	1116.00000
77.16300	1151.00000
77.16800	1133.00000
77.17300	1141.00000
77.17800	1142.00000
77.18300	1167.00000
77.18800	1213.00000
77.19300	1233.00000
77.19800	1187.00000
77.20300	1130.00000
77.20800	1056.00000
77.21300	1028.00000
77.21800	1001.00000
77.22300	1025.00000
77.22800	1082.00000
77.23300	1090.00000
77.23800	1055.00000
77.24300	1036.00000
77.24800	1022.00000
77.25300	1013.00000
77.25800	1012.00000
77.26300	991.00000
77.26800	986.00000
77.27300	985.00000
77.27800	969.00000
77.28300	939.00000
77.28800	892.00000
77.29300	891.00000
77.29800	901.00000
77.30300	891.00000
77.30800	880.00000
77.31300	840.00000
77.31800	808.00000
77.32300	840.00000
77.32800	844.00000
77.33300	861.00000
77.33800	872.00000
77.34300	855.00000
77.34800	872.00000
77.35300	877.00000
77.35800	866.00000
77.36300	869.00000
77.36800	864.00000
77.37300	859.00000
77.37800	879.00000
77.38300	851.00000
77.38800	810.00000
77.39300	796.00000
77.39800	793.00000
77.40300	806.00000
77.40800	810.00000
77.41300	788.00000
77.41800	784.00000
77.42300	787.00000
77.42800	814.00000
77.43300	846.00000
77.43800	827.00000
77.44300	796.00000
77.44800	795.00000
77.45300	764.00000
77.45800	732.00000
77.46300	728.00000
77.46800	753.00000
77.47300	762.00000
77.47800	752.00000
77.48300	728.00000
77.48800	721.00000
77.49300	714.00000
77.49800	739.00000
77.50300	752.00000
77.50800	768.00000
77.51300	781.00000
77.51800	792.00000
77.52300	779.00000
77.52800	794.00000
77.53300	820.00000
77.53800	802.00000
77.54300	820.00000
77.54800	838.00000
77.55300	853.00000
77.55800	838.00000
77.56300	800.00000
77.56800	808.00000
77.57300	789.00000
77.57800	790.00000
77.58300	798.00000
77.58800	751.00000
77.59300	750.00000
77.59800	763.00000
77.60300	774.00000
77.60800	796.00000
77.61300	800.00000
77.61800	794.00000
77.62300	800.00000
77.62800	824.00000
77.63300	878.00000
77.63800	869.00000
77.64300	830.00000
77.64800	828.00000
77.65300	827.00000
77.65800	866.00000
77.66300	878.00000
77.66800	872.00000
77.67300	842.00000
77.67800	858.00000
77.68300	869.00000
77.68800	866.00000
77.69300	895.00000
77.69800	835.00000
77.70300	820.00000
77.70800	851.00000
77.71300	887.00000
77.71800	892.00000
77.72300	844.00000
77.72800	828.00000
77.73300	901.00000
77.73800	868.00000
77.74300	840.00000
77.74800	842.00000
77.75300	889.00000
77.75800	858.00000
77.76300	785.00000
77.76800	758.00000
77.77300	764.00000
77.77800	751.00000
77.78300	735.00000
77.78800	751.00000
77.79300	732.00000
77.79800	755.00000
77.80300	774.00000
77.80800	774.00000
77.81300	794.00000
77.81800	789.00000
77.82300	774.00000
77.82800	793.00000
77.83300	865.00000
77.83800	829.00000
77.84300	786.00000
77.84800	763.00000
77.85300	769.00000
77.85800	806.00000
77.86300	812.00000
77.86800	789.00000
77.87300	773.00000
77.87800	750.00000
77.88300	721.00000
77.88800	739.00000
77.89300	785.00000
77.89800	767.00000
77.90300	721.00000
77.90800	721.00000
77.91300	738.00000
77.91800	707.00000
77.92300	750.00000
77.92800	747.00000
77.93300	798.00000
77.93800	818.00000
77.94300	833.00000
77.94800	865.00000
77.95300	872.00000
77.95800	848.00000
77.96300	852.00000
77.96800	848.00000
77.97300	850.00000
77.97800	842.00000
77.98300	828.00000
77.98800	833.00000
77.99300	821.00000
77.99800	878.00000
78.00300	904.00000
78.00800	887.00000
78.01300	892.00000
78.01800	870.00000
78.02300	875.00000
78.02800	871.00000
78.03300	920.00000
78.03800	922.00000
78.04300	948.00000
78.04800	938.00000
78.05300	929.00000
78.05800	929.00000
78.06300	913.00000
78.06800	930.00000
78.07300	1021.00000
78.07800	1037.00000
78.08300	1004.00000
78.08800	1040.00000
78.09300	975.00000
78.09800	1007.00000
78.10300	987.00000
78.10800	1002.00000
78.11300	1002.00000
78.11800	1032.00000
78.12300	1020.00000
78.12800	1065.00000
78.13300	1070.00000
78.13800	1110.00000
78.14300	1088.00000
78.14800	1134.00000
78.15300	1129.00000
78.15800	1164.00000
78.16300	1172.00000
78.16800	1180.00000
78.17300	1225.00000
78.17800	1319.00000
78.18300	1316.00000
78.18800	1283.00000
78.19300	1297.00000
78.19800	1357.00000
78.20300	1386.00000
78.20800	1372.00000
78.21300	1385.00000
78.21800	1450.00000
78.22300	1455.00000
78.22800	1494.00000
78.23300	1485.00000
78.23800	1524.00000
78.24300	1536.00000
78.24800	1529.00000
78.25300	1486.00000
78.25800	1471.00000
78.26300	1426.00000
78.26800	1415.00000
78.27300	1414.00000
78.27800	1402.00000
78.28300	1334.00000
78.28800	1298.00000
78.29300	1251.00000
78.29800	1224.00000
78.30300	1213.00000
78.30800	1180.00000
78.31300	1155.00000
78.31800	1091.00000
78.32300	1018.00000
78.32800	985.00000
78.33300	1015.00000
78.33800	1034.00000
78.34300	1039.00000
78.34800	1018.00000
78.35300	986.00000
78.35800	998.00000
78.36300	1004.00000
78.36800	998.00000
78.37300	989.00000
78.37800	929.00000
78.38300	918.00000
78.38800	956.00000
78.39300	1005.00000
78.39800	1015.00000
78.40300	971.00000
78.40800	967.00000
78.41300	982.00000
78.41800	1005.00000
78.42300	988.00000
78.42800	961.00000
78.43300	976.00000
78.43800	975.00000
78.44300	980.00000
78.44800	979.00000
78.45300	977.00000
78.45800	996.00000
78.46300	989.00000
78.46800	967.00000
78.47300	1002.00000
78.47800	1001.00000
78.48300	1001.00000
78.48800	1084.00000
78.49300	1106.00000
78.49800	1086.00000
78.50300	1097.00000
78.50800	1118.00000
78.51300	1119.00000
78.51800	1182.00000
78.52300	1186.00000
78.52800	1206.00000
78.53300	1221.00000
78.53800	1211.00000
78.54300	1214.00000
78.54800	1193.00000
78.55300	1209.00000
78.55800	1245.00000
78.56300	1262.00000
78.56800	1262.00000
78.57300	1275.00000
78.57800	1268.00000
78.58300	1269.00000
78.58800	1272.00000
78.59300	1250.00000
78.59800	1240.00000
78.60300	1219.00000
78.60800	1173.00000
78.61300	1164.00000
78.61800	1138.00000
78.62300	1100.00000
78.62800	1092.00000
78.63300	1083.00000
78.63800	1056.00000
78.64300	1054.00000
78.64800	1032.00000
78.65300	1010.00000
78.65800	995.00000
78.66300	946.00000
78.66800	913.00000
78.67300	933.00000
78.67800	940.00000
78.68300	949.00000
78.68800	937.00000
78.69300	902.00000
78.69800	874.00000
78.70300	882.00000
78.70800	909.00000
78.71300	927.00000
78.71800	925.00000
78.72300	900.00000
78.72800	882.00000
78.73300	867.00000
78.73800	856.00000
78.74300	852.00000
78.74800	858.00000
78.75300	845.00000
78.75800	806.00000
78.76300	815.00000
78.76800	832.00000
78.77300	790.00000
78.77800	772.00000
78.78300	792.00000
78.78800	791.00000
78.79300	780.00000
78.79800	767.00000
78.80300	783.00000
78.80800	814.00000
78.81300	812.00000
78.81800	799.00000
78.82300	805.00000
78.82800	839.00000
78.83300	849.00000
78.83800	815.00000
78.84300	775.00000
78.84800	757.00000
78.85300	774.00000
78.85800	797.00000
78.86300	785.00000
78.86800	773.00000
78.87300	795.00000
78.87800	820.00000
78.88300	802.00000
78.88800	791.00000
78.89300	798.00000
78.89800	792.00000
78.90300	784.00000
78.90800	778.00000
78.91300	798.00000
78.91800	801.00000
78.92300	782.00000
78.92800	775.00000
78.93300	792.00000
78.93800	787.00000
78.94300	772.00000
78.94800	765.00000
78.95300	776.00000
78.95800	805.00000
78.96300	801.00000
78.96800	795.00000
78.97300	784.00000
78.97800	772.00000
78.98300	792.00000
78.98800	809.00000
78.99300	834.00000
78.99800	844.00000
79.00300	844.00000
79.00800	840.00000
79.01300	861.00000
79.01800	839.00000
79.02300	791.00000
79.02800	805.00000
79.03300	818.00000
79.03800	839.00000
79.04300	853.00000
79.04800	843.00000
79.05300	834.00000
79.05800	820.00000
79.06300	825.00000
79.06800	812.00000
79.07300	809.00000
79.07800	761.00000
79.08300	760.00000
79.08800	836.00000
79.09300	872.00000
79.09800	848.00000
79.10300	828.00000
79.10800	826.00000
79.11300	817.00000
79.11800	810.00000
79.12300	796.00000
79.12800	796.00000
79.13300	796.00000
79.13800	823.00000
79.14300	788.00000
79.14800	765.00000
79.15300	772.00000
79.15800	834.00000
79.16300	833.00000
79.16800	856.00000
79.17300	830.00000
79.17800	780.00000
79.18300	798.00000
79.18800	826.00000
79.19300	830.00000
79.19800	865.00000
79.20300	846.00000
79.20800	853.00000
79.21300	868.00000
79.21800	864.00000
79.22300	889.00000
79.22800	895.00000
79.23300	884.00000
79.23800	887.00000
79.24300	894.00000
79.24800	890.00000
79.25300	901.00000
79.25800	913.00000
79.26300	889.00000
79.26800	905.00000
79.27300	915.00000
79.27800	885.00000
79.28300	869.00000
79.28800	891.00000
79.29300	889.00000
79.29800	901.00000
79.30300	946.00000
79.30800	952.00000
79.31300	973.00000
79.31800	1051.00000
79.32300	1120.00000
79.32800	1100.00000
79.33300	1099.00000
79.33800	1113.00000
79.34300	1123.00000
79.34800	1148.00000
79.35300	1085.00000
79.35800	1100.00000
79.36300	1128.00000
79.36800	1222.00000
79.37300	1221.00000
79.37800	1247.00000
79.38300	1244.00000
79.38800	1238.00000
79.39300	1278.00000
79.39800	1308.00000
79.40300	1329.00000
79.40800	1408.00000
79.41300	1405.00000
79.41800	1363.00000
79.42300	1331.00000
79.42800	1298.00000
79.43300	1336.00000
79.43800	1373.00000
79.44300	1350.00000
79.44800	1372.00000
79.45300	1383.00000
79.45800	1379.00000
79.46300	1336.00000
79.46800	1250.00000
79.47300	1226.00000
79.47800	1201.00000
79.48300	1226.00000
79.48800	1188.00000
79.49300	1146.00000
79.49800	1137.00000
79.50300	1076.00000
79.50800	1073.00000
79.51300	1039.00000
79.51800	1053.00000
79.52300	1036.00000
79.52800	1054.00000
79.53300	1041.00000
79.53800	1053.00000
79.54300	1047.00000
79.54800	976.00000
79.55300	994.00000
79.55800	999.00000
79.56300	1029.00000
79.56800	1005.00000
79.57300	1022.00000
79.57800	1024.00000
79.58300	1045.00000
79.58800	1080.00000
79.59300	1038.00000
79.59800	1018.00000
79.60300	989.00000
79.60800	993.00000
79.61300	998.00000
79.61800	1019.00000
79.62300	1008.00000
79.62800	1067.00000
79.63300	1063.00000
79.63800	1096.00000
79.64300	1127.00000
79.64800	1117.00000
79.65300	1088.00000
79.65800	1056.00000
79.66300	1070.00000
79.66800	1066.00000
79.67300	1104.00000
79.67800	1085.00000
79.68300	1088.00000
79.68800	1115.00000
79.69300	1167.00000
79.69800	1168.00000
79.70300	1177.00000
79.70800	1216.00000
79.71300	1239.00000
79.71800	1212.00000
79.72300	1207.00000
79.72800	1184.00000
79.73300	1213.00000
79.73800	1198.00000
79.74300	1153.00000
79.74800	1103.00000
79.75300	1118.00000
79.75800	1159.00000
79.76300	1170.00000
79.76800	1139.00000
79.77300	1104.00000
79.77800	1115.00000
79.78300	1091.00000
79.78800	1078.00000
79.79300	1040.00000
79.79800	1036.00000
79.80300	1004.00000
79.80800	1019.00000
79.81300	1026.00000
79.81800	1010.00000
79.82300	967.00000
79.82800	942.00000
79.83300	974.00000
79.83800	1003.00000
79.84300	998.00000
79.84800	965.00000
79.85300	969.00000
79.85800	979.00000
79.86300	970.00000
79.86800	977.00000
79.87300	963.00000
79.87800	969.00000
79.88300	960.00000
79.88800	964.00000
79.89300	986.00000
79.89800	1007.00000
79.90300	1030.00000
79.90800	1018.00000
79.91300	1025.00000
79.91800	1055.00000
79.92300	1065.00000
79.92800	1087.00000
79.93300	1060.00000
79.93800	1061.00000
79.94300	1088.00000
79.94800	1133.00000
79.95300	1155.00000
79.95800	1123.00000
79.96300	1120.00000
79.96800	1150.00000
79.97300	1140.00000
79.97800	1129.00000
79.98300	1136.00000
79.98800	1177.00000
79.99300	1189.00000
79.99800	1173.00000
80.00300	1164.00000
80.00800	1157.00000
80.01300	1139.00000
80.01800	1137.00000
80.02300	1127.00000
80.02800	1078.00000
80.03300	1043.00000
80.03800	1061.00000
80.04300	1086.00000
80.04800	1069.00000
80.05300	1023.00000
80.05800	1019.00000
80.06300	1019.00000
80.06800	1002.00000
80.07300	1000.00000
80.07800	981.00000
80.08300	954.00000
80.08800	930.00000
80.09300	918.00000
80.09800	922.00000
80.10300	906.00000
80.10800	878.00000
80.11300	900.00000
80.11800	947.00000
80.12300	948.00000
80.12800	904.00000
80.13300	839.00000
80.13800	814.00000
80.14300	832.00000
80.14800	827.00000
80.15300	817.00000
80.15800	820.00000
80.16300	815.00000
80.16800	824.00000
80.17300	841.00000
80.17800	823.00000
80.18300	814.00000
80.18800	808.00000
80.19300	792.00000
80.19800	781.00000
80.20300	783.00000
80.20800	782.00000
80.21300	780.00000
80.21800	795.00000
80.22300	802.00000
80.22800	793.00000
80.23300	773.00000
80.23800	787.00000
80.24300	810.00000
80.24800	820.00000
80.25300	825.00000
80.25800	827.00000
80.26300	833.00000
80.26800	844.00000
80.27300	834.00000
80.27800	822.00000
80.28300	814.00000
80.28800	848.00000
80.29300	836.00000
80.29800	801.00000
80.30300	790.00000
80.30800	811.00000
80.31300	804.00000
80.31800	792.00000
80.32300	804.00000
80.32800	804.00000
80.33300	814.00000
80.33800	783.00000
80.34300	804.00000
80.34800	812.00000
80.35300	807.00000
80.35800	812.00000
80.36300	800.00000
80.36800	792.00000
80.37300	788.00000
80.37800	773.00000
80.38300	775.00000
80.38800	810.00000
80.39300	821.00000
80.39800	844.00000
80.40300	809.00000
80.40800	800.00000
80.41300	810.00000
80.41800	854.00000
80.42300	872.00000
80.42800	856.00000
80.43300	872.00000
80.43800	860.00000
80.44300	888.00000
80.44800	879.00000
80.45300	819.00000
80.45800	806.00000
80.46300	848.00000
80.46800	855.00000
80.47300	848.00000
80.47800	851.00000
80.48300	897.00000
80.48800	898.00000
80.49300	838.00000
80.49800	817.00000
80.50300	828.00000
80.50800	873.00000
80.51300	874.00000
80.51800	836.00000
80.52300	819.00000
80.52800	839.00000
80.53300	862.00000
80.53800	900.00000
80.54300	955.00000
80.54800	927.00000
80.55300	902.00000
80.55800	870.00000
80.56300	832.00000
80.56800	875.00000
80.57300	890.00000
80.57800	881.00000
80.58300	827.00000
80.58800	785.00000
80.59300	817.00000
80.59800	839.00000
80.60300	870.00000
80.60800	908.00000
80.61300	921.00000
80.61800	893.00000
80.62300	845.00000
80.62800	862.00000
80.63300	871.00000
80.63800	855.00000
80.64300	828.00000
80.64800	827.00000
80.65300	868.00000
80.65800	857.00000
80.66300	823.00000
80.66800	824.00000
80.67300	875.00000
80.67800	891.00000
80.68300	904.00000
80.68800	875.00000
80.69300	909.00000
80.69800	922.00000
80.70300	865.00000
80.70800	905.00000
80.71300	870.00000
80.71800	873.00000
80.72300	948.00000
80.72800	959.00000
80.73300	948.00000
80.73800	958.00000
80.74300	969.00000
80.74800	926.00000
80.75300	972.00000
80.75800	1046.00000
80.76300	1019.00000
80.76800	1047.00000
80.77300	1032.00000
80.77800	1118.00000
80.78300	1137.00000
80.78800	1130.00000
80.79300	1117.00000
80.79800	1115.00000
80.80300	1141.00000
80.80800	1204.00000
80.81300	1191.00000
80.81800	1153.00000
80.82300	1183.00000
80.82800	1192.00000
80.83300	1201.00000
80.83800	1156.00000
80.84300	1116.00000
80.84800	1145.00000
80.85300	1206.00000
80.85800	1210.00000
80.86300	1175.00000
80.86800	1160.00000
80.87300	1119.00000
80.87800	1110.00000
80.88300	1136.00000
80.88800	1126.00000
80.89300	1097.00000
80.89800	1059.00000
80.90300	1044.00000
80.90800	1055.00000
80.91300	1090.00000
80.91800	1063.00000
80.92300	1018.00000
80.92800	1039.00000
80.93300	1072.00000
80.93800	1095.00000
80.94300	1137.00000
80.94800	1132.00000
80.95300	1153.00000
80.95800	1159.00000
80.96300	1123.00000
80.96800	1097.00000
80.97300	1131.00000
80.97800	1171.00000
80.98300	1208.00000
80.98800	1219.00000
80.99300	1241.00000
80.99800	1260.00000
81.00300	1244.00000
81.00800	1280.00000
81.01300	1256.00000
81.01800	1242.00000
81.02300	1291.00000
81.02800	1351.00000
81.03300	1368.00000
81.03800	1382.00000
81.04300	1396.00000
81.04800	1419.00000
81.05300	1405.00000
81.05800	1386.00000
81.06300	1334.00000
81.06800	1327.00000
81.07300	1317.00000
81.07800	1275.00000
81.08300	1258.00000
81.08800	1242.00000
81.09300	1244.00000
81.09800	1270.00000
81.10300	1280.00000
81.10800	1270.00000
81.11300	1259.00000
81.11800	1256.00000
81.12300	1267.00000
81.12800	1271.00000
81.13300	1243.00000
81.13800	1199.00000
81.14300	1187.00000
81.14800	1204.00000
81.15300	1220.00000
81.15800	1249.00000
81.16300	1265.00000
81.16800	1248.00000
81.17300	1207.00000
81.17800	1211.00000
81.18300	1253.00000
81.18800	1259.00000
81.19300	1255.00000
81.19800	1294.00000
81.20300	1356.00000
81.20800	1357.00000
81.21300	1353.00000
81.21800	1346.00000
81.22300	1340.00000
81.22800	1360.00000
81.23300	1411.00000
81.23800	1449.00000
81.24300	1506.00000
81.24800	1567.00000
81.25300	1550.00000
81.25800	1531.00000
81.26300	1589.00000
81.26800	1650.00000
81.27300	1700.00000
81.27800	1723.00000
81.28300	1748.00000
81.28800	1805.00000
81.29300	1845.00000
81.29800	1881.00000
81.30300	1920.00000
81.30800	1991.00000
81.31300	2057.00000
81.31800	2121.00000
81.32300	2200.00000
81.32800	2254.00000
81.33300	2313.00000
81.33800	2345.00000
81.34300	2437.00000
81.34800	2601.00000
81.35300	2717.00000
81.35800	2809.00000
81.36300	2874.00000
81.36800	2895.00000
81.37300	3029.00000
81.37800	3204.00000
81.38300	3267.00000
81.38800	3299.00000
81.39300	3361.00000
81.39800	3361.00000
81.40300	3333.00000
81.40800	3352.00000
81.41300	3316.00000
81.41800	3341.00000
81.42300	3332.00000
81.42800	3289.00000
81.43300	3151.00000
81.43800	3067.00000
81.44300	3088.00000
81.44800	3010.00000
81.45300	2845.00000
81.45800	2681.00000
81.46300	2658.00000
81.46800	2552.00000
81.47300	2442.00000
81.47800	2381.00000
81.48300	2248.00000
81.48800	2186.00000
81.49300	2142.00000
81.49800	2130.00000
81.50300	2064.00000
81.50800	1943.00000
81.51300	1866.00000
81.51800	1744.00000
81.52300	1674.00000
81.52800	1699.00000
81.53300	1668.00000
81.53800	1558.00000
81.54300	1510.00000
81.54800	1516.00000
81.55300	1496.00000
81.55800	1437.00000
81.56300	1444.00000
81.56800	1408.00000
81.57300	1405.00000
81.57800	1346.00000
81.58300	1338.00000
81.58800	1327.00000
81.59300	1302.00000
81.59800	1281.00000
81.60300	1250.00000
81.60800	1216.00000
81.61300	1224.00000
81.61800	1247.00000
81.62300	1177.00000
81.62800	1229.00000
81.63300	1230.00000
81.63800	1236.00000
81.64300	1164.00000
81.64800	1143.00000
81.65300	1167.00000
81.65800	1148.00000
81.66300	1180.00000
81.66800	1189.00000
81.67300	1134.00000
81.67800	1181.00000
81.68300	1195.00000
81.68800	1139.00000
81.69300	1176.00000
81.69800	1145.00000
81.70300	1084.00000
81.70800	1155.00000
81.71300	1166.00000
81.71800	1178.00000
81.72300	1153.00000
81.72800	1157.00000
81.73300	1121.00000
81.73800	1134.00000
81.74300	1210.00000
81.74800	1205.00000
81.75300	1224.00000
81.75800	1179.00000
81.76300	1195.00000
81.76800	1150.00000
81.77300	1101.00000
81.77800	1093.00000
81.78300	1090.00000
81.78800	1120.00000
81.79300	1094.00000
81.79800	1135.00000
81.80300	1179.00000
81.80800	1193.00000
81.81300	1193.00000
81.81800	1201.00000
81.82300	1172.00000
81.82800	1166.00000
81.83300	1226.00000
81.83800	1237.00000
81.84300	1247.00000
81.84800	1254.00000
81.85300	1241.00000
81.85800	1206.00000
81.86300	1152.00000
81.86800	1195.00000
81.87300	1230.00000
81.87800	1299.00000
81.88300	1261.00000
81.88800	1317.00000
81.89300	1356.00000
81.89800	1353.00000
81.90300	1365.00000
81.90800	1339.00000
81.91300	1315.00000
81.91800	1316.00000
81.92300	1399.00000
81.92800	1395.00000
81.93300	1410.00000
81.93800	1430.00000
81.94300	1413.00000
81.94800	1378.00000
81.95300	1400.00000
81.95800	1440.00000
81.96300	1436.00000
81.96800	1477.00000
81.97300	1464.00000
81.97800	1481.00000
81.98300	1552.00000
81.98800	1548.00000
81.99300	1580.00000
81.99800	1624.00000
82.00300	1653.00000
82.00800	1663.00000
82.01300	1670.00000
82.01800	1791.00000
82.02300	1877.00000
82.02800	1839.00000
82.03300	1874.00000
82.03800	1955.00000
82.04300	1965.00000
82.04800	1944.00000
82.05300	1967.00000
82.05800	2031.00000
82.06300	2127.00000
82.06800	2152.00000
82.07300	2212.00000
82.07800	2348.00000
82.08300	2488.00000
82.08800	2555.00000
82.09300	2605.00000
82.09800	2737.00000
82.10300	2871.00000
82.10800	2924.00000
82.11300	3039.00000
82.11800	3165.00000
82.12300	3239.00000
82.12800	3366.00000
82.13300	3481.00000
82.13800	3563.00000
82.14300	3723.00000
82.14800	3845.00000
82.15300	3954.00000
82.15800	4125.00000
82.16300	4328.00000
82.16800	4432.00000
82.17300	4412.00000
82.17800	4391.00000
82.18300	4488.00000
82.18800	4614.00000
82.19300	4710.00000
82.19800	4791.00000
82.20300	4781.00000
82.20800	4860.00000
82.21300	4905.00000
82.21800	4847.00000
82.22300	4811.00000
82.22800	4789.00000
82.23300	4690.00000
82.23800	4658.00000
82.24300	4637.00000
82.24800	4542.00000
82.25300	4422.00000
82.25800	4307.00000
82.26300	4183.00000
82.26800	3966.00000
82.27300	3733.00000
82.27800	3555.00000
82.28300	3462.00000
82.28800	3363.00000
82.29300	3268.00000
82.29800	3187.00000
82.30300	3033.00000
82.30800	2942.00000
82.31300	2956.00000
82.31800	2893.00000
82.32300	2782.00000
82.32800	2689.00000
82.33300	2572.00000
82.33800	2494.00000
82.34300	2450.00000
82.34800	2395.00000
82.35300	2362.00000
82.35800	2370.00000
82.36300	2306.00000
82.36800	2231.00000
82.37300	2173.00000
82.37800	2146.00000
82.38300	2192.00000
82.38800	2228.00000
82.39300	2219.00000
82.39800	2227.00000
82.40300	2262.00000
82.40800	2326.00000
82.41300	2367.00000
82.41800	2345.00000
82.42300	2335.00000
82.42800	2349.00000
82.43300	2437.00000
82.43800	2540.00000
82.44300	2637.00000
82.44800	2599.00000
82.45300	2590.00000
82.45800	2640.00000
82.46300	2672.00000
82.46800	2681.00000
82.47300	2754.00000
82.47800	2813.00000
82.48300	2870.00000
82.48800	2890.00000
82.49300	2842.00000
82.49800	2814.00000
82.50300	2820.00000
82.50800	2748.00000
82.51300	2754.00000
82.51800	2784.00000
82.52300	2737.00000
82.52800	2684.00000
82.53300	2613.00000
82.53800	2558.00000
82.54300	2486.00000
82.54800	2489.00000
82.55300	2482.00000
82.55800	2442.00000
82.56300	2358.00000
82.56800	2286.00000
82.57300	2226.00000
82.57800	2169.00000
82.58300	2062.00000
82.58800	1987.00000
82.59300	1881.00000
82.59800	1816.00000
82.60300	1740.00000
82.60800	1681.00000
82.61300	1651.00000
82.61800	1597.00000
82.62300	1611.00000
82.62800	1545.00000
82.63300	1559.00000
82.63800	1551.00000
82.64300	1483.00000
82.64800	1472.00000
82.65300	1439.00000
82.65800	1397.00000
82.66300	1366.00000
82.66800	1386.00000
82.67300	1454.00000
82.67800	1409.00000
82.68300	1377.00000
82.68800	1351.00000
82.69300	1423.00000
82.69800	1417.00000
82.70300	1404.00000
82.70800	1391.00000
82.71300	1369.00000
82.71800	1370.00000
82.72300	1323.00000
82.72800	1351.00000
82.73300	1386.00000
82.73800	1401.00000
82.74300	1452.00000
82.74800	1505.00000
82.75300	1453.00000
82.75800	1469.00000
82.76300	1516.00000
82.76800	1485.00000
82.77300	1452.00000
82.77800	1461.00000
82.78300	1518.00000
82.78800	1398.00000
82.79300	1392.00000
82.79800	1411.00000
82.80300	1441.00000
82.80800	1447.00000
82.81300	1469.00000
82.81800	1445.00000
82.82300	1401.00000
82.82800	1406.00000
82.83300	1329.00000
82.83800	1347.00000
82.84300	1342.00000
82.84800	1319.00000
82.85300	1282.00000
82.85800	1297.00000
82.86300	1206.00000
82.86800	1163.00000
82.87300	1127.00000
82.87800	1146.00000
82.88300	1169.00000
82.88800	1151.00000
82.89300	1174.00000
82.89800	1204.00000
82.90300	1169.00000
82.90800	1140.00000
82.91300	1085.00000
82.91800	1076.00000
82.92300	1117.00000
82.92800	1146.00000
82.93300	1159.00000
82.93800	1127.00000
82.94300	1080.00000
82.94800	1035.00000
82.95300	1041.00000
82.95800	1019.00000
82.96300	1074.00000
82.96800	1025.00000
82.97300	1026.00000
82.97800	1065.00000
82.98300	1079.00000
82.98800	1027.00000
82.99300	1045.00000
82.99800	1069.00000
83.00300	1071.00000
83.00800	1011.00000
83.01300	1053.00000
83.01800	1033.00000
83.02300	1032.00000
83.02800	1023.00000
83.03300	1046.00000
83.03800	1051.00000
83.04300	1022.00000
83.04800	1052.00000
83.05300	1029.00000
83.05800	1037.00000
83.06300	1015.00000
83.06800	1007.00000
83.07300	1043.00000
83.07800	1045.00000
83.08300	1054.00000
83.08800	1047.00000
83.09300	1078.00000
83.09800	1056.00000
83.10300	1019.00000
83.10800	1033.00000
83.11300	1048.00000
83.11800	1097.00000
83.12300	1076.00000
83.12800	1066.00000
83.13300	1076.00000
83.13800	1123.00000
83.14300	1169.00000
83.14800	1250.00000
83.15300	1273.00000
83.15800	1292.00000
83.16300	1321.00000
83.16800	1262.00000
83.17300	1262.00000
83.17800	1315.00000
83.18300	1411.00000
83.18800	1402.00000
83.19300	1390.00000
83.19800	1394.00000
83.20300	1392.00000
83.20800	1466.00000
83.21300	1529.00000
83.21800	1548.00000
83.22300	1587.00000
83.22800	1684.00000
83.23300	1775.00000
83.23800	1757.00000
83.24300	1759.00000
83.24800	1789.00000
83.25300	1846.00000
83.25800	1826.00000
83.26300	1820.00000
83.26800	1836.00000
83.27300	1854.00000
83.27800	1807.00000
83.28300	1781.00000
83.28800	1805.00000
83.29300	1771.00000
83.29800	1724.00000
83.30300	1667.00000
83.30800	1614.00000
83.31300	1630.00000
83.31800	1595.00000
83.32300	1551.00000
83.32800	1475.00000
83.33300	1409.00000
83.33800	1422.00000
83.34300	1388.00000
83.34800	1318.00000
83.35300	1247.00000
83.35800	1223.00000
83.36300	1223.00000
83.36800	1178.00000
83.37300	1161.00000
83.37800	1177.00000
83.38300	1105.00000
83.38800	1044.00000
83.39300	1012.00000
83.39800	1000.00000
83.40300	1030.00000
83.40800	1025.00000
83.41300	1011.00000
83.41800	1019.00000
83.42300	986.00000
83.42800	961.00000
83.43300	973.00000
83.43800	959.00000
83.44300	978.00000
83.44800	970.00000
83.45300	984.00000
83.45800	985.00000
83.46300	912.00000
83.46800	868.00000
83.47300	873.00000
83.47800	911.00000
83.48300	916.00000
83.48800	905.00000
83.49300	898.00000
83.49800	922.00000
83.50300	905.00000
83.50800	885.00000
83.51300	858.00000
83.51800	830.00000
83.52300	838.00000
83.52800	840.00000
83.53300	852.00000
83.53800	866.00000
83.54300	840.00000
83.54800	824.00000
83.55300	839.00000
83.55800	855.00000
83.56300	832.00000
83.56800	809.00000
83.57300	838.00000
83.57800	836.00000
83.58300	835.00000
83.58800	848.00000
83.59300	850.00000
83.59800	870.00000
83.60300	879.00000
83.60800	883.00000
83.61300	894.00000
83.61800	884.00000
83.62300	901.00000
83.62800	904.00000
83.63300	878.00000
83.63800	863.00000
83.64300	872.00000
83.64800	875.00000
83.65300	850.00000
83.65800	815.00000
83.66300	822.00000
83.66800	836.00000
83.67300	851.00000
83.67800	873.00000
83.68300	897.00000
83.68800	894.00000
83.69300	842.00000
83.69800	825.00000
83.70300	857.00000
83.70800	862.00000
83.71300	867.00000
83.71800	878.00000
83.72300	858.00000
83.72800	840.00000
83.73300	857.00000
83.73800	872.00000
83.74300	894.00000
83.74800	907.00000
83.75300	906.00000
83.75800	900.00000
83.76300	911.00000
83.76800	948.00000
83.77300	955.00000
83.77800	967.00000
83.78300	972.00000
83.78800	971.00000
83.79300	954.00000
83.79800	921.00000
83.80300	952.00000
83.80800	975.00000
83.81300	940.00000
83.81800	960.00000
83.82300	1000.00000
83.82800	1023.00000
83.83300	1069.00000
83.83800	1097.00000
83.84300	1070.00000
83.84800	1053.00000
83.85300	1078.00000
83.85800	1063.00000
83.86300	1043.00000
83.86800	1008.00000
83.87300	988.00000
83.87800	1036.00000
83.88300	1062.00000
83.88800	1050.00000
83.89300	1035.00000
83.89800	1036.00000
83.90300	1011.00000
83.90800	966.00000
83.91300	916.00000
83.91800	901.00000
83.92300	920.00000
83.92800	947.00000
83.93300	954.00000
83.93800	922.00000
83.94300	910.00000
83.94800	926.00000
83.95300	919.00000
83.95800	886.00000
83.96300	835.00000
83.96800	819.00000
83.97300	830.00000
83.97800	842.00000
83.98300	857.00000
83.98800	864.00000
83.99300	868.00000
83.99800	851.00000
84.00300	820.00000
84.00800	816.00000
84.01300	854.00000
84.01800	855.00000
84.02300	824.00000
84.02800	827.00000
84.03300	829.00000
84.03800	845.00000
84.04300	858.00000
84.04800	847.00000
84.05300	859.00000
84.05800	879.00000
84.06300	887.00000
84.06800	873.00000
84.07300	852.00000
84.07800	857.00000
84.08300	856.00000
84.08800	840.00000
84.09300	831.00000
84.09800	855.00000
84.10300	889.00000
84.10800	883.00000
84.11300	864.00000
84.11800	869.00000
84.12300	855.00000
84.12800	839.00000
84.13300	857.00000
84.13800	892.00000
84.14300	920.00000
84.14800	921.00000
84.15300	899.00000
84.15800	885.00000
84.16300	870.00000
84.16800	846.00000
84.17300	831.00000
84.17800	862.00000
84.18300	899.00000
84.18800	906.00000
84.19300	910.00000
84.19800	877.00000
84.20300	841.00000
84.20800	862.00000
84.21300	881.00000
84.21800	880.00000
84.22300	899.00000
84.22800	888.00000
84.23300	838.00000
84.23800	806.00000
84.24300	812.00000
84.24800	837.00000
84.25300	832.00000
84.25800	801.00000
84.26300	795.00000
84.26800	808.00000
84.27300	835.00000
84.27800	843.00000
84.28300	826.00000
84.28800	812.00000
84.29300	825.00000
84.29800	826.00000
84.30300	821.00000
84.30800	835.00000
84.31300	840.00000
84.31800	832.00000
84.32300	826.00000
84.32800	819.00000
84.33300	821.00000
84.33800	845.00000
84.34300	847.00000
84.34800	817.00000
84.35300	772.00000
84.35800	769.00000
84.36300	781.00000
84.36800	769.00000
84.37300	746.00000
84.37800	747.00000
84.38300	749.00000
84.38800	742.00000
84.39300	765.00000
84.39800	798.00000
84.40300	840.00000
84.40800	862.00000
84.41300	832.00000
84.41800	803.00000
84.42300	800.00000
84.42800	812.00000
84.43300	835.00000
84.43800	846.00000
84.44300	844.00000
84.44800	855.00000
84.45300	864.00000
84.45800	848.00000
84.46300	836.00000
84.46800	822.00000
84.47300	836.00000
84.47800	873.00000
84.48300	892.00000
84.48800	900.00000
84.49300	891.00000
84.49800	876.00000
84.50300	869.00000
84.50800	853.00000
84.51300	839.00000
84.51800	865.00000
84.52300	903.00000
84.52800	893.00000
84.53300	891.00000
84.53800	909.00000
84.54300	933.00000
84.54800	927.00000
84.55300	911.00000
84.55800	939.00000
84.56300	988.00000
84.56800	1030.00000
84.57300	1028.00000
84.57800	1029.00000
84.58300	1045.00000
84.58800	1050.00000
84.59300	1058.00000
84.59800	1094.00000
84.60300	1127.00000
84.60800	1160.00000
84.61300	1178.00000
84.61800	1175.00000
84.62300	1206.00000
84.62800	1251.00000
84.63300	1284.00000
84.63800	1307.00000
84.64300	1301.00000
84.64800	1274.00000
84.65300	1248.00000
84.65800	1196.00000
84.66300	1163.00000
84.66800	1185.00000
84.67300	1215.00000
84.67800	1222.00000
84.68300	1236.00000
84.68800	1210.00000
84.69300	1186.00000
84.69800	1167.00000
84.70300	1149.00000
84.70800	1141.00000
84.71300	1122.00000
84.71800	1115.00000
84.72300	1076.00000
84.72800	1010.00000
84.73300	977.00000
84.73800	980.00000
84.74300	987.00000
84.74800	958.00000
84.75300	950.00000
84.75800	947.00000
84.76300	955.00000
84.76800	975.00000
84.77300	946.00000
84.77800	893.00000
84.78300	873.00000
84.78800	901.00000
84.79300	912.00000
84.79800	892.00000
84.80300	857.00000
84.80800	851.00000
84.81300	886.00000
84.81800	929.00000
84.82300	940.00000
84.82800	930.00000
84.83300	902.00000
84.83800	910.00000
84.84300	935.00000
84.84800	913.00000
84.85300	885.00000
84.85800	870.00000
84.86300	883.00000
84.86800	927.00000
84.87300	923.00000
84.87800	884.00000
84.88300	875.00000
84.88800	894.00000
84.89300	940.00000
84.89800	952.00000
84.90300	941.00000
84.90800	937.00000
84.91300	914.00000
84.91800	915.00000
84.92300	933.00000
84.92800	947.00000
84.93300	969.00000
84.93800	991.00000
84.94300	969.00000
84.94800	947.00000
84.95300	981.00000
84.95800	1039.00000
84.96300	1064.00000
84.96800	1044.00000
84.97300	1011.00000
84.97800	1030.00000
84.98300	1058.00000
84.98800	1051.00000
84.99300	1035.00000
84.99800	982.00000
85.00300	975.00000
85.00800	1021.00000
85.01300	1043.00000
85.01800	1021.00000
85.02300	1008.00000
85.02800	1030.00000
85.03300	1060.00000
85.03800	1070.00000
85.04300	1029.00000
85.04800	998.00000
85.05300	1001.00000
85.05800	996.00000
85.06300	992.00000
85.06800	985.00000
85.07300	989.00000
85.07800	1008.00000
85.08300	995.00000
85.08800	1015.00000
85.09300	1044.00000
85.09800	1039.00000
85.10300	1021.00000
85.10800	1003.00000
85.11300	1007.00000
85.11800	1024.00000
85.12300	1013.00000
85.12800	1004.00000
85.13300	1032.00000
85.13800	1070.00000
85.14300	1127.00000
85.14800	1153.00000
85.15300	1145.00000
85.15800	1140.00000
85.16300	1132.00000
85.16800	1154.00000
85.17300	1198.00000
85.17800	1232.00000
85.18300	1242.00000
85.18800	1216.00000
85.19300	1202.00000
85.19800	1249.00000
85.20300	1292.00000
85.20800	1325.00000
85.21300	1363.00000
85.21800	1387.00000
85.22300	1385.00000
85.22800	1350.00000
85.23300	1308.00000
85.23800	1274.00000
85.24300	1285.00000
85.24800	1304.00000
85.25300	1302.00000
85.25800	1306.00000
85.26300	1317.00000
85.26800	1322.00000
85.27300	1337.00000
85.27800	1350.00000
85.28300	1347.00000
85.28800	1319.00000
85.29300	1283.00000
85.29800	1283.00000
85.30300	1287.00000
85.30800	1227.00000
85.31300	1172.00000
85.31800	1200.00000
85.32300	1217.00000
85.32800	1217.00000
85.33300	1234.00000
85.33800	1214.00000
85.34300	1157.00000
85.34800	1093.00000
85.35300	1077.00000
85.35800	1099.00000
85.36300	1086.00000
85.36800	1081.00000
85.37300	1104.00000
85.37800	1126.00000
85.38300	1138.00000
85.38800	1124.00000
85.39300	1109.00000
85.39800	1076.00000
85.40300	1048.00000
85.40800	1062.00000
85.41300	1078.00000
85.41800	1094.00000
85.42300	1102.00000
85.42800	1122.00000
85.43300	1154.00000
85.43800	1181.00000
85.44300	1177.00000
85.44800	1159.00000
85.45300	1168.00000
85.45800	1160.00000
85.46300	1184.00000
85.46800	1229.00000
85.47300	1255.00000
85.47800	1283.00000
85.48300	1313.00000
85.48800	1352.00000
85.49300	1388.00000
85.49800	1405.00000
85.50300	1425.00000
85.50800	1470.00000
85.51300	1496.00000
85.51800	1487.00000
85.52300	1490.00000
85.52800	1542.00000
85.53300	1555.00000
85.53800	1504.00000
85.54300	1544.00000
85.54800	1665.00000
85.55300	1737.00000
85.55800	1730.00000
85.56300	1714.00000
85.56800	1715.00000
85.57300	1702.00000
85.57800	1722.00000
85.58300	1718.00000
85.58800	1688.00000
85.59300	1700.00000
85.59800	1718.00000
85.60300	1675.00000
85.60800	1626.00000
85.61300	1598.00000
85.61800	1607.00000
85.62300	1611.00000
85.62800	1567.00000
85.63300	1525.00000
85.63800	1473.00000
85.64300	1423.00000
85.64800	1347.00000
85.65300	1295.00000
85.65800	1284.00000
85.66300	1266.00000
85.66800	1247.00000
85.67300	1195.00000
85.67800	1156.00000
85.68300	1161.00000
85.68800	1190.00000
85.69300	1159.00000
85.69800	1120.00000
85.70300	1094.00000
85.70800	1058.00000
85.71300	1047.00000
85.71800	1046.00000
85.72300	1035.00000
85.72800	1034.00000
85.73300	1020.00000
85.73800	1008.00000
85.74300	1011.00000
85.74800	1016.00000
85.75300	998.00000
85.75800	947.00000
85.76300	964.00000
85.76800	966.00000
85.77300	928.00000
85.77800	916.00000
85.78300	927.00000
85.78800	937.00000
85.79300	928.00000
85.79800	919.00000
85.80300	927.00000
85.80800	948.00000
85.81300	971.00000
85.81800	968.00000
85.82300	959.00000
85.82800	956.00000
85.83300	917.00000
85.83800	894.00000
85.84300	895.00000
85.84800	902.00000
85.85300	905.00000
85.85800	909.00000
85.86300	893.00000
85.86800	869.00000
85.87300	887.00000
85.87800	895.00000
85.88300	903.00000
85.88800	893.00000
85.89300	868.00000
85.89800	829.00000
85.90300	828.00000
85.90800	855.00000
85.91300	859.00000
85.91800	857.00000
85.92300	882.00000
85.92800	881.00000
85.93300	880.00000
85.93800	888.00000
85.94300	865.00000
85.94800	881.00000
85.95300	927.00000
85.95800	916.00000
85.96300	891.00000
85.96800	867.00000
85.97300	860.00000
85.97800	865.00000
85.98300	907.00000
85.98800	977.00000
85.99300	992.00000
85.99800	975.00000
86.00300	988.00000
86.00800	967.00000
86.01300	943.00000
86.01800	964.00000
86.02300	956.00000
86.02800	965.00000
86.03300	992.00000
86.03800	974.00000
86.04300	965.00000
86.04800	932.00000
86.05300	952.00000
86.05800	1016.00000
86.06300	1053.00000
86.06800	1046.00000
86.07300	1069.00000
86.07800	1042.00000
86.08300	1013.00000
86.08800	1006.00000
86.09300	1012.00000
86.09800	1033.00000
86.10300	1006.00000
86.10800	973.00000
86.11300	940.00000
86.11800	967.00000
86.12300	972.00000
86.12800	968.00000
86.13300	969.00000
86.13800	979.00000
86.14300	955.00000
86.14800	923.00000
86.15300	919.00000
86.15800	910.00000
86.16300	932.00000
86.16800	984.00000
86.17300	973.00000
86.17800	975.00000
86.18300	951.00000
86.18800	926.00000
86.19300	905.00000
86.19800	919.00000
86.20300	934.00000
86.20800	904.00000
86.21300	928.00000
86.21800	999.00000
86.22300	987.00000
86.22800	1002.00000
86.23300	1034.00000
86.23800	1027.00000
86.24300	1037.00000
86.24800	1069.00000
86.25300	1104.00000
86.25800	1083.00000
86.26300	1074.00000
86.26800	1094.00000
86.27300	1135.00000
86.27800	1129.00000
86.28300	1147.00000
86.28800	1159.00000
86.29300	1198.00000
86.29800	1217.00000
86.30300	1199.00000
86.30800	1216.00000
86.31300	1153.00000
86.31800	1123.00000
86.32300	1122.00000
86.32800	1146.00000
86.33300	1175.00000
86.33800	1178.00000
86.34300	1189.00000
86.34800	1218.00000
86.35300	1252.00000
86.35800	1281.00000
86.36300	1274.00000
86.36800	1241.00000
86.37300	1214.00000
86.37800	1212.00000
86.38300	1188.00000
86.38800	1183.00000
86.39300	1159.00000
86.39800	1125.00000
86.40300	1157.00000
86.40800	1172.00000
86.41300	1154.00000
86.41800	1138.00000
86.42300	1106.00000
86.42800	1095.00000
86.43300	1105.00000
86.43800	1116.00000
86.44300	1129.00000
86.44800	1108.00000
86.45300	1026.00000
86.45800	990.00000
86.46300	985.00000
86.46800	1010.00000
86.47300	1035.00000
86.47800	1011.00000
86.48300	986.00000
86.48800	975.00000
86.49300	953.00000
86.49800	956.00000
86.50300	916.00000
86.50800	912.00000
86.51300	926.00000
86.51800	920.00000
86.52300	908.00000
86.52800	920.00000
86.53300	971.00000
86.53800	962.00000
86.54300	952.00000
86.54800	970.00000
86.55300	967.00000
86.55800	964.00000
86.56300	952.00000
86.56800	946.00000
86.57300	952.00000
86.57800	979.00000
86.58300	964.00000
86.58800	964.00000
86.59300	993.00000
86.59800	1020.00000
86.60300	983.00000
86.60800	978.00000
86.61300	998.00000
86.61800	999.00000
86.62300	1023.00000
86.62800	1016.00000
86.63300	1013.00000
86.63800	996.00000
86.64300	1007.00000
86.64800	982.00000
86.65300	953.00000
86.65800	946.00000
86.66300	956.00000
86.66800	938.00000
86.67300	930.00000
86.67800	878.00000
86.68300	860.00000
86.68800	890.00000
86.69300	900.00000
86.69800	881.00000
86.70300	890.00000
86.70800	903.00000
86.71300	913.00000
86.71800	924.00000
86.72300	918.00000
86.72800	912.00000
86.73300	924.00000
86.73800	909.00000
86.74300	852.00000
86.74800	838.00000
86.75300	823.00000
86.75800	775.00000
86.76300	750.00000
86.76800	784.00000
86.77300	803.00000
86.77800	792.00000
86.78300	785.00000
86.78800	773.00000
86.79300	777.00000
86.79800	802.00000
86.80300	787.00000
86.80800	757.00000
86.81300	759.00000
86.81800	762.00000
86.82300	749.00000
86.82800	770.00000
86.83300	817.00000
86.83800	790.00000
86.84300	743.00000
86.84800	723.00000
86.85300	729.00000
86.85800	746.00000
86.86300	766.00000
86.86800	798.00000
86.87300	761.00000
86.87800	725.00000
86.88300	726.00000
86.88800	753.00000
86.89300	744.00000
86.89800	779.00000
86.90300	770.00000
86.90800	796.00000
86.91300	796.00000
86.91800	781.00000
86.92300	787.00000
86.92800	761.00000
86.93300	762.00000
86.93800	777.00000
86.94300	766.00000
86.94800	744.00000
86.95300	745.00000
86.95800	772.00000
86.96300	760.00000
86.96800	770.00000
86.97300	813.00000
86.97800	788.00000
86.98300	751.00000
86.98800	730.00000
86.99300	762.00000
86.99800	741.00000
87.00300	726.00000
87.00800	710.00000
87.01300	719.00000
87.01800	722.00000
87.02300	708.00000
87.02800	707.00000
87.03300	700.00000
87.03800	706.00000
87.04300	699.00000
87.04800	711.00000
87.05300	691.00000
87.05800	727.00000
87.06300	761.00000
87.06800	731.00000
87.07300	752.00000
87.07800	768.00000
87.08300	765.00000
87.08800	764.00000
87.09300	756.00000
87.09800	751.00000
87.10300	750.00000
87.10800	746.00000
87.11300	701.00000
87.11800	673.00000
87.12300	725.00000
87.12800	757.00000
87.13300	723.00000
87.13800	713.00000
87.14300	694.00000
87.14800	686.00000
87.15300	720.00000
87.15800	714.00000
87.16300	699.00000
87.16800	713.00000
87.17300	696.00000
87.17800	681.00000
87.18300	707.00000
87.18800	716.00000
87.19300	700.00000
87.19800	679.00000
87.20300	673.00000
87.20800	690.00000
87.21300	731.00000
87.21800	726.00000
87.22300	773.00000
87.22800	733.00000
87.23300	729.00000
87.23800	715.00000
87.24300	700.00000
87.24800	712.00000
87.25300	727.00000
87.25800	746.00000
87.26300	750.00000
87.26800	750.00000
87.27300	728.00000
87.27800	716.00000
87.28300	720.00000
87.28800	732.00000
87.29300	736.00000
87.29800	701.00000
87.30300	695.00000
87.30800	703.00000
87.31300	687.00000
87.31800	694.00000
87.32300	712.00000
87.32800	718.00000
87.33300	725.00000
87.33800	720.00000
87.34300	721.00000
87.34800	701.00000
87.35300	721.00000
87.35800	697.00000
87.36300	691.00000
87.36800	687.00000
87.37300	693.00000
87.37800	702.00000
87.38300	694.00000
87.38800	656.00000
87.39300	677.00000
87.39800	732.00000
87.40300	736.00000
87.40800	745.00000
87.41300	758.00000
87.41800	736.00000
87.42300	702.00000
87.42800	719.00000
87.43300	717.00000
87.43800	710.00000
87.44300	714.00000
87.44800	715.00000
87.45300	696.00000
87.45800	693.00000
87.46300	649.00000
87.46800	673.00000
87.47300	713.00000
87.47800	729.00000
87.48300	691.00000
87.48800	674.00000
87.49300	741.00000
87.49800	687.00000
87.50300	681.00000
87.50800	676.00000
87.51300	680.00000
87.51800	644.00000
87.52300	670.00000
87.52800	706.00000
87.53300	724.00000
87.53800	719.00000
87.54300	728.00000
87.54800	736.00000
87.55300	722.00000
87.55800	728.00000
87.56300	747.00000
87.56800	744.00000
87.57300	729.00000
87.57800	726.00000
87.58300	747.00000
87.58800	734.00000
87.59300	694.00000
87.59800	712.00000
87.60300	731.00000
87.60800	724.00000
87.61300	731.00000
87.61800	747.00000
87.62300	744.00000
87.62800	731.00000
87.63300	746.00000
87.63800	750.00000
87.64300	797.00000
87.64800	817.00000
87.65300	757.00000
87.65800	752.00000
87.66300	742.00000
87.66800	775.00000
87.67300	780.00000
87.67800	776.00000
87.68300	780.00000
87.68800	799.00000
87.69300	786.00000
87.69800	794.00000
87.70300	810.00000
87.70800	862.00000
87.71300	864.00000
87.71800	820.00000
87.72300	787.00000
87.72800	771.00000
87.73300	762.00000
87.73800	797.00000
87.74300	798.00000
87.74800	776.00000
87.75300	819.00000
87.75800	817.00000
87.76300	842.00000
87.76800	811.00000
87.77300	823.00000
87.77800	835.00000
87.78300	843.00000
87.78800	874.00000
87.79300	833.00000
87.79800	821.00000
87.80300	785.00000
87.80800	836.00000
87.81300	801.00000
87.81800	772.00000
87.82300	816.00000
87.82800	845.00000
87.83300	803.00000
87.83800	744.00000
87.84300	722.00000
87.84800	747.00000
87.85300	748.00000
87.85800	756.00000
87.86300	747.00000
87.86800	765.00000
87.87300	723.00000
87.87800	716.00000
87.88300	735.00000
87.88800	758.00000
87.89300	735.00000
87.89800	753.00000
87.90300	740.00000
87.90800	725.00000
87.91300	690.00000
87.91800	718.00000
87.92300	720.00000
87.92800	758.00000
87.93300	727.00000
87.93800	717.00000
87.94300	722.00000
87.94800	712.00000
87.95300	765.00000
87.95800	722.00000
87.96300	686.00000
87.96800	687.00000
87.97300	741.00000
87.97800	701.00000
87.98300	702.00000
87.98800	724.00000
87.99300	741.00000
87.99800	736.00000
88.00300	693.00000
88.00800	655.00000
88.01300	658.00000
88.01800	687.00000
88.02300	694.00000
88.02800	739.00000
88.03300	731.00000
88.03800	736.00000
88.04300	770.00000
88.04800	773.00000
88.05300	754.00000
88.05800	772.00000
88.06300	739.00000
88.06800	733.00000
88.07300	714.00000
88.07800	738.00000
88.08300	722.00000
88.08800	693.00000
88.09300	714.00000
88.09800	740.00000
88.10300	780.00000
88.10800	766.00000
88.11300	758.00000
88.11800	731.00000
88.12300	721.00000
88.12800	702.00000
88.13300	730.00000
88.13800	750.00000
88.14300	759.00000
88.14800	747.00000
88.15300	745.00000
88.15800	708.00000
88.16300	768.00000
88.16800	809.00000
88.17300	782.00000
88.17800	772.00000
88.18300	762.00000
88.18800	770.00000
88.19300	720.00000
88.19800	732.00000
88.20300	764.00000
88.20800	762.00000
88.21300	768.00000
88.21800	789.00000
88.22300	788.00000
88.22800	838.00000
88.23300	873.00000
88.23800	791.00000
88.24300	797.00000
88.24800	851.00000
88.25300	783.00000
88.25800	785.00000
88.26300	833.00000
88.26800	799.00000
88.27300	850.00000
88.27800	857.00000
88.28300	859.00000
88.28800	782.00000
88.29300	788.00000
88.29800	793.00000
88.30300	813.00000
88.30800	851.00000
88.31300	861.00000
88.31800	909.00000
88.32300	920.00000
88.32800	935.00000
88.33300	923.00000
88.33800	945.00000
88.34300	956.00000
88.34800	927.00000
88.35300	958.00000
88.35800	943.00000
88.36300	934.00000
88.36800	967.00000
88.37300	999.00000
88.37800	927.00000
88.38300	938.00000
88.38800	977.00000
88.39300	940.00000
88.39800	913.00000
88.40300	856.00000
88.40800	824.00000
88.41300	854.00000
88.41800	853.00000
88.42300	852.00000
88.42800	821.00000
88.43300	805.00000
88.43800	806.00000
88.44300	812.00000
88.44800	808.00000
88.45300	808.00000
88.45800	768.00000
88.46300	753.00000
88.46800	779.00000
88.47300	765.00000
88.47800	753.00000
88.48300	773.00000
88.48800	760.00000
88.49300	778.00000
88.49800	810.00000
88.50300	782.00000
88.50800	764.00000
88.51300	756.00000
88.51800	756.00000
88.52300	731.00000
88.52800	717.00000
88.53300	736.00000
88.53800	728.00000
88.54300	706.00000
88.54800	716.00000
88.55300	724.00000
88.55800	725.00000
88.56300	720.00000
88.56800	700.00000
88.57300	718.00000
88.57800	742.00000
88.58300	728.00000
88.58800	747.00000
88.59300	712.00000
88.59800	708.00000
88.60300	692.00000
88.60800	700.00000
88.61300	748.00000
88.61800	706.00000
88.62300	697.00000
88.62800	723.00000
88.63300	743.00000
88.63800	730.00000
88.64300	715.00000
88.64800	727.00000
88.65300	751.00000
88.65800	771.00000
88.66300	749.00000
88.66800	767.00000
88.67300	853.00000
88.67800	809.00000
88.68300	828.00000
88.68800	839.00000
88.69300	800.00000
88.69800	728.00000
88.70300	784.00000
88.70800	747.00000
88.71300	737.00000
88.71800	729.00000
88.72300	750.00000
88.72800	756.00000
88.73300	790.00000
88.73800	767.00000
88.74300	731.00000
88.74800	711.00000
88.75300	767.00000
88.75800	791.00000
88.76300	771.00000
88.76800	779.00000
88.77300	782.00000
88.77800	765.00000
88.78300	812.00000
88.78800	821.00000
88.79300	814.00000
88.79800	772.00000
88.80300	721.00000
88.80800	730.00000
88.81300	706.00000
88.81800	772.00000
88.82300	753.00000
88.82800	793.00000
88.83300	803.00000
88.83800	815.00000
88.84300	858.00000
88.84800	804.00000
88.85300	773.00000
88.85800	769.00000
88.86300	787.00000
88.86800	783.00000
88.87300	805.00000
88.87800	773.00000
88.88300	795.00000
88.88800	792.00000
88.89300	824.00000
88.89800	803.00000
88.90300	808.00000
88.90800	790.00000
88.91300	786.00000
88.91800	755.00000
88.92300	730.00000
88.92800	734.00000
88.93300	713.00000
88.93800	718.00000
88.94300	744.00000
88.94800	739.00000
88.95300	763.00000
88.95800	778.00000
88.96300	757.00000
88.96800	702.00000
88.97300	717.00000
88.97800	739.00000
88.98300	747.00000
88.98800	752.00000
88.99300	727.00000
88.99800	765.00000
89.00300	743.00000
89.00800	703.00000
89.01300	712.00000
89.01800	781.00000
89.02300	779.00000
89.02800	820.00000
89.03300	816.00000
89.03800	760.00000
89.04300	729.00000
89.04800	775.00000
89.05300	775.00000
89.05800	808.00000
89.06300	783.00000
89.06800	781.00000
89.07300	797.00000
89.07800	807.00000
89.08300	803.00000
89.08800	757.00000
89.09300	778.00000
89.09800	799.00000
89.10300	803.00000
89.10800	815.00000
89.11300	804.00000
89.11800	822.00000
89.12300	854.00000
89.12800	812.00000
89.13300	818.00000
89.13800	825.00000
89.14300	837.00000
89.14800	819.00000
89.15300	796.00000
89.15800	785.00000
89.16300	796.00000
89.16800	799.00000
89.17300	793.00000
89.17800	844.00000
89.18300	885.00000
89.18800	879.00000
89.19300	873.00000
89.19800	944.00000
89.20300	1004.00000
89.20800	908.00000
89.21300	907.00000
89.21800	920.00000
89.22300	918.00000
89.22800	858.00000
89.23300	852.00000
89.23800	887.00000
89.24300	947.00000
89.24800	937.00000
89.25300	899.00000
89.25800	929.00000
89.26300	937.00000
89.26800	899.00000
89.27300	883.00000
89.27800	939.00000
89.28300	1006.00000
89.28800	1009.00000
89.29300	1071.00000
89.29800	1084.00000
89.30300	1129.00000
89.30800	1117.00000
89.31300	1145.00000
89.31800	1124.00000
89.32300	1140.00000
89.32800	1174.00000
89.33300	1183.00000
89.33800	1184.00000
89.34300	1180.00000
89.34800	1185.00000
89.35300	1232.00000
89.35800	1170.00000
89.36300	1192.00000
89.36800	1256.00000
89.37300	1254.00000
89.37800	1309.00000
89.38300	1306.00000
89.38800	1320.00000
89.39300	1318.00000
89.39800	1313.00000
89.40300	1307.00000
89.40800	1302.00000
89.41300	1264.00000
89.41800	1224.00000
89.42300	1217.00000
89.42800	1181.00000
89.43300	1178.00000
89.43800	1185.00000
89.44300	1190.00000
89.44800	1109.00000
89.45300	1078.00000
89.45800	1066.00000
89.46300	1060.00000
89.46800	1049.00000
89.47300	1030.00000
89.47800	1016.00000
89.48300	1040.00000
89.48800	974.00000
89.49300	962.00000
89.49800	991.00000
89.50300	994.00000
89.50800	968.00000
89.51300	1020.00000
89.51800	971.00000
89.52300	978.00000
89.52800	966.00000
89.53300	1007.00000
89.53800	997.00000
89.54300	952.00000
89.54800	908.00000
89.55300	872.00000
89.55800	900.00000
89.56300	947.00000
89.56800	938.00000
89.57300	936.00000
89.57800	931.00000
89.58300	954.00000
89.58800	939.00000
89.59300	892.00000
89.59800	865.00000
89.60300	855.00000
89.60800	888.00000
89.61300	890.00000
89.61800	899.00000
89.62300	948.00000
89.62800	978.00000
89.63300	973.00000
89.63800	961.00000
89.64300	929.00000
89.64800	985.00000
89.65300	999.00000
89.65800	1010.00000
89.66300	1049.00000
89.66800	1046.00000
89.67300	1087.00000
89.67800	1063.00000
89.68300	1085.00000
89.68800	1111.00000
89.69300	1109.00000
89.69800	1117.00000
89.70300	1114.00000
89.70800	1145.00000
89.71300	1156.00000
89.71800	1196.00000
89.72300	1197.00000
89.72800	1166.00000
89.73300	1145.00000
89.73800	1155.00000
89.74300	1157.00000
89.74800	1161.00000
89.75300	1179.00000
89.75800	1106.00000
89.76300	1028.00000
89.76800	1015.00000
89.77300	1050.00000
89.77800	1036.00000
89.78300	1029.00000
89.78800	1001.00000
89.79300	984.00000
89.79800	988.00000
89.80300	962.00000
89.80800	916.00000
89.81300	930.00000
89.81800	926.00000
89.82300	917.00000
89.82800	941.00000
89.83300	898.00000
89.83800	866.00000
89.84300	841.00000
89.84800	853.00000
89.85300	851.00000
89.85800	842.00000
89.86300	883.00000
89.86800	883.00000
89.87300	851.00000
89.87800	859.00000
89.88300	892.00000
89.88800	887.00000
89.89300	901.00000
89.89800	836.00000
89.90300	814.00000
89.90800	836.00000
89.91300	812.00000
89.91800	840.00000
89.92300	867.00000
89.92800	837.00000
89.93300	834.00000
89.93800	822.00000
89.94300	832.00000
89.94800	817.00000
89.95300	812.00000
89.95800	833.00000
89.96300	857.00000
89.96800	850.00000
89.97300	798.00000
89.97800	784.00000
89.98300	784.00000
89.98800	821.00000
89.99300	829.00000
89.99800	808.00000
90.00300	776.00000
90.00800	801.00000
90.01300	841.00000
90.01800	878.00000
90.02300	839.00000
90.02800	807.00000
90.03300	775.00000
90.03800	783.00000
90.04300	824.00000
90.04800	914.00000
90.05300	865.00000
90.05800	838.00000
90.06300	842.00000
90.06800	835.00000
90.07300	851.00000
90.07800	866.00000
90.08300	882.00000
90.08800	861.00000
90.09300	894.00000
90.09800	891.00000
90.10300	924.00000
90.10800	946.00000
90.11300	942.00000
90.11800	948.00000
90.12300	918.00000
90.12800	932.00000
90.13300	937.00000
90.13800	960.00000
90.14300	975.00000
90.14800	1001.00000
90.15300	1003.00000
90.15800	1041.00000
90.16300	1025.00000
90.16800	1006.00000
90.17300	1056.00000
90.17800	1073.00000
90.18300	1030.00000
90.18800	1034.00000
90.19300	1067.00000
90.19800	1086.00000
90.20300	1112.00000
90.20800	1130.00000
90.21300	1081.00000
90.21800	1048.00000
90.22300	1042.00000
90.22800	1055.00000
90.23300	1073.00000
90.23800	1039.00000
90.24300	1003.00000
90.24800	985.00000
90.25300	1020.00000
90.25800	1038.00000
90.26300	967.00000
90.26800	972.00000
90.27300	972.00000
90.27800	928.00000
90.28300	912.00000
90.28800	907.00000
90.29300	965.00000
90.29800	917.00000
90.30300	900.00000
90.30800	900.00000
90.31300	877.00000
90.31800	861.00000
90.32300	877.00000
90.32800	888.00000
90.33300	893.00000
90.33800	850.00000
90.34300	908.00000
90.34800	954.00000
90.35300	920.00000
90.35800	865.00000
90.36300	856.00000
90.36800	860.00000
90.37300	853.00000
90.37800	866.00000
90.38300	842.00000
90.38800	806.00000
90.39300	850.00000
90.39800	844.00000
90.40300	858.00000
90.40800	920.00000
90.41300	929.00000
90.41800	925.00000
90.42300	905.00000
90.42800	888.00000
90.43300	846.00000
90.43800	809.00000
90.44300	829.00000
90.44800	833.00000
90.45300	805.00000
90.45800	813.00000
90.46300	860.00000
90.46800	867.00000
90.47300	862.00000
90.47800	849.00000
90.48300	888.00000
90.48800	912.00000
90.49300	899.00000
90.49800	902.00000
90.50300	931.00000
90.50800	922.00000
90.51300	893.00000
90.51800	852.00000
90.52300	860.00000
90.52800	873.00000
90.53300	845.00000
90.53800	841.00000
90.54300	868.00000
90.54800	882.00000
90.55300	870.00000
90.55800	853.00000
90.56300	884.00000
90.56800	881.00000
90.57300	857.00000
90.57800	851.00000
90.58300	853.00000
90.58800	793.00000
90.59300	795.00000
90.59800	785.00000
90.60300	766.00000
90.60800	757.00000
90.61300	726.00000
90.61800	715.00000
90.62300	756.00000
90.62800	759.00000
90.63300	763.00000
90.63800	804.00000
90.64300	792.00000
90.64800	791.00000
90.65300	767.00000
90.65800	752.00000
90.66300	725.00000
90.66800	725.00000
90.67300	773.00000
90.67800	751.00000
90.68300	733.00000
90.68800	697.00000
90.69300	709.00000
90.69800	709.00000
90.70300	752.00000
90.70800	771.00000
90.71300	763.00000
90.71800	760.00000
90.72300	725.00000
90.72800	722.00000
90.73300	753.00000
90.73800	768.00000
90.74300	795.00000
90.74800	806.00000
90.75300	757.00000
90.75800	756.00000
90.76300	746.00000
90.76800	767.00000
90.77300	780.00000
90.77800	775.00000
90.78300	782.00000
90.78800	790.00000
90.79300	772.00000
90.79800	777.00000
90.80300	778.00000
90.80800	794.00000
90.81300	838.00000
90.81800	859.00000
90.82300	801.00000
90.82800	764.00000
90.83300	761.00000
90.83800	751.00000
90.84300	715.00000
90.84800	719.00000
90.85300	716.00000
90.85800	758.00000
90.86300	802.00000
90.86800	787.00000
90.87300	759.00000
90.87800	751.00000
90.88300	739.00000
90.88800	754.00000
90.89300	752.00000
90.89800	751.00000
90.90300	791.00000
90.90800	770.00000
90.91300	760.00000
90.91800	755.00000
90.92300	739.00000
90.92800	734.00000
90.93300	730.00000
90.93800	695.00000
90.94300	669.00000
90.94800	725.00000
90.95300	742.00000
90.95800	754.00000
90.96300	760.00000
90.96800	786.00000
90.97300	751.00000
90.97800	758.00000
90.98300	753.00000
90.98800	788.00000
90.99300	850.00000
90.99800	828.00000
91.00300	810.00000
91.00800	789.00000
91.01300	807.00000
91.01800	803.00000
91.02300	807.00000
91.02800	802.00000
91.03300	784.00000
91.03800	795.00000
91.04300	801.00000
91.04800	772.00000
91.05300	822.00000
91.05800	815.00000
91.06300	831.00000
91.06800	827.00000
91.07300	797.00000
91.07800	801.00000
91.08300	837.00000
91.08800	853.00000
91.09300	836.00000
91.09800	818.00000
91.10300	865.00000
91.10800	869.00000
91.11300	826.00000
91.11800	829.00000
91.12300	807.00000
91.12800	767.00000
91.13300	765.00000
91.13800	796.00000
91.14300	801.00000
91.14800	808.00000
91.15300	872.00000
91.15800	862.00000
91.16300	829.00000
91.16800	858.00000
91.17300	837.00000
91.17800	807.00000
91.18300	787.00000
91.18800	790.00000
91.19300	819.00000
91.19800	809.00000
91.20300	835.00000
91.20800	819.00000
91.21300	833.00000
91.21800	793.00000
91.22300	793.00000
91.22800	777.00000
91.23300	788.00000
91.23800	788.00000
91.24300	800.00000
91.24800	775.00000
91.25300	760.00000
91.25800	769.00000
91.26300	791.00000
91.26800	789.00000
91.27300	793.00000
91.27800	848.00000
91.28300	849.00000
91.28800	859.00000
91.29300	852.00000
91.29800	809.00000
91.30300	817.00000
91.30800	830.00000
91.31300	798.00000
91.31800	799.00000
91.32300	794.00000
91.32800	807.00000
91.33300	857.00000
91.33800	830.00000
91.34300	851.00000
91.34800	892.00000
91.35300	877.00000
91.35800	859.00000
91.36300	844.00000
91.36800	832.00000
91.37300	848.00000
91.37800	863.00000
91.38300	846.00000
91.38800	903.00000
91.39300	927.00000
91.39800	928.00000
91.40300	896.00000
91.40800	923.00000
91.41300	936.00000
91.41800	888.00000
91.42300	904.00000
91.42800	930.00000
91.43300	914.00000
91.43800	956.00000
91.44300	1023.00000
91.44800	1026.00000
91.45300	1016.00000
91.45800	1092.00000
91.46300	1090.00000
91.46800	1056.00000
91.47300	1070.00000
91.47800	1129.00000
91.48300	1151.00000
91.48800	1169.00000
91.49300	1207.00000
91.49800	1213.00000
91.50300	1217.00000
91.50800	1248.00000
91.51300	1304.00000
91.51800	1324.00000
91.52300	1353.00000
91.52800	1405.00000
91.53300	1436.00000
91.53800	1403.00000
91.54300	1451.00000
91.54800	1518.00000
91.55300	1505.00000
91.55800	1567.00000
91.56300	1695.00000
91.56800	1753.00000
91.57300	1834.00000
91.57800	1888.00000
91.58300	1884.00000
91.58800	1910.00000
91.59300	1891.00000
91.59800	1976.00000
91.60300	2057.00000
91.60800	2027.00000
91.61300	1892.00000
91.61800	1894.00000
91.62300	1905.00000
91.62800	1869.00000
91.63300	1882.00000
91.63800	1886.00000
91.64300	1882.00000
91.64800	1827.00000
91.65300	1785.00000
91.65800	1683.00000
91.66300	1611.00000
91.66800	1558.00000
91.67300	1529.00000
91.67800	1547.00000
91.68300	1515.00000
91.68800	1478.00000
91.69300	1483.00000
91.69800	1433.00000
91.70300	1394.00000
91.70800	1367.00000
91.71300	1310.00000
91.71800	1295.00000
91.72300	1279.00000
91.72800	1237.00000
91.73300	1236.00000
91.73800	1204.00000
91.74300	1212.00000
91.74800	1202.00000
91.75300	1159.00000
91.75800	1086.00000
91.76300	1043.00000
91.76800	986.00000
91.77300	1043.00000
91.77800	1078.00000
91.78300	1063.00000
91.78800	1072.00000
91.79300	1099.00000
91.79800	1096.00000
91.80300	1089.00000
91.80800	1080.00000
91.81300	1011.00000
91.81800	999.00000
91.82300	1020.00000
91.82800	1012.00000
91.83300	1006.00000
91.83800	994.00000
91.84300	1001.00000
91.84800	987.00000
91.85300	931.00000
91.85800	962.00000
91.86300	972.00000
91.86800	984.00000
91.87300	1024.00000
91.87800	1039.00000
91.88300	948.00000
91.88800	902.00000
91.89300	886.00000
91.89800	953.00000
91.90300	956.00000
91.90800	996.00000
91.91300	972.00000
91.91800	967.00000
91.92300	1013.00000
91.92800	947.00000
91.93300	882.00000
91.93800	936.00000
91.94300	935.00000
91.94800	921.00000
91.95300	896.00000
91.95800	925.00000
91.96300	910.00000
91.96800	914.00000
91.97300	915.00000
91.97800	919.00000
91.98300	941.00000
91.98800	933.00000
91.99300	952.00000
91.99800	904.00000
92.00300	928.00000
92.00800	891.00000
92.01300	875.00000
92.01800	901.00000
92.02300	961.00000
92.02800	948.00000
92.03300	947.00000
92.03800	964.00000
92.04300	957.00000
92.04800	1001.00000
92.05300	945.00000
92.05800	916.00000
92.06300	858.00000
92.06800	940.00000
92.07300	976.00000
92.07800	981.00000
92.08300	952.00000
92.08800	935.00000
92.09300	977.00000
92.09800	969.00000
92.10300	976.00000
92.10800	1000.00000
92.11300	997.00000
92.11800	1051.00000
92.12300	1140.00000
92.12800	1132.00000
92.13300	1111.00000
92.13800	1092.00000
92.14300	1066.00000
92.14800	1101.00000
92.15300	1106.00000
92.15800	1084.00000
92.16300	1126.00000
92.16800	1148.00000
92.17300	1176.00000
92.17800	1140.00000
92.18300	1078.00000
92.18800	1076.00000
92.19300	1103.00000
92.19800	1124.00000
92.20300	1071.00000
92.20800	1101.00000
92.21300	1060.00000
92.21800	1059.00000
92.22300	1087.00000
92.22800	1070.00000
92.23300	1042.00000
92.23800	991.00000
92.24300	928.00000
92.24800	958.00000
92.25300	919.00000
92.25800	928.00000
92.26300	890.00000
92.26800	901.00000
92.27300	906.00000
92.27800	866.00000
92.28300	869.00000
92.28800	907.00000
92.29300	926.00000
92.29800	939.00000
92.30300	891.00000
92.30800	825.00000
92.31300	834.00000
92.31800	857.00000
92.32300	859.00000
92.32800	842.00000
92.33300	767.00000
92.33800	789.00000
92.34300	804.00000
92.34800	805.00000
92.35300	809.00000
92.35800	786.00000
92.36300	796.00000
92.36800	767.00000
92.37300	770.00000
92.37800	822.00000
92.38300	840.00000
92.38800	821.00000
92.39300	774.00000
92.39800	809.00000
92.40300	792.00000
92.40800	776.00000
92.41300	781.00000
92.41800	778.00000
92.42300	816.00000
92.42800	829.00000
92.43300	790.00000
92.43800	811.00000
92.44300	778.00000
92.44800	771.00000
92.45300	792.00000
92.45800	786.00000
92.46300	859.00000
92.46800	861.00000
92.47300	829.00000
92.47800	795.00000
92.48300	824.00000
92.48800	827.00000
92.49300	803.00000
92.49800	770.00000
92.50300	776.00000
92.50800	807.00000
92.51300	773.00000
92.51800	793.00000
92.52300	797.00000
92.52800	790.00000
92.53300	805.00000
92.53800	789.00000
92.54300	785.00000
92.54800	800.00000
92.55300	789.00000
92.55800	738.00000
92.56300	746.00000
92.56800	745.00000
92.57300	764.00000
92.57800	770.00000
92.58300	753.00000
92.58800	761.00000
92.59300	816.00000
92.59800	832.00000
92.60300	783.00000
92.60800	748.00000
92.61300	783.00000
92.61800	796.00000
92.62300	791.00000
92.62800	759.00000
92.63300	742.00000
92.63800	769.00000
92.64300	751.00000
92.64800	770.00000
92.65300	755.00000
92.65800	757.00000
92.66300	800.00000
92.66800	814.00000
92.67300	755.00000
92.67800	733.00000
92.68300	781.00000
92.68800	742.00000
92.69300	762.00000
92.69800	783.00000
92.70300	783.00000
92.70800	773.00000
92.71300	743.00000
92.71800	786.00000
92.72300	742.00000
92.72800	747.00000
92.73300	748.00000
92.73800	764.00000
92.74300	795.00000
92.74800	788.00000
92.75300	751.00000
92.75800	757.00000
92.76300	760.00000
92.76800	749.00000
92.77300	734.00000
92.77800	726.00000
92.78300	758.00000
92.78800	718.00000
92.79300	727.00000
92.79800	754.00000
92.80300	798.00000
92.80800	811.00000
92.81300	752.00000
92.81800	740.00000
92.82300	781.00000
92.82800	813.00000
92.83300	791.00000
92.83800	784.00000
92.84300	824.00000
92.84800	800.00000
92.85300	760.00000
92.85800	815.00000
92.86300	814.00000
92.86800	806.00000
92.87300	819.00000
92.87800	837.00000
92.88300	853.00000
92.88800	865.00000
92.89300	865.00000
92.89800	862.00000
92.90300	846.00000
92.90800	886.00000
92.91300	884.00000
92.91800	883.00000
92.92300	899.00000
92.92800	909.00000
92.93300	934.00000
92.93800	925.00000
92.94300	953.00000
92.94800	930.00000
92.95300	983.00000
92.95800	1022.00000
92.96300	1007.00000
92.96800	989.00000
92.97300	1039.00000
92.97800	1059.00000
92.98300	1111.00000
92.98800	1117.00000
92.99300	1108.00000
92.99800	1110.00000
93.00300	1089.00000
93.00800	1070.00000
93.01300	1100.00000
93.01800	1082.00000
93.02300	1105.00000
93.02800	1155.00000
93.03300	1215.00000
93.03800	1163.00000
93.04300	1120.00000
93.04800	1050.00000
93.05300	1048.00000
93.05800	1080.00000
93.06300	1003.00000
93.06800	989.00000
93.07300	980.00000
93.07800	1004.00000
93.08300	980.00000
93.08800	979.00000
93.09300	970.00000
93.09800	968.00000
93.10300	983.00000
93.10800	945.00000
93.11300	923.00000
93.11800	928.00000
93.12300	890.00000
93.12800	848.00000
93.13300	870.00000
93.13800	877.00000
93.14300	860.00000
93.14800	834.00000
93.15300	829.00000
93.15800	783.00000
93.16300	771.00000
93.16800	793.00000
93.17300	793.00000
93.17800	817.00000
93.18300	820.00000
93.18800	806.00000
93.19300	740.00000
93.19800	728.00000
93.20300	797.00000
93.20800	790.00000
93.21300	746.00000
93.21800	760.00000
93.22300	794.00000
93.22800	794.00000
93.23300	781.00000
93.23800	769.00000
93.24300	748.00000
93.24800	770.00000
93.25300	766.00000
93.25800	788.00000
93.26300	803.00000
93.26800	778.00000
93.27300	694.00000
93.27800	745.00000
93.28300	788.00000
93.28800	775.00000
93.29300	758.00000
93.29800	753.00000
93.30300	745.00000
93.30800	739.00000
93.31300	735.00000
93.31800	753.00000
93.32300	777.00000
93.32800	783.00000
93.33300	748.00000
93.33800	768.00000
93.34300	773.00000
93.34800	748.00000
93.35300	791.00000
93.35800	758.00000
93.36300	732.00000
93.36800	754.00000
93.37300	765.00000
93.37800	723.00000
93.38300	757.00000
93.38800	741.00000
93.39300	730.00000
93.39800	732.00000
93.40300	735.00000
93.40800	742.00000
93.41300	734.00000
93.41800	705.00000
93.42300	740.00000
93.42800	774.00000
93.43300	787.00000
93.43800	770.00000
93.44300	776.00000
93.44800	758.00000
93.45300	752.00000
93.45800	732.00000
93.46300	743.00000
93.46800	753.00000
93.47300	814.00000
93.47800	758.00000
93.48300	732.00000
93.48800	736.00000
93.49300	735.00000
93.49800	787.00000
93.50300	777.00000
93.50800	737.00000
93.51300	749.00000
93.51800	759.00000
93.52300	770.00000
93.52800	786.00000
93.53300	780.00000
93.53800	783.00000
93.54300	770.00000
93.54800	811.00000
93.55300	802.00000
93.55800	812.00000
93.56300	794.00000
93.56800	798.00000
93.57300	838.00000
93.57800	863.00000
93.58300	912.00000
93.58800	884.00000
93.59300	924.00000
93.59800	878.00000
93.60300	838.00000
93.60800	866.00000
93.61300	815.00000
93.61800	797.00000
93.62300	801.00000
93.62800	848.00000
93.63300	842.00000
93.63800	813.00000
93.64300	796.00000
93.64800	885.00000
93.65300	877.00000
93.65800	862.00000
93.66300	839.00000
93.66800	823.00000
93.67300	809.00000
93.67800	829.00000
93.68300	816.00000
93.68800	834.00000
93.69300	820.00000
93.69800	820.00000
93.70300	825.00000
93.70800	817.00000
93.71300	860.00000
93.71800	840.00000
93.72300	810.00000
93.72800	825.00000
93.73300	869.00000
93.73800	865.00000
93.74300	844.00000
93.74800	836.00000
93.75300	852.00000
93.75800	870.00000
93.76300	881.00000
93.76800	899.00000
93.77300	956.00000
93.77800	977.00000
93.78300	1007.00000
93.78800	998.00000
93.79300	991.00000
93.79800	998.00000
93.80300	995.00000
93.80800	977.00000
93.81300	1015.00000
93.81800	1018.00000
93.82300	1033.00000
93.82800	1038.00000
93.83300	1054.00000
93.83800	1116.00000
93.84300	1118.00000
93.84800	1123.00000
93.85300	1138.00000
93.85800	1151.00000
93.86300	1164.00000
93.86800	1231.00000
93.87300	1262.00000
93.87800	1324.00000
93.88300	1327.00000
93.88800	1326.00000
93.89300	1296.00000
93.89800	1271.00000
93.90300	1299.00000
93.90800	1335.00000
93.91300	1313.00000
93.91800	1335.00000
93.92300	1272.00000
93.92800	1350.00000
93.93300	1371.00000
93.93800	1372.00000
93.94300	1280.00000
93.94800	1284.00000
93.95300	1218.00000
93.95800	1198.00000
93.96300	1209.00000
93.96800	1160.00000
93.97300	1141.00000
93.97800	1147.00000
93.98300	1168.00000
93.98800	1139.00000
93.99300	1111.00000
93.99800	1095.00000
94.00300	1102.00000
94.00800	1058.00000
94.01300	1053.00000
94.01800	1026.00000
94.02300	973.00000
94.02800	930.00000
94.03300	909.00000
94.03800	924.00000
94.04300	950.00000
94.04800	956.00000
94.05300	879.00000
94.05800	843.00000
94.06300	905.00000
94.06800	911.00000
94.07300	912.00000
94.07800	933.00000
94.08300	944.00000
94.08800	911.00000
94.09300	933.00000
94.09800	913.00000
94.10300	909.00000
94.10800	887.00000
94.11300	847.00000
94.11800	834.00000
94.12300	839.00000
94.12800	883.00000
94.13300	868.00000
94.13800	887.00000
94.14300	898.00000
94.14800	891.00000
94.15300	896.00000
94.15800	904.00000
94.16300	851.00000
94.16800	868.00000
94.17300	862.00000
94.17800	871.00000
94.18300	857.00000
94.18800	849.00000
94.19300	870.00000
94.19800	926.00000
94.20300	905.00000
94.20800	916.00000
94.21300	957.00000
94.21800	920.00000
94.22300	894.00000
94.22800	896.00000
94.23300	880.00000
94.23800	906.00000
94.24300	928.00000
94.24800	957.00000
94.25300	989.00000
94.25800	1023.00000
94.26300	1019.00000
94.26800	1042.00000
94.27300	1030.00000
94.27800	1045.00000
94.28300	1098.00000
94.28800	1144.00000
94.29300	1159.00000
94.29800	1138.00000
94.30300	1094.00000
94.30800	1141.00000
94.31300	1154.00000
94.31800	1180.00000
94.32300	1150.00000
94.32800	1200.00000
94.33300	1163.00000
94.33800	1198.00000
94.34300	1218.00000
94.34800	1212.00000
94.35300	1282.00000
94.35800	1296.00000
94.36300	1284.00000
94.36800	1342.00000
94.37300	1378.00000
94.37800	1363.00000
94.38300	1357.00000
94.38800	1401.00000
94.39300	1360.00000
94.39800	1340.00000
94.40300	1351.00000
94.40800	1338.00000
94.41300	1313.00000
94.41800	1275.00000
94.42300	1235.00000
94.42800	1183.00000
94.43300	1219.00000
94.43800	1247.00000
94.44300	1215.00000
94.44800	1190.00000
94.45300	1134.00000
94.45800	1123.00000
94.46300	1072.00000
94.46800	1060.00000
94.47300	1071.00000
94.47800	1045.00000
94.48300	1035.00000
94.48800	997.00000
94.49300	1011.00000
94.49800	950.00000
94.50300	943.00000
94.50800	931.00000
94.51300	925.00000
94.51800	943.00000
94.52300	933.00000
94.52800	907.00000
94.53300	880.00000
94.53800	885.00000
94.54300	849.00000
94.54800	856.00000
94.55300	886.00000
94.55800	870.00000
94.56300	901.00000
94.56800	904.00000
94.57300	885.00000
94.57800	930.00000
94.58300	872.00000
94.58800	856.00000
94.59300	846.00000
94.59800	822.00000
94.60300	845.00000
94.60800	847.00000
94.61300	857.00000
94.61800	901.00000
94.62300	860.00000
94.62800	871.00000
94.63300	886.00000
94.63800	874.00000
94.64300	865.00000
94.64800	850.00000
94.65300	889.00000
94.65800	858.00000
94.66300	825.00000
94.66800	795.00000
94.67300	802.00000
94.67800	807.00000
94.68300	875.00000
94.68800	893.00000
94.69300	883.00000
94.69800	855.00000
94.70300	818.00000
94.70800	863.00000
94.71300	858.00000
94.71800	831.00000
94.72300	883.00000
94.72800	921.00000
94.73300	880.00000
94.73800	907.00000
94.74300	941.00000
94.74800	942.00000
94.75300	988.00000
94.75800	972.00000
94.76300	935.00000
94.76800	898.00000
94.77300	872.00000
94.77800	837.00000
94.78300	865.00000
94.78800	904.00000
94.79300	934.00000
94.79800	908.00000
94.80300	882.00000
94.80800	887.00000
94.81300	893.00000
94.81800	879.00000
94.82300	870.00000
94.82800	921.00000
94.83300	873.00000
94.83800	914.00000
94.84300	958.00000
94.84800	947.00000
94.85300	933.00000
94.85800	957.00000
94.86300	937.00000
94.86800	925.00000
94.87300	945.00000
94.87800	948.00000
94.88300	946.00000
94.88800	948.00000
94.89300	930.00000
94.89800	952.00000
94.90300	920.00000
94.90800	902.00000
94.91300	904.00000
94.91800	903.00000
94.92300	917.00000
94.92800	885.00000
94.93300	880.00000
94.93800	898.00000
94.94300	895.00000
94.94800	902.00000
94.95300	905.00000
94.95800	934.00000
94.96300	915.00000
94.96800	898.00000
94.97300	909.00000
94.97800	906.00000
94.98300	920.00000
94.98800	872.00000
94.99300	865.00000
94.99800	882.00000
95.00300	942.00000
95.00800	965.00000
95.01300	961.00000
95.01800	918.00000
95.02300	891.00000
95.02800	868.00000
95.03300	896.00000
95.03800	945.00000
95.04300	918.00000
95.04800	929.00000
95.05300	878.00000
95.05800	876.00000
95.06300	869.00000
95.06800	826.00000
95.07300	823.00000
95.07800	870.00000
95.08300	869.00000
95.08800	876.00000
95.09300	891.00000
95.09800	887.00000
95.10300	878.00000
95.10800	878.00000
95.11300	856.00000
95.11800	829.00000
95.12300	830.00000
95.12800	868.00000
95.13300	838.00000
95.13800	789.00000
95.14300	805.00000
95.14800	861.00000
95.15300	894.00000
95.15800	870.00000
95.16300	833.00000
95.16800	824.00000
95.17300	830.00000
95.17800	867.00000
95.18300	890.00000
95.18800	884.00000
95.19300	877.00000
95.19800	856.00000
95.20300	903.00000
95.20800	937.00000
95.21300	932.00000
95.21800	898.00000
95.22300	881.00000
95.22800	915.00000
95.23300	936.00000
95.23800	936.00000
95.24300	973.00000
95.24800	1001.00000
95.25300	1043.00000
95.25800	1070.00000
95.26300	1045.00000
95.26800	1014.00000
95.27300	1028.00000
95.27800	1066.00000
95.28300	1087.00000
95.28800	1110.00000
95.29300	1133.00000
95.29800	1075.00000
95.30300	1086.00000
95.30800	1086.00000
95.31300	1029.00000
95.31800	1002.00000
95.32300	997.00000
95.32800	931.00000
95.33300	918.00000
95.33800	933.00000
95.34300	936.00000
95.34800	923.00000
95.35300	901.00000
95.35800	907.00000
95.36300	932.00000
95.36800	931.00000
95.37300	916.00000
95.37800	904.00000
95.38300	891.00000
95.38800	889.00000
95.39300	852.00000
95.39800	835.00000
95.40300	849.00000
95.40800	834.00000
95.41300	808.00000
95.41800	796.00000
95.42300	780.00000
95.42800	748.00000
95.43300	776.00000
95.43800	770.00000
95.44300	803.00000
95.44800	774.00000
95.45300	775.00000
95.45800	784.00000
95.46300	806.00000
95.46800	795.00000
95.47300	774.00000
95.47800	786.00000
95.48300	808.00000
95.48800	793.00000
95.49300	748.00000
95.49800	734.00000
95.50300	749.00000
95.50800	780.00000
95.51300	769.00000
95.51800	768.00000
95.52300	778.00000
95.52800	751.00000
95.53300	698.00000
95.53800	701.00000
95.54300	768.00000
95.54800	774.00000
95.55300	776.00000
95.55800	745.00000
95.56300	769.00000
95.56800	769.00000
95.57300	774.00000
95.57800	757.00000
95.58300	748.00000
95.58800	724.00000
95.59300	743.00000
95.59800	753.00000
95.60300	735.00000
95.60800	685.00000
95.61300	699.00000
95.61800	706.00000
95.62300	745.00000
95.62800	772.00000
95.63300	744.00000
95.63800	757.00000
95.64300	772.00000
95.64800	757.00000
95.65300	727.00000
95.65800	715.00000
95.66300	718.00000
95.66800	686.00000
95.67300	691.00000
95.67800	706.00000
95.68300	706.00000
95.68800	719.00000
95.69300	727.00000
95.69800	740.00000
95.70300	708.00000
95.70800	680.00000
95.71300	707.00000
95.71800	708.00000
95.72300	639.00000
95.72800	615.00000
95.73300	625.00000
95.73800	635.00000
95.74300	667.00000
95.74800	714.00000
95.75300	730.00000
95.75800	718.00000
95.76300	711.00000
95.76800	727.00000
95.77300	735.00000
95.77800	754.00000
95.78300	722.00000
95.78800	707.00000
95.79300	744.00000
95.79800	724.00000
95.80300	721.00000
95.80800	710.00000
95.81300	702.00000
95.81800	697.00000
95.82300	649.00000
95.82800	613.00000
95.83300	629.00000
95.83800	705.00000
95.84300	728.00000
95.84800	710.00000
95.85300	703.00000
95.85800	704.00000
95.86300	706.00000
95.86800	714.00000
95.87300	727.00000
95.87800	733.00000
95.88300	710.00000
95.88800	660.00000
95.89300	665.00000
95.89800	666.00000
95.90300	692.00000
95.90800	670.00000
95.91300	649.00000
95.91800	635.00000
95.92300	626.00000
95.92800	643.00000
95.93300	664.00000
95.93800	678.00000
95.94300	693.00000
95.94800	692.00000
95.95300	698.00000
95.95800	709.00000
95.96300	692.00000
95.96800	742.00000
95.97300	730.00000
95.97800	719.00000
95.98300	768.00000
95.98800	767.00000
95.99300	740.00000
95.99800	729.00000
96.00300	707.00000
96.00800	711.00000
96.01300	741.00000
96.01800	758.00000
96.02300	723.00000
96.02800	732.00000
96.03300	762.00000
96.03800	808.00000
96.04300	753.00000
96.04800	713.00000
96.05300	676.00000
96.05800	701.00000
96.06300	727.00000
96.06800	782.00000
96.07300	747.00000
96.07800	751.00000
96.08300	761.00000
96.08800	757.00000
96.09300	756.00000
96.09800	744.00000
96.10300	697.00000
96.10800	686.00000
96.11300	700.00000
96.11800	715.00000
96.12300	761.00000
96.12800	821.00000
96.13300	816.00000
96.13800	803.00000
96.14300	777.00000
96.14800	790.00000
96.15300	791.00000
96.15800	763.00000
96.16300	755.00000
96.16800	780.00000
96.17300	738.00000
96.17800	705.00000
96.18300	718.00000
96.18800	724.00000
96.19300	717.00000
96.19800	751.00000
96.20300	769.00000
96.20800	759.00000
96.21300	737.00000
96.21800	724.00000
96.22300	678.00000
96.22800	672.00000
96.23300	672.00000
96.23800	709.00000
96.24300	732.00000
96.24800	761.00000
96.25300	799.00000
96.25800	785.00000
96.26300	788.00000
96.26800	791.00000
96.27300	763.00000
96.27800	764.00000
96.28300	781.00000
96.28800	790.00000
96.29300	783.00000
96.29800	763.00000
96.30300	735.00000
96.30800	727.00000
96.31300	734.00000
96.31800	725.00000
96.32300	734.00000
96.32800	750.00000
96.33300	752.00000
96.33800	731.00000
96.34300	732.00000
96.34800	763.00000
96.35300	793.00000
96.35800	779.00000
96.36300	747.00000
96.36800	749.00000
96.37300	735.00000
96.37800	748.00000
96.38300	787.00000
96.38800	779.00000
96.39300	727.00000
96.39800	749.00000
96.40300	794.00000
96.40800	785.00000
96.41300	790.00000
96.41800	796.00000
96.42300	758.00000
96.42800	737.00000
96.43300	740.00000
96.43800	726.00000
96.44300	723.00000
96.44800	742.00000
96.45300	754.00000
96.45800	742.00000
96.46300	751.00000
96.46800	749.00000
96.47300	720.00000
96.47800	742.00000
96.48300	757.00000
96.48800	745.00000
96.49300	729.00000
96.49800	713.00000
96.50300	702.00000
96.50800	690.00000
96.51300	693.00000
96.51800	706.00000
96.52300	717.00000
96.52800	731.00000
96.53300	751.00000
96.53800	745.00000
96.54300	722.00000
96.54800	693.00000
96.55300	727.00000
96.55800	742.00000
96.56300	747.00000
96.56800	742.00000
96.57300	745.00000
96.57800	712.00000
96.58300	692.00000
96.58800	704.00000
96.59300	732.00000
96.59800	741.00000
96.60300	715.00000
96.60800	745.00000
96.61300	728.00000
96.61800	755.00000
96.62300	741.00000
96.62800	713.00000
96.63300	729.00000
96.63800	715.00000
96.64300	719.00000
96.64800	720.00000
96.65300	702.00000
96.65800	759.00000
96.66300	789.00000
96.66800	714.00000
96.67300	717.00000
96.67800	688.00000
96.68300	683.00000
96.68800	714.00000
96.69300	741.00000
96.69800	741.00000
96.70300	751.00000
96.70800	728.00000
96.71300	718.00000
96.71800	711.00000
96.72300	731.00000
96.72800	744.00000
96.73300	768.00000
96.73800	738.00000
96.74300	720.00000
96.74800	737.00000
96.75300	713.00000
96.75800	697.00000
96.76300	725.00000
96.76800	757.00000
96.77300	758.00000
96.77800	773.00000
96.78300	736.00000
96.78800	727.00000
96.79300	731.00000
96.79800	730.00000
96.80300	702.00000
96.80800	707.00000
96.81300	718.00000
96.81800	726.00000
96.82300	727.00000
96.82800	738.00000
96.83300	737.00000
96.83800	702.00000
96.84300	695.00000
96.84800	714.00000
96.85300	705.00000
96.85800	705.00000
96.86300	693.00000
96.86800	664.00000
96.87300	671.00000
96.87800	706.00000
96.88300	730.00000
96.88800	719.00000
96.89300	699.00000
96.89800	691.00000
96.90300	686.00000
96.90800	699.00000
96.91300	720.00000
96.91800	702.00000
96.92300	680.00000
96.92800	688.00000
96.93300	729.00000
96.93800	709.00000
96.94300	716.00000
96.94800	737.00000
96.95300	743.00000
96.95800	754.00000
96.96300	730.00000
96.96800	736.00000
96.97300	704.00000
96.97800	718.00000
96.98300	718.00000
96.98800	766.00000
96.99300	781.00000
96.99800	792.00000
97.00300	750.00000
97.00800	759.00000
97.01300	768.00000
97.01800	746.00000
97.02300	730.00000
97.02800	695.00000
97.03300	713.00000
97.03800	707.00000
97.04300	731.00000
97.04800	726.00000
97.05300	765.00000
97.05800	794.00000
97.06300	806.00000
97.06800	786.00000
97.07300	796.00000
97.07800	782.00000
97.08300	808.00000
97.08800	811.00000
97.09300	837.00000
97.09800	870.00000
97.10300	835.00000
97.10800	788.00000
97.11300	769.00000
97.11800	801.00000
97.12300	817.00000
97.12800	835.00000
97.13300	860.00000
97.13800	858.00000
97.14300	822.00000
97.14800	833.00000
97.15300	866.00000
97.15800	867.00000
97.16300	845.00000
97.16800	853.00000
97.17300	883.00000
97.17800	870.00000
97.18300	856.00000
97.18800	852.00000
97.19300	833.00000
97.19800	840.00000
97.20300	850.00000
97.20800	847.00000
97.21300	879.00000
97.21800	907.00000
97.22300	885.00000
97.22800	886.00000
97.23300	887.00000
97.23800	864.00000
97.24300	879.00000
97.24800	874.00000
97.25300	858.00000
97.25800	855.00000
97.26300	832.00000
97.26800	825.00000
97.27300	833.00000
97.27800	835.00000
97.28300	875.00000
97.28800	878.00000
97.29300	861.00000
97.29800	813.00000
97.30300	811.00000
97.30800	819.00000
97.31300	832.00000
97.31800	843.00000
97.32300	884.00000
97.32800	864.00000
97.33300	869.00000
97.33800	814.00000
97.34300	826.00000
97.34800	831.00000
97.35300	842.00000
97.35800	818.00000
97.36300	844.00000
97.36800	840.00000
97.37300	824.00000
97.37800	901.00000
97.38300	890.00000
97.38800	898.00000
97.39300	894.00000
97.39800	871.00000
97.40300	891.00000
97.40800	925.00000
97.41300	948.00000
97.41800	921.00000
97.42300	971.00000
97.42800	980.00000
97.43300	987.00000
97.43800	1019.00000
97.44300	1024.00000
97.44800	1064.00000
97.45300	1026.00000
97.45800	1014.00000
97.46300	1002.00000
97.46800	955.00000
97.47300	943.00000
97.47800	939.00000
97.48300	934.00000
97.48800	930.00000
97.49300	984.00000
97.49800	1039.00000
97.50300	1044.00000
97.50800	1026.00000
97.51300	1048.00000
97.51800	1073.00000
97.52300	1041.00000
97.52800	1005.00000
97.53300	1015.00000
97.53800	1019.00000
97.54300	1011.00000
97.54800	1031.00000
97.55300	1054.00000
97.55800	1035.00000
97.56300	996.00000
97.56800	966.00000
97.57300	939.00000
97.57800	964.00000
97.58300	989.00000
97.58800	1004.00000
97.59300	1042.00000
97.59800	1026.00000
97.60300	969.00000
97.60800	985.00000
97.61300	1021.00000
97.61800	1019.00000
97.62300	1022.00000
97.62800	1021.00000
97.63300	1001.00000
97.63800	971.00000
97.64300	940.00000
97.64800	924.00000
97.65300	962.00000
97.65800	973.00000
97.66300	959.00000
97.66800	975.00000
97.67300	993.00000
97.67800	997.00000
97.68300	1009.00000
97.68800	996.00000
97.69300	1008.00000
97.69800	1052.00000
97.70300	1022.00000
97.70800	1011.00000
97.71300	994.00000
97.71800	978.00000
97.72300	1045.00000
97.72800	1041.00000
97.73300	1047.00000
97.73800	1018.00000
97.74300	1004.00000
97.74800	1036.00000
97.75300	1065.00000
97.75800	1097.00000
97.76300	1105.00000
97.76800	1091.00000
97.77300	1093.00000
97.77800	1095.00000
97.78300	1090.00000
97.78800	1128.00000
97.79300	1095.00000
97.79800	1049.00000
97.80300	1026.00000
97.80800	1043.00000
97.81300	1053.00000
97.81800	1064.00000
97.82300	1068.00000
97.82800	1062.00000
97.83300	1071.00000
97.83800	1095.00000
97.84300	1117.00000
97.84800	1098.00000
97.85300	1082.00000
97.85800	1069.00000
97.86300	1044.00000
97.86800	1052.00000
97.87300	1047.00000
97.87800	1012.00000
97.88300	979.00000
97.88800	990.00000
97.89300	1020.00000
97.89800	996.00000
97.90300	980.00000
97.90800	985.00000
97.91300	1009.00000
97.91800	1041.00000
97.92300	1011.00000
97.92800	995.00000
97.93300	1000.00000
97.93800	1021.00000
97.94300	1016.00000
97.94800	973.00000
97.95300	1013.00000
97.95800	1050.00000
97.96300	1044.00000
97.96800	1057.00000
97.97300	1088.00000
97.97800	1111.00000
97.98300	1098.00000
97.98800	1063.00000
97.99300	1063.00000
97.99800	1055.00000
98.00300	1107.00000
98.00800	1126.00000
98.01300	1160.00000
98.01800	1171.00000
98.02300	1207.00000
98.02800	1182.00000
98.03300	1203.00000
98.03800	1207.00000
98.04300	1264.00000
98.04800	1308.00000
98.05300	1300.00000
98.05800	1296.00000
98.06300	1320.00000
98.06800	1371.00000
98.07300	1431.00000
98.07800	1444.00000
98.08300	1345.00000
98.08800	1320.00000
98.09300	1374.00000
98.09800	1386.00000
98.10300	1411.00000
98.10800	1456.00000
98.11300	1447.00000
98.11800	1423.00000
98.12300	1390.00000
98.12800	1326.00000
98.13300	1265.00000
98.13800	1273.00000
98.14300	1286.00000
98.14800	1277.00000
98.15300	1300.00000
98.15800	1329.00000
98.16300	1318.00000
98.16800	1265.00000
98.17300	1201.00000
98.17800	1145.00000
98.18300	1135.00000
98.18800	1161.00000
98.19300	1148.00000
98.19800	1117.00000
98.20300	1086.00000
98.20800	1055.00000
98.21300	1040.00000
98.21800	1040.00000
98.22300	1033.00000
98.22800	1015.00000
98.23300	979.00000
98.23800	940.00000
98.24300	948.00000
98.24800	916.00000
98.25300	855.00000
98.25800	881.00000
98.26300	900.00000
98.26800	877.00000
98.27300	871.00000
98.27800	955.00000
98.28300	941.00000
98.28800	896.00000
98.29300	863.00000
98.29800	861.00000
98.30300	879.00000
98.30800	840.00000
98.31300	797.00000
98.31800	813.00000
98.32300	848.00000
98.32800	847.00000
98.33300	823.00000
98.33800	789.00000
98.34300	828.00000
98.34800	845.00000
98.35300	859.00000
98.35800	841.00000
98.36300	866.00000
98.36800	867.00000
98.37300	869.00000
98.37800	881.00000
98.38300	838.00000
98.38800	797.00000
98.39300	826.00000
98.39800	826.00000
98.40300	808.00000
98.40800	824.00000
98.41300	819.00000
98.41800	821.00000
98.42300	833.00000
98.42800	826.00000
98.43300	844.00000
98.43800	866.00000
98.44300	875.00000
98.44800	850.00000
98.45300	834.00000
98.45800	844.00000
98.46300	844.00000
98.46800	830.00000
98.47300	851.00000
98.47800	851.00000
98.48300	823.00000
98.48800	801.00000
98.49300	807.00000
98.49800	817.00000
98.50300	810.00000
98.50800	822.00000
98.51300	844.00000
98.51800	850.00000
98.52300	863.00000
98.52800	879.00000
98.53300	853.00000
98.53800	816.00000
98.54300	812.00000
98.54800	820.00000
98.55300	835.00000
98.55800	824.00000
98.56300	802.00000
98.56800	785.00000
98.57300	821.00000
98.57800	851.00000
98.58300	870.00000
98.58800	850.00000
98.59300	874.00000
98.59800	909.00000
98.60300	902.00000
98.60800	865.00000
98.61300	869.00000
98.61800	839.00000
98.62300	813.00000
98.62800	852.00000
98.63300	887.00000
98.63800	863.00000
98.64300	885.00000
98.64800	828.00000
98.65300	800.00000
98.65800	817.00000
98.66300	839.00000
98.66800	857.00000
98.67300	848.00000
98.67800	799.00000
98.68300	792.00000
98.68800	790.00000
98.69300	810.00000
98.69800	829.00000
98.70300	843.00000
98.70800	803.00000
98.71300	804.00000
98.71800	833.00000
98.72300	851.00000
98.72800	856.00000
98.73300	852.00000
98.73800	874.00000
98.74300	890.00000
98.74800	866.00000
98.75300	853.00000
98.75800	795.00000
98.76300	785.00000
98.76800	855.00000
98.77300	875.00000
98.77800	876.00000
98.78300	866.00000
98.78800	891.00000
98.79300	884.00000
98.79800	888.00000
98.80300	905.00000
98.80800	918.00000
98.81300	909.00000
98.81800	942.00000
98.82300	956.00000
98.82800	964.00000
98.83300	975.00000
98.83800	1014.00000
98.84300	1034.00000
98.84800	1062.00000
98.85300	1034.00000
98.85800	994.00000
98.86300	981.00000
98.86800	951.00000
98.87300	922.00000
98.87800	981.00000
98.88300	1021.00000
98.88800	1012.00000
98.89300	1016.00000
98.89800	1042.00000
98.90300	1065.00000
98.90800	1078.00000
98.91300	1092.00000
98.91800	1077.00000
98.92300	1035.00000
98.92800	1035.00000
98.93300	1034.00000
98.93800	1007.00000
98.94300	1018.00000
98.94800	1037.00000
98.95300	1061.00000
98.95800	1059.00000
98.96300	1016.00000
98.96800	994.00000
98.97300	1022.00000
98.97800	1036.00000
98.98300	1009.00000
98.98800	1019.00000
98.99300	1006.00000
98.99800	1015.00000
99.00300	1032.00000
99.00800	1067.00000
99.01300	1061.00000
99.01800	1050.00000
99.02300	1089.00000
99.02800	1094.00000
99.03300	1123.00000
99.03800	1110.00000
99.04300	1086.00000
99.04800	1049.00000
99.05300	1068.00000
99.05800	1107.00000
99.06300	1097.00000
99.06800	1101.00000
99.07300	1086.00000
99.07800	1084.00000
99.08300	1188.00000
99.08800	1180.00000
99.09300	1148.00000
99.09800	1232.00000
99.10300	1261.00000
99.10800	1271.00000
99.11300	1239.00000
99.11800	1274.00000
99.12300	1323.00000
99.12800	1319.00000
99.13300	1359.00000
99.13800	1393.00000
99.14300	1416.00000
99.14800	1384.00000
99.15300	1390.00000
99.15800	1414.00000
99.16300	1439.00000
99.16800	1471.00000
99.17300	1484.00000
99.17800	1437.00000
99.18300	1437.00000
99.18800	1472.00000
99.19300	1499.00000
99.19800	1422.00000
99.20300	1423.00000
99.20800	1355.00000
99.21300	1305.00000
99.21800	1320.00000
99.22300	1288.00000
99.22800	1286.00000
99.23300	1267.00000
99.23800	1288.00000
99.24300	1267.00000
99.24800	1212.00000
99.25300	1218.00000
99.25800	1220.00000
99.26300	1200.00000
99.26800	1157.00000
99.27300	1154.00000
99.27800	1117.00000
99.28300	1054.00000
99.28800	1053.00000
99.29300	1009.00000
99.29800	1009.00000
99.30300	1042.00000
99.30800	1046.00000
99.31300	978.00000
99.31800	937.00000
99.32300	992.00000
99.32800	1045.00000
99.33300	1054.00000
99.33800	1063.00000
99.34300	1058.00000
99.34800	1003.00000
99.35300	952.00000
99.35800	891.00000
99.36300	873.00000
99.36800	909.00000
99.37300	910.00000
99.37800	871.00000
99.38300	868.00000
99.38800	915.00000
99.39300	921.00000
99.39800	875.00000
99.40300	828.00000
99.40800	827.00000
99.41300	878.00000
99.41800	911.00000
99.42300	924.00000
99.42800	938.00000
99.43300	911.00000
99.43800	882.00000
99.44300	889.00000
99.44800	859.00000
99.45300	846.00000
99.45800	857.00000
99.46300	848.00000
99.46800	872.00000
99.47300	887.00000
99.47800	859.00000
99.48300	846.00000
99.48800	853.00000
99.49300	895.00000
99.49800	926.00000
99.50300	917.00000
99.50800	919.00000
99.51300	893.00000
99.51800	841.00000
99.52300	825.00000
99.52800	873.00000
99.53300	906.00000
99.53800	906.00000
99.54300	896.00000
99.54800	881.00000
99.55300	848.00000
99.55800	831.00000
99.56300	808.00000
99.56800	792.00000
99.57300	784.00000
99.57800	777.00000
99.58300	806.00000
99.58800	825.00000
99.59300	831.00000
99.59800	830.00000
99.60300	803.00000
99.60800	779.00000
99.61300	780.00000
99.61800	809.00000
99.62300	803.00000
99.62800	776.00000
99.63300	756.00000
99.63800	758.00000
99.64300	763.00000
99.64800	768.00000
99.65300	776.00000
99.65800	768.00000
99.66300	752.00000
99.66800	727.00000
99.67300	726.00000
99.67800	758.00000
99.68300	784.00000
99.68800	774.00000
99.69300	758.00000
99.69800	751.00000
99.70300	740.00000
99.70800	762.00000
99.71300	778.00000
99.71800	739.00000
99.72300	713.00000
99.72800	721.00000
99.73300	740.00000
99.73800	745.00000
99.74300	759.00000
99.74800	742.00000
99.75300	715.00000
99.75800	713.00000
99.76300	724.00000
99.76800	726.00000
99.77300	721.00000
99.77800	742.00000
99.78300	743.00000
99.78800	722.00000
99.79300	731.00000
99.79800	745.00000
99.80300	763.00000
99.80800	760.00000
99.81300	752.00000
99.81800	780.00000
99.82300	813.00000
99.82800	796.00000
99.83300	764.00000
99.83800	732.00000
99.84300	739.00000
99.84800	783.00000
99.85300	773.00000
99.85800	749.00000
99.86300	760.00000
99.86800	754.00000
99.87300	736.00000
99.87800	730.00000
99.88300	712.00000
99.88800	727.00000
99.89300	739.00000
99.89800	718.00000
99.90300	714.00000
99.90800	729.00000
99.91300	715.00000
99.91800	705.00000
99.92300	714.00000
99.92800	720.00000
99.93300	771.00000
99.93800	805.00000
99.94300	809.00000
99.94800	803.00000
99.95300	774.00000
99.95800	772.00000
99.96300	797.00000
99.96800	813.00000
99.97300	826.00000
99.97800	829.00000
99.98300	794.00000
99.98800	770.00000
99.99300	789.00000
99.99800	811.00000
100.00300	780.00000
100.00800	732.00000
100.01300	735.00000
100.01800	752.00000
100.02300	767.00000
100.02800	762.00000
100.03300	739.00000
100.03800	709.00000
100.04300	704.00000
100.04800	748.00000
100.05300	767.00000
100.05800	784.00000
100.06300	785.00000
100.06800	754.00000
100.07300	728.00000
100.07800	722.00000
100.08300	704.00000
100.08800	699.00000
100.09300	707.00000
100.09800	711.00000
100.10300	726.00000
100.10800	731.00000
100.11300	731.00000
100.11800	717.00000
100.12300	701.00000
100.12800	695.00000
100.13300	685.00000
100.13800	684.00000
100.14300	703.00000
100.14800	721.00000
100.15300	730.00000
100.15800	727.00000
100.16300	702.00000
100.16800	681.00000
100.17300	703.00000
100.17800	726.00000
100.18300	747.00000
100.18800	739.00000
100.19300	724.00000
100.19800	735.00000
100.20300	740.00000
100.20800	720.00000
100.21300	725.00000
100.21800	726.00000
100.22300	722.00000
100.22800	725.00000
100.23300	751.00000
100.23800	783.00000
100.24300	752.00000
100.24800	744.00000
100.25300	763.00000
100.25800	770.00000
100.26300	781.00000
100.26800	757.00000
100.27300	741.00000
100.27800	781.00000
100.28300	806.00000
100.28800	799.00000
100.29300	783.00000
100.29800	772.00000
100.30300	785.00000
100.30800	800.00000
100.31300	790.00000
100.31800	776.00000
100.32300	766.00000
100.32800	793.00000
100.33300	819.00000
100.33800	808.00000
100.34300	801.00000
100.34800	797.00000
100.35300	784.00000
100.35800	790.00000
100.36300	790.00000
